<?xml version='1.0' encoding='UTF-8'?>
<kml xmlns="http://www.opengis.net/kml/2.2" xmlns:gx="http://www.google.com/kml/ext/2.2">
  <Document xmlns:ns0="http://www.opengis.net/kml/2.2">
    <name>2050 Borders</name>
    <visibility>0</visibility>
    <gx:CascadingStyle ns0:id="__managed_style_0000000000000001">
      <Style>
        <IconStyle>
          <Icon>
            <href>https://earth.google.com/earth/document/icon?color=1976d2&amp;id=2000&amp;scale=4</href>
          </Icon>
          <hotSpot x="64" y="128" xunits="pixels" yunits="insetPixels"/>
        </IconStyle>
        <LabelStyle/>
        <LineStyle>
          <color>ffb08155</color>
          <width>0.75</width>
        </LineStyle>
        <PolyStyle>
          <color>80b08155</color>
        </PolyStyle>
        <BalloonStyle>
          <displayMode>hide</displayMode>
        </BalloonStyle>
      </Style>
    </gx:CascadingStyle>
    <gx:CascadingStyle ns0:id="__managed_style_0000000000000002">
      <Style>
        <IconStyle>
          <Icon>
            <href>https://earth.google.com/earth/document/icon?color=1976d2&amp;id=2000&amp;scale=4</href>
          </Icon>
          <hotSpot x="64" y="128" xunits="pixels" yunits="insetPixels"/>
        </IconStyle>
        <LabelStyle/>
        <LineStyle>
          <color>ffb08155</color>
          <width>1.25</width>
        </LineStyle>
        <PolyStyle>
          <color>80b08155</color>
        </PolyStyle>
        <BalloonStyle>
          <displayMode>hide</displayMode>
        </BalloonStyle>
      </Style>
    </gx:CascadingStyle>
    <gx:CascadingStyle ns0:id="__managed_style_0000000000000004">
      <Style>
        <IconStyle>
          <Icon>
            <href>https://earth.google.com/earth/document/icon?color=1976d2&amp;id=2000&amp;scale=4</href>
          </Icon>
          <hotSpot x="64" y="128" xunits="pixels" yunits="insetPixels"/>
        </IconStyle>
        <LabelStyle/>
        <LineStyle>
          <color>ff55d455</color>
          <width>0.75</width>
        </LineStyle>
        <PolyStyle>
          <color>8055d455</color>
        </PolyStyle>
        <BalloonStyle>
          <displayMode>hide</displayMode>
        </BalloonStyle>
      </Style>
    </gx:CascadingStyle>
    <gx:CascadingStyle ns0:id="__managed_style_0000000000000005">
      <Style>
        <IconStyle>
          <Icon>
            <href>https://earth.google.com/earth/document/icon?color=1976d2&amp;id=2000&amp;scale=4</href>
          </Icon>
          <hotSpot x="64" y="128" xunits="pixels" yunits="insetPixels"/>
        </IconStyle>
        <LabelStyle/>
        <LineStyle>
          <color>ff55d455</color>
          <width>1.25</width>
        </LineStyle>
        <PolyStyle>
          <color>8055d455</color>
        </PolyStyle>
        <BalloonStyle>
          <displayMode>hide</displayMode>
        </BalloonStyle>
      </Style>
    </gx:CascadingStyle>
    <gx:CascadingStyle ns0:id="__managed_style_0000000000000007">
      <Style>
        <IconStyle>
          <Icon>
            <href>https://earth.google.com/earth/document/icon?color=1976d2&amp;id=2000&amp;scale=4</href>
          </Icon>
          <hotSpot x="64" y="128" xunits="pixels" yunits="insetPixels"/>
        </IconStyle>
        <LabelStyle/>
        <LineStyle>
          <color>ffb05555</color>
          <width>0.75</width>
        </LineStyle>
        <PolyStyle>
          <color>80b05555</color>
        </PolyStyle>
        <BalloonStyle>
          <displayMode>hide</displayMode>
        </BalloonStyle>
      </Style>
    </gx:CascadingStyle>
    <gx:CascadingStyle ns0:id="__managed_style_0000000000000008">
      <Style>
        <IconStyle>
          <Icon>
            <href>https://earth.google.com/earth/document/icon?color=1976d2&amp;id=2000&amp;scale=4</href>
          </Icon>
          <hotSpot x="64" y="128" xunits="pixels" yunits="insetPixels"/>
        </IconStyle>
        <LabelStyle/>
        <LineStyle>
          <color>ffb05555</color>
          <width>1.25</width>
        </LineStyle>
        <PolyStyle>
          <color>80b05555</color>
        </PolyStyle>
        <BalloonStyle>
          <displayMode>hide</displayMode>
        </BalloonStyle>
      </Style>
    </gx:CascadingStyle>
    <gx:CascadingStyle ns0:id="__managed_style_000000000000000A">
      <Style>
        <IconStyle>
          <Icon>
            <href>https://earth.google.com/earth/document/icon?color=1976d2&amp;id=2000&amp;scale=4</href>
          </Icon>
          <hotSpot x="64" y="128" xunits="pixels" yunits="insetPixels"/>
        </IconStyle>
        <LabelStyle/>
        <LineStyle>
          <color>ffb0b055</color>
          <width>0.6</width>
        </LineStyle>
        <PolyStyle>
          <color>60b0b055</color>
        </PolyStyle>
        <BalloonStyle>
          <displayMode>hide</displayMode>
        </BalloonStyle>
      </Style>
    </gx:CascadingStyle>
    <gx:CascadingStyle ns0:id="__managed_style_000000000000000B">
      <Style>
        <IconStyle>
          <Icon>
            <href>https://earth.google.com/earth/document/icon?color=1976d2&amp;id=2000&amp;scale=4</href>
          </Icon>
          <hotSpot x="64" y="128" xunits="pixels" yunits="insetPixels"/>
        </IconStyle>
        <LabelStyle/>
        <LineStyle>
          <color>ffb0b055</color>
          <width>1.1</width>
        </LineStyle>
        <PolyStyle>
          <color>60b0b055</color>
        </PolyStyle>
        <BalloonStyle>
          <displayMode>hide</displayMode>
        </BalloonStyle>
      </Style>
    </gx:CascadingStyle>
    <gx:CascadingStyle ns0:id="__managed_style_000000000000000D">
      <Style>
        <IconStyle>
          <Icon>
            <href>https://earth.google.com/earth/document/icon?color=1976d2&amp;id=2000&amp;scale=4</href>
          </Icon>
          <hotSpot x="64" y="128" xunits="pixels" yunits="insetPixels"/>
        </IconStyle>
        <LabelStyle/>
        <LineStyle>
          <color>ffff5555</color>
          <width>0.8</width>
        </LineStyle>
        <PolyStyle>
          <color>40ff5555</color>
        </PolyStyle>
        <BalloonStyle>
          <displayMode>hide</displayMode>
        </BalloonStyle>
      </Style>
    </gx:CascadingStyle>
    <gx:CascadingStyle ns0:id="__managed_style_000000000000000E">
      <Style>
        <IconStyle>
          <Icon>
            <href>https://earth.google.com/earth/document/icon?color=1976d2&amp;id=2000&amp;scale=4</href>
          </Icon>
          <hotSpot x="64" y="128" xunits="pixels" yunits="insetPixels"/>
        </IconStyle>
        <LabelStyle/>
        <LineStyle>
          <color>ffff5555</color>
          <width>1.3</width>
        </LineStyle>
        <PolyStyle>
          <color>40ff5555</color>
        </PolyStyle>
        <BalloonStyle>
          <displayMode>hide</displayMode>
        </BalloonStyle>
      </Style>
    </gx:CascadingStyle>
    <StyleMap ns0:id="__managed_style_0000000000000003">
      <Pair>
        <key>normal</key>
        <styleUrl>#__managed_style_0000000000000001</styleUrl>
      </Pair>
      <Pair>
        <key>highlight</key>
        <styleUrl>#__managed_style_0000000000000002</styleUrl>
      </Pair>
    </StyleMap>
    <StyleMap ns0:id="__managed_style_0000000000000006">
      <Pair>
        <key>normal</key>
        <styleUrl>#__managed_style_0000000000000004</styleUrl>
      </Pair>
      <Pair>
        <key>highlight</key>
        <styleUrl>#__managed_style_0000000000000005</styleUrl>
      </Pair>
    </StyleMap>
    <StyleMap ns0:id="__managed_style_0000000000000009">
      <Pair>
        <key>normal</key>
        <styleUrl>#__managed_style_0000000000000007</styleUrl>
      </Pair>
      <Pair>
        <key>highlight</key>
        <styleUrl>#__managed_style_0000000000000008</styleUrl>
      </Pair>
    </StyleMap>
    <StyleMap ns0:id="__managed_style_000000000000000C">
      <Pair>
        <key>normal</key>
        <styleUrl>#__managed_style_000000000000000A</styleUrl>
      </Pair>
      <Pair>
        <key>highlight</key>
        <styleUrl>#__managed_style_000000000000000B</styleUrl>
      </Pair>
    </StyleMap>
    <StyleMap ns0:id="__managed_style_000000000000000F">
      <Pair>
        <key>normal</key>
        <styleUrl>#__managed_style_000000000000000D</styleUrl>
      </Pair>
      <Pair>
        <key>highlight</key>
        <styleUrl>#__managed_style_000000000000000E</styleUrl>
      </Pair>
    </StyleMap>
    <Folder>
      <name>North America</name>
      <Folder>
        <name>Former United States</name>
        <Folder>
          <name>Revolutionary States</name>
          <Folder>
            <name>Pacific People's Republic</name>
            <Placemark>
              <name>Pacific People's Republic</name>
              <styleUrl>#__managed_style_0000000000000003</styleUrl>
              <description>See: 2050-snapshot/domains/borders-geopolitics.md#pacific-peoples-republic</description>
              <Polygon>
                <altitudeMode>clampToGround</altitudeMode>
                <outerBoundaryIs>
                  <LinearRing>
                    <coordinates>-123.053504,38.299385,0 -123.085572,38.390525,0 -123.166428,38.474947,0 -123.331899,38.565542,0 -123.441774,38.699744,0 -123.710540,38.913230,0 -123.732892,38.954994,0 -123.690740,39.021293,0 -123.825331,39.360814,0 -123.766475,39.552803,0 -123.851714,39.832041,0 -124.068908,40.021307,0 -124.087086,40.078442,0 -124.363414,40.260974,0 -124.353124,40.331425,0 -124.409591,40.438076,0 -124.118147,40.989263,0 -124.163988,41.138675,0 -124.122677,41.189726,0 -124.063076,41.439579,0 -124.143479,41.709284,0 -124.245027,41.792300,0 -124.211605,41.998460,0 -124.314289,42.067864,0 -124.410982,42.250547,0 -124.435105,42.440163,0 -124.399065,42.539928,0 -124.413119,42.657934,0 -124.510017,42.734746,0 -124.552441,42.840568,0 -124.436198,43.071312,0 -124.382460,43.270167,0 -124.400404,43.302121,0 -124.286896,43.436296,0 -124.233534,43.557130,0 -124.150267,43.910850,0 -124.065008,44.632504,0 -124.074066,44.798107,0 -123.975425,45.145476,0 -123.976544,45.489733,0 -123.939005,45.661923,0 -123.993703,45.946431,0 -123.937471,45.977306,0 -123.929330,46.041978,0 -123.959190,46.141675,0 -124.041128,46.197672,0 -123.998052,46.235327,0 -123.912405,46.179450,0 -123.757589,46.213001,0 -123.718149,46.188989,0 -123.547659,46.259109,0 -123.669501,46.266832,0 -123.700764,46.305278,0 -123.875525,46.239787,0 -123.969427,46.291398,0 -124.080671,46.267239,0 -124.069583,46.630651,0 -123.960642,46.636364,0 -123.923269,46.672708,0 -124.080983,46.735003,0 -124.138225,46.905534,0 -124.180111,46.926357,0 -124.188544,47.157859,0 -124.236349,47.287287,0 -124.319379,47.355559,0 -124.412106,47.691199,0 -124.672427,47.964414,0 -124.721725,48.153185,0 -124.669265,48.296353,0 -124.725839,48.386012,0 -124.653243,48.390691,0 -124.050734,48.177747,0 -123.314578,48.113725,0 -123.239129,48.118217,0 -123.144783,48.175943,0 -123.004128,48.090516,0 -122.760448,48.143240,0 -122.698465,48.103102,0 -122.701294,47.972979,0 -122.651063,47.920985,0 -122.546824,47.967215,0 -122.542924,47.996404,0 -122.607342,48.030992,0 -122.598301,48.110616,0 -122.633167,48.163281,0 -122.711508,48.193573,0 -122.752563,48.260061,0 -122.665338,48.416453,0 -122.689121,48.476849,0 -122.642597,48.588339,0 -122.732506,48.838097,0 -122.821631,48.941369,0 -122.758020,49.002357,0 -117.032351,48.999188,0 -117.035545,46.410012,0 -117.062748,46.353624,0 -116.997260,46.303151,0 -116.962966,46.199680,0 -116.923958,46.170920,0 -116.981962,46.084915,0 -116.859795,45.907264,0 -116.787520,45.840204,0 -116.593004,45.778541,0 -116.463504,45.615785,0 -116.674648,45.314342,0 -116.754643,45.113972,0 -116.841314,45.030907,0 -116.858313,44.978761,0 -116.833632,44.928976,0 -116.865338,44.870599,0 -116.931800,44.787181,0 -117.062273,44.727143,0 -117.142930,44.557236,0 -117.225932,44.479389,0 -117.215072,44.427162,0 -117.243027,44.390974,0 -117.192203,44.328630,0 -117.216974,44.288357,0 -116.971958,44.235677,0 -116.965498,44.194126,0 -116.895931,44.154295,0 -116.977351,44.085364,0 -116.937342,44.029376,0 -117.023577,43.823811,0 -117.026197,41.999890,0 -119.999168,41.994540,0 -120.001014,38.999574,0 -117.680610,37.353399,0 -115.846114,35.963553,0 -115.845803,36.122048,0 -115.895753,36.172227,0 -115.896925,36.842085,0 -114.050161,36.843142,0 -114.046838,36.194069,0 -114.151725,36.024563,0 -114.270645,36.035720,0 -114.372106,36.143114,0 -114.627855,36.141012,0 -114.736165,36.104367,0 -114.743342,36.070535,0 -114.731159,35.943916,0 -114.669687,35.865084,0 -114.703710,35.814585,0 -114.689407,35.651412,0 -114.653406,35.610789,0 -114.664500,35.449497,0 -114.627137,35.409504,0 -114.572747,35.138725,0 -114.619905,35.121632,0 -114.634382,34.872890,0 -114.465246,34.691202,0 -114.378223,34.516521,0 -114.378852,34.450376,0 -114.335372,34.450038,0 -114.140930,34.305919,0 -114.139055,34.259538,0 -114.229715,34.186928,0 -114.428026,34.092787,0 -114.454807,34.010968,0 -114.534987,33.928499,0 -114.508708,33.900640,0 -114.496565,33.719155,0 -114.524599,33.552231,0 -114.635183,33.422726,0 -114.725282,33.405048,0 -114.723259,33.288079,0 -114.674491,33.255597,0 -114.706175,33.105335,0 -114.670803,33.037984,0 -114.511343,33.023455,0 -114.468971,32.845155,0 -114.570675,32.747417,0 -114.719633,32.718763,0 -117.124862,32.534156,0 -117.168866,32.671952,0 -117.246069,32.669352,0 -117.282170,32.839547,0 -117.254470,32.900146,0 -117.362572,33.168437,0 -117.645582,33.440728,0 -117.715349,33.460556,0 -118.115077,33.743803,0 -118.059040,33.846195,0 -117.976575,33.906406,0 -117.976498,33.946050,0 -117.783252,33.946261,0 -117.802445,33.968308,0 -117.767657,34.023508,0 -117.729416,34.025479,0 -117.646374,34.289170,0 -117.667459,34.822528,0 -118.894634,34.817972,0 -118.632494,34.240391,0 -118.693834,34.168557,0 -118.788889,34.168214,0 -118.944480,34.046739,0 -119.227743,34.161728,0 -119.270144,34.252903,0 -119.477947,34.378838,0 -119.440414,34.441842,0 -119.443691,34.901171,0 -119.535757,34.897576,0 -120.082084,35.114678,0 -120.167616,35.075297,0 -120.188383,35.030378,0 -120.334548,35.006315,0 -120.301827,34.905571,0 -120.435473,34.986759,0 -120.650305,34.975166,0 -120.635787,35.123805,0 -120.896790,35.247877,0 -120.862133,35.360763,0 -120.884757,35.430196,0 -121.003359,35.460710,0 -121.166712,35.635399,0 -121.272322,35.666711,0 -121.332449,35.783106,0 -121.462264,35.885618,0 -121.486200,35.970348,0 -121.574602,36.025156,0 -121.680145,36.165818,0 -121.888491,36.302810,0 -121.970427,36.582754,0 -121.923866,36.634559,0 -121.860604,36.611136,0 -121.814462,36.682858,0 -121.791544,36.815186,0 -121.862266,36.931552,0 -121.906468,36.968950,0 -122.105976,36.955951,0 -122.397065,37.187249,0 -122.409258,37.374805,0 -122.445987,37.461541,0 -122.516689,37.521340,0 -122.511983,37.771130,0 -122.398139,37.805630,0 -122.356784,37.729505,0 -122.393190,37.707531,0 -122.360219,37.592501,0 -122.168449,37.504143,0 -122.111998,37.528851,0 -122.163049,37.667933,0 -122.333711,37.809797,0 -122.303931,37.830087,0 -122.334530,37.908791,0 -122.378709,37.905191,0 -122.425258,37.955672,0 -122.262861,38.051473,0 -122.301804,38.105142,0 -122.393588,38.143449,0 -122.491283,38.108087,0 -122.499465,38.032165,0 -122.452995,37.996167,0 -122.488665,37.966714,0 -122.486375,37.921881,0 -122.418470,37.852721,0 -122.537285,37.830328,0 -122.678474,37.906604,0 -122.702640,37.893820,0 -122.856573,38.016717,0 -122.939711,38.031908,0 -122.974390,37.992429,0 -123.011533,38.003438,0 -122.953629,38.175670,0 -123.004122,38.297012,0 -123.053504,38.299385,0</coordinates>
                  </LinearRing>
                </outerBoundaryIs>
              </Polygon>
              <Polygon>
                <altitudeMode>clampToGround</altitudeMode>
                <outerBoundaryIs>
                  <LinearRing>
                    <coordinates>-122.799010,48.604683,0 -122.771206,48.562426,0 -122.779124,48.508911,0 -122.817912,48.483888,0 -122.803521,48.428748,0 -122.874135,48.418196,0 -123.141478,48.505291,0 -123.237148,48.683466,0 -123.070427,48.699971,0 -122.937925,48.790315,0 -122.818436,48.744629,0 -122.743049,48.661991,0 -122.799010,48.604683,0</coordinates>
                  </LinearRing>
                </outerBoundaryIs>
              </Polygon>
              <Polygon>
                <altitudeMode>clampToGround</altitudeMode>
                <outerBoundaryIs>
                  <LinearRing>
                    <coordinates>-119.487720,33.996515,0 -119.721206,33.959583,0 -119.873358,33.980375,0 -119.916216,34.058351,0 -119.470737,34.053997,0 -119.487720,33.996515,0</coordinates>
                  </LinearRing>
                </outerBoundaryIs>
              </Polygon>
              <Polygon>
                <altitudeMode>clampToGround</altitudeMode>
                <outerBoundaryIs>
                  <LinearRing>
                    <coordinates>-118.465368,33.326056,0 -118.593969,33.467198,0 -118.484785,33.487483,0 -118.286261,33.351463,0 -118.325244,33.299075,0 -118.465368,33.326056,0</coordinates>
                  </LinearRing>
                </outerBoundaryIs>
              </Polygon>
            </Placemark>
          </Folder>
          <Folder>
            <name>Northeast Corridor</name>
            <Placemark>
              <name>Northeast Corridor</name>
              <styleUrl>#__managed_style_0000000000000003</styleUrl>
              <description>See: 2050-snapshot/domains/borders-geopolitics.md#northeast-corridor</description>
              <Polygon>
                <altitudeMode>clampToGround</altitudeMode>
                <outerBoundaryIs>
                  <LinearRing>
                    <coordinates>-77.531328,38.556550,0 -77.715715,38.832136,0 -77.655169,38.942656,0 -77.962203,39.013733,0 -77.862825,39.080979,0 -77.719519,39.321314,0 -77.829814,39.587288,0 -78.006734,39.601337,0 -78.082260,39.671166,0 -78.382959,39.622246,0 -78.460951,39.525987,0 -78.707098,39.555857,0 -78.771140,39.638387,0 -78.956751,39.440264,0 -79.091329,39.472407,0 -79.283723,39.309640,0 -79.486873,39.205961,0 -79.476662,39.721078,0 -79.392458,39.721439,0 -79.409959,39.734978,0 -79.356757,39.781477,0 -79.417558,39.853776,0 -79.293884,40.040446,0 -79.183619,40.110686,0 -78.998171,40.356169,0 -78.801726,40.724618,0 -78.348668,40.723443,0 -78.373423,40.757553,0 -78.166507,40.961482,0 -78.078105,40.956447,0 -78.057149,41.037533,0 -78.111482,41.115226,0 -78.038171,41.153603,0 -78.093381,41.216931,0 -78.236817,41.230475,0 -78.253959,41.404721,0 -78.420028,41.405046,0 -78.412163,41.617301,0 -78.203640,41.617599,0 -78.050442,41.475462,0 -77.989194,41.474822,0 -77.598129,41.478576,0 -77.599278,41.542271,0 -76.960481,41.551517,0 -76.874714,41.596919,0 -76.220073,41.541278,0 -76.197998,41.647823,0 -75.462411,41.641587,0 -75.440658,41.258125,0 -75.505607,41.232539,0 -75.129721,41.252101,0 -75.156507,41.150341,0 -74.992386,41.093028,0 -74.905256,41.155668,0 -74.815703,41.296151,0 -74.694914,41.357423,0 -74.734893,41.425818,0 -74.982463,41.496467,0 -75.043879,41.575094,0 -75.074412,41.802191,0 -75.263005,41.885109,0 -75.341125,41.992772,0 -78.918898,41.999103,0 -78.958957,41.437061,0 -79.063520,41.453207,0 -79.106444,41.326247,0 -79.208878,41.331861,0 -79.215235,40.776016,0 -79.450176,40.530149,0 -79.494610,40.524880,0 -79.668345,40.680049,0 -79.692930,40.669744,0 -79.773361,40.582087,0 -79.765090,40.549238,0 -79.701624,40.525449,0 -79.704783,40.426324,0 -79.771082,40.375419,0 -79.806854,40.233935,0 -79.782588,40.227626,0 -79.871425,40.197391,0 -79.957940,40.214259,0 -79.914461,40.252443,0 -80.184603,40.333139,0 -80.360801,40.477591,0 -80.145110,40.613447,0 -80.166472,41.000928,0 -79.999779,41.171861,0 -79.999779,41.490049,0 -79.829111,41.622070,0 -79.613147,41.623863,0 -79.610836,41.998520,0 -79.761313,41.998808,0 -79.761951,42.269860,0 -79.138569,42.564462,0 -79.048860,42.689158,0 -78.851355,42.791758,0 -78.912458,42.886557,0 -78.909159,42.933257,0 -79.019964,42.994756,0 -79.005450,43.057231,0 -79.074467,43.077855,0 -79.044567,43.153255,0 -79.070469,43.262454,0 -78.547395,43.369541,0 -78.145195,43.375510,0 -77.760231,43.341161,0 -77.551022,43.235763,0 -77.341092,43.280661,0 -76.952174,43.270692,0 -76.684856,43.352691,0 -76.630774,43.413356,0 -76.417581,43.521285,0 -76.235834,43.529256,0 -76.196596,43.649761,0 -76.229268,43.804135,0 -76.296758,43.857079,0 -76.441848,43.882864,0 -76.412138,43.925676,0 -76.279314,43.972462,0 -76.307674,44.025277,0 -76.375560,44.031536,0 -76.334584,44.164945,0 -76.164265,44.239603,0 -76.161833,44.280777,0 -75.949540,44.349129,0 -75.423943,44.756329,0 -74.992756,44.977449,0 -74.834669,45.014683,0 -74.744640,44.990577,0 -71.501088,45.013377,0 -71.498399,45.069629,0 -71.405636,45.198139,0 -71.438546,45.239004,0 -71.283684,45.301977,0 -71.139430,45.242958,0 -71.012757,45.344760,0 -70.949365,45.331536,0 -70.892822,45.239172,0 -70.844430,45.234513,0 -70.808613,45.311606,0 -70.825612,45.400305,0 -70.781471,45.431159,0 -70.634661,45.383608,0 -70.635498,45.427817,0 -70.723396,45.510394,0 -70.688214,45.563981,0 -70.552793,45.667836,0 -70.383552,45.734869,0 -70.415684,45.786158,0 -70.259117,45.890755,0 -70.265410,45.962692,0 -70.312970,45.961856,0 -70.317629,46.019080,0 -70.239566,46.142762,0 -70.290896,46.185838,0 -70.207415,46.331316,0 -70.053748,46.429236,0 -69.997086,46.695230,0 -69.219996,47.457159,0 -69.039301,47.422170,0 -69.040200,47.245100,0 -68.900985,47.178519,0 -68.604819,47.249418,0 -68.588725,47.281721,0 -68.375615,47.292268,0 -68.361559,47.355605,0 -68.269710,47.353733,0 -67.952269,47.196142,0 -67.889155,47.118772,0 -67.789761,47.065744,0 -67.779984,45.938163,0 -67.750422,45.917898,0 -67.803678,45.869379,0 -67.763955,45.829983,0 -67.803626,45.781624,0 -67.781892,45.731189,0 -67.803313,45.677886,0 -67.710464,45.679372,0 -67.675417,45.630959,0 -67.534919,45.595428,0 -67.455406,45.604665,0 -67.417417,45.501985,0 -67.476855,45.497240,0 -67.484328,45.451955,0 -67.427243,45.373690,0 -67.480256,45.268185,0 -67.339869,45.125594,0 -67.271076,45.191081,0 -67.161247,45.162879,0 -67.033474,44.939923,0 -66.983558,44.903277,0 -66.992960,44.849181,0 -66.949895,44.817419,0 -67.293403,44.599265,0 -67.368269,44.624672,0 -67.448513,44.600322,0 -67.521168,44.509910,0 -67.503208,44.476918,0 -67.579726,44.429131,0 -67.653123,44.525823,0 -67.793589,44.494779,0 -67.899571,44.394078,0 -68.013990,44.390255,0 -68.049334,44.330730,0 -68.125624,44.387127,0 -68.189155,44.373833,0 -68.173608,44.328397,0 -68.229490,44.266918,0 -68.174330,44.225908,0 -68.306519,44.234829,0 -68.331032,44.107580,0 -68.502942,44.099722,0 -68.584101,44.071589,0 -68.617085,44.010097,0 -68.657031,44.003823,0 -68.669383,44.076359,0 -68.874139,44.025359,0 -68.935327,44.130380,0 -68.888597,44.159550,0 -68.951890,44.218719,0 -69.121622,44.255644,0 -69.268882,44.364653,0 -69.346616,44.308337,0 -69.409635,44.327998,0 -69.406020,44.210674,0 -69.337672,44.209370,0 -69.282268,44.052584,0 -69.363996,44.012873,0 -69.380490,43.943640,0 -69.503290,43.837673,0 -69.717074,43.792403,0 -69.833471,43.701281,0 -69.862155,43.758962,0 -69.915593,43.775112,0 -70.001273,43.710388,0 -70.071304,43.713772,0 -70.096039,43.672276,0 -70.168227,43.675136,0 -70.217087,43.596717,0 -70.206123,43.557627,0 -70.361214,43.529190,0 -70.385615,43.487031,0 -70.327303,43.458521,0 -70.416311,43.361059,0 -70.553854,43.321886,0 -70.596185,43.163466,0 -70.703818,43.059825,0 -70.817296,42.872290,0 -70.772267,42.711064,0 -70.729820,42.669602,0 -70.602506,42.677702,0 -70.594014,42.635030,0 -70.654727,42.582234,0 -70.848492,42.550195,0 -70.835991,42.490496,0 -70.913192,42.427697,0 -70.982994,42.423996,0 -70.993060,42.312892,0 -71.130771,42.227926,0 -71.246146,42.321013,0 -71.329750,42.312991,0 -71.308460,42.270709,0 -71.344170,42.200703,0 -71.478119,42.156782,0 -71.501551,42.115891,0 -71.498224,42.015874,0 -71.381401,42.018798,0 -71.381431,41.985084,0 -71.353265,41.989540,0 -70.924877,42.157580,0 -70.914091,42.288800,0 -70.948497,42.282355,0 -70.881242,42.300663,0 -70.730560,42.210940,0 -70.638480,42.081579,0 -70.678798,42.005510,0 -70.662476,41.960592,0 -70.546386,41.916751,0 -70.541030,41.815754,0 -70.441718,41.752898,0 -70.272289,41.721346,0 -70.003842,41.808520,0 -70.006111,41.852396,0 -70.069010,41.884924,0 -70.083775,42.012041,0 -70.190834,42.020028,0 -70.245385,42.063733,0 -70.138942,42.092907,0 -70.049382,42.064689,0 -69.994136,41.999258,0 -69.935952,41.809422,0 -69.931129,41.622659,0 -69.964982,41.551110,0 -70.011229,41.543931,0 -70.007011,41.671579,0 -70.321588,41.630508,0 -70.669058,41.512930,0 -70.726089,41.543237,0 -70.695392,41.602546,0 -70.765463,41.641575,0 -70.821910,41.582841,0 -70.910165,41.577073,0 -70.981708,41.510070,0 -71.085663,41.509292,0 -71.193020,41.457931,0 -71.285639,41.487805,0 -71.351096,41.450802,0 -71.417213,41.456031,0 -71.380542,41.650326,0 -71.484427,41.602591,0 -71.789359,41.596852,0 -71.797683,41.416709,0 -71.839649,41.412119,0 -71.860513,41.320248,0 -72.201422,41.315697,0 -72.547235,41.250499,0 -72.935646,41.258497,0 -73.108352,41.153718,0 -73.202656,41.158096,0 -73.262358,41.117496,0 -73.372296,41.104020,0 -73.354231,41.085639,0 -73.387227,41.058247,0 -73.657336,40.985171,0 -73.766276,40.881099,0 -73.654372,40.878199,0 -73.497351,40.923182,0 -73.462530,40.867295,0 -73.424115,40.613212,0 -73.774928,40.590759,0 -73.940591,40.542896,0 -74.057316,40.597546,0 -74.112585,40.547603,0 -74.260611,40.502436,0 -74.261889,40.464706,0 -74.206188,40.440707,0 -74.047884,40.418908,0 -73.997943,40.476668,0 -73.976982,40.408508,0 -74.101443,39.756173,0 -74.366990,39.402017,0 -74.646595,39.212002,0 -74.705876,39.102937,0 -74.864458,38.940410,0 -74.967274,38.933413,0 -74.885914,39.143627,0 -74.905181,39.174945,0 -75.048487,39.215222,0 -75.136667,39.181883,0 -75.244357,39.285700,0 -75.536431,39.460559,0 -75.528088,39.498114,0 -75.593068,39.479186,0 -75.408376,39.264698,0 -75.396277,39.057884,0 -75.340890,39.019960,0 -75.304078,38.913160,0 -75.159022,38.790193,0 -75.089473,38.797198,0 -75.048939,38.451263,0 -75.242266,38.027209,0 -75.624341,37.994211,0 -75.669711,37.950796,0 -75.783815,37.972594,0 -75.892686,37.916848,0 -75.863810,38.100968,0 -75.937089,38.124209,0 -75.942375,38.187066,0 -75.864104,38.200858,0 -75.888513,38.241423,0 -76.038935,38.254932,0 -76.005904,38.077170,0 -76.048692,38.086728,0 -76.095548,38.125123,0 -76.088639,38.192649,0 -76.257667,38.324855,0 -76.250000,38.362304,0 -76.336360,38.492235,0 -76.277461,38.541851,0 -76.279589,38.609520,0 -76.165435,38.610200,0 -76.175159,38.673236,0 -76.238725,38.712845,0 -76.347998,38.686234,0 -76.340543,38.730338,0 -76.390350,38.757004,0 -76.271575,38.851771,0 -76.219328,38.812371,0 -76.191090,38.829660,0 -76.203638,38.928382,0 -76.317947,38.911312,0 -76.334019,38.860238,0 -76.376202,38.850461,0 -76.361727,38.939175,0 -76.301847,39.039651,0 -76.231765,39.018518,0 -76.233457,39.091385,0 -76.278527,39.145764,0 -76.159673,39.335909,0 -76.006880,39.414527,0 -76.012312,39.453115,0 -76.146373,39.405310,0 -76.425281,39.205708,0 -76.525785,39.177908,0 -76.428681,39.131709,0 -76.394080,39.011311,0 -76.471281,38.956512,0 -76.450280,38.941113,0 -76.516944,38.851157,0 -76.489878,38.838715,0 -76.558743,38.756352,0 -76.526655,38.724430,0 -76.492699,38.482849,0 -76.393378,38.389477,0 -76.392668,38.239663,0 -76.320136,38.138339,0 -76.322093,38.036503,0 -76.430425,38.119383,0 -76.540380,38.152991,0 -76.590637,38.214212,0 -76.864292,38.268945,0 -76.975492,38.347327,0 -77.016371,38.445572,0 -77.211188,38.380662,0 -77.259962,38.435821,0 -77.246584,38.538341,0 -77.130200,38.635017,0 -77.246704,38.635217,0 -77.322622,38.467131,0 -77.317288,38.383576,0 -77.284346,38.351637,0 -77.330094,38.334010,0 -77.326692,38.245136,0 -77.370297,38.246576,0 -77.642518,37.990688,0 -77.838536,38.105919,0 -77.947054,38.120035,0 -77.703043,38.360894,0 -77.618727,38.367835,0 -77.634117,38.466373,0 -77.531328,38.556550,0</coordinates>
                  </LinearRing>
                </outerBoundaryIs>
              </Polygon>
              <Polygon>
                <altitudeMode>clampToGround</altitudeMode>
                <outerBoundaryIs>
                  <LinearRing>
                    <coordinates>-71.545410,41.242730,0 -71.519210,41.149624,0 -71.631472,41.166678,0 -71.593342,41.237428,0 -71.545410,41.242730,0</coordinates>
                  </LinearRing>
                </outerBoundaryIs>
              </Polygon>
              <Polygon>
                <altitudeMode>clampToGround</altitudeMode>
                <outerBoundaryIs>
                  <LinearRing>
                    <coordinates>-72.018926,41.274114,0 -71.926802,41.290122,0 -71.917281,41.251333,0 -72.034754,41.234818,0 -72.018926,41.274114,0</coordinates>
                  </LinearRing>
                </outerBoundaryIs>
              </Polygon>
              <Polygon>
                <altitudeMode>clampToGround</altitudeMode>
                <outerBoundaryIs>
                  <LinearRing>
                    <coordinates>-70.211479,41.248765,0 -70.275526,41.310464,0 -70.079133,41.319504,0 -70.049053,41.391702,0 -69.984869,41.358818,0 -69.960181,41.264546,0 -70.015225,41.237964,0 -70.211479,41.248765,0</coordinates>
                  </LinearRing>
                </outerBoundaryIs>
              </Polygon>
              <Polygon>
                <altitudeMode>clampToGround</altitudeMode>
                <outerBoundaryIs>
                  <LinearRing>
                    <coordinates>-70.448262,41.353651,0 -70.693635,41.342833,0 -70.821284,41.251014,0 -70.833802,41.353386,0 -70.757797,41.365702,0 -70.603555,41.482384,0 -70.463833,41.419145,0 -70.448262,41.353651,0</coordinates>
                  </LinearRing>
                </outerBoundaryIs>
              </Polygon>
            </Placemark>
          </Folder>
          <Folder>
            <name>Great Lakes People's Republic</name>
            <Placemark>
              <name>Great Lakes People's Republic</name>
              <styleUrl>#__managed_style_0000000000000003</styleUrl>
              <description>See: 2050-snapshot/domains/borders-geopolitics.md#great-lakes-peoples-republic</description>
              <Polygon>
                <altitudeMode>clampToGround</altitudeMode>
                <outerBoundaryIs>
                  <LinearRing>
                    <coordinates>-91.217706,43.500550,0 -96.453260,43.500390,0 -96.457781,45.307610,0 -96.521787,45.375645,0 -96.710786,45.436930,0 -96.851621,45.619412,0 -96.587093,45.816445,0 -96.554507,46.083978,0 -96.601040,46.319554,0 -96.709095,46.435294,0 -96.790523,46.636880,0 -96.763973,46.912507,0 -96.833504,47.010110,0 -96.854073,47.572010,0 -97.146745,48.168556,0 -97.149122,48.532305,0 -97.100009,48.667926,0 -97.229039,49.000687,0 -95.153711,48.998903,0 -95.153314,49.384358,0 -95.058404,49.353170,0 -94.952111,49.368679,0 -94.816222,49.320987,0 -94.683069,48.883929,0 -94.694312,48.789352,0 -94.508862,48.700362,0 -94.281797,48.705255,0 -94.250191,48.656323,0 -93.844008,48.629395,0 -93.805270,48.570299,0 -93.815178,48.526508,0 -93.467504,48.545664,0 -93.464308,48.591792,0 -93.347528,48.626620,0 -92.954876,48.631493,0 -92.728046,48.539290,0 -92.634931,48.542873,0 -92.657101,48.466915,0 -92.456325,48.414204,0 -92.469948,48.351836,0 -92.369174,48.220268,0 -92.314665,48.240527,0 -92.262280,48.354933,0 -92.055228,48.359213,0 -92.000133,48.321355,0 -91.980772,48.247801,0 -91.714931,48.199130,0 -91.692366,48.119330,0 -91.559272,48.108268,0 -91.542512,48.053268,0 -91.250112,48.084087,0 -90.843624,48.243576,0 -90.775962,48.122229,0 -90.703702,48.096009,0 -90.566113,48.122620,0 -90.136191,48.112136,0 -90.029626,48.087588,0 -89.973433,48.020350,0 -89.868153,47.989898,0 -89.749314,48.023325,0 -89.489226,48.014528,0 -89.974296,47.830514,0 -90.421390,47.735150,0 -90.735927,47.624343,0 -91.023124,47.464964,0 -91.456965,47.139156,0 -92.062088,46.804038,0 -92.015290,46.706469,0 -91.820027,46.690176,0 -91.360804,46.798136,0 -91.211647,46.866824,0 -91.167601,46.844760,0 -90.984617,46.925602,0 -90.989375,46.982274,0 -90.924128,47.001888,0 -90.806280,46.938738,0 -90.745305,46.894254,0 -90.880841,46.739957,0 -90.852704,46.699582,0 -90.955650,46.592503,0 -90.925229,46.587488,0 -90.925174,45.981055,0 -90.302063,45.981349,0 -90.303072,46.154849,0 -90.426274,46.154050,0 -90.425978,46.240450,0 -90.552227,46.240851,0 -90.548579,46.586236,0 -90.437596,46.561492,0 -90.045420,46.668272,0 -89.831956,46.804053,0 -89.720277,46.830413,0 -89.415154,46.843983,0 -89.227914,46.912954,0 -89.142595,46.984859,0 -88.959409,47.008496,0 -88.889140,47.100575,0 -88.584912,47.242361,0 -88.418673,47.371188,0 -88.085252,47.468961,0 -87.801184,47.473301,0 -87.591498,47.424113,0 -87.604704,47.388625,0 -87.941613,47.390073,0 -87.943360,47.335899,0 -88.194218,47.209242,0 -88.239895,47.139436,0 -88.340052,47.080494,0 -88.477935,46.850560,0 -88.143688,46.966665,0 -88.065192,46.918563,0 -87.776930,46.876726,0 -87.595307,46.782950,0 -87.503025,46.647497,0 -87.381649,46.580059,0 -87.366767,46.507303,0 -86.976958,46.526581,0 -86.903742,46.466138,0 -86.810967,46.449663,0 -86.695645,46.555026,0 -86.557731,46.487434,0 -86.138295,46.672935,0 -85.482096,46.680432,0 -85.256860,46.753380,0 -84.964652,46.772845,0 -85.028291,46.675125,0 -85.027374,46.553756,0 -84.969464,46.476290,0 -84.849767,46.460245,0 -84.678423,46.487694,0 -84.493401,46.440313,0 -84.420274,46.501077,0 -84.293016,46.492803,0 -84.193729,46.539920,0 -84.117925,46.517619,0 -84.138906,46.372221,0 -84.097766,46.256512,0 -84.114941,46.174114,0 -83.882303,46.042065,0 -83.815826,46.108529,0 -83.598612,46.090085,0 -83.480639,45.996164,0 -83.526347,45.918636,0 -84.239332,45.984914,0 -84.238884,46.071457,0 -84.363090,46.071574,0 -84.363503,46.157984,0 -85.112513,46.158263,0 -85.113329,46.245722,0 -85.865025,46.244631,0 -85.865840,45.947571,0 -85.913769,45.919439,0 -86.072067,45.965313,0 -86.278007,45.942057,0 -86.349134,45.834160,0 -86.541430,45.708110,0 -86.616972,45.620581,0 -86.636895,45.542053,0 -86.712328,45.610939,0 -86.705184,45.690901,0 -86.647319,45.732618,0 -86.773279,45.811385,0 -86.838746,45.722307,0 -86.964275,45.672761,0 -87.070442,45.718779,0 -87.172241,45.661788,0 -87.548964,45.191591,0 -87.630298,44.976865,0 -87.812989,44.954013,0 -87.843433,44.924355,0 -87.838359,44.873987,0 -87.983494,44.720196,0 -87.998716,44.609288,0 -88.041202,44.572581,0 -87.943801,44.529693,0 -87.737571,44.677012,0 -87.375492,44.675512,0 -87.446963,44.586274,0 -87.545382,44.321385,0 -87.507419,44.210803,0 -87.655183,44.081894,0 -87.736017,43.873721,0 -87.706204,43.679542,0 -87.790135,43.563054,0 -87.793239,43.492783,0 -87.889207,43.307652,0 -87.900485,43.125910,0 -87.870184,43.064412,0 -87.895784,43.015814,0 -87.842681,42.944116,0 -87.834879,42.856717,0 -87.766675,42.784896,0 -87.814674,42.644020,0 -87.803370,42.420621,0 -87.834769,42.301522,0 -87.800066,42.208024,0 -87.682359,42.075729,0 -87.609450,41.845233,0 -87.524044,41.708335,0 -87.470742,41.672835,0 -87.415816,41.688183,0 -87.365439,41.629536,0 -87.261536,41.620336,0 -87.027888,41.674661,0 -86.693267,41.835403,0 -86.597899,41.918291,0 -86.284448,42.394563,0 -86.208309,42.762789,0 -86.226305,42.988284,0 -86.540787,43.644593,0 -86.445123,43.771564,0 -86.431198,43.840720,0 -86.514702,44.058119,0 -86.429871,44.119782,0 -86.268710,44.345324,0 -86.220697,44.566742,0 -86.248474,44.699046,0 -86.089186,44.741496,0 -86.058862,44.911012,0 -85.980219,44.906136,0 -85.931600,44.968788,0 -85.854304,44.938147,0 -85.780439,44.977932,0 -85.633124,45.170899,0 -85.551072,45.210742,0 -85.531461,45.177247,0 -85.566130,45.043633,0 -85.520034,44.973996,0 -85.380659,45.046319,0 -85.371593,45.270834,0 -85.196704,45.360641,0 -84.959119,45.375973,0 -84.912956,45.409776,0 -85.040936,45.436701,0 -85.109252,45.521626,0 -85.119737,45.569026,0 -85.061488,45.639505,0 -84.970950,45.686334,0 -85.014509,45.760329,0 -84.866976,45.752066,0 -84.772765,45.789301,0 -84.461680,45.652404,0 -84.329537,45.664380,0 -84.196043,45.621456,0 -84.095905,45.497298,0 -83.909472,45.485784,0 -83.599273,45.352561,0 -83.488826,45.355872,0 -83.385104,45.274195,0 -83.405914,45.227157,0 -83.315924,45.139992,0 -83.265896,45.026844,0 -83.399255,45.070364,0 -83.442052,45.051056,0 -83.438856,44.940843,0 -83.320503,44.880571,0 -83.276836,44.689354,0 -83.314517,44.608725,0 -83.336988,44.332919,0 -83.442731,44.265361,0 -83.524817,44.261558,0 -83.584090,44.056748,0 -83.679654,44.036365,0 -83.693214,43.988770,0 -83.869406,43.960719,0 -83.947740,43.735165,0 -83.909479,43.672622,0 -83.817894,43.673789,0 -83.683351,43.590584,0 -83.512340,43.733726,0 -83.407146,43.919807,0 -82.928884,44.069389,0 -82.793205,44.023247,0 -82.633641,43.831224,0 -82.523086,43.225361,0 -82.486042,43.102486,0 -82.415937,43.005555,0 -82.469912,42.887459,0 -82.467483,42.761910,0 -82.509935,42.637294,0 -82.583996,42.554041,0 -82.679059,42.522210,0 -82.706371,42.621107,0 -82.639701,42.661233,0 -82.707885,42.675497,0 -82.801022,42.629545,0 -82.755927,42.564415,0 -82.859316,42.541935,0 -82.923970,42.352068,0 -83.096521,42.290138,0 -83.133511,42.088143,0 -83.441668,41.808646,0 -83.424076,41.740738,0 -83.453832,41.732647,0 -83.409531,41.691247,0 -83.326825,41.701562,0 -83.163821,41.624130,0 -83.415941,41.619110,0 -83.414626,41.500228,0 -83.338196,41.457508,0 -82.952224,41.458239,0 -82.690567,41.496706,0 -82.616952,41.428425,0 -82.460599,41.386316,0 -81.994565,41.514440,0 -81.738755,41.488550,0 -81.286925,41.760243,0 -80.329976,42.036168,0 -80.088512,42.173184,0 -80.020323,42.163116,0 -79.761951,42.269860,0 -79.761313,41.998808,0 -79.610836,41.998520,0 -79.613147,41.623863,0 -79.829111,41.622070,0 -79.999779,41.490049,0 -79.999779,41.171861,0 -80.166472,41.000928,0 -80.145110,40.613447,0 -80.360801,40.477591,0 -80.184603,40.333139,0 -79.914461,40.252443,0 -79.957940,40.214259,0 -79.871425,40.197391,0 -79.782588,40.227626,0 -79.806854,40.233935,0 -79.771082,40.375419,0 -79.704783,40.426324,0 -79.701624,40.525449,0 -79.765090,40.549238,0 -79.773361,40.582087,0 -79.692930,40.669744,0 -79.668345,40.680049,0 -79.494610,40.524880,0 -79.450176,40.530149,0 -79.215235,40.776016,0 -79.208878,41.331861,0 -79.106444,41.326247,0 -79.063520,41.453207,0 -78.958957,41.437061,0 -78.918898,41.999103,0 -75.341125,41.992772,0 -75.263005,41.885109,0 -75.074412,41.802191,0 -75.043879,41.575094,0 -74.982463,41.496467,0 -74.734893,41.425818,0 -74.694914,41.357423,0 -74.815703,41.296151,0 -74.905256,41.155668,0 -74.992386,41.093028,0 -75.156507,41.150341,0 -75.129721,41.252101,0 -75.505607,41.232539,0 -75.440658,41.258125,0 -75.462411,41.641587,0 -76.197998,41.647823,0 -76.220073,41.541278,0 -76.874714,41.596919,0 -76.960481,41.551517,0 -77.599278,41.542271,0 -77.598129,41.478576,0 -77.989194,41.474822,0 -78.050442,41.475462,0 -78.203640,41.617599,0 -78.412163,41.617301,0 -78.420028,41.405046,0 -78.253959,41.404721,0 -78.236817,41.230475,0 -78.093381,41.216931,0 -78.038171,41.153603,0 -78.111482,41.115226,0 -78.057149,41.037533,0 -78.078105,40.956447,0 -78.166507,40.961482,0 -78.373423,40.757553,0 -78.348668,40.723443,0 -78.801726,40.724618,0 -78.998171,40.356169,0 -79.183619,40.110686,0 -79.293884,40.040446,0 -79.417558,39.853776,0 -79.356757,39.781477,0 -79.409959,39.734978,0 -79.392458,39.721439,0 -80.519342,39.721403,0 -80.518991,40.638801,0 -80.627171,40.619936,0 -80.667957,40.582496,0 -80.604895,40.446667,0 -80.631596,40.385468,0 -80.606596,40.303869,0 -80.736804,40.080072,0 -80.740126,39.970793,0 -80.803394,39.918762,0 -80.824969,39.801092,0 -80.869933,39.763555,0 -80.829764,39.711839,0 -80.865575,39.662751,0 -81.128533,39.449375,0 -81.249088,39.389992,0 -81.347567,39.345770,0 -81.456143,39.409274,0 -81.559647,39.330774,0 -81.565247,39.276175,0 -81.678331,39.273755,0 -81.752754,39.184676,0 -81.742953,39.106578,0 -81.807855,39.083978,0 -81.775734,38.980737,0 -81.827354,38.945898,0 -81.898470,38.929603,0 -81.941829,38.993295,0 -82.041563,39.017878,0 -82.161570,38.824632,0 -82.209290,38.802672,0 -82.175167,38.608484,0 -82.274270,38.593683,0 -82.323999,38.449268,0 -82.560664,38.404338,0 -82.593673,38.421809,0 -82.618474,38.477089,0 -82.724846,38.557600,0 -82.800112,38.563183,0 -82.851314,38.604334,0 -82.889193,38.756076,0 -83.011816,38.730057,0 -83.172647,38.620252,0 -83.239515,38.628588,0 -83.286514,38.599241,0 -83.376302,38.661473,0 -83.533339,38.702105,0 -83.626922,38.679387,0 -83.679484,38.630036,0 -83.772160,38.658150,0 -83.852085,38.751433,0 -84.212904,38.805707,0 -84.297255,38.989694,0 -84.400940,39.046362,0 -84.445242,39.114461,0 -84.607928,39.073238,0 -84.750749,39.147358,0 -84.897171,39.052407,0 -84.832617,38.961460,0 -84.877762,38.920357,0 -84.786406,38.882220,0 -84.812877,38.786087,0 -84.962535,38.778035,0 -85.187278,38.687609,0 -85.275454,38.741172,0 -85.448862,38.713368,0 -85.433136,38.523914,0 -85.498866,38.468242,0 -85.587758,38.450495,0 -85.683561,38.295469,0 -85.750962,38.267870,0 -85.816164,38.282969,0 -85.894764,38.188469,0 -85.922395,38.028679,0 -86.033386,37.970382,0 -86.206439,38.021876,0 -86.321274,38.147418,0 -86.521825,38.038327,0 -86.509368,37.902887,0 -86.599848,37.906754,0 -86.615215,37.852857,0 -86.722247,37.892648,0 -86.810913,37.997150,0 -87.010315,37.919668,0 -87.105614,37.767631,0 -87.180063,37.841375,0 -87.418585,37.944763,0 -87.551277,37.925418,0 -87.608479,37.898794,0 -87.625851,37.851919,0 -87.723635,37.892058,0 -87.808013,37.875191,0 -87.872540,37.920999,0 -87.921744,37.907885,0 -87.938128,37.870651,0 -87.903804,37.817762,0 -87.970262,37.781856,0 -88.028030,37.799224,0 -88.160062,37.654332,0 -88.062294,37.487837,0 -88.465861,37.400547,0 -88.514661,37.290948,0 -88.424776,37.149901,0 -88.476127,37.068223,0 -88.931745,37.227593,0 -89.000968,37.224401,0 -89.168087,37.074218,0 -89.132915,36.982057,0 -89.359456,37.042606,0 -89.470525,37.253357,0 -89.517032,37.281920,0 -89.428185,37.356158,0 -89.425940,37.407471,0 -89.512400,37.529810,0 -89.494051,37.580116,0 -89.521948,37.696475,0 -89.667993,37.759484,0 -89.696559,37.814337,0 -89.851048,37.903980,0 -89.923185,37.870672,0 -89.974221,37.919217,0 -89.954910,37.966647,0 -90.008353,37.970179,0 -90.218708,38.094365,0 -90.363926,38.236355,0 -90.349743,38.377609,0 -90.184510,38.611551,0 -90.209910,38.726050,0 -90.117707,38.805748,0 -90.113327,38.849306,0 -90.395816,38.960037,0 -90.467784,38.961809,0 -90.555693,38.870785,0 -90.657254,38.920270,0 -90.713629,39.053977,0 -90.681086,39.100590,0 -90.729960,39.255894,0 -91.038270,39.448436,0 -91.100307,39.538695,0 -91.148275,39.545798,0 -91.367753,39.729029,0 -91.361571,39.787548,0 -91.436051,39.845510,0 -91.437090,39.946417,0 -91.497663,40.078257,0 -91.492891,40.269923,0 -91.372921,40.399108,0 -91.367876,40.510479,0 -91.394475,40.534543,0 -91.374252,40.582590,0 -91.120820,40.672777,0 -91.092993,40.821079,0 -90.952233,40.954047,0 -90.957246,41.111085,0 -91.114186,41.250029,0 -91.065058,41.369101,0 -91.027787,41.423603,0 -90.701159,41.454743,0 -90.571136,41.516332,0 -90.461432,41.523533,0 -90.339528,41.598633,0 -90.310708,41.742214,0 -90.180643,41.811979,0 -90.140613,41.995999,0 -90.161159,42.106372,0 -90.400653,42.239293,0 -90.446320,42.357041,0 -90.646727,42.471904,0 -90.700856,42.626445,0 -90.941567,42.683844,0 -91.070716,42.775502,0 -91.138000,42.903772,0 -91.175253,43.134665,0 -91.057910,43.253968,0 -91.207367,43.373659,0 -91.217706,43.500550,0</coordinates>
                  </LinearRing>
                </outerBoundaryIs>
              </Polygon>
              <Polygon>
                <altitudeMode>clampToGround</altitudeMode>
                <outerBoundaryIs>
                  <LinearRing>
                    <coordinates>-90.637124,46.906724,0 -90.776921,47.024324,0 -90.650422,47.054678,0 -90.560936,47.037013,0 -90.511623,46.961407,0 -90.549104,46.915461,0 -90.637124,46.906724,0</coordinates>
                  </LinearRing>
                </outerBoundaryIs>
              </Polygon>
              <Polygon>
                <altitudeMode>clampToGround</altitudeMode>
                <outerBoundaryIs>
                  <LinearRing>
                    <coordinates>-86.805868,45.412903,0 -86.899891,45.295185,0 -86.956198,45.352006,0 -86.934276,45.421149,0 -86.835749,45.450188,0 -86.805868,45.412903,0</coordinates>
                  </LinearRing>
                </outerBoundaryIs>
              </Polygon>
              <Polygon>
                <altitudeMode>clampToGround</altitudeMode>
                <outerBoundaryIs>
                  <LinearRing>
                    <coordinates>-84.616220,45.894470,0 -84.356020,45.771895,0 -84.394038,45.727623,0 -84.484128,45.730710,0 -84.650783,45.859210,0 -84.616220,45.894470,0</coordinates>
                  </LinearRing>
                </outerBoundaryIs>
              </Polygon>
              <Polygon>
                <altitudeMode>clampToGround</altitudeMode>
                <outerBoundaryIs>
                  <LinearRing>
                    <coordinates>-82.842099,41.628323,0 -82.863342,41.693693,0 -82.825720,41.722810,0 -82.782719,41.694003,0 -82.788876,41.643047,0 -82.842099,41.628323,0</coordinates>
                  </LinearRing>
                </outerBoundaryIs>
              </Polygon>
            </Placemark>
          </Folder>
          <Folder>
            <name>Front Range Socialist Republic</name>
            <Placemark>
              <name>Front Range Socialist Republic</name>
              <styleUrl>#__managed_style_0000000000000003</styleUrl>
              <description>See: 2050-snapshot/domains/borders-geopolitics.md#front-range-socialist-republic</description>
              <Polygon>
                <altitudeMode>clampToGround</altitudeMode>
                <outerBoundaryIs>
                  <LinearRing>
                    <coordinates>-105.048740,39.566088,0 -103.714355,39.566331,0 -103.719664,38.866827,0 -104.055528,38.868868,0 -104.054260,38.522392,0 -104.941533,38.519569,0 -104.939869,38.796543,0 -105.072184,38.799382,0 -105.027342,38.930811,0 -105.033473,39.129783,0 -105.329445,39.129487,0 -105.217833,39.260115,0 -105.171278,39.406854,0 -105.048740,39.566088,0</coordinates>
                  </LinearRing>
                </outerBoundaryIs>
              </Polygon>
              <Polygon>
                <altitudeMode>clampToGround</altitudeMode>
                <outerBoundaryIs>
                  <LinearRing>
                    <coordinates>-104.961099,40.041768,0 -104.961405,40.000337,0 -103.705701,40.001366,0 -103.706547,39.739894,0 -104.884646,39.740156,0 -104.903509,39.667624,0 -104.847296,39.657102,0 -104.913407,39.624083,0 -104.973486,39.667684,0 -105.053641,39.613976,0 -105.109924,39.627085,0 -105.053256,39.667785,0 -105.052892,39.914224,0 -105.165167,39.891486,0 -105.147143,39.913889,0 -105.693453,39.944017,0 -105.638797,40.038787,0 -105.653321,40.260457,0 -105.815340,40.421486,0 -105.807341,40.474527,0 -105.907857,40.515493,0 -106.047971,40.804643,0 -106.185307,40.933973,0 -106.190554,40.997747,0 -104.943371,40.998074,0 -104.945551,40.349099,0 -105.056720,40.349281,0 -105.052823,40.000260,0 -104.961099,40.041768,0</coordinates>
                  </LinearRing>
                </outerBoundaryIs>
              </Polygon>
            </Placemark>
          </Folder>
          <Folder>
            <name>Chicano Socialist Republic</name>
            <Placemark>
              <name>Chicano Socialist Republic</name>
              <styleUrl>#__managed_style_0000000000000003</styleUrl>
              <description>See: 2050-snapshot/domains/borders-geopolitics.md#chicano-socialist-republic</description>
              <Polygon>
                <altitudeMode>clampToGround</altitudeMode>
                <outerBoundaryIs>
                  <LinearRing>
                    <coordinates>-111.074825,31.332239,0 -114.813613,32.494277,0 -114.809393,32.617119,0 -114.705717,32.741581,0 -114.570675,32.747417,0 -114.468971,32.845155,0 -114.511343,33.023455,0 -114.670803,33.037984,0 -114.706175,33.105335,0 -114.674491,33.255597,0 -114.723259,33.288079,0 -114.725282,33.405048,0 -114.635183,33.422726,0 -114.524599,33.552231,0 -114.496565,33.719155,0 -114.508708,33.900640,0 -114.534987,33.928499,0 -114.405941,34.111540,0 -114.139055,34.259538,0 -114.172845,34.344979,0 -114.378852,34.450376,0 -114.378223,34.516521,0 -114.465246,34.691202,0 -114.634382,34.872890,0 -114.619905,35.121632,0 -114.572747,35.138725,0 -114.627137,35.409504,0 -114.664500,35.449497,0 -114.653406,35.610789,0 -114.689407,35.651412,0 -114.703710,35.814585,0 -114.669687,35.865084,0 -114.731159,35.943916,0 -114.743342,36.070535,0 -114.736165,36.104367,0 -114.627855,36.141012,0 -114.372106,36.143114,0 -114.270645,36.035720,0 -114.151725,36.024563,0 -114.046838,36.194069,0 -114.050600,37.000396,0 -103.002199,37.000104,0 -103.002434,36.500397,0 -103.041924,36.500439,0 -103.064423,32.000518,0 -104.024521,32.000010,0 -104.102351,31.105203,0 -102.567049,30.052808,0 -102.566937,30.283269,0 -102.343085,30.284116,0 -102.342986,30.598759,0 -102.138406,30.597521,0 -102.137778,30.655982,0 -101.769353,30.653369,0 -101.652446,30.620471,0 -101.646245,30.560763,0 -101.740429,30.420897,0 -101.658530,30.357861,0 -101.758400,30.288044,0 -101.761619,29.778860,0 -101.966167,29.807343,0 -102.115682,29.792390,0 -102.301381,29.877674,0 -102.349861,29.862317,0 -102.392906,29.765569,0 -102.512687,29.780303,0 -102.677192,29.738261,0 -102.808692,29.522319,0 -102.824564,29.399558,0 -102.891022,29.287113,0 -102.871347,29.241625,0 -103.076355,29.085722,0 -103.126748,28.982124,0 -103.281190,28.982138,0 -103.524613,29.120998,0 -103.724743,29.191470,0 -103.789034,29.257502,0 -104.055596,29.330910,0 -104.229081,29.481050,0 -104.371175,29.543063,0 -104.539761,29.676074,0 -104.565688,29.770462,0 -104.672327,29.911112,0 -104.703998,30.024210,0 -104.702788,30.211736,0 -104.859521,30.390413,0 -104.924796,30.604832,0 -104.972071,30.610260,0 -105.001240,30.672583,0 -105.218660,30.801567,0 -105.394242,30.852979,0 -105.399609,30.888941,0 -105.557430,30.990229,0 -105.627349,31.098545,0 -105.773257,31.166897,0 -105.953943,31.364749,0 -106.175675,31.456279,0 -106.417940,31.752009,0 -106.484642,31.747809,0 -106.531731,31.783910,0 -108.208394,31.783599,0 -108.208573,31.333395,0 -111.074825,31.332239,0</coordinates>
                  </LinearRing>
                </outerBoundaryIs>
              </Polygon>
            </Placemark>
          </Folder>
          <Folder>
            <name>Hawaiian Free State</name>
            <Placemark>
              <name>Hawaiian Free State</name>
              <styleUrl>#__managed_style_0000000000000003</styleUrl>
              <description>See: 2050-snapshot/domains/borders-geopolitics.md#hawaiian-free-state</description>
              <Polygon>
                <altitudeMode>clampToGround</altitudeMode>
                <outerBoundaryIs>
                  <LinearRing>
                    <coordinates>-156.064369,19.730762,0 -155.831953,19.982771,0 -155.825478,20.025940,0 -155.902785,20.177069,0 -155.890668,20.255236,0 -155.853298,20.271544,0 -155.598038,20.124535,0 -155.502566,20.114151,0 -155.270321,20.014521,0 -155.166630,19.937886,0 -155.086346,19.855395,0 -155.087123,19.728009,0 -155.006428,19.739282,0 -154.974347,19.633197,0 -154.814422,19.530086,0 -154.816014,19.500643,0 -155.020542,19.331312,0 -155.159640,19.268370,0 -155.264624,19.274208,0 -155.505286,19.137903,0 -155.672010,18.917461,0 -155.881555,19.036639,0 -155.914221,19.099142,0 -155.888706,19.348026,0 -155.978211,19.608154,0 -156.064369,19.730762,0</coordinates>
                  </LinearRing>
                </outerBoundaryIs>
              </Polygon>
              <Polygon>
                <altitudeMode>clampToGround</altitudeMode>
                <outerBoundaryIs>
                  <LinearRing>
                    <coordinates>-156.619586,21.027789,0 -156.562778,21.016163,0 -156.481060,20.898195,0 -156.332822,20.946446,0 -156.242560,20.937834,0 -156.003537,20.795541,0 -156.001875,20.698060,0 -156.129903,20.627519,0 -156.377638,20.578423,0 -156.431877,20.598139,0 -156.473567,20.790752,0 -156.537757,20.778404,0 -156.631799,20.821236,0 -156.687809,20.890716,0 -156.680910,20.980258,0 -156.619586,21.027789,0</coordinates>
                  </LinearRing>
                </outerBoundaryIs>
              </Polygon>
              <Polygon>
                <altitudeMode>clampToGround</altitudeMode>
                <outerBoundaryIs>
                  <LinearRing>
                    <coordinates>-156.962852,21.212127,0 -156.917865,21.169017,0 -156.900246,21.131621,0 -157.014617,21.182345,0 -156.962852,21.212127,0</coordinates>
                  </LinearRing>
                </outerBoundaryIs>
              </Polygon>
              <Polygon>
                <altitudeMode>clampToGround</altitudeMode>
                <outerBoundaryIs>
                  <LinearRing>
                    <coordinates>-158.125615,21.586735,0 -157.968633,21.712700,0 -157.836950,21.529941,0 -157.845495,21.466743,0 -157.813905,21.440296,0 -157.722511,21.459221,0 -157.710605,21.358496,0 -157.651805,21.313896,0 -157.673074,21.284192,0 -157.809605,21.257696,0 -157.890005,21.306496,0 -158.103305,21.297896,0 -158.277684,21.578785,0 -158.125615,21.586735,0</coordinates>
                  </LinearRing>
                </outerBoundaryIs>
              </Polygon>
              <Polygon>
                <altitudeMode>clampToGround</altitudeMode>
                <outerBoundaryIs>
                  <LinearRing>
                    <coordinates>-159.705537,22.159317,0 -159.581064,22.223484,0 -159.361513,22.214088,0 -159.312299,22.183078,0 -159.293019,22.122956,0 -159.337686,21.951169,0 -159.444874,21.868623,0 -159.603285,21.892244,0 -159.754801,21.977768,0 -159.783752,22.064893,0 -159.705537,22.159317,0</coordinates>
                  </LinearRing>
                </outerBoundaryIs>
              </Polygon>
            </Placemark>
          </Folder>
        </Folder>
        <Folder>
          <name>Indigenous Sovereign Nations</name>
          <Folder>
            <name>Navajo Nation</name>
            <Placemark>
              <name>Navajo Nation</name>
              <styleUrl>#__managed_style_0000000000000006</styleUrl>
              <description>See: 2050-snapshot/domains/borders-geopolitics.md#navajo-nation</description>
              <Polygon>
                <altitudeMode>clampToGround</altitudeMode>
                <outerBoundaryIs>
                  <LinearRing>
                    <coordinates>-107.238890,35.305507,0 -107.066562,34.957190,0 -107.202882,34.957572,0 -107.201743,34.578757,0 -109.046139,34.579291,0 -109.046609,33.777407,0 -109.348581,33.778123,0 -109.364621,33.738756,0 -109.602881,33.612875,0 -109.767273,33.475417,0 -109.903002,33.575155,0 -110.000649,33.576930,0 -110.000660,34.000046,0 -110.750672,34.000048,0 -110.750678,34.263314,0 -110.788078,34.309060,0 -110.848059,34.267205,0 -111.096661,34.396431,0 -111.147094,34.375185,0 -111.250302,34.453274,0 -111.397229,34.426062,0 -111.427266,34.386149,0 -111.423066,34.437225,0 -111.517657,34.430392,0 -111.472046,34.462265,0 -111.502415,34.498057,0 -111.554653,34.471703,0 -111.552106,34.802500,0 -111.778265,34.803304,0 -111.809026,34.976295,0 -112.334536,34.973024,0 -112.335791,35.148234,0 -112.442289,35.149238,0 -112.442389,35.259170,0 -112.577399,35.243394,0 -112.694667,35.311651,0 -112.953209,35.352902,0 -113.176327,35.507222,0 -113.334161,35.528217,0 -113.310523,35.864350,0 -113.354176,36.040368,0 -113.319971,36.096769,0 -113.224919,36.091144,0 -113.196751,36.152949,0 -113.009038,36.239040,0 -112.792436,36.285036,0 -112.629468,36.391871,0 -112.623017,36.474736,0 -112.660059,36.543560,0 -112.620946,36.595942,0 -112.638679,36.674478,0 -112.600381,36.831928,0 -112.529299,36.952437,0 -112.538571,37.000744,0 -112.899191,37.000301,0 -112.901162,37.543486,0 -112.683750,37.543692,0 -112.689297,37.805590,0 -112.578550,37.804540,0 -112.588517,37.890367,0 -112.468300,37.890463,0 -112.478822,38.147419,0 -109.927974,38.151751,0 -109.885106,38.188180,0 -109.907720,38.270715,0 -110.033433,38.389583,0 -110.025285,38.499982,0 -109.059961,38.500026,0 -109.045223,36.999084,0 -107.420913,37.000005,0 -107.457159,36.954964,0 -107.451445,36.904036,0 -107.618181,36.804267,0 -107.626511,36.000288,0 -107.308667,35.998556,0 -107.309386,35.305687,0 -107.238890,35.305507,0</coordinates>
                  </LinearRing>
                </outerBoundaryIs>
              </Polygon>
            </Placemark>
          </Folder>
          <Folder>
            <name>Dakota/Lakota Nation</name>
            <Placemark>
              <name>Dakota/Lakota Nation</name>
              <styleUrl>#__managed_style_0000000000000006</styleUrl>
              <description>See: 2050-snapshot/domains/borders-geopolitics.md#dakota-lakota-nation</description>
              <Polygon>
                <altitudeMode>clampToGround</altitudeMode>
                <outerBoundaryIs>
                  <LinearRing>
                    <coordinates>-98.498550,42.998560,0 -104.053127,43.000585,0 -104.055416,44.141081,0 -102.388045,44.140183,0 -102.393522,44.202966,0 -102.282876,44.448626,0 -102.112535,44.435886,0 -102.000432,44.511663,0 -101.889038,44.538458,0 -101.811198,44.522373,0 -101.715038,44.579483,0 -101.531035,44.567875,0 -101.361918,44.687825,0 -101.229495,44.692287,0 -101.136838,44.747126,0 -101.022611,44.724153,0 -100.910312,44.783737,0 -100.717644,44.770930,0 -100.613805,44.707135,0 -100.620897,44.566698,0 -100.526498,44.547422,0 -100.580034,44.461842,0 -100.386376,44.440008,0 -100.365390,44.355524,0 -99.892101,44.241881,0 -99.938217,44.195195,0 -99.884485,44.129582,0 -99.612249,44.103694,0 -99.610311,44.148887,0 -99.695752,44.172375,0 -99.663508,44.217517,0 -99.674252,44.897503,0 -98.716498,44.896925,0 -98.700453,44.196727,0 -96.452436,44.196780,0 -96.453260,43.500390,0 -96.598928,43.500457,0 -96.594254,43.434153,0 -96.521572,43.385640,0 -96.530392,43.300034,0 -96.578823,43.291095,0 -96.522084,43.220960,0 -96.475571,43.221054,0 -96.452098,43.082553,0 -97.160543,43.083145,0 -97.165070,42.791617,0 -96.697639,42.659143,0 -96.709300,42.603753,0 -96.611489,42.506088,0 -96.525142,42.510234,0 -96.381307,42.461694,0 -96.407998,42.337408,0 -96.336003,42.264806,0 -96.347752,42.166806,0 -96.268900,42.113590,0 -96.272877,42.047238,0 -96.309645,42.015187,0 -96.554866,42.015875,0 -96.555511,42.089957,0 -97.368404,42.090922,0 -97.367590,42.438775,0 -97.485298,42.438578,0 -97.484917,42.850003,0 -97.857957,42.865093,0 -97.950147,42.769619,0 -98.035034,42.764205,0 -98.148060,42.840013,0 -98.434503,42.929227,0 -98.498550,42.998560,0</coordinates>
                  </LinearRing>
                </outerBoundaryIs>
              </Polygon>
              <Polygon>
                <altitudeMode>clampToGround</altitudeMode>
                <outerBoundaryIs>
                  <LinearRing>
                    <coordinates>-100.558549,46.249993,0 -100.629145,46.145608,0 -100.614504,46.071796,0 -100.511949,45.943654,0 -101.998733,45.944537,0 -101.997930,46.205324,0 -102.046789,46.283746,0 -102.051240,46.630917,0 -102.096744,46.631026,0 -102.095904,46.981329,0 -102.144771,47.010307,0 -102.144453,47.328079,0 -102.205556,47.328071,0 -102.205350,47.574506,0 -102.036648,47.572705,0 -101.813848,47.496502,0 -101.707537,47.538278,0 -101.428037,47.561986,0 -101.370866,47.518696,0 -101.440139,47.477299,0 -101.345735,47.291897,0 -101.257031,47.264895,0 -101.034623,47.286393,0 -100.977629,47.249992,0 -100.965440,47.157134,0 -100.749370,47.157245,0 -100.749334,47.327685,0 -98.499246,47.326538,0 -98.466957,47.312943,0 -98.467066,47.240404,0 -97.451512,47.239061,0 -97.472745,47.672051,0 -97.882271,47.672179,0 -97.903313,48.194845,0 -97.141897,48.193697,0 -96.882376,47.649025,0 -96.854073,47.572010,0 -96.833504,47.010110,0 -96.763973,46.912507,0 -96.789787,46.635747,0 -100.662015,46.634600,0 -100.561035,46.587847,0 -100.590199,46.427894,0 -100.551199,46.363494,0 -100.558549,46.249993,0</coordinates>
                  </LinearRing>
                </outerBoundaryIs>
              </Polygon>
            </Placemark>
          </Folder>
          <Folder>
            <name>Sequoyan Nation</name>
            <Placemark>
              <name>Sequoyan Nation</name>
              <styleUrl>#__managed_style_0000000000000006</styleUrl>
              <description>See: 2050-snapshot/domains/borders-geopolitics.md#sequoyan-nation</description>
              <Polygon>
                <altitudeMode>clampToGround</altitudeMode>
                <outerBoundaryIs>
                  <LinearRing>
                    <coordinates>-94.434809,35.392624,0 -94.492370,35.301776,0 -94.594801,35.327974,0 -94.668796,35.295029,0 -94.750224,35.356969,0 -94.813629,35.323344,0 -94.828972,35.361546,0 -94.914454,35.347525,0 -94.901832,35.397940,0 -95.006510,35.414600,0 -95.049933,35.458894,0 -95.240718,35.262310,0 -95.344766,35.293035,0 -95.344799,35.551751,0 -95.712953,35.551738,0 -95.713081,35.725807,0 -95.766265,35.725750,0 -95.766114,35.856284,0 -95.819459,35.856255,0 -95.761702,35.901147,0 -95.761650,36.162750,0 -95.815400,36.162630,0 -95.809540,36.597540,0 -95.328370,36.597630,0 -95.328170,36.510240,0 -95.005730,36.509890,0 -94.999403,36.670631,0 -94.617992,36.667921,0 -94.617919,36.499414,0 -94.434809,35.392624,0</coordinates>
                  </LinearRing>
                </outerBoundaryIs>
              </Polygon>
            </Placemark>
          </Folder>
          <Folder>
            <name>Alaska Indigenous Confederated Socialist Republic</name>
            <Placemark>
              <name>Alaska Indigenous Confederated Socialist Republic</name>
              <styleUrl>#__managed_style_0000000000000006</styleUrl>
              <description>See: 2050-snapshot/domains/borders-geopolitics.md#alaska-indigenous-confederated-socialist-republic</description>
              <Polygon>
                <altitudeMode>clampToGround</altitudeMode>
                <outerBoundaryIs>
                  <LinearRing>
                    <coordinates>-156.975549,56.540446,0 -157.047173,56.519931,0 -157.326059,56.525169,0 -157.288702,56.566039,0 -157.172027,56.598039,0 -156.975549,56.540446,0</coordinates>
                  </LinearRing>
                </outerBoundaryIs>
              </Polygon>
              <Polygon>
                <altitudeMode>clampToGround</altitudeMode>
                <outerBoundaryIs>
                  <LinearRing>
                    <coordinates>-135.901964,58.001343,0 -135.238129,57.761711,0 -134.939924,57.763612,0 -134.824891,57.500067,0 -134.854948,57.264766,0 -134.615955,56.637289,0 -134.626943,56.553868,0 -134.669778,56.524129,0 -134.634668,56.265832,0 -134.674028,56.166925,0 -134.810171,56.244987,0 -135.175826,56.677876,0 -135.215830,56.665340,0 -135.362241,56.758742,0 -135.467177,56.771410,0 -135.550718,56.841228,0 -135.353447,57.020905,0 -135.571504,57.105697,0 -135.636880,57.009874,0 -135.856021,56.995636,0 -135.844612,57.083568,0 -135.755007,57.123972,0 -135.753581,57.167168,0 -135.832253,57.170647,0 -135.870519,57.221639,0 -135.837719,57.282068,0 -135.892131,57.408048,0 -136.088071,57.555291,0 -136.163059,57.558861,0 -136.371986,57.832232,0 -136.024328,57.838795,0 -135.901964,58.001343,0</coordinates>
                  </LinearRing>
                </outerBoundaryIs>
              </Polygon>
              <Polygon>
                <altitudeMode>clampToGround</altitudeMode>
                <outerBoundaryIs>
                  <LinearRing>
                    <coordinates>-154.522060,57.577786,0 -154.196959,57.664639,0 -153.994572,57.656905,0 -153.930279,57.696791,0 -153.935220,57.813047,0 -153.721176,57.890615,0 -153.512024,57.909156,0 -153.533204,57.941117,0 -153.484603,57.976500,0 -153.386422,57.936526,0 -153.299009,57.985626,0 -153.419783,58.059638,0 -153.316127,58.140390,0 -153.223709,58.162120,0 -153.202801,58.208080,0 -153.044316,58.306336,0 -152.925586,58.339686,0 -152.883107,58.400443,0 -152.640313,58.469868,0 -152.666220,58.544087,0 -152.560171,58.619680,0 -152.354709,58.638280,0 -152.337212,58.589095,0 -152.512483,58.427349,0 -152.498480,58.372351,0 -152.387343,58.359499,0 -152.344860,58.391630,0 -152.356090,58.423470,0 -152.301713,58.428697,0 -152.227835,58.376424,0 -152.129257,58.396414,0 -151.817111,58.263444,0 -151.795696,58.211096,0 -151.862321,58.168265,0 -152.034120,58.183737,0 -152.112205,58.148559,0 -152.482674,58.129813,0 -152.766673,58.029887,0 -152.722524,57.987364,0 -152.804807,57.899175,0 -152.753437,57.834452,0 -152.635378,57.918610,0 -152.526283,57.913266,0 -152.432608,57.976029,0 -152.324103,57.916604,0 -152.351152,57.834768,0 -152.212247,57.791433,0 -152.298762,57.745925,0 -152.440182,57.726640,0 -152.313974,57.636420,0 -152.161617,57.623287,0 -152.159677,57.593614,0 -152.323683,57.467861,0 -152.253603,57.384019,0 -152.323687,57.342660,0 -152.474883,57.434204,0 -152.570527,57.448909,0 -152.630441,57.322668,0 -152.695698,57.281318,0 -152.943463,57.256956,0 -152.949333,57.187346,0 -152.880321,57.164798,0 -152.900540,57.132076,0 -153.064330,57.103790,0 -153.342018,56.982825,0 -153.404263,57.080511,0 -153.580831,57.049048,0 -153.543429,56.995245,0 -153.541492,56.887875,0 -153.839640,56.822099,0 -154.017042,56.689311,0 -154.153147,56.681697,0 -154.129017,56.742168,0 -154.305713,56.846871,0 -154.312888,56.918673,0 -154.528538,57.001892,0 -154.523432,57.129106,0 -154.594977,57.257161,0 -154.793840,57.288862,0 -154.779663,57.366335,0 -154.618704,57.514972,0 -154.522060,57.577786,0</coordinates>
                  </LinearRing>
                </outerBoundaryIs>
              </Polygon>
              <Polygon>
                <altitudeMode>clampToGround</altitudeMode>
                <outerBoundaryIs>
                  <LinearRing>
                    <coordinates>-157.095372,58.866671,0 -156.313889,58.885833,0 -156.313889,58.616666,0 -157.234301,58.616667,0 -157.062230,58.740187,0 -156.993548,58.836798,0 -157.095372,58.866671,0</coordinates>
                  </LinearRing>
                </outerBoundaryIs>
              </Polygon>
              <Polygon>
                <altitudeMode>clampToGround</altitudeMode>
                <outerBoundaryIs>
                  <LinearRing>
                    <coordinates>-136.237340,59.558734,0 -136.350622,59.599326,0 -135.945905,59.663802,0 -135.477436,59.799626,0 -135.231148,59.697176,0 -135.027456,59.563692,0 -135.026328,59.474658,0 -135.067356,59.421855,0 -135.010033,59.381288,0 -135.029245,59.345364,0 -134.961972,59.280376,0 -134.702383,59.247836,0 -134.664070,59.181172,0 -134.566689,59.128278,0 -134.481241,59.128071,0 -134.379771,59.034961,0 -134.401042,58.976221,0 -134.327992,58.962972,0 -135.219128,58.974972,0 -135.061769,58.451353,0 -135.104413,58.449263,0 -135.049062,58.309295,0 -135.101210,58.292607,0 -135.087872,58.200073,0 -135.306507,58.242916,0 -135.408059,58.342999,0 -135.449966,58.339068,0 -135.446307,58.405618,0 -135.507020,58.499604,0 -135.316732,58.504393,0 -135.405223,58.620593,0 -135.529943,58.656784,0 -135.551001,58.698793,0 -135.747005,58.725606,0 -135.683487,58.853598,0 -135.524117,58.887696,0 -135.605493,58.903989,0 -135.566129,58.942450,0 -135.723091,59.069847,0 -135.699146,59.107410,0 -135.899050,59.179060,0 -136.490035,59.260094,0 -136.466815,59.284252,0 -136.474326,59.464194,0 -136.358141,59.449799,0 -136.234229,59.524731,0 -136.237340,59.558734,0</coordinates>
                  </LinearRing>
                </outerBoundaryIs>
              </Polygon>
              <Polygon>
                <altitudeMode>clampToGround</altitudeMode>
                <outerBoundaryIs>
                  <LinearRing>
                    <coordinates>-141.790601,60.435238,0 -141.213451,60.435268,0 -141.213444,60.391676,0 -141.001850,60.391687,0 -141.001840,60.306105,0 -140.535090,60.224224,0 -140.472292,60.310590,0 -139.989142,60.185240,0 -139.698361,60.340421,0 -139.086669,60.357654,0 -139.200346,60.090701,0 -139.046426,59.998235,0 -138.702053,59.910245,0 -138.643422,59.792502,0 -138.584819,59.752453,0 -137.604277,59.243057,0 -137.498558,58.986694,0 -137.525678,58.908972,0 -137.936160,58.810650,0 -137.951995,58.886029,0 -138.224323,59.032216,0 -138.636702,59.130585,0 -138.919749,59.248531,0 -139.420168,59.379760,0 -139.861306,59.546678,0 -139.742660,59.623871,0 -139.585789,59.642765,0 -139.608545,59.821961,0 -139.776836,59.833835,0 -140.176224,59.735965,0 -140.242577,59.687888,0 -140.792511,59.728573,0 -141.392811,59.870028,0 -141.595376,59.961905,0 -142.426572,60.071066,0 -142.908859,60.090328,0 -143.624152,60.037257,0 -143.893326,59.986722,0 -143.893325,60.024166,0 -143.193519,60.521828,0 -141.790619,60.521899,0 -141.790601,60.435238,0</coordinates>
                  </LinearRing>
                </outerBoundaryIs>
              </Polygon>
              <Polygon>
                <altitudeMode>clampToGround</altitudeMode>
                <outerBoundaryIs>
                  <LinearRing>
                    <coordinates>-151.886513,59.421033,0 -151.205459,59.630284,0 -151.296895,59.696861,0 -151.448669,59.648171,0 -151.643061,59.646966,0 -151.869468,59.769159,0 -151.718010,60.009473,0 -151.421702,60.212931,0 -151.366874,60.372655,0 -151.306090,60.387257,0 -151.281810,60.496034,0 -151.410273,60.711023,0 -151.370515,60.733572,0 -151.062558,60.787429,0 -150.401859,61.036227,0 -150.341709,61.024201,0 -150.194128,60.901340,0 -149.985374,60.879033,0 -149.748464,61.001238,0 -149.359399,60.906330,0 -149.181942,60.906317,0 -149.034080,60.848534,0 -149.037741,60.732987,0 -148.657119,60.732976,0 -148.664470,60.415183,0 -148.563715,60.415172,0 -148.586180,59.938585,0 -148.801325,59.952794,0 -148.859556,59.924398,0 -149.123262,59.968559,0 -149.376593,59.835879,0 -149.472227,59.903693,0 -149.572714,59.852317,0 -149.595531,59.797720,0 -149.506758,59.770927,0 -149.527793,59.706846,0 -149.626311,59.734410,0 -149.731966,59.706783,0 -149.746220,59.637585,0 -149.842672,59.701300,0 -149.919444,59.691836,0 -150.280838,59.466833,0 -150.385341,59.341963,0 -150.430144,59.343357,0 -150.498900,59.456298,0 -150.581182,59.445233,0 -150.680872,59.305412,0 -150.721799,59.292087,0 -150.822768,59.330763,0 -150.912817,59.305214,0 -150.887821,59.267920,0 -150.942212,59.233136,0 -151.126247,59.209923,0 -151.470623,59.242621,0 -151.433390,59.135517,0 -151.662368,59.089735,0 -151.858124,59.144234,0 -151.984101,59.278696,0 -151.963130,59.344958,0 -151.886513,59.421033,0</coordinates>
                  </LinearRing>
                </outerBoundaryIs>
              </Polygon>
              <Polygon>
                <altitudeMode>clampToGround</altitudeMode>
                <outerBoundaryIs>
                  <LinearRing>
                    <coordinates>-131.962744,55.700757,0 -131.978551,55.753366,0 -131.935635,55.798431,0 -132.011037,55.854788,0 -131.871943,55.948878,0 -131.905601,55.979061,0 -131.829365,56.056465,0 -131.664222,56.067502,0 -131.653403,56.103851,0 -131.498849,56.019097,0 -131.364317,56.017943,0 -131.369226,56.069910,0 -131.439957,56.131083,0 -131.253358,56.206850,0 -131.240485,56.172614,0 -131.110314,56.194069,0 -130.998430,56.274565,0 -131.013177,56.314211,0 -131.096230,56.335166,0 -131.086795,56.407095,0 -130.810707,56.371063,0 -130.622482,56.267939,0 -130.466874,56.239789,0 -130.425575,56.140676,0 -130.245540,56.096876,0 -130.102761,56.116696,0 -130.004260,55.993379,0 -130.013198,55.916382,0 -130.123720,55.807040,0 -130.150061,55.727099,0 -130.111677,55.682051,0 -130.120132,55.563919,0 -129.982348,55.302079,0 -130.339504,54.921376,0 -130.636745,54.778456,0 -130.628070,54.739341,0 -130.686192,54.716910,0 -130.792122,54.784784,0 -130.866866,54.769068,0 -130.932454,54.806938,0 -130.975030,54.974853,0 -131.012061,54.996238,0 -131.013215,55.090069,0 -131.093806,55.191335,0 -131.160492,55.197481,0 -131.190033,55.043173,0 -131.246018,54.989555,0 -131.245988,54.940491,0 -131.195197,54.919767,0 -131.253671,54.866779,0 -131.327624,54.859122,0 -131.491504,54.930392,0 -131.621948,54.946531,0 -131.611890,54.982271,0 -131.510660,55.016366,0 -131.336983,54.995534,0 -131.239554,55.169683,0 -131.569223,55.294691,0 -131.648375,55.227951,0 -131.684132,55.119094,0 -131.748334,55.128588,0 -131.828395,55.198482,0 -131.862162,55.289284,0 -131.844157,55.456742,0 -132.114654,55.550623,0 -132.183207,55.588128,0 -132.199681,55.633834,0 -132.091178,55.660703,0 -132.058825,55.710930,0 -131.962744,55.700757,0</coordinates>
                  </LinearRing>
                </outerBoundaryIs>
              </Polygon>
              <Polygon>
                <altitudeMode>clampToGround</altitudeMode>
                <outerBoundaryIs>
                  <LinearRing>
                    <coordinates>-132.896433,56.099744,0 -132.859783,56.052769,0 -133.007727,56.134873,0 -133.039877,56.239040,0 -132.887585,56.172938,0 -132.833864,56.103904,0 -132.896433,56.099744,0</coordinates>
                  </LinearRing>
                </outerBoundaryIs>
              </Polygon>
              <Polygon>
                <altitudeMode>clampToGround</altitudeMode>
                <outerBoundaryIs>
                  <LinearRing>
                    <coordinates>-133.317871,57.002675,0 -133.104611,57.005701,0 -132.981370,56.927380,0 -132.903211,56.803610,0 -132.796602,56.776932,0 -132.743207,56.713720,0 -132.619258,56.660778,0 -132.611326,56.599913,0 -132.671154,56.543071,0 -132.806838,56.505492,0 -133.041726,56.518356,0 -133.183493,56.454241,0 -133.415379,56.456445,0 -133.441307,56.637626,0 -133.579378,56.757841,0 -133.497360,56.746657,0 -133.515689,56.795983,0 -133.440042,56.882355,0 -133.274012,56.921815,0 -133.317871,57.002675,0</coordinates>
                  </LinearRing>
                </outerBoundaryIs>
              </Polygon>
              <Polygon>
                <altitudeMode>clampToGround</altitudeMode>
                <outerBoundaryIs>
                  <LinearRing>
                    <coordinates>-132.869318,57.842941,0 -132.655279,57.601745,0 -132.827503,57.580660,0 -132.887850,57.613739,0 -132.840996,57.663106,0 -132.871898,57.712796,0 -132.949844,57.745425,0 -132.977330,57.721498,0 -133.188197,57.741008,0 -133.279877,57.794768,0 -133.353451,57.772270,0 -133.493048,57.824726,0 -133.549358,57.775225,0 -133.696701,57.792724,0 -133.176942,58.150511,0 -133.076421,57.999762,0 -132.869318,57.842941,0</coordinates>
                  </LinearRing>
                </outerBoundaryIs>
              </Polygon>
              <Polygon>
                <altitudeMode>clampToGround</altitudeMode>
                <outerBoundaryIs>
                  <LinearRing>
                    <coordinates>-134.699956,58.161494,0 -134.254386,58.144355,0 -134.538413,58.098172,0 -134.577773,58.054116,0 -134.697766,58.032036,0 -134.784681,58.096599,0 -134.772728,58.166496,0 -134.724478,58.211465,0 -134.699956,58.161494,0</coordinates>
                  </LinearRing>
                </outerBoundaryIs>
              </Polygon>
            </Placemark>
          </Folder>
        </Folder>
        <Folder>
          <name>Reactionary States</name>
          <Folder>
            <name>Gulf Compact</name>
            <Placemark>
              <name>Gulf Compact</name>
              <styleUrl>#__managed_style_0000000000000009</styleUrl>
              <description>See: 2050-snapshot/domains/borders-geopolitics.md#gulf-compact</description>
              <Polygon>
                <altitudeMode>clampToGround</altitudeMode>
                <outerBoundaryIs>
                  <LinearRing>
                    <coordinates>-100.801868,29.232832,0 -100.995607,29.363403,0 -101.060151,29.458661,0 -101.254895,29.520342,0 -101.305533,29.577925,0 -101.307332,29.640716,0 -101.367198,29.664041,0 -101.400636,29.738079,0 -101.561569,29.794658,0 -101.654578,29.765163,0 -101.761619,29.778860,0 -101.758400,30.288044,0 -101.658530,30.357861,0 -101.740429,30.420897,0 -101.646245,30.560763,0 -101.652446,30.620471,0 -101.769353,30.653369,0 -102.137778,30.655982,0 -102.138406,30.597521,0 -102.342986,30.598759,0 -102.343085,30.284116,0 -102.566937,30.283269,0 -102.567049,30.052808,0 -104.102351,31.105203,0 -104.024521,32.000010,0 -103.064423,32.000518,0 -103.041924,36.500439,0 -100.000406,36.499702,0 -100.000381,34.560509,0 -99.929334,34.576714,0 -99.696462,34.381036,0 -99.600026,34.374688,0 -99.584480,34.407673,0 -99.420432,34.380464,0 -99.394956,34.442099,0 -99.350407,34.437083,0 -99.211600,34.313970,0 -99.189511,34.214312,0 -98.940220,34.203686,0 -98.737232,34.130992,0 -98.648073,34.164441,0 -98.577136,34.148962,0 -98.475066,34.064269,0 -98.414426,34.085074,0 -98.364023,34.157109,0 -98.169120,34.114171,0 -98.123377,34.154540,0 -98.082839,34.002412,0 -97.947572,33.991053,0 -97.951215,33.878424,0 -97.865765,33.849393,0 -97.671772,33.991370,0 -97.609091,33.968093,0 -97.558270,33.897099,0 -97.486505,33.916994,0 -97.444193,33.823773,0 -97.372941,33.819454,0 -97.206141,33.914280,0 -97.166629,33.847311,0 -97.205652,33.809824,0 -97.149394,33.721967,0 -97.091072,33.735115,0 -97.055838,33.855741,0 -96.985567,33.886522,0 -96.952313,33.944582,0 -96.905253,33.947219,0 -96.850593,33.847211,0 -96.794276,33.868886,0 -96.712422,33.831633,0 -96.659896,33.916666,0 -96.590112,33.880665,0 -96.592926,33.830916,0 -96.523863,33.818114,0 -96.502286,33.773460,0 -96.436455,33.780050,0 -96.363135,33.694215,0 -96.277269,33.769735,0 -96.229023,33.748021,0 -96.151630,33.831946,0 -95.935325,33.875099,0 -95.820596,33.858465,0 -95.603657,33.927195,0 -95.556915,33.927020,0 -95.525322,33.885487,0 -95.352338,33.867789,0 -95.283445,33.877746,0 -95.226393,33.961954,0 -94.981650,33.852284,0 -94.841634,33.739431,0 -94.766146,33.748031,0 -94.572872,33.669886,0 -94.528928,33.621840,0 -94.485875,33.637867,0 -94.388052,33.565511,0 -94.183395,33.592212,0 -94.043428,33.551425,0 -94.042964,33.019219,0 -91.166073,33.004106,0 -91.120379,33.054530,0 -91.180836,33.098364,0 -91.153015,33.135093,0 -91.104317,33.131598,0 -91.068708,33.232936,0 -91.086137,33.273652,0 -91.125539,33.280255,0 -91.142219,33.348989,0 -91.113764,33.393124,0 -91.215671,33.529423,0 -91.130902,33.610919,0 -91.178311,33.651109,0 -91.100980,33.660551,0 -91.075389,33.714403,0 -91.143287,33.747141,0 -91.111494,33.774568,0 -91.026782,33.763642,0 -91.061247,33.877505,0 -91.026382,33.907980,0 -91.035961,33.943758,0 -91.088696,33.961334,0 -90.892420,34.026860,0 -90.874541,34.072041,0 -90.946323,34.109374,0 -90.882701,34.184364,0 -90.894560,34.224380,0 -90.752681,34.289266,0 -90.765174,34.342818,0 -90.729131,34.364206,0 -90.660404,34.335760,0 -90.641398,34.383869,0 -90.575336,34.415152,0 -90.549244,34.568101,0 -90.587224,34.615732,0 -90.463795,34.834923,0 -90.250095,34.907320,0 -90.244476,34.937596,0 -90.309297,34.995694,0 -85.605165,34.984678,0 -85.184400,32.861317,0 -85.069848,32.583146,0 -84.971831,32.442843,0 -85.008096,32.336677,0 -84.891841,32.263398,0 -85.058749,32.136018,0 -85.067829,31.967358,0 -85.141831,31.839261,0 -85.125530,31.694965,0 -85.058169,31.620227,0 -85.041881,31.544684,0 -85.107516,31.186451,0 -85.035615,31.108192,0 -84.918150,30.772082,0 -84.864693,30.711542,0 -82.218607,30.564395,0 -82.180043,30.368610,0 -82.094709,30.360766,0 -82.040766,30.370144,0 -82.028232,30.447385,0 -82.032667,30.750674,0 -81.943187,30.827437,0 -81.732238,30.749635,0 -81.427420,30.698020,0 -81.434064,30.522569,0 -81.374376,30.252931,0 -81.436929,30.252335,0 -81.433783,30.105536,0 -81.680215,30.121240,0 -81.688876,30.028566,0 -81.600990,29.956017,0 -81.581207,29.840176,0 -81.812430,29.836490,0 -81.909260,29.793560,0 -81.939427,29.747497,0 -82.049244,29.718670,0 -82.133126,29.835949,0 -82.272563,29.843011,0 -82.510819,29.945234,0 -82.641008,29.828473,0 -82.800477,29.932126,0 -82.863266,29.911050,0 -82.893371,29.826839,0 -83.318859,29.822623,0 -83.366398,29.665701,0 -83.414142,29.666188,0 -83.537645,29.723060,0 -83.679219,29.918513,0 -84.000716,30.096209,0 -84.062990,30.101378,0 -84.289727,30.057197,0 -84.366115,30.008662,0 -84.349066,29.896812,0 -84.535873,29.910092,0 -84.577440,29.887828,0 -84.564976,29.810180,0 -85.045074,29.586991,0 -85.259719,29.681296,0 -85.352615,29.659787,0 -85.416548,29.842628,0 -85.384730,29.920949,0 -85.811219,30.178320,0 -86.222561,30.343585,0 -86.632953,30.396299,0 -87.818867,30.228314,0 -87.893201,30.239237,0 -87.806466,30.279798,0 -87.796717,30.324198,0 -87.933355,30.487357,0 -87.901711,30.550879,0 -87.931070,30.652694,0 -88.008396,30.684956,0 -88.061998,30.644891,0 -88.136173,30.320729,0 -88.257764,30.318933,0 -88.364022,30.388006,0 -88.471875,30.320020,0 -88.971233,30.390798,0 -89.344746,30.293196,0 -89.447465,30.205098,0 -89.845065,30.018410,0 -89.852583,29.952721,0 -89.647064,29.863602,0 -89.598129,29.881409,0 -89.574425,29.983738,0 -89.494064,30.040972,0 -89.342163,30.059172,0 -89.183256,30.149344,0 -89.236298,29.877081,0 -89.293251,29.803053,0 -89.271034,29.756355,0 -89.399162,29.770592,0 -89.403956,29.681808,0 -89.602109,29.610295,0 -89.532150,29.434567,0 -89.312085,29.388038,0 -89.257852,29.336872,0 -89.200389,29.344418,0 -89.116653,29.219532,0 -89.025974,29.215153,0 -89.014280,29.166913,0 -89.066617,29.090714,0 -89.116530,29.074097,0 -89.142866,28.991623,0 -89.259354,29.058358,0 -89.400966,28.933812,0 -89.403530,29.016964,0 -89.361098,29.071848,0 -89.482844,29.215053,0 -89.606651,29.252023,0 -89.639663,29.290531,0 -89.842641,29.318823,0 -90.223587,29.085075,0 -90.748377,29.040060,0 -90.867853,29.056064,0 -90.941877,29.162373,0 -91.278792,29.247776,0 -91.334885,29.298775,0 -91.265452,29.360976,0 -91.363967,29.420664,0 -91.347514,29.444438,0 -91.394307,29.497115,0 -91.460963,29.469961,0 -91.531021,29.531543,0 -91.541974,29.594353,0 -91.643832,29.630625,0 -91.623829,29.699240,0 -91.667128,29.745822,0 -91.853070,29.702936,0 -91.873266,29.627277,0 -91.711081,29.569328,0 -91.768263,29.490362,0 -91.821579,29.473925,0 -92.064513,29.585665,0 -92.323465,29.531497,0 -92.568038,29.577397,0 -93.176930,29.770487,0 -93.538462,29.763299,0 -93.741948,29.736343,0 -93.837971,29.690619,0 -93.929208,29.802952,0 -93.703940,30.054291,0 -93.707190,30.275513,0 -93.760328,30.329924,0 -93.745333,30.397022,0 -93.702665,30.429947,0 -93.729195,30.544842,0 -93.629904,30.679940,0 -93.530936,30.924534,0 -93.535097,31.185614,0 -93.911126,31.158071,0 -94.457816,31.033325,0 -94.842947,31.146578,0 -95.200180,30.824566,0 -95.131205,30.781703,0 -95.135384,30.693816,0 -95.054602,30.680173,0 -94.965729,30.576586,0 -94.829984,30.541112,0 -94.852520,30.482907,0 -95.165897,30.344976,0 -95.030936,29.993699,0 -94.985911,29.973012,0 -94.981460,29.884276,0 -94.908663,29.826070,0 -94.913813,29.766300,0 -95.015039,29.631950,0 -95.018205,29.554597,0 -95.068329,29.557485,0 -95.161610,29.497297,0 -95.216349,29.555766,0 -95.253856,29.553778,0 -95.260292,29.589883,0 -95.424286,29.580312,0 -95.825975,29.788616,0 -96.032711,29.727944,0 -96.024825,29.602899,0 -96.175422,29.633806,0 -96.307672,29.514523,0 -96.349217,29.406052,0 -96.640315,29.247804,0 -96.658466,29.263876,0 -96.938587,29.063244,0 -96.976378,29.104046,0 -97.305916,28.864037,0 -97.417340,28.925228,0 -97.778530,28.668027,0 -97.915106,28.719648,0 -98.005252,28.690239,0 -98.098315,28.786949,0 -98.335031,28.612658,0 -98.335047,28.648275,0 -98.800848,28.647306,0 -98.798087,27.268012,0 -99.333610,27.273223,0 -99.370621,27.319174,0 -99.460826,27.262240,0 -99.529654,27.306051,0 -99.487521,27.412396,0 -99.530138,27.580207,0 -99.556812,27.614336,0 -99.704601,27.654954,0 -99.844737,27.778809,0 -99.932161,27.967710,0 -99.984923,27.990729,0 -100.075474,28.124882,0 -100.267604,28.250269,0 -100.397270,28.575637,0 -100.500354,28.661960,0 -100.535830,28.805888,0 -100.627206,28.903734,0 -100.674656,29.099777,0 -100.772649,29.168492,0 -100.801868,29.232832,0</coordinates>
                  </LinearRing>
                </outerBoundaryIs>
              </Polygon>
            </Placemark>
          </Folder>
          <Folder>
            <name>Atlantic South</name>
            <Placemark>
              <name>Research Triangle Area</name>
              <styleUrl>#__managed_style_000000000000000C</styleUrl>
              <description>See: 2050-snapshot/domains/borders-geopolitics.md#atlantic-south</description>
              <Polygon>
                <altitudeMode>clampToGround</altitudeMode>
                <outerBoundaryIs>
                  <LinearRing>
                    <coordinates>-82.218607,30.564395,0 -84.864693,30.711542,0 -84.918150,30.772082,0 -85.035615,31.108192,0 -85.107516,31.186451,0 -85.041881,31.544684,0 -85.058169,31.620227,0 -85.125530,31.694965,0 -85.141831,31.839261,0 -85.067829,31.967358,0 -85.058749,32.136018,0 -84.891841,32.263398,0 -85.008096,32.336677,0 -84.971831,32.442843,0 -85.069848,32.583146,0 -85.184400,32.861317,0 -85.605165,34.984678,0 -84.321869,34.988408,0 -84.283220,35.226577,0 -84.223718,35.269078,0 -84.178516,35.240679,0 -84.097508,35.247382,0 -84.023510,35.295783,0 -84.021782,35.407418,0 -83.771736,35.562118,0 -83.498335,35.562981,0 -83.347262,35.660474,0 -83.297154,35.657750,0 -83.255351,35.716230,0 -83.161537,35.763363,0 -82.978414,35.782610,0 -82.899718,35.874602,0 -82.910608,35.926930,0 -82.860724,35.947430,0 -82.816130,35.923986,0 -82.779397,35.992511,0 -82.628365,36.062105,0 -82.595525,36.026012,0 -82.610885,35.974442,0 -82.557874,35.953901,0 -82.464558,36.006508,0 -82.409458,36.083409,0 -82.297655,36.133510,0 -82.211251,36.159012,0 -82.127146,36.104417,0 -82.028740,36.124322,0 -81.908137,36.302013,0 -81.833202,36.347339,0 -81.705966,36.338496,0 -81.734312,36.413342,0 -81.646900,36.611918,0 -83.675413,36.600814,0 -83.527112,36.665985,0 -83.136395,36.743088,0 -83.075590,36.850589,0 -82.895445,36.882145,0 -82.869183,36.974182,0 -82.722254,37.057948,0 -82.726294,37.111852,0 -82.355343,37.265220,0 -81.968297,37.537798,0 -81.932279,37.511961,0 -81.984891,37.454315,0 -81.896001,37.331967,0 -81.678603,37.202467,0 -81.560625,37.206663,0 -81.362156,37.337687,0 -81.225104,37.234874,0 -80.835479,37.334824,0 -80.883248,37.383933,0 -80.865148,37.419927,0 -80.770082,37.372363,0 -80.544836,37.474695,0 -80.464820,37.426144,0 -80.291644,37.536505,0 -80.282440,37.585481,0 -80.223386,37.623185,0 -80.292258,37.683732,0 -80.199633,37.827507,0 -79.971231,38.044326,0 -79.916174,38.184386,0 -79.787542,38.273298,0 -79.804093,38.313922,0 -79.689675,38.431439,0 -79.649075,38.591515,0 -79.542570,38.553217,0 -79.476638,38.457228,0 -79.297758,38.416438,0 -79.092955,38.659517,0 -78.999014,38.840074,0 -78.869276,38.762991,0 -78.772793,38.893742,0 -78.561711,39.009007,0 -78.413943,39.158415,0 -78.401813,39.276754,0 -78.340480,39.353492,0 -78.347087,39.466012,0 -77.828302,39.132422,0 -77.962203,39.013733,0 -77.655169,38.942656,0 -77.715715,38.832136,0 -77.531328,38.556550,0 -77.634117,38.466373,0 -77.618727,38.367835,0 -77.703043,38.360894,0 -77.947054,38.120035,0 -77.838536,38.105919,0 -77.642518,37.990688,0 -77.370297,38.246576,0 -77.326692,38.245136,0 -77.330094,38.334010,0 -77.048137,38.360145,0 -76.962311,38.214075,0 -76.838795,38.163476,0 -76.613939,38.148587,0 -76.491998,38.017222,0 -76.236725,37.889174,0 -76.251358,37.833072,0 -76.310307,37.794849,0 -76.329120,37.670976,0 -76.279447,37.618225,0 -76.297960,37.557636,0 -76.248460,37.375135,0 -76.275552,37.309964,0 -76.393958,37.395940,0 -76.437525,37.379750,0 -76.362290,37.270226,0 -76.394132,37.225150,0 -76.271262,37.084544,0 -76.304272,37.001378,0 -76.189959,36.931447,0 -75.996252,36.922047,0 -75.796410,36.290351,0 -75.496086,35.728515,0 -75.458659,35.596597,0 -75.533627,35.225825,0 -75.757916,35.183079,0 -76.137269,34.987858,0 -76.386804,34.784579,0 -76.535946,34.588577,0 -76.618719,34.672550,0 -76.726969,34.696690,0 -76.906257,34.682820,0 -77.136843,34.632926,0 -77.462922,34.471354,0 -77.764022,34.245641,0 -77.829209,34.162618,0 -77.960172,33.853315,0 -78.136952,33.912178,0 -78.383964,33.901946,0 -78.772737,33.768511,0 -79.084588,33.483669,0 -79.162332,33.327246,0 -79.172394,33.206577,0 -79.329909,33.089986,0 -79.359961,33.006672,0 -79.483499,33.001265,0 -79.522449,33.035350,0 -79.580725,33.006447,0 -79.606615,32.972248,0 -79.569762,32.926692,0 -79.868352,32.734849,0 -79.884961,32.684402,0 -80.000801,32.605892,0 -80.148406,32.578479,0 -80.338354,32.478730,0 -80.465710,32.495300,0 -80.484617,32.460976,0 -80.434303,32.375193,0 -80.455192,32.326458,0 -80.596394,32.273549,0 -80.714601,32.325656,0 -80.766038,32.292608,0 -80.669166,32.216783,0 -80.721463,32.160427,0 -80.858735,32.099581,0 -80.885517,32.034600,0 -80.843130,32.024226,0 -80.848441,31.988279,0 -81.130634,31.722692,0 -81.133493,31.623348,0 -81.279338,31.351127,0 -81.282842,31.244330,0 -81.402096,31.125383,0 -81.405153,30.908203,0 -81.460061,30.769912,0 -81.444124,30.709714,0 -81.732238,30.749635,0 -81.943187,30.827437,0 -82.032667,30.750674,0 -82.049529,30.655544,0 -82.015728,30.601698,0 -82.040766,30.370144,0 -82.180043,30.368610,0 -82.218607,30.564395,0</coordinates>
                  </LinearRing>
                </outerBoundaryIs>
              </Polygon>
              <Polygon>
                <altitudeMode>clampToGround</altitudeMode>
                <outerBoundaryIs>
                  <LinearRing>
                    <coordinates>-82.013913,26.452058,0 -82.075015,26.422059,0 -82.180717,26.476257,0 -82.314277,26.858384,0 -82.539719,27.254326,0 -82.743017,27.531086,0 -82.650720,27.523115,0 -82.431980,27.768092,0 -82.448786,27.810036,0 -82.553946,27.848462,0 -82.733076,27.612972,0 -82.746223,27.731306,0 -82.846526,27.854301,0 -82.828163,28.020130,0 -82.859624,28.174135,0 -82.764103,28.244345,0 -82.656694,28.544814,0 -82.668722,28.695658,0 -82.712373,28.720921,0 -82.730245,28.850155,0 -82.688864,28.905609,0 -82.755574,29.000930,0 -82.712039,29.030834,0 -82.612653,29.009271,0 -82.535591,29.044855,0 -82.534860,29.214680,0 -82.403237,29.215623,0 -82.406620,29.485048,0 -82.556766,29.480055,0 -82.557565,29.537606,0 -82.656301,29.564811,0 -82.658554,29.830144,0 -82.510819,29.945234,0 -82.272563,29.843011,0 -82.133126,29.835949,0 -82.055625,29.718232,0 -81.939427,29.747497,0 -81.909260,29.793560,0 -81.812430,29.836490,0 -81.581207,29.840176,0 -81.600990,29.956017,0 -81.688876,30.028566,0 -81.680215,30.121240,0 -81.433783,30.105536,0 -81.436929,30.252335,0 -81.374376,30.252931,0 -81.256711,29.784693,0 -81.163581,29.555290,0 -80.966176,29.147960,0 -80.727506,28.791193,0 -80.967895,28.790197,0 -80.987250,28.612997,0 -80.873318,28.482060,0 -80.873150,27.642288,0 -81.142164,27.643238,0 -81.208124,27.821125,0 -81.301862,27.862081,0 -81.308696,27.921880,0 -81.450896,28.033833,0 -81.457449,28.055084,0 -81.382476,28.012361,0 -81.346418,28.084696,0 -81.455758,28.084890,0 -81.456214,28.143163,0 -81.517320,28.142787,0 -81.539507,28.228202,0 -81.658719,28.254280,0 -81.673781,28.347024,0 -81.957641,28.345180,0 -81.954190,28.960053,0 -82.311697,28.960391,0 -82.169141,28.792954,0 -82.274823,28.656198,0 -82.208184,28.572054,0 -82.054469,28.521367,0 -82.055531,28.258928,0 -82.106206,28.259240,0 -82.105853,28.171650,0 -82.056261,28.171592,0 -82.057506,27.032119,0 -81.562624,27.033835,0 -81.563763,26.513331,0 -81.271768,26.517069,0 -81.268236,26.253069,0 -80.879710,26.259308,0 -80.885639,26.958919,0 -80.083078,26.970534,0 -80.032120,26.771530,0 -80.035363,26.612346,0 -80.109566,26.087165,0 -80.109953,25.818260,0 -80.154972,25.665490,0 -80.229107,25.732509,0 -80.301464,25.613299,0 -80.337049,25.465621,0 -80.310360,25.389707,0 -80.234849,25.421960,0 -80.176024,25.521154,0 -80.163156,25.452184,0 -80.358183,25.153228,0 -80.651189,24.866131,0 -81.103373,24.669463,0 -81.148718,24.710477,0 -80.847471,24.851753,0 -80.610869,25.006995,0 -80.516571,25.095457,0 -80.495394,25.199808,0 -80.650532,25.189097,0 -80.747746,25.147441,0 -80.812133,25.186039,0 -80.858170,25.177520,0 -80.873096,25.805377,0 -81.442308,25.803330,0 -81.614735,25.893977,0 -81.672633,25.856654,0 -81.727086,25.907207,0 -81.844555,26.327712,0 -81.923611,26.436658,0 -82.013913,26.452058,0</coordinates>
                  </LinearRing>
                </outerBoundaryIs>
              </Polygon>
              <Polygon>
                <altitudeMode>clampToGround</altitudeMode>
                <outerBoundaryIs>
                  <LinearRing>
                    <coordinates>-75.658379,37.451815,0 -75.897298,37.118037,0 -75.979608,37.100448,0 -76.023475,37.289067,0 -75.941182,37.563839,0 -75.812155,37.749502,0 -75.818125,37.791698,0 -75.702914,37.849659,0 -75.757694,37.903912,0 -75.624341,37.994211,0 -75.242266,38.027209,0 -75.380638,37.851702,0 -75.439001,37.869335,0 -75.551898,37.748122,0 -75.614527,37.609296,0 -75.607824,37.560706,0 -75.672877,37.483696,0 -75.658379,37.451815,0</coordinates>
                  </LinearRing>
                </outerBoundaryIs>
              </Polygon>
            </Placemark>
            <Placemark>
              <name>Atlanta Metro</name>
              <styleUrl>#__managed_style_000000000000000C</styleUrl>
              <description>See: 2050-snapshot/domains/borders-geopolitics.md#atlantic-south</description>
              <Polygon>
                <altitudeMode>clampToGround</altitudeMode>
                <outerBoundaryIs>
                  <LinearRing>
                    <coordinates>-82.218607,30.564395,0 -84.864693,30.711542,0 -84.918150,30.772082,0 -85.035615,31.108192,0 -85.107516,31.186451,0 -85.041881,31.544684,0 -85.058169,31.620227,0 -85.125530,31.694965,0 -85.141831,31.839261,0 -85.067829,31.967358,0 -85.058749,32.136018,0 -84.891841,32.263398,0 -85.008096,32.336677,0 -84.971831,32.442843,0 -85.069848,32.583146,0 -85.184400,32.861317,0 -85.605165,34.984678,0 -84.321869,34.988408,0 -84.283220,35.226577,0 -84.223718,35.269078,0 -84.178516,35.240679,0 -84.097508,35.247382,0 -84.023510,35.295783,0 -84.021782,35.407418,0 -83.771736,35.562118,0 -83.498335,35.562981,0 -83.347262,35.660474,0 -83.297154,35.657750,0 -83.255351,35.716230,0 -83.161537,35.763363,0 -82.978414,35.782610,0 -82.899718,35.874602,0 -82.910608,35.926930,0 -82.860724,35.947430,0 -82.816130,35.923986,0 -82.779397,35.992511,0 -82.628365,36.062105,0 -82.595525,36.026012,0 -82.610885,35.974442,0 -82.557874,35.953901,0 -82.464558,36.006508,0 -82.409458,36.083409,0 -82.297655,36.133510,0 -82.211251,36.159012,0 -82.127146,36.104417,0 -82.028740,36.124322,0 -81.908137,36.302013,0 -81.833202,36.347339,0 -81.705966,36.338496,0 -81.734312,36.413342,0 -81.646900,36.611918,0 -83.675413,36.600814,0 -83.527112,36.665985,0 -83.136395,36.743088,0 -83.075590,36.850589,0 -82.895445,36.882145,0 -82.869183,36.974182,0 -82.722254,37.057948,0 -82.726294,37.111852,0 -82.355343,37.265220,0 -81.968297,37.537798,0 -81.932279,37.511961,0 -81.984891,37.454315,0 -81.896001,37.331967,0 -81.678603,37.202467,0 -81.560625,37.206663,0 -81.362156,37.337687,0 -81.225104,37.234874,0 -80.835479,37.334824,0 -80.883248,37.383933,0 -80.865148,37.419927,0 -80.770082,37.372363,0 -80.544836,37.474695,0 -80.464820,37.426144,0 -80.291644,37.536505,0 -80.282440,37.585481,0 -80.223386,37.623185,0 -80.292258,37.683732,0 -80.199633,37.827507,0 -79.971231,38.044326,0 -79.916174,38.184386,0 -79.787542,38.273298,0 -79.804093,38.313922,0 -79.689675,38.431439,0 -79.649075,38.591515,0 -79.542570,38.553217,0 -79.476638,38.457228,0 -79.297758,38.416438,0 -79.092955,38.659517,0 -78.999014,38.840074,0 -78.869276,38.762991,0 -78.772793,38.893742,0 -78.561711,39.009007,0 -78.413943,39.158415,0 -78.401813,39.276754,0 -78.340480,39.353492,0 -78.347087,39.466012,0 -77.828302,39.132422,0 -77.962203,39.013733,0 -77.655169,38.942656,0 -77.715715,38.832136,0 -77.531328,38.556550,0 -77.634117,38.466373,0 -77.618727,38.367835,0 -77.703043,38.360894,0 -77.947054,38.120035,0 -77.838536,38.105919,0 -77.642518,37.990688,0 -77.370297,38.246576,0 -77.326692,38.245136,0 -77.330094,38.334010,0 -77.048137,38.360145,0 -76.962311,38.214075,0 -76.838795,38.163476,0 -76.613939,38.148587,0 -76.491998,38.017222,0 -76.236725,37.889174,0 -76.251358,37.833072,0 -76.310307,37.794849,0 -76.329120,37.670976,0 -76.279447,37.618225,0 -76.297960,37.557636,0 -76.248460,37.375135,0 -76.275552,37.309964,0 -76.393958,37.395940,0 -76.437525,37.379750,0 -76.362290,37.270226,0 -76.394132,37.225150,0 -76.271262,37.084544,0 -76.304272,37.001378,0 -76.189959,36.931447,0 -75.996252,36.922047,0 -75.796410,36.290351,0 -75.496086,35.728515,0 -75.458659,35.596597,0 -75.533627,35.225825,0 -75.757916,35.183079,0 -76.137269,34.987858,0 -76.386804,34.784579,0 -76.535946,34.588577,0 -76.618719,34.672550,0 -76.726969,34.696690,0 -76.906257,34.682820,0 -77.136843,34.632926,0 -77.462922,34.471354,0 -77.764022,34.245641,0 -77.829209,34.162618,0 -77.960172,33.853315,0 -78.136952,33.912178,0 -78.383964,33.901946,0 -78.772737,33.768511,0 -79.084588,33.483669,0 -79.162332,33.327246,0 -79.172394,33.206577,0 -79.329909,33.089986,0 -79.359961,33.006672,0 -79.483499,33.001265,0 -79.522449,33.035350,0 -79.580725,33.006447,0 -79.606615,32.972248,0 -79.569762,32.926692,0 -79.868352,32.734849,0 -79.884961,32.684402,0 -80.000801,32.605892,0 -80.148406,32.578479,0 -80.338354,32.478730,0 -80.465710,32.495300,0 -80.484617,32.460976,0 -80.434303,32.375193,0 -80.455192,32.326458,0 -80.596394,32.273549,0 -80.714601,32.325656,0 -80.766038,32.292608,0 -80.669166,32.216783,0 -80.721463,32.160427,0 -80.858735,32.099581,0 -80.885517,32.034600,0 -80.843130,32.024226,0 -80.848441,31.988279,0 -81.130634,31.722692,0 -81.133493,31.623348,0 -81.279338,31.351127,0 -81.282842,31.244330,0 -81.402096,31.125383,0 -81.405153,30.908203,0 -81.460061,30.769912,0 -81.444124,30.709714,0 -81.732238,30.749635,0 -81.943187,30.827437,0 -82.032667,30.750674,0 -82.049529,30.655544,0 -82.015728,30.601698,0 -82.040766,30.370144,0 -82.180043,30.368610,0 -82.218607,30.564395,0</coordinates>
                  </LinearRing>
                </outerBoundaryIs>
              </Polygon>
              <Polygon>
                <altitudeMode>clampToGround</altitudeMode>
                <outerBoundaryIs>
                  <LinearRing>
                    <coordinates>-82.013913,26.452058,0 -82.075015,26.422059,0 -82.180717,26.476257,0 -82.314277,26.858384,0 -82.539719,27.254326,0 -82.743017,27.531086,0 -82.650720,27.523115,0 -82.431980,27.768092,0 -82.448786,27.810036,0 -82.553946,27.848462,0 -82.733076,27.612972,0 -82.746223,27.731306,0 -82.846526,27.854301,0 -82.828163,28.020130,0 -82.859624,28.174135,0 -82.764103,28.244345,0 -82.656694,28.544814,0 -82.668722,28.695658,0 -82.712373,28.720921,0 -82.730245,28.850155,0 -82.688864,28.905609,0 -82.755574,29.000930,0 -82.712039,29.030834,0 -82.612653,29.009271,0 -82.535591,29.044855,0 -82.534860,29.214680,0 -82.403237,29.215623,0 -82.406620,29.485048,0 -82.556766,29.480055,0 -82.557565,29.537606,0 -82.656301,29.564811,0 -82.658554,29.830144,0 -82.510819,29.945234,0 -82.272563,29.843011,0 -82.133126,29.835949,0 -82.055625,29.718232,0 -81.939427,29.747497,0 -81.909260,29.793560,0 -81.812430,29.836490,0 -81.581207,29.840176,0 -81.600990,29.956017,0 -81.688876,30.028566,0 -81.680215,30.121240,0 -81.433783,30.105536,0 -81.436929,30.252335,0 -81.374376,30.252931,0 -81.256711,29.784693,0 -81.163581,29.555290,0 -80.966176,29.147960,0 -80.727506,28.791193,0 -80.967895,28.790197,0 -80.987250,28.612997,0 -80.873318,28.482060,0 -80.873150,27.642288,0 -81.142164,27.643238,0 -81.208124,27.821125,0 -81.301862,27.862081,0 -81.308696,27.921880,0 -81.450896,28.033833,0 -81.457449,28.055084,0 -81.382476,28.012361,0 -81.346418,28.084696,0 -81.455758,28.084890,0 -81.456214,28.143163,0 -81.517320,28.142787,0 -81.539507,28.228202,0 -81.658719,28.254280,0 -81.673781,28.347024,0 -81.957641,28.345180,0 -81.954190,28.960053,0 -82.311697,28.960391,0 -82.169141,28.792954,0 -82.274823,28.656198,0 -82.208184,28.572054,0 -82.054469,28.521367,0 -82.055531,28.258928,0 -82.106206,28.259240,0 -82.105853,28.171650,0 -82.056261,28.171592,0 -82.057506,27.032119,0 -81.562624,27.033835,0 -81.563763,26.513331,0 -81.271768,26.517069,0 -81.268236,26.253069,0 -80.879710,26.259308,0 -80.885639,26.958919,0 -80.083078,26.970534,0 -80.032120,26.771530,0 -80.035363,26.612346,0 -80.109566,26.087165,0 -80.109953,25.818260,0 -80.154972,25.665490,0 -80.229107,25.732509,0 -80.301464,25.613299,0 -80.337049,25.465621,0 -80.310360,25.389707,0 -80.234849,25.421960,0 -80.176024,25.521154,0 -80.163156,25.452184,0 -80.358183,25.153228,0 -80.651189,24.866131,0 -81.103373,24.669463,0 -81.148718,24.710477,0 -80.847471,24.851753,0 -80.610869,25.006995,0 -80.516571,25.095457,0 -80.495394,25.199808,0 -80.650532,25.189097,0 -80.747746,25.147441,0 -80.812133,25.186039,0 -80.858170,25.177520,0 -80.873096,25.805377,0 -81.442308,25.803330,0 -81.614735,25.893977,0 -81.672633,25.856654,0 -81.727086,25.907207,0 -81.844555,26.327712,0 -81.923611,26.436658,0 -82.013913,26.452058,0</coordinates>
                  </LinearRing>
                </outerBoundaryIs>
              </Polygon>
              <Polygon>
                <altitudeMode>clampToGround</altitudeMode>
                <outerBoundaryIs>
                  <LinearRing>
                    <coordinates>-75.658379,37.451815,0 -75.897298,37.118037,0 -75.979608,37.100448,0 -76.023475,37.289067,0 -75.941182,37.563839,0 -75.812155,37.749502,0 -75.818125,37.791698,0 -75.702914,37.849659,0 -75.757694,37.903912,0 -75.624341,37.994211,0 -75.242266,38.027209,0 -75.380638,37.851702,0 -75.439001,37.869335,0 -75.551898,37.748122,0 -75.614527,37.609296,0 -75.607824,37.560706,0 -75.672877,37.483696,0 -75.658379,37.451815,0</coordinates>
                  </LinearRing>
                </outerBoundaryIs>
              </Polygon>
            </Placemark>
            <Placemark>
              <name>South Carolina Rural</name>
              <styleUrl>#__managed_style_000000000000000C</styleUrl>
              <description>See: 2050-snapshot/domains/borders-geopolitics.md#atlantic-south</description>
              <Polygon>
                <altitudeMode>clampToGround</altitudeMode>
                <outerBoundaryIs>
                  <LinearRing>
                    <coordinates>-82.218607,30.564395,0 -84.864693,30.711542,0 -84.918150,30.772082,0 -85.035615,31.108192,0 -85.107516,31.186451,0 -85.041881,31.544684,0 -85.058169,31.620227,0 -85.125530,31.694965,0 -85.141831,31.839261,0 -85.067829,31.967358,0 -85.058749,32.136018,0 -84.891841,32.263398,0 -85.008096,32.336677,0 -84.971831,32.442843,0 -85.069848,32.583146,0 -85.184400,32.861317,0 -85.605165,34.984678,0 -84.321869,34.988408,0 -84.283220,35.226577,0 -84.223718,35.269078,0 -84.178516,35.240679,0 -84.097508,35.247382,0 -84.023510,35.295783,0 -84.021782,35.407418,0 -83.771736,35.562118,0 -83.498335,35.562981,0 -83.347262,35.660474,0 -83.297154,35.657750,0 -83.255351,35.716230,0 -83.161537,35.763363,0 -82.978414,35.782610,0 -82.899718,35.874602,0 -82.910608,35.926930,0 -82.860724,35.947430,0 -82.816130,35.923986,0 -82.779397,35.992511,0 -82.628365,36.062105,0 -82.595525,36.026012,0 -82.610885,35.974442,0 -82.557874,35.953901,0 -82.464558,36.006508,0 -82.409458,36.083409,0 -82.297655,36.133510,0 -82.211251,36.159012,0 -82.127146,36.104417,0 -82.028740,36.124322,0 -81.908137,36.302013,0 -81.833202,36.347339,0 -81.705966,36.338496,0 -81.734312,36.413342,0 -81.646900,36.611918,0 -83.675413,36.600814,0 -83.527112,36.665985,0 -83.136395,36.743088,0 -83.075590,36.850589,0 -82.895445,36.882145,0 -82.869183,36.974182,0 -82.722254,37.057948,0 -82.726294,37.111852,0 -82.355343,37.265220,0 -81.968297,37.537798,0 -81.932279,37.511961,0 -81.984891,37.454315,0 -81.896001,37.331967,0 -81.678603,37.202467,0 -81.560625,37.206663,0 -81.362156,37.337687,0 -81.225104,37.234874,0 -80.835479,37.334824,0 -80.883248,37.383933,0 -80.865148,37.419927,0 -80.770082,37.372363,0 -80.544836,37.474695,0 -80.464820,37.426144,0 -80.291644,37.536505,0 -80.282440,37.585481,0 -80.223386,37.623185,0 -80.292258,37.683732,0 -80.199633,37.827507,0 -79.971231,38.044326,0 -79.916174,38.184386,0 -79.787542,38.273298,0 -79.804093,38.313922,0 -79.689675,38.431439,0 -79.649075,38.591515,0 -79.542570,38.553217,0 -79.476638,38.457228,0 -79.297758,38.416438,0 -79.092955,38.659517,0 -78.999014,38.840074,0 -78.869276,38.762991,0 -78.772793,38.893742,0 -78.561711,39.009007,0 -78.413943,39.158415,0 -78.401813,39.276754,0 -78.340480,39.353492,0 -78.347087,39.466012,0 -77.828302,39.132422,0 -77.962203,39.013733,0 -77.655169,38.942656,0 -77.715715,38.832136,0 -77.531328,38.556550,0 -77.634117,38.466373,0 -77.618727,38.367835,0 -77.703043,38.360894,0 -77.947054,38.120035,0 -77.838536,38.105919,0 -77.642518,37.990688,0 -77.370297,38.246576,0 -77.326692,38.245136,0 -77.330094,38.334010,0 -77.048137,38.360145,0 -76.962311,38.214075,0 -76.838795,38.163476,0 -76.613939,38.148587,0 -76.491998,38.017222,0 -76.236725,37.889174,0 -76.251358,37.833072,0 -76.310307,37.794849,0 -76.329120,37.670976,0 -76.279447,37.618225,0 -76.297960,37.557636,0 -76.248460,37.375135,0 -76.275552,37.309964,0 -76.393958,37.395940,0 -76.437525,37.379750,0 -76.362290,37.270226,0 -76.394132,37.225150,0 -76.271262,37.084544,0 -76.304272,37.001378,0 -76.189959,36.931447,0 -75.996252,36.922047,0 -75.796410,36.290351,0 -75.496086,35.728515,0 -75.458659,35.596597,0 -75.533627,35.225825,0 -75.757916,35.183079,0 -76.137269,34.987858,0 -76.386804,34.784579,0 -76.535946,34.588577,0 -76.618719,34.672550,0 -76.726969,34.696690,0 -76.906257,34.682820,0 -77.136843,34.632926,0 -77.462922,34.471354,0 -77.764022,34.245641,0 -77.829209,34.162618,0 -77.960172,33.853315,0 -78.136952,33.912178,0 -78.383964,33.901946,0 -78.772737,33.768511,0 -79.084588,33.483669,0 -79.162332,33.327246,0 -79.172394,33.206577,0 -79.329909,33.089986,0 -79.359961,33.006672,0 -79.483499,33.001265,0 -79.522449,33.035350,0 -79.580725,33.006447,0 -79.606615,32.972248,0 -79.569762,32.926692,0 -79.868352,32.734849,0 -79.884961,32.684402,0 -80.000801,32.605892,0 -80.148406,32.578479,0 -80.338354,32.478730,0 -80.465710,32.495300,0 -80.484617,32.460976,0 -80.434303,32.375193,0 -80.455192,32.326458,0 -80.596394,32.273549,0 -80.714601,32.325656,0 -80.766038,32.292608,0 -80.669166,32.216783,0 -80.721463,32.160427,0 -80.858735,32.099581,0 -80.885517,32.034600,0 -80.843130,32.024226,0 -80.848441,31.988279,0 -81.130634,31.722692,0 -81.133493,31.623348,0 -81.279338,31.351127,0 -81.282842,31.244330,0 -81.402096,31.125383,0 -81.405153,30.908203,0 -81.460061,30.769912,0 -81.444124,30.709714,0 -81.732238,30.749635,0 -81.943187,30.827437,0 -82.032667,30.750674,0 -82.049529,30.655544,0 -82.015728,30.601698,0 -82.040766,30.370144,0 -82.180043,30.368610,0 -82.218607,30.564395,0</coordinates>
                  </LinearRing>
                </outerBoundaryIs>
              </Polygon>
              <Polygon>
                <altitudeMode>clampToGround</altitudeMode>
                <outerBoundaryIs>
                  <LinearRing>
                    <coordinates>-82.013913,26.452058,0 -82.075015,26.422059,0 -82.180717,26.476257,0 -82.314277,26.858384,0 -82.539719,27.254326,0 -82.743017,27.531086,0 -82.650720,27.523115,0 -82.431980,27.768092,0 -82.448786,27.810036,0 -82.553946,27.848462,0 -82.733076,27.612972,0 -82.746223,27.731306,0 -82.846526,27.854301,0 -82.828163,28.020130,0 -82.859624,28.174135,0 -82.764103,28.244345,0 -82.656694,28.544814,0 -82.668722,28.695658,0 -82.712373,28.720921,0 -82.730245,28.850155,0 -82.688864,28.905609,0 -82.755574,29.000930,0 -82.712039,29.030834,0 -82.612653,29.009271,0 -82.535591,29.044855,0 -82.534860,29.214680,0 -82.403237,29.215623,0 -82.406620,29.485048,0 -82.556766,29.480055,0 -82.557565,29.537606,0 -82.656301,29.564811,0 -82.658554,29.830144,0 -82.510819,29.945234,0 -82.272563,29.843011,0 -82.133126,29.835949,0 -82.055625,29.718232,0 -81.939427,29.747497,0 -81.909260,29.793560,0 -81.812430,29.836490,0 -81.581207,29.840176,0 -81.600990,29.956017,0 -81.688876,30.028566,0 -81.680215,30.121240,0 -81.433783,30.105536,0 -81.436929,30.252335,0 -81.374376,30.252931,0 -81.256711,29.784693,0 -81.163581,29.555290,0 -80.966176,29.147960,0 -80.727506,28.791193,0 -80.967895,28.790197,0 -80.987250,28.612997,0 -80.873318,28.482060,0 -80.873150,27.642288,0 -81.142164,27.643238,0 -81.208124,27.821125,0 -81.301862,27.862081,0 -81.308696,27.921880,0 -81.450896,28.033833,0 -81.457449,28.055084,0 -81.382476,28.012361,0 -81.346418,28.084696,0 -81.455758,28.084890,0 -81.456214,28.143163,0 -81.517320,28.142787,0 -81.539507,28.228202,0 -81.658719,28.254280,0 -81.673781,28.347024,0 -81.957641,28.345180,0 -81.954190,28.960053,0 -82.311697,28.960391,0 -82.169141,28.792954,0 -82.274823,28.656198,0 -82.208184,28.572054,0 -82.054469,28.521367,0 -82.055531,28.258928,0 -82.106206,28.259240,0 -82.105853,28.171650,0 -82.056261,28.171592,0 -82.057506,27.032119,0 -81.562624,27.033835,0 -81.563763,26.513331,0 -81.271768,26.517069,0 -81.268236,26.253069,0 -80.879710,26.259308,0 -80.885639,26.958919,0 -80.083078,26.970534,0 -80.032120,26.771530,0 -80.035363,26.612346,0 -80.109566,26.087165,0 -80.109953,25.818260,0 -80.154972,25.665490,0 -80.229107,25.732509,0 -80.301464,25.613299,0 -80.337049,25.465621,0 -80.310360,25.389707,0 -80.234849,25.421960,0 -80.176024,25.521154,0 -80.163156,25.452184,0 -80.358183,25.153228,0 -80.651189,24.866131,0 -81.103373,24.669463,0 -81.148718,24.710477,0 -80.847471,24.851753,0 -80.610869,25.006995,0 -80.516571,25.095457,0 -80.495394,25.199808,0 -80.650532,25.189097,0 -80.747746,25.147441,0 -80.812133,25.186039,0 -80.858170,25.177520,0 -80.873096,25.805377,0 -81.442308,25.803330,0 -81.614735,25.893977,0 -81.672633,25.856654,0 -81.727086,25.907207,0 -81.844555,26.327712,0 -81.923611,26.436658,0 -82.013913,26.452058,0</coordinates>
                  </LinearRing>
                </outerBoundaryIs>
              </Polygon>
              <Polygon>
                <altitudeMode>clampToGround</altitudeMode>
                <outerBoundaryIs>
                  <LinearRing>
                    <coordinates>-75.658379,37.451815,0 -75.897298,37.118037,0 -75.979608,37.100448,0 -76.023475,37.289067,0 -75.941182,37.563839,0 -75.812155,37.749502,0 -75.818125,37.791698,0 -75.702914,37.849659,0 -75.757694,37.903912,0 -75.624341,37.994211,0 -75.242266,38.027209,0 -75.380638,37.851702,0 -75.439001,37.869335,0 -75.551898,37.748122,0 -75.614527,37.609296,0 -75.607824,37.560706,0 -75.672877,37.483696,0 -75.658379,37.451815,0</coordinates>
                  </LinearRing>
                </outerBoundaryIs>
              </Polygon>
            </Placemark>
            <Placemark>
              <name>Georgia Rural</name>
              <styleUrl>#__managed_style_000000000000000C</styleUrl>
              <description>See: 2050-snapshot/domains/borders-geopolitics.md#atlantic-south</description>
              <Polygon>
                <altitudeMode>clampToGround</altitudeMode>
                <outerBoundaryIs>
                  <LinearRing>
                    <coordinates>-82.218607,30.564395,0 -84.864693,30.711542,0 -84.918150,30.772082,0 -85.035615,31.108192,0 -85.107516,31.186451,0 -85.041881,31.544684,0 -85.058169,31.620227,0 -85.125530,31.694965,0 -85.141831,31.839261,0 -85.067829,31.967358,0 -85.058749,32.136018,0 -84.891841,32.263398,0 -85.008096,32.336677,0 -84.971831,32.442843,0 -85.069848,32.583146,0 -85.184400,32.861317,0 -85.605165,34.984678,0 -84.321869,34.988408,0 -84.283220,35.226577,0 -84.223718,35.269078,0 -84.178516,35.240679,0 -84.097508,35.247382,0 -84.023510,35.295783,0 -84.021782,35.407418,0 -83.771736,35.562118,0 -83.498335,35.562981,0 -83.347262,35.660474,0 -83.297154,35.657750,0 -83.255351,35.716230,0 -83.161537,35.763363,0 -82.978414,35.782610,0 -82.899718,35.874602,0 -82.910608,35.926930,0 -82.860724,35.947430,0 -82.816130,35.923986,0 -82.779397,35.992511,0 -82.628365,36.062105,0 -82.595525,36.026012,0 -82.610885,35.974442,0 -82.557874,35.953901,0 -82.464558,36.006508,0 -82.409458,36.083409,0 -82.297655,36.133510,0 -82.211251,36.159012,0 -82.127146,36.104417,0 -82.028740,36.124322,0 -81.908137,36.302013,0 -81.833202,36.347339,0 -81.705966,36.338496,0 -81.734312,36.413342,0 -81.646900,36.611918,0 -83.675413,36.600814,0 -83.527112,36.665985,0 -83.136395,36.743088,0 -83.075590,36.850589,0 -82.895445,36.882145,0 -82.869183,36.974182,0 -82.722254,37.057948,0 -82.726294,37.111852,0 -82.355343,37.265220,0 -81.968297,37.537798,0 -81.932279,37.511961,0 -81.984891,37.454315,0 -81.896001,37.331967,0 -81.678603,37.202467,0 -81.560625,37.206663,0 -81.362156,37.337687,0 -81.225104,37.234874,0 -80.835479,37.334824,0 -80.883248,37.383933,0 -80.865148,37.419927,0 -80.770082,37.372363,0 -80.544836,37.474695,0 -80.464820,37.426144,0 -80.291644,37.536505,0 -80.282440,37.585481,0 -80.223386,37.623185,0 -80.292258,37.683732,0 -80.199633,37.827507,0 -79.971231,38.044326,0 -79.916174,38.184386,0 -79.787542,38.273298,0 -79.804093,38.313922,0 -79.689675,38.431439,0 -79.649075,38.591515,0 -79.542570,38.553217,0 -79.476638,38.457228,0 -79.297758,38.416438,0 -79.092955,38.659517,0 -78.999014,38.840074,0 -78.869276,38.762991,0 -78.772793,38.893742,0 -78.561711,39.009007,0 -78.413943,39.158415,0 -78.401813,39.276754,0 -78.340480,39.353492,0 -78.347087,39.466012,0 -77.828302,39.132422,0 -77.962203,39.013733,0 -77.655169,38.942656,0 -77.715715,38.832136,0 -77.531328,38.556550,0 -77.634117,38.466373,0 -77.618727,38.367835,0 -77.703043,38.360894,0 -77.947054,38.120035,0 -77.838536,38.105919,0 -77.642518,37.990688,0 -77.370297,38.246576,0 -77.326692,38.245136,0 -77.330094,38.334010,0 -77.048137,38.360145,0 -76.962311,38.214075,0 -76.838795,38.163476,0 -76.613939,38.148587,0 -76.491998,38.017222,0 -76.236725,37.889174,0 -76.251358,37.833072,0 -76.310307,37.794849,0 -76.329120,37.670976,0 -76.279447,37.618225,0 -76.297960,37.557636,0 -76.248460,37.375135,0 -76.275552,37.309964,0 -76.393958,37.395940,0 -76.437525,37.379750,0 -76.362290,37.270226,0 -76.394132,37.225150,0 -76.271262,37.084544,0 -76.304272,37.001378,0 -76.189959,36.931447,0 -75.996252,36.922047,0 -75.796410,36.290351,0 -75.496086,35.728515,0 -75.458659,35.596597,0 -75.533627,35.225825,0 -75.757916,35.183079,0 -76.137269,34.987858,0 -76.386804,34.784579,0 -76.535946,34.588577,0 -76.618719,34.672550,0 -76.726969,34.696690,0 -76.906257,34.682820,0 -77.136843,34.632926,0 -77.462922,34.471354,0 -77.764022,34.245641,0 -77.829209,34.162618,0 -77.960172,33.853315,0 -78.136952,33.912178,0 -78.383964,33.901946,0 -78.772737,33.768511,0 -79.084588,33.483669,0 -79.162332,33.327246,0 -79.172394,33.206577,0 -79.329909,33.089986,0 -79.359961,33.006672,0 -79.483499,33.001265,0 -79.522449,33.035350,0 -79.580725,33.006447,0 -79.606615,32.972248,0 -79.569762,32.926692,0 -79.868352,32.734849,0 -79.884961,32.684402,0 -80.000801,32.605892,0 -80.148406,32.578479,0 -80.338354,32.478730,0 -80.465710,32.495300,0 -80.484617,32.460976,0 -80.434303,32.375193,0 -80.455192,32.326458,0 -80.596394,32.273549,0 -80.714601,32.325656,0 -80.766038,32.292608,0 -80.669166,32.216783,0 -80.721463,32.160427,0 -80.858735,32.099581,0 -80.885517,32.034600,0 -80.843130,32.024226,0 -80.848441,31.988279,0 -81.130634,31.722692,0 -81.133493,31.623348,0 -81.279338,31.351127,0 -81.282842,31.244330,0 -81.402096,31.125383,0 -81.405153,30.908203,0 -81.460061,30.769912,0 -81.444124,30.709714,0 -81.732238,30.749635,0 -81.943187,30.827437,0 -82.032667,30.750674,0 -82.049529,30.655544,0 -82.015728,30.601698,0 -82.040766,30.370144,0 -82.180043,30.368610,0 -82.218607,30.564395,0</coordinates>
                  </LinearRing>
                </outerBoundaryIs>
              </Polygon>
              <Polygon>
                <altitudeMode>clampToGround</altitudeMode>
                <outerBoundaryIs>
                  <LinearRing>
                    <coordinates>-82.013913,26.452058,0 -82.075015,26.422059,0 -82.180717,26.476257,0 -82.314277,26.858384,0 -82.539719,27.254326,0 -82.743017,27.531086,0 -82.650720,27.523115,0 -82.431980,27.768092,0 -82.448786,27.810036,0 -82.553946,27.848462,0 -82.733076,27.612972,0 -82.746223,27.731306,0 -82.846526,27.854301,0 -82.828163,28.020130,0 -82.859624,28.174135,0 -82.764103,28.244345,0 -82.656694,28.544814,0 -82.668722,28.695658,0 -82.712373,28.720921,0 -82.730245,28.850155,0 -82.688864,28.905609,0 -82.755574,29.000930,0 -82.712039,29.030834,0 -82.612653,29.009271,0 -82.535591,29.044855,0 -82.534860,29.214680,0 -82.403237,29.215623,0 -82.406620,29.485048,0 -82.556766,29.480055,0 -82.557565,29.537606,0 -82.656301,29.564811,0 -82.658554,29.830144,0 -82.510819,29.945234,0 -82.272563,29.843011,0 -82.133126,29.835949,0 -82.055625,29.718232,0 -81.939427,29.747497,0 -81.909260,29.793560,0 -81.812430,29.836490,0 -81.581207,29.840176,0 -81.600990,29.956017,0 -81.688876,30.028566,0 -81.680215,30.121240,0 -81.433783,30.105536,0 -81.436929,30.252335,0 -81.374376,30.252931,0 -81.256711,29.784693,0 -81.163581,29.555290,0 -80.966176,29.147960,0 -80.727506,28.791193,0 -80.967895,28.790197,0 -80.987250,28.612997,0 -80.873318,28.482060,0 -80.873150,27.642288,0 -81.142164,27.643238,0 -81.208124,27.821125,0 -81.301862,27.862081,0 -81.308696,27.921880,0 -81.450896,28.033833,0 -81.457449,28.055084,0 -81.382476,28.012361,0 -81.346418,28.084696,0 -81.455758,28.084890,0 -81.456214,28.143163,0 -81.517320,28.142787,0 -81.539507,28.228202,0 -81.658719,28.254280,0 -81.673781,28.347024,0 -81.957641,28.345180,0 -81.954190,28.960053,0 -82.311697,28.960391,0 -82.169141,28.792954,0 -82.274823,28.656198,0 -82.208184,28.572054,0 -82.054469,28.521367,0 -82.055531,28.258928,0 -82.106206,28.259240,0 -82.105853,28.171650,0 -82.056261,28.171592,0 -82.057506,27.032119,0 -81.562624,27.033835,0 -81.563763,26.513331,0 -81.271768,26.517069,0 -81.268236,26.253069,0 -80.879710,26.259308,0 -80.885639,26.958919,0 -80.083078,26.970534,0 -80.032120,26.771530,0 -80.035363,26.612346,0 -80.109566,26.087165,0 -80.109953,25.818260,0 -80.154972,25.665490,0 -80.229107,25.732509,0 -80.301464,25.613299,0 -80.337049,25.465621,0 -80.310360,25.389707,0 -80.234849,25.421960,0 -80.176024,25.521154,0 -80.163156,25.452184,0 -80.358183,25.153228,0 -80.651189,24.866131,0 -81.103373,24.669463,0 -81.148718,24.710477,0 -80.847471,24.851753,0 -80.610869,25.006995,0 -80.516571,25.095457,0 -80.495394,25.199808,0 -80.650532,25.189097,0 -80.747746,25.147441,0 -80.812133,25.186039,0 -80.858170,25.177520,0 -80.873096,25.805377,0 -81.442308,25.803330,0 -81.614735,25.893977,0 -81.672633,25.856654,0 -81.727086,25.907207,0 -81.844555,26.327712,0 -81.923611,26.436658,0 -82.013913,26.452058,0</coordinates>
                  </LinearRing>
                </outerBoundaryIs>
              </Polygon>
              <Polygon>
                <altitudeMode>clampToGround</altitudeMode>
                <outerBoundaryIs>
                  <LinearRing>
                    <coordinates>-75.658379,37.451815,0 -75.897298,37.118037,0 -75.979608,37.100448,0 -76.023475,37.289067,0 -75.941182,37.563839,0 -75.812155,37.749502,0 -75.818125,37.791698,0 -75.702914,37.849659,0 -75.757694,37.903912,0 -75.624341,37.994211,0 -75.242266,38.027209,0 -75.380638,37.851702,0 -75.439001,37.869335,0 -75.551898,37.748122,0 -75.614527,37.609296,0 -75.607824,37.560706,0 -75.672877,37.483696,0 -75.658379,37.451815,0</coordinates>
                  </LinearRing>
                </outerBoundaryIs>
              </Polygon>
            </Placemark>
            <Placemark>
              <name>Southern Virginia</name>
              <styleUrl>#__managed_style_000000000000000C</styleUrl>
              <description>See: 2050-snapshot/domains/borders-geopolitics.md#atlantic-south</description>
              <Polygon>
                <altitudeMode>clampToGround</altitudeMode>
                <outerBoundaryIs>
                  <LinearRing>
                    <coordinates>-82.218607,30.564395,0 -84.864693,30.711542,0 -84.918150,30.772082,0 -85.035615,31.108192,0 -85.107516,31.186451,0 -85.041881,31.544684,0 -85.058169,31.620227,0 -85.125530,31.694965,0 -85.141831,31.839261,0 -85.067829,31.967358,0 -85.058749,32.136018,0 -84.891841,32.263398,0 -85.008096,32.336677,0 -84.971831,32.442843,0 -85.069848,32.583146,0 -85.184400,32.861317,0 -85.605165,34.984678,0 -84.321869,34.988408,0 -84.283220,35.226577,0 -84.223718,35.269078,0 -84.178516,35.240679,0 -84.097508,35.247382,0 -84.023510,35.295783,0 -84.021782,35.407418,0 -83.771736,35.562118,0 -83.498335,35.562981,0 -83.347262,35.660474,0 -83.297154,35.657750,0 -83.255351,35.716230,0 -83.161537,35.763363,0 -82.978414,35.782610,0 -82.899718,35.874602,0 -82.910608,35.926930,0 -82.860724,35.947430,0 -82.816130,35.923986,0 -82.779397,35.992511,0 -82.628365,36.062105,0 -82.595525,36.026012,0 -82.610885,35.974442,0 -82.557874,35.953901,0 -82.464558,36.006508,0 -82.409458,36.083409,0 -82.297655,36.133510,0 -82.211251,36.159012,0 -82.127146,36.104417,0 -82.028740,36.124322,0 -81.908137,36.302013,0 -81.833202,36.347339,0 -81.705966,36.338496,0 -81.734312,36.413342,0 -81.646900,36.611918,0 -83.675413,36.600814,0 -83.527112,36.665985,0 -83.136395,36.743088,0 -83.075590,36.850589,0 -82.895445,36.882145,0 -82.869183,36.974182,0 -82.722254,37.057948,0 -82.726294,37.111852,0 -82.355343,37.265220,0 -81.968297,37.537798,0 -81.932279,37.511961,0 -81.984891,37.454315,0 -81.896001,37.331967,0 -81.678603,37.202467,0 -81.560625,37.206663,0 -81.362156,37.337687,0 -81.225104,37.234874,0 -80.835479,37.334824,0 -80.883248,37.383933,0 -80.865148,37.419927,0 -80.770082,37.372363,0 -80.544836,37.474695,0 -80.464820,37.426144,0 -80.291644,37.536505,0 -80.282440,37.585481,0 -80.223386,37.623185,0 -80.292258,37.683732,0 -80.199633,37.827507,0 -79.971231,38.044326,0 -79.916174,38.184386,0 -79.787542,38.273298,0 -79.804093,38.313922,0 -79.689675,38.431439,0 -79.649075,38.591515,0 -79.542570,38.553217,0 -79.476638,38.457228,0 -79.297758,38.416438,0 -79.092955,38.659517,0 -78.999014,38.840074,0 -78.869276,38.762991,0 -78.772793,38.893742,0 -78.561711,39.009007,0 -78.413943,39.158415,0 -78.401813,39.276754,0 -78.340480,39.353492,0 -78.347087,39.466012,0 -77.828302,39.132422,0 -77.962203,39.013733,0 -77.655169,38.942656,0 -77.715715,38.832136,0 -77.531328,38.556550,0 -77.634117,38.466373,0 -77.618727,38.367835,0 -77.703043,38.360894,0 -77.947054,38.120035,0 -77.838536,38.105919,0 -77.642518,37.990688,0 -77.370297,38.246576,0 -77.326692,38.245136,0 -77.330094,38.334010,0 -77.048137,38.360145,0 -76.962311,38.214075,0 -76.838795,38.163476,0 -76.613939,38.148587,0 -76.491998,38.017222,0 -76.236725,37.889174,0 -76.251358,37.833072,0 -76.310307,37.794849,0 -76.329120,37.670976,0 -76.279447,37.618225,0 -76.297960,37.557636,0 -76.248460,37.375135,0 -76.275552,37.309964,0 -76.393958,37.395940,0 -76.437525,37.379750,0 -76.362290,37.270226,0 -76.394132,37.225150,0 -76.271262,37.084544,0 -76.304272,37.001378,0 -76.189959,36.931447,0 -75.996252,36.922047,0 -75.796410,36.290351,0 -75.496086,35.728515,0 -75.458659,35.596597,0 -75.533627,35.225825,0 -75.757916,35.183079,0 -76.137269,34.987858,0 -76.386804,34.784579,0 -76.535946,34.588577,0 -76.618719,34.672550,0 -76.726969,34.696690,0 -76.906257,34.682820,0 -77.136843,34.632926,0 -77.462922,34.471354,0 -77.764022,34.245641,0 -77.829209,34.162618,0 -77.960172,33.853315,0 -78.136952,33.912178,0 -78.383964,33.901946,0 -78.772737,33.768511,0 -79.084588,33.483669,0 -79.162332,33.327246,0 -79.172394,33.206577,0 -79.329909,33.089986,0 -79.359961,33.006672,0 -79.483499,33.001265,0 -79.522449,33.035350,0 -79.580725,33.006447,0 -79.606615,32.972248,0 -79.569762,32.926692,0 -79.868352,32.734849,0 -79.884961,32.684402,0 -80.000801,32.605892,0 -80.148406,32.578479,0 -80.338354,32.478730,0 -80.465710,32.495300,0 -80.484617,32.460976,0 -80.434303,32.375193,0 -80.455192,32.326458,0 -80.596394,32.273549,0 -80.714601,32.325656,0 -80.766038,32.292608,0 -80.669166,32.216783,0 -80.721463,32.160427,0 -80.858735,32.099581,0 -80.885517,32.034600,0 -80.843130,32.024226,0 -80.848441,31.988279,0 -81.130634,31.722692,0 -81.133493,31.623348,0 -81.279338,31.351127,0 -81.282842,31.244330,0 -81.402096,31.125383,0 -81.405153,30.908203,0 -81.460061,30.769912,0 -81.444124,30.709714,0 -81.732238,30.749635,0 -81.943187,30.827437,0 -82.032667,30.750674,0 -82.049529,30.655544,0 -82.015728,30.601698,0 -82.040766,30.370144,0 -82.180043,30.368610,0 -82.218607,30.564395,0</coordinates>
                  </LinearRing>
                </outerBoundaryIs>
              </Polygon>
              <Polygon>
                <altitudeMode>clampToGround</altitudeMode>
                <outerBoundaryIs>
                  <LinearRing>
                    <coordinates>-82.013913,26.452058,0 -82.075015,26.422059,0 -82.180717,26.476257,0 -82.314277,26.858384,0 -82.539719,27.254326,0 -82.743017,27.531086,0 -82.650720,27.523115,0 -82.431980,27.768092,0 -82.448786,27.810036,0 -82.553946,27.848462,0 -82.733076,27.612972,0 -82.746223,27.731306,0 -82.846526,27.854301,0 -82.828163,28.020130,0 -82.859624,28.174135,0 -82.764103,28.244345,0 -82.656694,28.544814,0 -82.668722,28.695658,0 -82.712373,28.720921,0 -82.730245,28.850155,0 -82.688864,28.905609,0 -82.755574,29.000930,0 -82.712039,29.030834,0 -82.612653,29.009271,0 -82.535591,29.044855,0 -82.534860,29.214680,0 -82.403237,29.215623,0 -82.406620,29.485048,0 -82.556766,29.480055,0 -82.557565,29.537606,0 -82.656301,29.564811,0 -82.658554,29.830144,0 -82.510819,29.945234,0 -82.272563,29.843011,0 -82.133126,29.835949,0 -82.055625,29.718232,0 -81.939427,29.747497,0 -81.909260,29.793560,0 -81.812430,29.836490,0 -81.581207,29.840176,0 -81.600990,29.956017,0 -81.688876,30.028566,0 -81.680215,30.121240,0 -81.433783,30.105536,0 -81.436929,30.252335,0 -81.374376,30.252931,0 -81.256711,29.784693,0 -81.163581,29.555290,0 -80.966176,29.147960,0 -80.727506,28.791193,0 -80.967895,28.790197,0 -80.987250,28.612997,0 -80.873318,28.482060,0 -80.873150,27.642288,0 -81.142164,27.643238,0 -81.208124,27.821125,0 -81.301862,27.862081,0 -81.308696,27.921880,0 -81.450896,28.033833,0 -81.457449,28.055084,0 -81.382476,28.012361,0 -81.346418,28.084696,0 -81.455758,28.084890,0 -81.456214,28.143163,0 -81.517320,28.142787,0 -81.539507,28.228202,0 -81.658719,28.254280,0 -81.673781,28.347024,0 -81.957641,28.345180,0 -81.954190,28.960053,0 -82.311697,28.960391,0 -82.169141,28.792954,0 -82.274823,28.656198,0 -82.208184,28.572054,0 -82.054469,28.521367,0 -82.055531,28.258928,0 -82.106206,28.259240,0 -82.105853,28.171650,0 -82.056261,28.171592,0 -82.057506,27.032119,0 -81.562624,27.033835,0 -81.563763,26.513331,0 -81.271768,26.517069,0 -81.268236,26.253069,0 -80.879710,26.259308,0 -80.885639,26.958919,0 -80.083078,26.970534,0 -80.032120,26.771530,0 -80.035363,26.612346,0 -80.109566,26.087165,0 -80.109953,25.818260,0 -80.154972,25.665490,0 -80.229107,25.732509,0 -80.301464,25.613299,0 -80.337049,25.465621,0 -80.310360,25.389707,0 -80.234849,25.421960,0 -80.176024,25.521154,0 -80.163156,25.452184,0 -80.358183,25.153228,0 -80.651189,24.866131,0 -81.103373,24.669463,0 -81.148718,24.710477,0 -80.847471,24.851753,0 -80.610869,25.006995,0 -80.516571,25.095457,0 -80.495394,25.199808,0 -80.650532,25.189097,0 -80.747746,25.147441,0 -80.812133,25.186039,0 -80.858170,25.177520,0 -80.873096,25.805377,0 -81.442308,25.803330,0 -81.614735,25.893977,0 -81.672633,25.856654,0 -81.727086,25.907207,0 -81.844555,26.327712,0 -81.923611,26.436658,0 -82.013913,26.452058,0</coordinates>
                  </LinearRing>
                </outerBoundaryIs>
              </Polygon>
              <Polygon>
                <altitudeMode>clampToGround</altitudeMode>
                <outerBoundaryIs>
                  <LinearRing>
                    <coordinates>-75.658379,37.451815,0 -75.897298,37.118037,0 -75.979608,37.100448,0 -76.023475,37.289067,0 -75.941182,37.563839,0 -75.812155,37.749502,0 -75.818125,37.791698,0 -75.702914,37.849659,0 -75.757694,37.903912,0 -75.624341,37.994211,0 -75.242266,38.027209,0 -75.380638,37.851702,0 -75.439001,37.869335,0 -75.551898,37.748122,0 -75.614527,37.609296,0 -75.607824,37.560706,0 -75.672877,37.483696,0 -75.658379,37.451815,0</coordinates>
                  </LinearRing>
                </outerBoundaryIs>
              </Polygon>
            </Placemark>
            <Placemark>
              <name>Interior Florida</name>
              <styleUrl>#__managed_style_000000000000000C</styleUrl>
              <description>See: 2050-snapshot/domains/borders-geopolitics.md#atlantic-south</description>
              <Polygon>
                <altitudeMode>clampToGround</altitudeMode>
                <outerBoundaryIs>
                  <LinearRing>
                    <coordinates>-82.218607,30.564395,0 -84.864693,30.711542,0 -84.918150,30.772082,0 -85.035615,31.108192,0 -85.107516,31.186451,0 -85.041881,31.544684,0 -85.058169,31.620227,0 -85.125530,31.694965,0 -85.141831,31.839261,0 -85.067829,31.967358,0 -85.058749,32.136018,0 -84.891841,32.263398,0 -85.008096,32.336677,0 -84.971831,32.442843,0 -85.069848,32.583146,0 -85.184400,32.861317,0 -85.605165,34.984678,0 -84.321869,34.988408,0 -84.283220,35.226577,0 -84.223718,35.269078,0 -84.178516,35.240679,0 -84.097508,35.247382,0 -84.023510,35.295783,0 -84.021782,35.407418,0 -83.771736,35.562118,0 -83.498335,35.562981,0 -83.347262,35.660474,0 -83.297154,35.657750,0 -83.255351,35.716230,0 -83.161537,35.763363,0 -82.978414,35.782610,0 -82.899718,35.874602,0 -82.910608,35.926930,0 -82.860724,35.947430,0 -82.816130,35.923986,0 -82.779397,35.992511,0 -82.628365,36.062105,0 -82.595525,36.026012,0 -82.610885,35.974442,0 -82.557874,35.953901,0 -82.464558,36.006508,0 -82.409458,36.083409,0 -82.297655,36.133510,0 -82.211251,36.159012,0 -82.127146,36.104417,0 -82.028740,36.124322,0 -81.908137,36.302013,0 -81.833202,36.347339,0 -81.705966,36.338496,0 -81.734312,36.413342,0 -81.646900,36.611918,0 -83.675413,36.600814,0 -83.527112,36.665985,0 -83.136395,36.743088,0 -83.075590,36.850589,0 -82.895445,36.882145,0 -82.869183,36.974182,0 -82.722254,37.057948,0 -82.726294,37.111852,0 -82.355343,37.265220,0 -81.968297,37.537798,0 -81.932279,37.511961,0 -81.984891,37.454315,0 -81.896001,37.331967,0 -81.678603,37.202467,0 -81.560625,37.206663,0 -81.362156,37.337687,0 -81.225104,37.234874,0 -80.835479,37.334824,0 -80.883248,37.383933,0 -80.865148,37.419927,0 -80.770082,37.372363,0 -80.544836,37.474695,0 -80.464820,37.426144,0 -80.291644,37.536505,0 -80.282440,37.585481,0 -80.223386,37.623185,0 -80.292258,37.683732,0 -80.199633,37.827507,0 -79.971231,38.044326,0 -79.916174,38.184386,0 -79.787542,38.273298,0 -79.804093,38.313922,0 -79.689675,38.431439,0 -79.649075,38.591515,0 -79.542570,38.553217,0 -79.476638,38.457228,0 -79.297758,38.416438,0 -79.092955,38.659517,0 -78.999014,38.840074,0 -78.869276,38.762991,0 -78.772793,38.893742,0 -78.561711,39.009007,0 -78.413943,39.158415,0 -78.401813,39.276754,0 -78.340480,39.353492,0 -78.347087,39.466012,0 -77.828302,39.132422,0 -77.962203,39.013733,0 -77.655169,38.942656,0 -77.715715,38.832136,0 -77.531328,38.556550,0 -77.634117,38.466373,0 -77.618727,38.367835,0 -77.703043,38.360894,0 -77.947054,38.120035,0 -77.838536,38.105919,0 -77.642518,37.990688,0 -77.370297,38.246576,0 -77.326692,38.245136,0 -77.330094,38.334010,0 -77.048137,38.360145,0 -76.962311,38.214075,0 -76.838795,38.163476,0 -76.613939,38.148587,0 -76.491998,38.017222,0 -76.236725,37.889174,0 -76.251358,37.833072,0 -76.310307,37.794849,0 -76.329120,37.670976,0 -76.279447,37.618225,0 -76.297960,37.557636,0 -76.248460,37.375135,0 -76.275552,37.309964,0 -76.393958,37.395940,0 -76.437525,37.379750,0 -76.362290,37.270226,0 -76.394132,37.225150,0 -76.271262,37.084544,0 -76.304272,37.001378,0 -76.189959,36.931447,0 -75.996252,36.922047,0 -75.796410,36.290351,0 -75.496086,35.728515,0 -75.458659,35.596597,0 -75.533627,35.225825,0 -75.757916,35.183079,0 -76.137269,34.987858,0 -76.386804,34.784579,0 -76.535946,34.588577,0 -76.618719,34.672550,0 -76.726969,34.696690,0 -76.906257,34.682820,0 -77.136843,34.632926,0 -77.462922,34.471354,0 -77.764022,34.245641,0 -77.829209,34.162618,0 -77.960172,33.853315,0 -78.136952,33.912178,0 -78.383964,33.901946,0 -78.772737,33.768511,0 -79.084588,33.483669,0 -79.162332,33.327246,0 -79.172394,33.206577,0 -79.329909,33.089986,0 -79.359961,33.006672,0 -79.483499,33.001265,0 -79.522449,33.035350,0 -79.580725,33.006447,0 -79.606615,32.972248,0 -79.569762,32.926692,0 -79.868352,32.734849,0 -79.884961,32.684402,0 -80.000801,32.605892,0 -80.148406,32.578479,0 -80.338354,32.478730,0 -80.465710,32.495300,0 -80.484617,32.460976,0 -80.434303,32.375193,0 -80.455192,32.326458,0 -80.596394,32.273549,0 -80.714601,32.325656,0 -80.766038,32.292608,0 -80.669166,32.216783,0 -80.721463,32.160427,0 -80.858735,32.099581,0 -80.885517,32.034600,0 -80.843130,32.024226,0 -80.848441,31.988279,0 -81.130634,31.722692,0 -81.133493,31.623348,0 -81.279338,31.351127,0 -81.282842,31.244330,0 -81.402096,31.125383,0 -81.405153,30.908203,0 -81.460061,30.769912,0 -81.444124,30.709714,0 -81.732238,30.749635,0 -81.943187,30.827437,0 -82.032667,30.750674,0 -82.049529,30.655544,0 -82.015728,30.601698,0 -82.040766,30.370144,0 -82.180043,30.368610,0 -82.218607,30.564395,0</coordinates>
                  </LinearRing>
                </outerBoundaryIs>
              </Polygon>
              <Polygon>
                <altitudeMode>clampToGround</altitudeMode>
                <outerBoundaryIs>
                  <LinearRing>
                    <coordinates>-82.013913,26.452058,0 -82.075015,26.422059,0 -82.180717,26.476257,0 -82.314277,26.858384,0 -82.539719,27.254326,0 -82.743017,27.531086,0 -82.650720,27.523115,0 -82.431980,27.768092,0 -82.448786,27.810036,0 -82.553946,27.848462,0 -82.733076,27.612972,0 -82.746223,27.731306,0 -82.846526,27.854301,0 -82.828163,28.020130,0 -82.859624,28.174135,0 -82.764103,28.244345,0 -82.656694,28.544814,0 -82.668722,28.695658,0 -82.712373,28.720921,0 -82.730245,28.850155,0 -82.688864,28.905609,0 -82.755574,29.000930,0 -82.712039,29.030834,0 -82.612653,29.009271,0 -82.535591,29.044855,0 -82.534860,29.214680,0 -82.403237,29.215623,0 -82.406620,29.485048,0 -82.556766,29.480055,0 -82.557565,29.537606,0 -82.656301,29.564811,0 -82.658554,29.830144,0 -82.510819,29.945234,0 -82.272563,29.843011,0 -82.133126,29.835949,0 -82.055625,29.718232,0 -81.939427,29.747497,0 -81.909260,29.793560,0 -81.812430,29.836490,0 -81.581207,29.840176,0 -81.600990,29.956017,0 -81.688876,30.028566,0 -81.680215,30.121240,0 -81.433783,30.105536,0 -81.436929,30.252335,0 -81.374376,30.252931,0 -81.256711,29.784693,0 -81.163581,29.555290,0 -80.966176,29.147960,0 -80.727506,28.791193,0 -80.967895,28.790197,0 -80.987250,28.612997,0 -80.873318,28.482060,0 -80.873150,27.642288,0 -81.142164,27.643238,0 -81.208124,27.821125,0 -81.301862,27.862081,0 -81.308696,27.921880,0 -81.450896,28.033833,0 -81.457449,28.055084,0 -81.382476,28.012361,0 -81.346418,28.084696,0 -81.455758,28.084890,0 -81.456214,28.143163,0 -81.517320,28.142787,0 -81.539507,28.228202,0 -81.658719,28.254280,0 -81.673781,28.347024,0 -81.957641,28.345180,0 -81.954190,28.960053,0 -82.311697,28.960391,0 -82.169141,28.792954,0 -82.274823,28.656198,0 -82.208184,28.572054,0 -82.054469,28.521367,0 -82.055531,28.258928,0 -82.106206,28.259240,0 -82.105853,28.171650,0 -82.056261,28.171592,0 -82.057506,27.032119,0 -81.562624,27.033835,0 -81.563763,26.513331,0 -81.271768,26.517069,0 -81.268236,26.253069,0 -80.879710,26.259308,0 -80.885639,26.958919,0 -80.083078,26.970534,0 -80.032120,26.771530,0 -80.035363,26.612346,0 -80.109566,26.087165,0 -80.109953,25.818260,0 -80.154972,25.665490,0 -80.229107,25.732509,0 -80.301464,25.613299,0 -80.337049,25.465621,0 -80.310360,25.389707,0 -80.234849,25.421960,0 -80.176024,25.521154,0 -80.163156,25.452184,0 -80.358183,25.153228,0 -80.651189,24.866131,0 -81.103373,24.669463,0 -81.148718,24.710477,0 -80.847471,24.851753,0 -80.610869,25.006995,0 -80.516571,25.095457,0 -80.495394,25.199808,0 -80.650532,25.189097,0 -80.747746,25.147441,0 -80.812133,25.186039,0 -80.858170,25.177520,0 -80.873096,25.805377,0 -81.442308,25.803330,0 -81.614735,25.893977,0 -81.672633,25.856654,0 -81.727086,25.907207,0 -81.844555,26.327712,0 -81.923611,26.436658,0 -82.013913,26.452058,0</coordinates>
                  </LinearRing>
                </outerBoundaryIs>
              </Polygon>
              <Polygon>
                <altitudeMode>clampToGround</altitudeMode>
                <outerBoundaryIs>
                  <LinearRing>
                    <coordinates>-75.658379,37.451815,0 -75.897298,37.118037,0 -75.979608,37.100448,0 -76.023475,37.289067,0 -75.941182,37.563839,0 -75.812155,37.749502,0 -75.818125,37.791698,0 -75.702914,37.849659,0 -75.757694,37.903912,0 -75.624341,37.994211,0 -75.242266,38.027209,0 -75.380638,37.851702,0 -75.439001,37.869335,0 -75.551898,37.748122,0 -75.614527,37.609296,0 -75.607824,37.560706,0 -75.672877,37.483696,0 -75.658379,37.451815,0</coordinates>
                  </LinearRing>
                </outerBoundaryIs>
              </Polygon>
            </Placemark>
          </Folder>
          <Folder>
            <name>Appalachian Zone</name>
            <Placemark>
              <name>Southern West Virginia Revolutionary</name>
              <styleUrl>#__managed_style_000000000000000C</styleUrl>
              <description>See: 2050-snapshot/domains/borders-geopolitics.md#appalachian-zone</description>
              <Polygon>
                <altitudeMode>clampToGround</altitudeMode>
                <outerBoundaryIs>
                  <LinearRing>
                    <coordinates>-84.321869,34.988408,0 -90.309297,34.995694,0 -90.300697,35.028793,0 -90.197146,35.050731,0 -90.160058,35.128830,0 -90.090610,35.118287,0 -90.097947,35.249983,0 -90.166594,35.274588,0 -90.087903,35.363270,0 -90.112504,35.410153,0 -90.045306,35.415435,0 -90.022064,35.457375,0 -90.037615,35.550329,0 -89.958498,35.541703,0 -89.932500,35.607865,0 -89.876548,35.626653,0 -89.956589,35.695486,0 -89.915491,35.754917,0 -89.863874,35.747592,0 -89.723426,35.809382,0 -89.722634,35.873718,0 -89.647270,35.894920,0 -89.733095,36.000608,0 -89.692437,36.020507,0 -89.680029,36.082494,0 -89.592102,36.135637,0 -89.692630,36.224959,0 -89.554289,36.277751,0 -89.611819,36.309088,0 -89.600544,36.342985,0 -89.522695,36.344789,0 -89.510380,36.378356,0 -89.571481,36.538087,0 -89.544434,36.574510,0 -89.407906,36.562345,0 -89.378694,36.622292,0 -89.227319,36.569375,0 -89.165488,36.662426,0 -89.202511,36.716618,0 -89.156990,36.755968,0 -89.098843,36.957850,0 -89.168087,37.074218,0 -89.058036,37.188767,0 -88.931745,37.227593,0 -88.476127,37.068223,0 -88.424776,37.149901,0 -88.514661,37.290948,0 -88.465861,37.400547,0 -88.062294,37.487837,0 -88.160062,37.654332,0 -88.028030,37.799224,0 -87.970262,37.781856,0 -87.903804,37.817762,0 -87.938128,37.870651,0 -87.921744,37.907885,0 -87.872540,37.920999,0 -87.808013,37.875191,0 -87.723635,37.892058,0 -87.625851,37.851919,0 -87.608479,37.898794,0 -87.551277,37.925418,0 -87.418585,37.944763,0 -87.180063,37.841375,0 -87.105614,37.767631,0 -87.010315,37.919668,0 -86.810913,37.997150,0 -86.722247,37.892648,0 -86.615215,37.852857,0 -86.599848,37.906754,0 -86.509368,37.902887,0 -86.521825,38.038327,0 -86.321274,38.147418,0 -86.206439,38.021876,0 -86.033386,37.970382,0 -85.922395,38.028679,0 -85.894764,38.188469,0 -85.816164,38.282969,0 -85.750962,38.267870,0 -85.683561,38.295469,0 -85.587758,38.450495,0 -85.498866,38.468242,0 -85.433136,38.523914,0 -85.448862,38.713368,0 -85.275454,38.741172,0 -85.187278,38.687609,0 -84.962535,38.778035,0 -84.812877,38.786087,0 -84.786406,38.882220,0 -84.877762,38.920357,0 -84.832617,38.961460,0 -84.897171,39.052407,0 -84.750749,39.147358,0 -84.607928,39.073238,0 -84.445242,39.114461,0 -84.400940,39.046362,0 -84.297255,38.989694,0 -84.212904,38.805707,0 -83.852085,38.751433,0 -83.772160,38.658150,0 -83.679484,38.630036,0 -83.626922,38.679387,0 -83.533339,38.702105,0 -83.376302,38.661473,0 -83.286514,38.599241,0 -83.239515,38.628588,0 -83.172647,38.620252,0 -83.011816,38.730057,0 -82.889193,38.756076,0 -82.851314,38.604334,0 -82.800112,38.563183,0 -82.724846,38.557600,0 -82.618474,38.477089,0 -82.593673,38.421809,0 -82.560664,38.404338,0 -82.323999,38.449268,0 -82.274270,38.593683,0 -82.175167,38.608484,0 -82.209290,38.802672,0 -82.161570,38.824632,0 -82.041563,39.017878,0 -81.941829,38.993295,0 -81.898470,38.929603,0 -81.827354,38.945898,0 -81.775734,38.980737,0 -81.807855,39.083978,0 -81.742953,39.106578,0 -81.752754,39.184676,0 -81.678331,39.273755,0 -81.565247,39.276175,0 -81.559647,39.330774,0 -81.456143,39.409274,0 -81.347567,39.345770,0 -81.249088,39.389992,0 -81.128533,39.449375,0 -80.865575,39.662751,0 -80.829764,39.711839,0 -80.869933,39.763555,0 -80.824969,39.801092,0 -80.803394,39.918762,0 -80.740126,39.970793,0 -80.736804,40.080072,0 -80.606596,40.303869,0 -80.631596,40.385468,0 -80.604895,40.446667,0 -80.667957,40.582496,0 -80.627171,40.619936,0 -80.518991,40.638801,0 -80.519342,39.721403,0 -79.476662,39.721078,0 -79.486873,39.205961,0 -79.283723,39.309640,0 -79.091329,39.472407,0 -78.956751,39.440264,0 -78.771140,39.638387,0 -78.707098,39.555857,0 -78.460951,39.525987,0 -78.382959,39.622246,0 -78.082260,39.671166,0 -78.006734,39.601337,0 -77.829814,39.587288,0 -77.823762,39.525907,0 -77.740012,39.401694,0 -77.719519,39.321314,0 -77.828157,39.132329,0 -78.347087,39.466012,0 -78.340480,39.353492,0 -78.401813,39.276754,0 -78.413943,39.158415,0 -78.561711,39.009007,0 -78.772793,38.893742,0 -78.869276,38.762991,0 -78.999014,38.840074,0 -79.092955,38.659517,0 -79.297758,38.416438,0 -79.476638,38.457228,0 -79.542570,38.553217,0 -79.649075,38.591515,0 -79.689675,38.431439,0 -79.804093,38.313922,0 -79.787542,38.273298,0 -79.916174,38.184386,0 -79.971231,38.044326,0 -80.199633,37.827507,0 -80.292258,37.683732,0 -80.223386,37.623185,0 -80.282440,37.585481,0 -80.291644,37.536505,0 -80.464820,37.426144,0 -80.544836,37.474695,0 -80.770082,37.372363,0 -80.865148,37.419927,0 -80.883248,37.383933,0 -80.835479,37.334824,0 -81.014489,37.275385,0 -80.854627,37.147482,0 -80.930627,37.115087,0 -80.893249,37.027399,0 -80.740483,36.879001,0 -80.633987,36.931780,0 -80.464180,36.708718,0 -80.525522,36.644114,0 -80.602965,36.652661,0 -80.612189,36.558216,0 -81.677535,36.588117,0 -81.695311,36.467912,0 -81.734312,36.413342,0 -81.705966,36.338496,0 -81.833202,36.347339,0 -81.908137,36.302013,0 -82.028740,36.124322,0 -82.127146,36.104417,0 -82.211251,36.159012,0 -82.297655,36.133510,0 -82.409458,36.083409,0 -82.464558,36.006508,0 -82.557874,35.953901,0 -82.610885,35.974442,0 -82.595525,36.026012,0 -82.628365,36.062105,0 -82.779397,35.992511,0 -82.816130,35.923986,0 -82.860724,35.947430,0 -82.910608,35.926930,0 -82.899718,35.874602,0 -82.978414,35.782610,0 -83.161537,35.763363,0 -83.255351,35.716230,0 -83.297154,35.657750,0 -83.347262,35.660474,0 -83.498335,35.562981,0 -83.771736,35.562118,0 -83.973171,35.452582,0 -84.021782,35.407418,0 -84.023510,35.295783,0 -84.097508,35.247382,0 -84.178516,35.240679,0 -84.223718,35.269078,0 -84.283220,35.226577,0 -84.321869,34.988408,0</coordinates>
                  </LinearRing>
                </outerBoundaryIs>
              </Polygon>
            </Placemark>
            <Placemark>
              <name>Eastern Kentucky Revolutionary</name>
              <styleUrl>#__managed_style_000000000000000C</styleUrl>
              <description>See: 2050-snapshot/domains/borders-geopolitics.md#appalachian-zone</description>
              <Polygon>
                <altitudeMode>clampToGround</altitudeMode>
                <outerBoundaryIs>
                  <LinearRing>
                    <coordinates>-84.321869,34.988408,0 -90.309297,34.995694,0 -90.300697,35.028793,0 -90.197146,35.050731,0 -90.160058,35.128830,0 -90.090610,35.118287,0 -90.097947,35.249983,0 -90.166594,35.274588,0 -90.087903,35.363270,0 -90.112504,35.410153,0 -90.045306,35.415435,0 -90.022064,35.457375,0 -90.037615,35.550329,0 -89.958498,35.541703,0 -89.932500,35.607865,0 -89.876548,35.626653,0 -89.956589,35.695486,0 -89.915491,35.754917,0 -89.863874,35.747592,0 -89.723426,35.809382,0 -89.722634,35.873718,0 -89.647270,35.894920,0 -89.733095,36.000608,0 -89.692437,36.020507,0 -89.680029,36.082494,0 -89.592102,36.135637,0 -89.692630,36.224959,0 -89.554289,36.277751,0 -89.611819,36.309088,0 -89.600544,36.342985,0 -89.522695,36.344789,0 -89.510380,36.378356,0 -89.571481,36.538087,0 -89.544434,36.574510,0 -89.407906,36.562345,0 -89.378694,36.622292,0 -89.227319,36.569375,0 -89.165488,36.662426,0 -89.202511,36.716618,0 -89.156990,36.755968,0 -89.098843,36.957850,0 -89.168087,37.074218,0 -89.058036,37.188767,0 -88.931745,37.227593,0 -88.476127,37.068223,0 -88.424776,37.149901,0 -88.514661,37.290948,0 -88.465861,37.400547,0 -88.062294,37.487837,0 -88.160062,37.654332,0 -88.028030,37.799224,0 -87.970262,37.781856,0 -87.903804,37.817762,0 -87.938128,37.870651,0 -87.921744,37.907885,0 -87.872540,37.920999,0 -87.808013,37.875191,0 -87.723635,37.892058,0 -87.625851,37.851919,0 -87.608479,37.898794,0 -87.551277,37.925418,0 -87.418585,37.944763,0 -87.180063,37.841375,0 -87.105614,37.767631,0 -87.010315,37.919668,0 -86.810913,37.997150,0 -86.722247,37.892648,0 -86.615215,37.852857,0 -86.599848,37.906754,0 -86.509368,37.902887,0 -86.521825,38.038327,0 -86.321274,38.147418,0 -86.206439,38.021876,0 -86.033386,37.970382,0 -85.922395,38.028679,0 -85.894764,38.188469,0 -85.816164,38.282969,0 -85.750962,38.267870,0 -85.683561,38.295469,0 -85.587758,38.450495,0 -85.498866,38.468242,0 -85.433136,38.523914,0 -85.448862,38.713368,0 -85.275454,38.741172,0 -85.187278,38.687609,0 -84.962535,38.778035,0 -84.812877,38.786087,0 -84.786406,38.882220,0 -84.877762,38.920357,0 -84.832617,38.961460,0 -84.897171,39.052407,0 -84.750749,39.147358,0 -84.607928,39.073238,0 -84.445242,39.114461,0 -84.400940,39.046362,0 -84.297255,38.989694,0 -84.212904,38.805707,0 -83.852085,38.751433,0 -83.772160,38.658150,0 -83.679484,38.630036,0 -83.626922,38.679387,0 -83.533339,38.702105,0 -83.376302,38.661473,0 -83.286514,38.599241,0 -83.239515,38.628588,0 -83.172647,38.620252,0 -83.011816,38.730057,0 -82.889193,38.756076,0 -82.851314,38.604334,0 -82.800112,38.563183,0 -82.724846,38.557600,0 -82.618474,38.477089,0 -82.593673,38.421809,0 -82.560664,38.404338,0 -82.323999,38.449268,0 -82.274270,38.593683,0 -82.175167,38.608484,0 -82.209290,38.802672,0 -82.161570,38.824632,0 -82.041563,39.017878,0 -81.941829,38.993295,0 -81.898470,38.929603,0 -81.827354,38.945898,0 -81.775734,38.980737,0 -81.807855,39.083978,0 -81.742953,39.106578,0 -81.752754,39.184676,0 -81.678331,39.273755,0 -81.565247,39.276175,0 -81.559647,39.330774,0 -81.456143,39.409274,0 -81.347567,39.345770,0 -81.249088,39.389992,0 -81.128533,39.449375,0 -80.865575,39.662751,0 -80.829764,39.711839,0 -80.869933,39.763555,0 -80.824969,39.801092,0 -80.803394,39.918762,0 -80.740126,39.970793,0 -80.736804,40.080072,0 -80.606596,40.303869,0 -80.631596,40.385468,0 -80.604895,40.446667,0 -80.667957,40.582496,0 -80.627171,40.619936,0 -80.518991,40.638801,0 -80.519342,39.721403,0 -79.476662,39.721078,0 -79.486873,39.205961,0 -79.283723,39.309640,0 -79.091329,39.472407,0 -78.956751,39.440264,0 -78.771140,39.638387,0 -78.707098,39.555857,0 -78.460951,39.525987,0 -78.382959,39.622246,0 -78.082260,39.671166,0 -78.006734,39.601337,0 -77.829814,39.587288,0 -77.823762,39.525907,0 -77.740012,39.401694,0 -77.719519,39.321314,0 -77.828157,39.132329,0 -78.347087,39.466012,0 -78.340480,39.353492,0 -78.401813,39.276754,0 -78.413943,39.158415,0 -78.561711,39.009007,0 -78.772793,38.893742,0 -78.869276,38.762991,0 -78.999014,38.840074,0 -79.092955,38.659517,0 -79.297758,38.416438,0 -79.476638,38.457228,0 -79.542570,38.553217,0 -79.649075,38.591515,0 -79.689675,38.431439,0 -79.804093,38.313922,0 -79.787542,38.273298,0 -79.916174,38.184386,0 -79.971231,38.044326,0 -80.199633,37.827507,0 -80.292258,37.683732,0 -80.223386,37.623185,0 -80.282440,37.585481,0 -80.291644,37.536505,0 -80.464820,37.426144,0 -80.544836,37.474695,0 -80.770082,37.372363,0 -80.865148,37.419927,0 -80.883248,37.383933,0 -80.835479,37.334824,0 -81.014489,37.275385,0 -80.854627,37.147482,0 -80.930627,37.115087,0 -80.893249,37.027399,0 -80.740483,36.879001,0 -80.633987,36.931780,0 -80.464180,36.708718,0 -80.525522,36.644114,0 -80.602965,36.652661,0 -80.612189,36.558216,0 -81.677535,36.588117,0 -81.695311,36.467912,0 -81.734312,36.413342,0 -81.705966,36.338496,0 -81.833202,36.347339,0 -81.908137,36.302013,0 -82.028740,36.124322,0 -82.127146,36.104417,0 -82.211251,36.159012,0 -82.297655,36.133510,0 -82.409458,36.083409,0 -82.464558,36.006508,0 -82.557874,35.953901,0 -82.610885,35.974442,0 -82.595525,36.026012,0 -82.628365,36.062105,0 -82.779397,35.992511,0 -82.816130,35.923986,0 -82.860724,35.947430,0 -82.910608,35.926930,0 -82.899718,35.874602,0 -82.978414,35.782610,0 -83.161537,35.763363,0 -83.255351,35.716230,0 -83.297154,35.657750,0 -83.347262,35.660474,0 -83.498335,35.562981,0 -83.771736,35.562118,0 -83.973171,35.452582,0 -84.021782,35.407418,0 -84.023510,35.295783,0 -84.097508,35.247382,0 -84.178516,35.240679,0 -84.223718,35.269078,0 -84.283220,35.226577,0 -84.321869,34.988408,0</coordinates>
                  </LinearRing>
                </outerBoundaryIs>
              </Polygon>
            </Placemark>
            <Placemark>
              <name>Tennessee Rump</name>
              <styleUrl>#__managed_style_000000000000000C</styleUrl>
              <description>See: 2050-snapshot/domains/borders-geopolitics.md#appalachian-zone</description>
              <Polygon>
                <altitudeMode>clampToGround</altitudeMode>
                <outerBoundaryIs>
                  <LinearRing>
                    <coordinates>-84.321869,34.988408,0 -90.309297,34.995694,0 -90.300697,35.028793,0 -90.197146,35.050731,0 -90.160058,35.128830,0 -90.090610,35.118287,0 -90.097947,35.249983,0 -90.166594,35.274588,0 -90.087903,35.363270,0 -90.112504,35.410153,0 -90.045306,35.415435,0 -90.022064,35.457375,0 -90.037615,35.550329,0 -89.958498,35.541703,0 -89.932500,35.607865,0 -89.876548,35.626653,0 -89.956589,35.695486,0 -89.915491,35.754917,0 -89.863874,35.747592,0 -89.723426,35.809382,0 -89.722634,35.873718,0 -89.647270,35.894920,0 -89.733095,36.000608,0 -89.692437,36.020507,0 -89.680029,36.082494,0 -89.592102,36.135637,0 -89.692630,36.224959,0 -89.554289,36.277751,0 -89.611819,36.309088,0 -89.600544,36.342985,0 -89.522695,36.344789,0 -89.510380,36.378356,0 -89.571481,36.538087,0 -89.544434,36.574510,0 -89.407906,36.562345,0 -89.378694,36.622292,0 -89.227319,36.569375,0 -89.165488,36.662426,0 -89.202511,36.716618,0 -89.156990,36.755968,0 -89.098843,36.957850,0 -89.168087,37.074218,0 -89.058036,37.188767,0 -88.931745,37.227593,0 -88.476127,37.068223,0 -88.424776,37.149901,0 -88.514661,37.290948,0 -88.465861,37.400547,0 -88.062294,37.487837,0 -88.160062,37.654332,0 -88.028030,37.799224,0 -87.970262,37.781856,0 -87.903804,37.817762,0 -87.938128,37.870651,0 -87.921744,37.907885,0 -87.872540,37.920999,0 -87.808013,37.875191,0 -87.723635,37.892058,0 -87.625851,37.851919,0 -87.608479,37.898794,0 -87.551277,37.925418,0 -87.418585,37.944763,0 -87.180063,37.841375,0 -87.105614,37.767631,0 -87.010315,37.919668,0 -86.810913,37.997150,0 -86.722247,37.892648,0 -86.615215,37.852857,0 -86.599848,37.906754,0 -86.509368,37.902887,0 -86.521825,38.038327,0 -86.321274,38.147418,0 -86.206439,38.021876,0 -86.033386,37.970382,0 -85.922395,38.028679,0 -85.894764,38.188469,0 -85.816164,38.282969,0 -85.750962,38.267870,0 -85.683561,38.295469,0 -85.587758,38.450495,0 -85.498866,38.468242,0 -85.433136,38.523914,0 -85.448862,38.713368,0 -85.275454,38.741172,0 -85.187278,38.687609,0 -84.962535,38.778035,0 -84.812877,38.786087,0 -84.786406,38.882220,0 -84.877762,38.920357,0 -84.832617,38.961460,0 -84.897171,39.052407,0 -84.750749,39.147358,0 -84.607928,39.073238,0 -84.445242,39.114461,0 -84.400940,39.046362,0 -84.297255,38.989694,0 -84.212904,38.805707,0 -83.852085,38.751433,0 -83.772160,38.658150,0 -83.679484,38.630036,0 -83.626922,38.679387,0 -83.533339,38.702105,0 -83.376302,38.661473,0 -83.286514,38.599241,0 -83.239515,38.628588,0 -83.172647,38.620252,0 -83.011816,38.730057,0 -82.889193,38.756076,0 -82.851314,38.604334,0 -82.800112,38.563183,0 -82.724846,38.557600,0 -82.618474,38.477089,0 -82.593673,38.421809,0 -82.560664,38.404338,0 -82.323999,38.449268,0 -82.274270,38.593683,0 -82.175167,38.608484,0 -82.209290,38.802672,0 -82.161570,38.824632,0 -82.041563,39.017878,0 -81.941829,38.993295,0 -81.898470,38.929603,0 -81.827354,38.945898,0 -81.775734,38.980737,0 -81.807855,39.083978,0 -81.742953,39.106578,0 -81.752754,39.184676,0 -81.678331,39.273755,0 -81.565247,39.276175,0 -81.559647,39.330774,0 -81.456143,39.409274,0 -81.347567,39.345770,0 -81.249088,39.389992,0 -81.128533,39.449375,0 -80.865575,39.662751,0 -80.829764,39.711839,0 -80.869933,39.763555,0 -80.824969,39.801092,0 -80.803394,39.918762,0 -80.740126,39.970793,0 -80.736804,40.080072,0 -80.606596,40.303869,0 -80.631596,40.385468,0 -80.604895,40.446667,0 -80.667957,40.582496,0 -80.627171,40.619936,0 -80.518991,40.638801,0 -80.519342,39.721403,0 -79.476662,39.721078,0 -79.486873,39.205961,0 -79.283723,39.309640,0 -79.091329,39.472407,0 -78.956751,39.440264,0 -78.771140,39.638387,0 -78.707098,39.555857,0 -78.460951,39.525987,0 -78.382959,39.622246,0 -78.082260,39.671166,0 -78.006734,39.601337,0 -77.829814,39.587288,0 -77.823762,39.525907,0 -77.740012,39.401694,0 -77.719519,39.321314,0 -77.828157,39.132329,0 -78.347087,39.466012,0 -78.340480,39.353492,0 -78.401813,39.276754,0 -78.413943,39.158415,0 -78.561711,39.009007,0 -78.772793,38.893742,0 -78.869276,38.762991,0 -78.999014,38.840074,0 -79.092955,38.659517,0 -79.297758,38.416438,0 -79.476638,38.457228,0 -79.542570,38.553217,0 -79.649075,38.591515,0 -79.689675,38.431439,0 -79.804093,38.313922,0 -79.787542,38.273298,0 -79.916174,38.184386,0 -79.971231,38.044326,0 -80.199633,37.827507,0 -80.292258,37.683732,0 -80.223386,37.623185,0 -80.282440,37.585481,0 -80.291644,37.536505,0 -80.464820,37.426144,0 -80.544836,37.474695,0 -80.770082,37.372363,0 -80.865148,37.419927,0 -80.883248,37.383933,0 -80.835479,37.334824,0 -81.014489,37.275385,0 -80.854627,37.147482,0 -80.930627,37.115087,0 -80.893249,37.027399,0 -80.740483,36.879001,0 -80.633987,36.931780,0 -80.464180,36.708718,0 -80.525522,36.644114,0 -80.602965,36.652661,0 -80.612189,36.558216,0 -81.677535,36.588117,0 -81.695311,36.467912,0 -81.734312,36.413342,0 -81.705966,36.338496,0 -81.833202,36.347339,0 -81.908137,36.302013,0 -82.028740,36.124322,0 -82.127146,36.104417,0 -82.211251,36.159012,0 -82.297655,36.133510,0 -82.409458,36.083409,0 -82.464558,36.006508,0 -82.557874,35.953901,0 -82.610885,35.974442,0 -82.595525,36.026012,0 -82.628365,36.062105,0 -82.779397,35.992511,0 -82.816130,35.923986,0 -82.860724,35.947430,0 -82.910608,35.926930,0 -82.899718,35.874602,0 -82.978414,35.782610,0 -83.161537,35.763363,0 -83.255351,35.716230,0 -83.297154,35.657750,0 -83.347262,35.660474,0 -83.498335,35.562981,0 -83.771736,35.562118,0 -83.973171,35.452582,0 -84.021782,35.407418,0 -84.023510,35.295783,0 -84.097508,35.247382,0 -84.178516,35.240679,0 -84.223718,35.269078,0 -84.283220,35.226577,0 -84.321869,34.988408,0</coordinates>
                  </LinearRing>
                </outerBoundaryIs>
              </Polygon>
            </Placemark>
            <Placemark>
              <name>Kentucky Rump</name>
              <styleUrl>#__managed_style_000000000000000C</styleUrl>
              <description>See: 2050-snapshot/domains/borders-geopolitics.md#appalachian-zone</description>
              <Polygon>
                <altitudeMode>clampToGround</altitudeMode>
                <outerBoundaryIs>
                  <LinearRing>
                    <coordinates>-84.321869,34.988408,0 -90.309297,34.995694,0 -90.300697,35.028793,0 -90.197146,35.050731,0 -90.160058,35.128830,0 -90.090610,35.118287,0 -90.097947,35.249983,0 -90.166594,35.274588,0 -90.087903,35.363270,0 -90.112504,35.410153,0 -90.045306,35.415435,0 -90.022064,35.457375,0 -90.037615,35.550329,0 -89.958498,35.541703,0 -89.932500,35.607865,0 -89.876548,35.626653,0 -89.956589,35.695486,0 -89.915491,35.754917,0 -89.863874,35.747592,0 -89.723426,35.809382,0 -89.722634,35.873718,0 -89.647270,35.894920,0 -89.733095,36.000608,0 -89.692437,36.020507,0 -89.680029,36.082494,0 -89.592102,36.135637,0 -89.692630,36.224959,0 -89.554289,36.277751,0 -89.611819,36.309088,0 -89.600544,36.342985,0 -89.522695,36.344789,0 -89.510380,36.378356,0 -89.571481,36.538087,0 -89.544434,36.574510,0 -89.407906,36.562345,0 -89.378694,36.622292,0 -89.227319,36.569375,0 -89.165488,36.662426,0 -89.202511,36.716618,0 -89.156990,36.755968,0 -89.098843,36.957850,0 -89.168087,37.074218,0 -89.058036,37.188767,0 -88.931745,37.227593,0 -88.476127,37.068223,0 -88.424776,37.149901,0 -88.514661,37.290948,0 -88.465861,37.400547,0 -88.062294,37.487837,0 -88.160062,37.654332,0 -88.028030,37.799224,0 -87.970262,37.781856,0 -87.903804,37.817762,0 -87.938128,37.870651,0 -87.921744,37.907885,0 -87.872540,37.920999,0 -87.808013,37.875191,0 -87.723635,37.892058,0 -87.625851,37.851919,0 -87.608479,37.898794,0 -87.551277,37.925418,0 -87.418585,37.944763,0 -87.180063,37.841375,0 -87.105614,37.767631,0 -87.010315,37.919668,0 -86.810913,37.997150,0 -86.722247,37.892648,0 -86.615215,37.852857,0 -86.599848,37.906754,0 -86.509368,37.902887,0 -86.521825,38.038327,0 -86.321274,38.147418,0 -86.206439,38.021876,0 -86.033386,37.970382,0 -85.922395,38.028679,0 -85.894764,38.188469,0 -85.816164,38.282969,0 -85.750962,38.267870,0 -85.683561,38.295469,0 -85.587758,38.450495,0 -85.498866,38.468242,0 -85.433136,38.523914,0 -85.448862,38.713368,0 -85.275454,38.741172,0 -85.187278,38.687609,0 -84.962535,38.778035,0 -84.812877,38.786087,0 -84.786406,38.882220,0 -84.877762,38.920357,0 -84.832617,38.961460,0 -84.897171,39.052407,0 -84.750749,39.147358,0 -84.607928,39.073238,0 -84.445242,39.114461,0 -84.400940,39.046362,0 -84.297255,38.989694,0 -84.212904,38.805707,0 -83.852085,38.751433,0 -83.772160,38.658150,0 -83.679484,38.630036,0 -83.626922,38.679387,0 -83.533339,38.702105,0 -83.376302,38.661473,0 -83.286514,38.599241,0 -83.239515,38.628588,0 -83.172647,38.620252,0 -83.011816,38.730057,0 -82.889193,38.756076,0 -82.851314,38.604334,0 -82.800112,38.563183,0 -82.724846,38.557600,0 -82.618474,38.477089,0 -82.593673,38.421809,0 -82.560664,38.404338,0 -82.323999,38.449268,0 -82.274270,38.593683,0 -82.175167,38.608484,0 -82.209290,38.802672,0 -82.161570,38.824632,0 -82.041563,39.017878,0 -81.941829,38.993295,0 -81.898470,38.929603,0 -81.827354,38.945898,0 -81.775734,38.980737,0 -81.807855,39.083978,0 -81.742953,39.106578,0 -81.752754,39.184676,0 -81.678331,39.273755,0 -81.565247,39.276175,0 -81.559647,39.330774,0 -81.456143,39.409274,0 -81.347567,39.345770,0 -81.249088,39.389992,0 -81.128533,39.449375,0 -80.865575,39.662751,0 -80.829764,39.711839,0 -80.869933,39.763555,0 -80.824969,39.801092,0 -80.803394,39.918762,0 -80.740126,39.970793,0 -80.736804,40.080072,0 -80.606596,40.303869,0 -80.631596,40.385468,0 -80.604895,40.446667,0 -80.667957,40.582496,0 -80.627171,40.619936,0 -80.518991,40.638801,0 -80.519342,39.721403,0 -79.476662,39.721078,0 -79.486873,39.205961,0 -79.283723,39.309640,0 -79.091329,39.472407,0 -78.956751,39.440264,0 -78.771140,39.638387,0 -78.707098,39.555857,0 -78.460951,39.525987,0 -78.382959,39.622246,0 -78.082260,39.671166,0 -78.006734,39.601337,0 -77.829814,39.587288,0 -77.823762,39.525907,0 -77.740012,39.401694,0 -77.719519,39.321314,0 -77.828157,39.132329,0 -78.347087,39.466012,0 -78.340480,39.353492,0 -78.401813,39.276754,0 -78.413943,39.158415,0 -78.561711,39.009007,0 -78.772793,38.893742,0 -78.869276,38.762991,0 -78.999014,38.840074,0 -79.092955,38.659517,0 -79.297758,38.416438,0 -79.476638,38.457228,0 -79.542570,38.553217,0 -79.649075,38.591515,0 -79.689675,38.431439,0 -79.804093,38.313922,0 -79.787542,38.273298,0 -79.916174,38.184386,0 -79.971231,38.044326,0 -80.199633,37.827507,0 -80.292258,37.683732,0 -80.223386,37.623185,0 -80.282440,37.585481,0 -80.291644,37.536505,0 -80.464820,37.426144,0 -80.544836,37.474695,0 -80.770082,37.372363,0 -80.865148,37.419927,0 -80.883248,37.383933,0 -80.835479,37.334824,0 -81.014489,37.275385,0 -80.854627,37.147482,0 -80.930627,37.115087,0 -80.893249,37.027399,0 -80.740483,36.879001,0 -80.633987,36.931780,0 -80.464180,36.708718,0 -80.525522,36.644114,0 -80.602965,36.652661,0 -80.612189,36.558216,0 -81.677535,36.588117,0 -81.695311,36.467912,0 -81.734312,36.413342,0 -81.705966,36.338496,0 -81.833202,36.347339,0 -81.908137,36.302013,0 -82.028740,36.124322,0 -82.127146,36.104417,0 -82.211251,36.159012,0 -82.297655,36.133510,0 -82.409458,36.083409,0 -82.464558,36.006508,0 -82.557874,35.953901,0 -82.610885,35.974442,0 -82.595525,36.026012,0 -82.628365,36.062105,0 -82.779397,35.992511,0 -82.816130,35.923986,0 -82.860724,35.947430,0 -82.910608,35.926930,0 -82.899718,35.874602,0 -82.978414,35.782610,0 -83.161537,35.763363,0 -83.255351,35.716230,0 -83.297154,35.657750,0 -83.347262,35.660474,0 -83.498335,35.562981,0 -83.771736,35.562118,0 -83.973171,35.452582,0 -84.021782,35.407418,0 -84.023510,35.295783,0 -84.097508,35.247382,0 -84.178516,35.240679,0 -84.223718,35.269078,0 -84.283220,35.226577,0 -84.321869,34.988408,0</coordinates>
                  </LinearRing>
                </outerBoundaryIs>
              </Polygon>
            </Placemark>
          </Folder>
          <Folder>
            <name>Heartland Plains</name>
            <Placemark>
              <name>Heartland Plains</name>
              <styleUrl>#__managed_style_0000000000000009</styleUrl>
              <description>See: 2050-snapshot/domains/borders-geopolitics.md#heartland-plains</description>
              <Polygon>
                <altitudeMode>clampToGround</altitudeMode>
                <outerBoundaryIs>
                  <LinearRing>
                    <coordinates>-102.042240,36.993083,0 -102.051614,41.002377,0 -104.053249,41.001406,0 -104.053127,43.000585,0 -98.498550,42.998560,0 -98.434503,42.929227,0 -98.148060,42.840013,0 -98.035034,42.764205,0 -97.950147,42.769619,0 -97.857957,42.865093,0 -97.701030,42.843797,0 -97.302075,42.865660,0 -97.131331,42.771929,0 -96.697639,42.659143,0 -96.709300,42.603753,0 -96.611489,42.506088,0 -96.525142,42.510234,0 -96.381307,42.461694,0 -96.407998,42.337408,0 -96.336003,42.264806,0 -96.347752,42.166806,0 -96.268900,42.113590,0 -96.272877,42.047238,0 -96.132537,41.974625,0 -96.159098,41.910057,0 -96.064537,41.793002,0 -96.118105,41.613495,0 -96.080493,41.528199,0 -96.005079,41.544004,0 -95.982962,41.469778,0 -95.922529,41.455766,0 -95.925690,41.322197,0 -95.890152,41.278308,0 -95.909690,41.184398,0 -95.856788,41.187098,0 -95.865878,41.017403,0 -95.810709,40.886681,0 -95.841309,40.845604,0 -95.834156,40.783016,0 -95.888697,40.736292,0 -95.748626,40.603355,0 -95.757110,40.525990,0 -95.714291,40.527208,0 -95.694726,40.493602,0 -95.641027,40.366399,0 -95.653729,40.322582,0 -95.472548,40.236078,0 -95.481020,40.188524,0 -95.394216,40.108263,0 -95.414734,40.069820,0 -95.382957,40.027112,0 -95.081534,39.861718,0 -94.951540,39.900533,0 -94.878677,39.826522,0 -94.860371,39.749530,0 -94.971078,39.723146,0 -94.971317,39.686410,0 -95.037464,39.652905,0 -95.047165,39.595117,0 -95.113557,39.553941,0 -94.946662,39.399717,0 -94.888972,39.392432,0 -94.908065,39.323663,0 -94.799663,39.206018,0 -94.741938,39.170203,0 -94.680336,39.184303,0 -94.591933,39.155003,0 -94.617964,36.998905,0 -102.042240,36.993083,0</coordinates>
                  </LinearRing>
                </outerBoundaryIs>
              </Polygon>
            </Placemark>
          </Folder>
          <Folder>
            <name>Mormon Corridor</name>
            <Placemark>
              <name>Mormon Corridor</name>
              <styleUrl>#__managed_style_0000000000000009</styleUrl>
              <description>See: 2050-snapshot/domains/borders-geopolitics.md#mormon-corridor</description>
              <Polygon>
                <altitudeMode>clampToGround</altitudeMode>
                <outerBoundaryIs>
                  <LinearRing>
                    <coordinates>-109.045223,36.999084,0 -114.050600,37.000396,0 -114.050161,36.843142,0 -115.896925,36.842085,0 -115.895753,36.172227,0 -115.845803,36.122048,0 -115.846114,35.963553,0 -117.680610,37.353399,0 -119.330366,38.535510,0 -119.349893,38.736227,0 -119.405969,38.733543,0 -119.440148,38.852955,0 -119.401852,38.983651,0 -119.310541,38.990915,0 -119.310841,39.084681,0 -119.550386,39.086259,0 -119.561480,39.194424,0 -119.647945,39.195060,0 -119.712112,39.251046,0 -119.880787,39.165509,0 -120.003364,39.165627,0 -119.999168,41.994540,0 -117.026197,41.999890,0 -117.023577,43.823811,0 -116.937342,44.029376,0 -116.977351,44.085364,0 -116.895931,44.154295,0 -116.965498,44.194126,0 -116.971958,44.235677,0 -117.216974,44.288357,0 -117.192203,44.328630,0 -117.243027,44.390974,0 -117.215072,44.427162,0 -117.225932,44.479389,0 -117.142930,44.557236,0 -117.062273,44.727143,0 -116.931800,44.787181,0 -116.865338,44.870599,0 -116.833632,44.928976,0 -116.858313,44.978761,0 -116.841314,45.030907,0 -116.754643,45.113972,0 -116.690916,45.268984,0 -116.342876,45.267872,0 -116.285969,45.128732,0 -116.144386,45.107651,0 -116.089118,45.063617,0 -116.197011,44.864216,0 -116.211211,44.780872,0 -116.157627,44.702027,0 -116.183571,44.583655,0 -116.152295,44.324519,0 -116.212910,44.324373,0 -116.213871,44.151387,0 -116.273069,44.151227,0 -116.282019,43.807365,0 -115.993107,43.595313,0 -115.875927,43.591265,0 -115.697508,43.665373,0 -115.592796,43.798289,0 -115.547538,43.792667,0 -115.508722,43.884855,0 -115.287226,43.935520,0 -115.197060,44.068993,0 -115.230528,44.098766,0 -115.181931,44.090533,0 -115.136209,43.983859,0 -115.067527,43.941275,0 -114.971351,43.938308,0 -115.042340,43.745582,0 -115.033834,43.618636,0 -115.083071,43.604399,0 -115.086155,43.198064,0 -114.594605,43.198345,0 -114.594375,42.850901,0 -114.365366,42.850790,0 -114.345659,42.809055,0 -114.049849,42.808444,0 -114.049961,42.765006,0 -113.763862,42.764508,0 -113.714044,42.849734,0 -113.714642,43.199783,0 -113.413867,43.199859,0 -113.413138,42.849169,0 -113.472155,42.849201,0 -113.472177,42.669352,0 -113.373117,42.687638,0 -113.304400,42.628749,0 -113.236968,42.625254,0 -113.178633,42.675460,0 -113.178877,42.762355,0 -113.236943,42.762212,0 -113.243478,43.110946,0 -113.007712,43.110933,0 -113.007760,42.863051,0 -112.816578,42.863231,0 -112.678364,43.021730,0 -111.044053,43.019407,0 -111.046723,40.997959,0 -109.050076,41.000659,0 -109.045223,36.999084,0</coordinates>
                  </LinearRing>
                </outerBoundaryIs>
              </Polygon>
            </Placemark>
          </Folder>
          <Folder>
            <name>Mountain Tapestry</name>
            <Placemark>
              <name>Columbia Plateau Republic</name>
              <styleUrl>#__managed_style_000000000000000C</styleUrl>
              <description>See: 2050-snapshot/domains/borders-geopolitics.md#mountain-tapestry</description>
              <Polygon>
                <altitudeMode>clampToGround</altitudeMode>
                <outerBoundaryIs>
                  <LinearRing>
                    <coordinates>-119.349893,38.736227,0 -119.330366,38.535510,0 -120.001014,38.999574,0 -120.003364,39.165627,0 -119.880787,39.165509,0 -119.712112,39.251046,0 -119.647945,39.195060,0 -119.561480,39.194424,0 -119.550386,39.086259,0 -119.310841,39.084681,0 -119.310541,38.990915,0 -119.401852,38.983651,0 -119.440148,38.852955,0 -119.405969,38.733543,0 -119.349893,38.736227,0</coordinates>
                  </LinearRing>
                </outerBoundaryIs>
              </Polygon>
              <Polygon>
                <altitudeMode>clampToGround</altitudeMode>
                <outerBoundaryIs>
                  <LinearRing>
                    <coordinates>-122.010403,43.344697,0 -122.132034,43.440221,0 -122.131009,43.557284,0 -121.964918,43.627045,0 -121.986267,43.661708,0 -121.972931,43.861156,0 -121.869974,43.911664,0 -121.769073,44.101586,0 -121.799426,44.258280,0 -121.841346,44.285652,0 -121.845520,44.424733,0 -121.793895,44.594056,0 -121.819998,44.800612,0 -121.752994,44.829919,0 -121.734205,44.885671,0 -121.765322,44.885719,0 -121.804921,45.012382,0 -121.651394,45.088803,0 -121.748245,45.205100,0 -121.698375,45.226448,0 -121.696925,45.373564,0 -121.906688,45.520828,0 -121.923749,45.654350,0 -121.811304,45.706761,0 -121.524006,45.723836,0 -121.609246,45.782519,0 -121.612232,46.044093,0 -121.522321,46.044006,0 -121.522324,46.388224,0 -121.393734,46.390204,0 -121.451256,46.533894,0 -121.353562,46.711506,0 -121.523070,46.872783,0 -121.456447,46.923577,0 -121.379682,47.087495,0 -121.408081,47.118100,0 -121.297639,47.148557,0 -121.317600,47.212131,0 -121.365138,47.224563,0 -121.341203,47.281261,0 -121.427492,47.289075,0 -121.465976,47.367841,0 -121.217039,47.569752,0 -121.113569,47.597288,0 -121.121584,47.685213,0 -121.066005,47.713603,0 -121.119179,47.779933,0 -121.070685,47.826616,0 -121.180776,47.898769,0 -121.118183,47.997103,0 -121.153260,48.039693,0 -121.015942,48.074795,0 -120.907425,48.163184,0 -121.001658,48.296009,0 -121.071589,48.317802,0 -121.049714,48.485399,0 -120.823947,48.545030,0 -120.702069,48.531589,0 -120.688515,48.575705,0 -120.788307,48.625115,0 -120.655857,48.724342,0 -120.735427,48.786487,0 -120.735281,48.864374,0 -120.851527,49.000591,0 -104.048736,48.999877,0 -104.053249,41.001406,0 -106.190554,40.997747,0 -106.185307,40.933973,0 -106.047971,40.804643,0 -105.907857,40.515493,0 -105.807341,40.474527,0 -105.815340,40.421486,0 -105.653321,40.260457,0 -105.638797,40.038787,0 -105.693453,39.944017,0 -105.398041,39.934854,0 -105.397875,39.129564,0 -105.033473,39.129783,0 -105.027342,38.930811,0 -105.072184,38.799382,0 -104.939869,38.796543,0 -104.941533,38.519569,0 -104.054260,38.522392,0 -104.055528,38.868868,0 -103.719664,38.866827,0 -103.705701,40.001366,0 -104.150332,40.000856,0 -104.147714,40.524389,0 -103.581844,40.523383,0 -103.573774,41.001722,0 -102.051614,41.002377,0 -102.042240,36.993083,0 -109.045223,36.999084,0 -109.050076,41.000659,0 -111.046723,40.997959,0 -111.044053,43.019407,0 -112.678364,43.021730,0 -112.816578,42.863231,0 -113.007760,42.863051,0 -113.007712,43.110933,0 -113.243478,43.110946,0 -113.236943,42.762212,0 -113.178877,42.762355,0 -113.178633,42.675460,0 -113.236968,42.625254,0 -113.304400,42.628749,0 -113.373117,42.687638,0 -113.472177,42.669352,0 -113.472155,42.849201,0 -113.413138,42.849169,0 -113.413867,43.199859,0 -113.714642,43.199783,0 -113.714044,42.849734,0 -113.763862,42.764508,0 -114.049961,42.765006,0 -114.049849,42.808444,0 -114.345659,42.809055,0 -114.365366,42.850790,0 -114.594375,42.850901,0 -114.594605,43.198345,0 -115.086155,43.198064,0 -115.083071,43.604399,0 -115.033834,43.618636,0 -115.042340,43.745582,0 -114.971351,43.938308,0 -115.067527,43.941275,0 -115.136209,43.983859,0 -115.181931,44.090533,0 -115.230528,44.098766,0 -115.197060,44.068993,0 -115.287226,43.935520,0 -115.508722,43.884855,0 -115.547538,43.792667,0 -115.592796,43.798289,0 -115.697508,43.665373,0 -115.875927,43.591265,0 -115.993107,43.595313,0 -116.282019,43.807365,0 -116.273069,44.151227,0 -116.213871,44.151387,0 -116.212910,44.324373,0 -116.152295,44.324519,0 -116.183571,44.583655,0 -116.157627,44.702027,0 -116.211211,44.780872,0 -116.197011,44.864216,0 -116.089118,45.063617,0 -116.144386,45.107651,0 -116.285969,45.128732,0 -116.342876,45.267872,0 -116.690916,45.268984,0 -116.754643,45.113972,0 -116.841314,45.030907,0 -116.858313,44.978761,0 -116.833632,44.928976,0 -116.865338,44.870599,0 -116.931800,44.787181,0 -117.062273,44.727143,0 -117.142930,44.557236,0 -117.225932,44.479389,0 -117.215072,44.427162,0 -117.243027,44.390974,0 -117.192203,44.328630,0 -117.216974,44.288357,0 -116.971958,44.235677,0 -116.965498,44.194126,0 -116.895931,44.154295,0 -116.977351,44.085364,0 -116.937342,44.029376,0 -117.023577,43.823811,0 -117.026197,41.999890,0 -122.289749,42.007765,0 -122.282585,43.067719,0 -122.093776,43.076257,0 -122.039650,43.214102,0 -121.974199,43.261693,0 -122.010403,43.344697,0</coordinates>
                  </LinearRing>
                </outerBoundaryIs>
              </Polygon>
              <Polygon>
                <altitudeMode>clampToGround</altitudeMode>
                <outerBoundaryIs>
                  <LinearRing>
                    <coordinates>-117.461587,39.622644,0 -117.495344,39.748364,0 -117.461640,39.886817,0 -117.541749,40.001034,0 -117.246788,40.642445,0 -117.018664,40.643035,0 -117.018203,41.999840,0 -114.041723,41.993720,0 -114.046373,40.116936,0 -115.834969,40.127842,0 -115.794864,39.853104,0 -115.833101,39.729412,0 -115.813476,39.593521,0 -115.875886,39.465718,0 -115.907071,39.161848,0 -117.331857,39.163430,0 -117.775468,39.093425,0 -117.806183,39.145845,0 -117.719897,39.213377,0 -117.759795,39.369225,0 -117.646011,39.426602,0 -117.656397,39.468043,0 -117.590240,39.517521,0 -117.485236,39.545622,0 -117.461587,39.622644,0</coordinates>
                  </LinearRing>
                </outerBoundaryIs>
              </Polygon>
            </Placemark>
            <Placemark>
              <name>Idaho Central</name>
              <styleUrl>#__managed_style_000000000000000C</styleUrl>
              <description>See: 2050-snapshot/domains/borders-geopolitics.md#mountain-tapestry</description>
              <Polygon>
                <altitudeMode>clampToGround</altitudeMode>
                <outerBoundaryIs>
                  <LinearRing>
                    <coordinates>-119.349893,38.736227,0 -119.330366,38.535510,0 -120.001014,38.999574,0 -120.003364,39.165627,0 -119.880787,39.165509,0 -119.712112,39.251046,0 -119.647945,39.195060,0 -119.561480,39.194424,0 -119.550386,39.086259,0 -119.310841,39.084681,0 -119.310541,38.990915,0 -119.401852,38.983651,0 -119.440148,38.852955,0 -119.405969,38.733543,0 -119.349893,38.736227,0</coordinates>
                  </LinearRing>
                </outerBoundaryIs>
              </Polygon>
              <Polygon>
                <altitudeMode>clampToGround</altitudeMode>
                <outerBoundaryIs>
                  <LinearRing>
                    <coordinates>-122.010403,43.344697,0 -122.132034,43.440221,0 -122.131009,43.557284,0 -121.964918,43.627045,0 -121.986267,43.661708,0 -121.972931,43.861156,0 -121.869974,43.911664,0 -121.769073,44.101586,0 -121.799426,44.258280,0 -121.841346,44.285652,0 -121.845520,44.424733,0 -121.793895,44.594056,0 -121.819998,44.800612,0 -121.752994,44.829919,0 -121.734205,44.885671,0 -121.765322,44.885719,0 -121.804921,45.012382,0 -121.651394,45.088803,0 -121.748245,45.205100,0 -121.698375,45.226448,0 -121.696925,45.373564,0 -121.906688,45.520828,0 -121.923749,45.654350,0 -121.811304,45.706761,0 -121.524006,45.723836,0 -121.609246,45.782519,0 -121.612232,46.044093,0 -121.522321,46.044006,0 -121.522324,46.388224,0 -121.393734,46.390204,0 -121.451256,46.533894,0 -121.353562,46.711506,0 -121.523070,46.872783,0 -121.456447,46.923577,0 -121.379682,47.087495,0 -121.408081,47.118100,0 -121.297639,47.148557,0 -121.317600,47.212131,0 -121.365138,47.224563,0 -121.341203,47.281261,0 -121.427492,47.289075,0 -121.465976,47.367841,0 -121.217039,47.569752,0 -121.113569,47.597288,0 -121.121584,47.685213,0 -121.066005,47.713603,0 -121.119179,47.779933,0 -121.070685,47.826616,0 -121.180776,47.898769,0 -121.118183,47.997103,0 -121.153260,48.039693,0 -121.015942,48.074795,0 -120.907425,48.163184,0 -121.001658,48.296009,0 -121.071589,48.317802,0 -121.049714,48.485399,0 -120.823947,48.545030,0 -120.702069,48.531589,0 -120.688515,48.575705,0 -120.788307,48.625115,0 -120.655857,48.724342,0 -120.735427,48.786487,0 -120.735281,48.864374,0 -120.851527,49.000591,0 -104.048736,48.999877,0 -104.053249,41.001406,0 -106.190554,40.997747,0 -106.185307,40.933973,0 -106.047971,40.804643,0 -105.907857,40.515493,0 -105.807341,40.474527,0 -105.815340,40.421486,0 -105.653321,40.260457,0 -105.638797,40.038787,0 -105.693453,39.944017,0 -105.398041,39.934854,0 -105.397875,39.129564,0 -105.033473,39.129783,0 -105.027342,38.930811,0 -105.072184,38.799382,0 -104.939869,38.796543,0 -104.941533,38.519569,0 -104.054260,38.522392,0 -104.055528,38.868868,0 -103.719664,38.866827,0 -103.705701,40.001366,0 -104.150332,40.000856,0 -104.147714,40.524389,0 -103.581844,40.523383,0 -103.573774,41.001722,0 -102.051614,41.002377,0 -102.042240,36.993083,0 -109.045223,36.999084,0 -109.050076,41.000659,0 -111.046723,40.997959,0 -111.044053,43.019407,0 -112.678364,43.021730,0 -112.816578,42.863231,0 -113.007760,42.863051,0 -113.007712,43.110933,0 -113.243478,43.110946,0 -113.236943,42.762212,0 -113.178877,42.762355,0 -113.178633,42.675460,0 -113.236968,42.625254,0 -113.304400,42.628749,0 -113.373117,42.687638,0 -113.472177,42.669352,0 -113.472155,42.849201,0 -113.413138,42.849169,0 -113.413867,43.199859,0 -113.714642,43.199783,0 -113.714044,42.849734,0 -113.763862,42.764508,0 -114.049961,42.765006,0 -114.049849,42.808444,0 -114.345659,42.809055,0 -114.365366,42.850790,0 -114.594375,42.850901,0 -114.594605,43.198345,0 -115.086155,43.198064,0 -115.083071,43.604399,0 -115.033834,43.618636,0 -115.042340,43.745582,0 -114.971351,43.938308,0 -115.067527,43.941275,0 -115.136209,43.983859,0 -115.181931,44.090533,0 -115.230528,44.098766,0 -115.197060,44.068993,0 -115.287226,43.935520,0 -115.508722,43.884855,0 -115.547538,43.792667,0 -115.592796,43.798289,0 -115.697508,43.665373,0 -115.875927,43.591265,0 -115.993107,43.595313,0 -116.282019,43.807365,0 -116.273069,44.151227,0 -116.213871,44.151387,0 -116.212910,44.324373,0 -116.152295,44.324519,0 -116.183571,44.583655,0 -116.157627,44.702027,0 -116.211211,44.780872,0 -116.197011,44.864216,0 -116.089118,45.063617,0 -116.144386,45.107651,0 -116.285969,45.128732,0 -116.342876,45.267872,0 -116.690916,45.268984,0 -116.754643,45.113972,0 -116.841314,45.030907,0 -116.858313,44.978761,0 -116.833632,44.928976,0 -116.865338,44.870599,0 -116.931800,44.787181,0 -117.062273,44.727143,0 -117.142930,44.557236,0 -117.225932,44.479389,0 -117.215072,44.427162,0 -117.243027,44.390974,0 -117.192203,44.328630,0 -117.216974,44.288357,0 -116.971958,44.235677,0 -116.965498,44.194126,0 -116.895931,44.154295,0 -116.977351,44.085364,0 -116.937342,44.029376,0 -117.023577,43.823811,0 -117.026197,41.999890,0 -122.289749,42.007765,0 -122.282585,43.067719,0 -122.093776,43.076257,0 -122.039650,43.214102,0 -121.974199,43.261693,0 -122.010403,43.344697,0</coordinates>
                  </LinearRing>
                </outerBoundaryIs>
              </Polygon>
              <Polygon>
                <altitudeMode>clampToGround</altitudeMode>
                <outerBoundaryIs>
                  <LinearRing>
                    <coordinates>-117.461587,39.622644,0 -117.495344,39.748364,0 -117.461640,39.886817,0 -117.541749,40.001034,0 -117.246788,40.642445,0 -117.018664,40.643035,0 -117.018203,41.999840,0 -114.041723,41.993720,0 -114.046373,40.116936,0 -115.834969,40.127842,0 -115.794864,39.853104,0 -115.833101,39.729412,0 -115.813476,39.593521,0 -115.875886,39.465718,0 -115.907071,39.161848,0 -117.331857,39.163430,0 -117.775468,39.093425,0 -117.806183,39.145845,0 -117.719897,39.213377,0 -117.759795,39.369225,0 -117.646011,39.426602,0 -117.656397,39.468043,0 -117.590240,39.517521,0 -117.485236,39.545622,0 -117.461587,39.622644,0</coordinates>
                  </LinearRing>
                </outerBoundaryIs>
              </Polygon>
            </Placemark>
            <Placemark>
              <name>Montana Remnant</name>
              <styleUrl>#__managed_style_000000000000000C</styleUrl>
              <description>See: 2050-snapshot/domains/borders-geopolitics.md#mountain-tapestry</description>
              <Polygon>
                <altitudeMode>clampToGround</altitudeMode>
                <outerBoundaryIs>
                  <LinearRing>
                    <coordinates>-119.349893,38.736227,0 -119.330366,38.535510,0 -120.001014,38.999574,0 -120.003364,39.165627,0 -119.880787,39.165509,0 -119.712112,39.251046,0 -119.647945,39.195060,0 -119.561480,39.194424,0 -119.550386,39.086259,0 -119.310841,39.084681,0 -119.310541,38.990915,0 -119.401852,38.983651,0 -119.440148,38.852955,0 -119.405969,38.733543,0 -119.349893,38.736227,0</coordinates>
                  </LinearRing>
                </outerBoundaryIs>
              </Polygon>
              <Polygon>
                <altitudeMode>clampToGround</altitudeMode>
                <outerBoundaryIs>
                  <LinearRing>
                    <coordinates>-122.010403,43.344697,0 -122.132034,43.440221,0 -122.131009,43.557284,0 -121.964918,43.627045,0 -121.986267,43.661708,0 -121.972931,43.861156,0 -121.869974,43.911664,0 -121.769073,44.101586,0 -121.799426,44.258280,0 -121.841346,44.285652,0 -121.845520,44.424733,0 -121.793895,44.594056,0 -121.819998,44.800612,0 -121.752994,44.829919,0 -121.734205,44.885671,0 -121.765322,44.885719,0 -121.804921,45.012382,0 -121.651394,45.088803,0 -121.748245,45.205100,0 -121.698375,45.226448,0 -121.696925,45.373564,0 -121.906688,45.520828,0 -121.923749,45.654350,0 -121.811304,45.706761,0 -121.524006,45.723836,0 -121.609246,45.782519,0 -121.612232,46.044093,0 -121.522321,46.044006,0 -121.522324,46.388224,0 -121.393734,46.390204,0 -121.451256,46.533894,0 -121.353562,46.711506,0 -121.523070,46.872783,0 -121.456447,46.923577,0 -121.379682,47.087495,0 -121.408081,47.118100,0 -121.297639,47.148557,0 -121.317600,47.212131,0 -121.365138,47.224563,0 -121.341203,47.281261,0 -121.427492,47.289075,0 -121.465976,47.367841,0 -121.217039,47.569752,0 -121.113569,47.597288,0 -121.121584,47.685213,0 -121.066005,47.713603,0 -121.119179,47.779933,0 -121.070685,47.826616,0 -121.180776,47.898769,0 -121.118183,47.997103,0 -121.153260,48.039693,0 -121.015942,48.074795,0 -120.907425,48.163184,0 -121.001658,48.296009,0 -121.071589,48.317802,0 -121.049714,48.485399,0 -120.823947,48.545030,0 -120.702069,48.531589,0 -120.688515,48.575705,0 -120.788307,48.625115,0 -120.655857,48.724342,0 -120.735427,48.786487,0 -120.735281,48.864374,0 -120.851527,49.000591,0 -104.048736,48.999877,0 -104.053249,41.001406,0 -106.190554,40.997747,0 -106.185307,40.933973,0 -106.047971,40.804643,0 -105.907857,40.515493,0 -105.807341,40.474527,0 -105.815340,40.421486,0 -105.653321,40.260457,0 -105.638797,40.038787,0 -105.693453,39.944017,0 -105.398041,39.934854,0 -105.397875,39.129564,0 -105.033473,39.129783,0 -105.027342,38.930811,0 -105.072184,38.799382,0 -104.939869,38.796543,0 -104.941533,38.519569,0 -104.054260,38.522392,0 -104.055528,38.868868,0 -103.719664,38.866827,0 -103.705701,40.001366,0 -104.150332,40.000856,0 -104.147714,40.524389,0 -103.581844,40.523383,0 -103.573774,41.001722,0 -102.051614,41.002377,0 -102.042240,36.993083,0 -109.045223,36.999084,0 -109.050076,41.000659,0 -111.046723,40.997959,0 -111.044053,43.019407,0 -112.678364,43.021730,0 -112.816578,42.863231,0 -113.007760,42.863051,0 -113.007712,43.110933,0 -113.243478,43.110946,0 -113.236943,42.762212,0 -113.178877,42.762355,0 -113.178633,42.675460,0 -113.236968,42.625254,0 -113.304400,42.628749,0 -113.373117,42.687638,0 -113.472177,42.669352,0 -113.472155,42.849201,0 -113.413138,42.849169,0 -113.413867,43.199859,0 -113.714642,43.199783,0 -113.714044,42.849734,0 -113.763862,42.764508,0 -114.049961,42.765006,0 -114.049849,42.808444,0 -114.345659,42.809055,0 -114.365366,42.850790,0 -114.594375,42.850901,0 -114.594605,43.198345,0 -115.086155,43.198064,0 -115.083071,43.604399,0 -115.033834,43.618636,0 -115.042340,43.745582,0 -114.971351,43.938308,0 -115.067527,43.941275,0 -115.136209,43.983859,0 -115.181931,44.090533,0 -115.230528,44.098766,0 -115.197060,44.068993,0 -115.287226,43.935520,0 -115.508722,43.884855,0 -115.547538,43.792667,0 -115.592796,43.798289,0 -115.697508,43.665373,0 -115.875927,43.591265,0 -115.993107,43.595313,0 -116.282019,43.807365,0 -116.273069,44.151227,0 -116.213871,44.151387,0 -116.212910,44.324373,0 -116.152295,44.324519,0 -116.183571,44.583655,0 -116.157627,44.702027,0 -116.211211,44.780872,0 -116.197011,44.864216,0 -116.089118,45.063617,0 -116.144386,45.107651,0 -116.285969,45.128732,0 -116.342876,45.267872,0 -116.690916,45.268984,0 -116.754643,45.113972,0 -116.841314,45.030907,0 -116.858313,44.978761,0 -116.833632,44.928976,0 -116.865338,44.870599,0 -116.931800,44.787181,0 -117.062273,44.727143,0 -117.142930,44.557236,0 -117.225932,44.479389,0 -117.215072,44.427162,0 -117.243027,44.390974,0 -117.192203,44.328630,0 -117.216974,44.288357,0 -116.971958,44.235677,0 -116.965498,44.194126,0 -116.895931,44.154295,0 -116.977351,44.085364,0 -116.937342,44.029376,0 -117.023577,43.823811,0 -117.026197,41.999890,0 -122.289749,42.007765,0 -122.282585,43.067719,0 -122.093776,43.076257,0 -122.039650,43.214102,0 -121.974199,43.261693,0 -122.010403,43.344697,0</coordinates>
                  </LinearRing>
                </outerBoundaryIs>
              </Polygon>
              <Polygon>
                <altitudeMode>clampToGround</altitudeMode>
                <outerBoundaryIs>
                  <LinearRing>
                    <coordinates>-117.461587,39.622644,0 -117.495344,39.748364,0 -117.461640,39.886817,0 -117.541749,40.001034,0 -117.246788,40.642445,0 -117.018664,40.643035,0 -117.018203,41.999840,0 -114.041723,41.993720,0 -114.046373,40.116936,0 -115.834969,40.127842,0 -115.794864,39.853104,0 -115.833101,39.729412,0 -115.813476,39.593521,0 -115.875886,39.465718,0 -115.907071,39.161848,0 -117.331857,39.163430,0 -117.775468,39.093425,0 -117.806183,39.145845,0 -117.719897,39.213377,0 -117.759795,39.369225,0 -117.646011,39.426602,0 -117.656397,39.468043,0 -117.590240,39.517521,0 -117.485236,39.545622,0 -117.461587,39.622644,0</coordinates>
                  </LinearRing>
                </outerBoundaryIs>
              </Polygon>
            </Placemark>
            <Placemark>
              <name>Wyoming Remnant</name>
              <styleUrl>#__managed_style_000000000000000C</styleUrl>
              <description>See: 2050-snapshot/domains/borders-geopolitics.md#mountain-tapestry</description>
              <Polygon>
                <altitudeMode>clampToGround</altitudeMode>
                <outerBoundaryIs>
                  <LinearRing>
                    <coordinates>-119.349893,38.736227,0 -119.330366,38.535510,0 -120.001014,38.999574,0 -120.003364,39.165627,0 -119.880787,39.165509,0 -119.712112,39.251046,0 -119.647945,39.195060,0 -119.561480,39.194424,0 -119.550386,39.086259,0 -119.310841,39.084681,0 -119.310541,38.990915,0 -119.401852,38.983651,0 -119.440148,38.852955,0 -119.405969,38.733543,0 -119.349893,38.736227,0</coordinates>
                  </LinearRing>
                </outerBoundaryIs>
              </Polygon>
              <Polygon>
                <altitudeMode>clampToGround</altitudeMode>
                <outerBoundaryIs>
                  <LinearRing>
                    <coordinates>-122.010403,43.344697,0 -122.132034,43.440221,0 -122.131009,43.557284,0 -121.964918,43.627045,0 -121.986267,43.661708,0 -121.972931,43.861156,0 -121.869974,43.911664,0 -121.769073,44.101586,0 -121.799426,44.258280,0 -121.841346,44.285652,0 -121.845520,44.424733,0 -121.793895,44.594056,0 -121.819998,44.800612,0 -121.752994,44.829919,0 -121.734205,44.885671,0 -121.765322,44.885719,0 -121.804921,45.012382,0 -121.651394,45.088803,0 -121.748245,45.205100,0 -121.698375,45.226448,0 -121.696925,45.373564,0 -121.906688,45.520828,0 -121.923749,45.654350,0 -121.811304,45.706761,0 -121.524006,45.723836,0 -121.609246,45.782519,0 -121.612232,46.044093,0 -121.522321,46.044006,0 -121.522324,46.388224,0 -121.393734,46.390204,0 -121.451256,46.533894,0 -121.353562,46.711506,0 -121.523070,46.872783,0 -121.456447,46.923577,0 -121.379682,47.087495,0 -121.408081,47.118100,0 -121.297639,47.148557,0 -121.317600,47.212131,0 -121.365138,47.224563,0 -121.341203,47.281261,0 -121.427492,47.289075,0 -121.465976,47.367841,0 -121.217039,47.569752,0 -121.113569,47.597288,0 -121.121584,47.685213,0 -121.066005,47.713603,0 -121.119179,47.779933,0 -121.070685,47.826616,0 -121.180776,47.898769,0 -121.118183,47.997103,0 -121.153260,48.039693,0 -121.015942,48.074795,0 -120.907425,48.163184,0 -121.001658,48.296009,0 -121.071589,48.317802,0 -121.049714,48.485399,0 -120.823947,48.545030,0 -120.702069,48.531589,0 -120.688515,48.575705,0 -120.788307,48.625115,0 -120.655857,48.724342,0 -120.735427,48.786487,0 -120.735281,48.864374,0 -120.851527,49.000591,0 -104.048736,48.999877,0 -104.053249,41.001406,0 -106.190554,40.997747,0 -106.185307,40.933973,0 -106.047971,40.804643,0 -105.907857,40.515493,0 -105.807341,40.474527,0 -105.815340,40.421486,0 -105.653321,40.260457,0 -105.638797,40.038787,0 -105.693453,39.944017,0 -105.398041,39.934854,0 -105.397875,39.129564,0 -105.033473,39.129783,0 -105.027342,38.930811,0 -105.072184,38.799382,0 -104.939869,38.796543,0 -104.941533,38.519569,0 -104.054260,38.522392,0 -104.055528,38.868868,0 -103.719664,38.866827,0 -103.705701,40.001366,0 -104.150332,40.000856,0 -104.147714,40.524389,0 -103.581844,40.523383,0 -103.573774,41.001722,0 -102.051614,41.002377,0 -102.042240,36.993083,0 -109.045223,36.999084,0 -109.050076,41.000659,0 -111.046723,40.997959,0 -111.044053,43.019407,0 -112.678364,43.021730,0 -112.816578,42.863231,0 -113.007760,42.863051,0 -113.007712,43.110933,0 -113.243478,43.110946,0 -113.236943,42.762212,0 -113.178877,42.762355,0 -113.178633,42.675460,0 -113.236968,42.625254,0 -113.304400,42.628749,0 -113.373117,42.687638,0 -113.472177,42.669352,0 -113.472155,42.849201,0 -113.413138,42.849169,0 -113.413867,43.199859,0 -113.714642,43.199783,0 -113.714044,42.849734,0 -113.763862,42.764508,0 -114.049961,42.765006,0 -114.049849,42.808444,0 -114.345659,42.809055,0 -114.365366,42.850790,0 -114.594375,42.850901,0 -114.594605,43.198345,0 -115.086155,43.198064,0 -115.083071,43.604399,0 -115.033834,43.618636,0 -115.042340,43.745582,0 -114.971351,43.938308,0 -115.067527,43.941275,0 -115.136209,43.983859,0 -115.181931,44.090533,0 -115.230528,44.098766,0 -115.197060,44.068993,0 -115.287226,43.935520,0 -115.508722,43.884855,0 -115.547538,43.792667,0 -115.592796,43.798289,0 -115.697508,43.665373,0 -115.875927,43.591265,0 -115.993107,43.595313,0 -116.282019,43.807365,0 -116.273069,44.151227,0 -116.213871,44.151387,0 -116.212910,44.324373,0 -116.152295,44.324519,0 -116.183571,44.583655,0 -116.157627,44.702027,0 -116.211211,44.780872,0 -116.197011,44.864216,0 -116.089118,45.063617,0 -116.144386,45.107651,0 -116.285969,45.128732,0 -116.342876,45.267872,0 -116.690916,45.268984,0 -116.754643,45.113972,0 -116.841314,45.030907,0 -116.858313,44.978761,0 -116.833632,44.928976,0 -116.865338,44.870599,0 -116.931800,44.787181,0 -117.062273,44.727143,0 -117.142930,44.557236,0 -117.225932,44.479389,0 -117.215072,44.427162,0 -117.243027,44.390974,0 -117.192203,44.328630,0 -117.216974,44.288357,0 -116.971958,44.235677,0 -116.965498,44.194126,0 -116.895931,44.154295,0 -116.977351,44.085364,0 -116.937342,44.029376,0 -117.023577,43.823811,0 -117.026197,41.999890,0 -122.289749,42.007765,0 -122.282585,43.067719,0 -122.093776,43.076257,0 -122.039650,43.214102,0 -121.974199,43.261693,0 -122.010403,43.344697,0</coordinates>
                  </LinearRing>
                </outerBoundaryIs>
              </Polygon>
              <Polygon>
                <altitudeMode>clampToGround</altitudeMode>
                <outerBoundaryIs>
                  <LinearRing>
                    <coordinates>-117.461587,39.622644,0 -117.495344,39.748364,0 -117.461640,39.886817,0 -117.541749,40.001034,0 -117.246788,40.642445,0 -117.018664,40.643035,0 -117.018203,41.999840,0 -114.041723,41.993720,0 -114.046373,40.116936,0 -115.834969,40.127842,0 -115.794864,39.853104,0 -115.833101,39.729412,0 -115.813476,39.593521,0 -115.875886,39.465718,0 -115.907071,39.161848,0 -117.331857,39.163430,0 -117.775468,39.093425,0 -117.806183,39.145845,0 -117.719897,39.213377,0 -117.759795,39.369225,0 -117.646011,39.426602,0 -117.656397,39.468043,0 -117.590240,39.517521,0 -117.485236,39.545622,0 -117.461587,39.622644,0</coordinates>
                  </LinearRing>
                </outerBoundaryIs>
              </Polygon>
            </Placemark>
            <Placemark>
              <name>Nevada Rural</name>
              <styleUrl>#__managed_style_000000000000000C</styleUrl>
              <description>See: 2050-snapshot/domains/borders-geopolitics.md#mountain-tapestry</description>
              <Polygon>
                <altitudeMode>clampToGround</altitudeMode>
                <outerBoundaryIs>
                  <LinearRing>
                    <coordinates>-119.349893,38.736227,0 -119.330366,38.535510,0 -120.001014,38.999574,0 -120.003364,39.165627,0 -119.880787,39.165509,0 -119.712112,39.251046,0 -119.647945,39.195060,0 -119.561480,39.194424,0 -119.550386,39.086259,0 -119.310841,39.084681,0 -119.310541,38.990915,0 -119.401852,38.983651,0 -119.440148,38.852955,0 -119.405969,38.733543,0 -119.349893,38.736227,0</coordinates>
                  </LinearRing>
                </outerBoundaryIs>
              </Polygon>
              <Polygon>
                <altitudeMode>clampToGround</altitudeMode>
                <outerBoundaryIs>
                  <LinearRing>
                    <coordinates>-122.010403,43.344697,0 -122.132034,43.440221,0 -122.131009,43.557284,0 -121.964918,43.627045,0 -121.986267,43.661708,0 -121.972931,43.861156,0 -121.869974,43.911664,0 -121.769073,44.101586,0 -121.799426,44.258280,0 -121.841346,44.285652,0 -121.845520,44.424733,0 -121.793895,44.594056,0 -121.819998,44.800612,0 -121.752994,44.829919,0 -121.734205,44.885671,0 -121.765322,44.885719,0 -121.804921,45.012382,0 -121.651394,45.088803,0 -121.748245,45.205100,0 -121.698375,45.226448,0 -121.696925,45.373564,0 -121.906688,45.520828,0 -121.923749,45.654350,0 -121.811304,45.706761,0 -121.524006,45.723836,0 -121.609246,45.782519,0 -121.612232,46.044093,0 -121.522321,46.044006,0 -121.522324,46.388224,0 -121.393734,46.390204,0 -121.451256,46.533894,0 -121.353562,46.711506,0 -121.523070,46.872783,0 -121.456447,46.923577,0 -121.379682,47.087495,0 -121.408081,47.118100,0 -121.297639,47.148557,0 -121.317600,47.212131,0 -121.365138,47.224563,0 -121.341203,47.281261,0 -121.427492,47.289075,0 -121.465976,47.367841,0 -121.217039,47.569752,0 -121.113569,47.597288,0 -121.121584,47.685213,0 -121.066005,47.713603,0 -121.119179,47.779933,0 -121.070685,47.826616,0 -121.180776,47.898769,0 -121.118183,47.997103,0 -121.153260,48.039693,0 -121.015942,48.074795,0 -120.907425,48.163184,0 -121.001658,48.296009,0 -121.071589,48.317802,0 -121.049714,48.485399,0 -120.823947,48.545030,0 -120.702069,48.531589,0 -120.688515,48.575705,0 -120.788307,48.625115,0 -120.655857,48.724342,0 -120.735427,48.786487,0 -120.735281,48.864374,0 -120.851527,49.000591,0 -104.048736,48.999877,0 -104.053249,41.001406,0 -106.190554,40.997747,0 -106.185307,40.933973,0 -106.047971,40.804643,0 -105.907857,40.515493,0 -105.807341,40.474527,0 -105.815340,40.421486,0 -105.653321,40.260457,0 -105.638797,40.038787,0 -105.693453,39.944017,0 -105.398041,39.934854,0 -105.397875,39.129564,0 -105.033473,39.129783,0 -105.027342,38.930811,0 -105.072184,38.799382,0 -104.939869,38.796543,0 -104.941533,38.519569,0 -104.054260,38.522392,0 -104.055528,38.868868,0 -103.719664,38.866827,0 -103.705701,40.001366,0 -104.150332,40.000856,0 -104.147714,40.524389,0 -103.581844,40.523383,0 -103.573774,41.001722,0 -102.051614,41.002377,0 -102.042240,36.993083,0 -109.045223,36.999084,0 -109.050076,41.000659,0 -111.046723,40.997959,0 -111.044053,43.019407,0 -112.678364,43.021730,0 -112.816578,42.863231,0 -113.007760,42.863051,0 -113.007712,43.110933,0 -113.243478,43.110946,0 -113.236943,42.762212,0 -113.178877,42.762355,0 -113.178633,42.675460,0 -113.236968,42.625254,0 -113.304400,42.628749,0 -113.373117,42.687638,0 -113.472177,42.669352,0 -113.472155,42.849201,0 -113.413138,42.849169,0 -113.413867,43.199859,0 -113.714642,43.199783,0 -113.714044,42.849734,0 -113.763862,42.764508,0 -114.049961,42.765006,0 -114.049849,42.808444,0 -114.345659,42.809055,0 -114.365366,42.850790,0 -114.594375,42.850901,0 -114.594605,43.198345,0 -115.086155,43.198064,0 -115.083071,43.604399,0 -115.033834,43.618636,0 -115.042340,43.745582,0 -114.971351,43.938308,0 -115.067527,43.941275,0 -115.136209,43.983859,0 -115.181931,44.090533,0 -115.230528,44.098766,0 -115.197060,44.068993,0 -115.287226,43.935520,0 -115.508722,43.884855,0 -115.547538,43.792667,0 -115.592796,43.798289,0 -115.697508,43.665373,0 -115.875927,43.591265,0 -115.993107,43.595313,0 -116.282019,43.807365,0 -116.273069,44.151227,0 -116.213871,44.151387,0 -116.212910,44.324373,0 -116.152295,44.324519,0 -116.183571,44.583655,0 -116.157627,44.702027,0 -116.211211,44.780872,0 -116.197011,44.864216,0 -116.089118,45.063617,0 -116.144386,45.107651,0 -116.285969,45.128732,0 -116.342876,45.267872,0 -116.690916,45.268984,0 -116.754643,45.113972,0 -116.841314,45.030907,0 -116.858313,44.978761,0 -116.833632,44.928976,0 -116.865338,44.870599,0 -116.931800,44.787181,0 -117.062273,44.727143,0 -117.142930,44.557236,0 -117.225932,44.479389,0 -117.215072,44.427162,0 -117.243027,44.390974,0 -117.192203,44.328630,0 -117.216974,44.288357,0 -116.971958,44.235677,0 -116.965498,44.194126,0 -116.895931,44.154295,0 -116.977351,44.085364,0 -116.937342,44.029376,0 -117.023577,43.823811,0 -117.026197,41.999890,0 -122.289749,42.007765,0 -122.282585,43.067719,0 -122.093776,43.076257,0 -122.039650,43.214102,0 -121.974199,43.261693,0 -122.010403,43.344697,0</coordinates>
                  </LinearRing>
                </outerBoundaryIs>
              </Polygon>
              <Polygon>
                <altitudeMode>clampToGround</altitudeMode>
                <outerBoundaryIs>
                  <LinearRing>
                    <coordinates>-117.461587,39.622644,0 -117.495344,39.748364,0 -117.461640,39.886817,0 -117.541749,40.001034,0 -117.246788,40.642445,0 -117.018664,40.643035,0 -117.018203,41.999840,0 -114.041723,41.993720,0 -114.046373,40.116936,0 -115.834969,40.127842,0 -115.794864,39.853104,0 -115.833101,39.729412,0 -115.813476,39.593521,0 -115.875886,39.465718,0 -115.907071,39.161848,0 -117.331857,39.163430,0 -117.775468,39.093425,0 -117.806183,39.145845,0 -117.719897,39.213377,0 -117.759795,39.369225,0 -117.646011,39.426602,0 -117.656397,39.468043,0 -117.590240,39.517521,0 -117.485236,39.545622,0 -117.461587,39.622644,0</coordinates>
                  </LinearRing>
                </outerBoundaryIs>
              </Polygon>
            </Placemark>
          </Folder>
        </Folder>
        <Folder>
          <name>Degrading Rumps</name>
          <Folder>
            <name>Anchorage Rump</name>
            <Placemark>
              <name>Anchorage Rump</name>
              <styleUrl>#__managed_style_0000000000000003</styleUrl>
              <description>See: 2050-snapshot/domains/borders-geopolitics.md#anchorage-rump</description>
              <Polygon>
                <altitudeMode>clampToGround</altitudeMode>
                <outerBoundaryIs>
                  <LinearRing>
                    <coordinates>-151.886513,59.421033,0 -151.205459,59.630284,0 -151.296895,59.696861,0 -151.448669,59.648171,0 -151.643061,59.646966,0 -151.869468,59.769159,0 -151.718010,60.009473,0 -151.421702,60.212931,0 -151.366874,60.372655,0 -151.306090,60.387257,0 -151.281810,60.496034,0 -151.410273,60.711023,0 -151.261319,60.769801,0 -151.062558,60.787429,0 -150.401859,61.036227,0 -150.341709,61.024201,0 -150.194128,60.901340,0 -149.985374,60.879033,0 -149.853693,60.967395,0 -149.717167,61.011303,0 -150.005041,61.138556,0 -150.265894,61.127365,0 -150.204894,61.259548,0 -150.679902,61.265888,0 -150.974012,61.194467,0 -150.974014,61.252940,0 -151.332802,61.252936,0 -151.332784,61.426239,0 -153.001736,61.426172,0 -152.999609,62.725831,0 -151.893784,62.725864,0 -151.894015,62.798058,0 -149.492340,63.333218,0 -148.025618,63.333233,0 -148.025627,63.477609,0 -146.494333,63.477639,0 -146.494311,63.168975,0 -146.436899,62.856991,0 -146.423984,62.250511,0 -146.979807,62.250497,0 -146.942559,61.470675,0 -147.206605,61.470663,0 -147.206597,61.426265,0 -148.462471,61.426267,0 -148.472065,60.848520,0 -148.738363,60.848546,0 -148.745618,60.733007,0 -148.657119,60.732976,0 -148.664470,60.415183,0 -148.563715,60.415172,0 -148.586180,59.938585,0 -148.801325,59.952794,0 -148.859556,59.924398,0 -149.123262,59.968559,0 -149.376593,59.835879,0 -149.472227,59.903693,0 -149.572714,59.852317,0 -149.595531,59.797720,0 -149.506758,59.770927,0 -149.527793,59.706846,0 -149.626311,59.734410,0 -149.731966,59.706783,0 -149.746220,59.637585,0 -149.842672,59.701300,0 -149.919444,59.691836,0 -150.280838,59.466833,0 -150.385341,59.341963,0 -150.430144,59.343357,0 -150.498900,59.456298,0 -150.581182,59.445233,0 -150.680872,59.305412,0 -150.721799,59.292087,0 -150.822768,59.330763,0 -150.912817,59.305214,0 -150.887821,59.267920,0 -150.942212,59.233136,0 -151.126247,59.209923,0 -151.470623,59.242621,0 -151.433390,59.135517,0 -151.662368,59.089735,0 -151.858124,59.144234,0 -151.984101,59.278696,0 -151.963130,59.344958,0 -151.886513,59.421033,0</coordinates>
                  </LinearRing>
                </outerBoundaryIs>
              </Polygon>
            </Placemark>
          </Folder>
          <Folder>
            <name>Alaska Indigenous Territories</name>
            <Placemark>
              <name>Alaska Indigenous Territories</name>
              <styleUrl>#__managed_style_0000000000000003</styleUrl>
              <description>See: 2050-snapshot/domains/borders-geopolitics.md#alaska-indigenous-territories</description>
              <Polygon>
                <altitudeMode>clampToGround</altitudeMode>
                <outerBoundaryIs>
                  <LinearRing>
                    <coordinates>-160.137102,55.171565,0 -159.870591,55.284889,0 -159.816419,55.178051,0 -159.670305,55.182337,0 -159.521096,55.253393,0 -159.488766,55.188812,0 -159.203228,54.914842,0 -159.309681,54.865813,0 -159.447982,54.941374,0 -159.504434,55.027316,0 -159.752779,55.066139,0 -159.813625,55.027467,0 -160.027035,55.020910,0 -160.226967,54.864075,0 -160.252749,54.913251,0 -160.187261,55.118376,0 -160.137102,55.171565,0</coordinates>
                  </LinearRing>
                </outerBoundaryIs>
              </Polygon>
              <Polygon>
                <altitudeMode>clampToGround</altitudeMode>
                <outerBoundaryIs>
                  <LinearRing>
                    <coordinates>-156.505349,59.606199,0 -156.505345,59.519523,0 -156.675489,59.519521,0 -156.675483,59.432844,0 -156.769971,59.432843,0 -156.769965,59.346166,0 -157.106814,59.346162,0 -157.106808,59.259483,0 -157.275233,59.259482,0 -157.275221,59.086121,0 -157.196306,59.086122,0 -157.196292,58.849360,0 -158.140307,58.615020,0 -158.232276,58.619902,0 -158.332093,58.665313,0 -158.376873,58.748043,0 -158.564833,58.802715,0 -158.520327,58.857105,0 -158.619684,58.911048,0 -158.767748,58.864264,0 -158.780136,58.753790,0 -158.861207,58.695580,0 -158.704052,58.482759,0 -158.795316,58.408032,0 -158.880927,58.390670,0 -159.063346,58.423139,0 -159.409779,58.773611,0 -159.532347,58.833609,0 -159.643549,58.845063,0 -159.601899,58.884671,0 -159.616120,58.931601,0 -159.712114,58.929468,0 -159.792923,58.823971,0 -159.908386,58.779903,0 -159.979344,58.835535,0 -160.150528,58.866062,0 -160.322922,58.953953,0 -160.256592,58.994480,0 -160.317780,59.070477,0 -160.730971,58.921186,0 -160.823489,58.829136,0 -160.872003,58.878472,0 -161.073748,58.826024,0 -161.364931,58.826021,0 -161.365049,58.739364,0 -161.339581,58.739339,0 -161.372314,58.666172,0 -161.751999,58.551842,0 -161.802156,58.612318,0 -162.027363,58.607050,0 -162.171722,58.648441,0 -161.824107,58.734549,0 -161.764791,58.846235,0 -161.804034,58.991717,0 -162.048584,59.254177,0 -161.992903,59.338385,0 -161.790375,59.468197,0 -161.702530,59.490906,0 -162.228371,60.056313,0 -162.372240,60.167009,0 -162.451280,60.174367,0 -162.494180,60.130271,0 -162.487649,60.028082,0 -162.515276,59.976183,0 -162.737447,59.972254,0 -163.172633,59.845058,0 -163.458092,59.809958,0 -163.930798,59.803853,0 -164.133393,59.845612,0 -164.208475,59.934461,0 -164.131810,59.991177,0 -164.411016,60.097675,0 -164.517647,60.199493,0 -164.698889,60.296298,0 -164.984527,60.349929,0 -165.129403,60.433707,0 -165.015155,60.471414,0 -164.956788,60.527837,0 -165.274867,60.499021,0 -165.362975,60.506866,0 -165.420349,60.550692,0 -164.991665,60.698840,0 -165.040843,60.772660,0 -165.030183,60.838050,0 -165.085090,60.913763,0 -165.194945,60.973900,0 -165.057842,61.059746,0 -165.203757,61.150341,0 -165.325552,61.169306,0 -165.385437,61.079574,0 -165.555140,61.092674,0 -165.640289,61.138066,0 -165.623317,61.278431,0 -165.831365,61.306719,0 -165.921194,61.403080,0 -165.746352,61.489304,0 -165.912496,61.556200,0 -166.075398,61.492980,0 -166.149577,61.513288,0 -166.211787,61.608373,0 -166.143757,61.724352,0 -166.050997,61.766689,0 -166.094312,61.813859,0 -165.940864,61.849080,0 -165.803979,61.825685,0 -165.639516,61.847006,0 -165.743528,61.962533,0 -165.754295,62.055955,0 -165.269270,62.427352,0 -165.096155,62.522452,0 -165.052202,62.598217,0 -164.962432,62.658246,0 -164.837703,62.685267,0 -164.875640,62.806254,0 -164.813007,62.903919,0 -164.607425,63.112899,0 -164.442368,63.202672,0 -164.066991,63.262276,0 -163.732650,63.213257,0 -163.616272,63.141213,0 -163.529938,63.135400,0 -163.316203,63.037763,0 -163.053996,63.058334,0 -162.844559,63.154191,0 -162.821122,63.205596,0 -162.724080,63.214615,0 -162.526588,63.316551,0 -162.352274,63.454069,0 -162.707559,63.577607,0 -162.587527,63.625115,0 -162.401203,63.634367,0 -162.252411,63.541753,0 -162.073156,63.513768,0 -161.982168,63.446313,0 -161.191163,63.490072,0 -160.783304,63.752893,0 -160.765620,63.828714,0 -160.941096,64.066319,0 -160.962007,64.220575,0 -161.263519,64.398166,0 -161.504903,64.423074,0 -161.469046,64.506575,0 -161.389879,64.547833,0 -161.198029,64.496626,0 -160.793356,64.619317,0 -160.783398,64.717160,0 -160.935974,64.822370,0 -161.133062,64.898219,0 -161.213756,64.883324,0 -161.376985,64.773036,0 -161.518211,64.753250,0 -161.645520,64.776452,0 -161.878363,64.709476,0 -162.188146,64.672395,0 -162.234477,64.619336,0 -162.539996,64.530931,0 -162.603236,64.479904,0 -162.632242,64.385734,0 -162.768424,64.333516,0 -162.857562,64.499780,0 -162.940776,64.542417,0 -163.033231,64.519314,0 -163.027158,64.477945,0 -163.133172,64.381844,0 -163.412900,64.524986,0 -163.686337,64.568798,0 -164.307273,64.561488,0 -165.001961,64.433917,0 -166.236939,64.583558,0 -166.413926,64.651229,0 -166.482682,64.755101,0 -166.478978,64.797036,0 -166.407315,64.852281,0 -166.432246,64.883160,0 -166.697808,64.991201,0 -166.911922,65.125965,0 -166.634449,65.125873,0 -166.479913,65.167249,0 -166.451711,65.236178,0 -166.347189,65.276341,0 -166.439404,65.319058,0 -167.474024,65.412744,0 -167.851234,65.538181,0 -168.047620,65.569149,0 -168.128930,65.655744,0 -167.979889,65.727972,0 -167.282753,65.897386,0 -166.038082,66.269512,0 -165.407204,66.420441,0 -164.400724,66.581110,0 -163.824166,66.591680,0 -163.603956,66.558089,0 -163.873106,66.389015,0 -163.843108,66.259869,0 -163.925152,66.225078,0 -163.803580,66.100059,0 -163.695394,66.059552,0 -162.750705,66.090160,0 -162.622284,66.039526,0 -162.331284,66.031403,0 -162.137424,66.078547,0 -161.838018,66.022582,0 -161.484539,66.262426,0 -161.198971,66.210949,0 -160.993965,66.234444,0 -161.089161,66.315140,0 -161.322126,66.368554,0 -161.694404,66.396174,0 -161.916309,66.349481,0 -161.863690,66.459487,0 -161.874880,66.511446,0 -162.105641,66.622584,0 -162.175398,66.687789,0 -162.501415,66.742503,0 -162.626696,66.859572,0 -162.466702,66.950998,0 -162.468441,66.980604,0 -162.842979,66.991177,0 -163.702045,67.109375,0 -163.878781,67.416125,0 -164.051288,67.566351,0 -164.256634,67.651651,0 -165.350050,68.025860,0 -165.974970,68.140910,0 -166.089453,68.221299,0 -166.313138,68.289164,0 -166.838969,68.337186,0 -166.328459,68.442261,0 -166.193421,68.726649,0 -166.224187,68.873175,0 -165.522358,68.855839,0 -164.253157,68.930938,0 -163.926999,69.000802,0 -163.574034,69.124077,0 -163.244656,69.306081,0 -163.151351,69.430262,0 -163.151261,69.612630,0 -162.989084,69.825250,0 -162.302314,70.204227,0 -161.879266,70.329269,0 -161.288197,70.296772,0 -160.812790,70.376696,0 -160.214828,70.559087,0 -159.648383,70.794368,0 -159.171810,70.875103,0 -159.114972,70.817402,0 -158.853420,70.792352,0 -158.032397,70.832263,0 -157.768452,70.875842,0 -157.421001,70.976805,0 -156.809653,71.286886,0 -156.568650,71.352561,0 -156.531124,71.296338,0 -156.074411,71.242489,0 -156.044615,71.184701,0 -155.587702,71.172560,0 -155.520737,71.102476,0 -155.533347,71.067683,0 -155.762068,70.985644,0 -155.952050,70.964831,0 -155.979264,70.918524,0 -155.924955,70.852720,0 -155.731842,70.831160,0 -155.543031,70.847175,0 -155.485915,70.885905,0 -155.513293,70.940579,0 -155.364160,70.994195,0 -155.262602,71.079149,0 -155.060764,71.145422,0 -154.581129,71.007321,0 -154.608314,70.942405,0 -154.572458,70.825940,0 -154.290317,70.821495,0 -154.127487,70.778133,0 -153.890480,70.885719,0 -153.426265,70.890131,0 -153.238480,70.922467,0 -152.223053,70.824594,0 -152.192460,70.795294,0 -152.348417,70.744382,0 -152.352196,70.697802,0 -152.473348,70.683669,0 -152.433781,70.616926,0 -151.697258,70.547741,0 -151.739862,70.436207,0 -151.504417,70.431103,0 -151.175187,70.375558,0 -150.903765,70.460910,0 -150.557415,70.481643,0 -150.301516,70.418392,0 -150.074461,70.439333,0 -149.866698,70.510769,0 -149.461755,70.518271,0 -148.928979,70.426835,0 -148.667017,70.430084,0 -148.477044,70.359068,0 -148.466150,70.313609,0 -148.351437,70.304453,0 -148.203477,70.348188,0 -147.961500,70.314201,0 -147.863719,70.293317,0 -147.765104,70.219806,0 -147.431532,70.188826,0 -147.233327,70.207553,0 -147.161601,70.155612,0 -146.991109,70.147610,0 -146.885771,70.185917,0 -146.006411,70.140402,0 -145.858297,70.165996,0 -145.434830,70.036994,0 -144.902304,69.964510,0 -144.672305,69.966876,0 -144.455421,70.035244,0 -143.914244,70.115696,0 -143.281878,70.151052,0 -142.746807,70.042531,0 -142.452927,69.958125,0 -142.404366,69.916511,0 -141.713369,69.789497,0 -141.430840,69.695144,0 -141.002672,69.645609,0 -141.001850,60.391687,0 -141.213444,60.391676,0 -141.213451,60.435268,0 -141.790601,60.435238,0 -141.790619,60.521899,0 -143.193519,60.521828,0 -143.893325,60.024166,0 -143.897029,59.985938,0 -144.005879,60.012981,0 -144.110300,60.098939,0 -144.186745,60.116967,0 -144.348913,60.091184,0 -144.429249,60.148020,0 -144.654899,60.204882,0 -144.929327,60.228253,0 -144.957848,60.288152,0 -145.089139,60.320014,0 -145.136728,60.296219,0 -145.380064,60.352829,0 -145.639204,60.301971,0 -145.988546,60.387427,0 -146.393256,60.327476,0 -146.607692,60.241182,0 -146.694034,60.279608,0 -146.916487,60.290973,0 -147.376397,60.016192,0 -147.339794,59.962102,0 -147.452217,59.954011,0 -147.470281,59.906732,0 -147.391846,59.877760,0 -147.876475,59.763893,0 -147.929240,59.783875,0 -147.913316,59.837181,0 -147.855084,59.871915,0 -147.956775,59.959400,0 -148.254060,59.932357,0 -148.220554,59.976350,0 -148.313962,60.033859,0 -148.478881,59.935806,0 -148.634777,59.915747,0 -148.586180,59.938585,0 -148.563715,60.415172,0 -148.664470,60.415183,0 -148.657119,60.732976,0 -148.745618,60.733007,0 -148.738363,60.848546,0 -148.472065,60.848520,0 -148.462471,61.426267,0 -147.206597,61.426265,0 -147.206605,61.470663,0 -146.942559,61.470675,0 -146.979807,62.250497,0 -146.423984,62.250511,0 -146.436899,62.856991,0 -146.494311,63.168975,0 -146.494333,63.477639,0 -148.025627,63.477609,0 -148.025618,63.333233,0 -149.492340,63.333218,0 -151.894015,62.798058,0 -151.893784,62.725864,0 -152.999609,62.725831,0 -153.001736,61.426172,0 -153.485575,61.426153,0 -153.485584,61.166193,0 -153.440884,60.906236,0 -156.000086,60.906190,0 -156.000145,59.692879,0 -156.165068,59.692877,0 -156.165066,59.606202,0 -156.505349,59.606199,0</coordinates>
                  </LinearRing>
                </outerBoundaryIs>
              </Polygon>
              <Polygon>
                <altitudeMode>clampToGround</altitudeMode>
                <outerBoundaryIs>
                  <LinearRing>
                    <coordinates>179.773922,51.970701,0 179.743012,51.911757,0 179.649484,51.873678,0 179.484634,51.921276,0 179.481318,51.975309,0 179.582857,52.016849,0 179.636846,52.025720,0 179.773922,51.970701,0</coordinates>
                  </LinearRing>
                </outerBoundaryIs>
              </Polygon>
            </Placemark>
          </Folder>
        </Folder>
      </Folder>
      <Folder>
        <name>Canada</name>
        <Placemark>
          <name>Canada</name>
          <styleUrl>#__managed_style_0000000000000003</styleUrl>
          <description>See: 2050-snapshot/domains/borders-geopolitics.md#canada</description>
          <Polygon>
            <altitudeMode>clampToGround</altitudeMode>
            <outerBoundaryIs>
              <LinearRing>
                <coordinates>-95.159070,49.000000,0 -122.974210,49.002538,0 -124.910240,49.984560,0 -125.624610,50.416560,0 -127.435610,50.830610,0 -127.992760,51.715830,0 -127.850320,52.329610,0 -129.129790,52.755380,0 -129.305230,53.561590,0 -130.514970,54.287570,0 -130.536110,54.802780,0 -129.980000,55.285000,0 -130.007780,55.915830,0 -131.707810,56.552120,0 -133.355560,58.410280,0 -134.271110,58.861110,0 -134.945000,59.270560,0 -135.475830,59.787780,0 -136.479720,59.463890,0 -137.452500,58.905000,0 -138.340890,59.562110,0 -139.039000,60.000000,0 -140.013000,60.276820,0 -140.997780,60.306390,0 -140.986000,69.712000,0 -139.120520,69.471020,0 -137.546360,68.990020,0 -136.503580,68.898040,0 -135.625760,69.315120,0 -134.414640,69.627430,0 -132.929250,69.505340,0 -131.431360,69.944510,0 -129.794710,70.193690,0 -129.107730,69.779270,0 -128.361560,70.012860,0 -128.138170,70.483840,0 -127.447120,70.377210,0 -125.756320,69.480580,0 -124.424830,70.158400,0 -124.289680,69.399690,0 -123.061080,69.563720,0 -122.683500,69.855530,0 -121.472260,69.797780,0 -119.942880,69.377860,0 -117.602680,69.011280,0 -116.226430,68.841510,0 -115.246900,68.905910,0 -113.897940,68.398900,0 -115.304890,67.902610,0 -113.497270,67.688150,0 -110.798000,67.806120,0 -109.946190,67.981040,0 -108.880200,67.381440,0 -107.792390,67.887360,0 -108.812990,68.311640,0 -108.167210,68.653920,0 -106.950000,68.700000,0 -106.150000,68.800000,0 -105.342820,68.561220,0 -104.337910,68.018000,0 -103.221150,68.097750,0 -101.454330,67.646890,0 -99.901950,67.805660,0 -98.443200,67.781650,0 -98.558600,68.403940,0 -97.669480,68.578640,0 -96.119910,68.239390,0 -96.125880,67.293380,0 -95.489430,68.090700,0 -94.685000,68.063830,0 -94.232820,69.069030,0 -95.304080,69.685710,0 -96.471310,70.089760,0 -96.391150,71.194820,0 -95.208800,71.920530,0 -93.889970,71.760150,0 -92.878180,71.318690,0 -91.519640,70.191290,0 -92.406920,69.699970,0 -90.547100,69.497660,0 -90.551510,68.474990,0 -89.215150,69.258730,0 -88.019660,68.615080,0 -88.317490,67.873380,0 -87.350170,67.198720,0 -86.306070,67.921460,0 -85.576640,68.784560,0 -85.521970,69.882110,0 -84.100810,69.805390,0 -82.622580,69.658260,0 -81.280430,69.162020,0 -81.220200,68.665670,0 -81.964360,68.132530,0 -81.259280,67.597160,0 -81.386530,67.110780,0 -83.344560,66.411540,0 -84.735420,66.257300,0 -85.769430,66.558330,0 -86.067600,66.056250,0 -87.031430,65.212970,0 -87.323240,64.775630,0 -88.482960,64.098970,0 -89.914440,64.032730,0 -90.703980,63.610170,0 -90.770040,62.960210,0 -91.933420,62.835080,0 -93.156980,62.024690,0 -94.241530,60.898650,0 -94.629310,60.110210,0 -94.684600,58.948820,0 -93.215020,58.782120,0 -92.764620,57.845710,0 -92.297030,57.087090,0 -90.897690,57.284680,0 -89.039530,56.851720,0 -88.039780,56.471620,0 -87.324210,55.999140,0 -86.071210,55.723830,0 -85.011810,55.302600,0 -83.360550,55.244890,0 -82.272850,55.148320,0 -82.436200,54.282270,0 -82.125020,53.277030,0 -81.400750,52.157880,0 -79.912890,51.208420,0 -79.143010,51.533930,0 -78.601910,52.562080,0 -79.124210,54.141450,0 -79.829580,54.667720,0 -78.228740,55.136450,0 -77.095600,55.837410,0 -76.541370,56.534230,0 -76.623190,57.202630,0 -77.302260,58.052090,0 -78.516880,58.804580,0 -77.336760,59.852610,0 -77.772720,60.757880,0 -78.106870,62.319640,0 -77.410670,62.550530,0 -75.696210,62.278400,0 -74.668200,62.181110,0 -73.839880,62.443800,0 -72.908530,62.105070,0 -71.677080,61.525350,0 -71.373690,61.137170,0 -69.590420,61.061410,0 -69.620330,60.221250,0 -69.287900,58.957360,0 -68.374550,58.801060,0 -67.649760,58.212060,0 -66.201780,58.767310,0 -65.245170,59.870710,0 -64.583520,60.335580,0 -63.804750,59.442600,0 -62.502360,58.167080,0 -61.396550,56.967450,0 -61.798660,56.339450,0 -60.468530,55.775480,0 -59.569620,55.204070,0 -57.975080,54.945490,0 -57.333200,54.626500,0 -56.936890,53.780320,0 -56.158110,53.647490,0 -55.756320,53.270360,0 -55.683380,52.146640,0 -57.126910,51.419720,0 -58.774820,51.064300,0 -60.033090,50.242770,0 -61.723660,50.080460,0 -63.862510,50.290990,0 -65.363310,50.298200,0 -66.399050,50.228970,0 -67.236310,49.511560,0 -68.511140,49.068360,0 -69.953620,47.744880,0 -71.104580,46.821710,0 -70.255220,46.986060,0 -68.650000,48.300000,0 -66.552430,49.133100,0 -65.056260,49.232780,0 -64.170990,48.742480,0 -65.115450,48.070850,0 -64.798540,46.992970,0 -64.472190,46.238490,0 -63.173290,45.739020,0 -61.520720,45.883770,0 -60.518150,47.007930,0 -60.448600,46.282640,0 -59.802870,45.920400,0 -61.039880,45.265250,0 -63.254710,44.670140,0 -64.246560,44.265530,0 -65.364060,43.545230,0 -66.123400,43.618670,0 -66.161730,44.465120,0 -64.425490,45.292040,0 -66.026050,45.259310,0 -67.137410,45.137530,0 -67.791340,45.702810,0 -67.790460,47.066360,0 -68.234440,47.354860,0 -68.905000,47.185000,0 -69.237216,47.447781,0 -69.999970,46.693070,0 -70.305000,45.915000,0 -70.660000,45.460000,0 -71.084820,45.305240,0 -71.405000,45.255000,0 -71.505060,45.008200,0 -74.867000,45.000480,0 -75.318210,44.816450,0 -76.500000,44.018459,0 -76.820034,43.628784,0 -78.720280,43.625089,0 -79.171674,43.466339,0 -79.010000,43.270000,0 -78.920000,42.965000,0 -78.939362,42.863611,0 -80.247448,42.366200,0 -81.277747,42.209026,0 -82.439278,41.675105,0 -82.690089,41.675105,0 -83.029810,41.832796,0 -83.142000,41.975681,0 -83.120000,42.080000,0 -82.900000,42.430000,0 -82.430000,42.980000,0 -82.137642,43.571088,0 -82.550925,45.347517,0 -83.592851,45.816894,0 -83.469551,45.994686,0 -83.616131,46.116927,0 -83.890765,46.116927,0 -84.091851,46.275419,0 -84.142120,46.512226,0 -84.336700,46.408770,0 -84.604900,46.439600,0 -84.543749,46.538684,0 -84.779238,46.637102,0 -84.876080,46.900083,0 -88.378114,48.302918,0 -89.272917,48.019808,0 -89.600000,48.010000,0 -90.830000,48.270000,0 -91.640000,48.140000,0 -92.610000,48.450000,0 -93.630870,48.609260,0 -94.329140,48.670740,0 -94.640000,48.840000,0 -94.817580,49.389050,0 -95.156090,49.384250,0 -95.159070,49.000000,0</coordinates>
              </LinearRing>
            </outerBoundaryIs>
          </Polygon>
        </Placemark>
      </Folder>
      <Folder>
        <name>Mexico</name>
        <Placemark>
          <name>Mexico</name>
          <styleUrl>#__managed_style_0000000000000003</styleUrl>
          <description>See: 2050-snapshot/domains/borders-geopolitics.md#mexico</description>
          <Polygon>
            <altitudeMode>clampToGround</altitudeMode>
            <outerBoundaryIs>
              <LinearRing>
                <coordinates>-117.127760,32.535340,0 -114.721390,32.720830,0 -114.815000,32.525280,0 -111.023610,31.334720,0 -108.241940,31.342220,0 -108.240000,31.754854,0 -106.507590,31.754520,0 -106.142900,31.399950,0 -105.631590,31.083830,0 -105.037370,30.644020,0 -104.705750,30.121730,0 -104.456970,29.571960,0 -103.940000,29.270000,0 -103.110000,28.970000,0 -102.480000,29.760000,0 -101.662400,29.779300,0 -100.957600,29.380710,0 -100.455840,28.696120,0 -100.110000,28.110000,0 -99.520000,27.540000,0 -99.300000,26.840000,0 -99.020000,26.370000,0 -98.240000,26.060000,0 -97.530000,25.840000,0 -97.140008,25.869997,0 -97.528072,24.992144,0 -97.702946,24.272343,0 -97.776042,22.932580,0 -97.872367,22.444212,0 -97.699044,21.898689,0 -97.388960,21.411019,0 -97.189333,20.635433,0 -96.525576,19.890931,0 -96.292127,19.320371,0 -95.900885,18.828024,0 -94.839063,18.562717,0 -94.425730,18.144371,0 -93.548651,18.423837,0 -92.786114,18.524839,0 -91.407903,18.876083,0 -90.771870,19.284120,0 -90.533590,19.867418,0 -90.451476,20.707522,0 -90.278618,20.999855,0 -89.601321,21.261726,0 -88.543866,21.493675,0 -87.658417,21.458846,0 -87.051890,21.543543,0 -86.811982,21.331515,0 -86.845908,20.849865,0 -87.383291,20.255405,0 -87.621054,19.646553,0 -87.436750,19.472403,0 -87.837191,18.259816,0 -88.090664,18.516648,0 -88.490123,18.486831,0 -88.848344,17.883198,0 -89.029857,18.001511,0 -89.150909,17.955468,0 -89.143080,17.808319,0 -91.001520,17.817595,0 -91.002269,17.254658,0 -91.453921,17.252177,0 -91.081670,16.918477,0 -90.711822,16.687483,0 -90.600847,16.470778,0 -90.438867,16.410110,0 -90.464473,16.069562,0 -91.747960,16.066565,0 -92.229249,15.251447,0 -92.087216,15.064585,0 -92.203230,14.830103,0 -92.227750,14.538829,0 -93.359464,15.615430,0 -93.875169,15.940164,0 -94.691656,16.200975,0 -95.250227,16.128318,0 -96.053382,15.752088,0 -96.557434,15.653515,0 -97.263592,15.917065,0 -98.013030,16.107312,0 -98.947676,16.566043,0 -99.697397,16.706164,0 -100.829499,17.171071,0 -101.666089,17.649026,0 -101.918528,17.916090,0 -102.478132,17.975751,0 -103.500990,18.292295,0 -103.917527,18.748572,0 -104.992010,19.316134,0 -105.493038,19.946767,0 -105.731396,20.434102,0 -105.397773,20.531719,0 -105.500661,20.816895,0 -105.270752,21.076285,0 -105.265817,21.422104,0 -105.603161,21.871146,0 -105.693414,22.269080,0 -106.028716,22.773752,0 -106.909980,23.767774,0 -107.915449,24.548915,0 -108.401905,25.172314,0 -109.260199,25.580609,0 -109.444089,25.824884,0 -109.291644,26.442934,0 -109.801458,26.676176,0 -110.391732,27.162115,0 -110.641019,27.859876,0 -111.178919,27.941241,0 -111.759607,28.467953,0 -112.228235,28.954409,0 -112.271824,29.266844,0 -112.809594,30.021114,0 -113.163811,30.786881,0 -113.148669,31.170966,0 -113.871881,31.567608,0 -114.205737,31.524045,0 -114.776451,31.799532,0 -114.936700,31.393485,0 -114.771232,30.913617,0 -114.673899,30.162681,0 -114.330974,29.750432,0 -113.588875,29.061611,0 -113.424053,28.826174,0 -113.271969,28.754783,0 -113.140039,28.411289,0 -112.962298,28.425190,0 -112.761587,27.780217,0 -112.457911,27.525814,0 -112.244952,27.171727,0 -111.616489,26.662817,0 -111.284675,25.732590,0 -110.710007,24.826004,0 -110.655049,24.298595,0 -110.172856,24.265548,0 -109.409104,23.364672,0 -109.433392,23.185588,0 -109.854219,22.818272,0 -110.031392,22.823078,0 -110.295071,23.430973,0 -110.949501,24.000964,0 -111.670568,24.484423,0 -112.182036,24.738413,0 -112.148989,25.470125,0 -112.300711,26.012004,0 -113.464671,26.768186,0 -113.596730,26.639460,0 -113.848937,26.900064,0 -114.465747,27.142090,0 -115.055142,27.722727,0 -114.982253,27.798200,0 -114.570366,27.741485,0 -114.199329,28.115003,0 -114.162018,28.566112,0 -114.931842,29.279479,0 -115.518654,29.556362,0 -116.721526,31.635744,0 -117.127760,32.535340,0</coordinates>
              </LinearRing>
            </outerBoundaryIs>
          </Polygon>
        </Placemark>
      </Folder>
      <Folder>
        <name>Caribbean</name>
        <Placemark>
          <name>Caribbean</name>
          <styleUrl>#__managed_style_0000000000000003</styleUrl>
          <description>See: 2050-snapshot/domains/borders-geopolitics.md#caribbean</description>
          <Polygon>
            <altitudeMode>clampToGround</altitudeMode>
            <outerBoundaryIs>
              <LinearRing>
                <coordinates>-60.895000,10.855000,0 -60.935000,10.110000,0 -61.770000,10.000000,0 -61.950000,10.090000,0 -61.660000,10.365000,0 -61.680000,10.760000,0 -61.105000,10.890000,0 -60.895000,10.855000,0</coordinates>
              </LinearRing>
            </outerBoundaryIs>
          </Polygon>
          <Polygon>
            <altitudeMode>clampToGround</altitudeMode>
            <outerBoundaryIs>
              <LinearRing>
                <coordinates>-76.199659,17.886867,0 -76.902561,17.868238,0 -77.206341,17.701116,0 -77.766023,17.861597,0 -78.337719,18.225968,0 -78.217727,18.454533,0 -77.797365,18.524218,0 -76.896619,18.400867,0 -76.365359,18.160701,0 -76.199659,17.886867,0</coordinates>
              </LinearRing>
            </outerBoundaryIs>
          </Polygon>
          <Polygon>
            <altitudeMode>clampToGround</altitudeMode>
            <outerBoundaryIs>
              <LinearRing>
                <coordinates>-65.847164,17.975906,0 -66.599934,17.981823,0 -67.184162,17.946553,0 -67.242428,18.374460,0 -67.100679,18.520601,0 -66.282434,18.514762,0 -65.771303,18.426679,0 -65.591004,18.228035,0 -65.847164,17.975906,0</coordinates>
              </LinearRing>
            </outerBoundaryIs>
          </Polygon>
          <Polygon>
            <altitudeMode>clampToGround</altitudeMode>
            <outerBoundaryIs>
              <LinearRing>
                <coordinates>-70.214365,19.622885,0 -69.950815,19.648000,0 -69.769250,19.293267,0 -69.222126,19.313214,0 -69.254346,19.015196,0 -68.809412,18.979074,0 -68.317943,18.612198,0 -68.689316,18.205142,0 -69.164946,18.422648,0 -69.623988,18.380713,0 -69.952934,18.428307,0 -70.133233,18.245915,0 -70.517137,18.184291,0 -70.669298,18.426886,0 -70.999950,18.283329,0 -71.400210,17.598564,0 -71.657662,17.757573,0 -71.708305,18.044997,0 -72.372476,18.214961,0 -72.844411,18.145611,0 -73.454555,18.217906,0 -73.922433,18.030993,0 -74.458034,18.342550,0 -74.369925,18.664908,0 -72.694937,18.445799,0 -72.334882,18.668422,0 -72.791650,19.101625,0 -72.784105,19.483591,0 -73.415022,19.639551,0 -73.189791,19.915684,0 -72.579673,19.871501,0 -71.712361,19.714456,0 -71.587304,19.884911,0 -70.806706,19.880286,0 -70.214365,19.622885,0</coordinates>
              </LinearRing>
            </outerBoundaryIs>
          </Polygon>
          <Polygon>
            <altitudeMode>clampToGround</altitudeMode>
            <outerBoundaryIs>
              <LinearRing>
                <coordinates>-79.679524,22.765303,0 -79.281486,22.399202,0 -78.347434,22.512166,0 -76.523825,21.206820,0 -76.194620,21.220565,0 -75.598222,21.016624,0 -75.671060,20.735091,0 -74.933896,20.693905,0 -74.178025,20.284628,0 -74.296648,20.050379,0 -74.961595,19.923435,0 -75.634680,19.873774,0 -76.323656,19.952891,0 -77.755481,19.855481,0 -77.085108,20.413354,0 -77.492655,20.673105,0 -78.137292,20.739949,0 -78.482827,21.028613,0 -78.719867,21.598114,0 -79.285000,21.559175,0 -80.217475,21.827324,0 -80.517535,22.037079,0 -81.820943,22.192057,0 -82.169992,22.387109,0 -81.795002,22.636965,0 -82.775898,22.688150,0 -83.494459,22.168518,0 -83.908800,22.154565,0 -84.052151,21.910575,0 -84.547030,21.801228,0 -84.974911,21.896028,0 -84.447062,22.204950,0 -84.230357,22.565755,0 -83.778240,22.788118,0 -83.267548,22.983042,0 -82.510436,23.078747,0 -82.268151,23.188611,0 -81.404457,23.117271,0 -80.618769,23.105980,0 -79.679524,22.765303,0</coordinates>
              </LinearRing>
            </outerBoundaryIs>
          </Polygon>
          <Polygon>
            <altitudeMode>clampToGround</altitudeMode>
            <outerBoundaryIs>
              <LinearRing>
                <coordinates>-77.820000,26.580000,0 -78.910000,26.420000,0 -78.980000,26.790000,0 -78.510000,26.870000,0 -77.850000,26.840000,0 -77.820000,26.580000,0</coordinates>
              </LinearRing>
            </outerBoundaryIs>
          </Polygon>
        </Placemark>
      </Folder>
    </Folder>
    <Folder>
      <name>South America</name>
      <Folder>
        <name>Brazil</name>
        <Placemark>
          <name>Brazil</name>
          <styleUrl>#__managed_style_0000000000000003</styleUrl>
          <description>See: 2050-snapshot/domains/borders-geopolitics.md#brazil</description>
          <Polygon>
            <altitudeMode>clampToGround</altitudeMode>
            <outerBoundaryIs>
              <LinearRing>
                <coordinates>-53.373662,-33.768378,0 -53.650544,-33.202004,0 -53.209589,-32.727666,0 -53.787952,-32.047243,0 -54.572452,-31.494511,0 -55.601510,-30.853879,0 -55.973245,-30.883076,0 -56.976026,-30.109686,0 -57.625133,-30.216295,0 -56.290900,-28.852761,0 -55.162286,-27.881915,0 -53.648735,-26.923473,0 -53.628349,-26.124865,0 -54.130050,-25.547639,0 -54.625291,-25.739255,0 -54.428946,-25.162185,0 -54.293476,-24.570800,0 -54.292960,-24.021014,0 -54.652834,-23.839578,0 -55.027902,-24.001274,0 -55.400747,-23.956935,0 -55.517639,-23.571998,0 -55.610683,-22.655619,0 -55.797958,-22.356930,0 -56.473317,-22.086300,0 -56.881510,-22.282154,0 -57.937156,-22.090176,0 -57.870674,-20.732688,0 -58.166392,-20.176701,0 -57.853802,-19.969995,0 -57.949997,-19.400004,0 -57.676009,-18.961840,0 -57.498371,-18.174188,0 -57.734558,-17.552468,0 -58.280804,-17.271710,0 -58.388058,-16.877109,0 -58.241220,-16.299573,0 -60.158390,-16.258284,0 -60.542966,-15.093910,0 -60.251149,-15.077219,0 -60.264326,-14.645979,0 -60.459198,-14.354007,0 -60.503304,-13.775955,0 -61.084121,-13.479384,0 -61.713204,-13.489202,0 -62.127081,-13.198781,0 -62.803060,-13.000653,0 -63.196499,-12.627033,0 -64.316353,-12.461978,0 -65.402281,-11.566270,0 -65.321899,-10.895872,0 -65.444837,-10.511451,0 -65.338435,-9.761988,0 -66.646908,-9.931331,0 -67.173801,-10.306812,0 -68.048192,-10.712059,0 -68.271254,-11.014521,0 -68.786158,-11.036380,0 -69.529678,-10.951734,0 -70.093752,-11.123972,0 -70.548686,-11.009147,0 -70.481894,-9.490118,0 -71.302412,-10.079436,0 -72.184891,-10.053598,0 -72.563033,-9.520194,0 -73.226713,-9.462213,0 -73.015383,-9.032833,0 -73.571059,-8.424447,0 -73.987235,-7.523830,0 -73.723401,-7.340999,0 -73.724487,-6.918595,0 -73.120027,-6.629931,0 -73.219711,-6.089189,0 -72.964507,-5.741251,0 -72.891928,-5.274561,0 -71.748406,-4.593983,0 -70.928843,-4.401591,0 -70.794769,-4.251265,0 -69.893635,-4.298187,0 -69.444102,-1.556287,0 -69.420486,-1.122619,0 -69.577065,-0.549992,0 -70.020656,-0.185156,0 -70.015566,0.541414,0 -69.452396,0.706159,0 -69.252434,0.602651,0 -69.218638,0.985677,0 -69.804597,1.089081,0 -69.816973,1.714805,0 -67.868565,1.692455,0 -67.537810,2.037163,0 -67.259998,1.719999,0 -67.065048,1.130112,0 -66.876326,1.253361,0 -66.325765,0.724452,0 -65.548267,0.789254,0 -65.354713,1.095282,0 -64.611012,1.328731,0 -64.199306,1.492855,0 -64.083085,1.916369,0 -63.368788,2.200900,0 -63.422867,2.411068,0 -64.269999,2.497006,0 -64.408828,3.126786,0 -64.368494,3.797210,0 -64.816064,4.056445,0 -64.628659,4.148481,0 -63.888343,4.020530,0 -63.093198,3.770571,0 -62.804533,4.006965,0 -62.085430,4.162124,0 -60.966893,4.536468,0 -60.601179,4.918098,0 -60.733574,5.200277,0 -60.213683,5.244486,0 -59.980959,5.014061,0 -60.111002,4.574967,0 -59.767406,4.423503,0 -59.538040,3.958803,0 -59.815413,3.606499,0 -59.974525,2.755233,0 -59.718546,2.249630,0 -59.646044,1.786894,0 -59.030862,1.317698,0 -58.540013,1.268088,0 -58.429477,1.463942,0 -58.113450,1.507195,0 -57.660971,1.682585,0 -57.335823,1.948538,0 -56.782704,1.863711,0 -56.539386,1.899523,0 -55.995698,1.817667,0 -55.905600,2.021996,0 -56.073342,2.220795,0 -55.973322,2.510364,0 -55.569755,2.421506,0 -55.097587,2.523748,0 -54.524754,2.311849,0 -54.088063,2.105557,0 -53.778521,2.376703,0 -53.554839,2.334897,0 -53.418465,2.053389,0 -52.939657,2.124858,0 -52.556425,2.504705,0 -52.249338,3.241094,0 -51.657797,4.156232,0 -51.317146,4.203491,0 -51.069771,3.650398,0 -50.508875,1.901564,0 -49.974076,1.736483,0 -49.947101,1.046190,0 -50.699251,0.222984,0 -50.388211,-0.078445,0 -48.620567,-0.235489,0 -48.584497,-1.237805,0 -47.824956,-0.581618,0 -46.566584,-0.941028,0 -44.905703,-1.551740,0 -44.417619,-2.137750,0 -44.581589,-2.691308,0 -43.418791,-2.383110,0 -41.472657,-2.912018,0 -39.978665,-2.873054,0 -38.500383,-3.700652,0 -37.223252,-4.820946,0 -36.452937,-5.109404,0 -35.597796,-5.149504,0 -35.235389,-5.464937,0 -34.729993,-7.343221,0 -35.128212,-8.996401,0 -35.636967,-9.649282,0 -37.046519,-11.040721,0 -37.683612,-12.171195,0 -38.423877,-13.038119,0 -38.673887,-13.057652,0 -38.953276,-13.793370,0 -38.882298,-15.667054,0 -39.267339,-17.867746,0 -39.583521,-18.262296,0 -39.760823,-19.599113,0 -40.774741,-20.904512,0 -40.944756,-21.937317,0 -41.754164,-22.370676,0 -41.988284,-22.970070,0 -43.074704,-22.967693,0 -44.647812,-23.351959,0 -45.352136,-23.796842,0 -46.472093,-24.088969,0 -47.648972,-24.885199,0 -48.495458,-25.877025,0 -48.641005,-26.623698,0 -48.474736,-27.175912,0 -48.661520,-28.186135,0 -48.888457,-28.674115,0 -49.587329,-29.224469,0 -50.696874,-30.984465,0 -51.576226,-31.777698,0 -52.256081,-32.245370,0 -52.712100,-33.196578,0 -53.373662,-33.768378,0</coordinates>
              </LinearRing>
            </outerBoundaryIs>
          </Polygon>
        </Placemark>
      </Folder>
      <Folder>
        <name>Argentina</name>
        <Placemark>
          <name>Argentina</name>
          <styleUrl>#__managed_style_0000000000000003</styleUrl>
          <description>See: 2050-snapshot/domains/borders-geopolitics.md#argentina</description>
          <Polygon>
            <altitudeMode>clampToGround</altitudeMode>
            <outerBoundaryIs>
              <LinearRing>
                <coordinates>-68.634010,-52.636370,0 -68.250000,-53.100000,0 -67.750000,-53.850000,0 -66.450000,-54.450000,0 -65.050000,-54.700000,0 -65.500000,-55.200000,0 -66.450000,-55.250000,0 -66.959920,-54.896810,0 -68.633350,-54.869500,0 -68.634010,-52.636370,0</coordinates>
              </LinearRing>
            </outerBoundaryIs>
          </Polygon>
        </Placemark>
      </Folder>
      <Folder>
        <name>Lithium Triangle</name>
        <Placemark>
          <name>Lithium Triangle</name>
          <styleUrl>#__managed_style_0000000000000003</styleUrl>
          <description>See: 2050-snapshot/domains/borders-geopolitics.md#lithium-triangle</description>
          <Polygon>
            <altitudeMode>clampToGround</altitudeMode>
            <outerBoundaryIs>
              <LinearRing>
                <coordinates>-67.291030,-55.301240,0 -68.148630,-55.611830,0 -68.639991,-55.580018,0 -69.232100,-55.499060,0 -69.958090,-55.198430,0 -71.005680,-55.053830,0 -72.263900,-54.495140,0 -73.285200,-53.957520,0 -74.662530,-52.837490,0 -73.838100,-53.047430,0 -72.434180,-53.715400,0 -71.107730,-54.074330,0 -70.591780,-53.615830,0 -70.267480,-52.931230,0 -69.345650,-52.518300,0 -68.634010,-52.636370,0 -68.250000,-53.100000,0 -67.750000,-53.850000,0 -66.450000,-54.450000,0 -65.050000,-54.700000,0 -65.500000,-55.200000,0 -66.450000,-55.250000,0 -66.959920,-54.896810,0 -67.291030,-55.301240,0</coordinates>
              </LinearRing>
            </outerBoundaryIs>
          </Polygon>
          <Polygon>
            <altitudeMode>clampToGround</altitudeMode>
            <outerBoundaryIs>
              <LinearRing>
                <coordinates>-68.271254,-11.014521,0 -68.048192,-10.712059,0 -67.173801,-10.306812,0 -66.646908,-9.931331,0 -65.338435,-9.761988,0 -65.444837,-10.511451,0 -65.321899,-10.895872,0 -65.402281,-11.566270,0 -64.316353,-12.461978,0 -63.196499,-12.627033,0 -62.803060,-13.000653,0 -62.127081,-13.198781,0 -61.713204,-13.489202,0 -61.084121,-13.479384,0 -60.503304,-13.775955,0 -60.459198,-14.354007,0 -60.264326,-14.645979,0 -60.251149,-15.077219,0 -60.542966,-15.093910,0 -60.158390,-16.258284,0 -58.241220,-16.299573,0 -58.388058,-16.877109,0 -58.280804,-17.271710,0 -57.734558,-17.552468,0 -57.498371,-18.174188,0 -57.676009,-18.961840,0 -57.949997,-19.400004,0 -57.853802,-19.969995,0 -58.166392,-20.176701,0 -58.183471,-19.868399,0 -59.115042,-19.356906,0 -60.043565,-19.342747,0 -61.786326,-19.633737,0 -62.265961,-20.513735,0 -62.291179,-21.051635,0 -62.685057,-22.249029,0 -62.846468,-22.034985,0 -63.986838,-21.993644,0 -64.377021,-22.798091,0 -64.964892,-22.075862,0 -66.273339,-21.832310,0 -67.106674,-22.735925,0 -67.828180,-22.872919,0 -68.219913,-21.494347,0 -68.757167,-20.372658,0 -68.442225,-19.405068,0 -68.966818,-18.981683,0 -69.100247,-18.260125,0 -69.590424,-17.580012,0 -68.959635,-16.500698,0 -69.389764,-15.660129,0 -69.160347,-15.323974,0 -69.339535,-14.953195,0 -68.948887,-14.453639,0 -68.880080,-12.899729,0 -68.665080,-12.561300,0 -69.529678,-10.951734,0 -68.786158,-11.036380,0 -68.271254,-11.014521,0</coordinates>
              </LinearRing>
            </outerBoundaryIs>
          </Polygon>
        </Placemark>
      </Folder>
      <Folder>
        <name>Andean States</name>
        <Placemark>
          <name>Andean States</name>
          <styleUrl>#__managed_style_0000000000000003</styleUrl>
          <description>See: 2050-snapshot/domains/borders-geopolitics.md#andean-states</description>
          <Polygon>
            <altitudeMode>clampToGround</altitudeMode>
            <outerBoundaryIs>
              <LinearRing>
                <coordinates>-70.928843,-4.401591,0 -71.748406,-4.593983,0 -72.891928,-5.274561,0 -72.964507,-5.741251,0 -73.219711,-6.089189,0 -73.120027,-6.629931,0 -73.724487,-6.918595,0 -73.723401,-7.340999,0 -73.987235,-7.523830,0 -73.571059,-8.424447,0 -73.015383,-9.032833,0 -73.226713,-9.462213,0 -72.563033,-9.520194,0 -72.184891,-10.053598,0 -71.302412,-10.079436,0 -70.481894,-9.490118,0 -70.548686,-11.009147,0 -70.093752,-11.123972,0 -69.529678,-10.951734,0 -68.665080,-12.561300,0 -68.880080,-12.899729,0 -68.948887,-14.453639,0 -69.339535,-14.953195,0 -69.160347,-15.323974,0 -69.389764,-15.660129,0 -68.959635,-16.500698,0 -69.858444,-18.092694,0 -70.372572,-18.347975,0 -71.375250,-17.773799,0 -71.462041,-17.363488,0 -73.444530,-16.359363,0 -75.237883,-15.265683,0 -76.009205,-14.649286,0 -76.423469,-13.823187,0 -76.259242,-13.535039,0 -77.106192,-12.222716,0 -78.092153,-10.377712,0 -79.036953,-8.386568,0 -79.445920,-7.930833,0 -79.760578,-7.194341,0 -80.537482,-6.541668,0 -81.249996,-6.136834,0 -80.926347,-5.690557,0 -81.410943,-4.736765,0 -81.099670,-4.036394,0 -80.302561,-3.404856,0 -79.770293,-2.657512,0 -79.986559,-2.220794,0 -80.368784,-2.685159,0 -80.967765,-2.246943,0 -80.764806,-1.965048,0 -80.933659,-1.057455,0 -80.583370,-0.906663,0 -80.399325,-0.283703,0 -80.020898,0.360340,0 -80.090610,0.768429,0 -79.542762,0.982938,0 -78.855259,1.380924,0 -78.990935,1.691370,0 -78.617831,1.766404,0 -78.662118,2.267355,0 -78.427610,2.629556,0 -77.931543,2.696606,0 -77.127690,3.849636,0 -77.496272,4.087606,0 -77.307601,4.667984,0 -77.533221,5.582812,0 -77.318815,5.845354,0 -77.476661,6.691116,0 -77.881571,7.223771,0 -77.753414,7.709840,0 -77.431108,7.638061,0 -77.242566,7.935278,0 -77.474723,8.524286,0 -77.353361,8.670505,0 -76.836674,8.638749,0 -76.086384,9.336821,0 -75.674600,9.443248,0 -75.664704,9.774003,0 -75.480426,10.618990,0 -74.906895,11.083045,0 -74.276753,11.102036,0 -74.197223,11.310473,0 -73.414764,11.227015,0 -72.238195,11.955550,0 -71.754090,12.437303,0 -71.399822,12.376041,0 -71.137461,12.112982,0 -71.331584,11.776284,0 -71.360006,11.539994,0 -71.947050,11.423282,0 -71.620868,10.969460,0 -71.633064,10.446494,0 -72.074174,9.865651,0 -71.695644,9.072263,0 -71.264559,9.137195,0 -71.039999,9.859993,0 -71.350084,10.211935,0 -71.400623,10.968969,0 -70.155299,11.375482,0 -70.293843,11.846822,0 -69.943245,12.162307,0 -69.584300,11.459611,0 -68.882999,11.443385,0 -68.233271,10.885744,0 -68.194127,10.554653,0 -67.296249,10.545868,0 -66.227864,10.648627,0 -65.655238,10.200799,0 -64.890452,10.077215,0 -64.329479,10.389599,0 -64.318007,10.641418,0 -63.079322,10.701724,0 -61.880946,10.715625,0 -62.730119,10.420269,0 -62.388512,9.948204,0 -61.588767,9.873067,0 -60.830597,9.381340,0 -60.671252,8.580174,0 -60.150096,8.602757,0 -59.758285,8.367035,0 -60.550588,7.779603,0 -60.637973,7.415000,0 -60.295668,7.043911,0 -60.543999,6.856584,0 -61.159336,6.696077,0 -61.139415,6.234297,0 -61.410303,5.959068,0 -60.733574,5.200277,0 -60.601179,4.918098,0 -60.966893,4.536468,0 -62.085430,4.162124,0 -62.804533,4.006965,0 -63.093198,3.770571,0 -63.888343,4.020530,0 -64.628659,4.148481,0 -64.816064,4.056445,0 -64.368494,3.797210,0 -64.408828,3.126786,0 -64.269999,2.497006,0 -63.422867,2.411068,0 -63.368788,2.200900,0 -64.083085,1.916369,0 -64.199306,1.492855,0 -64.611012,1.328731,0 -65.354713,1.095282,0 -65.548267,0.789254,0 -66.325765,0.724452,0 -66.876326,1.253361,0 -67.065048,1.130112,0 -67.259998,1.719999,0 -67.537810,2.037163,0 -67.868565,1.692455,0 -69.816973,1.714805,0 -69.804597,1.089081,0 -69.218638,0.985677,0 -69.252434,0.602651,0 -69.452396,0.706159,0 -70.015566,0.541414,0 -70.020656,-0.185156,0 -69.577065,-0.549992,0 -69.420486,-1.122619,0 -69.444102,-1.556287,0 -69.893635,-4.298187,0 -70.794769,-4.251265,0 -70.928843,-4.401591,0</coordinates>
              </LinearRing>
            </outerBoundaryIs>
          </Polygon>
        </Placemark>
      </Folder>
    </Folder>
    <Folder>
      <name>Europe</name>
      <Folder>
        <name>European Core Federation</name>
        <Placemark>
          <name>European Core Federation</name>
          <styleUrl>#__managed_style_0000000000000003</styleUrl>
          <description>See: 2050-snapshot/domains/borders-geopolitics.md#eu-core-federation</description>
          <Polygon>
            <altitudeMode>clampToGround</altitudeMode>
            <outerBoundaryIs>
              <LinearRing>
                <coordinates>16.011664,46.683611,0 16.202298,46.852386,0 16.534268,47.496171,0 16.340584,47.712902,0 16.903754,47.714866,0 16.979667,48.123497,0 17.488473,47.867466,0 17.857133,47.758429,0 18.696513,47.880954,0 18.777025,48.081768,0 19.174365,48.111379,0 19.661364,48.266615,0 19.769471,48.202691,0 20.239054,48.327567,0 20.473562,48.562850,0 20.801294,48.623854,0 21.872236,48.319971,0 22.085608,48.422264,0 22.640820,48.150240,0 22.710531,47.882194,0 22.099768,47.672439,0 21.626515,46.994238,0 21.021952,46.316088,0 20.220192,46.127469,0 19.596045,46.171730,0 18.456062,45.759481,0 17.630066,45.951769,0 16.882515,46.380632,0 16.564808,46.503751,0 15.768733,46.238108,0 15.671530,45.834154,0 15.323954,45.731783,0 15.327675,45.452316,0 14.935244,45.471695,0 14.595109,45.634941,0 14.411968,45.466166,0 13.715060,45.500324,0 13.937630,45.591016,0 13.698110,46.016778,0 13.806475,46.509306,0 14.632472,46.431817,0 15.137092,46.658703,0 16.011664,46.683611,0</coordinates>
              </LinearRing>
            </outerBoundaryIs>
          </Polygon>
          <Polygon>
            <altitudeMode>clampToGround</altitudeMode>
            <outerBoundaryIs>
              <LinearRing>
                <coordinates>5.674052,49.529484,0 4.799222,49.985373,0 4.286023,49.907497,0 3.588184,50.378992,0 3.123252,50.780363,0 2.658422,50.796848,0 2.513573,51.148506,0 3.315011,51.345777,0 3.830289,51.620545,0 4.705997,53.091798,0 6.074183,53.510403,0 6.905140,53.482162,0 7.092053,53.144043,0 6.842870,52.228440,0 6.589397,51.852029,0 5.988658,51.851616,0 6.156658,50.803721,0 6.043073,50.128052,0 6.242751,49.902226,0 6.186320,49.463803,0 5.897759,49.442667,0 5.674052,49.529484,0</coordinates>
              </LinearRing>
            </outerBoundaryIs>
          </Polygon>
          <Polygon>
            <altitudeMode>clampToGround</altitudeMode>
            <outerBoundaryIs>
              <LinearRing>
                <coordinates>8.089977,56.540012,0 8.256582,56.809969,0 8.543438,57.110003,0 9.424469,57.172066,0 9.775559,57.447941,0 10.580006,57.730017,0 10.546106,57.215733,0 10.250000,56.890016,0 10.369993,56.609982,0 10.912182,56.458621,0 10.667804,56.081383,0 10.369993,56.190007,0 9.649985,55.469999,0 9.921906,54.983104,0 9.282049,54.830865,0 8.526229,54.962744,0 8.120311,55.517723,0 8.089977,56.540012,0</coordinates>
              </LinearRing>
            </outerBoundaryIs>
          </Polygon>
          <Polygon>
            <altitudeMode>clampToGround</altitudeMode>
            <outerBoundaryIs>
              <LinearRing>
                <coordinates>-14.909834,64.364082,0 -18.656246,63.496383,0 -22.762972,63.960179,0 -21.778484,64.402116,0 -23.955044,64.891130,0 -22.184403,65.084968,0 -22.227423,65.378594,0 -24.326184,65.611189,0 -23.650515,66.262519,0 -22.134922,66.410469,0 -20.576284,65.732112,0 -19.056842,66.276601,0 -17.798624,65.993853,0 -16.167819,66.526792,0 -14.508695,66.455892,0 -14.739637,65.808748,0 -13.609732,65.126671,0 -14.909834,64.364082,0</coordinates>
              </LinearRing>
            </outerBoundaryIs>
          </Polygon>
          <Polygon>
            <altitudeMode>clampToGround</altitudeMode>
            <outerBoundaryIs>
              <LinearRing>
                <coordinates>18.251830,79.701750,0 21.543830,78.956110,0 19.027370,78.562600,0 18.471720,77.826690,0 17.594410,77.637960,0 17.118200,76.809410,0 15.913150,76.770450,0 13.762590,77.380350,0 14.669560,77.735650,0 13.170600,78.024930,0 11.222310,78.869300,0 10.444530,79.652390,0 13.170770,80.010460,0 13.718520,79.660390,0 15.142820,79.674310,0 15.522550,80.016080,0 16.990850,80.050860,0 18.251830,79.701750,0</coordinates>
              </LinearRing>
            </outerBoundaryIs>
          </Polygon>
          <Polygon>
            <altitudeMode>clampToGround</altitudeMode>
            <outerBoundaryIs>
              <LinearRing>
                <coordinates>24.450684,53.905702,0 23.484128,53.912498,0 23.243987,54.220567,0 22.731099,54.327537,0 22.651052,54.582741,0 22.757764,54.856574,0 22.315724,55.015299,0 21.268449,55.190482,0 21.055800,56.031076,0 21.090424,56.783873,0 21.581866,57.411871,0 22.524341,57.753374,0 23.318453,57.006236,0 24.120730,57.025693,0 24.428928,58.383413,0 24.061198,58.257375,0 23.426560,58.612753,0 23.339795,59.187240,0 24.604214,59.465854,0 25.864189,59.611090,0 26.949136,59.445803,0 27.981114,59.475388,0 28.131699,59.300825,0 27.420150,58.724570,0 27.716686,57.791899,0 27.288185,57.474528,0 27.770016,57.244258,0 27.855282,56.759326,0 28.176709,56.169130,0 27.102460,55.783314,0 26.494331,55.615107,0 26.588279,55.167176,0 25.768433,54.846963,0 25.536354,54.282423,0 24.450684,53.905702,0</coordinates>
              </LinearRing>
            </outerBoundaryIs>
          </Polygon>
          <Polygon>
            <altitudeMode>clampToGround</altitudeMode>
            <outerBoundaryIs>
              <LinearRing>
                <coordinates>11.992064,61.800362,0 11.930569,63.128318,0 12.579935,64.066219,0 13.571916,64.049114,0 13.919905,64.445421,0 13.555690,64.787028,0 15.108411,66.193867,0 16.768879,68.013937,0 17.729182,68.010552,0 17.993868,68.567391,0 19.878560,68.407194,0 20.025269,69.065139,0 20.645593,69.106247,0 21.244936,69.370443,0 22.356238,68.841741,0 23.662050,68.891247,0 24.735679,68.649557,0 25.689213,69.092114,0 26.179622,69.825299,0 27.732292,70.164193,0 29.015573,69.766491,0 28.591930,69.064777,0 28.445944,68.364613,0 29.977426,67.698297,0 29.054589,66.944286,0 30.217650,65.805980,0 29.544430,64.948672,0 30.444685,64.204453,0 30.035872,63.552814,0 31.516092,62.867687,0 31.139991,62.357693,0 28.069998,60.503517,0 26.255173,60.423961,0 24.496624,60.057316,0 22.869695,59.846373,0 22.290764,60.391921,0 21.322244,60.720170,0 21.544866,61.705329,0 21.059211,62.607393,0 21.536029,63.189735,0 22.442744,63.817810,0 24.730512,64.902344,0 25.398068,65.111427,0 25.294043,65.534346,0 23.903379,66.006927,0 22.183173,65.723741,0 21.213517,65.026005,0 21.369631,64.413588,0 19.778876,63.609554,0 17.847779,62.749400,0 17.119555,61.341166,0 17.831346,60.636583,0 18.787722,60.081914,0 17.869225,58.953766,0 16.829185,58.719827,0 16.447710,57.041118,0 15.879786,56.104302,0 14.666681,56.200885,0 14.100721,55.407781,0 12.942911,55.361737,0 12.625101,56.307080,0 11.787942,57.441817,0 11.027369,58.856149,0 11.468272,59.432393,0 12.300366,60.117933,0 12.631147,61.293572,0 11.992064,61.800362,0</coordinates>
              </LinearRing>
            </outerBoundaryIs>
          </Polygon>
        </Placemark>
      </Folder>
      <Folder>
        <name>France</name>
        <Placemark>
          <name>France</name>
          <styleUrl>#__managed_style_0000000000000003</styleUrl>
          <description>See: 2050-snapshot/domains/borders-geopolitics.md#france</description>
          <Polygon>
            <altitudeMode>clampToGround</altitudeMode>
            <outerBoundaryIs>
              <LinearRing>
                <coordinates>-51.657797,4.156232,0 -52.249338,3.241094,0 -52.556425,2.504705,0 -52.939657,2.124858,0 -53.418465,2.053389,0 -53.554839,2.334897,0 -53.778521,2.376703,0 -54.088063,2.105557,0 -54.524754,2.311849,0 -54.269705,2.732392,0 -54.181726,3.189780,0 -54.006931,3.620038,0 -54.399542,4.212611,0 -54.478633,4.896756,0 -53.958045,5.756548,0 -52.882141,5.409851,0 -51.823343,4.565768,0 -51.657797,4.156232,0</coordinates>
              </LinearRing>
            </outerBoundaryIs>
          </Polygon>
        </Placemark>
      </Folder>
      <Folder>
        <name>Germany</name>
        <Placemark>
          <name>Germany</name>
          <styleUrl>#__managed_style_0000000000000003</styleUrl>
          <description>See: 2050-snapshot/domains/borders-geopolitics.md#germany</description>
          <Polygon>
            <altitudeMode>clampToGround</altitudeMode>
            <outerBoundaryIs>
              <LinearRing>
                <coordinates>14.119686,53.757029,0 14.353315,53.248171,0 14.074521,52.981263,0 14.437600,52.624850,0 14.685026,52.089947,0 14.607098,51.745188,0 15.016996,51.106674,0 14.570718,51.002339,0 14.307013,51.117268,0 14.056228,50.926918,0 13.338132,50.733234,0 12.966837,50.484076,0 12.240111,50.266338,0 12.415191,49.969121,0 12.521024,49.547415,0 13.031329,49.307068,0 13.595946,48.877172,0 13.243357,48.416115,0 12.884103,48.289146,0 13.025851,47.637584,0 12.932627,47.467646,0 12.620760,47.672388,0 12.141357,47.703083,0 11.426414,47.523766,0 10.544504,47.566399,0 10.402084,47.302488,0 9.896068,47.580197,0 9.594226,47.525058,0 8.522612,47.830828,0 8.317301,47.613580,0 7.466759,47.620582,0 7.593676,48.333019,0 8.099279,49.017784,0 6.658230,49.201958,0 6.186320,49.463803,0 6.242751,49.902226,0 6.043073,50.128052,0 6.156658,50.803721,0 5.988658,51.851616,0 6.589397,51.852029,0 6.842870,52.228440,0 7.092053,53.144043,0 6.905140,53.482162,0 7.100425,53.693932,0 7.936239,53.748296,0 8.121706,53.527792,0 8.800734,54.020786,0 8.572118,54.395646,0 8.526229,54.962744,0 9.282049,54.830865,0 9.921906,54.983104,0 9.939580,54.596642,0 10.950112,54.363607,0 10.939467,54.008693,0 11.956252,54.196486,0 12.518440,54.470371,0 13.647467,54.075511,0 14.119686,53.757029,0</coordinates>
              </LinearRing>
            </outerBoundaryIs>
          </Polygon>
        </Placemark>
      </Folder>
      <Folder>
        <name>United Kingdom</name>
        <Placemark>
          <name>United Kingdom</name>
          <styleUrl>#__managed_style_0000000000000003</styleUrl>
          <description>See: 2050-snapshot/domains/borders-geopolitics.md#united-kingdom</description>
          <Polygon>
            <altitudeMode>clampToGround</altitudeMode>
            <outerBoundaryIs>
              <LinearRing>
                <coordinates>-6.197885,53.867565,0 -6.953730,54.073702,0 -7.572168,54.059956,0 -7.366031,54.595841,0 -7.572168,55.131622,0 -6.733847,55.172860,0 -5.661949,54.554603,0 -6.197885,53.867565,0</coordinates>
              </LinearRing>
            </outerBoundaryIs>
          </Polygon>
        </Placemark>
      </Folder>
      <Folder>
        <name>Russia</name>
        <Placemark>
          <name>Russia</name>
          <styleUrl>#__managed_style_0000000000000003</styleUrl>
          <description>See: 2050-snapshot/domains/borders-geopolitics.md#russia</description>
          <Polygon>
            <altitudeMode>clampToGround</altitudeMode>
            <outerBoundaryIs>
              <LinearRing>
                <coordinates>178.725300,71.098800,0 180.000000,71.515714,0 180.000000,70.832199,0 178.903425,70.781140,0 178.725300,71.098800,0</coordinates>
              </LinearRing>
            </outerBoundaryIs>
          </Polygon>
        </Placemark>
      </Folder>
      <Folder>
        <name>Turkey</name>
        <Placemark>
          <name>Turkey</name>
          <styleUrl>#__managed_style_0000000000000003</styleUrl>
          <description>See: 2050-snapshot/domains/borders-geopolitics.md#turkey</description>
          <Polygon>
            <altitudeMode>clampToGround</altitudeMode>
            <outerBoundaryIs>
              <LinearRing>
                <coordinates>44.772677,37.170437,0 44.293452,37.001514,0 43.942259,37.256228,0 42.779126,37.385264,0 42.349591,37.229873,0 41.212089,37.074352,0 40.673259,37.091276,0 39.522580,36.716054,0 38.699891,36.712927,0 38.167727,36.901210,0 37.066761,36.623036,0 36.739494,36.817520,0 36.685389,36.259699,0 36.149763,35.821535,0 35.782085,36.274995,0 36.160822,36.650606,0 35.550936,36.565443,0 34.714553,36.795532,0 34.026895,36.219960,0 32.509158,36.107564,0 31.699595,36.644275,0 30.621625,36.677865,0 30.391096,36.262981,0 29.699976,36.144357,0 28.732903,36.676831,0 27.641187,36.658822,0 27.048768,37.653361,0 26.318218,38.208133,0 26.804700,38.985760,0 26.170785,39.463612,0 27.280020,40.420014,0 28.819978,40.460011,0 29.240004,41.219991,0 31.145934,41.087622,0 32.347979,41.736264,0 33.513283,42.018960,0 35.167704,42.040225,0 36.913127,41.335358,0 38.347665,40.948586,0 39.512607,41.102763,0 40.373433,41.013673,0 41.554084,41.535656,0 42.619549,41.583173,0 43.582746,41.092143,0 43.752658,40.740201,0 43.656436,40.253564,0 44.400009,40.005000,0 44.793990,39.713003,0 44.109225,39.428136,0 44.421403,38.281281,0 44.225756,37.971584,0 44.772677,37.170437,0</coordinates>
              </LinearRing>
            </outerBoundaryIs>
          </Polygon>
        </Placemark>
      </Folder>
    </Folder>
    <Folder>
      <name>Africa</name>
      <Folder>
        <name>East African Federation</name>
        <Placemark>
          <name>East African Federation</name>
          <styleUrl>#__managed_style_0000000000000003</styleUrl>
          <description>See: 2050-snapshot/domains/borders-geopolitics.md#east-african-federation</description>
          <Polygon>
            <altitudeMode>clampToGround</altitudeMode>
            <outerBoundaryIs>
              <LinearRing>
                <coordinates>38.740540,-5.908950,0 38.799770,-6.475660,0 39.440000,-6.840000,0 39.470000,-7.100000,0 39.194690,-7.703900,0 39.252030,-8.007810,0 39.186520,-8.485510,0 39.535740,-9.112370,0 39.949600,-10.098400,0 40.316590,-10.317100,0 39.521000,-10.896880,0 38.427557,-11.285202,0 37.827640,-11.268790,0 37.471290,-11.568760,0 36.775151,-11.594537,0 36.514082,-11.720938,0 35.312398,-11.439146,0 34.559989,-11.520020,0 34.280000,-10.160000,0 33.739720,-9.417150,0 32.759375,-9.230599,0 32.191865,-8.930359,0 31.556348,-8.762049,0 31.157751,-8.594579,0 30.740010,-8.340006,0 30.346086,-8.238257,0 29.002912,-8.407032,0 28.734867,-8.526559,0 28.449871,-9.164918,0 28.673682,-9.605925,0 28.372253,-11.793647,0 29.341548,-12.360744,0 29.616001,-12.178895,0 29.699614,-13.257227,0 28.934286,-13.248958,0 28.523562,-12.698604,0 28.155109,-12.272481,0 27.388799,-12.132747,0 27.164420,-11.608748,0 26.553088,-11.924440,0 25.752310,-11.784965,0 25.418118,-11.330936,0 24.783170,-11.238694,0 24.314516,-11.262826,0 24.257155,-10.951993,0 23.456791,-10.867863,0 22.837345,-11.017622,0 22.402798,-10.993075,0 22.155268,-11.084801,0 22.208753,-9.894796,0 21.875182,-9.523708,0 21.801801,-8.908707,0 21.949131,-8.305901,0 21.746456,-7.920085,0 21.728111,-7.290872,0 20.514748,-7.299606,0 20.601823,-6.939318,0 20.091622,-6.943090,0 20.037723,-7.116361,0 19.417502,-7.155429,0 19.166613,-7.738184,0 19.016752,-7.988246,0 18.464176,-7.847014,0 18.134222,-7.987678,0 17.472970,-8.068551,0 16.860191,-7.222298,0 16.573180,-6.622645,0 16.326528,-5.877470,0 13.375597,-5.864241,0 13.024869,-5.984389,0 12.735171,-5.965682,0 12.322432,-6.100092,0 12.182337,-5.789931,0 12.436688,-5.684304,0 12.468004,-5.248362,0 12.631612,-4.991271,0 12.995517,-4.781103,0 13.258240,-4.882957,0 13.600235,-4.500138,0 14.144956,-4.510009,0 14.209035,-4.793092,0 14.582604,-4.970239,0 15.170992,-4.343507,0 15.753540,-3.855165,0 16.006290,-3.535133,0 15.972803,-2.712392,0 16.407092,-1.740927,0 16.865307,-1.225816,0 17.523716,-0.743830,0 17.638645,-0.424832,0 17.663553,-0.058084,0 17.826540,0.288923,0 17.774192,0.855659,0 17.898835,1.741832,0 18.094276,2.365722,0 18.393792,2.900443,0 18.542982,4.201785,0 18.932312,4.709506,0 19.467784,5.031528,0 20.290679,4.691678,0 20.927591,4.322786,0 21.659123,4.224342,0 22.405124,4.029160,0 22.704124,4.633051,0 22.841480,4.710126,0 23.297214,4.609693,0 24.410531,5.108784,0 24.805029,4.897247,0 25.128833,4.927245,0 25.278798,5.170408,0 25.650455,5.256088,0 26.402761,5.150875,0 27.044065,5.127853,0 27.374226,5.233944,0 27.979977,4.408413,0 28.428994,4.287155,0 28.696678,4.455077,0 29.159078,4.389267,0 29.715995,4.600805,0 29.953500,4.173699,0 30.833852,3.509172,0 31.245560,3.781900,0 31.881450,3.558270,0 32.686420,3.792320,0 33.390000,3.790000,0 34.005000,4.249885,0 35.298007,5.506000,0 35.817448,5.338232,0 35.817448,4.776966,0 36.159079,4.447864,0 36.855093,4.447864,0 38.120915,3.598605,0 38.436970,3.588510,0 38.671140,3.616070,0 38.892510,3.500740,0 39.559384,3.422060,0 39.854940,3.838790,0 40.768480,4.257020,0 41.171800,3.919090,0 41.855083,3.918912,0 42.128610,4.234130,0 42.769670,4.252590,0 43.660870,4.957550,0 44.963600,5.001620,0 47.789420,8.003000,0 48.486736,8.837626,0 48.938130,9.451749,0 48.948205,11.410617,0 49.267760,11.430330,0 49.728620,11.578900,0 50.258780,11.679570,0 50.732020,12.021900,0 51.111200,12.024640,0 51.133870,11.748150,0 51.041530,11.166510,0 51.045310,10.640900,0 50.834180,10.279720,0 50.552390,9.198740,0 50.070920,8.081730,0 49.452700,6.804660,0 48.594550,5.339110,0 47.740790,4.219400,0 46.564760,2.855290,0 45.563990,2.045760,0 44.068150,1.052830,0 43.135970,0.292200,0 42.041570,-0.919160,0 41.810950,-1.446470,0 41.585130,-1.683250,0 40.884770,-2.082550,0 40.637850,-2.499790,0 40.263040,-2.573090,0 40.121190,-3.277680,0 39.800060,-3.681160,0 39.604890,-4.346530,0 39.202220,-4.676770,0 38.740540,-5.908950,0</coordinates>
              </LinearRing>
            </outerBoundaryIs>
          </Polygon>
        </Placemark>
      </Folder>
      <Folder>
        <name>Confederation of Sahel States</name>
        <Placemark>
          <name>Confederation of Sahel States</name>
          <styleUrl>#__managed_style_0000000000000003</styleUrl>
          <description>See: 2050-snapshot/domains/borders-geopolitics.md#confederation-of-sahel-states</description>
          <Polygon>
            <altitudeMode>clampToGround</altitudeMode>
            <outerBoundaryIs>
              <LinearRing>
                <coordinates>1.935986,11.641150,0 1.447178,11.547719,0 1.243470,11.110511,0 0.899563,10.997339,0 0.023803,11.018682,0 -0.438702,11.098341,0 -0.761576,10.936930,0 -1.203358,11.009819,0 -2.940409,10.962690,0 -2.963896,10.395335,0 -2.827496,9.642461,0 -3.511899,9.900326,0 -3.980449,9.862344,0 -4.330247,9.610835,0 -4.779884,9.821985,0 -4.954653,10.152714,0 -5.404342,10.370737,0 -5.816926,10.222555,0 -6.050452,10.096361,0 -6.205223,10.524061,0 -6.493965,10.411303,0 -6.666461,10.430811,0 -6.850507,10.138994,0 -7.622759,10.147236,0 -7.899590,10.297382,0 -8.029944,10.206535,0 -8.335377,10.494812,0 -8.282357,10.792597,0 -8.407311,10.909257,0 -8.620321,10.810891,0 -8.581305,11.136246,0 -8.376305,11.393646,0 -8.786099,11.812561,0 -8.905265,12.088358,0 -9.127474,12.308060,0 -9.327616,12.334286,0 -9.567912,12.194243,0 -9.890993,12.060479,0 -10.165214,11.844084,0 -10.593224,11.923975,0 -10.870830,12.177887,0 -11.036556,12.211245,0 -11.297574,12.077971,0 -11.456169,12.076834,0 -11.513943,12.442988,0 -11.467899,12.754519,0 -11.553398,13.141214,0 -11.927716,13.422075,0 -12.124887,13.994727,0 -12.170750,14.616834,0 -11.834208,14.799097,0 -11.666078,15.388208,0 -11.349095,15.411256,0 -10.650791,15.132746,0 -10.086846,15.330486,0 -9.700255,15.264107,0 -9.550238,15.486497,0 -5.537744,15.501690,0 -5.315277,16.201854,0 -5.488523,16.325102,0 -6.453787,24.956591,0 -4.923337,24.974574,0 1.823228,20.610809,0 2.060991,20.142233,0 2.683588,19.856230,0 3.146661,19.693579,0 3.158133,19.057364,0 4.267419,19.155265,0 5.677566,19.601207,0 8.572893,21.565661,0 11.999506,23.471668,0 13.581425,23.040506,0 14.143871,22.491289,0 14.851300,22.862950,0 15.096888,21.308519,0 15.471060,21.048450,0 15.487148,20.730415,0 15.903247,20.387619,0 15.685741,19.957180,0 15.300441,17.927950,0 15.247731,16.627306,0 13.972170,15.684370,0 13.540394,14.367134,0 13.956699,13.996691,0 13.954477,13.353449,0 14.595781,13.330427,0 14.495787,12.859396,0 14.213531,12.802035,0 14.181336,12.483657,0 13.995353,12.461565,0 13.318702,13.556356,0 13.083987,13.596147,0 12.302071,13.037189,0 11.527803,13.328980,0 10.989593,13.387323,0 10.701032,13.246918,0 10.114814,13.277252,0 9.524928,12.851102,0 9.014933,12.826659,0 7.804671,13.343527,0 7.330747,13.098038,0 6.820442,13.115091,0 6.445426,13.492768,0 5.443058,13.865924,0 4.368344,13.747482,0 4.107946,13.531216,0 3.967283,12.956109,0 3.680634,12.552903,0 3.611180,11.660167,0 2.848643,12.235636,0 2.490164,12.233052,0 2.154474,11.940150,0 1.935986,11.641150,0</coordinates>
              </LinearRing>
            </outerBoundaryIs>
          </Polygon>
        </Placemark>
      </Folder>
      <Folder>
        <name>Egypt</name>
        <Placemark>
          <name>Egypt</name>
          <styleUrl>#__managed_style_0000000000000003</styleUrl>
          <description>See: 2050-snapshot/domains/borders-geopolitics.md#egypt</description>
          <Polygon>
            <altitudeMode>clampToGround</altitudeMode>
            <outerBoundaryIs>
              <LinearRing>
                <coordinates>36.866230,22.000000,0 25.000000,22.000000,0 25.000000,29.238655,0 24.700070,30.044190,0 24.957620,30.661600,0 24.802870,31.089290,0 25.164820,31.569150,0 26.495330,31.585680,0 28.913530,30.870050,0 29.683420,31.186860,0 30.095030,31.473400,0 30.976930,31.555860,0 31.687960,31.429600,0 31.960410,30.933600,0 32.192470,31.260340,0 32.993920,31.024070,0 33.773400,30.967460,0 34.265440,31.219360,0 34.922600,29.501330,0 34.641740,29.099420,0 34.426550,28.343990,0 34.154510,27.823300,0 33.921360,27.648700,0 33.136760,28.417650,0 32.423230,29.851080,0 32.320460,29.760430,0 32.734820,28.705230,0 33.348760,27.699890,0 34.104550,26.142270,0 34.473870,25.598560,0 34.795070,25.033750,0 35.692410,23.926710,0 35.493720,23.752370,0 35.525980,23.102440,0 36.690690,22.204850,0 36.866230,22.000000,0</coordinates>
              </LinearRing>
            </outerBoundaryIs>
          </Polygon>
        </Placemark>
      </Folder>
      <Folder>
        <name>Nigeria</name>
        <Placemark>
          <name>Nigeria</name>
          <styleUrl>#__managed_style_0000000000000003</styleUrl>
          <description>See: 2050-snapshot/domains/borders-geopolitics.md#nigeria</description>
          <Polygon>
            <altitudeMode>clampToGround</altitudeMode>
            <outerBoundaryIs>
              <LinearRing>
                <coordinates>2.691702,6.258817,0 2.749063,7.870734,0 2.723793,8.506845,0 2.912308,9.137608,0 3.220352,9.444153,0 3.705438,10.063210,0 3.600070,10.332186,0 3.797112,10.734746,0 3.572216,11.327939,0 3.680634,12.552903,0 3.967283,12.956109,0 4.107946,13.531216,0 4.368344,13.747482,0 5.443058,13.865924,0 6.445426,13.492768,0 6.820442,13.115091,0 7.330747,13.098038,0 7.804671,13.343527,0 9.014933,12.826659,0 9.524928,12.851102,0 10.114814,13.277252,0 10.701032,13.246918,0 10.989593,13.387323,0 11.527803,13.328980,0 12.302071,13.037189,0 13.083987,13.596147,0 13.318702,13.556356,0 13.995353,12.461565,0 14.181336,12.483657,0 14.577178,12.085361,0 14.468192,11.904752,0 14.415379,11.572369,0 13.572950,10.798566,0 13.308676,10.160362,0 13.167600,9.640626,0 12.955468,9.417772,0 12.753672,8.717763,0 12.218872,8.305824,0 12.063946,7.799808,0 11.839309,7.397042,0 11.745774,6.981383,0 11.058788,6.644427,0 10.497375,7.055358,0 10.118277,7.038770,0 9.522706,6.453482,0 9.233163,6.444491,0 8.757533,5.479666,0 8.500288,4.771983,0 7.462108,4.412108,0 7.082596,4.464689,0 6.698072,4.240594,0 5.898173,4.262453,0 5.362805,4.887971,0 5.033574,5.611802,0 4.325607,6.270651,0 2.691702,6.258817,0</coordinates>
              </LinearRing>
            </outerBoundaryIs>
          </Polygon>
        </Placemark>
      </Folder>
      <Folder>
        <name>South Africa</name>
        <Placemark>
          <name>South Africa</name>
          <styleUrl>#__managed_style_0000000000000003</styleUrl>
          <description>See: 2050-snapshot/domains/borders-geopolitics.md#south-africa</description>
          <Polygon>
            <altitudeMode>clampToGround</altitudeMode>
            <outerBoundaryIs>
              <LinearRing>
                <coordinates>16.344977,-28.576705,0 16.824017,-28.082162,0 17.218929,-28.355943,0 17.387497,-28.783514,0 17.836152,-28.856378,0 18.464899,-29.045462,0 19.002127,-28.972443,0 19.894734,-28.461105,0 19.895768,-24.767790,0 20.165726,-24.917962,0 20.758609,-25.868136,0 20.666470,-26.477453,0 20.889609,-26.828543,0 21.605896,-26.726534,0 22.105969,-26.280256,0 22.579532,-25.979448,0 22.824271,-25.500459,0 23.312097,-25.268690,0 23.733570,-25.390129,0 24.211267,-25.670216,0 25.025171,-25.719670,0 25.664666,-25.486816,0 25.941652,-24.696373,0 26.485753,-24.616327,0 26.786407,-24.240691,0 27.119410,-23.574323,0 28.017236,-22.827754,0 29.432188,-22.091313,0 29.839037,-22.102216,0 30.322883,-22.271612,0 30.659865,-22.151567,0 31.191409,-22.251510,0 31.930589,-24.369417,0 31.752408,-25.484284,0 31.837778,-25.843332,0 31.333158,-25.660191,0 31.044080,-25.731452,0 30.949667,-26.022649,0 30.676609,-26.398078,0 30.685962,-26.743845,0 31.282773,-27.285879,0 31.868060,-27.177927,0 32.071665,-26.733820,0 32.830120,-26.742192,0 32.580265,-27.470158,0 32.462133,-28.301011,0 32.203389,-28.752405,0 31.325561,-29.401978,0 30.901763,-29.909957,0 30.622813,-30.423776,0 30.055716,-31.140269,0 28.925553,-32.172041,0 28.219756,-32.771953,0 27.464608,-33.226964,0 26.419452,-33.614950,0 25.909664,-33.667040,0 25.780628,-33.944646,0 25.172862,-33.796851,0 24.677853,-33.987176,0 23.594043,-33.794474,0 22.988189,-33.916431,0 22.574157,-33.864083,0 21.542799,-34.258839,0 20.689053,-34.417175,0 20.071261,-34.795137,0 19.616405,-34.819166,0 19.193278,-34.462599,0 18.855315,-34.444306,0 18.424643,-33.997873,0 18.377411,-34.136521,0 18.244499,-33.867752,0 18.250080,-33.281431,0 17.925190,-32.611291,0 18.247910,-32.429131,0 18.221762,-31.661633,0 17.566918,-30.725721,0 16.344977,-28.576705,0</coordinates>
              </LinearRing>
            </outerBoundaryIs>
          </Polygon>
        </Placemark>
      </Folder>
    </Folder>
    <Folder>
      <name>Asia</name>
      <Folder>
        <name>China</name>
        <Placemark>
          <name>China</name>
          <styleUrl>#__managed_style_0000000000000003</styleUrl>
          <description>See: 2050-snapshot/domains/borders-geopolitics.md#china</description>
          <Polygon>
            <altitudeMode>clampToGround</altitudeMode>
            <outerBoundaryIs>
              <LinearRing>
                <coordinates>109.475210,18.197701,0 108.655208,18.507682,0 108.626217,19.367888,0 109.119056,19.821039,0 110.211599,20.101254,0 110.786551,20.077534,0 111.010051,19.695930,0 110.570647,19.255879,0 110.339188,18.678395,0 109.475210,18.197701,0</coordinates>
              </LinearRing>
            </outerBoundaryIs>
          </Polygon>
        </Placemark>
      </Folder>
      <Folder>
        <name>India</name>
        <Placemark>
          <name>India</name>
          <styleUrl>#__managed_style_0000000000000003</styleUrl>
          <description>See: 2050-snapshot/domains/borders-geopolitics.md#india</description>
          <Polygon>
            <altitudeMode>clampToGround</altitudeMode>
            <outerBoundaryIs>
              <LinearRing>
                <coordinates>97.327114,28.261583,0 97.402561,27.882536,0 97.051989,27.699059,0 97.133999,27.083774,0 96.419366,27.264589,0 95.124768,26.573572,0 95.155153,26.001307,0 94.603249,25.162495,0 94.552658,24.675238,0 94.106742,23.850741,0 93.325188,24.078556,0 93.286327,23.043658,0 93.060294,22.703111,0 93.166128,22.278460,0 92.672721,22.041239,0 92.146035,23.627499,0 91.869928,23.624346,0 91.706475,22.985264,0 91.158963,23.503527,0 91.467730,24.072639,0 91.915093,24.130414,0 92.376202,24.976693,0 91.799596,25.147432,0 90.872211,25.132601,0 89.920693,25.269750,0 89.832481,25.965082,0 89.355094,26.014407,0 88.563049,26.446526,0 88.209789,25.768066,0 88.931554,25.238692,0 88.306373,24.866079,0 88.084422,24.501657,0 88.699940,24.233715,0 88.529770,23.631142,0 88.876312,22.879146,0 89.031961,22.055708,0 88.888766,21.690588,0 88.208497,21.703172,0 86.975704,21.495562,0 87.033169,20.743308,0 86.499351,20.151638,0 85.060266,19.478579,0 83.941006,18.302010,0 83.189217,17.671221,0 82.192792,17.016636,0 82.191242,16.556664,0 81.692719,16.310219,0 80.791999,15.951972,0 80.324896,15.899185,0 80.025069,15.136415,0 80.233274,13.835771,0 80.286294,13.006261,0 79.862547,12.056215,0 79.857999,10.357275,0 79.340512,10.308854,0 78.885345,9.546136,0 79.189720,9.216544,0 78.277941,8.933047,0 77.941165,8.252959,0 77.539898,7.965535,0 76.592979,8.899276,0 76.130061,10.299630,0 75.746467,11.308251,0 75.396101,11.781245,0 74.864816,12.741936,0 74.616717,13.992583,0 74.443859,14.617222,0 73.534199,15.990652,0 72.820909,19.208234,0 72.824475,20.419503,0 72.630533,21.356009,0 71.175273,20.757441,0 70.470459,20.877331,0 69.164130,22.089298,0 69.644928,22.450775,0 69.349597,22.843180,0 68.176645,23.691965,0 68.842599,24.359134,0 71.043240,24.356524,0 70.844699,25.215102,0 70.282873,25.722229,0 70.168927,26.491872,0 69.514393,26.940966,0 70.616496,27.989196,0 71.777666,27.913180,0 72.823752,28.961592,0 73.450638,29.976413,0 74.421380,30.979815,0 74.405929,31.692639,0 75.258642,32.271105,0 74.451559,32.764900,0 74.104294,33.441473,0 73.749948,34.317699,0 74.240203,34.748887,0 75.757061,34.504923,0 76.871722,34.653544,0 77.837451,35.494010,0 78.912269,34.321936,0 78.811086,33.506198,0 79.208892,32.994395,0 79.176129,32.483780,0 78.458446,32.618164,0 78.738894,31.515906,0 79.721367,30.882715,0 81.111256,30.183481,0 80.476721,29.729865,0 80.088425,28.794470,0 81.057203,28.416095,0 81.999987,27.925479,0 83.304249,27.364506,0 84.675018,27.234901,0 85.251779,26.726198,0 86.024393,26.630985,0 87.227472,26.397898,0 88.060238,26.414615,0 88.174804,26.810405,0 88.043133,27.445819,0 88.120441,27.876542,0 88.730326,28.086865,0 88.835643,27.098966,0 89.744528,26.719403,0 90.373275,26.875724,0 91.217513,26.808648,0 92.033484,26.838310,0 92.103712,27.452614,0 91.696657,27.771742,0 92.503119,27.896876,0 93.413348,28.640629,0 94.565990,29.277438,0 95.404802,29.031717,0 96.117679,29.452802,0 96.586591,28.830980,0 96.248833,28.411031,0 97.327114,28.261583,0</coordinates>
              </LinearRing>
            </outerBoundaryIs>
          </Polygon>
        </Placemark>
      </Folder>
      <Folder>
        <name>Japan</name>
        <Placemark>
          <name>Japan</name>
          <styleUrl>#__managed_style_0000000000000003</styleUrl>
          <description>See: 2050-snapshot/domains/borders-geopolitics.md#japan</description>
          <Polygon>
            <altitudeMode>clampToGround</altitudeMode>
            <outerBoundaryIs>
              <LinearRing>
                <coordinates>141.884601,39.180865,0 140.959489,38.174001,0 140.976388,37.142074,0 140.599770,36.343983,0 140.774074,35.842877,0 140.253279,35.138114,0 138.975528,34.667600,0 137.217599,34.606286,0 135.792983,33.464805,0 135.120983,33.849071,0 135.079435,34.596545,0 133.340316,34.375938,0 132.156771,33.904933,0 130.986145,33.885761,0 132.000036,33.149992,0 131.332790,31.450355,0 130.686318,31.029579,0 130.202420,31.418238,0 130.447676,32.319475,0 129.814692,32.610310,0 129.408463,33.296056,0 130.353935,33.604151,0 130.878451,34.232743,0 131.884229,34.749714,0 132.617673,35.433393,0 134.608301,35.731618,0 135.677538,35.527134,0 136.723831,37.304984,0 137.390612,36.827391,0 139.426405,38.215962,0 140.054790,39.438807,0 139.883379,40.563312,0 140.305783,41.195005,0 141.368973,41.378560,0 141.914263,39.991616,0 141.884601,39.180865,0</coordinates>
              </LinearRing>
            </outerBoundaryIs>
          </Polygon>
        </Placemark>
      </Folder>
      <Folder>
        <name>Unified Korea</name>
        <Placemark>
          <name>Unified Korea</name>
          <styleUrl>#__managed_style_0000000000000003</styleUrl>
          <description>See: 2050-snapshot/domains/borders-geopolitics.md#korea-unified</description>
          <Polygon>
            <altitudeMode>clampToGround</altitudeMode>
            <outerBoundaryIs>
              <LinearRing>
                <coordinates>126.237339,37.840378,0 126.683720,37.804773,0 127.073309,38.256115,0 127.780035,38.304536,0 128.205746,38.370397,0 128.349716,38.612243,0 129.212920,37.432392,0 129.460450,36.784189,0 129.468304,35.632141,0 129.091377,35.082484,0 128.185850,34.890377,0 127.386519,34.475674,0 126.485748,34.390046,0 126.373920,34.934560,0 126.559231,35.684541,0 126.117398,36.725485,0 126.860143,36.893924,0 126.174759,37.749686,0 126.237339,37.840378,0</coordinates>
              </LinearRing>
            </outerBoundaryIs>
          </Polygon>
          <Polygon>
            <altitudeMode>clampToGround</altitudeMode>
            <outerBoundaryIs>
              <LinearRing>
                <coordinates>130.780005,42.220010,0 130.780007,42.220007,0 130.780004,42.220008,0 130.780005,42.220010,0</coordinates>
              </LinearRing>
            </outerBoundaryIs>
          </Polygon>
        </Placemark>
      </Folder>
      <Folder>
        <name>ASEAN</name>
        <Placemark>
          <name>ASEAN</name>
          <styleUrl>#__managed_style_0000000000000003</styleUrl>
          <description>See: 2050-snapshot/domains/borders-geopolitics.md#asean</description>
          <Polygon>
            <altitudeMode>clampToGround</altitudeMode>
            <outerBoundaryIs>
              <LinearRing>
                <coordinates>140.143415,-8.297168,0 139.127767,-8.096043,0 138.881477,-8.380935,0 137.614474,-8.411683,0 138.039099,-7.597882,0 138.668621,-7.320225,0 138.407914,-6.232849,0 137.927840,-5.393366,0 135.989250,-4.546544,0 135.164598,-4.462931,0 133.662880,-3.538853,0 133.367705,-4.024819,0 132.983956,-4.112979,0 132.756941,-3.746283,0 132.753789,-3.311787,0 131.989804,-2.820551,0 133.066845,-2.460418,0 133.780031,-2.479848,0 133.696212,-2.214542,0 132.232373,-2.212526,0 131.836222,-1.617162,0 130.942840,-1.432522,0 130.519558,-0.937720,0 131.867538,-0.695461,0 132.380116,-0.369538,0 133.985548,-0.780210,0 134.143368,-1.151867,0 134.422627,-2.769185,0 135.457603,-3.367753,0 136.293314,-2.307042,0 137.440738,-1.703513,0 138.329727,-1.702686,0 139.184921,-2.051296,0 139.926684,-2.409052,0 141.000210,-2.600151,0 141.033852,-9.117893,0 140.143415,-8.297168,0</coordinates>
              </LinearRing>
            </outerBoundaryIs>
          </Polygon>
          <Polygon>
            <altitudeMode>clampToGround</altitudeMode>
            <outerBoundaryIs>
              <LinearRing>
                <coordinates>102.371147,6.128205,0 102.961705,5.524495,0 103.381215,4.855001,0 103.438575,4.181606,0 103.332122,3.726698,0 103.429429,3.382869,0 103.502448,2.791019,0 103.854674,2.515454,0 104.247932,1.631141,0 104.228811,1.293048,0 103.519707,1.226334,0 102.573615,1.967115,0 101.390638,2.760814,0 101.273540,3.270292,0 100.695435,3.939140,0 100.557408,4.767280,0 100.196706,5.312493,0 100.306260,6.040562,0 100.085757,6.464489,0 99.690691,6.848213,0 99.519642,7.343454,0 98.503786,8.382305,0 98.339662,7.794512,0 98.150009,8.350007,0 98.259150,8.973923,0 98.553551,9.932960,0 98.457174,10.675266,0 98.764546,11.441292,0 98.428339,12.032987,0 98.509574,13.122378,0 98.103604,13.640460,0 97.777732,14.837286,0 97.597072,16.100568,0 97.164540,16.928734,0 96.505769,16.427241,0 95.369352,15.714390,0 94.808405,15.803454,0 94.188804,16.037936,0 94.533486,17.277240,0 94.324817,18.213514,0 93.540988,19.366493,0 93.663255,19.726962,0 93.078278,19.855145,0 92.368554,20.670883,0 92.303234,21.475485,0 92.652257,21.324048,0 92.672721,22.041239,0 93.166128,22.278460,0 93.060294,22.703111,0 93.286327,23.043658,0 93.325188,24.078556,0 94.106742,23.850741,0 94.552658,24.675238,0 94.603249,25.162495,0 95.155153,26.001307,0 95.124768,26.573572,0 96.419366,27.264589,0 97.133999,27.083774,0 97.051989,27.699059,0 97.402561,27.882536,0 97.327114,28.261583,0 97.911988,28.335945,0 98.246231,27.747221,0 98.682690,27.508812,0 98.712094,26.743536,0 98.671838,25.918703,0 97.724609,25.083637,0 97.604720,23.897405,0 98.660262,24.063286,0 98.898749,23.142722,0 99.531992,22.949039,0 99.240899,22.118314,0 100.416538,21.558839,0 101.150033,21.849984,0 101.180005,21.436573,0 101.270026,21.201652,0 101.803120,21.174367,0 101.652018,22.318199,0 102.170436,22.464753,0 102.706992,22.708795,0 103.504515,22.703757,0 104.476858,22.819150,0 105.329209,23.352063,0 105.811247,22.976892,0 106.725403,22.794268,0 106.567273,22.218205,0 107.043420,21.811899,0 108.050180,21.552380,0 106.715068,20.696851,0 105.881682,19.752050,0 105.662006,19.058165,0 107.361954,16.697457,0 108.269495,16.079742,0 108.877107,15.276691,0 109.335270,13.426028,0 109.200136,11.666859,0 108.366130,11.008321,0 107.220929,10.364484,0 106.405113,9.530840,0 105.158264,8.599760,0 104.795185,9.241038,0 105.076202,9.918491,0 104.334335,10.486544,0 103.497280,10.632555,0 103.090690,11.153661,0 102.584932,12.186595,0 101.687158,12.645740,0 100.831810,12.627085,0 100.978467,13.412722,0 100.097797,13.406856,0 100.018733,12.307001,0 99.153772,9.963061,0 99.222399,9.239255,0 99.873832,9.207862,0 100.279647,8.295153,0 100.459274,7.429573,0 101.017328,6.856869,0 101.623079,6.740622,0 102.141187,6.221636,0 102.371147,6.128205,0</coordinates>
              </LinearRing>
            </outerBoundaryIs>
          </Polygon>
          <Polygon>
            <altitudeMode>clampToGround</altitudeMode>
            <outerBoundaryIs>
              <LinearRing>
                <coordinates>114.869557,4.348314,0 114.659596,4.007637,0 114.204017,4.525874,0 114.599961,4.900011,0 115.450710,5.447730,0 115.347461,4.316636,0 114.869557,4.348314,0</coordinates>
              </LinearRing>
            </outerBoundaryIs>
          </Polygon>
          <Polygon>
            <altitudeMode>clampToGround</altitudeMode>
            <outerBoundaryIs>
              <LinearRing>
                <coordinates>121.527394,13.069590,0 121.262190,12.205560,0 120.833896,12.704496,0 120.323436,13.466413,0 121.180128,13.429697,0 121.527394,13.069590,0</coordinates>
              </LinearRing>
            </outerBoundaryIs>
          </Polygon>
        </Placemark>
      </Folder>
    </Folder>
    <Folder>
      <name>West Asia</name>
      <Folder>
        <name>Iran</name>
        <Placemark>
          <name>Iran</name>
          <styleUrl>#__managed_style_0000000000000003</styleUrl>
          <description>See: 2050-snapshot/domains/borders-geopolitics.md#iran</description>
          <Polygon>
            <altitudeMode>clampToGround</altitudeMode>
            <outerBoundaryIs>
              <LinearRing>
                <coordinates>48.567971,29.926778,0 48.014568,30.452457,0 48.004698,30.985137,0 47.685286,30.984853,0 47.849204,31.709176,0 47.334661,32.469155,0 46.109362,33.017287,0 45.416691,33.967798,0 45.648460,34.748138,0 46.151788,35.093259,0 46.076340,35.677383,0 45.420618,35.977546,0 44.772670,37.170450,0 44.225756,37.971584,0 44.421403,38.281281,0 44.109225,39.428136,0 44.793990,39.713003,0 44.952688,39.335765,0 45.457722,38.874139,0 46.143623,38.741201,0 46.505720,38.770605,0 47.685079,39.508364,0 48.060095,39.582235,0 48.355529,39.288765,0 48.010744,38.794015,0 48.634375,38.270378,0 48.883249,38.320245,0 49.199612,37.582874,0 50.147771,37.374567,0 50.842354,36.872814,0 52.264025,36.700422,0 53.825790,36.965031,0 53.921598,37.198918,0 54.800304,37.392421,0 55.511578,37.964117,0 56.180375,37.935127,0 56.619366,38.121394,0 57.330434,38.029229,0 58.436154,37.522309,0 59.234762,37.412988,0 60.377638,36.527383,0 61.123071,36.491597,0 61.210817,35.650072,0 60.803193,34.404102,0 60.528430,33.676446,0 60.963700,33.528832,0 60.536078,32.981269,0 60.863655,32.182920,0 60.941945,31.548075,0 61.699314,31.379506,0 61.781222,30.735850,0 60.874248,29.829239,0 61.369309,29.303276,0 61.771868,28.699334,0 62.727830,28.259645,0 62.755426,27.378923,0 63.233898,27.217047,0 63.316632,26.756532,0 61.874187,26.239975,0 61.497363,25.078237,0 59.616134,25.380157,0 58.525761,25.609962,0 57.397251,25.739902,0 56.970766,26.966106,0 56.492139,27.143305,0 55.723710,26.964633,0 54.715090,26.480658,0 53.493097,26.812369,0 52.483598,27.580849,0 51.520763,27.865690,0 50.852948,28.814521,0 50.115009,30.147773,0 49.576850,29.985715,0 48.941333,30.317090,0 48.567971,29.926778,0</coordinates>
              </LinearRing>
            </outerBoundaryIs>
          </Polygon>
        </Placemark>
      </Folder>
      <Folder>
        <name>Israel</name>
        <Placemark>
          <name>Israel</name>
          <styleUrl>#__managed_style_0000000000000003</styleUrl>
          <description>See: 2050-snapshot/domains/borders-geopolitics.md#israel</description>
          <Polygon>
            <altitudeMode>clampToGround</altitudeMode>
            <outerBoundaryIs>
              <LinearRing>
                <coordinates>35.719918,32.709192,0 35.545665,32.393992,0 35.183930,32.532511,0 34.974641,31.866582,0 35.225892,31.754341,0 34.970507,31.616778,0 34.927408,31.353435,0 35.397561,31.489086,0 35.420918,31.100066,0 34.922603,29.501326,0 34.265433,31.219361,0 34.556372,31.548824,0 34.488107,31.605539,0 34.752587,32.072926,0 34.955417,32.827376,0 35.098457,33.080539,0 35.460709,33.089040,0 35.552797,33.264275,0 35.821101,33.277426,0 35.836397,32.868123,0 35.700798,32.716014,0 35.719918,32.709192,0</coordinates>
              </LinearRing>
            </outerBoundaryIs>
          </Polygon>
        </Placemark>
      </Folder>
      <Folder>
        <name>Palestine</name>
      </Folder>
      <Folder>
        <name>Saudi Arabia</name>
        <Placemark>
          <name>Saudi Arabia</name>
          <styleUrl>#__managed_style_0000000000000003</styleUrl>
          <description>See: 2050-snapshot/domains/borders-geopolitics.md#saudi-arabia</description>
          <Polygon>
            <altitudeMode>clampToGround</altitudeMode>
            <outerBoundaryIs>
              <LinearRing>
                <coordinates>34.956037,29.356555,0 36.068941,29.197495,0 36.501214,29.505254,0 36.740528,29.865283,0 37.503582,30.003776,0 37.668120,30.338665,0 37.998849,30.508500,0 37.002166,31.508413,0 39.004886,32.010217,0 39.195468,32.161009,0 40.399994,31.889992,0 41.889981,31.190009,0 44.709499,29.178891,0 46.568713,29.099025,0 47.459822,29.002519,0 47.708851,28.526063,0 48.416094,28.552004,0 48.807595,27.689628,0 49.299554,27.461218,0 49.470914,27.109999,0 50.152422,26.689663,0 50.212935,26.277027,0 50.113303,25.943972,0 50.239859,25.608050,0 50.527387,25.327808,0 50.660557,24.999896,0 50.810108,24.754743,0 51.112415,24.556331,0 51.389608,24.627386,0 51.579519,24.245497,0 51.617708,24.014219,0 52.000733,23.001154,0 55.006803,22.496948,0 55.208341,22.708330,0 55.666659,22.000001,0 54.999982,19.999994,0 52.000010,19.000003,0 49.116672,18.616668,0 48.183344,18.166669,0 47.466695,17.116682,0 47.000005,16.949999,0 46.749994,17.283338,0 46.366659,17.233315,0 45.399999,17.333335,0 45.216651,17.433329,0 44.062613,17.410359,0 43.791519,17.319977,0 43.380794,17.579987,0 43.115798,17.088440,0 43.218375,16.666890,0 42.779332,16.347891,0 42.649573,16.774635,0 42.347989,17.075806,0 42.270888,17.474722,0 41.754382,17.833046,0 41.221391,18.671600,0 40.939341,19.486485,0 40.247652,20.174635,0 39.801685,20.338862,0 39.139399,21.291905,0 39.023696,21.986875,0 39.066329,22.579656,0 38.492772,23.688451,0 38.023860,24.078686,0 37.483635,24.285495,0 37.154818,24.858483,0 37.209491,25.084542,0 36.931627,25.602959,0 36.639604,25.826228,0 36.249137,26.570136,0 35.130187,28.063352,0 34.632336,28.058546,0 34.787779,28.607427,0 34.832220,28.957483,0 34.956037,29.356555,0</coordinates>
              </LinearRing>
            </outerBoundaryIs>
          </Polygon>
        </Placemark>
      </Folder>
      <Folder>
        <name>Quartet</name>
        <Placemark>
          <name>Quartet</name>
          <styleUrl>#__managed_style_0000000000000003</styleUrl>
          <description>See: 2050-snapshot/domains/borders-geopolitics.md#quartet</description>
          <Polygon>
            <altitudeMode>clampToGround</altitudeMode>
            <outerBoundaryIs>
              <LinearRing>
                <coordinates>36.501214,29.505254,0 36.740528,29.865283,0 37.503582,30.003776,0 37.668120,30.338665,0 37.998849,30.508500,0 37.002166,31.508413,0 39.004886,32.010217,0 39.195468,32.161009,0 40.399994,31.889992,0 41.889981,31.190009,0 44.709499,29.178891,0 46.568713,29.099025,0 47.459822,29.002519,0 47.708851,28.526063,0 48.416094,28.552004,0 48.807595,27.689628,0 49.299554,27.461218,0 49.470914,27.109999,0 50.152422,26.689663,0 50.212935,26.277027,0 50.113303,25.943972,0 50.239859,25.608050,0 50.527387,25.327808,0 50.660557,24.999896,0 50.810108,24.754743,0 51.112415,24.556331,0 51.389608,24.627386,0 51.579519,24.245497,0 51.617708,24.014219,0 52.000733,23.001154,0 55.006803,22.496948,0 55.208341,22.708330,0 55.666659,22.000001,0 54.999982,19.999994,0 52.000010,19.000003,0 49.116672,18.616668,0 48.183344,18.166669,0 47.466695,17.116682,0 47.000005,16.949999,0 46.749994,17.283338,0 46.366659,17.233315,0 45.399999,17.333335,0 45.216651,17.433329,0 44.062613,17.410359,0 43.791519,17.319977,0 43.380794,17.579987,0 43.115798,17.088440,0 43.218375,16.666890,0 42.779332,16.347891,0 42.649573,16.774635,0 42.347989,17.075806,0 42.270888,17.474722,0 41.754382,17.833046,0 41.221391,18.671600,0 40.939341,19.486485,0 40.247652,20.174635,0 39.801685,20.338862,0 39.139399,21.291905,0 39.023696,21.986875,0 39.066329,22.579656,0 38.492772,23.688451,0 38.023860,24.078686,0 37.483635,24.285495,0 37.154818,24.858483,0 37.209491,25.084542,0 36.931627,25.602959,0 36.639604,25.826228,0 36.249137,26.570136,0 35.130187,28.063352,0 34.632336,28.058546,0 34.787779,28.607427,0 34.832220,28.957483,0 34.956037,29.356555,0 36.068941,29.197495,0 36.501214,29.505254,0</coordinates>
              </LinearRing>
            </outerBoundaryIs>
          </Polygon>
          <Polygon>
            <altitudeMode>clampToGround</altitudeMode>
            <outerBoundaryIs>
              <LinearRing>
                <coordinates>36.866230,22.000000,0 25.000000,22.000000,0 25.000000,29.238655,0 24.700070,30.044190,0 24.957620,30.661600,0 24.802870,31.089290,0 25.164820,31.569150,0 26.495330,31.585680,0 28.913530,30.870050,0 29.683420,31.186860,0 30.095030,31.473400,0 30.976930,31.555860,0 31.687960,31.429600,0 31.960410,30.933600,0 32.192470,31.260340,0 32.993920,31.024070,0 33.773400,30.967460,0 34.265440,31.219360,0 34.922600,29.501330,0 34.641740,29.099420,0 34.426550,28.343990,0 34.154510,27.823300,0 33.921360,27.648700,0 33.136760,28.417650,0 32.423230,29.851080,0 32.320460,29.760430,0 32.734820,28.705230,0 33.348760,27.699890,0 34.104550,26.142270,0 34.473870,25.598560,0 34.795070,25.033750,0 35.692410,23.926710,0 35.493720,23.752370,0 35.525980,23.102440,0 36.690690,22.204850,0 36.866230,22.000000,0</coordinates>
              </LinearRing>
            </outerBoundaryIs>
          </Polygon>
          <Polygon>
            <altitudeMode>clampToGround</altitudeMode>
            <outerBoundaryIs>
              <LinearRing>
                <coordinates>75.757061,34.504923,0 74.240203,34.748887,0 73.749948,34.317699,0 74.104294,33.441473,0 74.451559,32.764900,0 75.258642,32.271105,0 74.405929,31.692639,0 74.421380,30.979815,0 73.450638,29.976413,0 72.823752,28.961592,0 71.777666,27.913180,0 70.616496,27.989196,0 69.514393,26.940966,0 70.168927,26.491872,0 70.282873,25.722229,0 70.844699,25.215102,0 71.043240,24.356524,0 68.842599,24.359134,0 68.176645,23.691965,0 67.443667,23.944844,0 67.145442,24.663611,0 66.372828,25.425141,0 64.530408,25.237039,0 62.905701,25.218409,0 61.497363,25.078237,0 61.874187,26.239975,0 63.316632,26.756532,0 63.233898,27.217047,0 62.755426,27.378923,0 62.727830,28.259645,0 61.771868,28.699334,0 61.369309,29.303276,0 60.874248,29.829239,0 62.549857,29.318572,0 63.550261,29.468331,0 64.148002,29.340819,0 64.350419,29.560031,0 65.046862,29.472181,0 66.346473,29.887943,0 66.381458,30.738899,0 66.938891,31.304911,0 67.683394,31.303154,0 67.792689,31.582930,0 68.556932,31.713310,0 68.926677,31.620189,0 69.317764,31.901412,0 69.262522,32.501944,0 69.687147,33.105499,0 70.323594,33.358533,0 69.930543,34.020120,0 70.881803,33.988856,0 71.156773,34.348911,0 71.115019,34.733126,0 71.613076,35.153203,0 71.498768,35.650563,0 71.262348,36.074388,0 71.846292,36.509942,0 72.920025,36.720007,0 74.067552,36.836176,0 74.575893,37.020841,0 75.158028,37.133031,0 75.896897,36.666806,0 76.192848,35.898403,0 77.837451,35.494010,0 76.871722,34.653544,0 75.757061,34.504923,0</coordinates>
              </LinearRing>
            </outerBoundaryIs>
          </Polygon>
          <Polygon>
            <altitudeMode>clampToGround</altitudeMode>
            <outerBoundaryIs>
              <LinearRing>
                <coordinates>43.942259,37.256228,0 42.779126,37.385264,0 42.349591,37.229873,0 41.212089,37.074352,0 40.673259,37.091276,0 39.522580,36.716054,0 38.699891,36.712927,0 38.167727,36.901210,0 37.066761,36.623036,0 36.739494,36.817520,0 36.685389,36.259699,0 36.149763,35.821535,0 35.782085,36.274995,0 36.160822,36.650606,0 35.550936,36.565443,0 34.714553,36.795532,0 34.026895,36.219960,0 32.509158,36.107564,0 31.699595,36.644275,0 30.621625,36.677865,0 30.391096,36.262981,0 29.699976,36.144357,0 28.732903,36.676831,0 27.641187,36.658822,0 27.048768,37.653361,0 26.318218,38.208133,0 26.804700,38.985760,0 26.170785,39.463612,0 27.280020,40.420014,0 28.819978,40.460011,0 29.240004,41.219991,0 31.145934,41.087622,0 32.347979,41.736264,0 33.513283,42.018960,0 35.167704,42.040225,0 36.913127,41.335358,0 38.347665,40.948586,0 39.512607,41.102763,0 40.373433,41.013673,0 41.554084,41.535656,0 42.619549,41.583173,0 43.582746,41.092143,0 43.752658,40.740201,0 43.656436,40.253564,0 44.400009,40.005000,0 44.793990,39.713003,0 44.109225,39.428136,0 44.421403,38.281281,0 44.225756,37.971584,0 44.772677,37.170437,0 44.293452,37.001514,0 43.942259,37.256228,0</coordinates>
              </LinearRing>
            </outerBoundaryIs>
          </Polygon>
        </Placemark>
      </Folder>
    </Folder>
    <Folder>
      <name>Oceania</name>
      <Folder>
        <name>Australia</name>
        <Placemark>
          <name>Australia</name>
          <styleUrl>#__managed_style_0000000000000003</styleUrl>
          <description>See: 2050-snapshot/domains/borders-geopolitics.md#australia</description>
          <Polygon>
            <altitudeMode>clampToGround</altitudeMode>
            <outerBoundaryIs>
              <LinearRing>
                <coordinates>147.689259,-40.808258,0 148.289068,-40.875438,0 148.359865,-42.062445,0 148.017301,-42.407024,0 147.914052,-43.211522,0 147.564564,-42.937689,0 146.870343,-43.634597,0 146.663327,-43.580854,0 146.048378,-43.549745,0 145.431930,-42.693776,0 145.295090,-42.033610,0 144.718071,-41.162552,0 144.743755,-40.703975,0 145.397978,-40.792549,0 146.364121,-41.137695,0 147.689259,-40.808258,0</coordinates>
              </LinearRing>
            </outerBoundaryIs>
          </Polygon>
        </Placemark>
      </Folder>
      <Folder>
        <name>New Zealand</name>
        <Placemark>
          <name>New Zealand</name>
          <styleUrl>#__managed_style_0000000000000003</styleUrl>
          <description>See: 2050-snapshot/domains/borders-geopolitics.md#new-zealand</description>
          <Polygon>
            <altitudeMode>clampToGround</altitudeMode>
            <outerBoundaryIs>
              <LinearRing>
                <coordinates>177.032946,-39.879943,0 176.012440,-41.289624,0 175.239567,-41.688308,0 175.067898,-41.425895,0 174.650973,-41.281821,0 175.227630,-40.459236,0 174.900157,-39.908933,0 173.824047,-39.508854,0 173.852262,-39.146602,0 174.574802,-38.797683,0 174.743474,-38.027808,0 174.697017,-37.381129,0 174.292028,-36.711092,0 174.319004,-36.534824,0 173.840997,-36.121981,0 173.054171,-35.237125,0 172.636005,-34.529107,0 173.007042,-34.450662,0 173.551298,-35.006183,0 174.329390,-35.265496,0 174.612009,-36.156397,0 175.336616,-37.209098,0 175.357596,-36.526194,0 175.808887,-36.798942,0 175.958490,-37.555382,0 176.763195,-37.881253,0 177.438813,-37.961248,0 178.010354,-37.579825,0 178.517094,-37.695373,0 178.274731,-38.582813,0 177.970460,-39.166343,0 177.206993,-39.145776,0 176.939981,-39.449736,0 177.032946,-39.879943,0</coordinates>
              </LinearRing>
            </outerBoundaryIs>
          </Polygon>
        </Placemark>
      </Folder>
      <Folder>
        <name>Pacific Islands Forum</name>
        <Placemark>
          <name>Pacific Islands Forum</name>
          <styleUrl>#__managed_style_0000000000000003</styleUrl>
          <description>See: 2050-snapshot/domains/borders-geopolitics.md#pacific-islands</description>
          <Polygon>
            <altitudeMode>clampToGround</altitudeMode>
            <outerBoundaryIs>
              <LinearRing>
                <coordinates>180.000000,-16.555217,0 178.725059,-17.012042,0 178.596839,-16.639150,0 179.096609,-16.433984,0 179.413509,-16.379054,0 180.000000,-16.067133,0 180.000000,-16.555217,0</coordinates>
              </LinearRing>
            </outerBoundaryIs>
          </Polygon>
          <Polygon>
            <altitudeMode>clampToGround</altitudeMode>
            <outerBoundaryIs>
              <LinearRing>
                <coordinates>167.515181,-16.597850,0 167.180008,-16.159995,0 167.216801,-15.891846,0 167.844877,-16.466333,0 167.515181,-16.597850,0</coordinates>
              </LinearRing>
            </outerBoundaryIs>
          </Polygon>
          <Polygon>
            <altitudeMode>clampToGround</altitudeMode>
            <outerBoundaryIs>
              <LinearRing>
                <coordinates>161.700032,-10.820011,0 161.319797,-10.204751,0 161.917383,-10.446701,0 162.119025,-10.482719,0 162.398646,-10.826367,0 161.700032,-10.820011,0</coordinates>
              </LinearRing>
            </outerBoundaryIs>
          </Polygon>
          <Polygon>
            <altitudeMode>clampToGround</altitudeMode>
            <outerBoundaryIs>
              <LinearRing>
                <coordinates>144.583971,-3.861418,0 145.273180,-4.373738,0 145.829786,-4.876498,0 145.981922,-5.465609,0 147.648073,-6.083659,0 147.891108,-6.614015,0 146.970905,-6.721657,0 147.191874,-7.388024,0 148.084636,-8.044108,0 148.734105,-9.104664,0 149.306835,-9.071436,0 149.266631,-9.514406,0 150.038728,-9.684318,0 149.738798,-9.872937,0 150.801628,-10.293687,0 150.690575,-10.582713,0 150.028393,-10.652476,0 149.782310,-10.393267,0 147.913018,-10.130441,0 147.135443,-9.492444,0 146.567881,-8.942555,0 146.048481,-8.067414,0 144.744168,-7.630128,0 143.897088,-7.915330,0 143.286376,-8.245491,0 143.413913,-8.983069,0 142.628431,-9.326821,0 142.068259,-9.159596,0 141.033852,-9.117893,0 141.000210,-2.600151,0 142.735247,-3.289153,0 144.583971,-3.861418,0</coordinates>
              </LinearRing>
            </outerBoundaryIs>
          </Polygon>
        </Placemark>
      </Folder>
      <Folder>
        <name>Guam / HFS Compact</name>
      </Folder>
    </Folder>
    <Folder>
      <name>Polar Regions</name>
      <Folder>
        <name>Arctic Governance Zone</name>
        <Placemark>
          <name>Arctic Governance Zone</name>
          <styleUrl>#__managed_style_0000000000000003</styleUrl>
          <description>See: 2050-snapshot/domains/borders-geopolitics.md#arctic</description>
          <Polygon>
            <altitudeMode>clampToGround</altitudeMode>
            <outerBoundaryIs>
              <LinearRing>
                <coordinates>-180.000000,66.000000,0 180.000000,66.000000,0 180.000000,90.000000,0 -180.000000,90.000000,0 -180.000000,66.000000,0</coordinates>
              </LinearRing>
            </outerBoundaryIs>
          </Polygon>
        </Placemark>
      </Folder>
      <Folder>
        <name>Antarctica</name>
        <Placemark>
          <name>Antarctica</name>
          <styleUrl>#__managed_style_0000000000000003</styleUrl>
          <description>See: 2050-snapshot/domains/borders-geopolitics.md#antarctica</description>
          <Polygon>
            <altitudeMode>clampToGround</altitudeMode>
            <outerBoundaryIs>
              <LinearRing>
                <coordinates>-48.660616,-78.047019,0 -48.151396,-78.047070,0 -46.662857,-77.831476,0 -45.154758,-78.047070,0 -43.920828,-78.478103,0 -43.489950,-79.085560,0 -43.372438,-79.516645,0 -43.333267,-80.026123,0 -44.880537,-80.339644,0 -46.506174,-80.594357,0 -48.386421,-80.829485,0 -50.482107,-81.025442,0 -52.851988,-80.966685,0 -54.164259,-80.633528,0 -53.987991,-80.222028,0 -51.853134,-79.947730,0 -50.991326,-79.614623,0 -50.364595,-79.183487,0 -49.914131,-78.811209,0 -48.660616,-78.047019,0</coordinates>
              </LinearRing>
            </outerBoundaryIs>
          </Polygon>
        </Placemark>
      </Folder>
    </Folder>
    <Folder>
      <name>Orbital and Extraterrestrial</name>
      <Folder>
        <name>Orbital Governance Regime</name>
      </Folder>
      <Folder>
        <name>Lunar Zones</name>
      </Folder>
    </Folder>
    <Folder>
      <name>2050 Modifications</name>
      <Placemark>
        <name>Palestine</name>
        <styleUrl>#__managed_style_000000000000000F</styleUrl>
        <description>See: 2050-snapshot/domains/borders-geopolitics.md#israel</description>
        <Polygon>
          <altitudeMode>clampToGround</altitudeMode>
          <outerBoundaryIs>
            <LinearRing>
              <coordinates>34.000000,31.000000,0 35.500000,31.000000,0 35.500000,33.000000,0 34.000000,33.000000,0 34.000000,31.000000,0</coordinates>
            </LinearRing>
          </outerBoundaryIs>
        </Polygon>
      </Placemark>
      <Placemark>
        <name>Israel</name>
        <styleUrl>#__managed_style_000000000000000F</styleUrl>
        <description>See: 2050-snapshot/domains/borders-geopolitics.md#israel</description>
        <Polygon>
          <altitudeMode>clampToGround</altitudeMode>
          <outerBoundaryIs>
            <LinearRing>
              <coordinates>34.500000,31.200000,0 35.000000,31.200000,0 35.000000,33.000000,0 34.500000,33.000000,0 34.500000,31.200000,0</coordinates>
            </LinearRing>
          </outerBoundaryIs>
        </Polygon>
      </Placemark>
    </Folder>
  </Document>
</kml>
