<?xml version='1.0' encoding='UTF-8'?>
<kml xmlns="http://www.opengis.net/kml/2.2" xmlns:gx="http://www.google.com/kml/ext/2.2">
  <Document>
    <name>2050 Demographics</name>
    <visibility>0</visibility>
    <gx:CascadingStyle id="__managed_style_00000000000002DA">
      <Style>
        <IconStyle>
          <Icon>
            <href>https://earth.google.com/earth/document/icon?color=1976d2&amp;id=2000&amp;scale=4</href>
          </Icon>
          <hotSpot x="64" y="128" xunits="pixels" yunits="insetPixels"/>
        </IconStyle>
        <LabelStyle/>
        <LineStyle>
          <color>ffb0b055</color>
          <width>0.5</width>
        </LineStyle>
        <PolyStyle>
          <color>40b0b055</color>
        </PolyStyle>
        <BalloonStyle>
          <displayMode>hide</displayMode>
        </BalloonStyle>
      </Style>
    </gx:CascadingStyle>
    <gx:CascadingStyle id="__managed_style_00000000000002DB">
      <Style>
        <IconStyle>
          <Icon>
            <href>https://earth.google.com/earth/document/icon?color=1976d2&amp;id=2000&amp;scale=4</href>
          </Icon>
          <hotSpot x="64" y="128" xunits="pixels" yunits="insetPixels"/>
        </IconStyle>
        <LabelStyle/>
        <LineStyle>
          <color>ffb0b055</color>
          <width>1.0</width>
        </LineStyle>
        <PolyStyle>
          <color>40b0b055</color>
        </PolyStyle>
        <BalloonStyle>
          <displayMode>hide</displayMode>
        </BalloonStyle>
      </Style>
    </gx:CascadingStyle>
    <StyleMap id="__managed_style_00000000000002DC">
      <Pair>
        <key>normal</key>
        <styleUrl>#__managed_style_00000000000002DA</styleUrl>
      </Pair>
      <Pair>
        <key>highlight</key>
        <styleUrl>#__managed_style_00000000000002DB</styleUrl>
      </Pair>
    </StyleMap>
    <Folder>
      <name>Demographics</name>
      <Placemark>
        <name>Demographic Profile Reference — PPR</name>
        <description>See: 2050-snapshot/domains/demographics.md#pacific-peoples-republic</description>
        <MultiGeometry>
          <Polygon>
            <altitudeMode>clampToGround</altitudeMode>
            <outerBoundaryIs>
              <LinearRing>
                <coordinates>-124.676262,48.391371,0 -124.173877,46.927235,0 -123.838991,46.954050,0 -124.138225,46.905534,0 -123.829356,46.713331,0 -123.953737,46.378838,0 -124.064341,46.641256,0 -124.077768,46.272324,0 -123.547637,46.265501,0 -124.021428,46.230109,0 -124.150267,43.910848,0 -124.566244,42.836392,0 -124.063078,41.439584,0 -124.409591,40.438076,0 -123.849608,39.827678,0 -123.727976,38.919429,0 -122.977074,38.267889,0 -123.024066,37.994878,0 -122.500006,37.820911,0 -122.500613,38.111881,0 -122.282828,38.082892,0 -122.430087,37.963115,0 -122.038600,37.454661,0 -122.476787,37.809438,0 -122.405073,37.195791,0 -121.862261,36.931544,0 -121.902729,36.306379,0 -120.646142,35.143935,0 -120.471376,34.447846,0 -119.563976,34.415313,0 -118.524356,34.030680,0 -118.410465,33.741040,0 -117.469796,33.296419,0 -117.123668,32.534435,0 -114.526856,32.757094,0 -114.725528,33.404054,0 -114.131211,34.262730,0 -114.634382,34.872896,0 -114.754787,36.084730,0 -114.151390,36.023133,0 -114.043944,36.193350,0 -114.049883,38.677365,0 -115.000840,38.677324,0 -115.907071,39.161848,0 -116.600923,39.161499,0 -116.586786,41.000398,0 -117.018419,41.000254,0 -117.018209,41.999346,0 -120.879855,41.993764,0 -120.883327,42.744214,0 -121.349674,42.746715,0 -121.332969,43.616645,0 -122.002343,43.615560,0 -121.651394,45.088803,0 -121.922027,45.649113,0 -121.523685,45.724904,0 -121.353182,46.711950,0 -121.523030,46.872865,0 -121.297819,47.148851,0 -121.465946,47.367970,0 -121.111102,47.599781,0 -121.153222,48.040704,0 -120.907425,48.163186,0 -121.062831,48.460226,0 -120.703556,48.526401,0 -120.755593,48.941844,0 -122.817226,48.955970,0 -122.425317,48.599534,0 -122.702919,48.492011,0 -122.367669,48.291749,0 -122.530996,48.249821,0 -122.510562,48.132207,0 -122.219123,48.020388,0 -122.436941,47.661719,0 -122.324844,47.348515,0 -122.684701,47.097044,0 -122.836758,47.119068,0 -122.871458,47.276853,0 -122.547522,47.285342,0 -122.495315,47.511020,0 -122.698433,47.526792,0 -122.525329,47.912336,0 -122.617022,47.938987,0 -122.573696,47.857580,0 -123.119681,47.385535,0 -122.874599,47.413862,0 -123.159561,47.354405,0 -122.610341,47.887343,0 -122.754509,48.144344,0 -122.884935,48.105114,0 -122.826879,48.046095,0 -122.884582,47.989755,0 -124.676262,48.391371,0</coordinates>
              </LinearRing>
            </outerBoundaryIs>
          </Polygon>
          <Polygon>
            <altitudeMode>clampToGround</altitudeMode>
            <outerBoundaryIs>
              <LinearRing>
                <coordinates>-118.575394,33.440179,0 -118.465368,33.326056,0 -118.305084,33.310323,0 -118.370323,33.409285,0 -118.575394,33.440179,0</coordinates>
              </LinearRing>
            </outerBoundaryIs>
          </Polygon>
          <Polygon>
            <altitudeMode>clampToGround</altitudeMode>
            <outerBoundaryIs>
              <LinearRing>
                <coordinates>-118.506206,32.852985,0 -118.354185,32.820919,0 -118.610500,33.032941,0 -118.506206,32.852985,0</coordinates>
              </LinearRing>
            </outerBoundaryIs>
          </Polygon>
          <Polygon>
            <altitudeMode>clampToGround</altitudeMode>
            <outerBoundaryIs>
              <LinearRing>
                <coordinates>-119.578843,33.278193,0 -119.470300,33.214731,0 -119.434402,33.227021,0 -119.578843,33.278193,0</coordinates>
              </LinearRing>
            </outerBoundaryIs>
          </Polygon>
          <Polygon>
            <altitudeMode>clampToGround</altitudeMode>
            <outerBoundaryIs>
              <LinearRing>
                <coordinates>-119.929889,34.059734,0 -119.721206,33.959583,0 -119.520640,34.034262,0 -119.929889,34.059734,0</coordinates>
              </LinearRing>
            </outerBoundaryIs>
          </Polygon>
          <Polygon>
            <altitudeMode>clampToGround</altitudeMode>
            <outerBoundaryIs>
              <LinearRing>
                <coordinates>-120.043261,34.035806,0 -120.115888,33.894362,0 -119.968636,33.942878,0 -120.043261,34.035806,0</coordinates>
              </LinearRing>
            </outerBoundaryIs>
          </Polygon>
          <Polygon>
            <altitudeMode>clampToGround</altitudeMode>
            <outerBoundaryIs>
              <LinearRing>
                <coordinates>-120.307219,34.022375,0 -120.368278,34.076465,0 -120.454134,34.028081,0 -120.307219,34.022375,0</coordinates>
              </LinearRing>
            </outerBoundaryIs>
          </Polygon>
          <Polygon>
            <altitudeMode>clampToGround</altitudeMode>
            <outerBoundaryIs>
              <LinearRing>
                <coordinates>-122.770045,48.224395,0 -122.546824,47.967215,0 -122.377300,47.905941,0 -122.732350,48.226147,0 -122.601978,48.409906,0 -122.770045,48.224395,0</coordinates>
              </LinearRing>
            </outerBoundaryIs>
          </Polygon>
          <Polygon>
            <altitudeMode>clampToGround</altitudeMode>
            <outerBoundaryIs>
              <LinearRing>
                <coordinates>-122.528130,47.345543,0 -122.373627,47.388718,0 -122.476624,47.511079,0 -122.528130,47.345543,0</coordinates>
              </LinearRing>
            </outerBoundaryIs>
          </Polygon>
          <Polygon>
            <altitudeMode>clampToGround</altitudeMode>
            <outerBoundaryIs>
              <LinearRing>
                <coordinates>-122.590841,47.663261,0 -122.480278,47.583268,0 -122.511196,47.708715,0 -122.590841,47.663261,0</coordinates>
              </LinearRing>
            </outerBoundaryIs>
          </Polygon>
          <Polygon>
            <altitudeMode>clampToGround</altitudeMode>
            <outerBoundaryIs>
              <LinearRing>
                <coordinates>-122.640414,48.525860,0 -122.572767,48.531014,0 -122.645595,48.588894,0 -122.640414,48.525860,0</coordinates>
              </LinearRing>
            </outerBoundaryIs>
          </Polygon>
          <Polygon>
            <altitudeMode>clampToGround</altitudeMode>
            <outerBoundaryIs>
              <LinearRing>
                <coordinates>-122.614234,47.220871,0 -122.590487,47.227752,0 -122.670348,47.273571,0 -122.614234,47.220871,0</coordinates>
              </LinearRing>
            </outerBoundaryIs>
          </Polygon>
          <Polygon>
            <altitudeMode>clampToGround</altitudeMode>
            <outerBoundaryIs>
              <LinearRing>
                <coordinates>-122.722262,48.731624,0 -122.618225,48.670721,0 -122.715709,48.748672,0 -122.722262,48.731624,0</coordinates>
              </LinearRing>
            </outerBoundaryIs>
          </Polygon>
          <Polygon>
            <altitudeMode>clampToGround</altitudeMode>
            <outerBoundaryIs>
              <LinearRing>
                <coordinates>-122.677716,47.191100,0 -122.641800,47.205013,0 -122.726868,47.207394,0 -122.677716,47.191100,0</coordinates>
              </LinearRing>
            </outerBoundaryIs>
          </Polygon>
          <Polygon>
            <altitudeMode>clampToGround</altitudeMode>
            <outerBoundaryIs>
              <LinearRing>
                <coordinates>-122.711054,48.609313,0 -122.685860,48.543108,0 -122.668230,48.566434,0 -122.711054,48.609313,0</coordinates>
              </LinearRing>
            </outerBoundaryIs>
          </Polygon>
          <Polygon>
            <altitudeMode>clampToGround</altitudeMode>
            <outerBoundaryIs>
              <LinearRing>
                <coordinates>-122.742928,47.151474,0 -122.673927,47.174675,0 -122.706713,47.187385,0 -122.742928,47.151474,0</coordinates>
              </LinearRing>
            </outerBoundaryIs>
          </Polygon>
          <Polygon>
            <altitudeMode>clampToGround</altitudeMode>
            <outerBoundaryIs>
              <LinearRing>
                <coordinates>-122.951820,48.712219,0 -122.918055,48.689552,0 -122.741478,48.660347,0 -122.951820,48.712219,0</coordinates>
              </LinearRing>
            </outerBoundaryIs>
          </Polygon>
          <Polygon>
            <altitudeMode>clampToGround</altitudeMode>
            <outerBoundaryIs>
              <LinearRing>
                <coordinates>-122.831083,48.572526,0 -122.769020,48.559280,0 -122.810880,48.588879,0 -122.831083,48.572526,0</coordinates>
              </LinearRing>
            </outerBoundaryIs>
          </Polygon>
          <Polygon>
            <altitudeMode>clampToGround</altitudeMode>
            <outerBoundaryIs>
              <LinearRing>
                <coordinates>-122.884679,48.573155,0 -122.812622,48.420982,0 -122.769405,48.512100,0 -122.884679,48.573155,0</coordinates>
              </LinearRing>
            </outerBoundaryIs>
          </Polygon>
          <Polygon>
            <altitudeMode>clampToGround</altitudeMode>
            <outerBoundaryIs>
              <LinearRing>
                <coordinates>-123.017432,48.590141,0 -122.948259,48.546885,0 -122.902802,48.578502,0 -123.017432,48.590141,0</coordinates>
              </LinearRing>
            </outerBoundaryIs>
          </Polygon>
          <Polygon>
            <altitudeMode>clampToGround</altitudeMode>
            <outerBoundaryIs>
              <LinearRing>
                <coordinates>-123.105301,48.622643,0 -123.132980,48.498309,0 -122.960975,48.451207,0 -123.105301,48.622643,0</coordinates>
              </LinearRing>
            </outerBoundaryIs>
          </Polygon>
          <Polygon>
            <altitudeMode>clampToGround</altitudeMode>
            <outerBoundaryIs>
              <LinearRing>
                <coordinates>-123.028951,48.678333,0 -123.007511,48.718863,0 -123.071189,48.699346,0 -123.028951,48.678333,0</coordinates>
              </LinearRing>
            </outerBoundaryIs>
          </Polygon>
          <Polygon>
            <altitudeMode>clampToGround</altitudeMode>
            <outerBoundaryIs>
              <LinearRing>
                <coordinates>-123.084006,48.971455,0 -123.021459,48.977299,0 -123.090546,49.001976,0 -123.084006,48.971455,0</coordinates>
              </LinearRing>
            </outerBoundaryIs>
          </Polygon>
          <Polygon>
            <altitudeMode>clampToGround</altitudeMode>
            <outerBoundaryIs>
              <LinearRing>
                <coordinates>-123.182823,48.657436,0 -123.127487,48.656750,0 -123.237823,48.683903,0 -123.182823,48.657436,0</coordinates>
              </LinearRing>
            </outerBoundaryIs>
          </Polygon>
        </MultiGeometry>
      </Placemark>
      <Placemark>
        <name>European Core Federation</name>
        <description>See: 2050-snapshot/domains/demographics.md#eu-core</description>
        <MultiGeometry>
          <Polygon>
            <altitudeMode>clampToGround</altitudeMode>
            <outerBoundaryIs>
              <LinearRing>
                <coordinates>3.422130,-54.380141,0 3.486664,-54.402032,0 3.364513,-54.462498,0 3.422130,-54.380141,0</coordinates>
              </LinearRing>
            </outerBoundaryIs>
          </Polygon>
          <Polygon>
            <altitudeMode>clampToGround</altitudeMode>
            <outerBoundaryIs>
              <LinearRing>
                <coordinates>-68.282216,12.159898,0 -68.282216,12.159898,0 -68.320969,12.213673,0 -68.287262,12.180325,0 -68.282216,12.159898,0</coordinates>
              </LinearRing>
            </outerBoundaryIs>
          </Polygon>
          <Polygon>
            <altitudeMode>clampToGround</altitudeMode>
            <outerBoundaryIs>
              <LinearRing>
                <coordinates>-62.981969,17.513898,0 -62.945072,17.485390,0 -62.977254,17.504137,0 -62.981969,17.513898,0</coordinates>
              </LinearRing>
            </outerBoundaryIs>
          </Polygon>
          <Polygon>
            <altitudeMode>clampToGround</altitudeMode>
            <outerBoundaryIs>
              <LinearRing>
                <coordinates>4.197604,50.258484,0 3.696859,50.298223,0 3.129245,50.779072,0 2.786734,50.723365,0 2.521800,51.087541,0 3.541352,51.416734,0 4.308360,51.271226,0 3.447032,51.545966,0 4.283214,51.447699,0 3.988129,51.590277,0 4.176931,51.685858,0 3.862315,51.816067,0 4.508149,52.336371,0 4.745453,52.967597,0 6.829112,53.450588,0 7.194591,53.245022,0 7.036655,52.647382,0 6.671716,52.541678,0 7.026320,52.230637,0 6.743753,51.908331,0 5.928041,51.806736,0 6.207817,51.387666,0 5.874607,50.965366,0 6.374525,50.315483,0 6.172677,49.956228,0 6.502579,49.795670,0 6.345307,49.455349,0 5.456132,49.498944,0 4.849037,49.794171,0 4.862679,50.147586,0 4.464771,49.935609,0 4.131665,49.974987,0 4.197604,50.258484,0</coordinates>
              </LinearRing>
            </outerBoundaryIs>
          </Polygon>
          <Polygon>
            <altitudeMode>clampToGround</altitudeMode>
            <outerBoundaryIs>
              <LinearRing>
                <coordinates>4.099376,51.654120,0 3.960297,51.623847,0 3.814220,51.748236,0 4.099376,51.654120,0</coordinates>
              </LinearRing>
            </outerBoundaryIs>
          </Polygon>
          <Polygon>
            <altitudeMode>clampToGround</altitudeMode>
            <outerBoundaryIs>
              <LinearRing>
                <coordinates>4.889822,53.180854,0 4.795665,53.000312,0 4.854340,53.187730,0 4.889822,53.180854,0</coordinates>
              </LinearRing>
            </outerBoundaryIs>
          </Polygon>
          <Polygon>
            <altitudeMode>clampToGround</altitudeMode>
            <outerBoundaryIs>
              <LinearRing>
                <coordinates>4.878917,53.220893,0 4.986501,53.289984,0 4.910167,53.212470,0 4.878917,53.220893,0</coordinates>
              </LinearRing>
            </outerBoundaryIs>
          </Polygon>
          <Polygon>
            <altitudeMode>clampToGround</altitudeMode>
            <outerBoundaryIs>
              <LinearRing>
                <coordinates>5.585297,53.453599,0 5.167654,53.368232,0 5.407237,53.422553,0 5.585297,53.453599,0</coordinates>
              </LinearRing>
            </outerBoundaryIs>
          </Polygon>
          <Polygon>
            <altitudeMode>clampToGround</altitudeMode>
            <outerBoundaryIs>
              <LinearRing>
                <coordinates>5.954600,53.461086,0 5.678966,53.430121,0 5.636078,53.448676,0 5.658865,53.471869,0 5.954600,53.461086,0</coordinates>
              </LinearRing>
            </outerBoundaryIs>
          </Polygon>
          <Polygon>
            <altitudeMode>clampToGround</altitudeMode>
            <outerBoundaryIs>
              <LinearRing>
                <coordinates>6.127452,53.459906,0 6.147960,53.494859,0 6.338715,53.502021,0 6.127452,53.459906,0</coordinates>
              </LinearRing>
            </outerBoundaryIs>
          </Polygon>
          <Polygon>
            <altitudeMode>clampToGround</altitudeMode>
            <outerBoundaryIs>
              <LinearRing>
                <coordinates>6.441173,53.556627,0 6.455089,53.558092,0 6.510102,53.543606,0 6.441173,53.556627,0</coordinates>
              </LinearRing>
            </outerBoundaryIs>
          </Polygon>
          <Polygon>
            <altitudeMode>clampToGround</altitudeMode>
            <outerBoundaryIs>
              <LinearRing>
                <coordinates>8.364268,55.449042,0 8.408214,55.468411,0 8.451671,55.339748,0 8.364268,55.449042,0</coordinates>
              </LinearRing>
            </outerBoundaryIs>
          </Polygon>
          <Polygon>
            <altitudeMode>clampToGround</altitudeMode>
            <outerBoundaryIs>
              <LinearRing>
                <coordinates>5.775890,59.112738,0 5.750743,59.072333,0 5.575206,59.124010,0 5.775890,59.112738,0</coordinates>
              </LinearRing>
            </outerBoundaryIs>
          </Polygon>
          <Polygon>
            <altitudeMode>clampToGround</altitudeMode>
            <outerBoundaryIs>
              <LinearRing>
                <coordinates>5.375336,59.218817,0 5.403819,59.242092,0 5.443207,59.158922,0 5.375336,59.218817,0</coordinates>
              </LinearRing>
            </outerBoundaryIs>
          </Polygon>
          <Polygon>
            <altitudeMode>clampToGround</altitudeMode>
            <outerBoundaryIs>
              <LinearRing>
                <coordinates>5.929861,59.243476,0 5.952485,59.283922,0 6.099864,59.276557,0 5.929861,59.243476,0</coordinates>
              </LinearRing>
            </outerBoundaryIs>
          </Polygon>
          <Polygon>
            <altitudeMode>clampToGround</altitudeMode>
            <outerBoundaryIs>
              <LinearRing>
                <coordinates>5.165278,59.273428,0 5.208507,59.415961,0 5.317383,59.228853,0 5.165278,59.273428,0</coordinates>
              </LinearRing>
            </outerBoundaryIs>
          </Polygon>
          <Polygon>
            <altitudeMode>clampToGround</altitudeMode>
            <outerBoundaryIs>
              <LinearRing>
                <coordinates>5.344981,59.710150,0 5.152843,59.591620,0 5.104828,59.868476,0 5.153982,59.874661,0 5.344981,59.710150,0</coordinates>
              </LinearRing>
            </outerBoundaryIs>
          </Polygon>
          <Polygon>
            <altitudeMode>clampToGround</altitudeMode>
            <outerBoundaryIs>
              <LinearRing>
                <coordinates>5.282888,59.966620,0 5.489106,59.861029,0 5.256358,59.874661,0 5.282888,59.966620,0</coordinates>
              </LinearRing>
            </outerBoundaryIs>
          </Polygon>
          <Polygon>
            <altitudeMode>clampToGround</altitudeMode>
            <outerBoundaryIs>
              <LinearRing>
                <coordinates>5.361827,59.995347,0 5.656749,60.078843,0 5.508067,59.899115,0 5.361827,59.995347,0</coordinates>
              </LinearRing>
            </outerBoundaryIs>
          </Polygon>
          <Polygon>
            <altitudeMode>clampToGround</altitudeMode>
            <outerBoundaryIs>
              <LinearRing>
                <coordinates>5.300059,60.050767,0 5.253673,59.993109,0 5.205333,60.117377,0 5.300059,60.050767,0</coordinates>
              </LinearRing>
            </outerBoundaryIs>
          </Polygon>
          <Polygon>
            <altitudeMode>clampToGround</altitudeMode>
            <outerBoundaryIs>
              <LinearRing>
                <coordinates>5.111664,60.200507,0 5.057140,60.193671,0 4.976817,60.441230,0 5.111664,60.200507,0</coordinates>
              </LinearRing>
            </outerBoundaryIs>
          </Polygon>
          <Polygon>
            <altitudeMode>clampToGround</altitudeMode>
            <outerBoundaryIs>
              <LinearRing>
                <coordinates>4.960785,60.559882,0 5.194184,60.471137,0 5.132823,60.443793,0 4.960785,60.559882,0</coordinates>
              </LinearRing>
            </outerBoundaryIs>
          </Polygon>
          <Polygon>
            <altitudeMode>clampToGround</altitudeMode>
            <outerBoundaryIs>
              <LinearRing>
                <coordinates>5.687673,60.676581,0 5.675955,60.472886,0 5.323985,60.546820,0 5.687673,60.676581,0</coordinates>
              </LinearRing>
            </outerBoundaryIs>
          </Polygon>
          <Polygon>
            <altitudeMode>clampToGround</altitudeMode>
            <outerBoundaryIs>
              <LinearRing>
                <coordinates>4.851817,60.614203,0 4.820974,60.584418,0 4.791270,60.666083,0 4.851817,60.614203,0</coordinates>
              </LinearRing>
            </outerBoundaryIs>
          </Polygon>
          <Polygon>
            <altitudeMode>clampToGround</altitudeMode>
            <outerBoundaryIs>
              <LinearRing>
                <coordinates>4.929373,60.861151,0 4.825206,60.920478,0 4.882823,60.929999,0 4.929373,60.861151,0</coordinates>
              </LinearRing>
            </outerBoundaryIs>
          </Polygon>
          <Polygon>
            <altitudeMode>clampToGround</altitudeMode>
            <outerBoundaryIs>
              <LinearRing>
                <coordinates>4.739594,61.027655,0 4.706879,60.988511,0 4.700043,61.082221,0 4.739594,61.027655,0</coordinates>
              </LinearRing>
            </outerBoundaryIs>
          </Polygon>
          <Polygon>
            <altitudeMode>clampToGround</altitudeMode>
            <outerBoundaryIs>
              <LinearRing>
                <coordinates>4.987315,61.119696,0 4.893809,61.056098,0 4.862478,61.203437,0 4.987315,61.119696,0</coordinates>
              </LinearRing>
            </outerBoundaryIs>
          </Polygon>
          <Polygon>
            <altitudeMode>clampToGround</altitudeMode>
            <outerBoundaryIs>
              <LinearRing>
                <coordinates>4.832856,61.695787,0 4.879893,61.711982,0 4.836274,61.674547,0 4.832856,61.695787,0</coordinates>
              </LinearRing>
            </outerBoundaryIs>
          </Polygon>
          <Polygon>
            <altitudeMode>clampToGround</altitudeMode>
            <outerBoundaryIs>
              <LinearRing>
                <coordinates>5.222830,61.848456,0 4.916270,61.780951,0 4.803233,61.841620,0 4.952973,61.896959,0 5.222830,61.848456,0</coordinates>
              </LinearRing>
            </outerBoundaryIs>
          </Polygon>
          <Polygon>
            <altitudeMode>clampToGround</altitudeMode>
            <outerBoundaryIs>
              <LinearRing>
                <coordinates>5.152110,61.997952,0 5.095225,61.927436,0 4.985118,62.033881,0 5.152110,61.997952,0</coordinates>
              </LinearRing>
            </outerBoundaryIs>
          </Polygon>
          <Polygon>
            <altitudeMode>clampToGround</altitudeMode>
            <outerBoundaryIs>
              <LinearRing>
                <coordinates>5.563243,62.291409,0 5.804454,62.266791,0 5.790701,62.214993,0 5.563243,62.291409,0</coordinates>
              </LinearRing>
            </outerBoundaryIs>
          </Polygon>
          <Polygon>
            <altitudeMode>clampToGround</altitudeMode>
            <outerBoundaryIs>
              <LinearRing>
                <coordinates>6.078787,62.341864,0 5.811290,62.245673,0 5.917003,62.429877,0 6.078787,62.341864,0</coordinates>
              </LinearRing>
            </outerBoundaryIs>
          </Polygon>
          <Polygon>
            <altitudeMode>clampToGround</altitudeMode>
            <outerBoundaryIs>
              <LinearRing>
                <coordinates>5.603038,62.328762,0 5.741466,62.360663,0 5.635997,62.319281,0 5.603038,62.328762,0</coordinates>
              </LinearRing>
            </outerBoundaryIs>
          </Polygon>
          <Polygon>
            <altitudeMode>clampToGround</altitudeMode>
            <outerBoundaryIs>
              <LinearRing>
                <coordinates>5.593923,62.339789,0 5.521332,62.334866,0 5.581716,62.358832,0 5.593923,62.339789,0</coordinates>
              </LinearRing>
            </outerBoundaryIs>
          </Polygon>
          <Polygon>
            <altitudeMode>clampToGround</altitudeMode>
            <outerBoundaryIs>
              <LinearRing>
                <coordinates>6.023448,62.437445,0 6.201671,62.444892,0 6.332530,62.410793,0 6.023448,62.437445,0</coordinates>
              </LinearRing>
            </outerBoundaryIs>
          </Polygon>
          <Polygon>
            <altitudeMode>clampToGround</altitudeMode>
            <outerBoundaryIs>
              <LinearRing>
                <coordinates>6.919444,62.717190,0 6.672374,62.655992,0 6.703136,62.735785,0 6.919444,62.717190,0</coordinates>
              </LinearRing>
            </outerBoundaryIs>
          </Polygon>
          <Polygon>
            <altitudeMode>clampToGround</altitudeMode>
            <outerBoundaryIs>
              <LinearRing>
                <coordinates>6.777599,62.848944,0 6.924327,62.856594,0 6.770356,62.816962,0 6.777599,62.848944,0</coordinates>
              </LinearRing>
            </outerBoundaryIs>
          </Polygon>
          <Polygon>
            <altitudeMode>clampToGround</altitudeMode>
            <outerBoundaryIs>
              <LinearRing>
                <coordinates>7.706309,63.006659,0 7.490245,62.945217,0 7.585134,63.116523,0 7.706309,63.006659,0</coordinates>
              </LinearRing>
            </outerBoundaryIs>
          </Polygon>
          <Polygon>
            <altitudeMode>clampToGround</altitudeMode>
            <outerBoundaryIs>
              <LinearRing>
                <coordinates>7.914724,63.081732,0 7.787934,63.020657,0 7.886729,63.099758,0 7.914724,63.081732,0</coordinates>
              </LinearRing>
            </outerBoundaryIs>
          </Polygon>
          <Polygon>
            <altitudeMode>clampToGround</altitudeMode>
            <outerBoundaryIs>
              <LinearRing>
                <coordinates>8.188487,63.157457,0 8.020193,63.137926,0 8.113292,63.239407,0 8.188487,63.157457,0</coordinates>
              </LinearRing>
            </outerBoundaryIs>
          </Polygon>
          <Polygon>
            <altitudeMode>clampToGround</altitudeMode>
            <outerBoundaryIs>
              <LinearRing>
                <coordinates>8.165294,63.213446,0 8.235118,63.222235,0 8.209809,63.161363,0 8.165294,63.213446,0</coordinates>
              </LinearRing>
            </outerBoundaryIs>
          </Polygon>
          <Polygon>
            <altitudeMode>clampToGround</altitudeMode>
            <outerBoundaryIs>
              <LinearRing>
                <coordinates>8.574718,63.199612,0 8.374034,63.164944,0 8.445974,63.283677,0 8.574718,63.199612,0</coordinates>
              </LinearRing>
            </outerBoundaryIs>
          </Polygon>
          <Polygon>
            <altitudeMode>clampToGround</altitudeMode>
            <outerBoundaryIs>
              <LinearRing>
                <coordinates>-20.302602,63.445950,0 -20.258860,63.451361,0 -20.286773,63.406480,0 -20.302602,63.445950,0</coordinates>
              </LinearRing>
            </outerBoundaryIs>
          </Polygon>
          <Polygon>
            <altitudeMode>clampToGround</altitudeMode>
            <outerBoundaryIs>
              <LinearRing>
                <coordinates>8.181651,63.390204,0 7.778168,63.411322,0 8.070567,63.473293,0 8.181651,63.390204,0</coordinates>
              </LinearRing>
            </outerBoundaryIs>
          </Polygon>
          <Polygon>
            <altitudeMode>clampToGround</altitudeMode>
            <outerBoundaryIs>
              <LinearRing>
                <coordinates>-17.743153,63.703192,0 -17.823313,63.691392,0 -17.751291,63.717841,0 -17.743153,63.703192,0</coordinates>
              </LinearRing>
            </outerBoundaryIs>
          </Polygon>
          <Polygon>
            <altitudeMode>clampToGround</altitudeMode>
            <outerBoundaryIs>
              <LinearRing>
                <coordinates>-14.006744,65.282050,0 -13.567983,65.260972,0 -14.034088,65.200141,0 -13.502919,65.081285,0 -14.233388,65.035061,0 -13.698313,64.925198,0 -14.054596,64.932603,0 -13.766916,64.853827,0 -14.048451,64.719713,0 -14.513905,64.802314,0 -14.274322,64.651435,0 -14.877594,64.281480,0 -15.473500,64.397650,0 -16.796213,63.801703,0 -17.714752,63.781236,0 -17.967356,63.676500,0 -17.796742,63.671373,0 -17.964955,63.522528,0 -18.732045,63.396715,0 -20.185699,63.544420,0 -20.550689,63.712348,0 -20.411122,63.836249,0 -21.188791,63.891099,0 -21.044789,63.945746,0 -22.691233,63.812201,0 -22.702138,64.085924,0 -22.040679,64.051093,0 -21.442006,64.364081,0 -22.099965,64.315009,0 -21.510894,64.651435,0 -22.164784,64.459662,0 -22.408437,64.822740,0 -23.833567,64.725898,0 -24.060048,64.891059,0 -21.826243,65.035061,0 -21.734120,65.193793,0 -22.557688,65.168931,0 -21.695302,65.453355,0 -22.545888,65.634019,0 -23.897532,65.404608,0 -24.539906,65.508002,0 -23.806793,65.535346,0 -24.092844,65.804755,0 -23.561757,65.613674,0 -23.285471,65.679348,0 -23.866607,65.875556,0 -23.209788,65.843207,0 -23.813100,66.011379,0 -23.374867,65.987779,0 -23.669667,66.117499,0 -23.461415,66.204169,0 -22.360707,65.912095,0 -22.381174,66.097642,0 -22.977610,66.234198,0 -22.367502,66.275214,0 -23.189687,66.355292,0 -22.950307,66.466986,0 -21.330637,66.009019,0 -21.606516,65.960517,0 -21.301747,65.935981,0 -21.332143,65.740790,0 -21.777821,65.768704,0 -21.320912,65.601874,0 -21.476796,65.446519,0 -21.089915,65.166164,0 -20.918080,65.601386,0 -20.387522,65.528510,0 -20.448883,66.029446,0 -20.184804,66.131171,0 -19.456166,65.728949,0 -19.437856,66.066636,0 -18.776845,66.193305,0 -18.063588,65.645209,0 -18.296986,66.179633,0 -17.549672,65.912095,0 -17.145619,66.221177,0 -16.426259,66.144843,0 -16.543324,66.506985,0 -16.022939,66.536607,0 -15.380360,66.149970,0 -14.925445,66.385321,0 -14.563629,66.384508,0 -15.179351,66.111314,0 -14.603342,65.953030,0 -14.891265,65.761217,0 -14.329498,65.782375,0 -14.562367,65.501166,0 -13.685292,65.555162,0 -14.006744,65.282050,0</coordinates>
              </LinearRing>
            </outerBoundaryIs>
          </Polygon>
          <Polygon>
            <altitudeMode>clampToGround</altitudeMode>
            <outerBoundaryIs>
              <LinearRing>
                <coordinates>-18.408559,66.027411,0 -18.356760,65.993232,0 -18.414418,66.023668,0 -18.408559,66.027411,0</coordinates>
              </LinearRing>
            </outerBoundaryIs>
          </Polygon>
          <Polygon>
            <altitudeMode>clampToGround</altitudeMode>
            <outerBoundaryIs>
              <LinearRing>
                <coordinates>-18.019521,66.561347,0 -17.976308,66.548285,0 -17.999827,66.533393,0 -18.019521,66.561347,0</coordinates>
              </LinearRing>
            </outerBoundaryIs>
          </Polygon>
          <Polygon>
            <altitudeMode>clampToGround</altitudeMode>
            <outerBoundaryIs>
              <LinearRing>
                <coordinates>-9.117421,70.874905,0 -7.938466,71.156562,0 -8.986562,70.810777,0 -9.117421,70.874905,0</coordinates>
              </LinearRing>
            </outerBoundaryIs>
          </Polygon>
          <Polygon>
            <altitudeMode>clampToGround</altitudeMode>
            <outerBoundaryIs>
              <LinearRing>
                <coordinates>11.018809,54.903388,0 11.848643,54.773179,0 11.009288,54.771633,0 11.018809,54.903388,0</coordinates>
              </LinearRing>
            </outerBoundaryIs>
          </Polygon>
          <Polygon>
            <altitudeMode>clampToGround</altitudeMode>
            <outerBoundaryIs>
              <LinearRing>
                <coordinates>10.189220,54.977484,0 10.450206,54.899807,0 10.518565,54.851996,0 10.383474,54.830756,0 10.189220,54.977484,0</coordinates>
              </LinearRing>
            </outerBoundaryIs>
          </Polygon>
          <Polygon>
            <altitudeMode>clampToGround</altitudeMode>
            <outerBoundaryIs>
              <LinearRing>
                <coordinates>10.731293,54.740058,0 10.601085,54.838324,0 10.956716,55.153713,0 10.908946,55.030219,0 10.731293,54.740058,0</coordinates>
              </LinearRing>
            </outerBoundaryIs>
          </Polygon>
          <Polygon>
            <altitudeMode>clampToGround</altitudeMode>
            <outerBoundaryIs>
              <LinearRing>
                <coordinates>9.968028,54.859524,0 9.991547,54.872504,0 9.628429,55.058051,0 10.065115,54.890815,0 9.968028,54.859524,0</coordinates>
              </LinearRing>
            </outerBoundaryIs>
          </Polygon>
          <Polygon>
            <altitudeMode>clampToGround</altitudeMode>
            <outerBoundaryIs>
              <LinearRing>
                <coordinates>12.250987,55.060736,0 12.553722,54.968085,0 12.115001,54.907294,0 12.250987,55.060736,0</coordinates>
              </LinearRing>
            </outerBoundaryIs>
          </Polygon>
          <Polygon>
            <altitudeMode>clampToGround</altitudeMode>
            <outerBoundaryIs>
              <LinearRing>
                <coordinates>14.780833,55.051128,0 14.760916,55.309272,0 15.151378,55.133205,0 15.072666,54.991638,0 14.780833,55.051128,0</coordinates>
              </LinearRing>
            </outerBoundaryIs>
          </Polygon>
          <Polygon>
            <altitudeMode>clampToGround</altitudeMode>
            <outerBoundaryIs>
              <LinearRing>
                <coordinates>10.704112,55.550279,0 10.554047,55.442572,0 10.834321,55.290269,0 10.733653,55.071845,0 10.205251,55.093695,0 9.676280,55.495673,0 10.704112,55.550279,0</coordinates>
              </LinearRing>
            </outerBoundaryIs>
          </Polygon>
          <Polygon>
            <altitudeMode>clampToGround</altitudeMode>
            <outerBoundaryIs>
              <LinearRing>
                <coordinates>11.768321,55.970526,0 11.607758,55.783026,0 11.779796,55.660142,0 11.934744,55.933661,0 12.060313,55.653998,0 12.026134,55.941352,0 11.865571,55.972724,0 12.621918,56.043769,0 12.602224,55.708564,0 12.198090,55.487494,0 12.465017,55.290269,0 11.897146,54.995429,0 12.170177,54.838324,0 11.910167,54.721666,0 11.711436,54.940823,0 11.882823,54.981757,0 11.615896,55.092231,0 11.806977,55.146877,0 11.260997,55.200588,0 10.875499,55.742743,0 11.768321,55.970526,0</coordinates>
              </LinearRing>
            </outerBoundaryIs>
          </Polygon>
          <Polygon>
            <altitudeMode>clampToGround</altitudeMode>
            <outerBoundaryIs>
              <LinearRing>
                <coordinates>12.556326,55.550482,0 12.520193,55.619208,0 12.674571,55.601264,0 12.556326,55.550482,0</coordinates>
              </LinearRing>
            </outerBoundaryIs>
          </Polygon>
          <Polygon>
            <altitudeMode>clampToGround</altitudeMode>
            <outerBoundaryIs>
              <LinearRing>
                <coordinates>10.582205,55.759752,0 10.511567,55.825263,0 10.669281,55.880032,0 10.582205,55.759752,0</coordinates>
              </LinearRing>
            </outerBoundaryIs>
          </Polygon>
          <Polygon>
            <altitudeMode>clampToGround</altitudeMode>
            <outerBoundaryIs>
              <LinearRing>
                <coordinates>8.178722,56.672065,0 8.726573,56.483222,0 9.063162,56.812567,0 9.060557,56.565741,0 9.326182,56.530341,0 9.200206,56.938910,0 9.915782,57.058580,0 9.114513,57.058580,0 8.679535,56.952541,0 8.408214,56.688666,0 8.586274,56.688666,0 8.559581,56.593004,0 8.245860,56.704006,0 8.270356,56.843248,0 8.618012,57.122870,0 9.412120,57.165432,0 9.966970,57.591376,0 10.197602,57.601223,0 10.539073,57.743842,0 10.648936,57.737006,0 10.347179,57.010199,0 9.994640,57.092719,0 9.926931,57.058580,0 10.313731,56.982856,0 10.340587,56.717353,0 10.146495,56.722357,0 9.805919,56.640204,0 10.964122,56.448432,0 10.738617,56.154527,0 10.258474,56.190253,0 10.182140,55.833686,0 9.867442,55.851996,0 10.005219,55.701117,0 9.556407,55.711575,0 9.853770,55.626654,0 9.498057,55.489447,0 9.710297,55.248684,0 9.434337,55.037543,0 9.730968,54.995429,0 9.745942,54.836005,0 8.660776,54.896311,0 8.488943,55.197170,0 8.689464,55.141588,0 8.617686,55.437934,0 8.095225,55.549058,0 8.127778,55.987616,0 8.393321,55.909166,0 8.107921,56.024319,0 8.178722,56.672065,0</coordinates>
              </LinearRing>
            </outerBoundaryIs>
          </Polygon>
          <Polygon>
            <altitudeMode>clampToGround</altitudeMode>
            <outerBoundaryIs>
              <LinearRing>
                <coordinates>11.509532,56.710150,0 11.649425,56.729641,0 11.581065,56.681220,0 11.509532,56.710150,0</coordinates>
              </LinearRing>
            </outerBoundaryIs>
          </Polygon>
          <Polygon>
            <altitudeMode>clampToGround</altitudeMode>
            <outerBoundaryIs>
              <LinearRing>
                <coordinates>8.928884,56.976630,0 8.766124,56.698717,0 8.651622,56.894192,0 8.928884,56.976630,0</coordinates>
              </LinearRing>
            </outerBoundaryIs>
          </Polygon>
          <Polygon>
            <altitudeMode>clampToGround</altitudeMode>
            <outerBoundaryIs>
              <LinearRing>
                <coordinates>10.854991,57.270901,0 11.197276,57.313381,0 10.997905,57.197910,0 10.854991,57.270901,0</coordinates>
              </LinearRing>
            </outerBoundaryIs>
          </Polygon>
          <Polygon>
            <altitudeMode>clampToGround</altitudeMode>
            <outerBoundaryIs>
              <LinearRing>
                <coordinates>11.738780,58.058539,0 11.731944,57.997707,0 11.505870,58.046047,0 11.738780,58.058539,0</coordinates>
              </LinearRing>
            </outerBoundaryIs>
          </Polygon>
          <Polygon>
            <altitudeMode>clampToGround</altitudeMode>
            <outerBoundaryIs>
              <LinearRing>
                <coordinates>11.806977,58.230414,0 11.804698,58.125718,0 11.406586,58.131090,0 11.806977,58.230414,0</coordinates>
              </LinearRing>
            </outerBoundaryIs>
          </Polygon>
          <Polygon>
            <altitudeMode>clampToGround</altitudeMode>
            <outerBoundaryIs>
              <LinearRing>
                <coordinates>11.083018,59.077297,0 11.018240,59.019355,0 11.034353,59.088935,0 11.083018,59.077297,0</coordinates>
              </LinearRing>
            </outerBoundaryIs>
          </Polygon>
          <Polygon>
            <altitudeMode>clampToGround</altitudeMode>
            <outerBoundaryIs>
              <LinearRing>
                <coordinates>10.829112,59.099433,0 10.855479,59.115383,0 10.883800,59.072170,0 10.829112,59.099433,0</coordinates>
              </LinearRing>
            </outerBoundaryIs>
          </Polygon>
          <Polygon>
            <altitudeMode>clampToGround</altitudeMode>
            <outerBoundaryIs>
              <LinearRing>
                <coordinates>9.176036,63.567776,0 8.858572,63.487006,0 8.277843,63.466539,0 9.176036,63.567776,0</coordinates>
              </LinearRing>
            </outerBoundaryIs>
          </Polygon>
          <Polygon>
            <altitudeMode>clampToGround</altitudeMode>
            <outerBoundaryIs>
              <LinearRing>
                <coordinates>9.170909,63.641425,0 9.014008,63.626695,0 9.107595,63.659817,0 9.170909,63.641425,0</coordinates>
              </LinearRing>
            </outerBoundaryIs>
          </Polygon>
          <Polygon>
            <altitudeMode>clampToGround</altitudeMode>
            <outerBoundaryIs>
              <LinearRing>
                <coordinates>8.825857,63.719794,0 8.271739,63.685045,0 8.805431,63.815375,0 8.825857,63.719794,0</coordinates>
              </LinearRing>
            </outerBoundaryIs>
          </Polygon>
          <Polygon>
            <altitudeMode>clampToGround</altitudeMode>
            <outerBoundaryIs>
              <LinearRing>
                <coordinates>9.943858,64.011461,0 9.853852,64.008938,0 9.930837,64.027533,0 9.943858,64.011461,0</coordinates>
              </LinearRing>
            </outerBoundaryIs>
          </Polygon>
          <Polygon>
            <altitudeMode>clampToGround</altitudeMode>
            <outerBoundaryIs>
              <LinearRing>
                <coordinates>11.451427,64.514960,0 11.416759,64.472724,0 11.053966,64.643948,0 11.451427,64.514960,0</coordinates>
              </LinearRing>
            </outerBoundaryIs>
          </Polygon>
          <Polygon>
            <altitudeMode>clampToGround</altitudeMode>
            <outerBoundaryIs>
              <LinearRing>
                <coordinates>11.480235,64.556057,0 11.351329,64.564399,0 11.465505,64.587836,0 11.480235,64.556057,0</coordinates>
              </LinearRing>
            </outerBoundaryIs>
          </Polygon>
          <Polygon>
            <altitudeMode>clampToGround</altitudeMode>
            <outerBoundaryIs>
              <LinearRing>
                <coordinates>11.355724,64.667304,0 11.312266,64.599677,0 11.303966,64.692084,0 11.355724,64.667304,0</coordinates>
              </LinearRing>
            </outerBoundaryIs>
          </Polygon>
          <Polygon>
            <altitudeMode>clampToGround</altitudeMode>
            <outerBoundaryIs>
              <LinearRing>
                <coordinates>10.826915,64.850084,0 11.101329,64.953111,0 11.132172,64.838853,0 10.826915,64.850084,0</coordinates>
              </LinearRing>
            </outerBoundaryIs>
          </Polygon>
          <Polygon>
            <altitudeMode>clampToGround</altitudeMode>
            <outerBoundaryIs>
              <LinearRing>
                <coordinates>11.115001,64.972968,0 10.710948,64.863715,0 10.765636,64.918362,0 11.115001,64.972968,0</coordinates>
              </LinearRing>
            </outerBoundaryIs>
          </Polygon>
          <Polygon>
            <altitudeMode>clampToGround</altitudeMode>
            <outerBoundaryIs>
              <LinearRing>
                <coordinates>11.776866,65.118476,0 11.669444,65.044908,0 11.531016,65.085191,0 11.776866,65.118476,0</coordinates>
              </LinearRing>
            </outerBoundaryIs>
          </Polygon>
          <Polygon>
            <altitudeMode>clampToGround</altitudeMode>
            <outerBoundaryIs>
              <LinearRing>
                <coordinates>11.979015,65.082831,0 12.167247,65.211127,0 12.309093,65.110582,0 12.156505,65.055487,0 11.979015,65.082831,0</coordinates>
              </LinearRing>
            </outerBoundaryIs>
          </Polygon>
          <Polygon>
            <altitudeMode>clampToGround</altitudeMode>
            <outerBoundaryIs>
              <LinearRing>
                <coordinates>12.274262,65.581732,0 12.506602,65.398139,0 12.053477,65.219957,0 12.274262,65.581732,0</coordinates>
              </LinearRing>
            </outerBoundaryIs>
          </Polygon>
          <Polygon>
            <altitudeMode>clampToGround</altitudeMode>
            <outerBoundaryIs>
              <LinearRing>
                <coordinates>12.005138,65.689602,0 11.916840,65.589993,0 11.759288,65.617906,0 12.005138,65.689602,0</coordinates>
              </LinearRing>
            </outerBoundaryIs>
          </Polygon>
          <Polygon>
            <altitudeMode>clampToGround</altitudeMode>
            <outerBoundaryIs>
              <LinearRing>
                <coordinates>12.903819,66.015082,0 12.623383,65.942125,0 12.491222,65.990627,0 12.903819,66.015082,0</coordinates>
              </LinearRing>
            </outerBoundaryIs>
          </Polygon>
          <Polygon>
            <altitudeMode>clampToGround</altitudeMode>
            <outerBoundaryIs>
              <LinearRing>
                <coordinates>12.656912,66.103909,0 12.294200,66.015082,0 12.551443,66.220364,0 12.656912,66.103909,0</coordinates>
              </LinearRing>
            </outerBoundaryIs>
          </Polygon>
          <Polygon>
            <altitudeMode>clampToGround</altitudeMode>
            <outerBoundaryIs>
              <LinearRing>
                <coordinates>12.886892,66.256903,0 12.824962,66.215888,0 12.793793,66.311225,0 12.886892,66.256903,0</coordinates>
              </LinearRing>
            </outerBoundaryIs>
          </Polygon>
          <Polygon>
            <altitudeMode>clampToGround</altitudeMode>
            <outerBoundaryIs>
              <LinearRing>
                <coordinates>12.966482,66.453111,0 12.898936,66.355048,0 12.817231,66.442572,0 12.966482,66.453111,0</coordinates>
              </LinearRing>
            </outerBoundaryIs>
          </Polygon>
          <Polygon>
            <altitudeMode>clampToGround</altitudeMode>
            <outerBoundaryIs>
              <LinearRing>
                <coordinates>14.146983,67.032701,0 13.993012,67.083930,0 14.273692,67.165839,0 14.205903,67.008857,0 14.146983,67.032701,0</coordinates>
              </LinearRing>
            </outerBoundaryIs>
          </Polygon>
          <Polygon>
            <altitudeMode>clampToGround</altitudeMode>
            <outerBoundaryIs>
              <LinearRing>
                <coordinates>14.226736,67.377346,0 14.309418,67.423082,0 14.419200,67.423407,0 14.226736,67.377346,0</coordinates>
              </LinearRing>
            </outerBoundaryIs>
          </Polygon>
          <Polygon>
            <altitudeMode>clampToGround</altitudeMode>
            <outerBoundaryIs>
              <LinearRing>
                <coordinates>12.787120,67.810126,0 13.054698,68.104967,0 13.123871,67.943996,0 12.787120,67.810126,0</coordinates>
              </LinearRing>
            </outerBoundaryIs>
          </Polygon>
          <Polygon>
            <altitudeMode>clampToGround</altitudeMode>
            <outerBoundaryIs>
              <LinearRing>
                <coordinates>13.163748,68.025580,0 13.330577,68.155748,0 13.238617,67.985541,0 13.163748,68.025580,0</coordinates>
              </LinearRing>
            </outerBoundaryIs>
          </Polygon>
          <Polygon>
            <altitudeMode>clampToGround</altitudeMode>
            <outerBoundaryIs>
              <LinearRing>
                <coordinates>14.158865,68.255276,0 13.698985,68.070258,0 13.456716,68.070990,0 13.636729,68.294338,0 14.158865,68.255276,0</coordinates>
              </LinearRing>
            </outerBoundaryIs>
          </Polygon>
          <Polygon>
            <altitudeMode>clampToGround</altitudeMode>
            <outerBoundaryIs>
              <LinearRing>
                <coordinates>14.953136,68.277411,0 14.872406,68.222724,0 14.886729,68.300849,0 14.953136,68.277411,0</coordinates>
              </LinearRing>
            </outerBoundaryIs>
          </Polygon>
          <Polygon>
            <altitudeMode>clampToGround</altitudeMode>
            <outerBoundaryIs>
              <LinearRing>
                <coordinates>14.040375,68.312567,0 14.268240,68.282620,0 14.200531,68.248765,0 14.040375,68.312567,0</coordinates>
              </LinearRing>
            </outerBoundaryIs>
          </Polygon>
          <Polygon>
            <altitudeMode>clampToGround</altitudeMode>
            <outerBoundaryIs>
              <LinearRing>
                <coordinates>15.172374,68.454413,0 14.614919,68.224555,0 14.198497,68.152777,0 14.383556,68.372504,0 15.172374,68.454413,0</coordinates>
              </LinearRing>
            </outerBoundaryIs>
          </Polygon>
          <Polygon>
            <altitudeMode>clampToGround</altitudeMode>
            <outerBoundaryIs>
              <LinearRing>
                <coordinates>14.998654,68.535187,0 14.717459,68.490953,0 14.604177,68.558661,0 14.669281,68.587307,0 14.998654,68.535187,0</coordinates>
              </LinearRing>
            </outerBoundaryIs>
          </Polygon>
          <Polygon>
            <altitudeMode>clampToGround</altitudeMode>
            <outerBoundaryIs>
              <LinearRing>
                <coordinates>14.438162,68.756049,0 15.158865,68.817532,0 15.137706,69.013088,0 15.397716,68.693996,0 14.438162,68.756049,0</coordinates>
              </LinearRing>
            </outerBoundaryIs>
          </Polygon>
          <Polygon>
            <altitudeMode>clampToGround</altitudeMode>
            <outerBoundaryIs>
              <LinearRing>
                <coordinates>14.840099,68.891669,0 14.857270,68.923041,0 14.987559,68.884670,0 14.840099,68.891669,0</coordinates>
              </LinearRing>
            </outerBoundaryIs>
          </Polygon>
          <Polygon>
            <altitudeMode>clampToGround</altitudeMode>
            <outerBoundaryIs>
              <LinearRing>
                <coordinates>10.484386,78.890692,0 12.162852,78.210883,0 11.121837,78.438870,0 10.484386,78.890692,0</coordinates>
              </LinearRing>
            </outerBoundaryIs>
          </Polygon>
          <Polygon>
            <altitudeMode>clampToGround</altitudeMode>
            <outerBoundaryIs>
              <LinearRing>
                <coordinates>11.073985,79.665961,0 11.002452,79.672268,0 10.710948,79.721177,0 11.073985,79.665961,0</coordinates>
              </LinearRing>
            </outerBoundaryIs>
          </Polygon>
          <Polygon>
            <altitudeMode>clampToGround</altitudeMode>
            <outerBoundaryIs>
              <LinearRing>
                <coordinates>10.653982,79.750556,0 10.868663,79.779446,0 11.011974,79.741645,0 10.984223,79.731391,0 10.653982,79.750556,0</coordinates>
              </LinearRing>
            </outerBoundaryIs>
          </Polygon>
          <Polygon>
            <altitudeMode>clampToGround</altitudeMode>
            <outerBoundaryIs>
              <LinearRing>
                <coordinates>17.184821,48.020274,0 17.825713,47.750006,0 18.692843,47.777963,0 18.838467,48.040015,0 19.928633,48.130087,0 20.800311,48.569233,0 22.271849,48.403455,0 22.861581,48.028387,0 22.007886,47.517411,0 21.051459,46.236094,0 17.858062,45.771729,0 16.344149,46.546979,0 15.639799,46.207672,0 15.676076,45.841699,0 15.255017,45.723463,0 15.325193,45.452834,0 14.580949,45.667808,0 13.589529,45.488837,0 13.761051,45.596236,0 13.434094,46.353864,0 16.016723,46.670691,0 16.486363,46.998554,0 16.433963,47.396850,0 16.689141,47.538030,0 16.407815,47.661330,0 17.075371,47.708484,0 17.184821,48.020274,0</coordinates>
              </LinearRing>
            </outerBoundaryIs>
          </Polygon>
          <Polygon>
            <altitudeMode>clampToGround</altitudeMode>
            <outerBoundaryIs>
              <LinearRing>
                <coordinates>15.642345,56.104641,0 15.669119,56.123928,0 15.696788,56.074286,0 15.642345,56.104641,0</coordinates>
              </LinearRing>
            </outerBoundaryIs>
          </Polygon>
          <Polygon>
            <altitudeMode>clampToGround</altitudeMode>
            <outerBoundaryIs>
              <LinearRing>
                <coordinates>17.104015,57.352769,0 16.541189,56.306138,0 16.428477,56.217963,0 16.419444,56.585639,0 17.104015,57.352769,0</coordinates>
              </LinearRing>
            </outerBoundaryIs>
          </Polygon>
          <Polygon>
            <altitudeMode>clampToGround</altitudeMode>
            <outerBoundaryIs>
              <LinearRing>
                <coordinates>18.926280,57.392646,0 18.138682,56.922024,0 18.290212,57.092719,0 18.128184,57.548163,0 18.677745,57.913886,0 19.085216,57.825751,0 18.865245,57.723334,0 18.926280,57.392646,0</coordinates>
              </LinearRing>
            </outerBoundaryIs>
          </Polygon>
          <Polygon>
            <altitudeMode>clampToGround</altitudeMode>
            <outerBoundaryIs>
              <LinearRing>
                <coordinates>19.098318,57.976549,0 19.338552,57.963568,0 19.036794,57.905219,0 19.098318,57.976549,0</coordinates>
              </LinearRing>
            </outerBoundaryIs>
          </Polygon>
          <Polygon>
            <altitudeMode>clampToGround</altitudeMode>
            <outerBoundaryIs>
              <LinearRing>
                <coordinates>16.832530,58.304185,0 16.880626,58.293280,0 16.847423,58.275458,0 16.832530,58.304185,0</coordinates>
              </LinearRing>
            </outerBoundaryIs>
          </Polygon>
          <Polygon>
            <altitudeMode>clampToGround</altitudeMode>
            <outerBoundaryIs>
              <LinearRing>
                <coordinates>16.785167,58.380072,0 16.830577,58.355943,0 16.918956,58.336371,0 16.827403,58.327541,0 16.785167,58.380072,0</coordinates>
              </LinearRing>
            </outerBoundaryIs>
          </Polygon>
          <Polygon>
            <altitudeMode>clampToGround</altitudeMode>
            <outerBoundaryIs>
              <LinearRing>
                <coordinates>19.222423,58.394965,0 19.331716,58.367621,0 19.250336,58.342841,0 19.222423,58.394965,0</coordinates>
              </LinearRing>
            </outerBoundaryIs>
          </Polygon>
          <Polygon>
            <altitudeMode>clampToGround</altitudeMode>
            <outerBoundaryIs>
              <LinearRing>
                <coordinates>18.193614,58.911322,0 18.261892,58.959621,0 18.357107,58.976996,0 18.193614,58.911322,0</coordinates>
              </LinearRing>
            </outerBoundaryIs>
          </Polygon>
          <Polygon>
            <altitudeMode>clampToGround</altitudeMode>
            <outerBoundaryIs>
              <LinearRing>
                <coordinates>17.663097,59.071967,0 17.691173,58.901801,0 17.624278,58.963935,0 17.663097,59.071967,0</coordinates>
              </LinearRing>
            </outerBoundaryIs>
          </Polygon>
          <Polygon>
            <altitudeMode>clampToGround</altitudeMode>
            <outerBoundaryIs>
              <LinearRing>
                <coordinates>18.216563,59.024482,0 18.144705,58.969062,0 18.103526,59.022650,0 18.216563,59.024482,0</coordinates>
              </LinearRing>
            </outerBoundaryIs>
          </Polygon>
          <Polygon>
            <altitudeMode>clampToGround</altitudeMode>
            <outerBoundaryIs>
              <LinearRing>
                <coordinates>18.479340,59.116645,0 18.413585,59.011664,0 18.374766,59.078355,0 18.479340,59.116645,0</coordinates>
              </LinearRing>
            </outerBoundaryIs>
          </Polygon>
          <Polygon>
            <altitudeMode>clampToGround</altitudeMode>
            <outerBoundaryIs>
              <LinearRing>
                <coordinates>18.659679,59.176907,0 18.690929,59.208808,0 18.750011,59.205146,0 18.659679,59.176907,0</coordinates>
              </LinearRing>
            </outerBoundaryIs>
          </Polygon>
          <Polygon>
            <altitudeMode>clampToGround</altitudeMode>
            <outerBoundaryIs>
              <LinearRing>
                <coordinates>18.520356,59.228664,0 18.344737,59.299262,0 18.578136,59.244615,0 18.520356,59.228664,0</coordinates>
              </LinearRing>
            </outerBoundaryIs>
          </Polygon>
          <Polygon>
            <altitudeMode>clampToGround</altitudeMode>
            <outerBoundaryIs>
              <LinearRing>
                <coordinates>18.810802,59.289252,0 18.775157,59.252183,0 18.757660,59.294582,0 18.810802,59.289252,0</coordinates>
              </LinearRing>
            </outerBoundaryIs>
          </Polygon>
          <Polygon>
            <altitudeMode>clampToGround</altitudeMode>
            <outerBoundaryIs>
              <LinearRing>
                <coordinates>18.638031,59.367987,0 18.741710,59.350775,0 18.676036,59.340277,0 18.638031,59.367987,0</coordinates>
              </LinearRing>
            </outerBoundaryIs>
          </Polygon>
          <Polygon>
            <altitudeMode>clampToGround</altitudeMode>
            <outerBoundaryIs>
              <LinearRing>
                <coordinates>18.249278,59.366685,0 18.165538,59.340644,0 18.122732,59.389106,0 18.249278,59.366685,0</coordinates>
              </LinearRing>
            </outerBoundaryIs>
          </Polygon>
          <Polygon>
            <altitudeMode>clampToGround</altitudeMode>
            <outerBoundaryIs>
              <LinearRing>
                <coordinates>18.869477,59.393459,0 18.847667,59.389350,0 18.865082,59.399848,0 18.869477,59.393459,0</coordinates>
              </LinearRing>
            </outerBoundaryIs>
          </Polygon>
          <Polygon>
            <altitudeMode>clampToGround</altitudeMode>
            <outerBoundaryIs>
              <LinearRing>
                <coordinates>18.899425,59.400702,0 18.942393,59.393622,0 18.899913,59.393744,0 18.899425,59.400702,0</coordinates>
              </LinearRing>
            </outerBoundaryIs>
          </Polygon>
          <Polygon>
            <altitudeMode>clampToGround</altitudeMode>
            <outerBoundaryIs>
              <LinearRing>
                <coordinates>18.916352,59.446194,0 18.925792,59.434027,0 18.860606,59.424506,0 18.916352,59.446194,0</coordinates>
              </LinearRing>
            </outerBoundaryIs>
          </Polygon>
          <Polygon>
            <altitudeMode>clampToGround</altitudeMode>
            <outerBoundaryIs>
              <LinearRing>
                <coordinates>18.739106,59.540432,0 18.594412,59.486884,0 18.514415,59.490953,0 18.739106,59.540432,0</coordinates>
              </LinearRing>
            </outerBoundaryIs>
          </Polygon>
          <Polygon>
            <altitudeMode>clampToGround</altitudeMode>
            <outerBoundaryIs>
              <LinearRing>
                <coordinates>18.863455,59.583970,0 18.858572,59.595771,0 18.984630,59.624335,0 18.863455,59.583970,0</coordinates>
              </LinearRing>
            </outerBoundaryIs>
          </Polygon>
          <Polygon>
            <altitudeMode>clampToGround</altitudeMode>
            <outerBoundaryIs>
              <LinearRing>
                <coordinates>18.823904,59.583889,0 18.756847,59.572659,0 18.924327,59.656928,0 18.823904,59.583889,0</coordinates>
              </LinearRing>
            </outerBoundaryIs>
          </Polygon>
          <Polygon>
            <altitudeMode>clampToGround</altitudeMode>
            <outerBoundaryIs>
              <LinearRing>
                <coordinates>18.891287,59.785590,0 18.885753,59.793931,0 18.997813,59.794623,0 18.891287,59.785590,0</coordinates>
              </LinearRing>
            </outerBoundaryIs>
          </Polygon>
          <Polygon>
            <altitudeMode>clampToGround</altitudeMode>
            <outerBoundaryIs>
              <LinearRing>
                <coordinates>18.712250,60.212144,0 18.753103,60.209174,0 18.724376,60.155463,0 18.712250,60.212144,0</coordinates>
              </LinearRing>
            </outerBoundaryIs>
          </Polygon>
          <Polygon>
            <altitudeMode>clampToGround</altitudeMode>
            <outerBoundaryIs>
              <LinearRing>
                <coordinates>18.566905,60.307440,0 18.402192,60.369818,0 18.426768,60.485419,0 18.566905,60.307440,0</coordinates>
              </LinearRing>
            </outerBoundaryIs>
          </Polygon>
          <Polygon>
            <altitudeMode>clampToGround</altitudeMode>
            <outerBoundaryIs>
              <LinearRing>
                <coordinates>18.006114,62.705552,0 18.041026,62.754543,0 18.130056,62.693508,0 18.006114,62.705552,0</coordinates>
              </LinearRing>
            </outerBoundaryIs>
          </Polygon>
          <Polygon>
            <altitudeMode>clampToGround</altitudeMode>
            <outerBoundaryIs>
              <LinearRing>
                <coordinates>21.622813,65.240790,0 21.345551,65.372789,0 21.277843,65.350043,0 21.585948,65.069159,0 21.037364,64.832709,0 21.606456,64.452216,0 20.674653,63.789252,0 19.687348,63.431342,0 19.446300,63.560858,0 19.516612,63.414740,0 19.052745,63.178860,0 18.241710,62.999823,0 18.524425,62.991889,0 18.576671,62.958401,0 18.195079,62.777411,0 17.935313,62.817043,0 17.830821,62.999823,0 17.693614,62.993598,0 18.064220,62.595771,0 17.330821,62.487738,0 17.652680,62.232001,0 17.344574,61.936672,0 17.496349,61.635077,0 17.056326,61.582180,0 17.276052,61.314032,0 17.097179,61.320868,0 17.335704,60.766913,0 17.186697,60.692369,0 17.974864,60.587836,0 19.071625,59.896308,0 18.885997,59.929877,0 18.733897,59.768785,0 19.085216,59.772203,0 18.008962,59.408515,0 18.095144,59.326809,0 18.220551,59.319770,0 18.484630,59.434231,0 18.646495,59.330268,0 18.291270,59.322699,0 18.424164,59.143948,0 18.013682,59.044908,0 17.892833,58.861029,0 17.658946,59.168891,0 17.357758,58.751166,0 16.179210,58.634508,0 16.940196,58.491116,0 16.412608,58.477484,0 16.822276,58.179633,0 16.617442,58.203111,0 16.758149,57.877021,0 16.460297,57.902086,0 16.699962,57.743842,0 16.419444,57.894680,0 16.714854,57.702826,0 16.520518,57.627143,0 16.688975,57.471747,0 16.469086,57.275377,0 16.471690,56.777411,0 15.851736,56.086371,0 15.586436,56.208889,0 14.724946,56.167629,0 14.346446,55.953315,0 14.181163,55.390815,0 12.832774,55.382554,0 13.054861,55.694037,0 12.451427,56.304429,0 12.814464,56.236151,0 12.621593,56.419338,0 12.934418,56.547065,0 11.903331,57.394355,0 11.923676,57.702826,0 11.705414,57.698432,0 11.882823,58.332831,0 11.220876,58.346259,0 11.115001,59.008205,0 11.453233,58.960485,0 10.738129,59.216702,0 10.779145,59.312934,0 10.560232,59.726223,0 10.752615,59.888902,0 10.475434,59.850043,0 10.483735,59.514472,0 10.397634,59.688056,0 10.224376,59.723822,0 10.514171,59.302924,0 10.306895,59.059719,0 9.539073,59.120551,0 9.723969,58.983954,0 8.501231,58.257229,0 7.578868,58.017524,0 6.618500,58.068305,0 6.845958,58.271389,0 6.010102,58.384914,0 5.477951,58.754747,0 5.550548,59.038560,0 5.715587,58.867255,0 6.228852,58.839993,0 6.057628,58.902045,0 6.626231,59.052802,0 6.033865,58.905178,0 5.875499,59.066230,0 6.461681,59.319770,0 6.041515,59.383694,0 6.544200,59.559963,0 6.286469,59.649237,0 6.153005,59.459418,0 5.924164,59.355780,0 6.153168,59.477444,0 5.807384,59.539374,0 5.646169,59.408515,0 5.859630,59.350775,0 5.505382,59.277737,0 5.201671,59.429633,0 5.489106,59.738105,0 5.416759,59.504706,0 6.311534,59.854193,0 5.646169,59.854193,0 6.291026,60.121649,0 6.105317,60.107367,0 6.201671,60.299791,0 6.640391,60.416490,0 6.530528,60.262274,0 6.523774,60.080756,0 6.654063,60.382392,0 7.105968,60.505845,0 6.177501,60.471015,0 5.739268,59.994452,0 5.790701,60.211086,0 5.543712,60.162665,0 5.736583,60.392035,0 5.409841,60.131334,0 5.140961,60.351386,0 5.653575,60.430813,0 5.714041,60.484280,0 5.749766,60.718166,0 5.675629,60.757758,0 5.526622,60.628730,0 5.222830,60.574164,0 4.926768,60.800116,0 5.433849,60.628730,0 5.235850,60.776190,0 5.536876,60.875800,0 5.131033,60.812079,0 5.016124,61.046536,0 6.355968,61.010932,0 6.600597,61.175238,0 7.105968,60.861558,0 7.000336,61.092922,0 7.435557,61.101142,0 7.694998,61.232082,0 7.312022,61.287299,0 7.572032,61.485338,0 7.263682,61.395941,0 7.305186,61.163235,0 6.557872,61.224595,0 6.695079,61.344713,0 6.701915,61.402777,0 6.434337,61.114732,0 5.193858,61.105292,0 4.954600,61.252590,0 5.633067,61.361802,0 4.947927,61.416409,0 5.804454,61.457994,0 5.178233,61.509752,0 5.427013,61.588935,0 4.988129,61.746894,0 5.394786,61.911078,0 5.899262,61.738593,0 6.818614,61.876410,0 6.476248,61.825344,0 5.729259,61.889390,0 5.961436,61.916693,0 5.427013,61.937812,0 5.155772,61.896064,0 5.400157,62.020006,0 5.084972,62.191067,0 6.366710,62.061347,0 5.926036,62.225491,0 6.310802,62.372056,0 6.530528,62.109117,0 6.400238,62.387193,0 6.708751,62.451728,0 6.955821,62.102281,0 7.021251,62.090766,0 7.139985,62.116604,0 7.187836,62.102281,0 7.028087,62.266018,0 7.415050,62.239447,0 6.790701,62.478420,0 6.242931,62.451117,0 6.674571,62.492743,0 6.249360,62.574652,0 7.542491,62.503607,0 7.778168,62.574652,0 7.505219,62.566352,0 7.418224,62.633002,0 8.147472,62.691962,0 6.948985,62.732896,0 7.215831,62.814846,0 6.880056,62.911078,0 7.237641,63.014716,0 7.501150,62.910834,0 8.075531,62.950873,0 8.154307,62.814846,0 8.545258,62.657172,0 8.147472,62.951402,0 7.877208,63.010403,0 8.086681,63.109687,0 8.329275,62.880683,0 8.702973,62.822252,0 8.165538,63.115302,0 8.943126,63.212063,0 8.476410,63.294013,0 8.672374,63.421210,0 9.093435,63.294013,0 9.434581,63.380439,0 9.148611,63.485826,0 9.699067,63.644477,0 9.960623,63.427720,0 9.833263,63.328803,0 10.908051,63.456244,0 10.656423,63.554755,0 11.457693,63.789984,0 11.096446,63.889635,0 11.497895,64.020819,0 11.299978,64.107164,0 10.573741,63.809149,0 11.056000,63.861274,0 10.910004,63.731024,0 9.980154,63.493354,0 9.799083,63.691840,0 10.101410,63.767564,0 9.545909,63.774400,0 10.197032,63.938300,0 9.936290,63.959418,0 10.648936,64.356635,0 10.483084,64.423733,0 10.834972,64.369127,0 10.656423,64.452216,0 10.971202,64.602607,0 11.247406,64.325588,0 11.779796,64.596869,0 11.396169,64.706732,0 12.224864,64.939439,0 11.267263,64.869818,0 12.194021,64.994859,0 12.193126,65.050482,0 12.636241,65.131293,0 12.931000,65.312405,0 12.245291,65.233629,0 12.780284,65.459621,0 12.355154,65.604193,0 12.787120,65.638373,0 12.557791,65.753730,0 12.682302,65.926663,0 13.176036,65.855780,0 13.040375,66.083441,0 12.670421,66.062893,0 13.821625,66.147040,0 13.609548,66.185777,0 14.143891,66.333808,0 13.040375,66.179633,0 13.534434,66.309312,0 13.037283,66.319973,0 13.163829,66.466986,0 12.972016,66.522203,0 13.102550,66.542711,0 13.225352,66.453925,0 13.362071,66.455512,0 13.726248,66.604804,0 13.239024,66.548407,0 13.547374,66.638251,0 13.225352,66.714016,0 13.993012,66.789740,0 13.543630,66.921861,0 14.568207,67.018134,0 14.267426,67.083930,0 14.750336,67.123928,0 14.603770,67.204250,0 15.740408,67.173285,0 14.328298,67.241604,0 15.049001,67.447008,0 14.822439,67.447008,0 14.726817,67.488674,0 15.058849,67.577338,0 14.829275,67.475002,0 15.429047,67.482978,0 15.658458,67.275702,0 15.528656,67.467475,0 15.897960,67.556871,0 15.239268,67.529242,0 15.466075,67.577338,0 15.178559,67.618354,0 15.301117,67.720201,0 15.836599,67.694037,0 15.432791,67.860745,0 15.181977,67.714545,0 14.836111,67.642524,0 15.117198,67.741889,0 14.772960,67.815985,0 15.860118,67.899644,0 16.063162,68.016181,0 15.877452,68.070868,0 15.789236,68.034329,0 15.602387,68.038275,0 15.545421,68.074693,0 15.398204,67.994940,0 15.281749,68.036689,0 15.979666,68.250067,0 16.042003,68.029853,0 16.192882,67.981513,0 16.236827,67.883612,0 16.484711,67.797797,0 16.207042,68.002590,0 16.688975,68.071031,0 16.103363,68.283149,0 16.802989,68.132270,0 16.220063,68.351386,0 17.127289,68.372870,0 17.333995,68.167060,0 17.247895,68.405992,0 17.871837,68.393012,0 16.464610,68.509996,0 17.679373,68.660468,0 17.234386,68.756049,0 17.782970,68.748603,0 17.467621,68.831204,0 17.825938,68.893744,0 17.426117,68.899482,0 18.152354,69.153957,0 17.988536,69.235256,0 18.138682,69.352525,0 18.158458,69.459621,0 18.502452,69.235256,0 19.012950,69.287055,0 18.454600,69.454332,0 18.852712,69.552314,0 19.014415,69.397040,0 19.379405,69.321845,0 19.177501,69.253485,0 19.477224,69.220771,0 19.429535,69.341742,0 18.992686,69.483140,0 19.229259,69.567939,0 18.944347,69.615302,0 19.784190,69.804389,0 19.530284,69.400336,0 20.112559,69.585354,0 19.824474,69.711900,0 20.292654,69.971015,0 20.382579,69.598782,0 19.916840,69.269273,0 20.482432,69.577867,0 20.853038,69.495917,0 20.482432,69.763414,0 21.179210,69.819485,0 21.289887,70.021064,0 22.098155,69.749823,0 21.913585,69.945258,0 22.113617,70.030341,0 21.798350,70.037177,0 22.099376,70.120347,0 21.209239,70.208482,0 21.552989,70.321031,0 21.874034,70.147040,0 21.986827,70.323432,0 22.274669,70.135484,0 22.967052,70.207465,0 22.284923,70.044013,0 23.018565,70.147040,0 23.329845,69.948391,0 23.539317,70.024115,0 23.175548,70.092434,0 23.513194,70.365546,0 24.723481,70.621039,0 24.245128,70.784491,0 24.635427,70.779771,0 24.666026,70.977688,0 25.925792,70.863674,0 25.073578,70.503323,0 25.287120,70.456122,0 24.979828,70.229438,0 25.004242,70.064032,0 26.613617,70.949123,0 26.691173,70.736029,0 26.341645,70.647935,0 26.656993,70.640530,0 26.505870,70.362860,0 27.102061,70.469794,0 26.972911,70.565375,0 27.266612,70.585273,0 27.110606,70.728705,0 27.629649,70.804999,0 27.133800,70.950019,0 27.650157,71.127102,0 28.548839,70.972602,0 27.650157,70.606350,0 28.301280,70.702582,0 27.849376,70.482856,0 28.335297,70.517646,0 28.160655,70.382799,0 28.167247,70.135484,0 28.013845,70.071357,0 28.183930,70.115546,0 28.794688,70.873236,0 31.063324,70.366767,0 30.158946,70.071357,0 29.220470,70.120347,0 28.653656,70.182318,0 28.616547,70.176907,0 29.685883,69.969550,0 29.363780,69.859687,0 29.741222,69.907457,0 29.487315,69.661078,0 30.186290,69.687730,0 30.289236,69.886542,0 30.337087,69.674058,0 30.840954,69.805842,0 30.927032,69.578390,0 30.119071,69.634562,0 29.948073,69.365586,0 28.410234,68.898535,0 28.801477,68.835489,0 28.447907,68.529720,0 28.690321,68.183178,0 30.009413,67.685844,0 29.051539,66.907803,0 30.111733,65.712011,0 29.702869,65.629380,0 29.580085,65.235399,0 29.850198,65.121504,0 29.633622,64.907150,0 30.118864,64.767934,0 30.032461,64.396949,0 30.558475,64.219699,0 29.980785,63.741537,0 31.569525,62.905929,0 31.243757,62.503344,0 27.705414,60.485419,0 26.482677,60.468004,0 26.659190,60.651801,0 26.342052,60.375556,0 25.917247,60.485419,0 26.108165,60.335924,0 25.842052,60.402167,0 25.930186,60.245185,0 25.668630,60.364651,0 23.429454,59.956610,0 23.546153,60.073920,0 23.251313,59.841132,0 22.888194,59.813178,0 23.247081,59.922431,0 23.326427,60.009345,0 22.874685,60.149604,0 23.080577,60.355048,0 22.525076,60.204250,0 22.624278,60.399075,0 21.408539,60.580390,0 21.469981,60.731147,0 21.328868,60.827541,0 21.428396,60.902533,0 21.298676,61.060126,0 21.482270,61.060126,0 21.572439,61.416409,0 21.422130,61.485338,0 21.716319,61.526923,0 21.236583,61.985012,0 21.389903,62.208157,0 21.078949,62.678290,0 21.688487,63.027086,0 21.496593,63.208970,0 21.983897,63.143215,0 22.330089,63.283840,0 22.281423,63.526190,0 23.604503,64.027655,0 24.538422,64.805325,0 25.362153,64.833075,0 25.190929,64.966783,0 25.443533,64.966783,0 25.211436,65.123765,0 25.323578,65.506781,0 24.675792,65.635443,0 24.710623,65.912095,0 23.103038,65.704657,0 22.653005,65.908393,0 22.209239,65.761217,0 22.405284,65.541938,0 21.764171,65.727729,0 22.202973,65.548977,0 21.448904,65.357164,0 21.622813,65.240790,0</coordinates>
              </LinearRing>
            </outerBoundaryIs>
          </Polygon>
          <Polygon>
            <altitudeMode>clampToGround</altitudeMode>
            <outerBoundaryIs>
              <LinearRing>
                <coordinates>14.972179,67.916490,0 15.105724,68.000718,0 15.139903,67.958441,0 15.304861,67.937690,0 14.972179,67.916490,0</coordinates>
              </LinearRing>
            </outerBoundaryIs>
          </Polygon>
          <Polygon>
            <altitudeMode>clampToGround</altitudeMode>
            <outerBoundaryIs>
              <LinearRing>
                <coordinates>15.286632,67.976996,0 15.184825,67.966783,0 15.230317,68.036689,0 15.286632,67.976996,0</coordinates>
              </LinearRing>
            </outerBoundaryIs>
          </Polygon>
          <Polygon>
            <altitudeMode>clampToGround</altitudeMode>
            <outerBoundaryIs>
              <LinearRing>
                <coordinates>15.859711,68.027493,0 15.933604,67.997016,0 15.482432,68.002631,0 15.859711,68.027493,0</coordinates>
              </LinearRing>
            </outerBoundaryIs>
          </Polygon>
          <Polygon>
            <altitudeMode>clampToGround</altitudeMode>
            <outerBoundaryIs>
              <LinearRing>
                <coordinates>16.466563,68.468695,0 16.094900,68.397528,0 16.221690,68.523749,0 16.466563,68.468695,0</coordinates>
              </LinearRing>
            </outerBoundaryIs>
          </Polygon>
          <Polygon>
            <altitudeMode>clampToGround</altitudeMode>
            <outerBoundaryIs>
              <LinearRing>
                <coordinates>15.452322,68.811265,0 15.676606,68.962714,0 15.989594,68.763495,0 15.774425,68.632554,0 15.740408,68.530097,0 16.254649,68.903225,0 16.555919,68.824937,0 16.506033,68.568183,0 15.870779,68.495429,0 15.624360,68.300482,0 15.322602,68.351386,0 15.611339,68.474921,0 15.541759,68.509670,0 14.986827,68.269477,0 15.630544,68.612128,0 15.452322,68.811265,0</coordinates>
              </LinearRing>
            </outerBoundaryIs>
          </Polygon>
          <Polygon>
            <altitudeMode>clampToGround</altitudeMode>
            <outerBoundaryIs>
              <LinearRing>
                <coordinates>16.816661,68.735582,0 16.844249,68.773261,0 17.145681,68.770331,0 16.816661,68.735582,0</coordinates>
              </LinearRing>
            </outerBoundaryIs>
          </Polygon>
          <Polygon>
            <altitudeMode>clampToGround</altitudeMode>
            <outerBoundaryIs>
              <LinearRing>
                <coordinates>17.440440,68.865912,0 17.299815,68.803656,0 17.083507,68.913764,0 17.440440,68.865912,0</coordinates>
              </LinearRing>
            </outerBoundaryIs>
          </Polygon>
          <Polygon>
            <altitudeMode>clampToGround</altitudeMode>
            <outerBoundaryIs>
              <LinearRing>
                <coordinates>16.601899,68.931220,0 16.476248,68.885810,0 16.261729,68.968329,0 16.601899,68.931220,0</coordinates>
              </LinearRing>
            </outerBoundaryIs>
          </Polygon>
          <Polygon>
            <altitudeMode>clampToGround</altitudeMode>
            <outerBoundaryIs>
              <LinearRing>
                <coordinates>17.572113,69.089545,0 17.418956,68.996405,0 17.419688,69.079169,0 17.572113,69.089545,0</coordinates>
              </LinearRing>
            </outerBoundaryIs>
          </Polygon>
          <Polygon>
            <altitudeMode>clampToGround</altitudeMode>
            <outerBoundaryIs>
              <LinearRing>
                <coordinates>15.975108,69.287177,0 16.149913,69.290839,0 15.431488,68.884223,0 15.975108,69.287177,0</coordinates>
              </LinearRing>
            </outerBoundaryIs>
          </Polygon>
          <Polygon>
            <altitudeMode>clampToGround</altitudeMode>
            <outerBoundaryIs>
              <LinearRing>
                <coordinates>17.467621,69.599555,0 18.050548,69.495917,0 17.905935,69.318427,0 18.008962,69.201117,0 16.773123,69.088202,0 17.172374,69.201117,0 16.898611,69.194892,0 17.145681,69.256334,0 16.926524,69.393541,0 17.645274,69.461819,0 17.467621,69.599555,0</coordinates>
              </LinearRing>
            </outerBoundaryIs>
          </Polygon>
          <Polygon>
            <altitudeMode>clampToGround</altitudeMode>
            <outerBoundaryIs>
              <LinearRing>
                <coordinates>19.060802,69.787055,0 18.769298,69.646715,0 18.261974,69.530585,0 17.995372,69.592108,0 18.632823,69.701972,0 18.351817,69.729926,0 18.382335,69.797593,0 18.762462,69.687730,0 18.678884,69.886054,0 19.060802,69.787055,0</coordinates>
              </LinearRing>
            </outerBoundaryIs>
          </Polygon>
          <Polygon>
            <altitudeMode>clampToGround</altitudeMode>
            <outerBoundaryIs>
              <LinearRing>
                <coordinates>19.540212,69.951606,0 19.121593,69.787828,0 18.728852,69.947821,0 19.684825,70.006781,0 19.540212,69.951606,0</coordinates>
              </LinearRing>
            </outerBoundaryIs>
          </Polygon>
          <Polygon>
            <altitudeMode>clampToGround</altitudeMode>
            <outerBoundaryIs>
              <LinearRing>
                <coordinates>19.856456,69.973131,0 19.434255,69.840522,0 19.774262,70.004828,0 19.856456,69.973131,0</coordinates>
              </LinearRing>
            </outerBoundaryIs>
          </Polygon>
          <Polygon>
            <altitudeMode>clampToGround</altitudeMode>
            <outerBoundaryIs>
              <LinearRing>
                <coordinates>18.969086,70.084296,0 18.701671,69.984687,0 18.657237,70.048326,0 18.721365,70.116034,0 18.969086,70.084296,0</coordinates>
              </LinearRing>
            </outerBoundaryIs>
          </Polygon>
          <Polygon>
            <altitudeMode>clampToGround</altitudeMode>
            <outerBoundaryIs>
              <LinearRing>
                <coordinates>19.334972,70.127916,0 19.407970,70.162055,0 19.358653,70.113105,0 19.334972,70.127916,0</coordinates>
              </LinearRing>
            </outerBoundaryIs>
          </Polygon>
          <Polygon>
            <altitudeMode>clampToGround</altitudeMode>
            <outerBoundaryIs>
              <LinearRing>
                <coordinates>18.995860,70.152086,0 19.168305,70.254869,0 19.252208,70.186672,0 19.174164,70.115139,0 18.995860,70.152086,0</coordinates>
              </LinearRing>
            </outerBoundaryIs>
          </Polygon>
          <Polygon>
            <altitudeMode>clampToGround</altitudeMode>
            <outerBoundaryIs>
              <LinearRing>
                <coordinates>19.537120,70.250067,0 20.154063,70.120347,0 19.692149,70.188625,0 19.537120,70.250067,0</coordinates>
              </LinearRing>
            </outerBoundaryIs>
          </Polygon>
          <Polygon>
            <altitudeMode>clampToGround</altitudeMode>
            <outerBoundaryIs>
              <LinearRing>
                <coordinates>18.789806,74.478217,0 19.297374,74.481106,0 19.047048,74.351264,0 18.789806,74.478217,0</coordinates>
              </LinearRing>
            </outerBoundaryIs>
          </Polygon>
          <Polygon>
            <altitudeMode>clampToGround</altitudeMode>
            <outerBoundaryIs>
              <LinearRing>
                <coordinates>16.919119,76.793931,0 17.192068,76.696845,0 16.343761,76.572414,0 15.501475,76.876532,0 16.528575,77.000067,0 14.447765,77.181383,0 13.910655,77.534491,0 16.221365,77.440863,0 14.740489,77.664211,0 17.124522,77.781480,0 16.789317,77.877143,0 17.007823,77.938544,0 13.957042,77.719916,0 13.589122,78.055854,0 14.330089,77.964423,0 14.232758,78.093451,0 17.296397,78.432603,0 16.329926,78.452460,0 16.827159,78.648017,0 16.554210,78.719306,0 15.439464,78.458401,0 15.192882,78.589586,0 15.465099,78.654608,0 15.381521,78.851386,0 14.982677,78.597398,0 14.445567,78.678412,0 14.589610,78.555487,0 14.383556,78.500922,0 14.733653,78.391059,0 13.009613,78.203843,0 12.362559,78.487250,0 13.198009,78.542467,0 11.903575,78.638088,0 11.643240,78.747260,0 11.901703,78.844306,0 11.334158,78.973212,0 12.506602,78.911811,0 11.683604,79.069403,0 12.115001,79.302191,0 11.228282,79.100653,0 10.676768,79.542426,0 11.457693,79.631781,0 11.227306,79.788031,0 12.297048,79.664984,0 12.163341,79.809272,0 13.797048,79.881903,0 13.972667,79.775214,0 12.451427,79.569078,0 13.451671,79.592434,0 13.259532,79.473538,0 14.041677,79.265815,0 13.883149,79.542426,0 14.548595,79.811469,0 16.435232,78.911444,0 15.644786,79.768297,0 16.294688,80.067369,0 18.098399,79.727362,0 17.590668,79.548570,0 17.782970,79.494045,0 17.653168,79.369371,0 18.346934,79.629950,0 18.881847,79.441107,0 18.591807,79.261217,0 18.945079,79.156968,0 21.545421,78.834052,0 21.383311,78.658596,0 18.961762,78.452460,0 19.098318,78.103013,0 18.406261,78.021145,0 18.299815,77.520209,0 17.727794,77.493476,0 17.097179,77.054674,0 17.323741,76.978949,0 16.919119,76.793931,0</coordinates>
              </LinearRing>
            </outerBoundaryIs>
          </Polygon>
          <Polygon>
            <altitudeMode>clampToGround</altitudeMode>
            <outerBoundaryIs>
              <LinearRing>
                <coordinates>18.700450,80.309556,0 18.491384,80.238837,0 18.118826,80.289740,0 18.316905,80.364203,0 18.700450,80.309556,0</coordinates>
              </LinearRing>
            </outerBoundaryIs>
          </Polygon>
          <Polygon>
            <altitudeMode>clampToGround</altitudeMode>
            <outerBoundaryIs>
              <LinearRing>
                <coordinates>21.106212,55.421210,0 20.924569,55.282658,0 21.131521,55.655585,0 21.106212,55.421210,0</coordinates>
              </LinearRing>
            </outerBoundaryIs>
          </Polygon>
          <Polygon>
            <altitudeMode>clampToGround</altitudeMode>
            <outerBoundaryIs>
              <LinearRing>
                <coordinates>21.929942,60.124579,0 21.962087,60.137885,0 21.943858,60.113471,0 21.929942,60.124579,0</coordinates>
              </LinearRing>
            </outerBoundaryIs>
          </Polygon>
          <Polygon>
            <altitudeMode>clampToGround</altitudeMode>
            <outerBoundaryIs>
              <LinearRing>
                <coordinates>21.482270,60.114814,0 21.654307,60.155829,0 21.514415,60.097357,0 21.482270,60.114814,0</coordinates>
              </LinearRing>
            </outerBoundaryIs>
          </Polygon>
          <Polygon>
            <altitudeMode>clampToGround</altitudeMode>
            <outerBoundaryIs>
              <LinearRing>
                <coordinates>21.743663,60.190619,0 21.887706,60.183743,0 21.783214,60.123236,0 21.695811,60.121649,0 21.743663,60.190619,0</coordinates>
              </LinearRing>
            </outerBoundaryIs>
          </Polygon>
          <Polygon>
            <altitudeMode>clampToGround</altitudeMode>
            <outerBoundaryIs>
              <LinearRing>
                <coordinates>21.935395,60.176337,0 22.058930,60.211086,0 22.009288,60.137274,0 21.935395,60.176337,0</coordinates>
              </LinearRing>
            </outerBoundaryIs>
          </Polygon>
          <Polygon>
            <altitudeMode>clampToGround</altitudeMode>
            <outerBoundaryIs>
              <LinearRing>
                <coordinates>21.448904,60.183743,0 21.380544,60.162665,0 21.353282,60.211086,0 21.448904,60.183743,0</coordinates>
              </LinearRing>
            </outerBoundaryIs>
          </Polygon>
          <Polygon>
            <altitudeMode>clampToGround</altitudeMode>
            <outerBoundaryIs>
              <LinearRing>
                <coordinates>22.232270,60.184963,0 22.209239,60.204250,0 22.296886,60.221259,0 22.232270,60.184963,0</coordinates>
              </LinearRing>
            </outerBoundaryIs>
          </Polygon>
          <Polygon>
            <altitudeMode>clampToGround</altitudeMode>
            <outerBoundaryIs>
              <LinearRing>
                <coordinates>21.563487,60.226223,0 21.586925,60.269355,0 21.601736,60.222561,0 21.563487,60.226223,0</coordinates>
              </LinearRing>
            </outerBoundaryIs>
          </Polygon>
          <Polygon>
            <altitudeMode>clampToGround</altitudeMode>
            <outerBoundaryIs>
              <LinearRing>
                <coordinates>22.076671,60.283515,0 22.339610,60.286200,0 22.181163,60.281317,0 22.076671,60.283515,0</coordinates>
              </LinearRing>
            </outerBoundaryIs>
          </Polygon>
          <Polygon>
            <altitudeMode>clampToGround</altitudeMode>
            <outerBoundaryIs>
              <LinearRing>
                <coordinates>21.972911,60.285346,0 22.008311,60.297309,0 22.006033,60.292141,0 21.972911,60.285346,0</coordinates>
              </LinearRing>
            </outerBoundaryIs>
          </Polygon>
          <Polygon>
            <altitudeMode>clampToGround</altitudeMode>
            <outerBoundaryIs>
              <LinearRing>
                <coordinates>21.973806,60.309312,0 21.956879,60.281399,0 21.875336,60.304877,0 21.973806,60.309312,0</coordinates>
              </LinearRing>
            </outerBoundaryIs>
          </Polygon>
          <Polygon>
            <altitudeMode>clampToGround</altitudeMode>
            <outerBoundaryIs>
              <LinearRing>
                <coordinates>22.157237,60.351874,0 22.255707,60.374172,0 22.191091,60.341742,0 22.157237,60.351874,0</coordinates>
              </LinearRing>
            </outerBoundaryIs>
          </Polygon>
          <Polygon>
            <altitudeMode>clampToGround</altitudeMode>
            <outerBoundaryIs>
              <LinearRing>
                <coordinates>22.104259,60.354153,0 22.137869,60.379096,0 22.207530,60.375556,0 22.104259,60.354153,0</coordinates>
              </LinearRing>
            </outerBoundaryIs>
          </Polygon>
          <Polygon>
            <altitudeMode>clampToGround</altitudeMode>
            <outerBoundaryIs>
              <LinearRing>
                <coordinates>21.294444,60.370510,0 21.307791,60.389594,0 21.355317,60.351793,0 21.294444,60.370510,0</coordinates>
              </LinearRing>
            </outerBoundaryIs>
          </Polygon>
          <Polygon>
            <altitudeMode>clampToGround</altitudeMode>
            <outerBoundaryIs>
              <LinearRing>
                <coordinates>21.997569,60.333930,0 21.785330,60.385443,0 21.808116,60.466702,0 21.997569,60.333930,0</coordinates>
              </LinearRing>
            </outerBoundaryIs>
          </Polygon>
          <Polygon>
            <altitudeMode>clampToGround</altitudeMode>
            <outerBoundaryIs>
              <LinearRing>
                <coordinates>21.764171,60.525784,0 21.760509,60.512030,0 21.714203,60.508612,0 21.764171,60.525784,0</coordinates>
              </LinearRing>
            </outerBoundaryIs>
          </Polygon>
          <Polygon>
            <altitudeMode>clampToGround</altitudeMode>
            <outerBoundaryIs>
              <LinearRing>
                <coordinates>21.324880,60.482082,0 21.250255,60.498440,0 21.229177,60.559882,0 21.324880,60.482082,0</coordinates>
              </LinearRing>
            </outerBoundaryIs>
          </Polygon>
          <Polygon>
            <altitudeMode>clampToGround</altitudeMode>
            <outerBoundaryIs>
              <LinearRing>
                <coordinates>21.333832,60.557359,0 21.482270,60.525784,0 21.336111,60.519436,0 21.333832,60.557359,0</coordinates>
              </LinearRing>
            </outerBoundaryIs>
          </Polygon>
          <Polygon>
            <altitudeMode>clampToGround</altitudeMode>
            <outerBoundaryIs>
              <LinearRing>
                <coordinates>21.233165,60.593899,0 21.213878,60.616360,0 21.281505,60.575629,0 21.298676,60.567328,0 21.233165,60.593899,0</coordinates>
              </LinearRing>
            </outerBoundaryIs>
          </Polygon>
          <Polygon>
            <altitudeMode>clampToGround</altitudeMode>
            <outerBoundaryIs>
              <LinearRing>
                <coordinates>21.186290,60.856513,0 21.206554,60.863186,0 21.263194,60.830268,0 21.186290,60.856513,0</coordinates>
              </LinearRing>
            </outerBoundaryIs>
          </Polygon>
          <Polygon>
            <altitudeMode>clampToGround</altitudeMode>
            <outerBoundaryIs>
              <LinearRing>
                <coordinates>21.202403,60.889472,0 21.304942,60.971381,0 21.374278,60.930406,0 21.318126,60.880194,0 21.202403,60.889472,0</coordinates>
              </LinearRing>
            </outerBoundaryIs>
          </Polygon>
          <Polygon>
            <altitudeMode>clampToGround</altitudeMode>
            <outerBoundaryIs>
              <LinearRing>
                <coordinates>21.342947,61.190619,0 21.380056,61.214016,0 21.352387,61.176011,0 21.342947,61.190619,0</coordinates>
              </LinearRing>
            </outerBoundaryIs>
          </Polygon>
          <Polygon>
            <altitudeMode>clampToGround</altitudeMode>
            <outerBoundaryIs>
              <LinearRing>
                <coordinates>21.459972,61.629340,0 21.484548,61.640448,0 21.526134,61.629096,0 21.459972,61.629340,0</coordinates>
              </LinearRing>
            </outerBoundaryIs>
          </Polygon>
          <Polygon>
            <altitudeMode>clampToGround</altitudeMode>
            <outerBoundaryIs>
              <LinearRing>
                <coordinates>21.221934,62.951361,0 21.146658,62.953274,0 21.195649,62.994371,0 21.221934,62.951361,0</coordinates>
              </LinearRing>
            </outerBoundaryIs>
          </Polygon>
          <Polygon>
            <altitudeMode>clampToGround</altitudeMode>
            <outerBoundaryIs>
              <LinearRing>
                <coordinates>21.078949,63.287787,0 21.422130,63.246812,0 21.147227,63.182196,0 21.078949,63.287787,0</coordinates>
              </LinearRing>
            </outerBoundaryIs>
          </Polygon>
          <Polygon>
            <altitudeMode>clampToGround</altitudeMode>
            <outerBoundaryIs>
              <LinearRing>
                <coordinates>22.068696,63.283881,0 22.069184,63.318549,0 22.246267,63.307074,0 22.068696,63.283881,0</coordinates>
              </LinearRing>
            </outerBoundaryIs>
          </Polygon>
          <Polygon>
            <altitudeMode>clampToGround</altitudeMode>
            <outerBoundaryIs>
              <LinearRing>
                <coordinates>22.060802,63.302151,0 21.989919,63.277574,0 22.007579,63.324897,0 22.060802,63.302151,0</coordinates>
              </LinearRing>
            </outerBoundaryIs>
          </Polygon>
          <Polygon>
            <altitudeMode>clampToGround</altitudeMode>
            <outerBoundaryIs>
              <LinearRing>
                <coordinates>21.229177,63.328803,0 21.374278,63.349270,0 21.315278,63.304023,0 21.229177,63.328803,0</coordinates>
              </LinearRing>
            </outerBoundaryIs>
          </Polygon>
          <Polygon>
            <altitudeMode>clampToGround</altitudeMode>
            <outerBoundaryIs>
              <LinearRing>
                <coordinates>21.996430,63.384711,0 22.096039,63.383490,0 21.948985,63.333808,0 21.996430,63.384711,0</coordinates>
              </LinearRing>
            </outerBoundaryIs>
          </Polygon>
          <Polygon>
            <altitudeMode>clampToGround</altitudeMode>
            <outerBoundaryIs>
              <LinearRing>
                <coordinates>20.870860,63.669379,0 20.856130,63.650946,0 20.864594,63.676744,0 20.870860,63.669379,0</coordinates>
              </LinearRing>
            </outerBoundaryIs>
          </Polygon>
          <Polygon>
            <altitudeMode>clampToGround</altitudeMode>
            <outerBoundaryIs>
              <LinearRing>
                <coordinates>20.864757,63.683092,0 20.880870,63.742377,0 20.923106,63.703192,0 20.864757,63.683092,0</coordinates>
              </LinearRing>
            </outerBoundaryIs>
          </Polygon>
          <Polygon>
            <altitudeMode>clampToGround</altitudeMode>
            <outerBoundaryIs>
              <LinearRing>
                <coordinates>20.920421,63.773749,0 20.839203,63.767564,0 20.904633,63.793524,0 20.920421,63.773749,0</coordinates>
              </LinearRing>
            </outerBoundaryIs>
          </Polygon>
          <Polygon>
            <altitudeMode>clampToGround</altitudeMode>
            <outerBoundaryIs>
              <LinearRing>
                <coordinates>22.147309,65.468655,0 22.210216,65.465806,0 22.153575,65.430365,0 22.147309,65.468655,0</coordinates>
              </LinearRing>
            </outerBoundaryIs>
          </Polygon>
          <Polygon>
            <altitudeMode>clampToGround</altitudeMode>
            <outerBoundaryIs>
              <LinearRing>
                <coordinates>22.186778,65.537828,0 22.358246,65.495063,0 22.332693,65.491645,0 22.186778,65.537828,0</coordinates>
              </LinearRing>
            </outerBoundaryIs>
          </Polygon>
          <Polygon>
            <altitudeMode>clampToGround</altitudeMode>
            <outerBoundaryIs>
              <LinearRing>
                <coordinates>20.722016,69.904120,0 20.706716,69.817288,0 20.562755,69.895982,0 20.722016,69.904120,0</coordinates>
              </LinearRing>
            </outerBoundaryIs>
          </Polygon>
          <Polygon>
            <altitudeMode>clampToGround</altitudeMode>
            <outerBoundaryIs>
              <LinearRing>
                <coordinates>21.667979,69.948391,0 21.701996,69.954779,0 21.695811,69.927924,0 21.667979,69.948391,0</coordinates>
              </LinearRing>
            </outerBoundaryIs>
          </Polygon>
          <Polygon>
            <altitudeMode>clampToGround</altitudeMode>
            <outerBoundaryIs>
              <LinearRing>
                <coordinates>21.099376,70.010484,0 20.940440,69.946967,0 20.802013,70.037502,0 21.099376,70.010484,0</coordinates>
              </LinearRing>
            </outerBoundaryIs>
          </Polygon>
          <Polygon>
            <altitudeMode>clampToGround</altitudeMode>
            <outerBoundaryIs>
              <LinearRing>
                <coordinates>19.995860,70.016750,0 19.949962,70.009711,0 19.947927,70.026801,0 19.995860,70.016750,0</coordinates>
              </LinearRing>
            </outerBoundaryIs>
          </Polygon>
          <Polygon>
            <altitudeMode>clampToGround</altitudeMode>
            <outerBoundaryIs>
              <LinearRing>
                <coordinates>21.041026,70.061347,0 21.020030,70.028144,0 20.955333,70.024115,0 21.041026,70.061347,0</coordinates>
              </LinearRing>
            </outerBoundaryIs>
          </Polygon>
          <Polygon>
            <altitudeMode>clampToGround</altitudeMode>
            <outerBoundaryIs>
              <LinearRing>
                <coordinates>20.792979,70.119045,0 20.831798,70.150946,0 20.861664,70.068996,0 20.792979,70.119045,0</coordinates>
              </LinearRing>
            </outerBoundaryIs>
          </Polygon>
          <Polygon>
            <altitudeMode>clampToGround</altitudeMode>
            <outerBoundaryIs>
              <LinearRing>
                <coordinates>20.794200,70.067816,0 20.389903,70.102688,0 20.824392,70.209866,0 20.771007,70.115546,0 20.794200,70.067816,0</coordinates>
              </LinearRing>
            </outerBoundaryIs>
          </Polygon>
          <Polygon>
            <altitudeMode>clampToGround</altitudeMode>
            <outerBoundaryIs>
              <LinearRing>
                <coordinates>21.793712,70.323432,0 21.703136,70.261786,0 21.712250,70.389228,0 21.793712,70.323432,0</coordinates>
              </LinearRing>
            </outerBoundaryIs>
          </Polygon>
          <Polygon>
            <altitudeMode>clampToGround</altitudeMode>
            <outerBoundaryIs>
              <LinearRing>
                <coordinates>20.153575,78.475409,0 22.064789,78.597113,0 22.271251,78.267524,0 20.468761,78.315334,0 20.661143,78.391059,0 20.153575,78.475409,0</coordinates>
              </LinearRing>
            </outerBoundaryIs>
          </Polygon>
          <Polygon>
            <altitudeMode>clampToGround</altitudeMode>
            <outerBoundaryIs>
              <LinearRing>
                <coordinates>20.831798,79.055162,0 20.358246,78.994696,0 20.044200,79.041490,0 20.188731,79.131659,0 20.831798,79.055162,0</coordinates>
              </LinearRing>
            </outerBoundaryIs>
          </Polygon>
          <Polygon>
            <altitudeMode>clampToGround</altitudeMode>
            <outerBoundaryIs>
              <LinearRing>
                <coordinates>20.177989,79.353420,0 20.143891,79.336249,0 19.626475,79.391588,0 20.177989,79.353420,0</coordinates>
              </LinearRing>
            </outerBoundaryIs>
          </Polygon>
          <Polygon>
            <altitudeMode>clampToGround</altitudeMode>
            <outerBoundaryIs>
              <LinearRing>
                <coordinates>20.133556,80.515041,0 19.987315,80.489407,0 19.852224,80.505032,0 20.133556,80.515041,0</coordinates>
              </LinearRing>
            </outerBoundaryIs>
          </Polygon>
          <Polygon>
            <altitudeMode>clampToGround</altitudeMode>
            <outerBoundaryIs>
              <LinearRing>
                <coordinates>20.791515,80.659613,0 20.666515,80.642157,0 20.496104,80.659613,0 20.791515,80.659613,0</coordinates>
              </LinearRing>
            </outerBoundaryIs>
          </Polygon>
          <Polygon>
            <altitudeMode>clampToGround</altitudeMode>
            <outerBoundaryIs>
              <LinearRing>
                <coordinates>21.366954,80.680121,0 21.089529,80.657172,0 21.024262,80.693793,0 21.366954,80.680121,0</coordinates>
              </LinearRing>
            </outerBoundaryIs>
          </Polygon>
          <Polygon>
            <altitudeMode>clampToGround</altitudeMode>
            <outerBoundaryIs>
              <LinearRing>
                <coordinates>20.674815,80.707424,0 20.517833,80.769477,0 21.003184,80.714260,0 20.674815,80.707424,0</coordinates>
              </LinearRing>
            </outerBoundaryIs>
          </Polygon>
          <Polygon>
            <altitudeMode>clampToGround</altitudeMode>
            <outerBoundaryIs>
              <LinearRing>
                <coordinates>22.706965,54.418747,0 22.848352,54.813813,0 22.565475,55.067803,0 21.267589,55.248684,0 20.969086,56.253485,0 21.052745,56.828925,0 21.699229,57.555325,0 22.585785,57.759711,0 23.585134,56.979071,0 24.379161,57.230211,0 24.285981,57.832587,0 24.551036,58.333726,0 23.740977,58.343085,0 23.497732,58.696601,0 23.874360,58.771674,0 23.429454,58.764838,0 23.627696,58.979153,0 23.408376,59.025580,0 23.470876,59.212144,0 24.803477,59.570502,0 25.409434,59.491034,0 25.484874,59.669827,0 28.019054,59.481757,0 28.181825,59.356068,0 27.410606,58.754864,0 27.799316,57.861069,0 27.328027,57.583153,0 27.840295,57.290639,0 27.628370,56.844154,0 27.913521,56.820150,0 28.215311,56.255999,0 27.592713,55.794244,0 26.615615,55.687971,0 26.499240,55.428091,0 26.800720,55.273320,0 25.721200,54.766736,0 25.528653,54.320975,0 25.763057,54.156437,0 25.459355,54.298909,0 24.788698,53.969678,0 23.627116,53.898210,0 22.706965,54.418747,0</coordinates>
              </LinearRing>
            </outerBoundaryIs>
          </Polygon>
          <Polygon>
            <altitudeMode>clampToGround</altitudeMode>
            <outerBoundaryIs>
              <LinearRing>
                <coordinates>23.224294,57.823717,0 23.260509,57.813544,0 23.217784,57.800930,0 23.224294,57.823717,0</coordinates>
              </LinearRing>
            </outerBoundaryIs>
          </Polygon>
          <Polygon>
            <altitudeMode>clampToGround</altitudeMode>
            <outerBoundaryIs>
              <LinearRing>
                <coordinates>24.022146,58.129869,0 23.970714,58.099595,0 24.013357,58.153510,0 24.022146,58.129869,0</coordinates>
              </LinearRing>
            </outerBoundaryIs>
          </Polygon>
          <Polygon>
            <altitudeMode>clampToGround</altitudeMode>
            <outerBoundaryIs>
              <LinearRing>
                <coordinates>22.016856,57.914496,0 22.202973,58.147895,0 21.867849,58.264594,0 22.011241,58.353949,0 21.832367,58.510972,0 22.922048,58.617418,0 23.234874,58.439887,0 22.016856,57.914496,0</coordinates>
              </LinearRing>
            </outerBoundaryIs>
          </Polygon>
          <Polygon>
            <altitudeMode>clampToGround</altitudeMode>
            <outerBoundaryIs>
              <LinearRing>
                <coordinates>23.400238,58.555406,0 23.234874,58.534654,0 23.197765,58.680609,0 23.400238,58.555406,0</coordinates>
              </LinearRing>
            </outerBoundaryIs>
          </Polygon>
          <Polygon>
            <altitudeMode>clampToGround</altitudeMode>
            <outerBoundaryIs>
              <LinearRing>
                <coordinates>22.044688,58.936184,0 22.666677,59.084906,0 23.040538,58.840766,0 22.555675,58.686998,0 22.044688,58.936184,0</coordinates>
              </LinearRing>
            </outerBoundaryIs>
          </Polygon>
          <Polygon>
            <altitudeMode>clampToGround</altitudeMode>
            <outerBoundaryIs>
              <LinearRing>
                <coordinates>23.393728,58.996243,0 23.374278,58.975531,0 23.114106,59.021796,0 23.393728,58.996243,0</coordinates>
              </LinearRing>
            </outerBoundaryIs>
          </Polygon>
          <Polygon>
            <altitudeMode>clampToGround</altitudeMode>
            <outerBoundaryIs>
              <LinearRing>
                <coordinates>24.487315,59.578518,0 24.515880,59.598090,0 24.516287,59.544257,0 24.487315,59.578518,0</coordinates>
              </LinearRing>
            </outerBoundaryIs>
          </Polygon>
          <Polygon>
            <altitudeMode>clampToGround</altitudeMode>
            <outerBoundaryIs>
              <LinearRing>
                <coordinates>22.512869,59.873725,0 22.443696,59.851467,0 22.413829,59.861233,0 22.512869,59.873725,0</coordinates>
              </LinearRing>
            </outerBoundaryIs>
          </Polygon>
          <Polygon>
            <altitudeMode>clampToGround</altitudeMode>
            <outerBoundaryIs>
              <LinearRing>
                <coordinates>23.847423,59.954657,0 23.870291,59.972805,0 23.870779,59.946723,0 23.847423,59.954657,0</coordinates>
              </LinearRing>
            </outerBoundaryIs>
          </Polygon>
          <Polygon>
            <altitudeMode>clampToGround</altitudeMode>
            <outerBoundaryIs>
              <LinearRing>
                <coordinates>22.872244,60.006049,0 22.855154,60.055569,0 22.926606,60.065375,0 22.872244,60.006049,0</coordinates>
              </LinearRing>
            </outerBoundaryIs>
          </Polygon>
          <Polygon>
            <altitudeMode>clampToGround</altitudeMode>
            <outerBoundaryIs>
              <LinearRing>
                <coordinates>22.449474,60.066474,0 22.442638,59.997504,0 22.354828,60.075629,0 22.449474,60.066474,0</coordinates>
              </LinearRing>
            </outerBoundaryIs>
          </Polygon>
          <Polygon>
            <altitudeMode>clampToGround</altitudeMode>
            <outerBoundaryIs>
              <LinearRing>
                <coordinates>22.845470,60.082221,0 22.891612,60.119086,0 22.946788,60.084703,0 22.845470,60.082221,0</coordinates>
              </LinearRing>
            </outerBoundaryIs>
          </Polygon>
          <Polygon>
            <altitudeMode>clampToGround</altitudeMode>
            <outerBoundaryIs>
              <LinearRing>
                <coordinates>22.415212,60.149604,0 22.956391,60.292955,0 22.606456,59.984524,0 22.415212,60.149604,0</coordinates>
              </LinearRing>
            </outerBoundaryIs>
          </Polygon>
          <Polygon>
            <altitudeMode>clampToGround</altitudeMode>
            <outerBoundaryIs>
              <LinearRing>
                <coordinates>22.375011,60.204047,0 22.385590,60.195258,0 22.288341,60.149848,0 22.375011,60.204047,0</coordinates>
              </LinearRing>
            </outerBoundaryIs>
          </Polygon>
          <Polygon>
            <altitudeMode>clampToGround</altitudeMode>
            <outerBoundaryIs>
              <LinearRing>
                <coordinates>25.814220,60.207668,0 25.822032,60.216295,0 25.835623,60.196031,0 25.814220,60.207668,0</coordinates>
              </LinearRing>
            </outerBoundaryIs>
          </Polygon>
          <Polygon>
            <altitudeMode>clampToGround</altitudeMode>
            <outerBoundaryIs>
              <LinearRing>
                <coordinates>25.581716,60.296373,0 25.684418,60.245185,0 25.570160,60.258043,0 25.581716,60.296373,0</coordinates>
              </LinearRing>
            </outerBoundaryIs>
          </Polygon>
          <Polygon>
            <altitudeMode>clampToGround</altitudeMode>
            <outerBoundaryIs>
              <LinearRing>
                <coordinates>22.312836,60.320950,0 22.477306,60.320950,0 22.367442,60.292955,0 22.312836,60.320950,0</coordinates>
              </LinearRing>
            </outerBoundaryIs>
          </Polygon>
          <Polygon>
            <altitudeMode>clampToGround</altitudeMode>
            <outerBoundaryIs>
              <LinearRing>
                <coordinates>26.652599,60.426907,0 26.548595,60.378363,0 26.602061,60.446519,0 26.652599,60.426907,0</coordinates>
              </LinearRing>
            </outerBoundaryIs>
          </Polygon>
          <Polygon>
            <altitudeMode>clampToGround</altitudeMode>
            <outerBoundaryIs>
              <LinearRing>
                <coordinates>22.681488,63.763414,0 22.763845,63.791449,0 22.828868,63.776313,0 22.681488,63.763414,0</coordinates>
              </LinearRing>
            </outerBoundaryIs>
          </Polygon>
          <Polygon>
            <altitudeMode>clampToGround</altitudeMode>
            <outerBoundaryIs>
              <LinearRing>
                <coordinates>25.061818,65.043480,0 24.631602,64.967841,0 24.562755,65.037177,0 24.834506,65.094800,0 25.061818,65.043480,0</coordinates>
              </LinearRing>
            </outerBoundaryIs>
          </Polygon>
          <Polygon>
            <altitudeMode>clampToGround</altitudeMode>
            <outerBoundaryIs>
              <LinearRing>
                <coordinates>22.285167,65.431627,0 22.294770,65.452867,0 22.417817,65.449937,0 22.285167,65.431627,0</coordinates>
              </LinearRing>
            </outerBoundaryIs>
          </Polygon>
          <Polygon>
            <altitudeMode>clampToGround</altitudeMode>
            <outerBoundaryIs>
              <LinearRing>
                <coordinates>22.614268,65.511908,0 22.567556,65.516913,0 22.558930,65.538275,0 22.614268,65.511908,0</coordinates>
              </LinearRing>
            </outerBoundaryIs>
          </Polygon>
          <Polygon>
            <altitudeMode>clampToGround</altitudeMode>
            <outerBoundaryIs>
              <LinearRing>
                <coordinates>22.529145,65.576239,0 22.641449,65.589097,0 22.539317,65.563666,0 22.529145,65.576239,0</coordinates>
              </LinearRing>
            </outerBoundaryIs>
          </Polygon>
          <Polygon>
            <altitudeMode>clampToGround</altitudeMode>
            <outerBoundaryIs>
              <LinearRing>
                <coordinates>22.604503,65.600287,0 22.570160,65.594794,0 22.554454,65.605373,0 22.604503,65.600287,0</coordinates>
              </LinearRing>
            </outerBoundaryIs>
          </Polygon>
          <Polygon>
            <altitudeMode>clampToGround</altitudeMode>
            <outerBoundaryIs>
              <LinearRing>
                <coordinates>22.882172,65.720445,0 22.886241,65.737372,0 22.971934,65.667060,0 22.882172,65.720445,0</coordinates>
              </LinearRing>
            </outerBoundaryIs>
          </Polygon>
          <Polygon>
            <altitudeMode>clampToGround</altitudeMode>
            <outerBoundaryIs>
              <LinearRing>
                <coordinates>23.802745,65.743720,0 23.738292,65.696723,0 23.713552,65.751899,0 23.802745,65.743720,0</coordinates>
              </LinearRing>
            </outerBoundaryIs>
          </Polygon>
          <Polygon>
            <altitudeMode>clampToGround</altitudeMode>
            <outerBoundaryIs>
              <LinearRing>
                <coordinates>22.811371,65.714097,0 22.741059,65.713609,0 22.746837,65.770413,0 22.811371,65.714097,0</coordinates>
              </LinearRing>
            </outerBoundaryIs>
          </Polygon>
          <Polygon>
            <altitudeMode>clampToGround</altitudeMode>
            <outerBoundaryIs>
              <LinearRing>
                <coordinates>29.842459,69.908922,0 30.107432,69.828599,0 29.713227,69.763414,0 29.842459,69.908922,0</coordinates>
              </LinearRing>
            </outerBoundaryIs>
          </Polygon>
          <Polygon>
            <altitudeMode>clampToGround</altitudeMode>
            <outerBoundaryIs>
              <LinearRing>
                <coordinates>22.373709,70.331977,0 22.756358,70.394965,0 23.019054,70.264960,0 22.731700,70.256903,0 22.373709,70.331977,0</coordinates>
              </LinearRing>
            </outerBoundaryIs>
          </Polygon>
          <Polygon>
            <altitudeMode>clampToGround</altitudeMode>
            <outerBoundaryIs>
              <LinearRing>
                <coordinates>23.662283,70.469794,0 23.104666,70.283271,0 22.854015,70.407701,0 23.573497,70.613186,0 23.662283,70.469794,0</coordinates>
              </LinearRing>
            </outerBoundaryIs>
          </Polygon>
          <Polygon>
            <altitudeMode>clampToGround</altitudeMode>
            <outerBoundaryIs>
              <LinearRing>
                <coordinates>24.128429,70.620022,0 23.928966,70.523261,0 23.709239,70.748603,0 24.128429,70.620022,0</coordinates>
              </LinearRing>
            </outerBoundaryIs>
          </Polygon>
          <Polygon>
            <altitudeMode>clampToGround</altitudeMode>
            <outerBoundaryIs>
              <LinearRing>
                <coordinates>23.484141,70.798774,0 22.140880,70.482856,0 22.333344,70.613186,0 21.950369,70.647935,0 23.484141,70.798774,0</coordinates>
              </LinearRing>
            </outerBoundaryIs>
          </Polygon>
          <Polygon>
            <altitudeMode>clampToGround</altitudeMode>
            <outerBoundaryIs>
              <LinearRing>
                <coordinates>23.885753,70.996161,0 24.245128,70.955797,0 24.005707,70.922838,0 23.885753,70.996161,0</coordinates>
              </LinearRing>
            </outerBoundaryIs>
          </Polygon>
          <Polygon>
            <altitudeMode>clampToGround</altitudeMode>
            <outerBoundaryIs>
              <LinearRing>
                <coordinates>25.293305,71.045152,0 26.218110,71.031562,0 25.553396,70.927883,0 25.293305,71.045152,0</coordinates>
              </LinearRing>
            </outerBoundaryIs>
          </Polygon>
          <Polygon>
            <altitudeMode>clampToGround</altitudeMode>
            <outerBoundaryIs>
              <LinearRing>
                <coordinates>24.836925,71.094875,0 24.770030,71.026190,0 24.712576,71.107571,0 24.836925,71.094875,0</coordinates>
              </LinearRing>
            </outerBoundaryIs>
          </Polygon>
          <Polygon>
            <altitudeMode>clampToGround</altitudeMode>
            <outerBoundaryIs>
              <LinearRing>
                <coordinates>25.416270,76.691596,0 25.580821,76.712063,0 24.943370,76.445136,0 25.416270,76.691596,0</coordinates>
              </LinearRing>
            </outerBoundaryIs>
          </Polygon>
          <Polygon>
            <altitudeMode>clampToGround</altitudeMode>
            <outerBoundaryIs>
              <LinearRing>
                <coordinates>23.470470,78.158271,0 23.120453,77.985907,0 24.406505,77.865180,0 23.892833,77.508368,0 22.703947,77.237280,0 22.410899,77.420315,0 22.778331,77.554918,0 20.921723,77.442369,0 21.661794,77.918036,0 20.876964,78.098578,0 22.966075,78.256293,0 23.470470,78.158271,0</coordinates>
              </LinearRing>
            </outerBoundaryIs>
          </Polygon>
          <Polygon>
            <altitudeMode>clampToGround</altitudeMode>
            <outerBoundaryIs>
              <LinearRing>
                <coordinates>27.020763,78.698920,0 26.737559,78.626451,0 26.396332,78.775214,0 27.020763,78.698920,0</coordinates>
              </LinearRing>
            </outerBoundaryIs>
          </Polygon>
          <Polygon>
            <altitudeMode>clampToGround</altitudeMode>
            <outerBoundaryIs>
              <LinearRing>
                <coordinates>29.707042,78.898139,0 28.103282,78.822455,0 27.841970,78.843492,0 28.418630,78.966986,0 29.707042,78.898139,0</coordinates>
              </LinearRing>
            </outerBoundaryIs>
          </Polygon>
          <Polygon>
            <altitudeMode>clampToGround</altitudeMode>
            <outerBoundaryIs>
              <LinearRing>
                <coordinates>30.337087,78.994330,0 30.184255,78.966742,0 30.069591,79.008002,0 30.337087,78.994330,0</coordinates>
              </LinearRing>
            </outerBoundaryIs>
          </Polygon>
          <Polygon>
            <altitudeMode>clampToGround</altitudeMode>
            <outerBoundaryIs>
              <LinearRing>
                <coordinates>18.111990,79.905504,0 18.789806,79.974433,0 18.933767,80.056342,0 17.782970,80.138251,0 19.584809,80.151923,0 19.033458,80.357978,0 19.671723,80.217475,0 19.851817,80.220771,0 19.913829,80.385240,0 19.468761,80.408881,0 19.656749,80.505032,0 20.852875,80.213935,0 21.846690,80.272121,0 21.599620,80.125230,0 22.283214,79.983059,0 22.576020,80.299018,0 22.337738,80.383857,0 22.750336,80.330024,0 22.781586,80.517279,0 23.360606,80.433051,0 23.120942,80.391547,0 23.353770,80.337551,0 23.055024,80.248358,0 23.006684,80.162095,0 23.122325,80.117580,0 24.829926,80.355902,0 27.191905,80.109605,0 27.207367,79.873684,0 24.053071,79.188870,0 19.633311,79.611314,0 21.154552,79.569078,0 20.475597,79.686428,0 21.850352,79.706936,0 22.287446,79.805732,0 18.783865,79.723090,0 18.111990,79.905504,0</coordinates>
              </LinearRing>
            </outerBoundaryIs>
          </Polygon>
          <Polygon>
            <altitudeMode>clampToGround</altitudeMode>
            <outerBoundaryIs>
              <LinearRing>
                <coordinates>31.477061,80.103949,0 33.298595,80.248114,0 33.640391,80.220771,0 32.831065,80.133246,0 31.477061,80.103949,0</coordinates>
              </LinearRing>
            </outerBoundaryIs>
          </Polygon>
          <Polygon>
            <altitudeMode>clampToGround</altitudeMode>
            <outerBoundaryIs>
              <LinearRing>
                <coordinates>24.381602,80.391547,0 24.167166,80.383368,0 24.242849,80.454047,0 24.381602,80.391547,0</coordinates>
              </LinearRing>
            </outerBoundaryIs>
          </Polygon>
          <Polygon>
            <altitudeMode>clampToGround</altitudeMode>
            <outerBoundaryIs>
              <LinearRing>
                <coordinates>23.977550,80.494574,0 24.292247,80.488349,0 24.010509,80.483385,0 23.977550,80.494574,0</coordinates>
              </LinearRing>
            </outerBoundaryIs>
          </Polygon>
        </MultiGeometry>
      </Placemark>
    </Folder>
  </Document>
</kml>
