<?xml version="1.0" encoding="UTF-8"?>
<kml xmlns="http://www.opengis.net/kml/2.2" xmlns:gx="http://www.google.com/kml/ext/2.2" xmlns:kml="http://www.opengis.net/kml/2.2" xmlns:atom="http://www.w3.org/2005/Atom">
<Document id="document">
	<name>south-america-backup</name>
	<visibility>0</visibility>
	<StyleMap id="__managed_style_18880A326B63F8C0BDF1C">
		<Pair>
			<key>normal</key>
			<styleUrl>#__managed_style_19301EC70E63F8C0BDF1C</styleUrl>
		</Pair>
		<Pair>
			<key>highlight</key>
			<styleUrl>#__managed_style_1A812747D7A3F8C0BDF1C</styleUrl>
		</Pair>
	</StyleMap>
	<gx:CascadingStyle kml:id="__managed_style_832342E3493F8C0BDF1F">
		<Style>
			<IconStyle>
				<scale>1.2</scale>
				<Icon>
					<href>https://earth.google.com/earth/document/icon?color=1976d2&amp;id=2000&amp;scale=4</href>
				</Icon>
				<hotSpot x="64" y="128" xunits="pixels" yunits="insetPixels"/>
			</IconStyle>
			<LabelStyle>
			</LabelStyle>
			<LineStyle>
				<color>fff14827</color>
				<width>0.75</width>
			</LineStyle>
			<PolyStyle>
				<color>80f14827</color>
			</PolyStyle>
			<BalloonStyle>
				<displayMode>hide</displayMode>
			</BalloonStyle>
		</Style>
	</gx:CascadingStyle>
	<StyleMap id="__managed_style_63784C42063F8C0BDF1F">
		<Pair>
			<key>normal</key>
			<styleUrl>#__managed_style_717B986C693F8C0BDF1F</styleUrl>
		</Pair>
		<Pair>
			<key>highlight</key>
			<styleUrl>#__managed_style_832342E3493F8C0BDF1F</styleUrl>
		</Pair>
	</StyleMap>
	<StyleMap id="__managed_style_3D7C60EEB63F8C0BDF1F">
		<Pair>
			<key>normal</key>
			<styleUrl>#__managed_style_480988BF263F8C0BDF1F</styleUrl>
		</Pair>
		<Pair>
			<key>highlight</key>
			<styleUrl>#__managed_style_5EDECA599A3F8C0BDF1F</styleUrl>
		</Pair>
	</StyleMap>
	<gx:CascadingStyle kml:id="__managed_style_5EDECA599A3F8C0BDF1F">
		<Style>
			<IconStyle>
				<scale>1.2</scale>
				<Icon>
					<href>https://earth.google.com/earth/document/icon?color=1976d2&amp;id=2000&amp;scale=4</href>
				</Icon>
				<hotSpot x="64" y="128" xunits="pixels" yunits="insetPixels"/>
			</IconStyle>
			<LabelStyle>
			</LabelStyle>
			<LineStyle>
				<color>ff3224a5</color>
				<width>0.75</width>
			</LineStyle>
			<PolyStyle>
				<color>803224a5</color>
			</PolyStyle>
			<BalloonStyle>
				<displayMode>hide</displayMode>
			</BalloonStyle>
		</Style>
	</gx:CascadingStyle>
	<StyleMap id="__managed_style_F0439965173F8C0BDF1C">
		<Pair>
			<key>normal</key>
			<styleUrl>#__managed_style_100DCAF56813F8C0BDF1C</styleUrl>
		</Pair>
		<Pair>
			<key>highlight</key>
			<styleUrl>#__managed_style_1139EF2ABE23F8C0BDF1C</styleUrl>
		</Pair>
	</StyleMap>
	<gx:CascadingStyle kml:id="__managed_style_146BEFA8D53F8C0BDF1F">
		<Style>
			<IconStyle>
				<Icon>
					<href>https://earth.google.com/earth/document/icon?color=1976d2&amp;id=2000&amp;scale=4</href>
				</Icon>
				<hotSpot x="64" y="128" xunits="pixels" yunits="insetPixels"/>
			</IconStyle>
			<LabelStyle>
			</LabelStyle>
			<LineStyle>
				<color>fff7915c</color>
				<width>0.5</width>
			</LineStyle>
			<PolyStyle>
				<color>80f7915c</color>
			</PolyStyle>
			<BalloonStyle>
				<displayMode>hide</displayMode>
			</BalloonStyle>
		</Style>
	</gx:CascadingStyle>
	<StyleMap id="__managed_style_05A8E7F0CE3F8C0BDF1F">
		<Pair>
			<key>normal</key>
			<styleUrl>#__managed_style_146BEFA8D53F8C0BDF1F</styleUrl>
		</Pair>
		<Pair>
			<key>highlight</key>
			<styleUrl>#__managed_style_219695EE953F8C0BDF1F</styleUrl>
		</Pair>
	</StyleMap>
	<gx:CascadingStyle kml:id="__managed_style_BBC07A4E963F8C0BDF1C">
		<Style>
			<IconStyle>
				<scale>1.2</scale>
				<Icon>
					<href>https://earth.google.com/earth/document/icon?color=1976d2&amp;id=2000&amp;scale=4</href>
				</Icon>
				<hotSpot x="64" y="128" xunits="pixels" yunits="insetPixels"/>
			</IconStyle>
			<LabelStyle>
			</LabelStyle>
			<LineStyle>
				<color>ff4bd3f5</color>
				<width>0.75</width>
			</LineStyle>
			<PolyStyle>
				<color>804bd3f5</color>
			</PolyStyle>
			<BalloonStyle>
				<displayMode>hide</displayMode>
			</BalloonStyle>
		</Style>
	</gx:CascadingStyle>
	<gx:CascadingStyle kml:id="__managed_style_100DCAF56813F8C0BDF1C">
		<Style>
			<IconStyle>
				<Icon>
					<href>https://earth.google.com/earth/document/icon?color=1976d2&amp;id=2000&amp;scale=4</href>
				</Icon>
				<hotSpot x="64" y="128" xunits="pixels" yunits="insetPixels"/>
			</IconStyle>
			<LabelStyle>
			</LabelStyle>
			<LineStyle>
				<color>ff4c88c3</color>
				<width>0.5</width>
			</LineStyle>
			<PolyStyle>
				<color>804c88c3</color>
			</PolyStyle>
			<BalloonStyle>
				<displayMode>hide</displayMode>
			</BalloonStyle>
		</Style>
	</gx:CascadingStyle>
	<gx:CascadingStyle kml:id="__managed_style_AEC6D17F2D3F8C0BDF1C">
		<Style>
			<IconStyle>
				<Icon>
					<href>https://earth.google.com/earth/document/icon?color=1976d2&amp;id=2000&amp;scale=4</href>
				</Icon>
				<hotSpot x="64" y="128" xunits="pixels" yunits="insetPixels"/>
			</IconStyle>
			<LabelStyle>
			</LabelStyle>
			<LineStyle>
				<color>ff4bd3f5</color>
				<width>0.5</width>
			</LineStyle>
			<PolyStyle>
				<color>804bd3f5</color>
			</PolyStyle>
			<BalloonStyle>
				<displayMode>hide</displayMode>
			</BalloonStyle>
		</Style>
	</gx:CascadingStyle>
	<StyleMap id="__managed_style_9707DCC0D13F8C0BDF1C">
		<Pair>
			<key>normal</key>
			<styleUrl>#__managed_style_AEC6D17F2D3F8C0BDF1C</styleUrl>
		</Pair>
		<Pair>
			<key>highlight</key>
			<styleUrl>#__managed_style_BBC07A4E963F8C0BDF1C</styleUrl>
		</Pair>
	</StyleMap>
	<gx:CascadingStyle kml:id="__managed_style_8817D5763D3F8C0BDF1C">
		<Style>
			<IconStyle>
				<scale>1.2</scale>
				<Icon>
					<href>https://earth.google.com/earth/document/icon?color=1976d2&amp;id=2000&amp;scale=4</href>
				</Icon>
				<hotSpot x="64" y="128" xunits="pixels" yunits="insetPixels"/>
			</IconStyle>
			<LabelStyle>
			</LabelStyle>
			<LineStyle>
				<color>ff2dc0fb</color>
				<width>0.75</width>
			</LineStyle>
			<PolyStyle>
				<color>80ffffff</color>
			</PolyStyle>
			<BalloonStyle>
				<displayMode>hide</displayMode>
			</BalloonStyle>
		</Style>
	</gx:CascadingStyle>
	<gx:CascadingStyle kml:id="__managed_style_480988BF263F8C0BDF1F">
		<Style>
			<IconStyle>
				<Icon>
					<href>https://earth.google.com/earth/document/icon?color=1976d2&amp;id=2000&amp;scale=4</href>
				</Icon>
				<hotSpot x="64" y="128" xunits="pixels" yunits="insetPixels"/>
			</IconStyle>
			<LabelStyle>
			</LabelStyle>
			<LineStyle>
				<color>ff3224a5</color>
				<width>0.5</width>
			</LineStyle>
			<PolyStyle>
				<color>803224a5</color>
			</PolyStyle>
			<BalloonStyle>
				<displayMode>hide</displayMode>
			</BalloonStyle>
		</Style>
	</gx:CascadingStyle>
	<gx:CascadingStyle kml:id="__managed_style_472044CD793F8C0BDF1C">
		<Style>
			<IconStyle>
				<Icon>
					<href>https://earth.google.com/earth/document/icon?color=1976d2&amp;id=2000&amp;scale=4</href>
				</Icon>
				<hotSpot x="64" y="128" xunits="pixels" yunits="insetPixels"/>
			</IconStyle>
			<LabelStyle>
			</LabelStyle>
			<LineStyle>
				<color>ff3c92be</color>
				<width>0.5</width>
			</LineStyle>
			<PolyStyle>
				<color>803c92be</color>
			</PolyStyle>
			<BalloonStyle>
				<displayMode>hide</displayMode>
			</BalloonStyle>
		</Style>
	</gx:CascadingStyle>
	<StyleMap id="__managed_style_3EB1A8145B3F8C0BDF1C">
		<Pair>
			<key>normal</key>
			<styleUrl>#__managed_style_472044CD793F8C0BDF1C</styleUrl>
		</Pair>
		<Pair>
			<key>highlight</key>
			<styleUrl>#__managed_style_5457D5FABA3F8C0BDF1C</styleUrl>
		</Pair>
	</StyleMap>
	<gx:CascadingStyle kml:id="__managed_style_717B986C693F8C0BDF1F">
		<Style>
			<IconStyle>
				<Icon>
					<href>https://earth.google.com/earth/document/icon?color=1976d2&amp;id=2000&amp;scale=4</href>
				</Icon>
				<hotSpot x="64" y="128" xunits="pixels" yunits="insetPixels"/>
			</IconStyle>
			<LabelStyle>
			</LabelStyle>
			<LineStyle>
				<color>fff14827</color>
				<width>0.5</width>
			</LineStyle>
			<PolyStyle>
				<color>80f14827</color>
			</PolyStyle>
			<BalloonStyle>
				<displayMode>hide</displayMode>
			</BalloonStyle>
		</Style>
	</gx:CascadingStyle>
	<gx:CascadingStyle kml:id="__managed_style_B3CA120A043F8C0BDF1B">
		<Style>
			<IconStyle>
				<scale>1.2</scale>
				<Icon>
					<href>https://earth.google.com/earth/document/icon?color=1976d2&amp;id=2000&amp;scale=4</href>
				</Icon>
				<hotSpot x="64" y="128" xunits="pixels" yunits="insetPixels"/>
			</IconStyle>
			<LabelStyle>
			</LabelStyle>
			<LineStyle>
				<color>ff4a9241</color>
				<width>0.75</width>
			</LineStyle>
			<PolyStyle>
				<color>804a9241</color>
			</PolyStyle>
			<BalloonStyle>
				<displayMode>hide</displayMode>
			</BalloonStyle>
		</Style>
	</gx:CascadingStyle>
	<gx:CascadingStyle kml:id="__managed_style_1A73A27D7C3F8C0BDF1C">
		<Style>
			<IconStyle>
				<Icon>
					<href>https://earth.google.com/earth/document/icon?color=1976d2&amp;id=2000&amp;scale=4</href>
				</Icon>
				<hotSpot x="64" y="128" xunits="pixels" yunits="insetPixels"/>
			</IconStyle>
			<LabelStyle>
			</LabelStyle>
			<LineStyle>
				<color>ff45c6f6</color>
				<width>0.5</width>
			</LineStyle>
			<PolyStyle>
				<color>8045c6f6</color>
			</PolyStyle>
			<BalloonStyle>
				<displayMode>hide</displayMode>
			</BalloonStyle>
		</Style>
	</gx:CascadingStyle>
	<StyleMap id="__managed_style_65C52B548E3F8C0BDF1C">
		<Pair>
			<key>normal</key>
			<styleUrl>#__managed_style_783FF03CFB3F8C0BDF1C</styleUrl>
		</Pair>
		<Pair>
			<key>highlight</key>
			<styleUrl>#__managed_style_8817D5763D3F8C0BDF1C</styleUrl>
		</Pair>
	</StyleMap>
	<gx:CascadingStyle kml:id="__managed_style_783FF03CFB3F8C0BDF1C">
		<Style>
			<IconStyle>
				<Icon>
					<href>https://earth.google.com/earth/document/icon?color=1976d2&amp;id=2000&amp;scale=4</href>
				</Icon>
				<hotSpot x="64" y="128" xunits="pixels" yunits="insetPixels"/>
			</IconStyle>
			<LabelStyle>
			</LabelStyle>
			<LineStyle>
				<color>ff2dc0fb</color>
				<width>0.5</width>
			</LineStyle>
			<PolyStyle>
				<color>80ffffff</color>
			</PolyStyle>
			<BalloonStyle>
				<displayMode>hide</displayMode>
			</BalloonStyle>
		</Style>
	</gx:CascadingStyle>
	<StyleMap id="__managed_style_0B66AB16D43F8C0BDF1C">
		<Pair>
			<key>normal</key>
			<styleUrl>#__managed_style_1A73A27D7C3F8C0BDF1C</styleUrl>
		</Pair>
		<Pair>
			<key>highlight</key>
			<styleUrl>#__managed_style_2803C0535E3F8C0BDF1C</styleUrl>
		</Pair>
	</StyleMap>
	<gx:CascadingStyle kml:id="__managed_style_5457D5FABA3F8C0BDF1C">
		<Style>
			<IconStyle>
				<scale>1.2</scale>
				<Icon>
					<href>https://earth.google.com/earth/document/icon?color=1976d2&amp;id=2000&amp;scale=4</href>
				</Icon>
				<hotSpot x="64" y="128" xunits="pixels" yunits="insetPixels"/>
			</IconStyle>
			<LabelStyle>
			</LabelStyle>
			<LineStyle>
				<color>ff3c92be</color>
				<width>0.75</width>
			</LineStyle>
			<PolyStyle>
				<color>803c92be</color>
			</PolyStyle>
			<BalloonStyle>
				<displayMode>hide</displayMode>
			</BalloonStyle>
		</Style>
	</gx:CascadingStyle>
	<gx:CascadingStyle kml:id="__managed_style_D72DAAD2C53F8C0BDF1B">
		<Style>
			<IconStyle>
				<Icon>
					<href>https://earth.google.com/earth/document/icon?color=1976d2&amp;id=2000&amp;scale=4</href>
				</Icon>
				<hotSpot x="64" y="128" xunits="pixels" yunits="insetPixels"/>
			</IconStyle>
			<LabelStyle>
			</LabelStyle>
			<LineStyle>
				<color>ff3b4acf</color>
				<width>0.5</width>
			</LineStyle>
			<PolyStyle>
				<color>803b4acf</color>
			</PolyStyle>
			<BalloonStyle>
				<displayMode>hide</displayMode>
			</BalloonStyle>
		</Style>
	</gx:CascadingStyle>
	<gx:CascadingStyle kml:id="__managed_style_19301EC70E63F8C0BDF1C">
		<Style>
			<IconStyle>
				<Icon>
					<href>https://earth.google.com/earth/document/icon?color=1976d2&amp;id=2000&amp;scale=4</href>
				</Icon>
				<hotSpot x="64" y="128" xunits="pixels" yunits="insetPixels"/>
			</IconStyle>
			<LabelStyle>
			</LabelStyle>
			<LineStyle>
				<color>ff523ea1</color>
				<width>0.5</width>
			</LineStyle>
			<PolyStyle>
				<color>80523ea1</color>
			</PolyStyle>
			<BalloonStyle>
				<displayMode>hide</displayMode>
			</BalloonStyle>
		</Style>
	</gx:CascadingStyle>
	<gx:CascadingStyle kml:id="__managed_style_219695EE953F8C0BDF1F">
		<Style>
			<IconStyle>
				<scale>1.2</scale>
				<Icon>
					<href>https://earth.google.com/earth/document/icon?color=1976d2&amp;id=2000&amp;scale=4</href>
				</Icon>
				<hotSpot x="64" y="128" xunits="pixels" yunits="insetPixels"/>
			</IconStyle>
			<LabelStyle>
			</LabelStyle>
			<LineStyle>
				<color>fff7915c</color>
				<width>0.75</width>
			</LineStyle>
			<PolyStyle>
				<color>80f7915c</color>
			</PolyStyle>
			<BalloonStyle>
				<displayMode>hide</displayMode>
			</BalloonStyle>
		</Style>
	</gx:CascadingStyle>
	<StyleMap id="__managed_style_CF3881D7E73F8C0BDF1B">
		<Pair>
			<key>normal</key>
			<styleUrl>#__managed_style_D72DAAD2C53F8C0BDF1B</styleUrl>
		</Pair>
		<Pair>
			<key>highlight</key>
			<styleUrl>#__managed_style_E6101536213F8C0BDF1B</styleUrl>
		</Pair>
	</StyleMap>
	<StyleMap id="__managed_style_97B415CEA13F8C0BDF1B">
		<Pair>
			<key>normal</key>
			<styleUrl>#__managed_style_AF0068EEEB3F8C0BDF1B</styleUrl>
		</Pair>
		<Pair>
			<key>highlight</key>
			<styleUrl>#__managed_style_B3CA120A043F8C0BDF1B</styleUrl>
		</Pair>
	</StyleMap>
	<gx:CascadingStyle kml:id="__managed_style_1DFEC7D21133F8C0BDF1C">
		<Style>
			<IconStyle>
				<scale>1.2</scale>
				<Icon>
					<href>https://earth.google.com/earth/document/icon?color=1976d2&amp;id=2000&amp;scale=4</href>
				</Icon>
				<hotSpot x="64" y="128" xunits="pixels" yunits="insetPixels"/>
			</IconStyle>
			<LabelStyle>
			</LabelStyle>
			<LineStyle>
				<color>ff88a955</color>
				<width>0.75</width>
			</LineStyle>
			<PolyStyle>
				<color>8088a955</color>
			</PolyStyle>
			<BalloonStyle>
				<displayMode>hide</displayMode>
			</BalloonStyle>
		</Style>
	</gx:CascadingStyle>
	<gx:CascadingStyle kml:id="__managed_style_1A986BD6433F8C0BDF1B">
		<Style>
			<IconStyle>
				<Icon>
					<href>https://earth.google.com/earth/document/icon?color=1976d2&amp;id=2000&amp;scale=4</href>
				</Icon>
				<hotSpot x="64" y="128" xunits="pixels" yunits="insetPixels"/>
			</IconStyle>
			<LabelStyle>
			</LabelStyle>
			<LineStyle>
				<color>ff2dc0fb</color>
				<width>2</width>
			</LineStyle>
			<PolyStyle>
				<color>40ffffff</color>
			</PolyStyle>
			<BalloonStyle>
			</BalloonStyle>
		</Style>
	</gx:CascadingStyle>
	<gx:CascadingStyle kml:id="__managed_style_E6101536213F8C0BDF1B">
		<Style>
			<IconStyle>
				<scale>1.2</scale>
				<Icon>
					<href>https://earth.google.com/earth/document/icon?color=1976d2&amp;id=2000&amp;scale=4</href>
				</Icon>
				<hotSpot x="64" y="128" xunits="pixels" yunits="insetPixels"/>
			</IconStyle>
			<LabelStyle>
			</LabelStyle>
			<LineStyle>
				<color>ff3b4acf</color>
				<width>0.75</width>
			</LineStyle>
			<PolyStyle>
				<color>803b4acf</color>
			</PolyStyle>
			<BalloonStyle>
				<displayMode>hide</displayMode>
			</BalloonStyle>
		</Style>
	</gx:CascadingStyle>
	<gx:CascadingStyle kml:id="__managed_style_1C12E36AB9B3F8C0BDF1C">
		<Style>
			<IconStyle>
				<Icon>
					<href>https://earth.google.com/earth/document/icon?color=1976d2&amp;id=2000&amp;scale=4</href>
				</Icon>
				<hotSpot x="64" y="128" xunits="pixels" yunits="insetPixels"/>
			</IconStyle>
			<LabelStyle>
			</LabelStyle>
			<LineStyle>
				<color>ff88a955</color>
				<width>0.5</width>
			</LineStyle>
			<PolyStyle>
				<color>8088a955</color>
			</PolyStyle>
			<BalloonStyle>
				<displayMode>hide</displayMode>
			</BalloonStyle>
		</Style>
	</gx:CascadingStyle>
	<gx:CascadingStyle kml:id="__managed_style_AF0068EEEB3F8C0BDF1B">
		<Style>
			<IconStyle>
				<Icon>
					<href>https://earth.google.com/earth/document/icon?color=1976d2&amp;id=2000&amp;scale=4</href>
				</Icon>
				<hotSpot x="64" y="128" xunits="pixels" yunits="insetPixels"/>
			</IconStyle>
			<LabelStyle>
			</LabelStyle>
			<LineStyle>
				<color>ff4a9241</color>
				<width>0.5</width>
			</LineStyle>
			<PolyStyle>
				<color>804a9241</color>
			</PolyStyle>
			<BalloonStyle>
				<displayMode>hide</displayMode>
			</BalloonStyle>
		</Style>
	</gx:CascadingStyle>
	<gx:CascadingStyle kml:id="__managed_style_1A812747D7A3F8C0BDF1C">
		<Style>
			<IconStyle>
				<scale>1.2</scale>
				<Icon>
					<href>https://earth.google.com/earth/document/icon?color=1976d2&amp;id=2000&amp;scale=4</href>
				</Icon>
				<hotSpot x="64" y="128" xunits="pixels" yunits="insetPixels"/>
			</IconStyle>
			<LabelStyle>
			</LabelStyle>
			<LineStyle>
				<color>ff523ea1</color>
				<width>0.75</width>
			</LineStyle>
			<PolyStyle>
				<color>80523ea1</color>
			</PolyStyle>
			<BalloonStyle>
				<displayMode>hide</displayMode>
			</BalloonStyle>
		</Style>
	</gx:CascadingStyle>
	<StyleMap id="__managed_style_1BDFF74DF003F8C0BDF1C">
		<Pair>
			<key>normal</key>
			<styleUrl>#__managed_style_1C12E36AB9B3F8C0BDF1C</styleUrl>
		</Pair>
		<Pair>
			<key>highlight</key>
			<styleUrl>#__managed_style_1DFEC7D21133F8C0BDF1C</styleUrl>
		</Pair>
	</StyleMap>
	<gx:CascadingStyle kml:id="__managed_style_55BD0D304C3F8C0BDF1B">
		<Style>
			<IconStyle>
				<scale>1.2</scale>
				<Icon>
					<href>https://earth.google.com/earth/document/icon?color=1976d2&amp;id=2000&amp;scale=4</href>
				</Icon>
				<hotSpot x="64" y="128" xunits="pixels" yunits="insetPixels"/>
			</IconStyle>
			<LabelStyle>
			</LabelStyle>
			<LineStyle>
				<color>ffe9b27c</color>
				<width>0.75</width>
			</LineStyle>
			<PolyStyle>
				<color>80e9b27c</color>
			</PolyStyle>
			<BalloonStyle>
				<displayMode>hide</displayMode>
			</BalloonStyle>
		</Style>
	</gx:CascadingStyle>
	<gx:CascadingStyle kml:id="__managed_style_2803C0535E3F8C0BDF1C">
		<Style>
			<IconStyle>
				<scale>1.2</scale>
				<Icon>
					<href>https://earth.google.com/earth/document/icon?color=1976d2&amp;id=2000&amp;scale=4</href>
				</Icon>
				<hotSpot x="64" y="128" xunits="pixels" yunits="insetPixels"/>
			</IconStyle>
			<LabelStyle>
			</LabelStyle>
			<LineStyle>
				<color>ff45c6f6</color>
				<width>0.75</width>
			</LineStyle>
			<PolyStyle>
				<color>8045c6f6</color>
			</PolyStyle>
			<BalloonStyle>
				<displayMode>hide</displayMode>
			</BalloonStyle>
		</Style>
	</gx:CascadingStyle>
	<gx:CascadingStyle kml:id="__managed_style_43A25EFAB13F8C0BDF1B">
		<Style>
			<IconStyle>
				<Icon>
					<href>https://earth.google.com/earth/document/icon?color=1976d2&amp;id=2000&amp;scale=4</href>
				</Icon>
				<hotSpot x="64" y="128" xunits="pixels" yunits="insetPixels"/>
			</IconStyle>
			<LabelStyle>
			</LabelStyle>
			<LineStyle>
				<color>ffe9b27c</color>
				<width>0.5</width>
			</LineStyle>
			<PolyStyle>
				<color>80e9b27c</color>
			</PolyStyle>
			<BalloonStyle>
				<displayMode>hide</displayMode>
			</BalloonStyle>
		</Style>
	</gx:CascadingStyle>
	<gx:CascadingStyle kml:id="__managed_style_20EC62F1CB3F8C0BDF1B">
		<Style>
			<IconStyle>
				<scale>1.2</scale>
				<Icon>
					<href>https://earth.google.com/earth/document/icon?color=1976d2&amp;id=2000&amp;scale=4</href>
				</Icon>
				<hotSpot x="64" y="128" xunits="pixels" yunits="insetPixels"/>
			</IconStyle>
			<LabelStyle>
			</LabelStyle>
			<LineStyle>
				<color>ff2dc0fb</color>
				<width>3</width>
			</LineStyle>
			<PolyStyle>
				<color>40ffffff</color>
			</PolyStyle>
			<BalloonStyle>
			</BalloonStyle>
		</Style>
	</gx:CascadingStyle>
	<StyleMap id="__managed_style_36E3F58F843F8C0BDF1B">
		<Pair>
			<key>normal</key>
			<styleUrl>#__managed_style_43A25EFAB13F8C0BDF1B</styleUrl>
		</Pair>
		<Pair>
			<key>highlight</key>
			<styleUrl>#__managed_style_55BD0D304C3F8C0BDF1B</styleUrl>
		</Pair>
	</StyleMap>
	<gx:CascadingStyle kml:id="__managed_style_1139EF2ABE23F8C0BDF1C">
		<Style>
			<IconStyle>
				<scale>1.2</scale>
				<Icon>
					<href>https://earth.google.com/earth/document/icon?color=1976d2&amp;id=2000&amp;scale=4</href>
				</Icon>
				<hotSpot x="64" y="128" xunits="pixels" yunits="insetPixels"/>
			</IconStyle>
			<LabelStyle>
			</LabelStyle>
			<LineStyle>
				<color>ff4c88c3</color>
				<width>0.75</width>
			</LineStyle>
			<PolyStyle>
				<color>804c88c3</color>
			</PolyStyle>
			<BalloonStyle>
				<displayMode>hide</displayMode>
			</BalloonStyle>
		</Style>
	</gx:CascadingStyle>
	<StyleMap id="__managed_style_08FA8503193F8C0BDF1B">
		<Pair>
			<key>normal</key>
			<styleUrl>#__managed_style_1A986BD6433F8C0BDF1B</styleUrl>
		</Pair>
		<Pair>
			<key>highlight</key>
			<styleUrl>#__managed_style_20EC62F1CB3F8C0BDF1B</styleUrl>
		</Pair>
	</StyleMap>
	<Folder id="0652A3E10D3F8C0BDEF6">
		<name>South America (wip)</name>
		<snippet></snippet>
		<styleUrl>#__managed_style_08FA8503193F8C0BDF1B</styleUrl>
		<Folder id="1FF23D2E6A3F8C0BDEF6">
			<name>Argentina</name>
			<snippet></snippet>
			<styleUrl>#__managed_style_08FA8503193F8C0BDF1B</styleUrl>
			<Placemark id="2772B381D33F8C0BDEF6">
				<name>Argentina</name>
				<snippet></snippet>
				<description>See: 2050-snapshot/domains/borders-geopolitics.md#lithium-triangle</description>
				<styleUrl>#__managed_style_36E3F58F843F8C0BDF1B</styleUrl>
				<Polygon>
					<outerBoundaryIs>
						<LinearRing>
							<coordinates>
								-67.01396699999999,-23.000714,0 -67.339787,-24.000601,0 -67.362369,-24.03036699999999,0 -67.412289,-24.055585,0 -68.24448599999999,-24.38538399999999,0 -68.326807,-24.498245,0 -68.397655,-24.500519,0 -68.451502,-24.629297,0 -68.49553,-24.601805,0 -68.572373,-24.769856,0 -68.578006,-24.808717,0 -68.555165,-24.862151,0 -68.473051,-24.907936,0 -68.469072,-24.936771,0 -68.437394,-24.974082,0 -68.443544,-25.021107,0 -68.367373,-25.103376,0 -68.366649,-25.123427,0 -68.39920499999999,-25.144821,0 -68.47403300000001,-25.145441,0 -68.516046,-25.183578,0 -68.605963,-25.436999,0 -68.602914,-25.51069,0 -68.55501,-25.572598,0 -68.56880700000001,-25.587791,0 -68.55935100000001,-25.663032,0 -68.498476,-25.754913,0 -68.409024,-26.144243,0 -68.419876,-26.179279,0 -68.575164,-26.30351,0 -68.59531699999999,-26.457299,0 -68.570151,-26.550626,0 -68.305361,-26.897995,0 -68.330476,-27.044963,0 -68.51800900000001,-27.076899,0 -68.55738700000001,-27.107388,0 -68.58586099999999,-27.162785,0 -68.649474,-27.15121,0 -68.71861699999999,-27.106665,0 -68.814322,-27.120307,0 -68.87075299999999,-27.198442,0 -68.88305200000001,-27.294974,0 -68.93144700000001,-27.395226,0 -69.01741,-27.460442,0 -69.02857299999999,-27.551289,0 -69.092341,-27.640172,0 -69.07583099999999,-27.696189,0 -69.124329,-27.73443,0 -69.190191,-27.951368,0 -69.30323300000001,-27.99953,0 -69.311759,-28.03653,0 -69.420306,-28.212644,0 -69.476168,-28.187942,0 -69.49050800000001,-28.198381,0 -69.510094,-28.267524,0 -69.653031,-28.397852,0 -69.672358,-28.457693,0 -69.678404,-28.573862,0 -69.72207,-28.610656,0 -69.75338600000001,-28.673391,0 -69.732767,-28.794314,0 -69.802789,-28.939938,0 -69.803926,-29.098688,0 -69.844363,-29.12928,0 -69.910948,-29.143233,0 -69.921981,-29.168038,0 -69.989496,-29.214443,0 -69.980323,-29.249996,0 -70.031121,-29.277178,0 -70.040655,-29.297539,0 -70.042619,-29.363064,0 -69.968464,-29.583309,0 -69.973192,-29.666095,0 -69.929086,-29.718288,0 -69.915599,-29.805621,0 -69.927975,-29.976774,0 -69.980375,-30.072479,0 -69.97324399999999,-30.089428,0 -69.880717,-30.099764,0 -69.835758,-30.161879,0 -69.848962,-30.199086,0 -69.890742,-30.228955,0 -69.912136,-30.329517,0 -69.96458800000001,-30.374786,0 -70.030191,-30.39711,0 -70.146928,-30.353908,0 -70.173412,-30.364657,0 -70.14393099999999,-30.439588,0 -70.217105,-30.515139,0 -70.27598999999999,-30.673062,0 -70.27617100000001,-30.725565,0 -70.31947599999999,-30.800806,0 -70.33921599999999,-30.938162,0 -70.266559,-31.036451,0 -70.33978500000001,-31.041722,0 -70.408643,-31.150036,0 -70.43561800000001,-31.141354,0 -70.448098,-31.097636,0 -70.47980200000001,-31.096705,0 -70.535922,-31.172566,0 -70.5468,-31.26455,0 -70.568969,-31.304238,0 -70.554655,-31.362942,0 -70.57899500000001,-31.431982,0 -70.589769,-31.567684,0 -70.486313,-31.731189,0 -70.483988,-31.797645,0 -70.464144,-31.838262,0 -70.42828,-31.870095,0 -70.313326,-31.882084,0 -70.244467,-31.942235,0 -70.28469699999999,-32.046777,0 -70.373323,-32.030395,0 -70.389084,-32.053081,0 -70.33523700000001,-32.140001,0 -70.34552100000001,-32.174727,0 -70.32180099999999,-32.280147,0 -70.269194,-32.299061,0 -70.242374,-32.330274,0 -70.24532000000001,-32.403964,0 -70.16082900000001,-32.485303,0 -70.157883,-32.542457,0 -70.13773,-32.569019,0 -70.17057,-32.572739,0 -70.18108599999999,-32.607569,0 -70.155739,-32.738414,0 -70.08726799999999,-32.823267,0 -70.000219,-32.876597,0 -70.04249,-32.992662,0 -70.088921,-33.008268,0 -70.111194,-33.038447,0 -70.09217700000001,-33.091777,0 -70.10946300000001,-33.169602,0 -70.041121,-33.238952,0 -70.01001100000001,-33.299103,0 -69.983863,-33.294452,0 -69.940558,-33.242879,0 -69.905289,-33.238228,0 -69.836844,-33.26572,0 -69.81389900000001,-33.289491,0 -69.787674,-33.379408,0 -69.79446900000001,-33.414652,0 -69.830901,-33.458163,0 -69.841469,-33.532784,0 -69.87883100000001,-33.558002,0 -69.87294,-33.586011,0 -69.89536699999999,-33.662285,0 -69.860046,-33.726364,0 -69.914255,-33.771943,0 -69.897279,-33.871368,0 -69.90955200000001,-33.955704,0 -69.865602,-33.957668,0 -69.85580899999999,-33.984746,0 -69.87325,-34.139982,0 -69.828885,-34.23331,0 -69.911568,-34.284573,0 -69.989237,-34.26907,0 -70.05758,-34.291187,0 -70.06757899999999,-34.414591,0 -70.114294,-34.447354,0 -70.16777999999999,-34.538407,0 -70.227828,-34.58533,0 -70.252219,-34.695814,0 -70.27314800000001,-34.727026,0 -70.316298,-34.74563,0 -70.276713,-34.798237,0 -70.353711,-34.953266,0 -70.386629,-35.16669,0 -70.54289900000001,-35.209271,0 -70.578891,-35.259707,0 -70.560417,-35.298361,0 -70.47528,-35.314071,0 -70.439753,-35.332157,0 -70.42838399999999,-35.357066,0 -70.471766,-35.37939,0 -70.445463,-35.461142,0 -70.40823,-35.506204,0 -70.421537,-35.659683,0 -70.35732899999999,-35.815229,0 -70.42024499999999,-35.868352,0 -70.420787,-35.903802,0 -70.383684,-35.913207,0 -70.412571,-35.957339,0 -70.383684,-36.030513,0 -70.386939,-36.058728,0 -70.451483,-36.152262,0 -70.499129,-36.163631,0 -70.581424,-36.143167,0 -70.60436799999999,-36.194637,0 -70.710511,-36.265847,0 -70.732215,-36.334267,0 -70.70859900000001,-36.379949,0 -70.71865,-36.414572,0 -70.807198,-36.433382,0 -70.890371,-36.400413,0 -70.907786,-36.405167,0 -70.934968,-36.472553,0 -71.043282,-36.484335,0 -71.06891299999999,-36.566397,0 -71.057441,-36.68763,0 -71.073021,-36.696829,0 -71.129943,-36.676882,0 -71.145343,-36.68825,0 -71.151544,-36.760494,0 -71.195159,-36.839146,0 -71.158778,-36.882657,0 -71.169062,-36.921931,0 -71.135679,-36.95149,0 -71.161466,-36.975468,0 -71.207148,-36.972367,0 -71.15604,-37.002753,0 -71.139555,-37.061664,0 -71.089119,-37.103419,0 -71.139296,-37.133288,0 -71.146479,-37.214833,0 -71.205597,-37.292658,0 -71.194745,-37.343508,0 -71.117696,-37.466497,0 -71.14172499999999,-37.543909,0 -71.127928,-37.584423,0 -71.190766,-37.640027,0 -71.18503,-37.706069,0 -71.087594,-37.940164,0 -71.007418,-38.071008,0 -71.023515,-38.104598,0 -71.008658,-38.167643,0 -71.01974300000001,-38.234306,0 -70.97375099999999,-38.424682,0 -70.95047099999999,-38.459408,0 -70.848668,-38.527621,0 -70.83758400000001,-38.584465,0 -70.883421,-38.643067,0 -70.873835,-38.691436,0 -70.909543,-38.706422,0 -70.94504499999999,-38.747246,0 -71.048423,-38.746626,0 -71.15283599999999,-38.798819,0 -71.236035,-38.811635,0 -71.279753,-38.850186,0 -71.399901,-38.910544,0 -71.430235,-38.999117,0 -71.401968,-39.236002,0 -71.41204500000001,-39.317961,0 -71.42021,-39.342145,0 -71.47653699999999,-39.38297,0 -71.461654,-39.433819,0 -71.54195900000001,-39.532315,0 -71.49565699999999,-39.565594,0 -71.503512,-39.601664,0 -71.519997,-39.614997,0 -71.61781999999999,-39.61665,0 -71.68975399999999,-39.568385,0 -71.71435200000001,-39.601354,0 -71.71605700000001,-39.644762,0 -71.69404299999999,-39.673495,0 -71.71435200000001,-39.726308,0 -71.684586,-39.833485,0 -71.616632,-39.909863,0 -71.680504,-40.009495,0 -71.67094400000001,-40.060758,0 -71.683708,-40.098998,0 -71.766752,-40.076881,0 -71.814036,-40.0929,0 -71.80287300000001,-40.116052,0 -71.823751,-40.210103,0 -71.74267,-40.296506,0 -71.686705,-40.288547,0 -71.67404399999999,-40.324101,0 -71.729286,-40.421356,0 -71.796414,-40.414535,0 -71.861836,-40.54972,0 -71.847729,-40.579589,0 -71.853103,-40.616383,0 -71.95557700000001,-40.720356,0 -71.91067099999999,-40.850064,0 -71.851449,-40.938327,0 -71.867676,-40.998995,0 -71.853981,-41.078887,0 -71.87134500000001,-41.166737,0 -71.889432,-41.179759,0 -71.87336000000001,-41.249212,0 -71.903953,-41.367655,0 -71.87982,-41.436694,0 -71.888088,-41.512762,0 -71.853258,-41.567332,0 -71.925967,-41.622936,0 -71.925915,-41.653012,0 -71.868968,-41.71554,0 -71.856875,-41.78613,0 -71.794037,-41.867469,0 -71.7744,-41.939196,0 -71.780653,-41.986428,0 -71.73957,-42.031904,0 -71.73626299999999,-42.08389,0 -71.77310799999999,-42.11996,0 -71.884264,-42.144248,0 -71.923796,-42.176908,0 -71.97748799999999,-42.125335,0 -72.009838,-42.124714,0 -72.039913,-42.144662,0 -72.05893,-42.197578,0 -72.133706,-42.287599,0 -72.069886,-42.349972,0 -72.060687,-42.368886,0 -72.075208,-42.433791,0 -72.03919,-42.48123,0 -72.122647,-42.529909,0 -72.14843399999999,-42.592645,0 -72.131587,-42.624064,0 -72.141457,-42.65569,0 -72.121252,-42.719665,0 -72.112674,-42.863842,0 -72.148537,-42.998718,0 -72.12931399999999,-43.04223,0 -72.054434,-43.105378,0 -71.86188799999999,-43.13318,0 -71.770162,-43.161395,0 -71.742981,-43.190127,0 -71.75765699999999,-43.225371,0 -71.75068,-43.295341,0 -71.901731,-43.322006,0 -71.912324,-43.367791,0 -71.94095299999999,-43.391769,0 -71.936767,-43.426702,0 -71.955112,-43.443549,0 -71.868813,-43.462566,0 -71.858632,-43.498636,0 -71.881525,-43.524474,0 -71.873825,-43.538943,0 -71.800703,-43.544214,0 -71.71429999999999,-43.602195,0 -71.70918399999999,-43.684361,0 -71.803235,-43.726012,0 -71.819203,-43.758051,0 -71.79713700000001,-43.780789,0 -71.755021,-43.771384,0 -71.761842,-43.828435,0 -71.728718,-43.846211,0 -71.659885,-43.92631,0 -71.6696,-43.959796,0 -71.762204,-44.064079,0 -71.85873599999999,-44.107798,0 -71.80509600000001,-44.205156,0 -71.831812,-44.270165,0 -71.80401000000001,-44.314813,0 -71.810418,-44.333624,0 -71.86416199999999,-44.359152,0 -71.860596,-44.377135,0 -71.822045,-44.40318,0 -71.437831,-44.401526,0 -71.209783,-44.427571,0 -71.171336,-44.452169,0 -71.122398,-44.549424,0 -71.147358,-44.580844,0 -71.188802,-44.584771,0 -71.21339999999999,-44.607095,0 -71.240634,-44.658152,0 -71.238153,-44.747862,0 -71.29783999999999,-44.795611,0 -71.378868,-44.79189,0 -71.49710399999999,-44.742901,0 -71.631204,-44.780005,0 -71.762669,-44.754373,0 -71.85455,-44.79096,0 -72.04782,-44.754786,0 -72.07624199999999,-44.760781,0 -72.088748,-44.782795,0 -72.073503,-44.902168,0 -72.009838,-44.904545,0 -71.889432,-44.94723,0 -71.782461,-44.927386,0 -71.70236300000001,-44.973688,0 -71.58872599999999,-44.978132,0 -71.555188,-45.00583100000001,0 -71.487182,-45.123343,0 -71.36326200000001,-45.20881599999999,0 -71.317167,-45.26721,0 -71.31153399999999,-45.299456,0 -71.389359,-45.37077,0 -71.508318,-45.40839,0 -71.478139,-45.482701,0 -71.48909399999999,-45.498514,0 -71.525836,-45.518978,0 -71.71373199999999,-45.53324,0 -71.76509799999999,-45.572411,0 -71.742825,-45.594322,0 -71.78241,-45.641761,0 -71.78049799999999,-45.689406,0 -71.801788,-45.72403,0 -71.749027,-45.786765,0 -71.758483,-45.84815600000001,0 -71.665879,-45.88402,0 -71.612291,-45.97052599999999,0 -71.770162,-46.11263600000001,0 -71.90446900000001,-46.136304,0 -71.91470099999999,-46.152324,0 -71.763341,-46.244515,0 -71.751869,-46.393033,0 -71.680504,-46.53814,0 -71.695542,-46.587129,0 -71.68716999999999,-46.690069,0 -71.834086,-46.78856400000001,0 -71.93413200000001,-46.79952,0 -71.95010000000001,-46.813989,0 -71.936199,-46.854297,0 -71.97035700000001,-46.948451,0 -71.914805,-46.998474,0 -71.999967,-47.042192,0 -72.00518700000001,-47.061932,0 -71.874135,-47.14254800000001,0 -71.863283,-47.196601,0 -71.880698,-47.22192299999999,0 -71.912531,-47.234532,0 -72.03030099999999,-47.197531,0 -72.04513300000001,-47.215825,0 -72.02942299999999,-47.269672,0 -72.038156,-47.287035,0 -72.170551,-47.407544,0 -72.209154,-47.420257,0 -72.288167,-47.41498599999999,0 -72.361186,-47.450953,0 -72.370487,-47.474517,0 -72.32087799999999,-47.498392,0 -72.344443,-47.60226100000001,0 -72.45730399999999,-47.749126,0 -72.543914,-47.9148,0 -72.509445,-47.972988,0 -72.419167,-48.00957500000001,0 -72.388006,-48.057841,0 -72.343047,-48.07045,0 -72.30950900000001,-48.211216,0 -72.325632,-48.28552699999999,0 -72.295092,-48.333276,0 -72.30232599999999,-48.347539,0 -72.37141800000001,-48.346402,0 -72.433119,-48.400352,0 -72.57678,-48.45213200000001,0 -72.61471,-48.510009,0 -72.584221,-48.61594599999999,0 -72.57802,-48.72188299999999,0 -72.59233399999999,-48.791129,0 -72.618793,-48.819655,0 -72.781212,-48.93386,0 -72.922237,-48.952256,0 -73.009725,-48.99039400000001,0 -73.078558,-49.05871,0 -73.107187,-49.134881,0 -73.171317,-49.189348,0 -73.183151,-49.23906100000001,0 -73.162584,-49.25818100000001,0 -73.097627,-49.266552,0 -73.118652,-49.392427,0 -73.057424,-49.47592,0 -73.05974500000001,-49.554971,0 -73.19674999999999,-49.68242300000001,0 -73.465098,-49.759959,0 -73.462979,-49.787141,0 -73.534499,-49.847602,0 -73.54194,-49.894524,0 -73.57274,-49.932352,0 -73.500212,-49.97865400000001,0 -73.478585,-50.009453,0 -73.531502,-50.083143,0 -73.54147500000001,-50.113736,0 -73.53057200000001,-50.14081399999999,0 -73.346345,-50.24365,0 -73.284333,-50.333051,0 -73.261854,-50.556603,0 -73.192246,-50.64135199999999,0 -73.177725,-50.749459,0 -73.139484,-50.770233,0 -73.051738,-50.75783100000001,0 -72.90285799999999,-50.66657,0 -72.755787,-50.61644399999999,0 -72.662614,-50.667811,0 -72.618121,-50.666777,0 -72.505983,-50.601251,0 -72.302843,-50.648897,0 -72.347388,-50.743155,0 -72.26346599999999,-50.836276,0 -72.265946,-50.960713,0 -72.29343799999999,-51.029236,0 -72.33860300000001,-51.036987,0 -72.404594,-51.10582,0 -72.38221799999999,-51.160597,0 -72.273956,-51.21676900000001,0 -72.258815,-51.245191,0 -72.320465,-51.31257699999999,0 -72.323565,-51.39081600000001,0 -72.35172900000001,-51.440425,0 -72.351212,-51.475978,0 -72.450069,-51.55266600000001,0 -72.42914,-51.57602399999999,0 -72.351522,-51.583465,0 -72.33090300000001,-51.599382,0 -72.300724,-51.691469,0 -72.142129,-51.739425,0 -71.98172599999999,-51.844948,0 -71.948498,-51.896004,0 -71.96524100000001,-51.97062500000001,0 -71.917699,-51.99005499999999,0 -69.952754,-52.007419,0 -69.48528899999999,-52.132476,0 -69.212256,-52.13795300000001,0 -69.007566,-52.17908799999999,0 -68.820497,-52.243167,0 -68.621724,-52.26363,0 -68.454499,-52.299907,0 -68.434748,-52.39074900000001,0 -68.362472,-52.339072,0 -68.365611,-52.306204,0 -68.685059,-52.005006,0 -68.873158,-51.758966,0 -68.935928,-51.64551599999999,0 -68.973511,-51.619952,0 -69.02892,-51.61419,0 -69.198964,-51.686619,0 -69.218902,-51.680434,0 -69.156982,-51.634883,0 -69.304559,-51.59349,0 -69.39872099999999,-51.59260100000001,0 -69.616811,-51.625177,0 -69.499908,-51.58025499999999,0 -69.37718700000001,-51.55689899999999,0 -69.28433200000001,-51.559747,0 -69.119618,-51.60475,0 -69.047597,-51.56316499999999,0 -68.981842,-51.571547,0 -68.962554,-51.56015399999999,0 -68.963735,-51.500746,0 -69.10417700000001,-51.214858,0 -69.167778,-50.97822500000001,0 -69.288083,-51.01576899999999,0 -69.410715,-51.083917,0 -69.347808,-51.01865,0 -69.13679999999999,-50.903481,0 -69.127267,-50.846726,0 -69.149973,-50.74212000000001,0 -69.079908,-50.604537,0 -69.076519,-50.56017199999999,0 -68.97507899999999,-50.428908,0 -68.880938,-50.352756,0 -68.876429,-50.330572,0 -68.794653,-50.31752599999999,0 -68.76733,-50.288675,0 -68.736649,-50.291434,0 -68.43810000000001,-50.200779,0 -68.362099,-50.169314,0 -68.349873,-50.14881,0 -68.493754,-50.08011400000001,0 -68.518851,-50.015666,0 -68.58347000000001,-49.970337,0 -68.67084199999999,-49.994726,0 -68.842152,-49.98105199999999,0 -68.915013,-50.011266,0 -69.013499,-50.007745,0 -68.875379,-49.96249499999999,0 -68.674387,-49.968357,0 -68.57727199999999,-49.927616,0 -68.59578,-49.858307,0 -68.664052,-49.767511,0 -68.739735,-49.727716,0 -68.654042,-49.757908,0 -68.520949,-49.940524,0 -68.462453,-49.980391,0 -68.421953,-50.05118899999999,0 -68.34186800000001,-50.117608,0 -68.170109,-50.114034,0 -68.07635000000001,-50.087268,0 -67.894927,-49.996875,0 -67.833207,-49.95454000000001,0 -67.793813,-49.90536900000001,0 -67.732012,-49.781302,0 -67.700063,-49.534275,0 -67.65331,-49.37713,0 -67.611405,-49.323193,0 -67.60765499999999,-49.265069,0 -67.63683,-49.247247,0 -67.663207,-49.26715299999999,0 -67.697895,-49.37196,0 -67.725184,-49.39074599999999,0 -67.83088100000001,-49.37957100000001,0 -67.77431199999999,-49.374408,0 -67.745779,-49.355693,0 -67.757802,-49.334781,0 -67.71190300000001,-49.315606,0 -67.704172,-49.30388800000001,0 -67.73233,-49.274672,0 -67.67536,-49.24878900000001,0 -67.650136,-49.195977,0 -67.60993000000001,-49.17810699999999,0 -67.635198,-49.15554499999999,0 -67.632558,-49.12997799999999,0 -67.59635900000001,-49.106797,0 -67.556549,-49.015817,0 -67.405737,-48.90423499999999,0 -67.198285,-48.818353,0 -67.184636,-48.771577,0 -67.145793,-48.742427,0 -67.136752,-48.692801,0 -67.11434800000001,-48.67375,0 -66.986923,-48.611698,0 -66.866435,-48.589834,0 -66.857812,-48.548307,0 -66.749835,-48.475292,0 -66.65098999999999,-48.431085,0 -66.50105600000001,-48.413988,0 -66.46849,-48.400275,0 -66.46955800000001,-48.364932,0 -66.448598,-48.35027400000001,0 -66.341115,-48.352725,0 -66.35498800000001,-48.321216,0 -66.316884,-48.264255,0 -66.26481200000001,-48.242779,0 -66.238287,-48.20892300000001,0 -66.15953500000001,-48.185317,0 -66.108632,-48.123305,0 -65.971675,-48.099449,0 -65.944971,-48.117797,0 -65.917237,-48.113814,0 -65.897688,-48.09445600000001,0 -65.903188,-48.078546,0 -65.968445,-48.047168,0 -65.936879,-48.015802,0 -65.929991,-47.990951,0 -65.952009,-47.980692,0 -65.927385,-47.941409,0 -65.899559,-47.93238,0 -65.84706799999999,-47.944417,0 -65.836742,-47.962991,0 -65.76195199999999,-47.948552,0 -65.79512099999999,-47.935934,0 -65.76173900000001,-47.911908,0 -65.853409,-47.87959,0 -65.88462800000001,-47.78383000000001,0 -65.901824,-47.76995,0 -66.022572,-47.770993,0 -66.144443,-47.828202,0 -66.301096,-47.872491,0 -66.38915,-47.863865,0 -66.273915,-47.85947,0 -66.09562099999999,-47.787457,0 -66.03206400000001,-47.739525,0 -65.845626,-47.742206,0 -65.735665,-47.509535,0 -65.713014,-47.341497,0 -65.75535499999999,-47.223452,0 -65.744902,-47.204164,0 -65.847381,-47.139687,0 -65.881156,-47.096555,0 -65.979563,-47.066176,0 -66.20049299999999,-47.089587,0 -66.440663,-47.06129299999999,0 -66.50523800000001,-47.040785,0 -66.628795,-47.051218,0 -66.78644799999999,-47.00660599999999,0 -66.999827,-46.824884,0 -67.033193,-46.81910599999999,0 -67.12999499999999,-46.706596,0 -67.19364,-46.691004,0 -67.256271,-46.64342199999999,0 -67.33649800000001,-46.62519200000001,0 -67.42322,-46.567419,0 -67.54088299999999,-46.4013,0 -67.622467,-46.16375099999999,0 -67.621205,-46.099542,0 -67.578481,-45.99285199999999,0 -67.53311100000001,-45.95826599999999,0 -67.547732,-45.933446,0 -67.474024,-45.862213,0 -67.45587399999999,-45.825003,0 -67.364597,-45.78661,0 -67.36390400000001,-45.73568300000001,0 -67.33511300000001,-45.718845,0 -67.354426,-45.70579899999999,0 -67.356285,-45.658965,0 -67.331925,-45.61349100000001,0 -67.22332900000001,-45.52867799999999,0 -67.064795,-45.349949,0 -66.929266,-45.25653399999999,0 -66.868921,-45.235597,0 -66.669515,-45.21459,0 -66.52399699999999,-45.216097,0 -66.52257299999999,-45.19318500000001,0 -66.543102,-45.174187,0 -66.58821399999999,-45.16666200000001,0 -66.587799,-45.139337,0 -66.473302,-45.168674,0 -66.454758,-45.14934100000001,0 -66.525301,-45.13188,0 -66.52387299999999,-45.10897200000001,0 -66.49659,-45.088382,0 -66.349707,-45.04345000000001,0 -66.28157899999999,-45.05760299999999,0 -66.200367,-44.992919,0 -66.016357,-45.003107,0 -65.936238,-45.048684,0 -65.887659,-45.039444,0 -65.889807,-45.008085,0 -65.84159200000001,-45.00321600000001,0 -65.817397,-45.04029,0 -65.751375,-45.02364600000001,0 -65.690619,-45.062721,0 -65.685056,-45.044538,0 -65.64337999999999,-45.04739199999999,0 -65.602643,-45.02768700000001,0 -65.622232,-45.007071,0 -65.583809,-45.007472,0 -65.605436,-44.972741,0 -65.5214,-44.931898,0 -65.57291600000001,-44.895829,0 -65.664727,-44.889932,0 -65.71544299999999,-44.869963,0 -65.72709999999999,-44.809605,0 -65.70426399999999,-44.801252,0 -65.695831,-44.73481,0 -65.643208,-44.668,0 -65.59851500000001,-44.642744,0 -65.57829599999999,-44.647885,0 -65.542739,-44.619593,0 -65.460915,-44.600993,0 -65.46181199999999,-44.576558,0 -65.429256,-44.569757,0 -65.39470799999999,-44.593964,0 -65.382772,-44.576381,0 -65.368679,-44.586062,0 -65.356328,-44.574118,0 -65.393308,-44.551922,0 -65.361225,-44.540394,0 -65.373102,-44.516183,0 -65.32571,-44.508278,0 -65.32013499999999,-44.532804,0 -65.27927800000001,-44.516263,0 -65.282601,-44.492576,0 -65.313587,-44.494293,0 -65.31168700000001,-44.471015,0 -65.33159000000001,-44.46076,0 -65.30990799999999,-44.42836,0 -65.285809,-44.43259,0 -65.285657,-44.412416,0 -65.216885,-44.36641,0 -65.221412,-44.338449,0 -65.25820400000001,-44.323158,0 -65.267985,-44.27227,0 -65.30472399999999,-44.240089,0 -65.308708,-44.200085,0 -65.282567,-44.154517,0 -65.214817,-44.137435,0 -65.237864,-44.084161,0 -65.186708,-44.035539,0 -65.24197700000001,-44.027267,0 -65.251859,-43.988134,0 -65.22861,-43.975253,0 -65.271962,-43.964044,0 -65.27538,-43.898614,0 -65.31822699999999,-43.832208,0 -65.30606,-43.779067,0 -65.332387,-43.730727,0 -65.3308,-43.663344,0 -65.27538,-43.587335,0 -65.039052,-43.395603,0 -65.032338,-43.299412,0 -64.943918,-43.239435,0 -64.765248,-43.147393,0 -64.447581,-43.068617,0 -64.32819600000001,-43.009861,0 -64.30211300000001,-42.98089,0 -64.31578500000001,-42.950453,0 -64.43346099999999,-42.976332,0 -64.503163,-42.93727,0 -64.579905,-42.943048,0 -64.64549700000001,-42.925388,0 -64.737904,-42.871026,0 -64.997141,-42.784845,0 -65.01891000000001,-42.74684,0 -64.946034,-42.654229,0 -64.80402599999999,-42.621515,0 -64.734731,-42.557875,0 -64.63963800000001,-42.521742,0 -64.43773400000001,-42.506931,0 -64.322621,-42.542413,0 -64.29442299999999,-42.585707,0 -64.202382,-42.635431,0 -64.251332,-42.775079,0 -64.1079,-42.883722,0 -63.73664299999999,-42.824802,0 -63.671498,-42.802179,0 -63.62026899999999,-42.751235,0 -63.63329,-42.714614,0 -63.579335,-42.59295,0 -63.59797100000001,-42.299981,0 -63.668324,-42.228611,0 -63.709625,-42.134373,0 -63.768648,-42.077723,0 -63.870915,-42.083713,0 -64.16218000000001,-42.209405,0 -64.33971099999999,-42.2374,0 -64.29662,-42.257582,0 -64.06843000000001,-42.269627,0 -64.045481,-42.322686,0 -64.05972199999999,-42.336602,0 -64.05158400000001,-42.372247,0 -64.10358600000001,-42.42783,0 -64.315541,-42.423028,0 -64.445058,-42.44671,0 -64.602284,-42.422052,0 -64.587473,-42.38128,0 -64.51089399999999,-42.298761,0 -64.464223,-42.275323,0 -64.48086499999999,-42.254653,0 -64.53148400000001,-42.244236,0 -64.602895,-42.258233,0 -64.644154,-42.234633,0 -64.85728899999999,-42.193617,0 -64.935455,-42.153904,0 -65.004994,-42.093194,0 -65.069569,-41.985772,0 -65.074534,-41.950942,0 -64.999908,-41.79339,0 -64.998199,-41.757501,0 -65.037221,-41.665134,0 -64.99136300000001,-41.524102,0 -65.061187,-41.448419,0 -65.146799,-41.180597,0 -65.17568900000001,-40.969171,0 -65.131703,-40.84238,0 -65.01085399999999,-40.767267,0 -64.908844,-40.770115,0 -64.936391,-40.744724,0 -64.92247500000001,-40.729669,0 -64.99136300000001,-40.729669,0 -64.981842,-40.723321,0 -64.890452,-40.705987,0 -64.79621299999999,-40.723321,0 -64.771637,-40.736505,0 -64.800282,-40.758884,0 -64.75357,-40.776544,0 -64.744985,-40.797296,0 -64.854237,-40.812188,0 -64.849924,-40.795099,0 -64.867991,-40.792169,0 -64.91197699999999,-40.80877,0 -64.911204,-40.823826,0 -64.64476500000001,-40.846449,0 -64.41710399999999,-40.91074,0 -64.174306,-41.008966,0 -64.13426699999999,-41.017022,0 -64.062123,-40.999444,0 -64.062856,-41.041274,0 -63.966868,-41.060235,0 -63.866689,-41.133722,0 -63.779408,-41.158787,0 -63.099517,-41.15488,0 -62.86384,-41.085138,0 -62.81094299999999,-41.044041,0 -62.7294,-41.041111,0 -62.337799,-40.872735,0 -62.254262,-40.746352,0 -62.229237,-40.658624,0 -62.181549,-40.626642,0 -62.329742,-40.669122,0 -62.346018,-40.599298,0 -62.315012,-40.626642,0 -62.26720100000001,-40.633477,0 -62.25064,-40.622247,0 -62.26415,-40.551528,0 -62.28368100000001,-40.564386,0 -62.32603900000001,-40.525079,0 -62.328684,-40.49627,0 -62.41490600000001,-40.462091,0 -62.49006099999999,-40.307875,0 -62.45177200000001,-40.249607,0 -62.368723,-40.211196,0 -62.35969,-40.191827,0 -62.339182,-40.112726,0 -62.36632199999999,-40.054132,0 -62.315419,-39.924493,0 -62.314565,-39.869399,0 -62.283925,-39.852634,0 -62.305043,-39.81113,0 -62.23957300000001,-39.848728,0 -62.164174,-39.858819,0 -62.119456,-39.838311,0 -62.114369,-39.821466,0 -62.111684,-39.732517,0 -62.05577599999999,-39.451918,0 -62.154205,-39.427423,0 -62.214833,-39.376153,0 -62.22813899999999,-39.346368,0 -62.272532,-39.338637,0 -62.283925,-39.310724,0 -62.188344,-39.310724,0 -62.155995,-39.352146,0 -62.05699600000001,-39.411554,0 -62.02716999999999,-39.38893,0 -62.023915,-39.364841,0 -62.08901899999999,-39.314223,0 -62.167877,-39.28338,0 -62.294342,-39.272719,0 -62.325592,-39.254653,0 -62.311269,-39.241876,0 -62.25723200000001,-39.255548,0 -62.339182,-39.194106,0 -62.339182,-39.126397,0 -62.35781800000001,-39.102227,0 -62.318512,-39.022068,0 -62.283925,-39.002211,0 -62.274037,-38.954522,0 -62.32046500000001,-38.960707,0 -62.33446200000001,-38.947361,0 -62.33600799999999,-38.896905,0 -62.373931,-38.899998,0 -62.390207,-38.814711,0 -62.37975,-38.798435,0 -62.358469,-38.787286,0 -62.15733800000001,-38.810479,0 -62.09316999999999,-38.901951,0 -62.026723,-38.937595,0 -61.839019,-38.98089,0 -61.72280800000001,-38.968194,0 -61.67516,-38.99391,0 -61.51805599999999,-39.011489,0 -61.42804899999999,-38.982517,0 -61.143381,-39.001072,0 -61.016469,-38.968194,0 -60.86571200000001,-38.975681,0 -59.889312,-38.838474,0 -59.79686400000001,-38.838474,0 -59.632395,-38.783787,0 -59.063222,-38.69378,0 -58.940297,-38.646091,0 -58.567006,-38.558852,0 -58.419504,-38.504164,0 -58.330963,-38.492771,0 -58.15567,-38.430108,0 -57.861887,-38.294122,0 -57.593577,-38.152765,0 -57.55842,-38.120864,0 -57.532786,-38.072524,0 -57.54186,-37.998956,0 -57.528879,-37.91367,0 -57.48741600000001,-37.832208,0 -57.309153,-37.64544,0 -57.165761,-37.535577,0 -57.055898,-37.412693,0 -56.888661,-37.162042,0 -56.686431,-36.927667,0 -56.664866,-36.851007,0 -56.67227099999999,-36.600518,0 -56.699574,-36.521417,0 -56.69762099999999,-36.396173,0 -56.74059,-36.316583,0 -56.776031,-36.30641,0 -56.76789299999999,-36.343927,0 -56.856679,-36.343927,0 -56.93919799999999,-36.384861,0 -56.93773399999999,-36.350763,0 -57.108266,-36.282322,0 -57.24803599999999,-36.170343,0 -57.26817799999999,-36.127862,0 -57.308827,-36.099867,0 -57.34801199999999,-36.001072,0 -57.366444,-35.987888,0 -57.3933,-35.86297,0 -57.352625,-35.727524,0 -57.14490900000001,-35.4842,0 -57.128144,-35.441321,0 -57.248769,-35.248793,0 -57.522032,-35.013154,0 -57.75884300000001,-34.909662,0 -57.871032,-34.829915,0 -57.965031,-34.82453,0 -58.00019,-34.787258,0 -58.154872,-34.7504,0 -58.315031,-34.657195,0 -58.378772,-34.572509,0 -58.474192,-34.52158,0 -58.477284,-34.483331,0 -58.511465,-34.435945,0 -58.454607,-34.366183,0 -58.570424,-34.288181,0 -58.54308,-34.267673,0 -58.460194,-34.272882,0 -58.37857,-34.188246,0 -58.392242,-34.154067,0 -58.38780700000001,-34.046482,0 -58.44717399999999,-34.010512,0 -58.439361,-33.979669,0 -58.461049,-33.85947,0 -58.52432199999999,-33.777765,0 -58.549224,-33.705336,0 -58.52171800000001,-33.449314,0 -58.487864,-33.369561,0 -58.412343,-33.298272,0 -58.433217,-33.232354,0 -58.412831,-33.118748,0 -58.43016500000001,-33.102634,0 -58.383168,-33.075453,0 -58.20445699999999,-33.091892,0 -58.146799,-33.049981,0 -58.15949499999999,-32.97975,0 -58.137766,-32.900323,0 -58.17935099999999,-32.828302,0 -58.211578,-32.657322,0 -58.220082,-32.489516,0 -58.10159099999999,-32.31136,0 -58.096527,-32.280974,0 -58.186547,-32.15292,0 -58.158797,-32.101554,0 -58.145309,-32.01789,0 -58.158797,-31.943889,0 -58.202618,-31.89314299999999,0 -58.152854,-31.835988,0 -58.048881,-31.797128,0 -57.97958300000001,-31.59879400000001,0 -57.986818,-31.554145,0 -58.075236,-31.475184,0 -58.062575,-31.444281,0 -57.99022799999999,-31.399323,0 -57.966354,-31.314573,0 -57.905117,-31.240986,0 -57.91173200000001,-31.170603,0 -57.855249,-31.058982,0 -57.863311,-31.012266,0 -57.91173200000001,-30.947361,0 -57.90398,-30.929687,0 -57.807242,-30.90757,0 -57.796132,-30.868399,0 -57.81788700000001,-30.712026,0 -57.88579,-30.589863,0 -57.889769,-30.550796,0 -57.849617,-30.48527,0 -57.652729,-30.329104,0 -57.62373899999999,-30.2581,0 -57.633971,-30.183583,0 -57.568652,-30.176555,0 -57.506175,-30.144309,0 -57.411452,-30.039612,0 -57.325153,-29.981011,0 -57.308513,-29.848513,0 -57.291511,-29.81513,0 -57.219629,-29.778336,0 -57.133381,-29.772135,0 -57.094159,-29.751981,0 -57.020933,-29.683355,0 -56.951635,-29.586307,0 -56.81903400000001,-29.474996,0 -56.769941,-29.379084,0 -56.688654,-29.329578,0 -56.650465,-29.25134,0 -56.650672,-29.209069,0 -56.617289,-29.160906,0 -56.548301,-29.109953,0 -56.427972,-29.069852,0 -56.391618,-28.952237,0 -56.32306899999999,-28.916477,0 -56.301003,-28.88144,0 -56.286146,-28.780154,0 -56.18470500000001,-28.744188,0 -56.103005,-28.648069,0 -56.040812,-28.609002,0 -56.021899,-28.585748,0 -56.01158899999999,-28.496554,0 -55.902035,-28.465135,0 -55.905601,-28.378008,0 -55.84234899999999,-28.34638199999999,0 -55.734604,-28.365916,0 -55.714967,-28.404467,0 -55.694244,-28.400126,0 -55.6636,-28.326539,0 -55.68721599999999,-28.290055,0 -55.766591,-28.257602,0 -55.77253400000001,-28.231971,0 -55.684064,-28.196211,0 -55.604741,-28.116939,0 -55.58164099999999,-28.121073,0 -55.577094,-28.144327,0 -55.553478,-28.145568,0 -55.505935,-28.078905,0 -55.44074599999999,-28.078905,0 -55.383385,-28.014206,0 -55.38093,-27.978239,0 -55.33791,-27.96315,0 -55.314113,-27.914987,0 -55.26024,-27.919225,0 -55.177558,-27.853596,0 -55.119241,-27.880881,0 -55.09993999999999,-27.843777,0 -55.029634,-27.850702,0 -55.081155,-27.778252,0 -54.985192,-27.78528,0 -54.91320699999999,-27.736911,0 -54.898272,-27.623636,0 -54.845097,-27.611854,0 -54.827527,-27.545088,0 -54.805048,-27.526381,0 -54.792232,-27.523177,0 -54.793731,-27.549222,0 -54.773939,-27.56379400000001,0 -54.690326,-27.551289,0 -54.66645200000001,-27.50385,0 -54.651233,-27.525864,0 -54.62591199999999,-27.515322,0 -54.589454,-27.452587,0 -54.543255,-27.487003,0 -54.448377,-27.458891,0 -54.464552,-27.423338,0 -54.444553,-27.408972,0 -54.388898,-27.411142,0 -54.37158600000001,-27.454447,0 -54.347712,-27.435844,0 -54.347712,-27.394296,0 -54.306939,-27.428919,0 -54.286888,-27.428402,0 -54.261257,-27.388715,0 -54.231646,-27.38055,0 -54.231801,-27.351508,0 -54.177024,-27.243401,0 -54.15594,-27.257663,0 -54.158059,-27.279471,0 -54.091758,-27.285155,0 -54.005148,-27.18821,0 -53.961792,-27.191414,0 -53.964117,-27.154,0 -53.909495,-27.168263,0 -53.88221,-27.119894,0 -53.842006,-27.163509,0 -53.830017,-27.156791,0 -53.800923,-27.039072,0 -53.76846999999999,-27.024086,0 -53.712505,-26.904507,0 -53.734002,-26.777383,0 -53.75291600000001,-26.773248,0 -53.747852,-26.739142,0 -53.77431,-26.714337,0 -53.739532,-26.67558,0 -53.742374,-26.600546,0 -53.726819,-26.548559,0 -53.737465,-26.525305,0 -53.71291800000001,-26.5005,0 -53.724442,-26.376063,0 -53.66155200000001,-26.259791,0 -53.66672,-26.219174,0 -53.733382,-26.126363,0 -53.765008,-26.028074,0 -53.833428,-25.962238,0 -53.84035200000001,-25.791396,0 -53.88345,-25.735586,0 -53.876474,-25.697862,0 -53.90996,-25.629236,0 -53.967735,-25.653213,0 -53.997449,-25.574975,0 -54.030212,-25.56216,0 -54.055378,-25.570738,0 -54.082715,-25.550067,0 -54.085764,-25.590582,0 -54.09889,-25.597196,0 -54.123126,-25.571771,0 -54.11640800000001,-25.494567,0 -54.16508700000001,-25.534358,0 -54.2148,-25.531464,0 -54.19025299999999,-25.580763,0 -54.243687,-25.577559,0 -54.255624,-25.598746,0 -54.299239,-25.552651,0 -54.349675,-25.582417,0 -54.39540900000001,-25.581073,0 -54.405072,-25.61983,0 -54.437422,-25.645049,0 -54.433133,-25.676571,0 -54.447344,-25.68918,0 -54.473027,-25.625825,0 -54.5323,-25.610632,0 -54.545632,-25.574769,0 -54.600203,-25.574945,0 -54.583356,-25.644842,0 -54.64288700000001,-25.661585,0 -54.617152,-25.773516,0 -54.587904,-25.810827,0 -54.61524000000001,-25.882863,0 -54.606404,-25.946632,0 -54.662266,-25.979912,0 -54.642526,-26.062801,0 -54.663816,-26.149204,0 -54.638288,-26.196953,0 -54.664333,-26.236227,0 -54.663661,-26.308367,0 -54.697664,-26.428153,0 -54.789829,-26.528509,0 -54.780347,-26.575224,0 -54.793059,-26.644987,0 -54.81732099999999,-26.665761,0 -54.879359,-26.654393,0 -54.91989899999999,-26.674133,0 -54.97526999999999,-26.787821,0 -55.06089799999999,-26.805184,0 -55.125778,-26.863579,0 -55.11887899999999,-26.920009,0 -55.138361,-26.953702,0 -55.2012,-26.955459,0 -55.28060000000001,-26.934272,0 -55.41400299999999,-26.979851,0 -55.442761,-27.015508,0 -55.461855,-27.097983,0 -55.533841,-27.09943,0 -55.555338,-27.153794,0 -55.59828100000001,-27.16754,0 -55.568671,-27.245984,0 -55.591331,-27.328357,0 -55.681713,-27.379413,0 -55.75473199999999,-27.443698,0 -55.854157,-27.40122,0 -55.892837,-27.334868,0 -55.984847,-27.332284,0 -56.124554,-27.298901,0 -56.205428,-27.362153,0 -56.279842,-27.389645,0 -56.296998,-27.480905,0 -56.36753699999999,-27.580641,0 -56.399731,-27.586842,0 -56.461484,-27.553873,0 -56.54644,-27.455067,0 -56.613,-27.446386,0 -56.771155,-27.506744,0 -56.90435100000001,-27.418687,0 -56.977318,-27.435327,0 -57.076227,-27.484006,0 -57.180097,-27.487313,0 -57.335229,-27.409489,0 -57.513358,-27.41414,0 -57.70936699999999,-27.329804,0 -58.021958,-27.259834,0 -58.12882400000001,-27.269652,0 -58.238223,-27.257043,0 -58.51076499999999,-27.278437,0 -58.604196,-27.316264,0 -58.60156,-27.245674,0 -58.65235800000001,-27.198029,0 -58.65328899999999,-27.156274,0 -58.616133,-27.123821,0 -58.56549,-27.115966,0 -58.54544,-27.041036,0 -58.51154,-27.060156,0 -58.46663300000001,-26.975923,0 -58.481619,-26.963831,0 -58.47546999999999,-26.937993,0 -58.31578999999999,-26.874121,0 -58.352377,-26.830506,0 -58.34002600000001,-26.808595,0 -58.288556,-26.811489,0 -58.27481,-26.798363,0 -58.287936,-26.768598,0 -58.247939,-26.758159,0 -58.235536,-26.649845,0 -58.178641,-26.650672,0 -58.192283,-26.612845,0 -58.164946,-26.592278,0 -58.217346,-26.527579,0 -58.18541,-26.451718,0 -58.213057,-26.41864500000001,0 -58.167633,-26.33503200000001,0 -58.16995900000001,-26.270333,0 -58.105983,-26.239534,0 -58.15130400000001,-26.18145,0 -58.124019,-26.201914,0 -58.08650099999999,-26.12719,0 -57.988213,-26.088536,0 -57.872716,-26.010298,0 -57.85959,-25.980945,0 -57.905841,-25.968646,0 -57.851374,-25.908392,0 -57.875352,-25.876146,0 -57.80186799999999,-25.831394,0 -57.820626,-25.77827,0 -57.740373,-25.72215,0 -57.774582,-25.701686,0 -57.741251,-25.661895,0 -57.67898099999999,-25.647012,0 -57.668077,-25.612286,0 -57.623067,-25.615386,0 -57.611647,-25.585931,0 -57.575318,-25.564433,0 -57.55810999999999,-25.44351,0 -57.640792,-25.37261,0 -57.671488,-25.290135,0 -57.721769,-25.246106,0 -57.754067,-25.180891,0 -57.870701,-25.085289,0 -57.983769,-25.074231,0 -58.00046,-25.044362,0 -58.04206,-25.044362,0 -58.124019,-25.012942,0 -58.224064,-24.941216,0 -58.31196599999999,-24.99361499999999,0 -58.33599499999999,-24.991858,0 -58.473403,-24.851299,0 -58.809196,-24.776781,0 -59.000916,-24.644179,0 -59.340973,-24.4876,0 -59.4659,-24.353551,0 -59.539979,-24.308799,0 -59.610517,-24.289576,0 -59.67364,-24.225394,0 -60.033669,-24.007009,0 -60.14324899999999,-24.025199,0 -60.337372,-24.016414,0 -60.378351,-23.988509,0 -60.484882,-23.977347,0 -60.535964,-23.947581,0 -60.577538,-23.94417,0 -60.594617,-23.90655,0 -60.63216,-23.892287,0 -60.689676,-23.893631,0 -60.729286,-23.87213300000001,0 -60.837625,-23.871823,0 -60.936663,-23.813842,0 -60.974826,-23.824074,0 -61.006349,-23.805471,0 -61.04999,-23.734726,0 -61.118849,-23.66641,0 -61.10985700000001,-23.606982,0 -61.18024,-23.557166,0 -61.214398,-23.557166,0 -61.272612,-23.523576,0 -61.296951,-23.481408,0 -61.50107300000001,-23.407821,0 -61.526343,-23.374748,0 -61.51606,-23.344982,0 -61.554636,-23.338368,0 -61.60515,-23.289275,0 -61.680313,-23.27925,0 -61.732997,-23.243386,0 -61.769274,-23.165562,0 -61.84498,-23.097245,0 -61.956446,-23.034407,0 -62.0059,-22.97890599999999,0 -62.006055,-22.936842,0 -62.03582100000001,-22.884855,0 -62.188267,-22.708329,0 -62.175916,-22.684867,0 -62.195036,-22.673602,0 -62.192969,-22.62823,0 -62.25281,-22.603632,0 -62.233225,-22.556296,0 -62.24118300000001,-22.538416,0 -62.281387,-22.512061,0 -62.287227,-22.483949,0 -62.368256,-22.464416,0 -62.470575,-22.381837,0 -62.523388,-22.364887,0 -62.564678,-22.321996,0 -62.62529399999999,-22.305046,0 -62.624829,-22.247271,0 -62.658987,-22.231665,0 -62.679296,-22.194768,0 -62.783476,-22.130896,0 -62.804353,-22.004082,0 -62.862024,-21.99323,0 -63.63939200000001,-21.997468,0 -63.693911,-22.01204,0 -63.74041999999999,-22.050591,0 -63.81312900000001,-22.003049,0 -63.947591,-22.007596,0 -63.968106,-22.066507,0 -64.004383,-22.09927,0 -64.05102100000001,-22.229185,0 -64.08623900000001,-22.257917,0 -64.160549,-22.438474,0 -64.250828,-22.54069,0 -64.325294,-22.871936,0 -64.343897,-22.863668,0 -64.359994,-22.803,0 -64.35573100000001,-22.751943,0 -64.45371,-22.642906,0 -64.428285,-22.542344,0 -64.531328,-22.425658,0 -64.524558,-22.385351,0 -64.572023,-22.343183,0 -64.54277399999999,-22.275487,0 -64.59620700000001,-22.20655,0 -64.65778,-22.178438,0 -64.762321,-22.174408,0 -64.832472,-22.137511,0 -65.020368,-22.096583,0 -65.45734400000001,-22.101441,0 -65.579894,-22.086454,0 -65.744613,-22.11405,0 -65.804557,-22.085834,0 -65.932689,-21.944551,0 -66.046532,-21.917989,0 -66.063586,-21.864039,0 -66.094488,-21.83293,0 -66.222465,-21.786938,0 -66.240009,-21.792415,0 -66.307602,-22.077049,0 -66.335249,-22.08232,0 -66.37746799999999,-22.127072,0 -66.626755,-22.192598,0 -66.64138,-22.212545,0 -66.699309,-22.200763,0 -66.735896,-22.225051,0 -66.79051800000001,-22.388348,0 -66.78509200000001,-22.427622,0 -66.935315,-22.480539,0 -66.978155,-22.5225,0 -67.032725,-22.524567,0 -67.026628,-22.639392,0 -67.113237,-22.710086,0 -67.193904,-22.822223,0 -67.01396699999999,-23.000714,0 
							</coordinates>
						</LinearRing>
					</outerBoundaryIs>
				</Polygon>
			</Placemark>
			<Placemark id="3A7BCED6BF3F8C0BDEF6">
				<name>Argentina</name>
				<snippet></snippet>
				<description>See: 2050-snapshot/domains/borders-geopolitics.md#lithium-triangle</description>
				<styleUrl>#__managed_style_36E3F58F843F8C0BDF1B</styleUrl>
				<Polygon>
					<outerBoundaryIs>
						<LinearRing>
							<coordinates>
								-68.56822699999999,-54.878351,0 -68.641998,-54.79916799999999,0 -68.642343,-54.853653,0 -68.654135,-54.886245,0 -68.56822699999999,-54.878351,0 
							</coordinates>
						</LinearRing>
					</outerBoundaryIs>
				</Polygon>
			</Placemark>
			<Placemark id="49B1F293B83F8C0BDEF6">
				<name>Argentina</name>
				<snippet></snippet>
				<description>See: 2050-snapshot/domains/borders-geopolitics.md#lithium-triangle</description>
				<styleUrl>#__managed_style_36E3F58F843F8C0BDF1B</styleUrl>
				<Polygon>
					<outerBoundaryIs>
						<LinearRing>
							<coordinates>
								-68.564605,-54.8388,0 -68.52033400000001,-54.852227,0 -68.328236,-54.84237999999999,0 -68.30207299999999,-54.79216900000001,0 -68.21898400000001,-54.818617,0 -68.12364700000001,-54.823989,0 -68.077626,-54.846124,0 -67.931956,-54.862481,0 -67.030995,-54.905206,0 -66.80280500000001,-54.94255999999999,0 -66.630067,-55.031097,0 -66.45067299999999,-55.052016,0 -66.371622,-55.037755,0 -66.371633,-55.005478,0 -66.31706800000001,-54.994978,0 -66.11706,-54.99553,0 -65.99335499999999,-54.972366,0 -65.950829,-54.939949,0 -65.98755800000001,-54.910683,0 -65.96622499999999,-54.90207299999999,0 -65.718861,-54.909275,0 -65.710194,-54.948419,0 -65.66909699999999,-54.971775,0 -65.634755,-54.962091,0 -65.61514200000001,-54.934177,0 -65.499664,-54.933038,0 -65.477406,-54.914239,0 -65.485422,-54.894627,0 -65.462717,-54.884454,0 -65.40168199999999,-54.893731,0 -65.392934,-54.92547,0 -65.358957,-54.92668999999999,0 -65.33226500000001,-54.913832,0 -65.30606,-54.852227,0 -65.243398,-54.820977,0 -65.251454,-54.79070399999999,0 -65.209828,-54.76474400000001,0 -65.224192,-54.743585,0 -65.193715,-54.690199,0 -65.14191599999999,-54.646905,0 -65.309316,-54.62655999999999,0 -65.37970900000001,-54.644789,0 -65.69811,-54.662367,0 -65.844228,-54.647393,0 -66.482213,-54.4658,0 -66.49231399999999,-54.44134400000001,0 -66.654023,-54.346542,0 -66.701731,-54.28826300000001,0 -66.766582,-54.249842,0 -67.140844,-54.123398,0 -67.571523,-53.907973,0 -67.58775799999999,-53.869317,0 -67.549239,-53.847408,0 -67.55824800000001,-53.83618899999999,0 -67.660151,-53.800079,0 -67.70877900000001,-53.80456800000001,0 -67.702461,-53.774746,0 -67.983632,-53.60133200000001,0 -68.047678,-53.523207,0 -68.082509,-53.429783,0 -68.07635999999999,-53.395298,0 -68.111402,-53.343802,0 -68.18933199999999,-53.313737,0 -68.296074,-53.32016900000001,0 -68.451351,-53.297717,0 -68.55075100000001,-53.238537,0 -68.563575,-53.20204199999999,0 -68.554799,-53.16705200000001,0 -68.520715,-53.120631,0 -68.349569,-53.016162,0 -68.28042600000001,-53.015395,0 -68.23054,-53.11858500000001,0 -68.225819,-53.10247199999999,0 -68.265981,-52.980645,0 -68.311431,-52.912042,0 -68.42813099999999,-52.83464899999999,0 -68.58580499999999,-52.662774,0 -68.627617,-52.639572,0 -68.641882,-54.782971,0 -68.564605,-54.8388,0 
							</coordinates>
						</LinearRing>
					</outerBoundaryIs>
				</Polygon>
			</Placemark>
			<Placemark id="549F19E6F93F8C0BDEF6">
				<name>Argentina</name>
				<snippet></snippet>
				<description>See: 2050-snapshot/domains/borders-geopolitics.md#lithium-triangle</description>
				<styleUrl>#__managed_style_36E3F58F843F8C0BDF1B</styleUrl>
				<Polygon>
					<outerBoundaryIs>
						<LinearRing>
							<coordinates>
								-63.880971,-54.723077,0 -63.914052,-54.71542699999999,0 -64.065989,-54.75042100000001,0 -64.093251,-54.71559,0 -64.127431,-54.729913,0 -64.158762,-54.71559,0 -64.187164,-54.74700300000001,0 -64.224233,-54.723077,0 -64.32371999999999,-54.722263,0 -64.36388100000001,-54.705987,0 -64.375478,-54.721368,0 -64.370717,-54.777602,0 -64.384389,-54.78443799999999,0 -64.407053,-54.743829,0 -64.49791399999999,-54.75042100000001,0 -64.542348,-54.71559,0 -64.569895,-54.722101,0 -64.50475,-54.770929,0 -64.522572,-54.781671,0 -64.60374899999999,-54.79811,0 -64.68309499999999,-54.770196,0 -64.753733,-54.81340899999999,0 -64.758656,-54.832289,0 -64.668609,-54.866469,0 -64.689768,-54.900567,0 -64.62442,-54.903741,0 -64.51227799999999,-54.845961,0 -64.52525799999999,-54.83855599999999,0 -64.506581,-54.827325,0 -64.484283,-54.824884,0 -64.49791399999999,-54.845961,0 -64.445139,-54.843357,0 -64.311106,-54.777602,0 -64.251576,-54.77703200000001,0 -64.270741,-54.824884,0 -64.24453699999999,-54.837091,0 -64.224233,-54.82171,0 -64.10692299999999,-54.804376,0 -64.082875,-54.781508,0 -64.021799,-54.78199600000001,0 -63.979644,-54.75742,0 -63.96288000000001,-54.774021,0 -63.990834,-54.811212,0 -63.966786,-54.815037,0 -63.87035099999999,-54.781671,0 -63.81212299999999,-54.729913,0 -63.825673,-54.714939,0 -63.888417,-54.729913,0 -63.880971,-54.723077,0 
							</coordinates>
						</LinearRing>
					</outerBoundaryIs>
				</Polygon>
			</Placemark>
			<Placemark id="68CBD88BFD3F8C0BDEF6">
				<name>Argentina</name>
				<snippet></snippet>
				<description>See: 2050-snapshot/domains/borders-geopolitics.md#lithium-triangle</description>
				<styleUrl>#__managed_style_36E3F58F843F8C0BDF1B</styleUrl>
				<Polygon>
					<outerBoundaryIs>
						<LinearRing>
							<coordinates>
								-61.94180299999999,-39.117771,0 -62.098012,-39.087823,0 -62.086049,-39.122979,0 -62.026845,-39.182875,0 -61.868276,-39.239435,0 -61.861724,-39.209893,0 -61.880483,-39.160577,0 -61.903391,-39.132094,0 -61.91926,-39.15252,0 -61.94180299999999,-39.117771,0 
							</coordinates>
						</LinearRing>
					</outerBoundaryIs>
				</Polygon>
			</Placemark>
			<Placemark id="790AC2819C3F8C0BDEF6">
				<name>Argentina</name>
				<snippet></snippet>
				<description>See: 2050-snapshot/domains/borders-geopolitics.md#lithium-triangle</description>
				<styleUrl>#__managed_style_36E3F58F843F8C0BDF1B</styleUrl>
				<Polygon>
					<outerBoundaryIs>
						<LinearRing>
							<coordinates>
								-62.01024300000001,-39.064386,0 -61.96727500000001,-39.04697,0 -62.00267500000001,-39.014744,0 -62.040191,-39.005466,0 -62.119456,-39.002211,0 -62.13076699999999,-39.020603,0 -62.10045300000001,-39.035089,0 -62.085927,-39.02337,0 -62.01024300000001,-39.064386,0 
							</coordinates>
						</LinearRing>
					</outerBoundaryIs>
				</Polygon>
			</Placemark>
			<Placemark id="8A48C4F43A3F8C0BDEF6">
				<name>Argentina</name>
				<snippet></snippet>
				<description>See: 2050-snapshot/domains/borders-geopolitics.md#lithium-triangle</description>
				<styleUrl>#__managed_style_36E3F58F843F8C0BDF1B</styleUrl>
				<Polygon>
					<outerBoundaryIs>
						<LinearRing>
							<coordinates>
								-62.19902600000001,-40.463473,0 -62.237326,-40.509949,0 -62.193546,-40.522604,0 -62.16573,-40.509401,0 -62.16134,-40.557101,0 -62.108709,-40.564064,0 -62.03759299999999,-40.484365,0 -62.028517,-40.454882,0 -62.09399699999999,-40.377419,0 -62.172836,-40.375048,0 -62.19902600000001,-40.463473,0 
							</coordinates>
						</LinearRing>
					</outerBoundaryIs>
				</Polygon>
			</Placemark>
			<Placemark id="97F54BD73F3F8C0BDEF6">
				<name>Argentina</name>
				<snippet></snippet>
				<description>See: 2050-snapshot/domains/borders-geopolitics.md#lithium-triangle</description>
				<styleUrl>#__managed_style_36E3F58F843F8C0BDF1B</styleUrl>
				<Polygon>
					<outerBoundaryIs>
						<LinearRing>
							<coordinates>
								-62.13318000000001,-40.181094,0 -62.021165,-40.343553,0 -62.01466000000001,-40.175163,0 -62.04058,-40.146456,0 -62.118962,-40.13072,0 -62.13318000000001,-40.181094,0 
							</coordinates>
						</LinearRing>
					</outerBoundaryIs>
				</Polygon>
			</Placemark>
		</Folder>
		<Folder id="A1E28F20673F8C0BDEF6">
			<name>Bolivia</name>
			<snippet></snippet>
			<styleUrl>#__managed_style_08FA8503193F8C0BDF1B</styleUrl>
			<Placemark id="BE682E43723F8C0BDEF6">
				<name>Bolivia</name>
				<snippet></snippet>
				<description>See: 2050-snapshot/domains/borders-geopolitics.md#lithium-triangle</description>
				<styleUrl>#__managed_style_1BDFF74DF003F8C0BDF1C</styleUrl>
				<Polygon>
					<outerBoundaryIs>
						<LinearRing>
							<coordinates>
								-69.359405,-17.75938,0 -69.334239,-17.805785,0 -69.326875,-17.915133,0 -69.302406,-17.976214,0 -69.262047,-17.964019,0 -69.234813,-17.992957,0 -69.157712,-18.02572,0 -69.092057,-18.023343,0 -69.081722,-18.039983,0 -69.089215,-18.083081,0 -69.155438,-18.140235,0 -69.141201,-18.186847,0 -69.100351,-18.234286,0 -69.07782,-18.398824,0 -69.034386,-18.478303,0 -69.033844,-18.649455,0 -69.003484,-18.702682,0 -69.010537,-18.744539,0 -68.95144500000001,-18.867323,0 -68.95984300000001,-18.907837,0 -68.989609,-18.946491,0 -68.961703,-18.969435,0 -68.908502,-19.067931,0 -68.81540699999999,-19.113303,0 -68.698464,-19.215622,0 -68.663324,-19.273603,0 -68.493205,-19.376956,0 -68.447626,-19.434627,0 -68.510206,-19.471627,0 -68.63097399999999,-19.641952,0 -68.70321800000001,-19.71554,0 -68.698412,-19.746339,0 -68.561108,-19.844317,0 -68.541574,-19.920385,0 -68.588341,-20.055571,0 -68.652885,-20.054227,0 -68.792592,-20.106627,0 -68.789466,-20.125851,0 -68.726265,-20.150965,0 -68.72946899999999,-20.228687,0 -68.678516,-20.328629,0 -68.757685,-20.364286,0 -68.76541,-20.421233,0 -68.68554399999999,-20.516834,0 -68.480957,-20.624735,0 -68.481629,-20.643028,0 -68.55020399999999,-20.699046,0 -68.57278599999999,-20.742867,0 -68.57196,-20.872368,0 -68.55511300000001,-20.913916,0 -68.510206,-20.940168,0 -68.453931,-20.939754,0 -68.41631,-20.959805,0 -68.207537,-21.284333,0 -68.19374000000001,-21.328464,0 -68.198442,-21.57186,0 -68.12836900000001,-21.712317,0 -68.107595,-21.789625,0 -68.096226,-21.953956,0 -67.960627,-22.102887,0 -67.976595,-22.159835,0 -67.93478899999999,-22.251716,0 -67.951894,-22.334088,0 -67.85918700000001,-22.547305,0 -67.891329,-22.715667,0 -67.887092,-22.818709,0 -67.77144,-22.888679,0 -67.547113,-22.892503,0 -67.193904,-22.822223,0 -67.113237,-22.710086,0 -67.026628,-22.639392,0 -67.032725,-22.524567,0 -66.978155,-22.5225,0 -66.935315,-22.480539,0 -66.78509200000001,-22.427622,0 -66.79051800000001,-22.388348,0 -66.735896,-22.225051,0 -66.699309,-22.200763,0 -66.64138,-22.212545,0 -66.626755,-22.192598,0 -66.37746799999999,-22.127072,0 -66.335249,-22.08232,0 -66.307602,-22.077049,0 -66.240009,-21.792415,0 -66.222465,-21.786938,0 -66.094488,-21.83293,0 -66.063586,-21.864039,0 -66.046532,-21.917989,0 -65.932689,-21.944551,0 -65.804557,-22.085834,0 -65.744613,-22.11405,0 -65.579894,-22.086454,0 -65.45734400000001,-22.101441,0 -65.020368,-22.096583,0 -64.832472,-22.137511,0 -64.762321,-22.174408,0 -64.65778,-22.178438,0 -64.59620700000001,-22.20655,0 -64.54277399999999,-22.275487,0 -64.572023,-22.343183,0 -64.524558,-22.385351,0 -64.531328,-22.425658,0 -64.428285,-22.542344,0 -64.45371,-22.642906,0 -64.35573100000001,-22.751943,0 -64.359994,-22.803,0 -64.343897,-22.863668,0 -64.325294,-22.871936,0 -64.250828,-22.54069,0 -64.160549,-22.438474,0 -64.08623900000001,-22.257917,0 -64.05102100000001,-22.229185,0 -64.004383,-22.09927,0 -63.933173,-22.001808,0 -63.81312900000001,-22.003049,0 -63.74041999999999,-22.050591,0 -63.693911,-22.01204,0 -63.63939200000001,-21.997468,0 -62.81856400000001,-22.000878,0 -62.801356,-22.013487,0 -62.783476,-22.130896,0 -62.679296,-22.194768,0 -62.650357,-22.234456,0 -62.27570299999999,-21.066568,0 -62.26883000000001,-20.553111,0 -61.94425,-20.104146,0 -61.753203,-19.64588,0 -60.006384,-19.298097,0 -59.08954099999999,-19.286729,0 -58.175282,-19.821373,0 -58.141847,-20.000897,0 -58.158797,-20.165125,0 -58.103555,-20.144041,0 -57.959171,-20.026218,0 -57.89560900000001,-20.024151,0 -57.859745,-19.980123,0 -58.116939,-19.758018,0 -58.124639,-19.729906,0 -57.789,-19.059249,0 -57.71582600000001,-19.044573,0 -57.731794,-18.921996,0 -57.782334,-18.910421,0 -57.56674,-18.256094,0 -57.535734,-18.240488,0 -57.46679799999999,-18.239557,0 -57.474549,-18.208035,0 -57.551082,-18.183643,0 -57.73008900000001,-17.846093,0 -57.698773,-17.843096,0 -57.696809,-17.825112,0 -57.732983,-17.768475,0 -57.724456,-17.736642,0 -57.7859,-17.677525,0 -57.80073099999999,-17.533451,0 -57.836749,-17.511023,0 -57.943564,-17.517844,0 -58.010175,-17.49676,0 -58.152234,-17.396405,0 -58.20406500000001,-17.377388,0 -58.231557,-17.329742,0 -58.38116,-17.267214,0 -58.39914400000001,-17.237448,0 -58.406275,-17.110117,0 -58.46627199999999,-16.887289,0 -58.452939,-16.841296,0 -58.480276,-16.683683,0 -58.455885,-16.619088,0 -58.356097,-16.509534,0 -58.342661,-16.473154,0 -58.36359,-16.43667,0 -58.334548,-16.386647,0 -58.349741,-16.2804,0 -58.392943,-16.279367,0 -58.42162299999999,-16.318434,0 -58.464721,-16.33125,0 -60.16069,-16.264794,0 -60.17981,-16.222006,0 -60.246395,-15.478279,0 -60.582241,-15.098871,0 -60.274972,-15.09515,0 -60.269805,-15.083368,0 -60.291716,-14.630062,0 -60.369204,-14.542832,0 -60.338431,-14.5326,0 -60.39134799999999,-14.357107,0 -60.464341,-14.278352,0 -60.473513,-14.117225,0 -60.419434,-14.076917,0 -60.387188,-13.98328,0 -60.44881199999999,-13.896773,0 -60.472635,-13.797865,0 -60.575135,-13.765619,0 -60.588623,-13.744535,0 -60.652701,-13.7188,0 -60.801969,-13.604181,0 -60.89674299999999,-13.552918,0 -61.02200700000001,-13.535245,0 -61.041256,-13.515195,0 -61.04722499999999,-13.464552,0 -61.11871899999999,-13.484499,0 -61.14910499999999,-13.519845,0 -61.248556,-13.524393,0 -61.347724,-13.493697,0 -61.45875,-13.54372,0 -61.50342500000001,-13.548164,0 -61.550812,-13.538036,0 -61.597114,-13.5061,0 -61.692896,-13.517985,0 -61.735116,-13.538036,0 -61.83635000000001,-13.540619,0 -61.872317,-13.456077,0 -62.00326500000001,-13.360475,0 -62.109408,-13.248958,0 -62.114679,-13.150204,0 -62.172454,-13.117855,0 -62.17395199999999,-13.140799,0 -62.211521,-13.120335,0 -62.335028,-13.14514,0 -62.424118,-13.126536,0 -62.472125,-13.068452,0 -62.554601,-13.066798,0 -62.641676,-13.030005,0 -62.651339,-12.992487,0 -62.686634,-12.964996,0 -62.76864499999999,-12.990627,0 -62.770453,-13.010471,0 -62.789832,-13.000652,0 -62.83143099999999,-12.944945,0 -62.865073,-12.93554,0 -62.928893,-12.846036,0 -62.95514499999999,-12.857509,0 -62.988011,-12.843866,0 -63.014728,-12.77772,0 -63.05110800000001,-12.742167,0 -63.04346,-12.719119,0 -63.075034,-12.652663,0 -63.13668400000001,-12.63375,0 -63.235955,-12.698552,0 -63.317913,-12.701963,0 -63.431446,-12.636954,0 -63.48575799999999,-12.557475,0 -63.542189,-12.547967,0 -63.657738,-12.475413,0 -63.80139799999999,-12.454949,0 -63.86289300000001,-12.469212,0 -63.92123599999999,-12.544349,0 -63.972447,-12.523886,0 -64.02283199999999,-12.537838,0 -64.04445800000001,-12.509106,0 -64.104455,-12.507142,0 -64.119828,-12.489676,0 -64.14478800000001,-12.520372,0 -64.21522299999999,-12.473759,0 -64.287544,-12.497117,0 -64.29769899999999,-12.465698,0 -64.395729,-12.457326,0 -64.452521,-12.390354,0 -64.48978,-12.373611,0 -64.468153,-12.272635,0 -64.489392,-12.239459,0 -64.593417,-12.215997,0 -64.66486,-12.180961,0 -64.688992,-12.153882,0 -64.68992299999999,-12.104376,0 -64.710283,-12.111921,0 -64.716278,-12.146544,0 -64.739532,-12.144581,0 -64.73679300000001,-12.119776,0 -64.7925,-12.032546,0 -64.967606,-12.007948,0 -65.009438,-11.98428,0 -65.01463200000001,-11.950277,0 -64.998121,-11.908936,0 -65.033674,-11.879791,0 -65.038454,-11.818709,0 -65.06555899999999,-11.75308,0 -65.11356600000001,-11.722591,0 -65.113411,-11.690551,0 -65.133978,-11.702644,0 -65.15149700000001,-11.77313,0 -65.196197,-11.741814,0 -65.193354,-11.632364,0 -65.167439,-11.615517,0 -65.219244,-11.584511,0 -65.222655,-11.517435,0 -65.25756199999999,-11.495318,0 -65.29246999999999,-11.504723,0 -65.319548,-11.476404,0 -65.354766,-11.382353,0 -65.326447,-11.327783,0 -65.38727,-11.277553,0 -65.388614,-11.253162,0 -65.360011,-11.218849,0 -65.39814800000001,-11.178025,0 -65.394738,-11.153427,0 -65.34104600000001,-11.106608,0 -65.341976,-11.032814,0 -65.299601,-10.969665,0 -65.327119,-10.850499,0 -65.404737,-10.799236,0 -65.381069,-10.698054,0 -65.386753,-10.669529,0 -65.43569100000001,-10.62581,0 -65.429232,-10.561421,0 -65.44998,-10.468094,0 -65.410938,-10.44918,0 -65.37923499999999,-10.351408,0 -65.327817,-10.314408,0 -65.28482200000001,-10.206818,0 -65.336834,-9.967245999999999,0 -65.29911,-9.841259000000001,0 -65.340064,-9.789686,0 -65.370501,-9.710621,0 -65.416235,-9.680132,0 -65.45184,-9.681372,0 -65.510777,-9.734082000000001,0 -65.583977,-9.837228,0 -65.628883,-9.826893,0 -65.67895799999999,-9.789376000000001,0 -65.713116,-9.794233,0 -65.709964,-9.755993,0 -65.772441,-9.768808,0 -65.78856399999999,-9.733048,0 -65.80641799999999,-9.784414999999999,0 -65.834065,-9.758266000000001,0 -65.862461,-9.781831,0 -65.946952,-9.771392000000001,0 -66.02947899999999,-9.808289,0 -66.086995,-9.784518,0 -66.118182,-9.806015,0 -66.190658,-9.800848,0 -66.43271,-9.886113999999999,0 -66.513842,-9.883943,0 -66.64261999999999,-9.907921,0 -66.660087,-9.945335,0 -66.770623,-9.992566999999999,0 -66.90265599999999,-10.09313,0 -67.0643,-10.256944,0 -67.151736,-10.288983,0 -67.18470600000001,-10.326707,0 -67.323509,-10.318852,0 -67.337823,-10.326087,0 -67.34283600000001,-10.372492,0 -67.418335,-10.381484,0 -67.468048,-10.452281,0 -67.58463,-10.501787,0 -67.684675,-10.610514,0 -67.721727,-10.705495,0 -67.755782,-10.714177,0 -67.862649,-10.65878,0 -68.043775,-10.666945,0 -68.11209100000001,-10.714074,0 -68.29331999999999,-10.978967,0 -68.378276,-11.005012,0 -68.428196,-11.043666,0 -68.536096,-11.061546,0 -68.61573,-11.112499,0 -68.775926,-11.140611,0 -68.79117100000001,-11.08511,0 -68.757633,-11.011937,0 -68.804659,-10.994677,0 -68.884034,-11.016381,0 -68.996998,-11.001705,0 -69.086889,-10.967185,0 -69.39594,-10.935042,0 -69.50288500000001,-10.955299,0 -69.577635,-10.952302,0 -68.684252,-12.502492,0 -68.72605900000001,-12.56595,0 -68.793419,-12.62021,0 -68.785332,-12.645945,0 -68.742957,-12.665789,0 -68.76613399999999,-12.710541,0 -68.876566,-12.754983,0 -68.904627,-12.803972,0 -68.926615,-12.800975,0 -68.980953,-12.867947,0 -68.97966099999999,-13.16457,0 -68.962788,-13.283581,0 -68.970747,-13.501449,0 -68.98565499999999,-13.550231,0 -69.02319799999999,-13.596947,0 -69.023844,-13.634981,0 -69.04402399999999,-13.648003,0 -69.087587,-13.643869,0 -69.101591,-13.666607,0 -69.015964,-13.753113,0 -69.023095,-13.80603,0 -68.992993,-13.869798,0 -68.982968,-13.972221,0 -68.905764,-14.039297,0 -68.864448,-14.191226,0 -68.883724,-14.211483,0 -68.984906,-14.228329,0 -69.01015,-14.245899,0 -69.01617,-14.32114,0 -68.99025399999999,-14.379018,0 -69.164275,-14.503041,0 -69.170399,-14.577559,0 -69.234658,-14.574251,0 -69.267628,-14.750675,0 -69.339045,-14.774756,0 -69.370541,-14.801524,0 -69.367751,-14.900536,0 -69.38431300000001,-14.981772,0 -69.288583,-15.101971,0 -69.1481,-15.233333,0 -69.166135,-15.263925,0 -69.20913,-15.263615,0 -69.22259200000001,-15.302166,0 -69.255897,-15.313328,0 -69.291166,-15.350845,0 -69.285921,-15.405415,0 -69.343411,-15.442209,0 -69.356408,-15.50143,0 -69.430021,-15.62628,0 -69.219646,-16.15276,0 -69.18486799999999,-16.195031,0 -69.12081499999999,-16.231205,0 -69.053558,-16.208364,0 -68.982038,-16.210017,0 -68.91876000000001,-16.266655,0 -68.843648,-16.302001,0 -68.833494,-16.328976,0 -68.855844,-16.363186,0 -69.001727,-16.422821,0 -69.02787499999999,-16.454137,0 -69.040122,-16.581364,0 -69.008341,-16.634177,0 -69.03707300000001,-16.670247,0 -69.112056,-16.711485,0 -69.182362,-16.728745,0 -69.224452,-16.818249,0 -69.325945,-16.922222,0 -69.36431399999999,-16.991158,0 -69.413588,-17.022267,0 -69.401263,-17.047175,0 -69.427437,-17.086863,0 -69.510094,-17.112081,0 -69.59505,-17.179674,0 -69.6228,-17.185565,0 -69.66649200000001,-17.288298,0 -69.597272,-17.300493,0 -69.522599,-17.36912,0 -69.497123,-17.621404,0 -69.359405,-17.75938,0 
							</coordinates>
						</LinearRing>
					</outerBoundaryIs>
				</Polygon>
			</Placemark>
		</Folder>
		<Folder id="C7EA419DDC3F8C0BDEF6">
			<name>Brazil</name>
			<snippet></snippet>
			<styleUrl>#__managed_style_08FA8503193F8C0BDF1B</styleUrl>
			<Placemark id="D6B17DF2263F8C0BDEF6">
				<name>Brazil</name>
				<snippet></snippet>
				<description>See: 2050-snapshot/domains/borders-geopolitics.md#brazil</description>
				<styleUrl>#__managed_style_97B415CEA13F8C0BDF1B</styleUrl>
				<Polygon>
					<outerBoundaryIs>
						<LinearRing>
							<coordinates>
								-57.567463,-30.256343,0 -57.535992,-30.27443,0 -57.44313,-30.269469,0 -57.39925699999999,-30.299131,0 -57.353833,-30.27195,0 -57.296472,-30.293344,0 -57.27037600000001,-30.275154,0 -57.245054,-30.293344,0 -57.183714,-30.267505,0 -57.129557,-30.149993,0 -57.077106,-30.106068,0 -56.831281,-30.102037,0 -56.76699500000001,-30.161362,0 -56.641783,-30.233916,0 -56.631345,-30.284662,0 -56.575017,-30.302439,0 -56.523754,-30.357319,0 -56.42463899999999,-30.423568,0 -56.385985,-30.475761,0 -56.21509100000001,-30.581905,0 -56.076857,-30.752334,0 -56.011357,-30.798222,0 -55.98895499999999,-30.85579,0 -56.015517,-30.934338,0 -56.022183,-31.06714699999999,0 -56.011357,-31.082133,0 -55.85459599999999,-31.074588,0 -55.763594,-31.008442,0 -55.731891,-30.945397,0 -55.652748,-30.938989,0 -55.649673,-30.860958,0 -55.591873,-30.848348,0 -55.36857899999999,-31.037381,0 -55.338039,-31.125644,0 -55.2937,-31.153653,0 -55.24434900000001,-31.244603,0 -55.087253,-31.326769,0 -55.02937499999999,-31.268788,0 -54.969637,-31.340825,0 -54.849903,-31.425057,0 -54.604543,-31.459784,0 -54.562375,-31.515905,0 -54.495041,-31.565617,0 -54.463725,-31.671864,0 -54.27422800000001,-31.823379,0 -54.146277,-31.909886,0 -54.088451,-31.878156,0 -54.049745,-31.887148,0 -54.008714,-31.926526,0 -53.90582599999999,-31.959288,0 -53.858077,-32.021197,0 -53.757308,-32.055045,0 -53.72144500000001,-32.162428,0 -53.65855500000001,-32.254309,0 -53.64387899999999,-32.355595,0 -53.5613,-32.449543,0 -53.415624,-32.564161,0 -53.201477,-32.637232,0 -53.110836,-32.722394,0 -53.126856,-32.754847,0 -53.298835,-32.889102,0 -53.327309,-32.973645,0 -53.48332,-33.067283,0 -53.511535,-33.099219,0 -53.536857,-33.170842,0 -53.514016,-33.394911,0 -53.539647,-33.649263,0 -53.511535,-33.690294,0 -53.45670700000001,-33.687503,0 -53.411283,-33.74228,0 -53.37909500000001,-33.740676,0 -53.266347,-33.67669,0 -52.81948800000001,-33.322524,0 -52.644887,-33.136977,0 -52.47085499999999,-32.800958,0 -52.375315,-32.498712,0 -52.253407,-32.282485,0 -52.12743099999999,-32.177504,0 -52.091176,-32.166111,0 -52.101552,-32.122654,0 -52.08727,-32.067315,0 -52.13971900000001,-32.119073,0 -52.156158,-32.122654,0 -52.168935,-32.100681,0 -52.08141,-32.031996,0 -52.124094,-32.029474,0 -52.154408,-32.065118,0 -52.213979,-32.086114,0 -52.238108,-32.080987,0 -52.211171,-32.056736,0 -52.258616,-32.053643,0 -52.23766,-31.966404,0 -52.13386,-31.930841,0 -52.21019399999999,-31.868748,0 -52.235707,-31.879653,0 -52.248443,-31.861993,0 -52.21019399999999,-31.80047,0 -52.21861700000001,-31.740655,0 -52.063344,-31.66546,0 -52.041249,-31.622654,0 -52.04629500000001,-31.608087,0 -52.089955,-31.606134,0 -52.08332299999999,-31.558689,0 -52.040151,-31.570245,0 -52.007924,-31.646173,0 -51.984853,-31.573907,0 -52.00475000000001,-31.539727,0 -51.99852500000001,-31.409356,0 -51.94286,-31.359308,0 -51.963531,-31.332289,0 -51.92276,-31.306899,0 -51.856923,-31.311212,0 -51.81895900000001,-31.272231,0 -51.637522,-31.256524,0 -51.65086800000001,-31.205499,0 -51.623606,-31.135349,0 -51.443023,-31.080987,0 -51.47081499999999,-31.053318,0 -51.485707,-30.967055,0 -51.455434,-30.889418,0 -51.361887,-30.879164,0 -51.381581,-30.7763,0 -51.37710500000001,-30.642267,0 -51.322499,-30.642185,0 -51.291168,-30.739923,0 -51.289459,-30.767348,0 -51.313954,-30.773207,0 -51.297678,-30.795343,0 -51.269683,-30.781834,0 -51.29019099999999,-30.624444,0 -51.250478,-30.462335,0 -51.20042900000001,-30.399835,0 -51.114817,-30.401056,0 -51.090647,-30.351983,0 -51.18773399999999,-30.360121,0 -51.204091,-30.285333,0 -51.237538,-30.313246,0 -51.292144,-30.271661,0 -51.26488200000001,-30.244887,0 -51.28246,-30.221368,0 -51.32697499999999,-30.224542,0 -51.306467,-30.186944,0 -51.313954,-30.154555,0 -51.292144,-30.083917,0 -51.306467,-30.070245,0 -51.283518,-30.00742,0 -51.26207399999999,-30.013767,0 -51.259348,-30.046808,0 -51.237538,-30.039646,0 -51.25121,-30.107843,0 -51.21711199999999,-30.156345,0 -51.233022,-30.189874,0 -51.180491,-30.20037200000001,0 -51.176137,-30.224542,0 -51.12254800000001,-30.256036,0 -51.079457,-30.237888,0 -51.057607,-30.241876,0 -51.052602,-30.265395,0 -51.02310099999999,-30.263767,0 -51.011627,-30.296157,0 -51.040273,-30.34352,0 -51.034088,-30.37566500000001,0 -50.93639099999999,-30.431573,0 -50.915395,-30.436212,0 -50.932851,-30.380629,0 -50.912994,-30.316664,0 -50.79938700000001,-30.3235,0 -50.77912400000001,-30.293227,0 -50.671986,-30.288995,0 -50.65343200000001,-30.25156,0 -50.675852,-30.217706,0 -50.648549,-30.190362,0 -50.614817,-30.186212,0 -50.539866,-30.267511,0 -50.537262,-30.320408,0 -50.57282499999999,-30.409438,0 -50.565012,-30.450128,0 -50.607533,-30.485121,0 -50.649892,-30.438572,0 -50.645131,-30.392185,0 -50.689931,-30.353204,0 -50.725657,-30.363051,0 -50.689524,-30.464044,0 -50.679433,-30.641697,0 -50.692616,-30.726495,0 -50.760121,-30.815118,0 -50.819569,-30.831313,0 -50.91388899999999,-30.893324,0 -50.978424,-30.893324,0 -50.95641,-30.922784,0 -50.98766,-31.045587,0 -50.97004099999999,-31.074314,0 -50.93590199999999,-31.087823,0 -50.96467000000001,-31.101251,0 -50.975942,-31.130955,0 -51.00316299999999,-31.132908,0 -51.01398700000001,-31.062758,0 -51.161855,-31.077732,0 -51.176137,-31.149347,0 -51.154775,-31.212091,0 -51.158559,-31.286391,0 -51.179596,-31.358982,0 -51.244985,-31.464044,0 -51.33454299999999,-31.51922,0 -51.37779699999999,-31.526951,0 -51.413482,-31.517836,0 -51.422515,-31.485121,0 -51.46349,-31.557224,0 -51.44762100000001,-31.612726,0 -51.49868699999999,-31.574884,0 -51.51256299999999,-31.615981,0 -51.666168,-31.769708,0 -51.704498,-31.792739,0 -51.83409600000001,-31.80047,0 -51.81371,-31.828383,0 -51.83633399999999,-31.854913,0 -51.92276,-31.868748,0 -52.04845099999999,-31.808282,0 -52.08727,-31.827813,0 -52.087961,-31.858575,0 -52.012196,-31.950616,0 -52.05663,-31.988377,0 -52.035756,-32.027927,0 -52.084462,-32.146905,0 -52.077382,-32.16725,0 -51.863515,-31.931736,0 -51.56334400000001,-31.777439,0 -51.151845,-31.481541,0 -51.034576,-31.378025,0 -50.82843999999999,-31.142673,0 -50.721425,-31.044529,0 -50.315663,-30.461521,0 -50.045318,-29.814548,0 -49.997426,-29.764581,0 -49.933583,-29.634373,0 -49.810658,-29.443129,0 -49.552317,-29.127374,0 -49.342763,-28.923517,0 -48.940582,-28.64544,0 -48.815338,-28.610447,0 -48.756093,-28.528416,0 -48.749867,-28.511407,0 -48.789174,-28.521417,0 -48.854888,-28.475274,0 -48.839223,-28.428888,0 -48.874013,-28.418878,0 -48.859731,-28.39129,0 -48.874013,-28.346287,0 -48.86461299999999,-28.320896,0 -48.850575,-28.323663,0 -48.79483,-28.370538,0 -48.803456,-28.45232499999999,0 -48.78087300000001,-28.487481,0 -48.76122000000001,-28.4874,0 -48.763051,-28.456964,0 -48.731068,-28.384454,0 -48.69640099999999,-28.342055,0 -48.688385,-28.278009,0 -48.635894,-28.230157,0 -48.65526300000001,-28.212823,0 -48.653717,-28.190199,0 -48.620107,-28.068536,0 -48.59898800000001,-28.041599,0 -48.616567,-27.990818,0 -48.60643499999999,-27.932306,0 -48.565541,-27.860284,0 -48.588246,-27.853611,0 -48.572336,-27.825453,0 -48.629221,-27.767511,0 -48.60643499999999,-27.750421,0 -48.64744999999999,-27.647393,0 -48.594553,-27.60117,0 -48.58600800000001,-27.613214,0 -48.579091,-27.576349,0 -48.60985299999999,-27.558689,0 -48.64744999999999,-27.479587,0 -48.636952,-27.446954,0 -48.58193899999999,-27.416681,0 -48.565541,-27.367446,0 -48.551869,-27.387302,0 -48.56094299999999,-27.324965,0 -48.60985299999999,-27.305352,0 -48.619985,-27.246677,0 -48.54186,-27.182387,0 -48.512603,-27.198175,0 -48.531361,-27.209161,0 -48.524566,-27.221287,0 -48.492909,-27.215997,0 -48.496571,-27.175063,0 -48.47614500000001,-27.153985,0 -48.51622499999999,-27.120782,0 -48.551381,-27.158136,0 -48.579498,-27.158461,0 -48.607167,-27.104425,0 -48.575185,-27.016209,0 -48.620107,-26.982599,0 -48.613271,-26.917739,0 -48.628774,-26.864841,0 -48.577952,-26.776544,0 -48.592152,-26.76393,0 -48.626943,-26.770929,0 -48.678944,-26.73105199999999,0 -48.683339,-26.662367,0 -48.664459,-26.556085,0 -48.60790000000001,-26.4367,0 -48.635854,-26.418552,0 -48.650787,-26.37656,0 -48.721791,-26.344822,0 -48.737701,-26.319106,0 -48.798248,-26.304864,0 -48.757314,-26.291192,0 -48.77774,-26.263279,0 -48.756215,-26.249444,0 -48.756093,-26.203546,0 -48.791127,-26.135349,0 -48.796457,-26.068455,0 -48.77253199999999,-26.100681,0 -48.73379499999999,-26.224705,0 -48.667877,-26.236017,0 -48.634918,-26.194513,0 -48.59251900000001,-26.18385200000001,0 -48.582631,-26.157159,0 -48.61265999999999,-26.040623,0 -48.55858299999999,-25.901788,0 -48.563466,-25.865818,0 -48.74303099999999,-25.872817,0 -48.76577699999999,-25.886651,0 -48.76943900000001,-25.867364,0 -48.74303099999999,-25.851739,0 -48.651235,-25.844496,0 -48.583241,-25.854669,0 -48.592193,-25.829278,0 -48.620107,-25.81756,0 -48.578521,-25.797133,0 -48.58600800000001,-25.81756,0 -48.541005,-25.845473,0 -48.51756799999999,-25.770196,0 -48.43272899999999,-25.622491,0 -48.361195,-25.570977,0 -48.386708,-25.543878,0 -48.45567799999999,-25.550714,0 -48.48249299999999,-25.579848,0 -48.503407,-25.571873,0 -48.469309,-25.543878,0 -48.524037,-25.51482499999999,0 -48.595448,-25.527765,0 -48.60643499999999,-25.543878,0 -48.654286,-25.516534,0 -48.620107,-25.496189,0 -48.710846,-25.496352,0 -48.72936,-25.468194,0 -48.68358300000001,-25.46266,0 -48.718821,-25.422621,0 -48.74303099999999,-25.352146,0 -48.635365,-25.444594,0 -48.57506299999999,-25.462009,0 -48.558013,-25.447035,0 -48.517079,-25.447035,0 -48.47272699999999,-25.475681,0 -48.414052,-25.410089,0 -48.43456,-25.37949,0 -48.457428,-25.379653,0 -48.43456,-25.358331,0 -48.445668,-25.347426,0 -48.496571,-25.338474,0 -48.428334,-25.324151,0 -48.45567799999999,-25.248468,0 -48.43456,-25.262791,0 -48.43456,-25.242283,0 -48.40721599999999,-25.283868,0 -48.367421,-25.304783,0 -48.35261,-25.29339,0 -48.372629,-25.27158,0 -48.325307,-25.228611,0 -48.33552,-25.318617,0 -48.319081,-25.324151,0 -48.332753,-25.358331,0 -48.297434,-25.341241,0 -48.28433200000001,-25.289972,0 -48.25015199999999,-25.318048,0 -48.140289,-25.269627,0 -48.127309,-25.279962,0 -48.222157,-25.339125,0 -48.25015199999999,-25.42783,0 -48.241607,-25.448175,0 -48.20905500000001,-25.457615,0 -48.168284,-25.369236,0 -48.091542,-25.325291,0 -48.02000900000001,-25.226332,0 -47.95177199999999,-25.201349,0 -47.887074,-25.057306,0 -47.949696,-25.080011,0 -48.03246,-25.063246,0 -48.05158400000001,-25.036798,0 -48.034901,-25.048761,0 -48.016916,-25.010837,0 -47.972727,-25.009373,0 -47.962148,-25.023126,0 -48.001698,-25.027927,0 -48.009999,-25.044203,0 -47.960561,-25.0499,0 -47.825551,-24.89413800000001,0 -47.63386,-24.755629,0 -47.531321,-24.68816500000001,0 -47.442047,-24.680434,0 -47.181386,-24.53338,0 -47.07209199999999,-24.4485,0 -47.051015,-24.406183,0 -47.04979400000001,-24.42783,0 -47.01537,-24.422947,0 -46.999501,-24.409845,0 -47.00999899999999,-24.376886,0 -46.988922,-24.33115,0 -46.936635,-24.27337,0 -46.59341400000001,-24.08953199999999,0 -46.406728,-24.008966,0 -46.37604700000001,-24.024509,0 -46.37682,-23.985121,0 -46.412953,-23.981622,0 -46.453928,-23.92644599999999,0 -46.40982,-23.933852,0 -46.385406,-23.873468,0 -46.299469,-23.925063,0 -46.276357,-23.981622,0 -46.317372,-24.016371,0 -46.287668,-24.021173,0 -46.221099,-23.981703,0 -46.186635,-23.995375,0 -46.166493,-23.981622,0 -46.159739,-23.92018,0 -46.111928,-23.864923,0 -46.145497,-23.870782,0 -46.197377,-23.915704,0 -46.235422,-23.912693,0 -46.17959599999999,-23.890313,0 -46.146067,-23.844415,0 -46.026926,-23.828546,0 -45.98900299999999,-23.789809,0 -45.864369,-23.756443,0 -45.71751900000001,-23.77076599999999,0 -45.61847899999999,-23.802911,0 -45.57408600000001,-23.796645,0 -45.50926699999999,-23.837579,0 -45.426666,-23.830743,0 -45.40660599999999,-23.820408,0 -45.393056,-23.783461,0 -45.406117,-23.756117,0 -45.399403,-23.72088,0 -45.423085,-23.710626,0 -45.433502,-23.664727,0 -45.412994,-23.617852,0 -45.36778699999999,-23.616632,0 -45.28954,-23.570082,0 -45.25194299999999,-23.59059,0 -45.200673,-23.572035,0 -45.213735,-23.542739,0 -45.20034700000001,-23.523696,0 -45.145497,-23.529067,0 -45.147776,-23.4874,0 -45.09024,-23.51539500000001,0 -45.091786,-23.491876,0 -45.070424,-23.51539500000001,0 -45.05016,-23.473321,0 -45.00837199999999,-23.46087,0 -45.050771,-23.428155,0 -45.04308,-23.405532,0 -45.02830999999999,-23.416111,0 -44.981028,-23.399347,0 -44.919301,-23.34881,0 -44.891998,-23.340997,0 -44.898508,-23.364679,0 -44.868031,-23.357843,0 -44.826975,-23.385431,0 -44.674428,-23.338067,0 -44.583811,-23.353204,0 -44.523793,-23.290704,0 -44.50121,-23.296482,0 -44.510569,-23.27337,0 -44.576324,-23.24863,0 -44.556508,-23.227472,0 -44.600575,-23.234308,0 -44.651357,-23.284763,0 -44.624745,-23.234959,0 -44.655995,-23.230401,0 -44.680002,-23.24863,0 -44.62678,-23.195245,0 -44.645253,-23.186619,0 -44.707997,-23.214614,0 -44.70051,-23.10768,0 -44.6551,-23.043145,0 -44.598012,-23.03574,0 -44.604237,-23.055597,0 -44.435658,-22.996759,0 -44.411366,-22.937433,0 -44.384511,-22.93954799999999,0 -44.37149,-22.961196,0 -44.351552,-22.935317,0 -44.357818,-22.91961,0 -44.325917,-22.921645,0 -44.311838,-22.970147,0 -44.354482,-22.986423,0 -44.352651,-22.999282,0 -44.329945,-23.015232,0 -44.302602,-22.995294,0 -44.298736,-23.012872,0 -44.250478,-22.996189,0 -44.242991,-23.042576,0 -44.220082,-23.049412,0 -44.196929,-23.033624,0 -44.186391,-23.049005,0 -44.115102,-23.022393,0 -44.056223,-22.93954799999999,0 -44.039174,-22.944106,0 -44.049387,-22.974298,0 -44.030751,-22.97136799999999,0 -44.004709,-22.93954799999999,0 -43.850168,-22.892267,0 -43.864369,-22.905938,0 -43.80899,-22.909763,0 -43.802968,-22.929864,0 -43.734039,-22.93954799999999,0 -43.706695,-22.974298,0 -43.603749,-23.007745,0 -43.669301,-23.037205,0 -43.751129,-23.049412,0 -43.832021,-23.047621,0 -43.891713,-23.021417,0 -43.905385,-23.055597,0 -43.950063,-23.042576,0 -44.001454,-23.049249,0 -44.003733,-23.091078,0 -43.620758,-23.042576,0 -43.560374,-23.067478,0 -43.447581,-23.018162,0 -43.220123,-22.995294,0 -43.170766,-22.969822,0 -43.152211,-22.951104,0 -43.162099,-22.895685,0 -43.213287,-22.864435,0 -43.199615,-22.857029,0 -43.220123,-22.829685,0 -43.24059,-22.843927,0 -43.271067,-22.788995,0 -43.270172,-22.747003,0 -43.151845,-22.695977,0 -43.103424,-22.693617,0 -43.075551,-22.665704,0 -43.028391,-22.67254000000001,0 -43.025136,-22.735528,0 -43.061431,-22.765802,0 -43.034535,-22.775567,0 -43.101715,-22.836521,0 -43.126536,-22.88242,0 -43.129465,-22.894138,0 -43.091908,-22.917087,0 -43.130767,-22.91961,0 -43.089752,-22.95379,0 -43.073964,-22.94492,0 -43.031402,-22.974298,0 -42.695668,-22.966892,0 -42.668609,-22.946954,0 -42.531728,-22.934177,0 -42.058217,-22.95379,0 -42.013539,-22.981703,0 -42.002919,-22.947686,0 -42.007314,-22.933282,0 -42.022694,-22.944513,0 -42.03307,-22.91253,0 -42.019928,-22.88128,0 -41.996897,-22.875258,0 -41.989613,-22.826349,0 -41.909576,-22.776625,0 -41.890614,-22.782403,0 -41.869781,-22.75213,0 -41.870107,-22.734063,0 -41.93456,-22.768731,0 -41.993031,-22.699884,0 -41.996205,-22.609308,0 -41.966298,-22.535414,0 -41.911977,-22.50798899999999,0 -41.84968,-22.433038,0 -41.784495,-22.388604,0 -41.770823,-22.354181,0 -41.666493,-22.281834,0 -41.465728,-22.202569,0 -41.243695,-22.145213,0 -40.995269,-22.014255,0 -40.972646,-21.986749,0 -40.967275,-21.947524,0 -41.024729,-21.71919,0 -41.018544,-21.608087,0 -41.071868,-21.523339,0 -41.05724,-21.483819,0 -40.963503,-21.364503,0 -40.95181,-21.238104,0 -40.814613,-21.036612,0 -40.801109,-20.930996,0 -40.758463,-20.864194,0 -40.652089,-20.808038,0 -40.628438,-20.839218,0 -40.609399,-20.807289,0 -40.583424,-20.801972,0 -40.565175,-20.753025,0 -40.475331,-20.637791,0 -40.451283,-20.616876,0 -40.433217,-20.628676,0 -40.418324,-20.61533,0 -40.348744,-20.500095,0 -40.30248,-20.370864,0 -40.259511,-20.321466,0 -40.28246,-20.314223,0 -40.325392,-20.337532,0 -40.323948,-20.324838,0 -40.365971,-20.323231,0 -40.361887,-20.28102,0 -40.376129,-20.266778,0 -40.350901,-20.256524,0 -40.369293,-20.23268,0 -40.300404,-20.23268,0 -40.286733,-20.28102,0 -40.266184,-20.260512,0 -40.244374,-20.27752,0 -40.232777,-20.266778,0 -40.165924,-20.10589,0 -40.178619,-20.04339,0 -40.146474,-20.023045,0 -40.131988,-19.971856,0 -40.134429,-19.958917,0 -40.157053,-19.958917,0 -40.097401,-19.930597,0 -40.026845,-19.764418,0 -39.950999,-19.705173,0 -39.834869,-19.657159,0 -39.786204,-19.601983,0 -39.701405,-19.376153,0 -39.698069,-19.239923,0 -39.741078,-18.902114,0 -39.744862,-18.681736,0 -39.72468,-18.518731,0 -39.659413,-18.273614,0 -39.624989,-18.192641,0 -39.450185,-17.948012,0 -39.382395,-17.903253,0 -39.275054,-17.866876,0 -39.258901,-17.820733,0 -39.149648,-17.710707,0 -39.137115,-17.67962,0 -39.188385,-17.578383,0 -39.186269,-17.452081,0 -39.217356,-17.295099,0 -39.208608,-17.162205,0 -39.168813,-17.075942,0 -39.149648,-16.950453,0 -39.121571,-16.892022,0 -39.135976,-16.800226,0 -39.092275,-16.65781,0 -39.054067,-16.436456,0 -39.006907,-16.359308,0 -39.00536,-16.275079,0 -38.957265,-16.183282,0 -38.944203,-16.066583,0 -38.861684,-15.854262,0 -38.923899,-15.71559,0 -39.00182,-15.232029,0 -39.022694,-14.815851,0 -39.054067,-14.812188,0 -39.033599,-14.79225,0 -39.067128,-14.674981,0 -39.005686,-14.414972,0 -39.004994,-14.346856,0 -38.985178,-14.312595,0 -38.989247,-14.212335,0 -38.923695,-14.004083,0 -38.929921,-13.897638,0 -38.963857,-13.897068,0 -38.98998,-13.930841,0 -38.95287,-13.962579,0 -38.971425,-13.986261,0 -38.957265,-14.066095,0 -39.063385,-14.109959,0 -39.039784,-14.175388,0 -39.074534,-14.140558,0 -39.060292,-14.099705,0 -39.071034,-14.076349,0 -39.054067,-14.059259,0 -39.027903,-14.078302,0 -38.979563,-14.06113,0 -38.996693,-13.98561,0 -39.06371,-13.935805,0 -39.074534,-13.89422,0 -39.067128,-13.867446,0 -39.008778,-13.880548,0 -38.994456,-13.863458,0 -39.032135,-13.84059,0 -39.071604,-13.779555,0 -39.115549,-13.757582,0 -39.115549,-13.723565,0 -39.148752,-13.736912,0 -39.132558,-13.709242,0 -39.091624,-13.71266,0 -39.087026,-13.741143,0 -39.053578,-13.760919,0 -39.029897,-13.815362,0 -38.97997,-13.83587,0 -38.992014,-13.733087,0 -38.967844,-13.674005,0 -39.001943,-13.588067,0 -38.992991,-13.541111,0 -39.01183,-13.497003,0 -39.037668,-13.484552,0 -39.059682,-13.494806,0 -39.0808,-13.541111,0 -39.077382,-13.59002,0 -39.086659,-13.603936,0 -39.115549,-13.599379,0 -39.084218,-13.57879,0 -39.086008,-13.514093,0 -39.060292,-13.47031,0 -39.062489,-13.399998,0 -39.039784,-13.332452,0 -39.039784,-13.366632,0 -38.954579,-13.372491,0 -38.970855,-13.325616,0 -38.947621,-13.246759,0 -38.806996,-13.143813,0 -38.88976,-13.118422,0 -38.895009,-13.080987,0 -38.786855,-13.008071,0 -38.755849,-12.965427,0 -38.750803,-12.912774,0 -38.724477,-12.873224,0 -38.783681,-12.872979,0 -38.797109,-12.849298,0 -38.827504,-12.866957,0 -38.853993,-12.851251,0 -38.868479,-12.804864,0 -38.923695,-12.736586,0 -38.861684,-12.654067,0 -38.848012,-12.674493,0 -38.882721,-12.722101,0 -38.864003,-12.795099,0 -38.844879,-12.825942,0 -38.80663,-12.835138,0 -38.738149,-12.736586,0 -38.750966,-12.712823,0 -38.690989,-12.571466,0 -38.694569,-12.614028,0 -38.64859,-12.63836,0 -38.62621,-12.702407,0 -38.508901,-12.722914,0 -38.504058,-12.804132,0 -38.475657,-12.851658,0 -38.4912,-12.882013,0 -38.477406,-12.935235,0 -38.486195,-12.915948,0 -38.507924,-12.931817,0 -38.532704,-13.016534,0 -38.48644,-13.013767,0 -38.320424,-12.935235,0 -38.050893,-12.641046,0 -37.654652,-12.049737,0 -37.434722,-11.569268,0 -37.360829,-11.454848,0 -37.415395,-11.503188,0 -37.491851,-11.51629,0 -37.431386,-11.492852,0 -37.395579,-11.437433,0 -37.453725,-11.403578,0 -37.470082,-11.358657,0 -37.451772,-11.370538,0 -37.443349,-11.351251,0 -37.429555,-11.405043,0 -37.415395,-11.406427,0 -37.37975,-11.317153,0 -37.336293,-11.290134,0 -37.347157,-11.249444,0 -37.319203,-11.269952,0 -37.344106,-11.184259,0 -37.305572,-11.242608,0 -37.299387,-11.194757,0 -37.272084,-11.249444,0 -37.358306,-11.315851,0 -37.402455,-11.399672,0 -37.384429,-11.401951,0 -37.388092,-11.426935,0 -37.330068,-11.420668,0 -37.264638,-11.277439,0 -37.235422,-11.260837,0 -37.221791,-11.229587,0 -37.149159,-11.187433,0 -37.164052,-11.170343,0 -37.165639,-11.108819,0 -37.216786,-11.106134,0 -37.214223,-11.091729,0 -37.19636,-11.091729,0 -37.258412,-11.071384,0 -37.275136,-11.022719,0 -37.261545,-11.015232,0 -37.200063,-11.04339,0 -37.175689,-11.085707,0 -37.162221,-11.071384,0 -37.141713,-11.091729,0 -37.138295,-11.125909,0 -37.050445,-10.999607,0 -37.039662,-10.949151,0 -36.903066,-10.772882,0 -36.576568,-10.55047,0 -36.40807,-10.50213,0 -36.291982,-10.351983,0 -36.280507,-10.279962,0 -36.141184,-10.159438,0 -36.090321,-10.093438,0 -36.036285,-10.064142,0 -35.949371,-9.913181,0 -35.88268,-9.855645000000001,0 -35.86205,-9.794041,0 -35.810618,-9.744806000000001,0 -35.798573,-9.720636000000001,0 -35.873647,-9.755466,0 -35.908437,-9.659274999999999,0 -35.963043,-9.610772000000001,0 -35.941884,-9.599786,0 -35.905426,-9.62477,0 -35.858144,-9.734552000000001,0 -35.794911,-9.679131999999999,0 -35.791737,-9.642185,0 -35.812164,-9.597833,0 -35.799916,-9.584731,0 -35.746246,-9.641778,0 -35.778066,-9.700127999999999,0 -35.696156,-9.672947000000001,0 -35.657541,-9.577081,0 -35.58259,-9.532892,0 -35.482045,-9.367851999999999,0 -35.392161,-9.305759,0 -35.305084,-9.193047999999999,0 -35.14745,-8.911879000000001,0 -35.127349,-8.806248,0 -35.086008,-8.740655,0 -35.08023,-8.681084999999999,0 -34.938588,-8.347101,0 -34.938873,-8.272068000000001,0 -34.880605,-8.089532,0 -34.887359,-8.103774,0 -34.928944,-8.034926,0 -34.851186,-8.068617,0 -34.811635,-7.932550000000001,0 -34.832753,-7.857354,0 -34.845815,-7.884698,0 -34.848038,-7.822838,0 -34.893525,-7.804927000000001,0 -34.892096,-7.762617999999999,0 -34.865876,-7.717539999999999,0 -34.907216,-7.733819,0 -34.887257,-7.708382,0 -34.864368,-7.70523,0 -34.873769,-7.617771,0 -34.845815,-7.671808000000001,0 -34.839589,-7.643813,0 -34.830304,-7.680888,0 -34.805304,-7.622716,0 -34.835386,-7.562727000000001,0 -34.928944,-7.555759,0 -34.880605,-7.541599,0 -34.819163,-7.548272,0 -34.804799,-7.514093,0 -34.814443,-7.444513,0 -34.793609,-7.176202,0 -34.827952,-7.130060000000001,0 -34.824208,-7.003351,0 -34.839589,-6.972914,0 -34.859364,-7.071466,0 -34.914662,-7.130548,0 -34.907826,-7.104181,0 -34.921498,-7.082778,0 -34.907582,-7.093194,0 -34.894195,-7.082778,0 -34.860097,-6.914646,0 -34.904164,-6.887302000000001,0 -34.942738,-6.766209,0 -34.93517,-6.705986999999999,0 -34.96996,-6.617283,0 -34.958974,-6.536879,0 -34.972279,-6.433364,0 -34.989166,-6.377618,0 -35.024241,-6.342869,0 -35.038197,-6.236505000000001,0 -35.07787,-6.220879999999999,0 -35.095937,-6.192071,0 -35.134267,-6.224298,0 -35.150868,-6.215997,0 -35.120717,-6.164727000000001,0 -35.092844,-6.185804999999999,0 -35.099355,-6.066583000000001,0 -35.111195,-6.057794000000001,0 -35.105051,-5.995538,0 -35.145334,-5.932061,0 -35.14745,-5.876723,0 -35.171539,-5.844334,0 -35.223134,-5.582615,0 -35.262278,-5.483331,0 -35.353505,-5.345798,0 -35.390045,-5.244561,0 -35.510569,-5.143731,0 -35.581939,-5.11891,0 -35.997182,-5.04754,0 -36.131215,-5.09588,0 -36.291982,-5.089044,0 -36.257232,-5.09588,0 -36.281361,-5.104587,0 -36.422353,-5.080987,0 -36.579986,-5.080987,0 -36.52538,-5.105564,0 -36.544423,-5.127618,0 -36.606923,-5.096368,0 -36.695709,-5.089614,0 -36.696116,-5.075453,0 -36.790883,-5.051202,0 -36.898752,-4.938246,0 -37.049387,-4.937921,0 -37.098134,-4.920587,0 -37.134918,-4.93141,0 -37.182932,-4.910903,0 -37.292551,-4.71795,0 -37.488026,-4.629978,0 -37.513824,-4.623793,0 -37.537343,-4.638116,0 -37.607249,-4.608087,0 -37.710805,-4.515395,0 -37.768625,-4.396417,0 -37.854237,-4.375909,0 -38.029612,-4.2374,0 -38.106679,-4.157892,0 -38.251332,-3.961847000000001,0 -38.378041,-3.869724,0 -38.409779,-3.793145,0 -38.477406,-3.697442,0 -38.494374,-3.721286999999999,0 -38.526194,-3.718032,0 -38.659657,-3.676446,0 -38.807485,-3.547296,0 -38.897206,-3.500258000000001,0 -38.916331,-3.50506,0 -38.985178,-3.395929,0 -39.080556,-3.377047999999999,0 -39.115549,-3.334404999999999,0 -39.165273,-3.322849,0 -39.272572,-3.232029,0 -39.358266,-3.183526,0 -39.396718,-3.183526,0 -39.485463,-3.145766,0 -39.571116,-3.090916,0 -39.618886,-3.039646,0 -39.697906,-3.017185,0 -39.712026,-3.025974,0 -39.704579,-3.039646,0 -39.731842,-3.032159,0 -39.743031,-3.003676,0 -39.860911,-2.915704,0 -39.985707,-2.848403,0 -40.12092,-2.828383,0 -40.143422,-2.848403,0 -40.188059,-2.820489,0 -40.499623,-2.78631,0 -40.581614,-2.827325000000001,0 -40.752919,-2.840997,0 -40.828603,-2.882501,0 -40.848988,-2.859308,0 -40.900014,-2.875177,0 -41.103017,-2.875177,0 -41.082509,-2.916681,0 -41.137766,-2.885837,0 -41.256907,-2.875177,0 -41.315256,-2.903009,0 -41.287262,-2.903009,0 -41.264027,-2.928399,0 -41.243276,-2.972752,0 -41.244537,-3.015232,0 -41.294749,-2.9638,0 -41.300933,-2.977634000000001,0 -41.337514,-2.954521999999999,0 -41.32901,-2.932224,0 -41.343088,-2.920343,0 -41.422109,-2.908787,0 -41.440053,-2.914239,0 -41.431874,-2.936619,0 -41.451772,-2.943455,0 -41.448557,-2.905937999999999,0 -41.465443,-2.888767,0 -41.516957,-2.906995999999999,0 -41.62328,-2.895603,0 -41.65099,-2.868910000000001,0 -41.686147,-2.875909,0 -41.698842,-2.862074,0 -41.678334,-2.868910000000001,0 -41.68517,-2.854668999999999,0 -41.657826,-2.868910000000001,0 -41.808705,-2.744806,0 -41.842844,-2.765313,0 -41.821265,-2.733567,0 -41.838565,-2.72948,0 -42.010404,-2.727189,0 -42.015314,-2.741134,0 -41.958892,-2.778904,0 -41.940419,-2.773696,0 -41.943918,-2.83766,0 -42.01594,-2.811293,0 -42.020904,-2.823907,0 -42.082387,-2.827325000000001,0 -42.082387,-2.799981,0 -42.176137,-2.811782,0 -42.205922,-2.799981,0 -42.23941,-2.834160999999999,0 -42.238637,-2.804783,0 -42.267405,-2.814223,0 -42.253977,-2.783461,0 -42.264272,-2.759047,0 -42.378407,-2.75628,0 -42.407338,-2.750177,0 -42.418121,-2.731134,0 -42.452992,-2.752211,0 -42.507639,-2.721856,0 -42.514394,-2.696954,0 -42.489491,-2.69964,0 -42.487131,-2.669041,0 -42.527455,-2.683282,0 -42.580881,-2.672052,0 -42.630483,-2.642348,0 -42.700022,-2.563572,0 -42.819163,-2.546157,0 -42.916305,-2.492437,0 -43.199395,-2.379511,0 -43.311766,-2.346467,0 -43.426298,-2.33785,0 -43.467373,-2.345767,0 -43.48705,-2.395278,0 -43.411936,-2.45672,0 -43.459788,-2.443048,0 -43.447255,-2.471612,0 -43.418772,-2.484633,0 -43.465403,-2.486017,0 -43.444203,-2.530857,0 -43.45287,-2.552911,0 -43.466542,-2.518243,0 -43.494496,-2.546157,0 -43.48705,-2.532485,0 -43.508412,-2.491632,0 -43.52184,-2.491469,0 -43.523671,-2.442641,0 -43.537343,-2.435968,0 -43.555898,-2.45672,0 -43.539133,-2.491143,0 -43.548451,-2.505141,0 -43.548451,-2.484633,0 -43.563059,-2.509535,0 -43.542226,-2.525079,0 -43.61734,-2.525079,0 -43.635732,-2.498305,0 -43.665761,-2.511977,0 -43.644643,-2.477227,0 -43.682444,-2.504653,0 -43.680979,-2.529555,0 -43.658315,-2.546157,0 -43.693105,-2.539321,0 -43.69929,-2.560317,0 -43.721059,-2.560317,0 -43.706532,-2.513849,0 -43.72411,-2.477227,0 -43.740102,-2.486912,0 -43.746409,-2.529229,0 -43.879465,-2.571222,0 -43.878041,-2.634942,0 -43.923248,-2.546808,0 -43.958363,-2.600681,0 -43.94636,-2.628676,0 -43.975901,-2.610284,0 -44.022939,-2.648858,0 -44.060374,-2.717706,0 -44.068105,-2.79518,0 -44.082875,-2.806817,0 -44.069814,-2.765313,0 -44.07665,-2.778904,0 -44.082875,-2.752211,0 -44.104604,-2.765313,0 -44.106028,-2.749607,0 -44.151763,-2.834160999999999,0 -44.200185,-2.868910000000001,0 -44.218861,-2.84824,0 -44.174713,-2.807061,0 -44.186513,-2.759047,0 -44.218373,-2.767755,0 -44.220082,-2.793145,0 -44.255442,-2.765313,0 -44.296376,-2.834160999999999,0 -44.310048,-2.814223,0 -44.296376,-2.793145,0 -44.312489,-2.778741,0 -44.329945,-2.827325000000001,0 -44.3485,-2.810235,0 -44.3131,-2.76214,0 -44.200185,-2.696954,0 -44.213857,-2.669041,0 -44.179677,-2.690118,0 -44.137196,-2.67018,0 -44.106557,-2.602309,0 -44.12442,-2.594496,0 -44.049387,-2.552911,0 -44.032704,-2.513279,0 -44.0419,-2.470392,0 -44.056223,-2.505141,0 -44.063629,-2.462986,0 -44.097157,-2.45672,0 -44.092152,-2.443455,0 -44.02892,-2.443048,0 -44.034413,-2.415216,0 -44.072987,-2.399509,0 -44.082875,-2.416436,0 -44.11148,-2.415785,0 -44.220082,-2.470392,0 -44.292633,-2.481052,0 -44.302602,-2.532485,0 -44.28893,-2.580255,0 -44.326487,-2.525079,0 -44.368072,-2.549574,0 -44.350982,-2.662774,0 -44.364654,-2.628676,0 -44.406239,-2.778904,0 -44.391957,-2.793145,0 -44.40807,-2.826349,0 -44.408844,-2.892185,0 -44.432973,-2.950291,0 -44.473948,-3.001723,0 -44.529164,-3.032159,0 -44.573232,-3.101658,0 -44.613596,-3.111993,0 -44.659983,-3.184666,0 -44.742787,-3.207452,0 -44.761301,-3.238214,0 -44.753733,-3.289809,0 -44.761586,-3.305597,0 -44.79601,-3.300226,0 -44.761301,-3.286065,0 -44.787099,-3.233331,0 -44.781565,-3.196954,0 -44.720937,-3.176853,0 -44.707875,-3.135837,0 -44.622222,-3.051039,0 -44.624745,-3.025974,0 -44.684316,-3.012628,0 -44.693593,-2.994887,0 -44.686147,-2.916681,0 -44.650136,-2.854668999999999,0 -44.631581,-2.696954,0 -44.540395,-2.538263,0 -44.561431,-2.535252,0 -44.580068,-2.563572,0 -44.659535,-2.608168,0 -44.655995,-2.593194,0 -44.59435,-2.566583,0 -44.565175,-2.521173,0 -44.53539,-2.518243,0 -44.521596,-2.500095,0 -44.507436,-2.389825,0 -44.570139,-2.416436,0 -44.551422,-2.391046,0 -44.51065,-2.36712,0 -44.473948,-2.402114,0 -44.395375,-2.402114,0 -44.363596,-2.333917,0 -44.398793,-2.197361,0 -44.461659,-2.144627,0 -44.497304,-2.147882,0 -44.554026,-2.216404,0 -44.631581,-2.271742,0 -44.64977,-2.30877,0 -44.652699,-2.429457,0 -44.663482,-2.420587,0 -44.663971,-2.356703,0 -44.720937,-2.402114,0 -44.661855,-2.296482,0 -44.665639,-2.270929,0 -44.70051,-2.299737,0 -44.717844,-2.265558,0 -44.804311,-2.291436,0 -44.824045,-2.279229,0 -44.801178,-2.28574,0 -44.751373,-2.252048,0 -44.693593,-2.265558,0 -44.707875,-2.237563,0 -44.655426,-2.231134,0 -44.588612,-2.16546,0 -44.645253,-2.155694,0 -44.6079,-2.153741,0 -44.554067,-2.087172,0 -44.494374,-2.045831,0 -44.541005,-2.029229,0 -44.617299,-2.038995,0 -44.563303,-2.011651,0 -44.509592,-2.015558,0 -44.488149,-1.987481,0 -44.521718,-1.895115,0 -44.590647,-1.901788,0 -44.521718,-1.847263,0 -44.530181,-1.833754,0 -44.542836,-1.826104,0 -44.570139,-1.860935,0 -44.573232,-1.813165,0 -44.598012,-1.847263,0 -44.621002,-1.826104,0 -44.659535,-1.839776,0 -44.625234,-1.76336,0 -44.598012,-1.744806,0 -44.652699,-1.717462,0 -44.679351,-1.81113,0 -44.707875,-1.813165,0 -44.730458,-1.785821,0 -44.810374,-1.813165,0 -44.720611,-1.749607,0 -44.707875,-1.717462,0 -44.775543,-1.703871,0 -44.767812,-1.726983,0 -44.773997,-1.740655,0 -44.821929,-1.75921,0 -44.773183,-1.724298,0 -44.802887,-1.703871,0 -44.782379,-1.682794,0 -44.810374,-1.652032,0 -44.791819,-1.618422,0 -44.802887,-1.600844,0 -44.810374,-1.628106,0 -44.814076,-1.591241,0 -44.837026,-1.566095,0 -44.850697,-1.616143,0 -44.83019,-1.634942,0 -44.847401,-1.64129,0 -44.885365,-1.600844,0 -44.911936,-1.653578,0 -44.933827,-1.65545,0 -44.915273,-1.647231,0 -44.953725,-1.600844,0 -44.912099,-1.600844,0 -44.913075,-1.547947,0 -44.885365,-1.504571,0 -44.851308,-1.484145,0 -44.868031,-1.421319,0 -44.933827,-1.476739,0 -44.926381,-1.490981,0 -44.953847,-1.501723,0 -44.967356,-1.594008,0 -45.008941,-1.582696,0 -45.02196199999999,-1.600844,0 -45.020375,-1.578709,0 -44.967356,-1.546157,0 -45.02196199999999,-1.518243,0 -44.998036,-1.524021,0 -45.006744,-1.490655,0 -45.05675200000001,-1.476739,0 -45.062978,-1.428888,0 -45.078928,-1.483575,0 -45.104563,-1.484145,0 -45.081207,-1.481134,0 -45.091379,-1.464125,0 -45.138661,-1.504571,0 -45.148671,-1.481541,0 -45.163197,-1.482843,0 -45.17967699999999,-1.525649,0 -45.204172,-1.52516,0 -45.247467,-1.579278,0 -45.25536,-1.607599,0 -45.221262,-1.672784,0 -45.276479,-1.703871,0 -45.284413,-1.732192,0 -45.323638,-1.744806,0 -45.364613,-1.703871,0 -45.340199,-1.583185,0 -45.351064,-1.559991,0 -45.385732,-1.546157,0 -45.391957,-1.580336,0 -45.40095,-1.560154,0 -45.392568,-1.548028,0 -45.37144900000001,-1.535333,0 -45.350942,-1.476739,0 -45.391957,-1.484145,0 -45.322377,-1.436782,0 -45.309967,-1.40838,0 -45.296295,-1.415785,0 -45.309967,-1.32643,0 -45.326161,-1.312921,0 -45.36021900000001,-1.320245,0 -45.35558,-1.349542,0 -45.40274,-1.44256,0 -45.432932,-1.463637,0 -45.42332900000001,-1.428888,0 -45.45103900000001,-1.453709,0 -45.46080500000001,-1.546157,0 -45.464508,-1.500584,0 -45.481313,-1.490981,0 -45.50926699999999,-1.504571,0 -45.50178,-1.469985,0 -45.515452,-1.463637,0 -45.542714,-1.490981,0 -45.51830000000001,-1.464532,0 -45.504221,-1.458673,0 -45.481313,-1.463637,0 -45.468251,-1.367446,0 -45.412994,-1.350193,0 -45.415679,-1.287693,0 -45.447133,-1.292413,0 -45.41983,-1.292413,0 -45.46080500000001,-1.312188,0 -45.471344,-1.350193,0 -45.529693,-1.415785,0 -45.515452,-1.312188,0 -45.550201,-1.353774,0 -45.529693,-1.305922,0 -45.550201,-1.312188,0 -45.549387,-1.289727,0 -45.529693,-1.284845,0 -45.54385299999999,-1.270278,0 -45.58373,-1.32643,0 -45.58373,-1.298517,0 -45.598012,-1.292413,0 -45.579213,-1.281508,0 -45.61026,-1.275649,0 -45.621571,-1.357192,0 -45.67553500000001,-1.366316,0 -45.651054,-1.317441,0 -45.654118,-1.27438,0 -45.675048,-1.25923,0 -45.688568,-1.202189,0 -45.734527,-1.251397,0 -45.696034,-1.160577,0 -45.70103900000001,-1.134698,0 -45.721588,-1.134942,0 -45.782948,-1.278009,0 -45.809804,-1.275079,0 -45.810902,-1.32643,0 -45.840566,-1.279555,0 -45.820546,-1.262791,0 -45.838206,-1.202895,0 -45.83836800000001,-1.234308,0 -45.862538,-1.273126,0 -45.885365,-1.284845,0 -45.86485800000001,-1.23089,0 -45.89964800000001,-1.257582,0 -45.872792,-1.202244,0 -45.879221,-1.162693,0 -45.90587300000001,-1.210382,0 -45.90587300000001,-1.17254,0 -45.853869,-1.101172,0 -45.85384199999999,-1.06786,0 -45.867487,-1.063471,0 -45.948069,-1.251397,0 -45.96109000000001,-1.210382,0 -46.002675,-1.192804,0 -45.998891,-1.151788,0 -45.948069,-1.141534,0 -45.981597,-1.141534,0 -45.96109000000001,-1.107354,0 -45.974436,-1.091241,0 -45.96109000000001,-1.086196,0 -45.96415,-1.063861,0 -45.97945399999999,-1.055084,0 -45.990834,-1.104262,0 -46.015736,-1.093683,0 -46.036204,-1.14837,0 -46.03221600000001,-1.200779,0 -46.050445,-1.210382,0 -46.039703,-1.187107,0 -46.050445,-1.162693,0 -46.072377,-1.201593,0 -46.084584,-1.210382,0 -46.09532600000001,-1.196547,0 -46.085561,-1.162042,0 -46.06468700000001,-1.147638,0 -46.101674,-1.073337,0 -46.122629,-1.09531,0 -46.12682,-1.146091,0 -46.146067,-1.176365,0 -46.13923100000001,-1.113539,0 -46.166493,-1.14837,0 -46.221181,-1.141534,0 -46.26211499999999,-1.183201,0 -46.211497,-1.074802,0 -46.214955,-1.024835,0 -46.19859799999999,-1.010512,0 -46.221181,-1.011163,0 -46.190012,-0.9591610000000002,0 -46.17394,-0.956638,0 -46.171783,-0.920994,0 -46.200307,-0.9076470000000001,0 -46.250308,-0.930955,0 -46.278979,-0.9862609999999999,0 -46.26415,-1.016697,0 -46.28331500000001,-1.029392,0 -46.24844300000001,-1.093683,0 -46.296864,-1.031671,0 -46.30125899999999,-1.079197,0 -46.32481799999999,-1.107354,0 -46.32266200000001,-1.020278,0 -46.346181,-1.033949,0 -46.356516,-1.075291,0 -46.364898,-1.008396,0 -46.38451100000001,-1.009861,0 -46.406728,-1.039158,0 -46.435658,-1.023858,0 -46.475006,-1.045343,0 -46.462717,-1.031671,0 -46.480092,-1.022231,0 -46.47150700000001,-0.985876,0 -46.488497,-0.976139,0 -46.480327,-0.9194909999999999,0 -46.421187,-0.894466,0 -46.427629,-0.86855,0 -46.50294800000001,-0.883844,0 -46.561295,-0.9282899999999999,0 -46.581591,-0.970356,0 -46.605055,-0.956564,0 -46.68106,-0.9634740000000001,0 -46.749379,-1.01865,0 -46.737457,-0.9843080000000001,0 -46.667388,-0.9224589999999999,0 -46.64623000000001,-0.945408,0 -46.61900799999999,-0.9354789999999999,0 -46.608754,-0.911065,0 -46.626454,-0.908787,0 -46.598541,-0.86712,0 -46.613796,-0.813236,0 -46.65591299999999,-0.80182,0 -46.63268,-0.863214,0 -46.656972,-0.8639459999999999,0 -46.667388,-0.8331029999999999,0 -46.68871,-0.825779,0 -46.69786500000001,-0.880792,0 -46.749379,-0.942966,0 -46.714589,-0.8776990000000001,0 -46.755523,-0.819431,0 -46.759633,-0.861505,0 -46.769887,-0.86712,0 -46.776682,-0.8467750000000002,0 -46.78636599999999,-0.862726,0 -46.78286700000001,-0.9013,0 -46.799672,-0.865167,0 -46.790354,-0.8051080000000002,0 -46.824452,-0.8331029999999999,0 -46.81786000000001,-0.814142,0 -46.831288,-0.8051080000000002,0 -46.813344,-0.790785,0 -46.81822699999999,-0.770929,0 -46.796539,-0.764744,0 -46.81086199999999,-0.746677,0 -46.796539,-0.736912,0 -46.81920300000001,-0.7116839999999999,0 -46.831288,-0.709568,0 -46.81822699999999,-0.72324,0 -46.87287400000001,-0.778416,0 -46.84557000000001,-0.798923,0 -46.87287400000001,-0.812595,0 -46.89273,-0.785252,0 -46.89273,-0.8467750000000002,0 -46.949127,-0.861505,0 -46.947377,-0.9013,0 -46.964996,-0.893324,0 -46.963002,-0.8650040000000001,0 -46.922231,-0.834568,0 -46.92808999999999,-0.819431,0 -46.941151,-0.826267,0 -46.92808999999999,-0.798923,0 -46.947377,-0.798923,0 -46.946278,-0.776056,0 -46.969106,-0.785252,0 -46.95685799999999,-0.710138,0 -46.969106,-0.695896,0 -46.984609,-0.7491999999999999,0 -47.015248,-0.7600240000000001,0 -47.016225,-0.7914359999999999,0 -47.029897,-0.785252,0 -47.04776,-0.810724,0 -47.05719999999999,-0.86712,0 -47.078359,-0.826267,0 -47.043568,-0.7914359999999999,0 -47.059885,-0.789646,0 -47.071523,-0.743748,0 -47.084543,-0.7505839999999999,0 -47.077545,-0.665704,0 -47.098988,-0.665623,0 -47.119293,-0.7505839999999999,0 -47.126088,-0.730645,0 -47.13955599999999,-0.741388,0 -47.13976000000001,-0.798923,0 -47.15575100000001,-0.764093,0 -47.194407,-0.7610000000000001,0 -47.15843699999999,-0.728774,0 -47.160878,-0.681573,0 -47.17394,-0.709568,0 -47.208241,-0.699151,0 -47.235951,-0.7164039999999999,0 -47.24901300000001,-0.695896,0 -47.22232,-0.669122,0 -47.199941,-0.676935,0 -47.19811,-0.651544,0 -47.242787,-0.620212,0 -47.234486,-0.651056,0 -47.255849,-0.6760389999999999,0 -47.250803,-0.647068,0 -47.276357,-0.648126,0 -47.279124,-0.599216,0 -47.29401599999999,-0.592869,0 -47.328847,-0.6134579999999999,0 -47.34520400000001,-0.60711,0 -47.324696,-0.65488,0 -47.37315799999999,-0.633884,0 -47.38023800000001,-0.658868,0 -47.365712,-0.681573,0 -47.39305599999999,-0.648126,0 -47.407338,-0.681573,0 -47.414133,-0.613946,0 -47.39981,-0.592869,0 -47.430165,-0.5800110000000001,0 -47.461903,-0.592869,0 -47.448313,-0.60711,0 -47.470041,-0.6218399999999999,0 -47.46873899999999,-0.730645,0 -47.448313,-0.695896,0 -47.39305599999999,-0.747166,0 -47.37938400000001,-0.770929,0 -47.39305599999999,-0.812595,0 -47.408599,-0.771091,0 -47.496693,-0.764744,0 -47.487375,-0.728285,0 -47.543009,-0.627007,0 -47.53844000000001,-0.61078,0 -47.58451399999999,-0.578247,0 -47.57810000000001,-0.6354070000000001,0 -47.61058500000001,-0.693943,0 -47.728668,-0.756524,0 -47.743398,-0.74627,0 -47.71572799999999,-0.712986,0 -47.725168,-0.644138,0 -47.770253,-0.63714,0 -47.775045,-0.599292,0 -47.809071,-0.565167,0 -47.82528599999999,-0.639483,0 -47.80244399999999,-0.690334,0 -47.866238,-0.673505,0 -47.87791900000001,-0.696873,0 -47.946116,-0.7404920000000002,0 -47.962148,-0.781834,0 -48.02359,-0.72324,0 -48.017445,-0.695896,0 -48.037913,-0.661716,0 -48.154042,-0.781834,0 -48.160797,-0.816013,0 -48.140289,-0.8429500000000001,0 -48.140289,-0.9013,0 -48.187489,-1.01865,0 -48.212514,-1.036554,0 -48.291737,-1.043634,0 -48.274403,-1.113539,0 -48.22289,-1.113539,0 -48.278147,-1.128513,0 -48.25015199999999,-1.189386,0 -48.281361,-1.167087,0 -48.305043,-1.188246,0 -48.334584,-1.313653,0 -48.425387,-1.297312,0 -48.423173,-1.232516,0 -48.435903,-1.218688,0 -48.482753,-1.2813,0 -48.496571,-1.461358,0 -48.325307,-1.470473,0 -48.355824,-1.500421,0 -48.428049,-1.524184,0 -48.48290000000001,-1.511407,0 -48.43456,-1.590265,0 -48.428334,-1.662286,0 -48.452626,-1.625665,0 -48.490224,-1.619073,0 -48.53502400000001,-1.581476,0 -48.642121,-1.385675,0 -48.656946,-1.38338,0 -48.69933,-1.472914,0 -48.733062,-1.494317,0 -48.815338,-1.63836,0 -48.845082,-1.641371,0 -48.890736,-1.686456,0 -48.881418,-1.713474,0 -48.92946500000001,-1.787832,0 -48.982755,-1.813926,0 -49.002418,-1.84286,0 -49.033269,-1.846568,0 -49.011721,-1.80736,0 -48.955599,-1.766329,0 -48.94620100000001,-1.704705,0 -48.911607,-1.67298,0 -48.89285099999999,-1.598252,0 -48.856369,-1.559031,0 -48.965589,-1.599719,0 -49.008864,-1.681124,0 -49.123006,-1.768008,0 -49.145569,-1.856758,0 -49.23200400000001,-1.948175,0 -49.300526,-2.090916,0 -49.331614,-2.204767,0 -49.426829,-2.367283,0 -49.442616,-2.492364,0 -49.48253299999999,-2.556817,0 -49.5183,-2.580255,0 -49.527415,-2.628351,0 -49.663686,-2.677667,0 -49.688954,-2.669041,0 -49.67691,-2.649102,0 -49.61725799999999,-2.615004,0 -49.545766,-2.516534,0 -49.54893999999999,-2.40309,0 -49.506459,-2.319594,0 -49.503,-2.258396,0 -49.430491,-2.141209,0 -49.422027,-2.038995,0 -49.38109300000001,-1.991306,0 -49.394114,-1.983819,0 -49.36974,-1.940199,0 -49.370432,-1.905043,0 -49.434804,-1.879978,0 -49.454213,-1.856134,0 -49.45116099999999,-1.82464,0 -49.422027,-1.778985,0 -49.46300200000001,-1.805759,0 -49.457997,-1.778741,0 -49.485219,-1.76393,0 -49.52236899999999,-1.795994,0 -49.537465,-1.860935,0 -49.563344,-1.835219,0 -49.598012,-1.842706,0 -49.654775,-1.895115,0 -49.592926,-1.964044,0 -49.579416,-1.994317,0 -49.592763,-2.011651,0 -49.604644,-1.967869,0 -49.67609599999999,-1.908624,0 -49.702626,-1.922459,0 -49.72130300000001,-1.904067,0 -49.72370400000001,-1.929132,0 -49.760487,-1.896742,0 -49.81045499999999,-1.900567,0 -49.832346,-1.94964,0 -49.830881,-1.918064,0 -49.84658799999999,-1.901788,0 -49.812489,-2.108005,0 -49.853424,-2.045831,0 -49.887563,-2.087498,0 -49.850168,-1.98268,0 -49.86026,-1.922459,0 -49.894399,-1.963311,0 -49.869293,-1.888767,0 -49.976918,-1.826104,0 -50.110422,-1.849216,0 -50.15477499999999,-1.882745,0 -50.161936,-1.915623,0 -50.231557,-1.895766,0 -50.312539,-1.908774,0 -50.372841,-1.973728,0 -50.415761,-2.073175,0 -50.45750899999999,-1.983819,0 -50.443023,-1.935968,0 -50.484039,-1.977634,0 -50.466664,-1.92783,0 -50.504506,-1.929132,0 -50.547231,-1.906915,0 -50.610581,-1.814203,0 -50.66004400000001,-1.803004,0 -50.698588,-1.854062,0 -50.702144,-1.909472,0 -50.818441,-1.924616,0 -50.818607,-1.969007,0 -50.844215,-1.955301,0 -50.853422,-1.908323,0 -50.892734,-1.879235,0 -50.879803,-1.851951,0 -50.814905,-1.896456,0 -50.787567,-1.89737,0 -50.76700900000001,-1.882057,0 -50.75832800000001,-1.845397,0 -50.71728299999999,-1.822473,0 -50.709508,-1.790948,0 -50.737294,-1.73797,0 -50.69102900000001,-1.765395,0 -50.654693,-1.73797,0 -50.679555,-1.629002,0 -50.766713,-1.540785,0 -50.819203,-1.436293,0 -50.805531,-1.401625,0 -50.82665,-1.370864,0 -50.819936,-1.231703,0 -50.847483,-1.197849,0 -50.95641,-1.128513,0 -50.901763,-1.121026,0 -50.82665,-1.045343,0 -50.821685,-0.935317,0 -50.839589,-0.9127740000000001,0 -50.942738,-0.908787,0 -50.953277,-0.9313289999999999,0 -50.93590199999999,-0.956638,0 -50.976674,-0.9201799999999999,0 -50.997304,-0.9224589999999999,0 -51.009755,-0.935968,0 -50.99111899999999,-0.9872369999999999,0 -51.003407,-1.013767,0 -51.187489,-1.121677,0 -51.283437,-1.231378,0 -51.347401,-1.257582,0 -51.32697499999999,-1.23089,0 -51.39964800000001,-1.251072,0 -51.417714,-1.291681,0 -51.462026,-1.32936,0 -51.595041,-1.386895,0 -51.66954499999999,-1.401625,0 -51.958648,-1.593357,0 -52.141957,-1.622735,0 -52.20396900000001,-1.690199,0 -52.260243,-1.695245,0 -52.258616,-1.65545,0 -52.231068,-1.602716,0 -52.25039600000001,-1.54225,0 -52.279124,-1.518243,0 -52.34390199999999,-1.552423,0 -52.595041,-1.5735,0 -52.708119,-1.60003,0 -52.697418,-1.552423,0 -52.475087,-1.484063,0 -52.42198599999999,-1.430352,0 -52.28547100000001,-1.390069,0 -52.238108,-1.346368,0 -52.195383,-1.344985,0 -52.151357,-1.380955,0 -52.06578499999999,-1.405043,0 -51.995351,-1.396417,0 -51.93455999999999,-1.339532,0 -51.916005,-1.309177,0 -51.929351,-1.178318,0 -51.83409600000001,-1.134698,0 -51.715484,-1.02752,0 -51.713735,-0.7932269999999999,0 -51.697499,-0.747166,0 -51.532379,-0.551853,0 -51.587636,-0.558689,0 -51.552846,-0.545587,0 -51.58019,-0.52516,0 -51.52184,-0.538263,0 -51.453603,-0.4867489999999999,0 -51.443023,-0.428399,0 -51.38841699999999,-0.373712,0 -51.322499,-0.215265,0 -51.25121,-0.127374,0 -51.32697499999999,-0.079522,0 -51.265452,-0.083429,0 -51.215199,-0.068658,0 -51.201568,-0.04908599999999999,0 -51.08141,-0.032525,0 -50.979848,0.120429,0 -50.92894400000001,0.155422,0 -50.853993,0.173651,0 -50.790639,0.169501,0 -50.608957,0.373928,0 -50.49966400000001,0.555976,0 -50.453359,0.664049,0 -50.353424,0.726711,0 -50.312489,0.8172059999999999,0 -50.261586,0.869818,0 -50.1704,0.91649,0 -50.106109,0.9953070000000002,0 -50.060902,1.018866,0 -50.031565,1.105943,0 -50.014272,1.070868,0 -49.978831,1.072211,0 -49.93887300000001,1.097235,0 -49.887563,1.174872,0 -49.921522,1.218481,0 -49.975457,1.197504,0 -50.120239,1.185215,0 -50.149741,1.221209,0 -50.102193,1.214744,0 -49.975328,1.245033,0 -49.912919,1.272327,0 -49.883026,1.307714,0 -49.873551,1.392304,0 -49.900789,1.611651,0 -49.910159,1.664263,0 -49.950597,1.721326,0 -50.164598,1.815634,0 -50.33055600000001,1.818061,0 -50.393381,1.797797,0 -50.466542,1.815416,0 -50.509185,1.857164,0 -50.52220599999999,1.912502,0 -50.589915,2.017157,0 -50.619555,2.105238,0 -50.659983,2.130683,0 -50.702056,2.130316,0 -50.734731,2.103827,0 -50.751576,2.045111,0 -50.779693,2.07095,0 -50.764556,2.123969,0 -50.792551,2.161811,0 -50.737294,2.134467,0 -50.703196,2.141303,0 -50.67927,2.171698,0 -50.71261799999999,2.236803,0 -50.76299000000001,2.443562,0 -50.79161500000001,2.494574,0 -50.83946700000001,2.497463,0 -50.818959,2.552395,0 -50.852247,2.666133,0 -50.902803,2.793755,0 -50.94454,2.822201,0 -50.94420099999999,2.875178,0 -51.016779,3.035572000000001,0 -51.013983,3.072386,0 -51.040627,3.150937,0 -51.02781600000001,3.181613,0 -51.036004,3.229214,0 -51.092742,3.376329000000001,0 -51.096477,3.449021,0 -51.07938499999999,3.492087,0 -51.09000300000001,3.724950999999999,0 -51.079905,3.88227,0 -51.093152,3.907229,0 -51.116363,3.906195,0 -51.136383,3.867742999999999,0 -51.176137,3.648342,0 -51.19748700000001,3.699521,0 -51.180231,3.804444,0 -51.18693,4.078849,0 -51.224435,4.165043,0 -51.38923,4.358902,0 -51.516498,4.441122,0 -51.547683,4.421785,0 -51.560048,4.369371,0 -51.546702,4.255032,0 -51.498158,4.105414,0 -51.435414,3.985907,0 -51.436838,3.929511,0 -51.51187100000001,4.080308,0 -51.559682,4.2237,0 -51.585347,4.233818,0 -51.59581499999999,4.157864,0 -51.63174399999999,4.067816,0 -51.783191,3.980947,0 -51.83541,3.867543,0 -51.93866,3.773569,0 -51.940081,3.733959,0 -51.98842400000001,3.704555,0 -52.012764,3.619108,0 -52.074181,3.516634,0 -52.093586,3.506867,0 -52.092759,3.481391,0 -52.227918,3.260111999999999,0 -52.279466,3.242491,0 -52.31936000000001,3.177637,0 -52.355327,3.151592,0 -52.351554,3.065964000000001,0 -52.422196,2.927471,0 -52.409277,2.897344,0 -52.455269,2.865046,0 -52.542964,2.651519,0 -52.575778,2.633742,0 -52.55190400000001,2.586562,0 -52.590403,2.504706,0 -52.690603,2.372983,0 -52.862738,2.274229,0 -52.906714,2.204983,0 -52.959683,2.175217,0 -53.061227,2.186276,0 -53.11336800000001,2.219349,0 -53.26850100000001,2.195733,0 -53.272222,2.219969,0 -53.234188,2.250975,0 -53.344104,2.349625,0 -53.37852,2.307561,0 -53.462133,2.258985,0 -53.531792,2.247047,0 -53.742167,2.308542,0 -53.737361,2.349057,0 -53.764801,2.368694,0 -53.800975,2.353811,0 -53.830896,2.310144,0 -53.866811,2.304925,0 -53.901227,2.264514,0 -53.93290500000001,2.26963,0 -53.946134,2.221984,0 -53.963911,2.209324,0 -54.027989,2.178576,0 -54.076669,2.183692,0 -54.098424,2.127959,0 -54.134908,2.110673,0 -54.188548,2.161316,0 -54.314019,2.154857,0 -54.373911,2.196508,0 -54.47664399999999,2.21413,0 -54.545787,2.268596,0 -54.549146,2.279449,0 -54.526409,2.282652,0 -54.588162,2.324355,0 -54.704124,2.32482,0 -54.715699,2.375928,0 -54.695597,2.403524,0 -54.703194,2.445847,0 -54.743036,2.466517,0 -54.841919,2.433496,0 -54.880289,2.447345,0 -54.978577,2.54305,0 -54.959095,2.608989,0 -55.017748,2.590592,0 -55.120894,2.524808,0 -55.136604,2.5338,0 -55.13779299999999,2.56217,0 -55.17195100000001,2.559328,0 -55.25192000000001,2.497885,0 -55.32052,2.518297,0 -55.354523,2.494888,0 -55.37105999999999,2.442539,0 -55.399585,2.430189,0 -55.608306,2.433961,0 -55.72429399999999,2.396909,0 -55.754602,2.409415,0 -55.773568,2.440059,0 -55.85376899999999,2.462642,0 -55.925031,2.515662,0 -55.971023,2.530338,0 -55.996913,2.503259,0 -56.013346,2.398821,0 -56.050243,2.347041,0 -56.10378000000001,2.349057,0 -56.14677499999999,2.256194,0 -56.072929,2.241518,0 -56.03133,2.163487,0 -55.918262,2.050393,0 -55.922034,1.886217,0 -55.953815,1.853273,0 -56.019651,1.833507,0 -56.209768,1.888542,0 -56.273796,1.887509,0 -56.347951,1.926602,0 -56.415182,1.919703,0 -56.481819,1.941614,0 -56.574862,1.905466,0 -56.63956100000001,1.93686,0 -56.683951,1.912107,0 -56.737643,1.912985,0 -56.806476,1.873582,0 -56.89070900000001,1.890196,0 -56.921921,1.918101,0 -57.011167,1.918566,0 -57.05597,1.948073,0 -57.074057,1.997166,0 -57.104494,2.021454,0 -57.238439,1.948539,0 -57.319416,1.977141,0 -57.42948699999999,1.900299,0 -57.46478200000001,1.81573,0 -57.561159,1.708967,0 -57.63857,1.696177,0 -57.758821,1.713462,0 -57.922222,1.642485,0 -57.985009,1.657704,0 -57.98697300000001,1.586829,0 -58.02722899999999,1.516859,0 -58.14861599999999,1.519082,0 -58.18727,1.567606,0 -58.260548,1.560319,0 -58.320492,1.601221,0 -58.351395,1.553317,0 -58.390255,1.53076,0 -58.38638,1.490194,0 -58.498879,1.45738,0 -58.513659,1.43888,0 -58.481103,1.333873,0 -58.51893,1.267262,0 -58.55696400000001,1.286899,0 -58.580528,1.27274,0 -58.69773,1.28106,0 -58.771938,1.201271,0 -58.83400100000001,1.18582,0 -58.897873,1.217808,0 -58.927484,1.284212,0 -58.966499,1.310154,0 -59.25991799999999,1.387436,0 -59.33857,1.524637,0 -59.38016900000001,1.523345,0 -59.394639,1.549441,0 -59.416834,1.555281,0 -59.530729,1.703075,0 -59.572716,1.727157,0 -59.639662,1.721756,0 -59.680849,1.757387,0 -59.646458,1.839966,0 -59.758751,1.862136,0 -59.764539,1.92053,0 -59.743816,1.961845,0 -59.73709800000001,2.03042,0 -59.752963,2.075456,0 -59.735393,2.113516,0 -59.741698,2.263791,0 -59.76324699999999,2.287975,0 -59.801203,2.292729,0 -59.884066,2.346008,0 -59.91344400000001,2.378719,0 -59.906778,2.458766,0 -59.940729,2.562997,0 -59.97098600000001,2.592556,0 -59.96504299999999,2.613433,0 -60.00008,2.694049,0 -59.993724,2.857294,0 -59.969229,3.042709,0 -59.91161,3.126424999999999,0 -59.921557,3.150093,0 -59.903212,3.158671,0 -59.916674,3.194173,0 -59.84319,3.349022,0 -59.82177,3.356592,0 -59.82404399999999,3.431678,0 -59.84135599999999,3.425399,0 -59.82135699999999,3.484388,0 -59.86303400000001,3.552368,0 -59.862879,3.58172,0 -59.83766099999999,3.60929,0 -59.75554699999999,3.638125,0 -59.68622299999999,3.690215,0 -59.671805,3.756232,0 -59.59860599999999,3.802405,0 -59.602507,3.855683,0 -59.581785,3.899195,0 -59.527654,3.939528,0 -59.536826,3.957692,0 -59.59628000000001,3.970637,0 -59.59537600000001,3.996372,0 -59.663253,4.079726,0 -59.646174,4.134038,0 -59.726737,4.176465,0 -59.738468,4.202768,0 -59.724489,4.264056,0 -59.738468,4.286587,0 -59.69361299999999,4.340692,0 -59.68674000000001,4.381181,0 -59.809626,4.465749,0 -59.863241,4.460659,0 -59.87293,4.484689,0 -59.914555,4.474353,0 -59.953132,4.505876,0 -59.98455100000001,4.488797,0 -60.055606,4.491587,0 -60.087775,4.525539,0 -60.120925,4.502362,0 -60.159992,4.527787,0 -60.16154300000001,4.565201,0 -60.134826,4.593545,0 -60.08769700000001,4.607523,0 -60.03245500000001,4.725423,0 -60.034522,4.787797,0 -59.983104,5.085944,0 -60.075734,5.140824,0 -60.131725,5.243402,0 -60.176555,5.22715,0 -60.213426,5.267225,0 -60.273732,5.247355,0 -60.333083,5.193767,0 -60.419796,5.207228,0 -60.44896700000001,5.174233,0 -60.477492,5.191932,0 -60.568288,5.18971,0 -60.613556,5.208934,0 -60.739854,5.202138,0 -60.664303,5.170254,0 -60.59193,4.949725,0 -60.612626,4.900581,0 -60.71815000000001,4.784283,0 -60.860027,4.712427,0 -60.895813,4.708525,0 -60.9478,4.573598,0 -60.977281,4.53497,0 -61.168587,4.490244,0 -61.238066,4.515875,0 -61.315581,4.520785,0 -61.322945,4.508847,0 -61.29305000000001,4.44805,0 -61.333228,4.423865,0 -61.45818199999999,4.419137,0 -61.501874,4.401851,0 -61.52236400000001,4.297775,0 -61.552156,4.254961,0 -61.756355,4.246357,0 -61.831027,4.17693,0 -61.88813,4.150161,0 -62.035046,4.159876,0 -62.153592,4.090294,0 -62.428097,4.183182,0 -62.46297800000001,4.174708,0 -62.483701,4.13918,0 -62.536979,4.125408,0 -62.56095699999999,4.037791,0 -62.670666,4.043656,0 -62.766216,4.020712,0 -62.766267,3.964695,0 -62.78879799999999,3.899401,0 -62.74042899999999,3.741943,0 -62.749576,3.660372,0 -62.78631800000001,3.604406,0 -62.88941200000001,3.560817,0 -62.951062,3.570171,0 -62.997054,3.599135,0 -63.251199,3.88656,0 -63.35171,3.958726,0 -63.4254,3.968364,0 -63.46886,3.867233,0 -63.510666,3.854546,0 -63.622804,3.935213,0 -63.671587,3.946245999999999,0 -63.77101199999999,3.928805,0 -63.87514000000001,3.949812000000001,0 -63.996425,3.880798,0 -64.03766299999999,3.882503,0 -64.063811,3.911597,0 -64.108149,4.0581,0 -64.1467,4.110551,0 -64.240596,4.142022,0 -64.364981,4.151867,0 -64.58967,4.118871,0 -64.608222,4.126493,0 -64.660984,4.227469,0 -64.69987,4.264159,0 -64.74594,4.287621,0 -64.791622,4.284417,0 -64.81291299999999,4.252791,0 -64.813042,4.210571,0 -64.727104,4.140782,0 -64.642897,3.972963,0 -64.531431,3.853513,0 -64.434538,3.778478,0 -64.324157,3.724114999999999,0 -64.20297600000001,3.594717,0 -64.19786000000001,3.515084,0 -64.245609,3.41894,0 -64.216308,3.251431,0 -64.22292299999999,3.123996,0 -64.105953,2.947211,0 -63.997562,2.714926,0 -64.012186,2.60377,0 -64.057817,2.510442,0 -64.047972,2.471323,0 -63.831319,2.428638,0 -63.704091,2.437578,0 -63.384834,2.420577,0 -63.361115,2.40001,0 -63.372639,2.266839,0 -63.411758,2.149379,0 -63.56198100000001,2.126357,0 -63.61753299999999,2.101165,0 -63.783208,1.974997,0 -63.958339,1.970708,0 -64.036629,1.927274,0 -64.053605,1.89371,0 -64.07254399999999,1.684575,0 -64.092957,1.622615,0 -64.129724,1.57807,0 -64.301523,1.446657,0 -64.352941,1.365835,0 -64.389579,1.369297,0 -64.394773,1.39219,0 -64.364594,1.497093,0 -64.40900999999999,1.507506,0 -64.551197,1.419527,0 -64.60421700000001,1.331289,0 -64.73087599999999,1.247574,0 -64.839293,1.270828,0 -64.89740399999999,1.219668,0 -64.966469,1.2006,0 -65.017448,1.162979,0 -65.022486,1.139983,0 -65.136769,1.126909,0 -65.160178,1.080194,0 -65.178988,0.955395,0 -65.20304400000001,0.923821,0 -65.327196,0.910281,0 -65.400009,0.8165399999999999,0 -65.413884,0.74161,0 -65.45122000000001,0.69014,0 -65.497832,0.658721,0 -65.542661,0.649315,0 -65.585217,0.691483,0 -65.58733599999999,0.739129,0 -65.517004,0.862791,0 -65.535814,0.928472,0 -65.59604299999999,0.98361,0 -65.74544,0.9741539999999999,0 -65.891761,0.8956050000000001,0 -65.974082,0.80698,0 -66.07919200000001,0.777576,0 -66.134382,0.7311190000000001,0 -66.20874499999999,0.7631070000000001,0 -66.285071,0.745847,0 -66.346204,0.759386,0 -66.407079,0.802071,0 -66.875061,1.22251,0 -67.086107,1.176002,0 -67.09819899999999,1.253361,0 -67.073601,1.541199,0 -67.117165,1.709793,0 -67.155715,1.788083,0 -67.264753,1.932545,0 -67.340614,2.090106,0 -67.424639,2.138114,0 -67.510267,2.107418,0 -67.59295,2.054811,0 -67.820843,1.784001,0 -67.92884599999999,1.74129,0 -67.998248,1.749972,0 -68.031786,1.777515,0 -68.111109,1.942415,0 -68.1771,1.973188,0 -68.192189,2.014891,0 -68.28024600000001,1.829398,0 -68.24831,1.822112,0 -68.238957,1.770281,0 -68.193533,1.763744,0 -68.188779,1.735838,0 -68.163302,1.721291,0 -69.352403,1.720206,0 -69.54195199999999,1.772709,0 -69.649051,1.738939,0 -69.72915,1.738991,0 -69.807543,1.707365,0 -69.856171,1.707675,0 -69.852192,1.05942,0 -69.762559,1.091097,0 -69.728065,1.082984,0 -69.716024,1.058593,0 -69.619906,1.072752,0 -69.54295999999999,1.055596,0 -69.478261,1.06066,0 -69.418161,1.028621,0 -69.354961,1.067068,0 -69.288815,1.038439,0 -69.204324,0.9436639999999998,0 -69.20998299999999,0.907543,0 -69.152389,0.867803,0 -69.17538500000001,0.844446,0 -69.16776299999999,0.756027,0 -69.192258,0.728949,0 -69.152079,0.690553,0 -69.137455,0.650142,0 -69.16233699999999,0.631435,0 -69.200603,0.639497,0 -69.22618300000001,0.614796,0 -69.297057,0.618103,0 -69.302148,0.65655,0 -69.362557,0.640944,0 -69.43971000000001,0.715771,0 -69.47808000000001,0.7328249999999998,0 -69.59411900000001,0.689313,0 -69.619157,0.650659,0 -69.694682,0.668746,0 -69.80532100000001,0.606941,0 -70.03941500000001,0.574591,0 -70.05424600000001,0.588131,0 -70.068044,-0.160144,0 -69.933634,-0.314347,0 -69.858108,-0.341425,0 -69.834777,-0.3831800000000001,0 -69.74646199999999,-0.453046,0 -69.649517,-0.49201,0 -69.61975099999999,-0.524566,0 -69.58422299999999,-0.644559,0 -69.628381,-0.7334419999999999,0 -69.57272500000001,-0.813541,0 -69.57324199999999,-0.8491979999999999,0 -69.537327,-0.8895050000000001,0 -69.532599,-0.9340499999999999,0 -69.442863,-1.008361,0 -69.448159,-1.092077,0 -69.39945400000001,-1.182717,0 -69.42110700000001,-1.238631,0 -69.433948,-1.422186,0 -69.971822,-4.290951,0 -70.037038,-4.340871,0 -70.075615,-4.31617,0 -70.096621,-4.265733,0 -70.138892,-4.260462,0 -70.20563199999999,-4.342938,0 -70.23131600000001,-4.303664,0 -70.257593,-4.29922,0 -70.316711,-4.247026,0 -70.311104,-4.170855,0 -70.330612,-4.143157,0 -70.34306599999999,-4.139436,0 -70.361437,-4.168168,0 -70.429934,-4.134165,0 -70.515975,-4.182328,0 -70.549694,-4.140676,0 -70.585273,-4.194523,0 -70.632531,-4.166825,0 -70.63105899999999,-4.118972,0 -70.64676799999999,-4.115665,0 -70.694052,-4.172302,0 -70.774254,-4.155042,0 -70.832235,-4.179434,0 -70.84830599999999,-4.204445,0 -70.84275100000001,-4.238138,0 -70.873705,-4.250747,0 -70.968687,-4.385313,0 -71.005454,-4.347589,0 -71.029329,-4.385829,0 -71.081574,-4.364125,0 -71.128496,-4.401849,0 -71.16968199999999,-4.362782,0 -71.214072,-4.410841,0 -71.26481800000001,-4.375494,0 -71.304609,-4.394924,0 -71.315151,-4.439986,0 -71.330758,-4.435129,0 -71.36326200000001,-4.45921,0 -71.386982,-4.434922,0 -71.47741499999999,-4.440606,0 -71.506147,-4.448565,0 -71.524596,-4.485151,0 -71.57156999999999,-4.480707,0 -71.617148,-4.500344,0 -71.613428,-4.47926,0 -71.665207,-4.507579,0 -71.699314,-4.481637,0 -71.74019,-4.49559,0 -71.78483799999999,-4.480501,0 -71.800651,-4.502411,0 -71.907208,-4.518431,0 -72.035521,-4.611862,0 -72.07112600000001,-4.605144,0 -72.108023,-4.664262,0 -72.251063,-4.75883,0 -72.331937,-4.763274,0 -72.344701,-4.782601,0 -72.386094,-4.79397,0 -72.414671,-4.876342,0 -72.47647600000001,-4.90249,0 -72.495131,-4.946984,0 -72.546446,-4.958249,0 -72.614349,-5.009719,0 -72.644786,-5.060569,0 -72.74757,-5.055091,0 -72.772943,-5.081136,0 -72.853972,-5.092505,0 -72.85893299999999,-5.116069,0 -72.917948,-5.132089,0 -72.896657,-5.271615,0 -72.92399399999999,-5.313576,0 -72.9735,-5.466125,0 -72.960477,-5.559246,0 -72.97691,-5.651747,0 -73.00135299999999,-5.708798,0 -73.140001,-5.878503,0 -73.234776,-6.077561,0 -73.235293,-6.123656,0 -73.177673,-6.202410999999999,0 -73.12697900000001,-6.391339999999999,0 -73.14780399999999,-6.476193,0 -73.198964,-6.545646,0 -73.233587,-6.564043,0 -73.37068499999999,-6.583886000000001,0 -73.671958,-6.800721,0 -73.706788,-6.849607,0 -73.759421,-6.887434,0 -73.812337,-7.102924,0 -73.734539,-7.225088,0 -73.713093,-7.304669,0 -73.74125600000001,-7.334434999999999,0 -73.825851,-7.337432,0 -73.902022,-7.373399000000001,0 -73.982895,-7.356449,0 -73.94431899999999,-7.448743,0 -73.971423,-7.523984,0 -74.018475,-7.543518000000001,0 -73.838796,-7.720561,0 -73.712163,-7.788154,0 -73.702551,-7.827841,0 -73.713713,-7.866289,0 -73.74611400000001,-7.886443,0 -73.79463800000001,-7.874144000000001,0 -73.784949,-7.940393,0 -73.748491,-7.976979999999999,0 -73.668031,-8.013773,0 -73.60111000000001,-8.136143000000001,0 -73.60328,-8.211591,0 -73.561733,-8.272672,0 -73.540829,-8.359075000000001,0 -73.35642199999999,-8.479791000000001,0 -73.350583,-8.598337000000001,0 -73.289863,-8.670477,0 -73.174573,-8.720707000000001,0 -73.068636,-8.89372,0 -73.016701,-8.93041,0 -72.976084,-8.985393999999999,0 -72.95939199999999,-9.085646000000001,0 -72.97200100000001,-9.134428,0 -73.027863,-9.183108000000001,0 -73.034375,-9.222588,0 -73.090237,-9.244189,0 -73.214984,-9.409037,0 -72.813303,-9.410897,0 -72.67227800000001,-9.446657,0 -72.636518,-9.442937000000001,0 -72.535645,-9.481591,0 -72.409503,-9.486345,0 -72.34454599999999,-9.532854,0 -72.31266100000001,-9.532544,0 -72.304135,-9.600860000000001,0 -72.261657,-9.667419000000001,0 -72.277005,-9.724263000000001,0 -72.26522300000001,-9.762193999999999,0 -72.19473600000001,-9.805809,0 -72.162903,-9.877224999999999,0 -72.195666,-10.00559,0 -71.391426,-10.00683,0 -71.339646,-9.979751,0 -71.2997,-9.993394,0 -71.196502,-9.939857,0 -71.144257,-9.863066,0 -70.997212,-9.803535,0 -70.969048,-9.754856,0 -70.920266,-9.720129,0 -70.875488,-9.660494,0 -70.68084899999999,-9.527685999999999,0 -70.60638299999999,-9.448828000000001,0 -70.52499299999999,-9.430948000000001,0 -70.54326,-9.493475999999999,0 -70.57615300000001,-9.529133,0 -70.564525,-9.56541,0 -70.62441800000001,-9.565823,0 -70.600802,-9.635275999999999,0 -70.541865,-9.708244000000001,0 -70.56914999999999,-9.779144000000001,0 -70.61509100000001,-9.792268999999999,0 -70.638448,-9.851801,0 -70.64134199999999,-11.0108,0 -70.534114,-10.938143,0 -70.43727199999999,-11.036741,0 -70.391306,-11.059065,0 -70.2894,-11.06475,0 -70.198734,-11.041185,0 -69.956113,-10.919332,0 -69.808318,-10.927187,0 -69.72020999999999,-10.964911,0 -69.50288500000001,-10.955299,0 -69.39594,-10.935042,0 -69.086889,-10.967185,0 -68.996998,-11.001705,0 -68.884034,-11.016381,0 -68.804659,-10.994677,0 -68.757633,-11.011937,0 -68.79117100000001,-11.08511,0 -68.775926,-11.140611,0 -68.61573,-11.112499,0 -68.536096,-11.061546,0 -68.428196,-11.043666,0 -68.378276,-11.005012,0 -68.29331999999999,-10.978967,0 -68.11209100000001,-10.714074,0 -68.043775,-10.666945,0 -67.862649,-10.65878,0 -67.755782,-10.714177,0 -67.721727,-10.705495,0 -67.684675,-10.610514,0 -67.58463,-10.501787,0 -67.468048,-10.452281,0 -67.418335,-10.381484,0 -67.34283600000001,-10.372492,0 -67.337823,-10.326087,0 -67.323509,-10.318852,0 -67.18470600000001,-10.326707,0 -67.151736,-10.288983,0 -67.0643,-10.256944,0 -66.90265599999999,-10.09313,0 -66.770623,-9.992566999999999,0 -66.660087,-9.945335,0 -66.64261999999999,-9.907921,0 -66.513842,-9.883943,0 -66.43271,-9.886113999999999,0 -66.190658,-9.800848,0 -66.118182,-9.806015,0 -66.086995,-9.784518,0 -66.02947899999999,-9.808289,0 -65.946952,-9.771392000000001,0 -65.862461,-9.781831,0 -65.834065,-9.758266000000001,0 -65.80641799999999,-9.784414999999999,0 -65.78856399999999,-9.733048,0 -65.772441,-9.768808,0 -65.709964,-9.755993,0 -65.713116,-9.794233,0 -65.67895799999999,-9.789376000000001,0 -65.628883,-9.826893,0 -65.583977,-9.837228,0 -65.510777,-9.734082000000001,0 -65.45184,-9.681372,0 -65.397993,-9.686745999999999,0 -65.370501,-9.710621,0 -65.340064,-9.789686,0 -65.29911,-9.841259000000001,0 -65.336834,-9.967245999999999,0 -65.28482200000001,-10.206818,0 -65.327817,-10.314408,0 -65.37923499999999,-10.351408,0 -65.410938,-10.44918,0 -65.44998,-10.468094,0 -65.429232,-10.561421,0 -65.43569100000001,-10.62581,0 -65.386753,-10.669529,0 -65.381069,-10.698054,0 -65.404737,-10.799236,0 -65.327119,-10.850499,0 -65.299601,-10.969665,0 -65.341976,-11.032814,0 -65.34104600000001,-11.106608,0 -65.394738,-11.153427,0 -65.39814800000001,-11.178025,0 -65.360011,-11.218849,0 -65.388614,-11.253162,0 -65.38727,-11.277553,0 -65.326447,-11.327783,0 -65.354766,-11.382353,0 -65.319548,-11.476404,0 -65.29246999999999,-11.504723,0 -65.25756199999999,-11.495318,0 -65.222655,-11.517435,0 -65.219244,-11.584511,0 -65.167439,-11.615517,0 -65.193354,-11.632364,0 -65.196197,-11.741814,0 -65.15149700000001,-11.77313,0 -65.133978,-11.702644,0 -65.113411,-11.690551,0 -65.11356600000001,-11.722591,0 -65.06555899999999,-11.75308,0 -65.038454,-11.818709,0 -65.033674,-11.879791,0 -64.998121,-11.908936,0 -65.01633699999999,-11.968467,0 -64.997449,-11.996269,0 -64.7925,-12.032546,0 -64.73679300000001,-12.119776,0 -64.739532,-12.144581,0 -64.716278,-12.146544,0 -64.710283,-12.111921,0 -64.68992299999999,-12.104376,0 -64.688992,-12.153882,0 -64.66486,-12.180961,0 -64.593417,-12.215997,0 -64.489392,-12.239459,0 -64.468153,-12.272635,0 -64.48978,-12.373611,0 -64.452521,-12.390354,0 -64.395729,-12.457326,0 -64.29769899999999,-12.465698,0 -64.287544,-12.497117,0 -64.21522299999999,-12.473759,0 -64.14478800000001,-12.520372,0 -64.119828,-12.489676,0 -64.104455,-12.507142,0 -64.04445800000001,-12.509106,0 -64.02283199999999,-12.537838,0 -63.972447,-12.523886,0 -63.92123599999999,-12.544349,0 -63.86289300000001,-12.469212,0 -63.80139799999999,-12.454949,0 -63.657738,-12.475413,0 -63.542189,-12.547967,0 -63.48575799999999,-12.557475,0 -63.431446,-12.636954,0 -63.317913,-12.701963,0 -63.235955,-12.698552,0 -63.13668400000001,-12.63375,0 -63.075034,-12.652663,0 -63.04346,-12.719119,0 -63.05110800000001,-12.742167,0 -63.014728,-12.77772,0 -62.988011,-12.843866,0 -62.95514499999999,-12.857509,0 -62.928893,-12.846036,0 -62.865073,-12.93554,0 -62.83143099999999,-12.944945,0 -62.789832,-13.000652,0 -62.770453,-13.010471,0 -62.76864499999999,-12.990627,0 -62.686634,-12.964996,0 -62.651339,-12.992487,0 -62.641676,-13.030005,0 -62.554601,-13.066798,0 -62.472125,-13.068452,0 -62.424118,-13.126536,0 -62.335028,-13.14514,0 -62.211521,-13.120335,0 -62.17395199999999,-13.140799,0 -62.172454,-13.117855,0 -62.114679,-13.150204,0 -62.109408,-13.248958,0 -62.00326500000001,-13.360475,0 -61.872317,-13.456077,0 -61.83635000000001,-13.540619,0 -61.735116,-13.538036,0 -61.692896,-13.517985,0 -61.597114,-13.5061,0 -61.550812,-13.538036,0 -61.50342500000001,-13.548164,0 -61.45875,-13.54372,0 -61.347724,-13.493697,0 -61.248556,-13.524393,0 -61.14910499999999,-13.519845,0 -61.11871899999999,-13.484499,0 -61.04722499999999,-13.464552,0 -61.041256,-13.515195,0 -61.02200700000001,-13.535245,0 -60.89674299999999,-13.552918,0 -60.801969,-13.604181,0 -60.652701,-13.7188,0 -60.588623,-13.744535,0 -60.575135,-13.765619,0 -60.472635,-13.797865,0 -60.44881199999999,-13.896773,0 -60.387188,-13.98328,0 -60.419434,-14.076917,0 -60.473513,-14.117225,0 -60.464341,-14.278352,0 -60.39134799999999,-14.357107,0 -60.338431,-14.5326,0 -60.369204,-14.542832,0 -60.291716,-14.630062,0 -60.269805,-15.083368,0 -60.274972,-15.09515,0 -60.582241,-15.098871,0 -60.246395,-15.478279,0 -60.17981,-16.222006,0 -60.16069,-16.264794,0 -58.464721,-16.33125,0 -58.42162299999999,-16.318434,0 -58.392943,-16.279367,0 -58.339561,-16.289289,0 -58.334548,-16.386647,0 -58.36359,-16.43667,0 -58.342661,-16.473154,0 -58.356097,-16.509534,0 -58.455885,-16.619088,0 -58.480276,-16.683683,0 -58.452939,-16.841296,0 -58.46627199999999,-16.887289,0 -58.406275,-17.110117,0 -58.39914400000001,-17.237448,0 -58.38116,-17.267214,0 -58.231557,-17.329742,0 -58.20406500000001,-17.377388,0 -58.152234,-17.396405,0 -58.010175,-17.49676,0 -57.943564,-17.517844,0 -57.836749,-17.511023,0 -57.80073099999999,-17.533451,0 -57.7859,-17.677525,0 -57.724456,-17.736642,0 -57.732983,-17.768475,0 -57.696809,-17.825112,0 -57.698773,-17.843096,0 -57.73008900000001,-17.846093,0 -57.551082,-18.183643,0 -57.465661,-18.21775,0 -57.46679799999999,-18.239557,0 -57.535734,-18.240488,0 -57.56674,-18.256094,0 -57.782334,-18.910421,0 -57.731794,-18.921996,0 -57.71582600000001,-19.044573,0 -57.789,-19.059249,0 -58.124639,-19.729906,0 -58.116939,-19.758018,0 -57.859745,-19.980123,0 -57.89560900000001,-20.024151,0 -57.959171,-20.026218,0 -58.103555,-20.144041,0 -58.158797,-20.165125,0 -58.11854099999999,-20.214424,0 -58.155283,-20.226413,0 -58.156316,-20.261656,0 -58.09508,-20.272198,0 -58.082987,-20.376171,0 -57.98940099999999,-20.433119,0 -58.01002,-20.500091,0 -57.990952,-20.620601,0 -57.973123,-20.651193,0 -57.980616,-20.692741,0 -57.95638,-20.709898,0 -57.947182,-20.675068,0 -57.91808799999999,-20.669797,0 -57.86021,-20.730258,0 -57.865275,-20.747415,0 -57.94041200000001,-20.793613,0 -57.887651,-20.805912,0 -57.859642,-20.831647,0 -57.85710999999999,-20.849734,0 -57.90868300000001,-20.881567,0 -57.914832,-20.905648,0 -57.847033,-20.955981,0 -57.836026,-20.938514,0 -57.817577,-20.953604,0 -57.852459,-21.037836,0 -57.829876,-21.12703,0 -57.833959,-21.173849,0 -57.84786,-21.216223,0 -57.90429,-21.274928,0 -57.882328,-21.316372,0 -57.855559,-21.330738,0 -57.94914500000001,-21.508298,0 -57.939792,-21.548193,0 -57.912093,-21.564006,0 -57.934831,-21.640693,0 -57.89560900000001,-21.688442,0 -57.939017,-21.755312,0 -57.93571,-21.812053,0 -57.955915,-21.85112,0 -57.92537400000001,-21.904967,0 -57.962633,-21.966978,0 -57.986249,-22.074465,0 -57.939999,-22.11839,0 -57.871372,-22.121181,0 -57.84388100000001,-22.143712,0 -57.775409,-22.123971,0 -57.773652,-22.107745,0 -57.66368499999999,-22.100614,0 -57.61407500000001,-22.176991,0 -57.46395500000001,-22.180402,0 -57.38499399999999,-22.213268,0 -57.339932,-22.216989,0 -57.331767,-22.202416,0 -57.27166699999999,-22.213785,0 -57.21379,-22.188154,0 -57.199527,-22.212855,0 -57.154155,-22.207997,0 -57.085064,-22.238073,0 -56.96455399999999,-22.234869,0 -56.96052399999999,-22.254816,0 -56.91479,-22.262878,0 -56.90368,-22.236936,0 -56.879547,-22.289956,0 -56.85606,-22.29316,0 -56.808285,-22.247995,0 -56.743534,-22.250372,0 -56.715371,-22.215439,0 -56.64881100000001,-22.263498,0 -56.654703,-22.23735,0 -56.584965,-22.190531,0 -56.51130000000001,-22.091415,0 -56.40763699999999,-22.075809,0 -56.347331,-22.180402,0 -56.21426400000001,-22.275383,0 -56.02471500000001,-22.287372,0 -55.998567,-22.277244,0 -55.874388,-22.317345,0 -55.86103000000001,-22.289543,0 -55.76023499999999,-22.391965,0 -55.74127,-22.537176,0 -55.723932,-22.569629,0 -55.62368,-22.638669,0 -55.618332,-22.725692,0 -55.65900100000001,-22.818296,0 -55.6343,-22.932811,0 -55.637814,-23.000714,0 -55.600684,-23.044535,0 -55.599392,-23.117089,0 -55.560867,-23.145925,0 -55.535236,-23.229124,0 -55.56215900000001,-23.307879,0 -55.513868,-23.379399,0 -55.542471,-23.465802,0 -55.530533,-23.603468,0 -55.46697100000001,-23.673231,0 -55.445319,-23.735449,0 -55.420669,-23.954506,0 -55.36718399999999,-23.989646,0 -55.165439,-24.016827,0 -55.105572,-23.988509,0 -54.943644,-23.969182,0 -54.891916,-23.920606,0 -54.696838,-23.845158,0 -54.639218,-23.804437,0 -54.443158,-23.899935,0 -54.367607,-23.984685,0 -54.24528899999999,-24.050624,0 -54.30104800000001,-24.08989800000001,0 -54.33463700000001,-24.148912,0 -54.314122,-24.234179,0 -54.26105,-24.32947,0 -54.262187,-24.358512,0 -54.334534,-24.496695,0 -54.321305,-24.628366,0 -54.371121,-24.766653,0 -54.407294,-24.821223,0 -54.462278,-25.03723,0 -54.463312,-25.072784,0 -54.426621,-25.149472,0 -54.48145,-25.21324,0 -54.503568,-25.278663,0 -54.597981,-25.397518,0 -54.61245,-25.465525,0 -54.591469,-25.524746,0 -54.600203,-25.574945,0 -54.545632,-25.574769,0 -54.5323,-25.610632,0 -54.473027,-25.625825,0 -54.447344,-25.68918,0 -54.433133,-25.676571,0 -54.437422,-25.645049,0 -54.405072,-25.61983,0 -54.39540900000001,-25.581073,0 -54.349675,-25.582417,0 -54.299239,-25.552651,0 -54.255624,-25.598746,0 -54.243687,-25.577559,0 -54.19025299999999,-25.580763,0 -54.2148,-25.531464,0 -54.16508700000001,-25.534358,0 -54.11640800000001,-25.494567,0 -54.123126,-25.571771,0 -54.09889,-25.597196,0 -54.085764,-25.590582,0 -54.082715,-25.550067,0 -54.055378,-25.570738,0 -54.030212,-25.56216,0 -53.997449,-25.574975,0 -53.967735,-25.653213,0 -53.90996,-25.629236,0 -53.876474,-25.697862,0 -53.88345,-25.735586,0 -53.84035200000001,-25.791396,0 -53.833428,-25.962238,0 -53.765008,-26.028074,0 -53.733382,-26.126363,0 -53.66672,-26.219174,0 -53.66155200000001,-26.259791,0 -53.724442,-26.376063,0 -53.71291800000001,-26.5005,0 -53.737465,-26.525305,0 -53.726819,-26.548559,0 -53.742374,-26.600546,0 -53.739532,-26.67558,0 -53.77431,-26.714337,0 -53.747852,-26.739142,0 -53.75291600000001,-26.773248,0 -53.734002,-26.777383,0 -53.712505,-26.904507,0 -53.76846999999999,-27.024086,0 -53.800923,-27.039072,0 -53.830017,-27.156791,0 -53.842006,-27.163509,0 -53.88221,-27.119894,0 -53.909495,-27.168263,0 -53.964117,-27.154,0 -53.961792,-27.191414,0 -54.005148,-27.18821,0 -54.091758,-27.285155,0 -54.158059,-27.279471,0 -54.15594,-27.257663,0 -54.177024,-27.243401,0 -54.231801,-27.351508,0 -54.231646,-27.38055,0 -54.261257,-27.388715,0 -54.286888,-27.428402,0 -54.306939,-27.428919,0 -54.347712,-27.394296,0 -54.347712,-27.435844,0 -54.37158600000001,-27.454447,0 -54.388898,-27.411142,0 -54.444553,-27.408972,0 -54.464552,-27.423338,0 -54.448377,-27.458891,0 -54.543255,-27.487003,0 -54.589454,-27.452587,0 -54.62591199999999,-27.515322,0 -54.651233,-27.525864,0 -54.66645200000001,-27.50385,0 -54.690326,-27.551289,0 -54.773939,-27.56379400000001,0 -54.793731,-27.549222,0 -54.792232,-27.523177,0 -54.805048,-27.526381,0 -54.827527,-27.545088,0 -54.845097,-27.611854,0 -54.898272,-27.623636,0 -54.91320699999999,-27.736911,0 -54.985192,-27.78528,0 -55.081155,-27.778252,0 -55.029634,-27.850702,0 -55.09993999999999,-27.843777,0 -55.119241,-27.880881,0 -55.177558,-27.853596,0 -55.26024,-27.919225,0 -55.314113,-27.914987,0 -55.33791,-27.96315,0 -55.38093,-27.978239,0 -55.383385,-28.014206,0 -55.44074599999999,-28.078905,0 -55.505935,-28.078905,0 -55.553478,-28.145568,0 -55.577094,-28.144327,0 -55.58164099999999,-28.121073,0 -55.604741,-28.116939,0 -55.684064,-28.196211,0 -55.77253400000001,-28.231971,0 -55.766591,-28.257602,0 -55.68721599999999,-28.290055,0 -55.6636,-28.326539,0 -55.694244,-28.400126,0 -55.714967,-28.404467,0 -55.734604,-28.365916,0 -55.84234899999999,-28.34638199999999,0 -55.905601,-28.378008,0 -55.902035,-28.465135,0 -56.01158899999999,-28.496554,0 -56.021899,-28.585748,0 -56.040812,-28.609002,0 -56.103005,-28.648069,0 -56.18470500000001,-28.744188,0 -56.286146,-28.780154,0 -56.301003,-28.88144,0 -56.32306899999999,-28.916477,0 -56.391618,-28.952237,0 -56.427972,-29.069852,0 -56.548301,-29.109953,0 -56.617289,-29.160906,0 -56.65630399999999,-29.223435,0 -56.650465,-29.25134,0 -56.677027,-29.313352,0 -56.769941,-29.379084,0 -56.81903400000001,-29.474996,0 -56.951635,-29.586307,0 -57.020933,-29.683355,0 -57.11286599999999,-29.766037,0 -57.219629,-29.778336,0 -57.291511,-29.81513,0 -57.308513,-29.848513,0 -57.325153,-29.981011,0 -57.411452,-30.039612,0 -57.506175,-30.144309,0 -57.61169799999999,-30.182963,0 -57.58684199999999,-30.204047,0 -57.567463,-30.256343,0 
							</coordinates>
						</LinearRing>
					</outerBoundaryIs>
				</Polygon>
			</Placemark>
			<Placemark id="EA9D2828673F8C0BDEF6">
				<name>Brazil</name>
				<snippet></snippet>
				<description>See: 2050-snapshot/domains/borders-geopolitics.md#brazil</description>
				<styleUrl>#__managed_style_97B415CEA13F8C0BDF1B</styleUrl>
				<Polygon>
					<outerBoundaryIs>
						<LinearRing>
							<coordinates>
								-39.045888,-13.458185,0 -38.967844,-13.498305,0 -38.979056,-13.599695,0 -38.949489,-13.658024,0 -38.920336,-13.655495,0 -38.902013,-13.671812,0 -38.893275,-13.639286,0 -38.934397,-13.556248,0 -38.896352,-13.453546,0 -38.906239,-13.388849,0 -39.032582,-13.392511,0 -39.045888,-13.458185,0 
							</coordinates>
						</LinearRing>
					</outerBoundaryIs>
				</Polygon>
			</Placemark>
			<Placemark id="F62F2380993F8C0BDEF6">
				<name>Brazil</name>
				<snippet></snippet>
				<description>See: 2050-snapshot/domains/borders-geopolitics.md#brazil</description>
				<styleUrl>#__managed_style_97B415CEA13F8C0BDF1B</styleUrl>
				<Polygon>
					<outerBoundaryIs>
						<LinearRing>
							<coordinates>
								-38.683461,-12.873224,0 -38.697133,-12.880548,0 -38.670644,-12.924981,0 -38.683339,-12.949965,0 -38.66926,-12.961847,0 -38.791249,-13.058364,0 -38.786529,-13.133884,0 -38.642445,-13.013767,0 -38.587473,-12.986912,0 -38.622304,-12.905369,0 -38.683461,-12.873224,0 
							</coordinates>
						</LinearRing>
					</outerBoundaryIs>
				</Polygon>
			</Placemark>
			<Placemark id="1071A3D93433F8C0BDEF6">
				<name>Brazil</name>
				<snippet></snippet>
				<description>See: 2050-snapshot/domains/borders-geopolitics.md#brazil</description>
				<styleUrl>#__managed_style_97B415CEA13F8C0BDF1B</styleUrl>
				<Polygon>
					<outerBoundaryIs>
						<LinearRing>
							<coordinates>
								-44.547678,-2.744073,0 -44.576324,-2.799981,0 -44.585683,-2.84588,0 -44.563303,-2.919854,0 -44.603424,-3.022149000000001,0 -44.598012,-3.060154,0 -44.538197,-2.969985,0 -44.497304,-2.949314,0 -44.505686,-2.915134,0 -44.480784,-2.793145,0 -44.514882,-2.834160999999999,0 -44.480784,-2.70436,0 -44.547678,-2.744073,0 
							</coordinates>
						</LinearRing>
					</outerBoundaryIs>
				</Polygon>
			</Placemark>
			<Placemark id="11E5A7879F23F8C0BDEF6">
				<name>Brazil</name>
				<snippet></snippet>
				<description>See: 2050-snapshot/domains/borders-geopolitics.md#brazil</description>
				<styleUrl>#__managed_style_97B415CEA13F8C0BDF1B</styleUrl>
				<Polygon>
					<outerBoundaryIs>
						<LinearRing>
							<coordinates>
								-42.091379,-2.678399,0 -42.186025,-2.676446,0 -42.102895,-2.70436,0 -42.105336,-2.724298,0 -42.082387,-2.738539,0 -42.102895,-2.744806,0 -42.085194,-2.758722,0 -42.027821,-2.744806,0 -42.035268,-2.70436,0 -42.048248,-2.710626,0 -42.091379,-2.678399,0 
							</coordinates>
						</LinearRing>
					</outerBoundaryIs>
				</Polygon>
			</Placemark>
			<Placemark id="12BEF2FB7D23F8C0BDEF6">
				<name>Brazil</name>
				<snippet></snippet>
				<description>See: 2050-snapshot/domains/borders-geopolitics.md#brazil</description>
				<styleUrl>#__managed_style_97B415CEA13F8C0BDF1B</styleUrl>
				<Polygon>
					<outerBoundaryIs>
						<LinearRing>
							<coordinates>
								-43.715403,-2.289239,0 -43.736608,-2.334071,0 -43.7329,-2.419875,0 -43.71254,-2.42653,0 -43.686632,-2.401008,0 -43.634805,-2.399895,0 -43.626299,-2.316304,0 -43.599993,-2.283722,0 -43.607021,-2.256329,0 -43.684478,-2.26336,0 -43.715403,-2.289239,0 
							</coordinates>
						</LinearRing>
					</outerBoundaryIs>
				</Polygon>
			</Placemark>
			<Placemark id="13E383B242E3F8C0BDEF6">
				<name>Brazil</name>
				<snippet></snippet>
				<description>See: 2050-snapshot/domains/borders-geopolitics.md#brazil</description>
				<styleUrl>#__managed_style_97B415CEA13F8C0BDF1B</styleUrl>
				<Polygon>
					<outerBoundaryIs>
						<LinearRing>
							<coordinates>
								-49.31900000000001,-1.717462,0 -49.338124,-1.71266,0 -49.411488,-1.775567,0 -49.452992,-1.850193,0 -49.442494,-1.867771,0 -49.367421,-1.895115,0 -49.28189,-1.785821,0 -49.277008,-1.767022,0 -49.309804,-1.744399,0 -49.31900000000001,-1.717462,0 
							</coordinates>
						</LinearRing>
					</outerBoundaryIs>
				</Polygon>
			</Placemark>
			<Placemark id="14D5E7E5EA43F8C0BDEF6">
				<name>Brazil</name>
				<snippet></snippet>
				<description>See: 2050-snapshot/domains/borders-geopolitics.md#brazil</description>
				<styleUrl>#__managed_style_97B415CEA13F8C0BDF1B</styleUrl>
				<Polygon>
					<outerBoundaryIs>
						<LinearRing>
							<coordinates>
								-44.974355,-1.260349,0 -44.991851,-1.292413,0 -44.977935,-1.300958,0 -44.995269,-1.353774,0 -45.003285,-1.317478,0 -45.02196199999999,-1.323419,0 -45.01891000000001,-1.377699,0 -44.963857,-1.390558,0 -44.961171,-1.367446,0 -44.934682,-1.366632,0 -44.898508,-1.332696,0 -44.919545,-1.305922,0 -44.885365,-1.32643,0 -44.876454,-1.296157,0 -44.892242,-1.271905,0 -44.974355,-1.260349,0 
							</coordinates>
						</LinearRing>
					</outerBoundaryIs>
				</Polygon>
			</Placemark>
			<Placemark id="15C61AD66E83F8C0BDEF6">
				<name>Brazil</name>
				<snippet></snippet>
				<description>See: 2050-snapshot/domains/borders-geopolitics.md#brazil</description>
				<styleUrl>#__managed_style_97B415CEA13F8C0BDF1B</styleUrl>
				<Polygon>
					<outerBoundaryIs>
						<LinearRing>
							<coordinates>
								-48.421498,-1.079522,0 -48.428334,-1.117283,0 -48.46206600000001,-1.164483,0 -48.402333,-1.202895,0 -48.39354400000001,-1.189386,0 -48.379872,-1.217218,0 -48.334096,-1.205011,0 -48.29735299999999,-1.128513,0 -48.338979,-1.066502,0 -48.421498,-1.079522,0 
							</coordinates>
						</LinearRing>
					</outerBoundaryIs>
				</Polygon>
			</Placemark>
			<Placemark id="16AB542E34C3F8C0BDEF6">
				<name>Brazil</name>
				<snippet></snippet>
				<description>See: 2050-snapshot/domains/borders-geopolitics.md#brazil</description>
				<styleUrl>#__managed_style_97B415CEA13F8C0BDF1B</styleUrl>
				<Polygon>
					<outerBoundaryIs>
						<LinearRing>
							<coordinates>
								-48.24356,-0.8417289999999999,0 -48.31265200000001,-0.953302,0 -48.307118,-1.020685,0 -48.237701,-1.027927,0 -48.201894,-1.011489,0 -48.15672800000001,-0.8877909999999999,0 -48.181264,-0.86712,0 -48.15587299999999,-0.866306,0 -48.194936,-0.819431,0 -48.24356,-0.8417289999999999,0 
							</coordinates>
						</LinearRing>
					</outerBoundaryIs>
				</Polygon>
			</Placemark>
			<Placemark id="17D56591F5D3F8C0BDEF6">
				<name>Brazil</name>
				<snippet></snippet>
				<description>See: 2050-snapshot/domains/borders-geopolitics.md#brazil</description>
				<styleUrl>#__managed_style_97B415CEA13F8C0BDF1B</styleUrl>
				<Polygon>
					<outerBoundaryIs>
						<LinearRing>
							<coordinates>
								-47.982655,-0.6760389999999999,0 -47.962148,-0.730645,0 -47.916371,-0.708591,0 -47.887074,-0.669122,0 -47.914622,-0.641697,0 -47.969065,-0.633884,0 -47.982655,-0.6760389999999999,0 
							</coordinates>
						</LinearRing>
					</outerBoundaryIs>
				</Polygon>
			</Placemark>
			<Placemark id="18DF604AA2A3F8C0BDEF6">
				<name>Brazil</name>
				<snippet></snippet>
				<description>See: 2050-snapshot/domains/borders-geopolitics.md#brazil</description>
				<styleUrl>#__managed_style_97B415CEA13F8C0BDF1B</styleUrl>
				<Polygon>
					<outerBoundaryIs>
						<LinearRing>
							<coordinates>
								-50.87442,-0.613946,0 -50.86082900000001,-0.5656060000000001,0 -50.95641,-0.60711,0 -51.03893,-0.681573,0 -51.066274,-0.6760389999999999,0 -51.108022,-0.755955,0 -51.100413,-0.826267,0 -50.97618600000001,-0.7697889999999998,0 -50.934316,-0.731703,0 -50.843129,-0.7159970000000001,0 -50.813059,-0.669122,0 -50.840932,-0.558689,0 -50.87442,-0.613946,0 
							</coordinates>
						</LinearRing>
					</outerBoundaryIs>
				</Polygon>
			</Placemark>
			<Placemark id="1930290FF753F8C0BDEF6">
				<name>Brazil</name>
				<snippet></snippet>
				<description>See: 2050-snapshot/domains/borders-geopolitics.md#brazil</description>
				<styleUrl>#__managed_style_97B415CEA13F8C0BDF1B</styleUrl>
				<Polygon>
					<outerBoundaryIs>
						<LinearRing>
							<coordinates>
								-47.703752,-0.5777139999999999,0 -47.715479,-0.547333,0 -47.734682,-0.54173,0 -47.761379,-0.575771,0 -47.751536,-0.62225,0 -47.71562,-0.636555,0 -47.701527,-0.709568,0 -47.658315,-0.707696,0 -47.643422,-0.692966,0 -47.640777,-0.608494,0 -47.660512,-0.579197,0 -47.703752,-0.5777139999999999,0 
							</coordinates>
						</LinearRing>
					</outerBoundaryIs>
				</Polygon>
			</Placemark>
			<Placemark id="1A933CEE98B3F8C0BDEF6">
				<name>Brazil</name>
				<snippet></snippet>
				<description>See: 2050-snapshot/domains/borders-geopolitics.md#brazil</description>
				<styleUrl>#__managed_style_97B415CEA13F8C0BDF1B</styleUrl>
				<Polygon>
					<outerBoundaryIs>
						<LinearRing>
							<coordinates>
								-51.237538,-0.538263,0 -51.308339,-0.5187310000000001,0 -51.329213,-0.53867,0 -51.299631,-0.592869,0 -51.333119,-0.572931,0 -51.333119,-0.592869,0 -51.340647,-0.572931,0 -51.353668,-0.580173,0 -51.347401,-0.613946,0 -51.381581,-0.65488,0 -51.347401,-0.531996,0 -51.424794,-0.553806,0 -51.534047,-0.634698,0 -51.623606,-0.790216,0 -51.675771,-0.8467750000000002,0 -51.690053,-1.01865,0 -51.668365,-1.05755,0 -51.683949,-1.096938,0 -51.717885,-1.129653,0 -51.781606,-1.153904,0 -51.79649799999999,-1.189386,0 -51.884267,-1.25628,0 -51.902943,-1.340102,0 -51.954091,-1.422459,0 -51.930287,-1.470798,0 -51.892486,-1.483657,0 -51.785634,-1.449965,0 -51.740834,-1.420017,0 -51.434804,-1.1867,0 -51.331451,-1.009942,0 -51.310292,-1.00213,0 -51.285959,-1.031671,0 -51.275624,-1.02516,0 -51.23070199999999,-0.839288,0 -51.149973,-0.658949,0 -51.162913,-0.620538,0 -51.203277,-0.604669,0 -51.237538,-0.538263,0 
							</coordinates>
						</LinearRing>
					</outerBoundaryIs>
				</Polygon>
			</Placemark>
			<Placemark id="1B5E7CAFE633F8C0BDEF6">
				<name>Brazil</name>
				<snippet></snippet>
				<description>See: 2050-snapshot/domains/borders-geopolitics.md#brazil</description>
				<styleUrl>#__managed_style_97B415CEA13F8C0BDF1B</styleUrl>
				<Polygon>
					<outerBoundaryIs>
						<LinearRing>
							<coordinates>
								-51.189768,-0.168227,0 -51.232655,-0.179457,0 -51.26427200000001,-0.219496,0 -51.330434,-0.366143,0 -51.40200800000001,-0.435724,0 -51.4051,-0.459649,0 -51.3756,-0.460545,0 -51.278554,-0.4010560000000001,0 -51.166737,-0.305597,0 -51.120269,-0.14544,0 -51.165273,-0.140313,0 -51.189768,-0.168227,0 
							</coordinates>
						</LinearRing>
					</outerBoundaryIs>
				</Polygon>
			</Placemark>
			<Placemark id="1CE766D8F093F8C0BDEF6">
				<name>Brazil</name>
				<snippet></snippet>
				<description>See: 2050-snapshot/domains/borders-geopolitics.md#brazil</description>
				<styleUrl>#__managed_style_97B415CEA13F8C0BDF1B</styleUrl>
				<Polygon>
					<outerBoundaryIs>
						<LinearRing>
							<coordinates>
								-48.454701,-0.48561,0 -48.420644,-0.414972,0 -48.388417,-0.395603,0 -48.369781,-0.36061,0 -48.368886,-0.297947,0 -48.427235,-0.259942,0 -48.623525,-0.223403,0 -48.702016,-0.237237,0 -48.816518,-0.207615,0 -48.891957,-0.215916,0 -48.880489,-0.163647,0 -48.893612,-0.152886,0 -48.979605,-0.186191,0 -49.01060700000001,-0.159889,0 -49.120351,-0.162042,0 -49.206044,-0.140313,0 -49.326487,-0.154555,0 -49.38683,-0.184747,0 -49.408437,-0.217462,0 -49.38731799999999,-0.257582,0 -49.45958400000001,-0.223403,0 -49.653472,-0.241143,0 -50.095774,-0.132257,0 -50.36815300000001,-0.105645,0 -50.411488,-0.164483,0 -50.466664,-0.154555,0 -50.539296,-0.188735,0 -50.58336300000001,-0.192153,0 -50.654693,-0.263849,0 -50.69636,-0.36004,0 -50.723622,-0.479913,0 -50.68268799999999,-0.623793,0 -50.560374,-0.6592750000000001,0 -50.548451,-0.67783,0 -50.607533,-0.6760389999999999,0 -50.684071,-0.639825,0 -50.737294,-0.551853,0 -50.779897,-0.660577,0 -50.785715,-0.702732,0 -50.772043,-0.7164039999999999,0 -50.78734300000001,-0.7632789999999999,0 -50.74059,-0.8020159999999998,0 -50.737294,-0.826267,0 -50.757639,-0.8068169999999999,0 -50.77822800000001,-0.819431,0 -50.798166,-0.91131,0 -50.792551,-1.01865,0 -50.75576699999999,-1.082208,0 -50.66380800000001,-1.094903,0 -50.576772,-1.063165,0 -50.528472,-1.025323,0 -50.476633,-1.039158,0 -50.530019,-1.038751,0 -50.545522,-1.05283,0 -50.552358,-1.073337,0 -50.52220599999999,-1.086602,0 -50.539296,-1.107354,0 -50.569692,-1.100518,0 -50.61668900000001,-1.119887,0 -50.559722,-1.183201,0 -50.792551,-1.086196,0 -50.805816,-1.102309,0 -50.77822800000001,-1.17254,0 -50.813059,-1.336358,0 -50.785715,-1.394708,0 -50.803212,-1.434991,0 -50.74234,-1.531183,0 -50.58788,-1.684503,0 -50.566558,-1.730564,0 -50.600087,-1.749282,0 -50.603871,-1.772149,0 -50.559722,-1.799493,0 -50.405181,-1.830987,0 -50.348744,-1.828709,0 -50.296986,-1.803481,0 -50.36668900000001,-1.772149,0 -50.316558,-1.778497,0 -50.284779,-1.75506,0 -50.306508,-1.65545,0 -50.26496300000001,-1.744806,0 -50.242584,-1.641534,0 -50.292226,-1.597426,0 -50.258168,-1.559828,0 -50.276845,-1.514581,0 -50.258168,-1.484145,0 -50.26496300000001,-1.518243,0 -50.249623,-1.563084,0 -50.278554,-1.597426,0 -50.23766,-1.62127,0 -50.224517,-1.739028,0 -50.155019,-1.778985,0 -50.059885,-1.717869,0 -50.054799,-1.664727,0 -50.028188,-1.65545,0 -50.032338,-1.71559,0 -50.00230899999999,-1.745538,0 -49.92540400000001,-1.761651,0 -49.82355700000001,-1.816583,0 -49.77643800000001,-1.807224,0 -49.729644,-1.752618,0 -49.764027,-1.645196,0 -49.74421099999999,-1.580336,0 -49.751047,-1.641778,0 -49.688344,-1.769301,0 -49.669057,-1.772149,0 -49.603261,-1.717462,0 -49.558705,-1.724216,0 -49.54426,-1.698337,0 -49.559193,-1.682794,0 -49.544911,-1.675958,0 -49.55654899999999,-1.64544,0 -49.51406800000001,-1.608087,0 -49.524403,-1.580336,0 -49.503977,-1.586602,0 -49.507558,-1.522638,0 -49.531321,-1.497735,0 -49.496571,-1.497735,0 -49.483332,-1.602074,0 -49.443025,-1.635422,0 -49.358306,-1.637587,0 -49.354233,-1.614408,0 -49.40962200000001,-1.563897,0 -49.414631,-1.541702,0 -49.38731799999999,-1.484145,0 -49.394114,-1.528904,0 -49.35317899999999,-1.5735,0 -49.29372900000001,-1.617531,0 -49.22276800000001,-1.621189,0 -49.168202,-1.586602,0 -49.195465,-1.600844,0 -49.229604,-1.5735,0 -49.18187400000001,-1.566095,0 -49.20152700000001,-1.553155,0 -49.204091,-1.529067,0 -49.184397,-1.453383,0 -49.19164000000001,-1.408624,0 -49.209096,-1.394708,0 -49.197743,-1.38836,0 -49.15143799999999,-1.401625,0 -49.10676,-1.504571,0 -49.073476,-1.51393,0 -49.065785,-1.531915,0 -48.956166,-1.508722,0 -48.944447,-1.490981,0 -48.91808,-1.504571,0 -48.88756300000001,-1.466729,0 -48.839223,-1.449965,0 -48.921132,-1.387872,0 -48.94505800000001,-1.346368,0 -48.990061,-1.374282,0 -48.97663299999999,-1.356134,0 -48.983266,-1.332696,0 -48.946034,-1.309015,0 -48.990061,-1.292413,0 -48.963775,-1.282973,0 -48.94220900000001,-1.295831,0 -48.83299700000001,-1.415785,0 -48.80235800000001,-1.339776,0 -48.796254,-1.268487,0 -48.867177,-1.251397,0 -48.844553,-1.249282,0 -48.84203,-1.213311,0 -48.89484600000001,-1.181248,0 -48.921132,-1.141534,0 -48.849599,-1.198012,0 -48.818715,-1.202895,0 -48.642812,-1.083591,0 -48.628285,-1.047784,0 -48.654286,-1.045343,0 -48.626943,-1.024835,0 -48.628774,-1.009698,0 -48.66478399999999,-1.001235,0 -48.630727,-0.968927,0 -48.633168,-0.949151,0 -48.560129,-0.9143210000000001,0 -48.52765900000001,-0.872654,0 -48.537506,-0.798923,0 -48.523549,-0.77337,0 -48.572336,-0.681573,0 -48.496571,-0.743748,0 -48.485829,-0.684747,0 -48.496571,-0.6760389999999999,0 -48.462514,-0.5761039999999999,0 -48.454701,-0.48561,0 
							</coordinates>
						</LinearRing>
					</outerBoundaryIs>
				</Polygon>
			</Placemark>
			<Placemark id="1D278EBF8363F8C0BDEF6">
				<name>Brazil</name>
				<snippet></snippet>
				<description>See: 2050-snapshot/domains/borders-geopolitics.md#brazil</description>
				<styleUrl>#__managed_style_97B415CEA13F8C0BDF1B</styleUrl>
				<Polygon>
					<outerBoundaryIs>
						<LinearRing>
							<coordinates>
								-50.964955,-0.314223,0 -50.92341099999999,-0.330499,0 -50.78123900000001,-0.210056,0 -50.675852,-0.154555,0 -50.628896,-0.104099,0 -50.655263,-0.023777,0 -50.724906,0.008007,0 -50.766004,0.046367,0 -50.947266,-0.011974,0 -51.032786,-0.168227,0 -51.00475,-0.188735,0 -51.03868600000001,-0.200291,0 -51.03795300000001,-0.235935,0 -51.012807,-0.273614,0 -50.973744,-0.291192,0 -50.964955,-0.314223,0 
							</coordinates>
						</LinearRing>
					</outerBoundaryIs>
				</Polygon>
			</Placemark>
			<Placemark id="1E7C22B96863F8C0BDEF6">
				<name>Brazil</name>
				<snippet></snippet>
				<description>See: 2050-snapshot/domains/borders-geopolitics.md#brazil</description>
				<styleUrl>#__managed_style_97B415CEA13F8C0BDF1B</styleUrl>
				<Polygon>
					<outerBoundaryIs>
						<LinearRing>
							<coordinates>
								-49.716217,-0.147719,0 -49.463368,-0.128025,0 -49.43871,-0.120538,0 -49.38109300000001,-0.05217900000000001,0 -49.359975,-0.05844499999999999,0 -49.347524,-0.009698,0 -49.370513,-0.000339,0 -49.369862,0.028225,0 -49.39126499999999,0.051093,0 -49.442047,0.07567,0 -49.4829,0.063788,0 -49.496571,0.08559799999999999,0 -49.62808200000001,0.05760299999999999,0 -49.740468,-0.000339,0 -49.823476,-0.070367,0 -49.832346,-0.103123,0 -49.716217,-0.147719,0 
							</coordinates>
						</LinearRing>
					</outerBoundaryIs>
				</Polygon>
			</Placemark>
			<Placemark id="1F87644E9193F8C0BDEF6">
				<name>Brazil</name>
				<snippet></snippet>
				<description>See: 2050-snapshot/domains/borders-geopolitics.md#brazil</description>
				<styleUrl>#__managed_style_97B415CEA13F8C0BDF1B</styleUrl>
				<Polygon>
					<outerBoundaryIs>
						<LinearRing>
							<coordinates>
								-50.609731,0.053412,0 -50.601715,0.023993,0 -50.559722,-0.003839,0 -50.487457,-0.017429,0 -50.447499,-0.015151,0 -50.43772899999999,-3.3e-05,0 -50.446497,0.125851,0 -50.49022399999999,0.159362,0 -50.610585,0.183417,0 -50.648549,0.150458,0 -50.634267,0.07127500000000001,0 -50.609731,0.053412,0 
							</coordinates>
						</LinearRing>
					</outerBoundaryIs>
				</Polygon>
			</Placemark>
			<Placemark id="2086FCBB31D3F8C0BDEF6">
				<name>Brazil</name>
				<snippet></snippet>
				<description>See: 2050-snapshot/domains/borders-geopolitics.md#brazil</description>
				<styleUrl>#__managed_style_97B415CEA13F8C0BDF1B</styleUrl>
				<Polygon>
					<outerBoundaryIs>
						<LinearRing>
							<coordinates>
								-50.093321,0.339013,0 -50.11332400000001,0.338182,0 -50.199371,0.28852,0 -50.220461,0.246212,0 -50.16564799999999,0.261734,0 -50.090784,0.305945,0 -50.093321,0.339013,0 
							</coordinates>
						</LinearRing>
					</outerBoundaryIs>
				</Polygon>
			</Placemark>
			<Placemark id="21DD460C1843F8C0BDEF6">
				<name>Brazil</name>
				<snippet></snippet>
				<description>See: 2050-snapshot/domains/borders-geopolitics.md#brazil</description>
				<styleUrl>#__managed_style_97B415CEA13F8C0BDF1B</styleUrl>
				<Polygon>
					<outerBoundaryIs>
						<LinearRing>
							<coordinates>
								-50.107289,0.222154,0 -50.25441599999999,0.229771,0 -50.377797,0.208319,0 -50.383656,0.129869,0 -50.36668900000001,0.091783,0 -50.340077,0.133368,0 -50.345123,0.04743100000000001,0 -50.297597,0.01203,0 -50.190094,0.041327,0 -50.174672,0.029283,0 -50.097279,0.030911,0 -50.004506,-0.052789,0 -49.86705500000001,-0.010675,0 -49.829701,0.011298,0 -49.764027,0.133368,0 -49.692372,0.205024,0 -49.52895,0.300815,0 -49.530356,0.3537799999999999,0 -49.560157,0.385757,0 -49.650227,0.3863730000000001,0 -49.859554,0.301224,0 -49.921622,0.292786,0 -50.003812,0.310123,0 -50.036888,0.299741,0 -50.107289,0.222154,0 
							</coordinates>
						</LinearRing>
					</outerBoundaryIs>
				</Polygon>
			</Placemark>
			<Placemark id="226E3F06EF43F8C0BDEF6">
				<name>Brazil</name>
				<snippet></snippet>
				<description>See: 2050-snapshot/domains/borders-geopolitics.md#brazil</description>
				<styleUrl>#__managed_style_97B415CEA13F8C0BDF1B</styleUrl>
				<Polygon>
					<outerBoundaryIs>
						<LinearRing>
							<coordinates>
								-50.31697,0.308751,0 -50.353098,0.400214,0 -50.34732,0.571275,0 -50.36668900000001,0.61994,0 -50.430776,0.548,0 -50.42809,0.4654809999999999,0 -50.408315,0.420722,0 -50.432525,0.413967,0 -50.470367,0.269924,0 -50.505971,0.266181,0 -50.516754,0.208645,0 -50.49315300000001,0.185492,0 -50.41902,0.167944,0 -50.41397499999999,0.226343,0 -50.349919,0.252736,0 -50.31697,0.308751,0 
							</coordinates>
						</LinearRing>
					</outerBoundaryIs>
				</Polygon>
			</Placemark>
			<Placemark id="23273AF3ABE3F8C0BDEF6">
				<name>Brazil</name>
				<snippet></snippet>
				<description>See: 2050-snapshot/domains/borders-geopolitics.md#brazil</description>
				<styleUrl>#__managed_style_97B415CEA13F8C0BDF1B</styleUrl>
				<Polygon>
					<outerBoundaryIs>
						<LinearRing>
							<coordinates>
								-50.28144600000001,0.356552,0 -50.24959499999999,0.361016,0 -50.042714,0.510321,0 -50.02477,0.541164,0 -50.031361,0.584866,0 -50.065663,0.647284,0 -50.10289499999999,0.639838,0 -50.13402299999999,0.612494,0 -50.12035100000001,0.571601,0 -50.167592,0.605414,0 -50.258168,0.585191,0 -50.25157600000001,0.575832,0 -50.302887,0.530992,0 -50.315053,0.49726,0 -50.312123,0.413967,0 -50.28144600000001,0.356552,0 
							</coordinates>
						</LinearRing>
					</outerBoundaryIs>
				</Polygon>
			</Placemark>
			<Placemark id="2494BE3465F3F8C0BDEF6">
				<name>Brazil</name>
				<snippet></snippet>
				<description>See: 2050-snapshot/domains/borders-geopolitics.md#brazil</description>
				<styleUrl>#__managed_style_97B415CEA13F8C0BDF1B</styleUrl>
				<Polygon>
					<outerBoundaryIs>
						<LinearRing>
							<coordinates>
								-50.04967300000001,0.821063,0 -50.015723,0.892493,0 -50.026916,0.903756,0 -50.132123,0.9142139999999999,0 -50.158806,0.8866899999999999,0 -50.225476,0.8592,0 -50.274952,0.809114,0 -50.283364,0.769186,0 -50.275274,0.7456220000000001,0 -50.103383,0.755683,0 -50.04967300000001,0.821063,0 
							</coordinates>
						</LinearRing>
					</outerBoundaryIs>
				</Polygon>
			</Placemark>
			<Placemark id="25CE8B436BF3F8C0BDEF6">
				<name>Brazil</name>
				<snippet></snippet>
				<description>See: 2050-snapshot/domains/borders-geopolitics.md#brazil</description>
				<styleUrl>#__managed_style_97B415CEA13F8C0BDF1B</styleUrl>
				<Polygon>
					<outerBoundaryIs>
						<LinearRing>
							<coordinates>
								-49.964019,0.973822,0 -49.916208,1.056563,0 -49.92638,1.069857,0 -50.016672,1.025214,0 -50.049184,0.985582,0 -50.100317,0.9590630000000001,0 -50.09934700000001,0.938643,0 -50.062585,0.923252,0 -49.964019,0.973822,0 
							</coordinates>
						</LinearRing>
					</outerBoundaryIs>
				</Polygon>
			</Placemark>
			<Placemark id="2678D6B45503F8C0BDEF6">
				<name>Brazil</name>
				<snippet></snippet>
				<description>See: 2050-snapshot/domains/borders-geopolitics.md#brazil</description>
				<styleUrl>#__managed_style_97B415CEA13F8C0BDF1B</styleUrl>
				<Polygon>
					<outerBoundaryIs>
						<LinearRing>
							<coordinates>
								-50.52381299999999,2.001482,0 -50.497632,1.98456,0 -50.458608,1.881008,0 -50.419119,1.862978,0 -50.33895099999999,1.912668,0 -50.312496,1.947065,0 -50.31402700000001,1.968266,0 -50.399578,2.115108,0 -50.50423,2.095692,0 -50.52381299999999,2.001482,0 
							</coordinates>
						</LinearRing>
					</outerBoundaryIs>
				</Polygon>
			</Placemark>
			<Placemark id="27FB123A2953F8C0BDEF6">
				<name>Brazil</name>
				<snippet></snippet>
				<description>See: 2050-snapshot/domains/borders-geopolitics.md#brazil</description>
				<styleUrl>#__managed_style_97B415CEA13F8C0BDF1B</styleUrl>
				<Polygon>
					<outerBoundaryIs>
						<LinearRing>
							<coordinates>
								-50.497932,2.107398,0 -50.415158,2.126931,0 -50.43053999999999,2.164958,0 -50.463348,2.186938,0 -50.513631,2.187286,0 -50.553523,2.156309,0 -50.52023699999999,2.115353,0 -50.497932,2.107398,0 
							</coordinates>
						</LinearRing>
					</outerBoundaryIs>
				</Polygon>
			</Placemark>
			<Placemark id="28F5FC6EBAC3F8C0BDEF6">
				<name>Brazil</name>
				<snippet></snippet>
				<description>See: 2050-snapshot/domains/borders-geopolitics.md#brazil</description>
				<styleUrl>#__managed_style_97B415CEA13F8C0BDF1B</styleUrl>
				<Polygon>
					<outerBoundaryIs>
						<LinearRing>
							<coordinates>
								-29.316884,-20.56878,0 -29.344309,-20.550958,0 -29.348256,-20.561293,0 -29.33824600000001,-20.584161,0 -29.316884,-20.56878,0 
							</coordinates>
						</LinearRing>
					</outerBoundaryIs>
				</Polygon>
			</Placemark>
			<Placemark id="293D288B7653F8C0BDEF6">
				<name>Brazil</name>
				<snippet></snippet>
				<description>See: 2050-snapshot/domains/borders-geopolitics.md#brazil</description>
				<styleUrl>#__managed_style_97B415CEA13F8C0BDF1B</styleUrl>
				<Polygon>
					<outerBoundaryIs>
						<LinearRing>
							<coordinates>
								-28.877065,-20.511651,0 -28.880483,-20.510837,0 -28.877838,-20.514255,0 -28.877065,-20.511651,0 
							</coordinates>
						</LinearRing>
					</outerBoundaryIs>
				</Polygon>
			</Placemark>
			<Placemark id="2A6DAE119F13F8C0BDEF6">
				<name>Brazil</name>
				<snippet></snippet>
				<description>See: 2050-snapshot/domains/borders-geopolitics.md#brazil</description>
				<styleUrl>#__managed_style_97B415CEA13F8C0BDF1B</styleUrl>
				<Polygon>
					<outerBoundaryIs>
						<LinearRing>
							<coordinates>
								-48.517079,-27.428318,0 -48.51207399999999,-27.444757,0 -48.537506,-27.47617,0 -48.504262,-27.55641,0 -48.547109,-27.577244,0 -48.52391500000001,-27.633722,0 -48.559071,-27.674493,0 -48.544423,-27.681573,0 -48.56354699999999,-27.739841,0 -48.563791,-27.817315,0 -48.486073,-27.774347,0 -48.496571,-27.702732,0 -48.40721599999999,-27.579197,0 -48.414052,-27.534112,0 -48.379872,-27.435724,0 -48.426584,-27.38893,0 -48.43456,-27.404718,0 -48.517079,-27.428318,0 
							</coordinates>
						</LinearRing>
					</outerBoundaryIs>
				</Polygon>
			</Placemark>
			<Placemark id="2BD3D3DEA8A3F8C0BDEF6">
				<name>Brazil</name>
				<snippet></snippet>
				<description>See: 2050-snapshot/domains/borders-geopolitics.md#brazil</description>
				<styleUrl>#__managed_style_97B415CEA13F8C0BDF1B</styleUrl>
				<Polygon>
					<outerBoundaryIs>
						<LinearRing>
							<coordinates>
								-48.516347,-26.184015,0 -48.547597,-26.16725,0 -48.565541,-26.181329,0 -48.558095,-26.205499,0 -48.630035,-26.239679,0 -48.70327699999999,-26.311944,0 -48.643137,-26.359063,0 -48.611318,-26.412774,0 -48.583241,-26.421075,0 -48.575429,-26.376235,0 -48.48912500000001,-26.236017,0 -48.516347,-26.184015,0 
							</coordinates>
						</LinearRing>
					</outerBoundaryIs>
				</Polygon>
			</Placemark>
			<Placemark id="2C8EE426FBE3F8C0BDEF6">
				<name>Brazil</name>
				<snippet></snippet>
				<description>See: 2050-snapshot/domains/borders-geopolitics.md#brazil</description>
				<styleUrl>#__managed_style_97B415CEA13F8C0BDF1B</styleUrl>
				<Polygon>
					<outerBoundaryIs>
						<LinearRing>
							<coordinates>
								-47.831858,-24.913263,0 -47.879628,-24.964776,0 -47.900136,-25.036798,0 -47.888295,-25.041192,0 -47.82274300000001,-24.941664,0 -47.55003800000001,-24.74236399999999,0 -47.495188,-24.723891,0 -47.448313,-24.6867,0 -47.517161,-24.700942,0 -47.831858,-24.913263,0 
							</coordinates>
						</LinearRing>
					</outerBoundaryIs>
				</Polygon>
			</Placemark>
			<Placemark id="2D7D64DC1643F8C0BDEF6">
				<name>Brazil</name>
				<snippet></snippet>
				<description>See: 2050-snapshot/domains/borders-geopolitics.md#brazil</description>
				<styleUrl>#__managed_style_97B415CEA13F8C0BDF1B</styleUrl>
				<Polygon>
					<outerBoundaryIs>
						<LinearRing>
							<coordinates>
								-46.393666,-23.947442,0 -46.4204,-23.947442,0 -46.39989200000001,-23.974786,0 -46.341379,-23.969903,0 -46.29186,-23.990899,0 -46.319488,-23.927667,0 -46.393666,-23.92018,0 -46.393666,-23.947442,0 
							</coordinates>
						</LinearRing>
					</outerBoundaryIs>
				</Polygon>
			</Placemark>
			<Placemark id="2EE6D7528A83F8C0BDEF6">
				<name>Brazil</name>
				<snippet></snippet>
				<description>See: 2050-snapshot/domains/borders-geopolitics.md#brazil</description>
				<styleUrl>#__managed_style_97B415CEA13F8C0BDF1B</styleUrl>
				<Polygon>
					<outerBoundaryIs>
						<LinearRing>
							<coordinates>
								-45.221262,-23.892267,0 -45.254994,-23.898207,0 -45.271108,-23.86891,0 -45.26573599999999,-23.839288,0 -45.234853,-23.844415,0 -45.228098,-23.772393,0 -45.308461,-23.721368,0 -45.32469600000001,-23.725274,0 -45.355377,-23.800063,0 -45.452952,-23.891371,0 -45.42186399999999,-23.935235,0 -45.290435,-23.911879,0 -45.26219600000001,-23.961114,0 -45.241689,-23.96795,0 -45.218251,-23.94947700000001,0 -45.226471,-23.909275,0 -45.213735,-23.906508,0 -45.221262,-23.892267,0 
							</coordinates>
						</LinearRing>
					</outerBoundaryIs>
				</Polygon>
			</Placemark>
			<Placemark id="2F8A816EB633F8C0BDEF6">
				<name>Brazil</name>
				<snippet></snippet>
				<description>See: 2050-snapshot/domains/borders-geopolitics.md#brazil</description>
				<styleUrl>#__managed_style_97B415CEA13F8C0BDF1B</styleUrl>
				<Polygon>
					<outerBoundaryIs>
						<LinearRing>
							<coordinates>
								-44.141835,-23.13128,0 -44.170766,-23.110121,0 -44.186513,-23.117608,0 -44.207021,-23.104587,0 -44.186513,-23.090997,0 -44.235097,-23.06878,0 -44.270863,-23.115167,0 -44.367096,-23.165216,0 -44.337392,-23.17962,0 -44.327707,-23.221287,0 -44.292633,-23.172784,0 -44.2412,-23.193455,0 -44.189687,-23.186619,0 -44.15925,-23.165785,0 -44.118276,-23.16546,0 -44.107737,-23.17962,0 -44.082265,-23.169529,0 -44.12442,-23.110772,0 -44.141835,-23.13128,0 
							</coordinates>
						</LinearRing>
					</outerBoundaryIs>
				</Polygon>
			</Placemark>
			<Placemark id="30F3316BA503F8C0BDEF6">
				<name>Brazil</name>
				<snippet></snippet>
				<description>See: 2050-snapshot/domains/borders-geopolitics.md#brazil</description>
				<styleUrl>#__managed_style_97B415CEA13F8C0BDF1B</styleUrl>
				<Polygon>
					<outerBoundaryIs>
						<LinearRing>
							<coordinates>
								-32.462799,-3.878351,0 -32.399729,-3.861993,0 -32.386586,-3.841241,0 -32.392161,-3.834161,0 -32.43692,-3.849867,0 -32.462799,-3.878351,0 
							</coordinates>
						</LinearRing>
					</outerBoundaryIs>
				</Polygon>
			</Placemark>
			<Placemark id="312C0C7972E3F8C0BDEF6">
				<name>Brazil</name>
				<snippet></snippet>
				<description>See: 2050-snapshot/domains/borders-geopolitics.md#brazil</description>
				<styleUrl>#__managed_style_97B415CEA13F8C0BDF1B</styleUrl>
				<Polygon>
					<outerBoundaryIs>
						<LinearRing>
							<coordinates>
								-29.426381,0.8585469999999999,0 -29.410268,0.834866,0 -29.369374,0.8335640000000001,0 -29.349029,0.852607,0 -29.356191,0.882758,0 -29.40803,0.884833,0 -29.426381,0.8585469999999999,0 
							</coordinates>
						</LinearRing>
					</outerBoundaryIs>
				</Polygon>
			</Placemark>
			<Placemark id="32ADA8B62443F8C0BDEF6">
				<name>Brazil</name>
				<snippet></snippet>
				<description>See: 2050-snapshot/domains/borders-geopolitics.md#brazil</description>
				<styleUrl>#__managed_style_97B415CEA13F8C0BDF1B</styleUrl>
				<Polygon>
					<outerBoundaryIs>
						<LinearRing>
							<coordinates>
								-48.33952500000001,-25.425535,0 -48.321475,-25.441978,0 -48.323867,-25.467522,0 -48.291107,-25.489117,0 -48.255883,-25.465745,0 -48.268162,-25.426864,0 -48.255379,-25.348212,0 -48.322324,-25.383708,0 -48.33952500000001,-25.425535,0 
							</coordinates>
						</LinearRing>
					</outerBoundaryIs>
				</Polygon>
			</Placemark>
			<Placemark id="336656EA4DA3F8C0BDEF6">
				<name>Brazil</name>
				<snippet></snippet>
				<description>See: 2050-snapshot/domains/borders-geopolitics.md#brazil</description>
				<styleUrl>#__managed_style_97B415CEA13F8C0BDF1B</styleUrl>
				<Polygon>
					<outerBoundaryIs>
						<LinearRing>
							<coordinates>
								-34.880504,-7.75362,0 -34.884229,-7.804026,0 -34.845373,-7.813504,0 -34.822331,-7.738796999999999,0 -34.830196,-7.703828,0 -34.85275,-7.697379,0 -34.880504,-7.75362,0 
							</coordinates>
						</LinearRing>
					</outerBoundaryIs>
				</Polygon>
			</Placemark>
			<Placemark id="34A84E0B7C83F8C0BDEF6">
				<name>Brazil</name>
				<snippet></snippet>
				<description>See: 2050-snapshot/domains/borders-geopolitics.md#brazil</description>
				<styleUrl>#__managed_style_97B415CEA13F8C0BDF1B</styleUrl>
				<Polygon>
					<outerBoundaryIs>
						<LinearRing>
							<coordinates>
								-42.258436,-2.69621,0 -42.249767,-2.736441,0 -42.170099,-2.768002,0 -42.105776,-2.772749,0 -42.149024,-2.735403,0 -42.198939,-2.720112,0 -42.239265,-2.680865,0 -42.258436,-2.69621,0 
							</coordinates>
						</LinearRing>
					</outerBoundaryIs>
				</Polygon>
			</Placemark>
			<Placemark id="354621EE20D3F8C0BDEF6">
				<name>Brazil</name>
				<snippet></snippet>
				<description>See: 2050-snapshot/domains/borders-geopolitics.md#brazil</description>
				<styleUrl>#__managed_style_97B415CEA13F8C0BDF1B</styleUrl>
				<Polygon>
					<outerBoundaryIs>
						<LinearRing>
							<coordinates>
								-43.838326,-2.507358,0 -43.809175,-2.512778,0 -43.770658,-2.496004,0 -43.756834,-2.447669,0 -43.775106,-2.428925,0 -43.813622,-2.454573,0 -43.808182,-2.421034,0 -43.823499,-2.40771,0 -43.848708,-2.42398,0 -43.832879,-2.454079,0 -43.838326,-2.507358,0 
							</coordinates>
						</LinearRing>
					</outerBoundaryIs>
				</Polygon>
			</Placemark>
			<Placemark id="363BA6FCC243F8C0BDEF6">
				<name>Brazil</name>
				<snippet></snippet>
				<description>See: 2050-snapshot/domains/borders-geopolitics.md#brazil</description>
				<styleUrl>#__managed_style_97B415CEA13F8C0BDF1B</styleUrl>
				<Polygon>
					<outerBoundaryIs>
						<LinearRing>
							<coordinates>
								-43.601815,-2.411639,0 -43.573656,-2.423468,0 -43.542039,-2.371153,0 -43.545983,-2.360292,0 -43.607746,-2.373163,0 -43.601815,-2.411639,0 
							</coordinates>
						</LinearRing>
					</outerBoundaryIs>
				</Polygon>
			</Placemark>
			<Placemark id="378EBB76C413F8C0BDEF6">
				<name>Brazil</name>
				<snippet></snippet>
				<description>See: 2050-snapshot/domains/borders-geopolitics.md#brazil</description>
				<styleUrl>#__managed_style_97B415CEA13F8C0BDF1B</styleUrl>
				<Polygon>
					<outerBoundaryIs>
						<LinearRing>
							<coordinates>
								-49.52954500000001,-1.717057,0 -49.50860899999999,-1.744872,0 -49.424018,-1.696843,0 -49.422844,-1.674181,0 -49.464769,-1.654266,0 -49.525482,-1.672855,0 -49.52954500000001,-1.717057,0 
							</coordinates>
						</LinearRing>
					</outerBoundaryIs>
				</Polygon>
			</Placemark>
		</Folder>
		<Folder id="38884FE1F423F8C0BDEF6">
			<name>Chile</name>
			<snippet></snippet>
			<styleUrl>#__managed_style_08FA8503193F8C0BDF1B</styleUrl>
			<Placemark id="39FCC6BBD883F8C0BDEF6">
				<name>Chile</name>
				<snippet></snippet>
				<description>See: 2050-snapshot/domains/borders-geopolitics.md#lithium-triangle</description>
				<styleUrl>#__managed_style_CF3881D7E73F8C0BDF1B</styleUrl>
				<Polygon>
					<outerBoundaryIs>
						<LinearRing>
							<coordinates>
								-69.683902,-17.656036,0 -69.818054,-17.659137,0 -69.849835,-17.69159,0 -69.857561,-17.734171,0 -69.782372,-17.943874,0 -69.783095,-17.981598,0 -69.86533799999999,-18.144585,0 -69.97034499999999,-18.250625,0 -70.15906699999999,-18.32597,0 -70.31789499999999,-18.321215,0 -70.39470300000001,-18.337746,0 -70.303561,-18.445439,0 -70.329335,-18.471856,0 -70.335247,-18.617575,0 -70.350453,-18.636326,0 -70.33617099999999,-18.675714,0 -70.35659699999999,-18.77337,0 -70.308964,-18.971466,0 -70.31273400000001,-19.021905,0 -70.26622500000001,-19.178399,0 -70.28775,-19.300958,0 -70.260813,-19.3235,0 -70.226308,-19.410821,0 -70.199574,-19.534356,0 -70.21442,-19.596359,0 -70.242544,-19.598203,0 -70.177887,-19.640232,0 -70.151194,-19.719415,0 -70.158599,-19.818455,0 -70.136871,-19.849054,0 -70.144358,-19.890069,0 -70.12327999999999,-19.999933,0 -70.136871,-20.041599,0 -70.12327999999999,-20.072198,0 -70.151194,-20.137628,0 -70.144358,-20.178643,0 -70.164866,-20.208754,0 -70.13072699999999,-20.266778,0 -70.145742,-20.330415,0 -70.192128,-20.366795,0 -70.166686,-20.448069,0 -70.176503,-20.491795,0 -70.2058,-20.52809,0 -70.194203,-20.644627,0 -70.2058,-20.706231,0 -70.192128,-20.713067,0 -70.205637,-20.739353,0 -70.19041799999999,-20.791783,0 -70.21384399999999,-20.811577,0 -70.15400699999999,-20.856211,0 -70.12746199999999,-20.935275,0 -70.171295,-21.014581,0 -70.127302,-21.089203,0 -70.13072699999999,-21.123956,0 -70.080094,-21.233325,0 -70.086832,-21.255054,0 -70.068674,-21.305841,0 -70.092698,-21.36534,0 -70.058695,-21.433377,0 -70.082916,-21.483331,0 -70.071415,-21.522556,0 -70.09614500000001,-21.591222,0 -70.150217,-21.653497,0 -70.150054,-21.861993,0 -70.192128,-21.884373,0 -70.17162,-21.932061,0 -70.200103,-22.005548,0 -70.18614700000001,-22.041436,0 -70.213246,-22.08294,0 -70.248199,-22.327569,0 -70.254221,-22.456638,0 -70.24059,-22.487563,0 -70.280873,-22.566176,0 -70.267242,-22.60711,0 -70.28775,-22.631606,0 -70.28111699999999,-22.695245,0 -70.31257100000001,-22.790623,0 -70.28775,-22.868097,0 -70.29157499999999,-22.901951,0 -70.356353,-23.02988,0 -70.42542299999999,-23.08853,0 -70.484386,-23.086034,0 -70.506174,-23.010024,0 -70.562245,-23.059828,0 -70.580685,-23.108321,0 -70.565169,-23.130995,0 -70.567795,-23.200222,0 -70.600123,-23.244225,0 -70.591542,-23.326267,0 -70.60463300000001,-23.357283,0 -70.585072,-23.423598,0 -70.61388100000001,-23.447198,0 -70.631612,-23.517039,0 -70.62133799999999,-23.53109,0 -70.60583,-23.510653,0 -70.539315,-23.532273,0 -70.496983,-23.469472,0 -70.413085,-23.511253,0 -70.390736,-23.576918,0 -70.421254,-23.684666,0 -70.498525,-23.784601,0 -70.494456,-23.837579,0 -70.513295,-23.859063,0 -70.50060000000001,-23.912693,0 -70.526357,-23.99627,0 -70.502309,-24.067641,0 -70.504018,-24.114841,0 -70.519552,-24.123822,0 -70.50609799999999,-24.167381,0 -70.547747,-24.327255,0 -70.54161499999999,-24.351495,0 -70.555898,-24.365167,0 -70.541917,-24.415229,0 -70.58283400000001,-24.524835,0 -70.554799,-24.60589,0 -70.57640499999999,-24.653253,0 -70.57640499999999,-24.731703,0 -70.520985,-24.919041,0 -70.47272700000001,-24.975274,0 -70.50060000000001,-25.09547299999999,0 -70.44908599999999,-25.152927,0 -70.437001,-25.193455,0 -70.44481399999999,-25.344903,0 -70.464915,-25.38242,0 -70.513661,-25.386326,0 -70.538482,-25.468194,0 -70.64688099999999,-25.521661,0 -70.634775,-25.625502,0 -70.68667600000001,-25.668064,0 -70.70031299999999,-25.773377,0 -70.72399900000001,-25.778713,0 -70.739985,-25.829323,0 -70.710357,-25.835382,0 -70.696685,-25.885186,0 -70.635976,-25.974705,0 -70.63072699999999,-26.009535,0 -70.65827400000001,-26.06463,0 -70.67194600000001,-26.160821,0 -70.648264,-26.235772,0 -70.681443,-26.304496,0 -70.642413,-26.315331,0 -70.629954,-26.340977,0 -70.656548,-26.355824,0 -70.666636,-26.385269,0 -70.69929,-26.392999,0 -70.68561800000001,-26.434503,0 -70.706654,-26.492852,0 -70.695302,-26.568536,0 -70.73033599999999,-26.681817,0 -70.756174,-26.713637,0 -70.732467,-26.749281,0 -70.786041,-26.788018,0 -70.822418,-26.865818,0 -70.788645,-26.99627,0 -70.822743,-27.023614,0 -70.81843000000001,-27.047947,0 -70.848744,-27.048028,0 -70.870839,-27.117852,0 -70.90046100000001,-27.132501,0 -70.92927,-27.106703,0 -70.95995000000001,-27.161391,0 -70.944936,-27.214939,0 -70.954905,-27.243585,0 -70.932688,-27.298028,0 -70.94579,-27.37184,0 -70.891672,-27.493097,0 -70.91856799999999,-27.543878,0 -70.912424,-27.62184,0 -70.952504,-27.661065,0 -71.013254,-27.671563,0 -71.02456599999999,-27.65544999999999,0 -71.038686,-27.666436,0 -71.084625,-27.822931,0 -71.104726,-27.838962,0 -71.097157,-27.873956,0 -71.132639,-27.923517,0 -71.147328,-28.048923,0 -71.173085,-28.09295,0 -71.157094,-28.142836,0 -71.160146,-28.21168400000001,0 -71.19359300000001,-28.294366,0 -71.172231,-28.32643,0 -71.188588,-28.40545,0 -71.233632,-28.470473,0 -71.26781200000001,-28.476658,0 -71.27009,-28.54046,0 -71.316233,-28.572931,0 -71.28892999999999,-28.607029,0 -71.301869,-28.6749,0 -71.35781799999999,-28.723728,0 -71.391347,-28.799493,0 -71.487782,-28.845147,0 -71.521962,-28.940118,0 -71.51480100000001,-28.977634,0 -71.49754799999999,-28.976821,0 -71.487538,-29.035577,0 -71.50112900000001,-29.069757,0 -71.482086,-29.093438,0 -71.496205,-29.134698,0 -71.48692800000001,-29.211847,0 -71.360911,-29.295587,0 -71.336049,-29.381036,0 -71.30882699999999,-29.408868,0 -71.336049,-29.524998,0 -71.32335399999999,-29.567804,0 -71.28807500000001,-29.603123,0 -71.323069,-29.655938,0 -71.335927,-29.728123,0 -71.319447,-29.799981,0 -71.285146,-29.836114,0 -71.282582,-29.880141,0 -71.29776,-29.933852,0 -71.31965099999999,-29.943292,0 -71.350697,-29.930841,0 -71.35855100000001,-29.961602,0 -71.412465,-29.991795,0 -71.376454,-30.078871,0 -71.398793,-30.17669,0 -71.41462199999999,-30.188084,0 -71.44591200000001,-30.162367,0 -71.504384,-30.239516,0 -71.50609300000001,-30.271905,0 -71.54214399999999,-30.285333,0 -71.608795,-30.27516,0 -71.637766,-30.241469,0 -71.676829,-30.342543,0 -71.71344999999999,-30.614923,0 -71.698964,-30.708917,0 -71.70726500000001,-30.779474,0 -71.654937,-30.976007,0 -71.666168,-31.169854,0 -71.647125,-31.202081,0 -71.608469,-31.42018,0 -71.569447,-31.51922,0 -71.57038300000001,-31.591567,0 -71.51496299999999,-31.775486,0 -71.53962199999999,-31.83766,0 -71.50112900000001,-31.889825,0 -71.52790299999999,-31.916599,0 -71.507721,-31.977472,0 -71.54214399999999,-32.205173,0 -71.481313,-32.266534,0 -71.467112,-32.33172,0 -71.407948,-32.386326,0 -71.431752,-32.42669,0 -71.43968700000001,-32.48504,0 -71.476715,-32.535252,0 -71.449127,-32.597101,0 -71.454172,-32.685642,0 -71.506744,-32.71087,0 -71.50112900000001,-32.766778,0 -71.548695,-32.784845,0 -71.5183,-32.873142,0 -71.521067,-32.89658,0 -71.55577599999999,-32.931899,0 -71.56822699999999,-33.001886,0 -71.593577,-33.019464,0 -71.645741,-33.018976,0 -71.690338,-33.085626,0 -71.74352,-33.086358,0 -71.761871,-33.101983,0 -71.72573800000001,-33.153985,0 -71.70726500000001,-33.246677,0 -71.671864,-33.325779,0 -71.67219,-33.358575,0 -71.70726500000001,-33.389907,0 -71.705922,-33.43434,0 -71.640777,-33.500584,0 -71.624664,-33.541436,0 -71.645172,-33.56878,0 -71.64777599999999,-33.633884,0 -71.671864,-33.6985,0 -71.744496,-33.756931,0 -71.816518,-33.787286,0 -71.86026,-33.911879,0 -71.90526300000001,-33.972833,0 -71.906606,-34.009454,0 -71.931386,-34.022068,0 -72.01854400000001,-34.140802,0 -72.02684499999999,-34.162693,0 -71.99522899999999,-34.212498,0 -71.989125,-34.254164,0 -71.98908400000001,-34.355239,0 -72.048085,-34.403904,0 -72.05723999999999,-34.658787,0 -72.10301699999999,-34.760919,0 -72.13182500000001,-34.784356,0 -72.187815,-34.885512,0 -72.20344,-35.040623,0 -72.23058,-35.116143,0 -72.398061,-35.233494,0 -72.43219999999999,-35.334568,0 -72.489369,-35.377048,0 -72.488026,-35.41839,0 -72.529652,-35.490411,0 -72.646596,-35.566583,0 -72.649159,-35.607354,0 -72.600657,-35.691013,0 -72.583567,-35.770603,0 -72.597971,-35.810154,0 -72.666168,-35.846775,0 -72.685699,-35.883396,0 -72.80016000000001,-35.978123,0 -72.789703,-36.028497,0 -72.823842,-36.100681,0 -72.80956,-36.141778,0 -72.837514,-36.179376,0 -72.826161,-36.287042,0 -72.93223999999999,-36.523614,0 -72.957021,-36.53574,0 -72.96222899999999,-36.518324,0 -72.986195,-36.521417,0 -72.98835200000001,-36.573175,0 -72.959462,-36.620701,0 -72.97891199999999,-36.648207,0 -72.98192299999999,-36.690362,0 -73.017405,-36.719334,0 -73.070221,-36.7138,0 -73.090891,-36.687433,0 -73.092437,-36.618341,0 -73.11864199999999,-36.597101,0 -73.125559,-36.66546,0 -73.152821,-36.706964,0 -73.126454,-36.718357,0 -73.131703,-36.736423,0 -73.173492,-36.741795,0 -73.20742799999999,-36.775323,0 -73.16535399999999,-36.793145,0 -73.145375,-36.833917,0 -73.15689,-36.949965,0 -73.18008399999999,-36.990899,0 -73.173329,-37.076349,0 -73.20905500000001,-37.160252,0 -73.282582,-37.214044,0 -73.460683,-37.241957,0 -73.468129,-37.207208,0 -73.502512,-37.207778,0 -73.57799199999999,-37.158868,0 -73.607574,-37.15545,0 -73.644643,-37.20143,0 -73.646311,-37.268731,0 -73.680409,-37.347833,0 -73.61148,-37.412693,0 -73.599273,-37.447849,0 -73.60411499999999,-37.512384,0 -73.66657499999999,-37.563653,0 -73.685129,-37.598403,0 -73.66657499999999,-37.725518,0 -73.62206,-37.758722,0 -73.557688,-37.846124,0 -73.50324500000001,-37.933282,0 -73.46296100000001,-38.051202,0 -73.481801,-38.218032,0 -73.51992799999999,-38.257745,0 -73.50910399999999,-38.316502,0 -73.530995,-38.332127,0 -73.543284,-38.420668,0 -73.445058,-38.761407,0 -73.427154,-38.7763,0 -73.43342,-38.686944,0 -73.361318,-38.913832,0 -73.28343700000001,-39.075291,0 -73.24543199999999,-39.221287,0 -73.23534100000001,-39.180922,0 -73.209828,-39.19378,0 -73.23534100000001,-39.249282,0 -73.221099,-39.341729,0 -73.24901300000001,-39.379653,0 -73.22447699999999,-39.41725,0 -73.249989,-39.450291,0 -73.241567,-39.489516,0 -73.297963,-39.582696,0 -73.358266,-39.647149,0 -73.34630300000001,-39.655938,0 -73.406077,-39.69492,0 -73.37877400000001,-39.742771,0 -73.401926,-39.804132,0 -73.375722,-39.85768,0 -73.37877400000001,-39.900486,0 -73.3933,-39.908949,0 -73.404042,-39.89544,0 -73.416168,-39.843438,0 -73.458404,-39.833754,0 -73.517079,-39.887628,0 -73.632639,-39.934503,0 -73.673573,-39.934503,0 -73.71117099999999,-39.968683,0 -73.673573,-40.030857,0 -73.659983,-40.109552,0 -73.69782499999999,-40.126397,0 -73.735015,-40.174737,0 -73.721425,-40.208917,0 -73.746002,-40.249444,0 -73.76231799999999,-40.390232,0 -73.782826,-40.424574,0 -73.728498,-40.54418,0 -73.760701,-40.607759,0 -73.84149499999999,-40.666707,0 -73.808885,-40.705986,0 -73.862179,-40.764714,0 -73.89323,-40.863782,0 -73.85464,-40.916163,0 -73.946904,-40.972841,0 -73.940585,-41.049964,0 -73.91966499999999,-41.152698,0 -73.854823,-41.279049,0 -73.841217,-41.332821,0 -73.85383899999999,-41.422118,0 -73.801474,-41.523368,0 -73.810287,-41.54571,0 -73.79816599999999,-41.565688,0 -73.615224,-41.599867,0 -73.57160399999999,-41.590102,0 -73.494862,-41.510431,0 -73.55475800000001,-41.608494,0 -73.668935,-41.616632,0 -73.69663199999999,-41.637125,0 -73.70011599999999,-41.681825,0 -73.759946,-41.748841,0 -73.659983,-41.757501,0 -73.515045,-41.803643,0 -73.412913,-41.798517,0 -73.427154,-41.778009,0 -73.36318900000001,-41.773533,0 -73.20140499999999,-41.784763,0 -73.173329,-41.750665,0 -73.141713,-41.754815,0 -73.099721,-41.710545,0 -73.05919299999999,-41.697442,0 -73.074534,-41.636814,0 -73.111887,-41.586196,0 -73.03557600000001,-41.556843,0 -73.022063,-41.514662,0 -72.978014,-41.515737,0 -72.95726500000001,-41.483575,0 -72.885569,-41.511651,0 -72.84308799999999,-41.499688,0 -72.751576,-41.548435,0 -72.73639900000001,-41.581231,0 -72.693512,-41.61297,0 -72.669667,-41.682387,0 -72.60944600000001,-41.70672,0 -72.42617799999999,-41.663995,0 -72.37267,-41.590102,0 -72.35090099999999,-41.455824,0 -72.323598,-41.407973,0 -72.34414599999999,-41.386814,0 -72.339223,-41.371515,0 -72.30309,-41.380792,0 -72.330434,-41.483168,0 -72.30309,-41.524102,0 -72.323598,-41.538344,0 -72.343414,-41.61297,0 -72.30309,-41.648207,0 -72.35090099999999,-41.648207,0 -72.41608600000001,-41.692315,0 -72.494944,-41.716567,0 -72.53425,-41.713637,0 -72.56948800000001,-41.730564,0 -72.64513100000001,-41.722833,0 -72.80919299999999,-41.845147,0 -72.817047,-41.8742,0 -72.88858,-41.910821,0 -72.82665,-41.972345,0 -72.73729400000001,-42.01393,0 -72.71011300000001,-42.015558,0 -72.68667600000001,-41.997166,0 -72.654652,-42.020603,0 -72.63304599999999,-42.009535,0 -72.61778700000001,-42.031183,0 -72.580556,-42.031183,0 -72.517201,-41.950942,0 -72.46434499999999,-41.97617,0 -72.488026,-42.127537,0 -72.42601500000001,-42.147231,0 -72.476918,-42.173761,0 -72.481313,-42.199151,0 -72.460032,-42.234308,0 -72.41234300000001,-42.2374,0 -72.4735,-42.269789,0 -72.481313,-42.288507,0 -72.440297,-42.354099,0 -72.41978899999999,-42.43963,0 -72.42601500000001,-42.462986,0 -72.456166,-42.440851,0 -72.55793199999999,-42.211114,0 -72.594553,-42.182061,0 -72.80972199999999,-42.243259,0 -72.843739,-42.278253,0 -72.834137,-42.302911,0 -72.79283599999999,-42.305597,0 -72.762441,-42.38128,0 -72.721425,-42.388116,0 -72.71776300000001,-42.43255,0 -72.678456,-42.478448,0 -72.55846099999999,-42.524835,0 -72.539418,-42.558282,0 -72.579661,-42.561293,0 -72.710764,-42.496026,0 -72.79552200000001,-42.493829,0 -72.840321,-42.524835,0 -72.864858,-42.620864,0 -72.823842,-42.665297,0 -72.835561,-42.688084,0 -72.864858,-42.696547,0 -72.864858,-42.751235,0 -72.84219299999999,-42.838067,0 -72.747141,-42.909763,0 -72.76105699999999,-43.009047,0 -72.734486,-43.079685,0 -72.789866,-43.054457,0 -72.804677,-43.01393,0 -72.864858,-43.018731,0 -72.934438,-43.09824,0 -72.90811100000001,-43.190118,0 -72.91218000000001,-43.235447,0 -73.055735,-43.28867,0 -73.08458400000001,-43.316339,0 -73.08527599999999,-43.382501,0 -73.111318,-43.461033,0 -73.026031,-43.586684,0 -72.91710399999999,-43.588637,0 -72.905832,-43.60768,0 -72.973012,-43.621352,0 -72.987864,-43.666436,0 -73.05524699999999,-43.71559,0 -72.98867799999999,-43.741876,0 -72.97093700000001,-43.765395,0 -72.89688099999999,-43.753106,0 -72.875315,-43.743422,0 -72.847157,-43.679457,0 -72.849599,-43.75921,0 -72.82461499999999,-43.807875,0 -72.85675999999999,-43.808526,0 -72.872304,-43.779067,0 -72.898915,-43.776951,0 -72.967275,-43.820082,0 -73.012685,-43.772149,0 -73.070424,-43.914483,0 -73.13915,-43.985121,0 -73.116119,-44.085707,0 -73.12718700000001,-44.096856,0 -73.173329,-44.059666,0 -73.20177200000001,-44.061456,0 -73.221099,-44.077325,0 -73.223012,-44.127048,0 -73.27773999999999,-44.11004,0 -73.29002800000001,-44.152439,0 -73.267323,-44.187433,0 -73.221099,-44.196873,0 -73.172963,-44.189142,0 -73.12808200000001,-44.145766,0 -73.11864199999999,-44.183201,0 -73.13915,-44.210545,0 -73.192047,-44.226821,0 -73.183502,-44.248142,0 -72.939931,-44.306736,0 -72.92463100000001,-44.373712,0 -72.75023400000001,-44.448989,0 -72.721913,-44.501397,0 -72.686757,-44.488458,0 -72.66250599999999,-44.440118,0 -72.66641199999999,-44.413018,0 -72.632069,-44.39544,0 -72.59113499999999,-44.340753,0 -72.61815300000001,-44.465265,0 -72.597971,-44.505304,0 -72.67984,-44.543552,0 -72.703603,-44.634373,0 -72.731516,-44.674249,0 -72.707183,-44.72503,0 -72.72765099999999,-44.758559,0 -72.766347,-44.750665,0 -72.81004799999999,-44.767755,0 -72.914784,-44.847833,0 -73.007069,-44.865492,0 -73.117096,-44.948337,0 -73.18008399999999,-44.944106,0 -73.234364,-44.965265,0 -73.34825600000001,-44.957778,0 -73.39777599999999,-44.988214,0 -73.399241,-45.04339000000001,0 -73.370188,-45.075453,0 -73.33706599999999,-45.083103,0 -73.304433,-45.144789,0 -73.355946,-45.19068799999999,0 -73.450063,-45.199477,0 -73.462636,-45.246189,0 -73.448069,-45.279474,0 -73.346425,-45.290623,0 -73.256663,-45.24822400000001,0 -73.21629799999999,-45.258884,0 -73.07909100000001,-45.35475,0 -72.981516,-45.400974,0 -72.940541,-45.40960099999999,0 -72.87433799999999,-45.38616300000001,0 -72.830637,-45.418064,0 -72.859527,-45.464451,0 -73.014312,-45.444757,0 -73.04478899999999,-45.41619200000001,0 -73.16197699999999,-45.365655,0 -73.192942,-45.311782,0 -73.22642999999999,-45.300877,0 -73.327707,-45.340916,0 -73.32355699999999,-45.39592900000001,0 -73.37096099999999,-45.366876,0 -73.392445,-45.37558400000001,0 -73.406077,-45.45126700000001,0 -73.42247500000001,-45.419529,0 -73.44587199999999,-45.413507,0 -73.51085399999999,-45.451755,0 -73.59166399999999,-45.780206,0 -73.489654,-45.72665799999999,0 -73.42031799999999,-45.649835,0 -73.32726,-45.619073,0 -73.29621299999999,-45.649835,0 -73.18577999999999,-45.66253,0 -73.19749899999999,-45.677179,0 -73.402089,-45.701918,0 -73.560211,-45.829767,0 -73.55915299999999,-45.853692,0 -73.52277599999999,-45.875746,0 -73.586049,-45.885512,0 -73.60960900000001,-45.90309000000001,0 -73.621938,-45.950372,0 -73.66055299999999,-45.975681,0 -73.64972899999999,-46.05046999999999,0 -73.61900799999999,-46.10230900000001,0 -73.648101,-46.194757,0 -73.632639,-46.21843799999999,0 -73.666371,-46.226251,0 -73.69180299999999,-46.256443,0 -73.701527,-46.293552,0 -73.687856,-46.32203499999999,0 -73.624379,-46.276462,0 -73.59984300000001,-46.246759,0 -73.61148,-46.21843799999999,0 -73.576324,-46.20183699999999,0 -73.43028700000001,-46.029718,0 -73.344594,-46.026544,0 -73.42373600000001,-46.071384,0 -73.481801,-46.14267300000001,0 -73.474355,-46.15016,0 -73.523915,-46.17522599999999,0 -73.568349,-46.27044,0 -73.550526,-46.295587,0 -73.488637,-46.300958,0 -73.601308,-46.318455,0 -73.74234,-46.420994,0 -73.766469,-46.47258900000001,0 -73.738596,-46.50798900000001,0 -73.741851,-46.533787,0 -73.78734300000001,-46.497166,0 -73.831614,-46.577895,0 -73.873891,-46.602227,0 -73.92455,-46.59693799999999,0 -73.989166,-46.559747,0 -73.91250599999999,-46.46884500000001,0 -73.823232,-46.397638,0 -73.773061,-46.320896,0 -73.769846,-46.234552,0 -73.8579,-46.184259,0 -73.88182500000001,-46.141778,0 -73.96817,-46.14470799999999,0 -74.019276,-46.20436,0 -74.01622500000001,-46.21843799999999,0 -73.95299199999999,-46.231541,0 -73.945221,-46.26572,0 -73.84487900000001,-46.34197399999999,0 -73.892445,-46.339776,0 -73.941518,-46.304946,0 -74.026438,-46.286716,0 -74.077707,-46.32203499999999,0 -74.041656,-46.27076600000001,0 -74.03892999999999,-46.24700300000001,0 -74.07144099999999,-46.23268000000001,0 -74.049713,-46.191095,0 -74.189849,-46.242283,0 -74.342152,-46.260837,0 -74.38784699999999,-46.250746,0 -74.489898,-46.189386,0 -74.489166,-46.16375099999999,0 -74.424306,-46.215102,0 -74.338368,-46.252537,0 -74.313222,-46.249933,0 -74.063588,-46.172052,0 -74.021311,-46.148207,0 -73.97057,-46.084161,0 -73.982045,-46.029718,0 -74.030019,-46.008396,0 -74.04352799999999,-45.978774,0 -74.06135,-45.98089,0 -74.069244,-46.011895,0 -74.056386,-46.027927,0 -74.076283,-46.096124,0 -74.167063,-46.136407,0 -74.0985,-46.08082400000001,0 -74.08385199999999,-46.029718,0 -74.101552,-46.012953,0 -74.151763,-46.01832400000001,0 -74.167063,-46.005548,0 -74.080068,-45.98186599999999,0 -74.05919299999999,-45.92986400000001,0 -74.145904,-45.930434,0 -74.11864199999999,-45.896254,0 -74.192779,-45.881931,0 -74.135487,-45.86712,0 -74.103139,-45.836847,0 -74.170277,-45.79176199999999,0 -74.32127800000001,-45.83172,0 -74.330922,-45.800714,0 -74.35960900000001,-45.790297,0 -74.461822,-45.815037,0 -74.43456,-45.841567,0 -74.468658,-45.834731,0 -74.463694,-45.865818,0 -74.39977,-45.930434,0 -74.45335900000001,-46.016371,0 -74.480946,-46.008396,0 -74.45816000000001,-45.933852,0 -74.507436,-45.927423,0 -74.51537,-45.904229,0 -74.55809499999999,-45.90309000000001,0 -74.544016,-45.874282,0 -74.559967,-45.826267,0 -74.60675999999999,-45.84588,0 -74.647328,-45.81617599999999,0 -74.665598,-45.823337,0 -74.690907,-45.841567,0 -74.72874899999999,-45.944024,0 -74.713368,-45.98447,0 -74.737864,-46.023126,0 -74.701487,-46.032892,0 -74.773752,-46.040297,0 -74.821197,-46.11223699999999,0 -74.818186,-46.14267300000001,0 -74.756012,-46.177992,0 -74.790842,-46.191095,0 -74.77721099999999,-46.212172,0 -74.879547,-46.146742,0 -74.91002400000001,-46.15016,0 -74.924224,-46.187677,0 -74.958119,-46.215265,0 -74.928049,-46.273614,0 -74.96052,-46.267836,0 -75.029775,-46.212172,0 -75.090688,-46.216078,0 -75.116322,-46.24960699999999,0 -75.098704,-46.273614,0 -75.122792,-46.279555,0 -75.138661,-46.31405999999999,0 -75.029775,-46.34197399999999,0 -75.05650799999999,-46.357843,0 -75.105784,-46.347101,0 -75.19627800000001,-46.298272,0 -75.222239,-46.40398500000001,0 -75.23867799999999,-46.375746,0 -75.270619,-46.3624,0 -75.345326,-46.394789,0 -75.401112,-46.44052500000001,0 -75.373036,-46.471612,0 -75.433909,-46.478448,0 -75.45299199999999,-46.509373,0 -75.540598,-46.51327899999999,0 -75.517079,-46.554295,0 -75.63605699999999,-46.573012,0 -75.70832299999999,-46.654718,0 -75.707021,-46.786554,0 -75.653879,-46.833429,0 -75.650217,-46.873224,0 -75.585317,-46.903578,0 -75.55174700000001,-46.948337,0 -75.41055299999999,-46.931573,0 -75.35261,-46.900567,0 -75.34630300000001,-46.866795,0 -75.37206,-46.84881,0 -75.433909,-46.863377,0 -75.38231399999999,-46.80632899999999,0 -75.386708,-46.780043,0 -75.47606399999999,-46.774021,0 -75.448842,-46.75652400000001,0 -75.44811,-46.725518,0 -75.426137,-46.726658,0 -75.42247500000001,-46.713962,0 -75.540598,-46.69817500000001,0 -75.631337,-46.785414,0 -75.661041,-46.767185,0 -75.606435,-46.732354,0 -75.59675,-46.70086,0 -75.575063,-46.687921,0 -75.414866,-46.632745,0 -75.386545,-46.655532,0 -75.342356,-46.657322,0 -75.338938,-46.64364999999999,0 -75.248362,-46.632501,0 -75.207916,-46.595147,0 -75.201731,-46.62997800000001,0 -75.111643,-46.586847,0 -75.075063,-46.558364,0 -75.051503,-46.51327899999999,0 -75.01406799999999,-46.520115,0 -74.964589,-46.454034,0 -74.93419299999999,-46.437595,0 -74.94164000000001,-46.516778,0 -74.996246,-46.539972,0 -75.08336300000001,-46.640883,0 -75.016184,-46.71933400000001,0 -75.0065,-46.75351299999999,0 -74.958119,-46.759698,0 -74.856353,-46.813897,0 -74.81525600000001,-46.768487,0 -74.79955,-46.801202,0 -74.721547,-46.84002,0 -74.68097899999999,-46.88388400000001,0 -74.61831599999999,-46.876072,0 -74.479156,-46.90227600000001,0 -74.43456,-46.85589,0 -74.492299,-46.863377,0 -74.550933,-46.835382,0 -74.673492,-46.849054,0 -74.64883399999999,-46.829278,0 -74.640004,-46.780043,0 -74.526723,-46.801202,0 -74.47765099999999,-46.772393,0 -74.591624,-46.725518,0 -74.456166,-46.764907,0 -74.327626,-46.758233,0 -74.31017,-46.77800899999999,0 -74.266835,-46.781671,0 -74.265126,-46.80478300000001,0 -74.289906,-46.82171,0 -74.24331599999999,-46.86467900000001,0 -74.22166900000001,-46.869399,0 -74.126088,-46.82854600000001,0 -74.150136,-46.868097,0 -74.181304,-46.869399,0 -74.208648,-46.893976,0 -74.153228,-46.967218,0 -74.11864199999999,-46.988051,0 -74.040598,-46.971856,0 -73.94127400000001,-47.027927,0 -74.05719999999999,-47.15691499999999,0 -73.98957299999999,-47.16741300000001,0 -73.96776300000001,-47.22918099999999,0 -73.9735,-47.254978,0 -74.01622500000001,-47.177423,0 -74.115387,-47.19296600000001,0 -74.132232,-47.204522,0 -74.140126,-47.256606,0 -74.10496999999999,-47.315118,0 -74.112416,-47.335545,0 -74.159657,-47.28102,0 -74.17760199999999,-47.205255,0 -74.225087,-47.20875400000001,0 -74.232249,-47.239435,0 -74.266347,-47.212172,0 -74.283762,-47.24627,0 -74.324696,-47.218927,0 -74.36652599999999,-47.290704,0 -74.416168,-47.321384,0 -74.40721600000001,-47.342462,0 -74.467275,-47.362888,0 -74.528554,-47.431736,0 -74.506581,-47.469659,0 -74.465321,-47.418145,0 -74.44078500000001,-47.445489,0 -74.39439900000001,-47.446547,0 -74.385569,-47.459161,0 -74.45352099999999,-47.48105200000001,0 -74.392323,-47.534763,0 -74.344553,-47.51995200000001,0 -74.314117,-47.595798,0 -74.181304,-47.588962,0 -74.05719999999999,-47.53427500000001,0 -74.140004,-47.58619600000001,0 -74.10496999999999,-47.60947,0 -74.04352799999999,-47.60947,0 -74.074534,-47.628106,0 -74.163319,-47.616306,0 -74.253896,-47.63128,0 -74.262603,-47.642022,0 -74.242177,-47.65780999999999,0 -74.13288300000001,-47.663995,0 -74.173818,-47.674249,0 -74.27261300000001,-47.663344,0 -74.303578,-47.678318,0 -74.26976500000001,-47.732599,0 -74.159657,-47.746515,0 -74.205068,-47.756606,0 -74.29588800000001,-47.725356,0 -74.344553,-47.670831,0 -74.48175999999999,-47.698826,0 -74.45588100000001,-47.671563,0 -74.344553,-47.636651,0 -74.371897,-47.588962,0 -74.39354400000001,-47.593194,0 -74.39977,-47.616306,0 -74.419911,-47.563409,0 -74.437652,-47.554783,0 -74.48175999999999,-47.554783,0 -74.52066000000001,-47.603204,0 -74.522328,-47.560317,0 -74.55671100000001,-47.55006300000001,0 -74.61213100000001,-47.56845500000001,0 -74.632192,-47.62127,0 -74.55064900000001,-47.663995,0 -74.567616,-47.680922,0 -74.591624,-47.69199,0 -74.577952,-47.663995,0 -74.656728,-47.64413800000001,0 -74.728831,-47.69605900000001,0 -74.735585,-47.718683,0 -74.628407,-47.767755,0 -74.543813,-47.767673,0 -74.54889900000001,-47.784763,0 -74.378407,-47.74480599999999,0 -74.338368,-47.754002,0 -74.40721600000001,-47.767673,0 -74.350697,-47.788507,0 -74.317983,-47.789727,0 -74.291371,-47.76816199999999,0 -74.19749899999999,-47.78923900000001,0 -74.06773800000001,-47.770766,0 -74.02302,-47.828546,0 -73.923695,-47.84270599999999,0 -73.801869,-47.807061,0 -73.77293899999999,-47.779474,0 -73.78966200000001,-47.739679,0 -73.730946,-47.623712,0 -73.77598999999999,-47.588962,0 -73.721425,-47.527439,0 -73.727935,-47.54656300000001,0 -73.714589,-47.561619,0 -73.69286,-47.554783,0 -73.673573,-47.56845500000001,0 -73.702789,-47.593194,0 -73.701527,-47.62981500000001,0 -73.666168,-47.616306,0 -73.66909699999999,-47.647068,0 -73.740956,-47.70305799999999,0 -73.73192299999999,-47.743097,0 -73.69839399999999,-47.78590299999999,0 -73.55012000000001,-47.80803800000001,0 -73.61900799999999,-47.863865,0 -73.56151300000001,-47.888604,0 -73.53701700000001,-47.87005,0 -73.516835,-47.878513,0 -73.50910399999999,-47.89804500000001,0 -73.526194,-47.932061,0 -73.481313,-47.963067,0 -73.35558,-47.95566199999999,0 -73.25731399999999,-47.976495,0 -73.22785399999999,-48.004083,0 -73.314605,-47.980076,0 -73.507069,-47.97796,0 -73.54015099999999,-47.962823,0 -73.575592,-47.909845,0 -73.653147,-47.89804500000001,0 -73.65526300000001,-47.93230599999999,0 -73.632639,-47.959405,0 -73.642201,-47.983575,0 -73.580963,-48.01287200000001,0 -73.59166399999999,-48.04192499999999,0 -73.481801,-48.123305,0 -73.374827,-48.16253,0 -73.294586,-48.12704800000001,0 -73.29002800000001,-48.062433,0 -73.281809,-48.079278,0 -73.27668199999999,-48.13835999999999,0 -73.340891,-48.181736,0 -73.35142999999999,-48.219496,0 -73.433583,-48.17669,0 -73.48639900000001,-48.17254000000001,0 -73.529612,-48.19898899999999,0 -73.556264,-48.24684,0 -73.604726,-48.20582399999999,0 -73.591379,-48.164646,0 -73.601308,-48.13014099999999,0 -73.74811800000001,-48.08172,0 -73.79308,-48.115899,0 -73.80418899999999,-48.108087,0 -73.76231799999999,-48.062433,0 -73.769846,-48.027765,0 -73.87970900000001,-48.095961,0 -73.8579,-48.04192499999999,0 -73.891103,-48.022231,0 -73.961578,-48.04811,0 -74.00255300000001,-48.027765,0 -74.032948,-48.034438,0 -74.06061800000001,-48.000421,0 -74.204172,-47.989923,0 -74.330922,-48.000421,0 -74.257639,-48.113946,0 -74.22166900000001,-48.136895,0 -74.23249300000001,-48.164646,0 -74.196034,-48.213474,0 -74.171986,-48.21860099999999,0 -74.205637,-48.231052,0 -74.226918,-48.22869200000001,0 -74.245839,-48.188246,0 -74.27647899999999,-48.184503,0 -74.33438099999999,-48.03215899999999,0 -74.415395,-47.983657,0 -74.537465,-47.963067,0 -74.625409,-48.004227,0 -74.632571,-48.034924,0 -74.626823,-48.058904,0 -74.588036,-48.079985,0 -74.468658,-48.027765,0 -74.468658,-48.055759,0 -74.512074,-48.089939,0 -74.442494,-48.182387,0 -74.31786,-48.21209100000001,0 -74.319692,-48.231052,0 -74.267161,-48.281345,0 -74.27009,-48.335626,0 -74.187489,-48.308852,0 -74.107167,-48.306085,0 -74.08385199999999,-48.31568800000001,0 -74.205556,-48.330662,0 -74.237904,-48.35076300000001,0 -74.154937,-48.357843,0 -74.02989700000001,-48.41131000000001,0 -73.935292,-48.395685,0 -73.89269,-48.41131000000001,0 -74.028554,-48.448012,0 -74.020619,-48.533624,0 -73.97183200000001,-48.565037,0 -73.99347899999999,-48.597263,0 -74.19713299999999,-48.473321,0 -74.270375,-48.510919,0 -74.28327400000001,-48.52353300000001,0 -74.27009,-48.534845,0 -74.32799199999999,-48.549005,0 -74.392161,-48.599054,0 -74.39977,-48.610528,0 -74.371897,-48.63103599999999,0 -74.364329,-48.682306,0 -74.31786,-48.664483,0 -74.289906,-48.692478,0 -74.330922,-48.71298600000001,0 -74.306223,-48.72771600000001,0 -74.169342,-48.70330199999999,0 -74.089223,-48.717218,0 -74.05719999999999,-48.74033,0 -74.200551,-48.719171,0 -74.30687399999999,-48.749933,0 -74.338368,-48.74033,0 -74.334828,-48.75506,0 -74.371897,-48.719171,0 -74.43456,-48.78801799999999,0 -74.453481,-48.830987,0 -74.420277,-48.863214,0 -74.438954,-48.88404700000001,0 -74.42711300000001,-48.904718,0 -74.36563099999999,-48.932061,0 -74.42247500000001,-48.934991,0 -74.403147,-48.98723699999999,0 -74.468658,-49.031671,0 -74.44078500000001,-49.09042699999999,0 -74.405507,-49.067804,0 -74.410878,-49.140558,0 -74.371897,-49.186619,0 -74.404042,-49.19353600000001,0 -74.41270900000001,-49.21884500000001,0 -74.39354400000001,-49.31747800000001,0 -74.42276,-49.384698,0 -74.394887,-49.413181,0 -74.337148,-49.43499099999999,0 -74.241119,-49.52792700000001,0 -74.214915,-49.523126,0 -74.187489,-49.487563,0 -74.181304,-49.39470800000001,0 -74.145904,-49.302016,0 -74.159657,-49.23691199999999,0 -74.19286,-49.208185,0 -74.167063,-49.19964000000001,0 -74.13288300000001,-49.226251,0 -74.106435,-49.221287,0 -74.036041,-49.144952,0 -74.05309,-49.131117,0 -74.04352799999999,-49.079767,0 -74.064036,-49.041925,0 -74.057485,-49.012465,0 -74.03058799999999,-49.022882,0 -73.889231,-49.00742,0 -73.821848,-49.04225,0 -73.854726,-49.057061,0 -73.89952599999999,-49.028253,0 -73.94225,-49.023533,0 -74.04352799999999,-49.08294,0 -74.00255300000001,-49.116957,0 -73.979726,-49.164239,0 -74.00877800000001,-49.226251,0 -73.985097,-49.27337000000001,0 -73.92455,-49.32122200000001,0 -73.84487900000001,-49.349786,0 -73.963531,-49.329767,0 -74.00877800000001,-49.274672,0 -74.07445199999999,-49.261651,0 -74.123525,-49.42262099999999,0 -74.107777,-49.437188,0 -74.10969,-49.48357500000001,0 -74.09097199999999,-49.497166,0 -73.915273,-49.510512,0 -73.87970900000001,-49.528497,0 -73.87877400000001,-49.588149,0 -73.85496999999999,-49.65081099999999,0 -73.772694,-49.66855199999999,0 -73.735015,-49.70672,0 -73.687856,-49.72031,0 -73.711985,-49.765558,0 -73.72785399999999,-49.781671,0 -73.755523,-49.727716,0 -73.80882699999999,-49.68840900000001,0 -73.89269,-49.65829800000001,0 -73.94074500000001,-49.559666,0 -73.999135,-49.559259,0 -74.02302,-49.617852,0 -74.035146,-49.605727,0 -74.032948,-49.552423,0 -74.07852099999999,-49.536879,0 -74.233876,-49.56601299999999,0 -74.303578,-49.603692,0 -74.32677200000001,-49.67717900000001,0 -74.31627400000001,-49.719496,0 -74.289906,-49.741469,0 -74.098866,-49.712579,0 -74.064036,-49.713556,0 -74.07144099999999,-49.741469,0 -74.19713299999999,-49.748956,0 -74.297353,-49.795505,0 -74.34825600000001,-49.792087,0 -74.324696,-49.87118899999999,0 -74.28892999999999,-49.893487,0 -74.145904,-49.911554,0 -74.110463,-49.95468499999999,0 -74.08727,-49.959893,0 -74.014719,-49.959568,0 -73.98957299999999,-49.90536900000001,0 -73.94733600000001,-49.90536900000001,0 -73.906361,-49.856866,0 -73.90416399999999,-49.915704,0 -73.87970900000001,-49.91904099999999,0 -73.960194,-49.930597,0 -73.999135,-49.96331099999999,0 -74.00767999999999,-49.991388,0 -73.94591200000001,-50.017673,0 -73.913197,-50.007745,0 -73.889027,-50.035577,0 -73.88589399999999,-50.076593,0 -73.934316,-50.02890399999999,0 -74.04894,-50.037042,0 -74.112416,-50.00156,0 -74.139475,-50.015883,0 -74.228139,-49.940525,0 -74.266347,-49.93255,0 -74.312652,-49.94964,0 -74.32844,-49.927504,0 -74.364858,-49.951104,0 -74.364858,-49.99033,0 -74.34666900000001,-50.015232,0 -74.300445,-50.059259,0 -74.242177,-50.080011,0 -74.193715,-50.186456,0 -74.159088,-50.202325,0 -74.00609300000001,-50.201918,0 -73.995717,-50.21380000000001,0 -74.025502,-50.212335,0 -73.999135,-50.241795,0 -73.8579,-50.28948299999999,0 -73.958567,-50.287774,0 -74.121449,-50.223077,0 -74.194407,-50.259698,0 -74.214915,-50.24863,0 -74.202952,-50.227716,0 -74.224965,-50.197035,0 -74.276967,-50.165297,0 -74.324696,-50.172784,0 -74.289906,-50.13128,0 -74.347646,-50.08611400000001,0 -74.460317,-50.098403,0 -74.49543199999999,-50.076593,0 -74.504384,-50.131931,0 -74.530141,-50.13128,0 -74.536733,-50.10117,0 -74.57371999999999,-50.099298,0 -74.62828500000001,-50.114923,0 -74.69465099999999,-50.183038,0 -74.683013,-50.209405,0 -74.65567,-50.214451,0 -74.59845900000001,-50.193292,0 -74.618886,-50.23495900000001,0 -74.52330499999999,-50.220636,0 -74.549143,-50.25448999999999,0 -74.536366,-50.261489,0 -74.48175999999999,-50.24863,0 -74.536366,-50.296319,0 -74.50963299999999,-50.32301199999999,0 -74.45441599999999,-50.329848,0 -74.475494,-50.34417100000001,0 -74.43932,-50.35711,0 -74.354848,-50.35955200000001,0 -74.31041399999999,-50.265313,0 -74.282704,-50.264907,0 -74.262929,-50.317071,0 -74.32127800000001,-50.38445399999999,0 -74.287465,-50.426528,0 -74.25255300000001,-50.440525,0 -74.22874899999999,-50.40545,0 -74.181304,-50.412367,0 -74.090688,-50.38445399999999,0 -74.08385199999999,-50.357192,0 -74.01622500000001,-50.363946,0 -74.128896,-50.42294699999999,0 -74.07335399999999,-50.46941500000001,0 -74.015004,-50.449151,0 -74.01651,-50.50269899999999,0 -73.87970900000001,-50.542739,0 -74.053456,-50.52223099999999,0 -74.126088,-50.480645,0 -74.14981,-50.48308699999999,0 -74.148427,-50.50628,0 -74.126088,-50.51482499999999,0 -74.145904,-50.535903,0 -74.1079,-50.587823,0 -74.126088,-50.590509,0 -74.20799700000001,-50.463637,0 -74.297353,-50.480645,0 -74.26622500000001,-50.50611700000001,0 -74.258656,-50.534763,0 -74.19871999999999,-50.559015,0 -74.235951,-50.604181,0 -74.147125,-50.728692,0 -74.112416,-50.71404399999999,0 -74.11864199999999,-50.68678200000001,0 -74.06017,-50.71200900000001,0 -74.05719999999999,-50.727716,0 -74.126088,-50.76246500000001,0 -74.042714,-50.822035,0 -73.937123,-50.827081,0 -73.822621,-50.757908,0 -73.81077999999999,-50.741957,0 -73.82550999999999,-50.679457,0 -73.798329,-50.645196,0 -73.800201,-50.60068099999999,0 -73.77598999999999,-50.57691799999999,0 -73.759389,-50.51572,0 -73.657948,-50.482029,0 -73.587554,-50.403416,0 -73.56371,-50.404962,0 -73.625152,-50.50115300000001,0 -73.70934,-50.520278,0 -73.725087,-50.559503,0 -73.63536499999999,-50.618422,0 -73.56773800000001,-50.624444,0 -73.55012000000001,-50.65260200000001,0 -73.474355,-50.672459,0 -73.51992799999999,-50.676853,0 -73.533355,-50.70647600000001,0 -73.553212,-50.707208,0 -73.59166399999999,-50.65886800000001,0 -73.636708,-50.63990699999999,0 -73.77293899999999,-50.670668,0 -73.78254099999999,-50.70037200000001,0 -73.769846,-50.74505,0 -73.78966200000001,-50.796563,0 -73.741851,-50.820489,0 -73.761627,-50.83001099999999,0 -73.85460399999999,-50.797296,0 -73.87970900000001,-50.834161,0 -73.816965,-50.878025,0 -73.78966200000001,-50.91952899999999,0 -73.80333400000001,-50.960545,0 -73.8579,-50.933201,0 -73.855458,-50.909601,0 -73.874257,-50.889093,0 -73.926829,-50.86435299999999,0 -73.951731,-50.89316199999999,0 -74.151031,-50.872817,0 -74.232574,-50.907485,0 -74.256418,-50.939386,0 -74.22520900000001,-50.95582399999999,0 -74.242177,-50.97421599999999,0 -74.232249,-51.03557700000001,0 -74.18398999999999,-51.033949,0 -74.07144099999999,-50.953709,0 -74.086822,-50.973891,0 -74.077707,-50.987888,0 -74.15294299999999,-51.060968,0 -74.134592,-51.09294999999999,0 -74.12950600000001,-51.18767700000001,0 -74.02989700000001,-51.207615,0 -74.016998,-51.190851,0 -74.02330499999999,-51.111017,0 -73.982045,-51.152276,0 -73.97525,-51.18767700000001,0 -73.913971,-51.231541,0 -73.879384,-51.237888,0 -73.76284699999999,-51.163832,0 -73.769846,-51.11809699999999,0 -73.735015,-51.14544000000001,0 -73.694081,-51.139255,0 -73.728831,-51.17962,0 -73.673573,-51.18767700000001,0 -73.692616,-51.21453199999999,0 -73.68272899999999,-51.275974,0 -73.70103899999999,-51.26832399999999,0 -73.704661,-51.238214,0 -73.759592,-51.195001,0 -73.782826,-51.23479600000001,0 -73.717681,-51.288507,0 -73.721425,-51.34775200000001,0 -73.69220900000001,-51.414483,0 -73.637929,-51.446466,0 -73.59789000000001,-51.432794,0 -73.59968000000001,-51.451267,0 -73.65558799999999,-51.468438,0 -73.659983,-51.494887,0 -73.60460399999999,-51.512953,0 -73.638824,-51.536554,0 -73.604482,-51.611423,0 -73.620839,-51.628188,0 -73.699534,-51.480076,0 -73.780751,-51.433038,0 -73.814036,-51.392185,0 -73.86144,-51.392836,0 -73.88036,-51.367934,0 -73.934316,-51.399347,0 -73.90632100000001,-51.478774,0 -73.920644,-51.498305,0 -73.90925,-51.526951,0 -73.816965,-51.536554,0 -73.89122500000001,-51.586684,0 -73.89952599999999,-51.625177,0 -73.818918,-51.628839,0 -73.78416900000001,-51.644952,0 -73.714589,-51.63884900000001,0 -73.80703699999999,-51.670017,0 -73.812001,-51.68857200000001,0 -73.762766,-51.715102,0 -73.76231799999999,-51.73504,0 -73.69945199999999,-51.785252,0 -73.680409,-51.76922,0 -73.683746,-51.741876,0 -73.654856,-51.68857200000001,0 -73.635732,-51.6867,0 -73.611643,-51.71998499999999,0 -73.59166399999999,-51.72144899999999,0 -73.55012000000001,-51.680434,0 -73.55012000000001,-51.72144899999999,0 -73.460683,-51.6867,0 -73.503489,-51.722752,0 -73.58918199999999,-51.74960699999999,0 -73.52277599999999,-51.80339900000001,0 -73.530629,-51.834731,0 -73.493031,-51.854913,0 -73.488637,-51.885349,0 -73.46117099999999,-51.895685,0 -73.454498,-51.90642699999999,0 -73.481801,-51.913263,0 -73.39981,-52.01572,0 -73.436431,-52.015232,0 -73.464223,-51.96738,0 -73.504221,-51.950128,0 -73.527089,-51.895196,0 -73.599273,-51.82268599999999,0 -73.62092,-51.812188,0 -73.64972899999999,-51.82789500000001,0 -73.645579,-51.848728,0 -73.57799199999999,-51.92693500000001,0 -73.61148,-51.93434,0 -73.572906,-51.983657,0 -73.581288,-52.02190499999999,0 -73.563547,-52.039972,0 -73.41942299999999,-52.100844,0 -73.39439900000001,-52.134454,0 -73.316233,-52.16611100000001,0 -73.29283599999999,-52.16570400000001,0 -73.28502400000001,-52.104425,0 -73.34129799999999,-51.752699,0 -73.38621999999999,-51.65252,0 -73.32677200000001,-51.726983,0 -73.299713,-51.831964,0 -73.303049,-51.899591,0 -73.268219,-51.97193799999999,0 -73.27261300000001,-52.03964599999999,0 -73.223704,-52.09148500000001,0 -73.176666,-52.081231,0 -73.14533400000001,-51.940037,0 -72.91942299999999,-51.85857499999999,0 -72.94078500000001,-51.827732,0 -72.972401,-51.82171,0 -73.07713800000001,-51.872247,0 -73.16804,-51.889825,0 -73.20742799999999,-51.879083,0 -73.174143,-51.859796,0 -73.082346,-51.85361099999999,0 -73.04979400000001,-51.83131300000001,0 -73.060374,-51.76922,0 -73.13915,-51.76922,0 -73.10602799999999,-51.744887,0 -72.99453699999999,-51.789727,0 -73.02668199999999,-51.744073,0 -73.070058,-51.724542,0 -73.22447699999999,-51.71086999999999,0 -73.237538,-51.647393,0 -73.29621299999999,-51.618341,0 -73.280019,-51.60621499999999,0 -73.182444,-51.637465,0 -73.184804,-51.670017,0 -73.15078699999999,-51.703058,0 -73.048818,-51.69687299999999,0 -73.029408,-51.716729,0 -72.98835200000001,-51.72144899999999,0 -72.976674,-51.76922,0 -72.917958,-51.75742,0 -72.899322,-51.776056,0 -72.829742,-51.767999,0 -72.800038,-51.802504,0 -72.737904,-51.81707099999999,0 -72.72411,-51.838149,0 -72.64513100000001,-51.83131300000001,0 -72.578033,-51.795994,0 -72.54955,-51.74130600000001,0 -72.562611,-51.724786,0 -72.702952,-51.698012,0 -72.772328,-51.608168,0 -72.85802200000001,-51.597345,0 -72.943674,-51.56316499999999,0 -72.989166,-51.526625,0 -73.09825600000001,-51.60475,0 -73.106109,-51.58391699999999,0 -73.038889,-51.535333,0 -73.054311,-51.50261799999999,0 -73.140614,-51.487563,0 -73.24559499999999,-51.506606,0 -73.262074,-51.494887,0 -73.26036499999999,-51.471124,0 -73.07713800000001,-51.419692,0 -73.079742,-51.45826599999999,0 -73.053538,-51.487481,0 -72.969472,-51.49846800000001,0 -72.91515099999999,-51.547052,0 -72.689036,-51.593438,0 -72.624623,-51.66676199999999,0 -72.522043,-51.713067,0 -72.494944,-51.76922,0 -72.466949,-51.789727,0 -72.50837199999999,-51.837091,0 -72.49811800000001,-51.874119,0 -72.453277,-51.913263,0 -72.46898400000001,-51.92929500000001,0 -72.529042,-51.954767,0 -72.57371999999999,-51.940606,0 -72.597971,-51.975274,0 -72.632069,-51.947361,0 -72.669667,-51.961033,0 -72.64867099999999,-52.049005,0 -72.466949,-52.204278,0 -72.497141,-52.31536199999999,0 -72.637563,-52.397638,0 -72.606313,-52.417087,0 -72.505686,-52.433689,0 -72.522206,-52.448337,0 -72.551422,-52.45354600000001,0 -72.614654,-52.420343,0 -72.721425,-52.406671,0 -72.888987,-52.451837,0 -72.930531,-52.44817500000001,0 -72.781606,-52.38697699999999,0 -72.782867,-52.365655,0 -72.76537,-52.37786199999999,0 -72.714508,-52.362888,0 -72.67902599999999,-52.323012,0 -72.636708,-52.34392700000001,0 -72.601715,-52.339288,0 -72.574208,-52.309177,0 -72.559397,-52.241306,0 -72.535878,-52.221775,0 -72.536529,-52.19557099999999,0 -72.601389,-52.11191199999999,0 -72.622426,-52.098077,0 -72.644032,-52.10662200000001,0 -72.703481,-52.060317,0 -72.71507699999999,-52.037286,0 -72.68667600000001,-51.98837700000001,0 -72.80280500000001,-51.937433,0 -72.864858,-51.954767,0 -72.902333,-52.06405999999999,0 -72.93272899999999,-52.039483,0 -72.947377,-52.04973700000001,0 -72.947377,-52.166436,0 -72.883697,-52.198337,0 -72.85460399999999,-52.178481,0 -72.841176,-52.105727,0 -72.76838100000001,-52.051202,0 -72.75487200000001,-52.056817,0 -72.806793,-52.14658,0 -72.834828,-52.233982,0 -72.866444,-52.256768,0 -72.912831,-52.244806,0 -72.921986,-52.213962,0 -72.99453699999999,-52.186944,0 -73.027455,-52.192966,0 -73.07925400000001,-52.237074,0 -73.081532,-52.21087000000001,0 -73.04088299999999,-52.14885799999999,0 -72.98745700000001,-52.142999,0 -72.980946,-52.09824,0 -72.997792,-52.06487400000001,0 -73.08690300000001,-52.082452,0 -73.145375,-52.125584,0 -73.20409100000001,-52.108087,0 -73.221791,-52.179864,0 -73.242828,-52.202081,0 -73.303049,-52.221775,0 -73.361969,-52.20794,0 -73.43171100000001,-52.15300899999999,0 -73.495717,-52.13193099999999,0 -73.52277599999999,-52.13909300000001,0 -73.468332,-52.169041,0 -73.528879,-52.19557099999999,0 -73.55012000000001,-52.186944,0 -73.58137000000001,-52.134373,0 -73.61457299999999,-52.14470800000001,0 -73.676991,-52.04306399999999,0 -73.715891,-52.020603,0 -73.735015,-52.029962,0 -73.744985,-52.065362,0 -73.680409,-52.145929,0 -73.6433,-52.16367,0 -73.632639,-52.19378,0 -73.580556,-52.208429,0 -73.61266000000001,-52.277439,0 -73.562978,-52.322849,0 -73.59789000000001,-52.386163,0 -73.628896,-52.372003,0 -73.660268,-52.38388399999999,0 -73.666168,-52.424005,0 -73.581125,-52.448337,0 -73.532948,-52.415297,0 -73.515289,-52.420343,0 -73.530914,-52.456964,0 -73.494862,-52.475518,0 -73.5655,-52.478936,0 -73.619252,-52.52044,0 -73.556264,-52.53639100000001,0 -73.553375,-52.55103900000001,0 -73.63585399999999,-52.563165,0 -73.64443900000001,-52.584405,0 -73.687856,-52.59783299999999,0 -73.669586,-52.64324300000001,0 -73.57054599999999,-52.63201300000001,0 -73.58438099999999,-52.653253,0 -73.670969,-52.680108,0 -73.699534,-52.714532,0 -73.616444,-52.749119,0 -73.61636300000001,-52.720961,0 -73.534779,-52.6749,0 -73.50910399999999,-52.680352,0 -73.508697,-52.65602000000001,0 -73.45759,-52.663344,0 -73.449696,-52.635186,0 -73.397328,-52.636489,0 -73.38536499999999,-52.605564,0 -73.406972,-52.564386,0 -73.393625,-52.544122,0 -73.36245700000001,-52.588067,0 -73.30846099999999,-52.584649,0 -73.30492099999999,-52.601821,0 -73.33775799999999,-52.64666100000001,0 -73.26891000000001,-52.673598,0 -73.23884,-52.62005,0 -73.159657,-52.563735,0 -73.180898,-52.514825,0 -73.23534100000001,-52.496026,0 -73.194447,-52.475518,0 -73.194976,-52.429864,0 -73.14354400000001,-52.490004,0 -73.05577599999999,-52.47144900000001,0 -72.905832,-52.496026,0 -72.88585399999999,-52.525649,0 -73.00886,-52.496026,0 -73.091624,-52.49382899999999,0 -73.117991,-52.53281,0 -73.00397700000001,-52.558282,0 -73.122141,-52.55006299999999,0 -73.152699,-52.63396599999999,0 -73.225982,-52.64934699999999,0 -73.249379,-52.703871,0 -73.282582,-52.721368,0 -73.30663,-52.715427,0 -73.303049,-52.75554799999999,0 -73.26085399999999,-52.75400200000001,0 -73.24413,-52.777032,0 -73.221099,-52.77662500000001,0 -73.233062,-52.790623,0 -73.29621299999999,-52.783461,0 -73.384185,-52.803806,0 -73.40949500000001,-52.77662500000001,0 -73.468129,-52.810724,0 -73.45885199999999,-52.784845,0 -73.494496,-52.775323,0 -73.56371,-52.79705199999999,0 -73.382639,-52.84482199999999,0 -73.35142999999999,-52.88591899999999,0 -73.307851,-52.87379299999999,0 -73.288726,-52.902114,0 -73.213857,-52.887791,0 -73.204742,-52.896905,0 -73.23265499999999,-52.913751,0 -73.227935,-52.934259,0 -73.262074,-52.927423,0 -73.241567,-52.96160199999999,0 -73.313873,-52.934259,0 -73.32355699999999,-52.955336,0 -73.371938,-52.965265,0 -73.35142999999999,-52.99578199999999,0 -73.40436800000001,-52.980727,0 -73.455963,-52.98650499999999,0 -73.437123,-53.01311599999999,0 -73.38621999999999,-53.016778,0 -73.32726,-53.07146600000001,0 -73.198476,-53.104913,0 -73.18008399999999,-53.091241,0 -73.210561,-53.068048,0 -73.20816000000001,-53.053155,0 -73.176666,-53.015232,0 -73.158681,-53.03631,0 -73.184682,-53.06463,0 -73.139719,-53.099216,0 -72.979563,-53.054783,0 -72.953603,-53.02361400000001,0 -72.947377,-52.985772,0 -72.97252400000001,-52.924737,0 -72.953603,-52.893324,0 -73.015614,-52.84172900000001,0 -72.939931,-52.79705199999999,0 -72.860422,-52.788832,0 -72.845123,-52.759373,0 -72.790842,-52.752699,0 -72.67389900000001,-52.65252,0 -72.687001,-52.63421,0 -72.79873600000001,-52.615411,0 -72.819203,-52.586521,0 -72.972646,-52.717055,0 -72.98835200000001,-52.704278,0 -72.90452999999999,-52.629653,0 -72.85728899999999,-52.529718,0 -72.85802200000001,-52.502211,0 -72.80956,-52.516534,0 -72.795033,-52.541192,0 -72.65611699999999,-52.52166100000001,0 -72.569976,-52.556899,0 -72.501698,-52.516534,0 -72.38963800000001,-52.507582,0 -72.401723,-52.53102000000001,0 -72.486887,-52.538751,0 -72.549143,-52.591567,0 -72.41925999999999,-52.653009,0 -72.398061,-52.61891,0 -72.43346099999999,-52.61891,0 -72.373931,-52.588149,0 -72.34557,-52.54046000000001,0 -72.309926,-52.516534,0 -72.097646,-52.516534,0 -72.027731,-52.559261,0 -71.911209,-52.541968,0 -71.75989199999999,-52.568407,0 -71.631111,-52.5744,0 -71.571611,-52.561278,0 -71.491811,-52.61256299999999,0 -71.478103,-52.646138,0 -71.585005,-52.660391,0 -71.62943799999999,-52.683784,0 -71.85052899999999,-52.69471,0 -71.920311,-52.681624,0 -71.98014000000001,-52.645461,0 -72.000378,-52.64609800000001,0 -72.01451400000001,-52.67273,0 -72.042897,-52.674333,0 -72.077653,-52.653618,0 -72.16087400000001,-52.652118,0 -72.198598,-52.693292,0 -72.268951,-52.70086,0 -72.303944,-52.746515,0 -72.398061,-52.783461,0 -72.431264,-52.856622,0 -72.460927,-52.840509,0 -72.47398800000001,-52.80641,0 -72.595855,-52.834242,0 -72.56314,-52.803888,0 -72.588206,-52.795994,0 -72.714833,-52.869399,0 -72.721425,-52.851739,0 -72.69749899999999,-52.82708100000001,0 -72.611318,-52.774102,0 -72.61156200000001,-52.741876,0 -72.703481,-52.70769599999999,0 -72.762441,-52.769789,0 -72.878163,-52.813084,0 -72.960357,-52.824965,0 -72.976471,-52.83879999999999,0 -72.92398,-52.886407,0 -72.94766199999999,-52.926365,0 -72.917226,-52.989435,0 -72.926422,-53.024591,0 -72.90452999999999,-53.03631,0 -72.878489,-53.016778,0 -72.876088,-53.036391,0 -72.933746,-53.10475,0 -72.845082,-53.15016000000001,0 -72.803375,-53.11858500000001,0 -72.71397899999999,-53.105564,0 -72.707183,-53.125421,0 -72.65257699999999,-53.153416,0 -72.748158,-53.139093,0 -72.763295,-53.14568500000001,0 -72.72765099999999,-53.18759499999999,0 -72.795969,-53.173272,0 -72.754384,-53.21200900000001,0 -72.689198,-53.24033,0 -72.72451700000001,-53.266697,0 -72.719553,-53.29257599999999,0 -72.776031,-53.283136,0 -72.758697,-53.235284,0 -72.906077,-53.19540800000001,0 -72.95637000000001,-53.160577,0 -73.13915,-53.18759499999999,0 -73.303049,-53.153416,0 -73.171376,-53.25644299999999,0 -72.943674,-53.352634,0 -72.872304,-53.366306,0 -72.877309,-53.381931,0 -72.80956,-53.38681399999999,0 -72.794667,-53.440118,0 -72.776031,-53.434503,0 -72.76317299999999,-53.387791,0 -72.731313,-53.417739,0 -72.721425,-53.462498,0 -72.65721600000001,-53.471612,0 -72.63890499999999,-53.49667699999999,0 -72.54955,-53.523207,0 -72.531728,-53.542087,0 -72.36457299999999,-53.53687900000001,0 -72.483469,-53.409112,0 -72.522206,-53.39950900000001,0 -72.53929599999999,-53.420831,0 -72.559234,-53.41790100000001,0 -72.63727799999999,-53.35849400000001,0 -72.65147899999999,-53.34075300000001,0 -72.64513100000001,-53.31780400000001,0 -72.593495,-53.364028,0 -72.522206,-53.366306,0 -72.50377400000001,-53.313897,0 -72.535878,-53.270115,0 -72.516957,-53.261895,0 -72.447011,-53.28191500000001,0 -72.41234300000001,-53.25644299999999,0 -72.521637,-53.219496,0 -72.538197,-53.19736099999999,0 -72.51537,-53.19426800000001,0 -72.461985,-53.229913,0 -72.435292,-53.216404,0 -72.488026,-53.18759499999999,0 -72.36457299999999,-53.222263,0 -72.327626,-53.221287,0 -72.31578500000001,-53.20671999999999,0 -72.36457299999999,-53.180759,0 -72.29873600000001,-53.18255,0 -72.253489,-53.206801,0 -72.206288,-53.201104,0 -72.191396,-53.180597,0 -72.22712199999999,-53.15016000000001,0 -72.321645,-53.132094,0 -72.367096,-53.068129,0 -72.41270900000001,-53.085382,0 -72.474436,-53.07146600000001,0 -72.56314,-53.078871,0 -72.494781,-53.055922,0 -72.38003500000001,-53.050388,0 -72.268951,-53.07146600000001,0 -72.31362900000001,-53.03338,0 -72.286,-53.02988,0 -72.214955,-53.048761,0 -72.11705499999999,-53.128595,0 -72.021962,-53.125421,0 -71.906233,-53.010889,0 -71.57719899999999,-52.88998,0 -71.483957,-52.824884,0 -71.398629,-52.831715,0 -71.398793,-52.728204,0 -71.352115,-52.807111,0 -71.249182,-52.78875600000001,0 -71.210155,-52.81552,0 -71.169285,-52.812813,0 -71.120493,-52.880289,0 -71.118764,-52.919636,0 -71.198582,-52.92390400000001,0 -71.234853,-52.955824,0 -71.261708,-53.025974,0 -71.360219,-53.116143,0 -71.479848,-53.13551199999999,0 -71.584706,-53.166925,0 -71.629994,-53.19801200000001,0 -71.74242099999999,-53.223403,0 -71.775502,-53.341729,0 -71.754465,-53.462498,0 -71.814198,-53.520685,0 -71.898427,-53.530694,0 -71.98444600000001,-53.564874,0 -72.007965,-53.554295,0 -71.993804,-53.522231,0 -71.854726,-53.484308,0 -71.789174,-53.44133899999999,0 -71.83495000000001,-53.252048,0 -71.855621,-53.225356,0 -71.925771,-53.235284,0 -71.980946,-53.222263,0 -72.02171800000001,-53.247328,0 -72.004465,-53.350274,0 -72.015126,-53.392999,0 -72.04894,-53.38982499999999,0 -72.092519,-53.422621,0 -72.24168899999999,-53.434503,0 -72.168691,-53.411554,0 -72.135732,-53.37127,0 -72.099599,-53.39006899999999,0 -72.083404,-53.372491,0 -72.080434,-53.32903400000001,0 -72.097239,-53.267755,0 -72.11461300000001,-53.25676800000001,0 -72.282297,-53.242771,0 -72.41234300000001,-53.310968,0 -72.423451,-53.331801,0 -72.40648400000001,-53.361586,0 -72.453277,-53.407322,0 -72.398061,-53.47893599999999,0 -72.29694600000001,-53.551202,0 -72.284088,-53.581231,0 -72.228261,-53.600356,0 -72.103871,-53.68906,0 -72.04246999999999,-53.706801,0 -72.001454,-53.674086,0 -71.929433,-53.72877399999999,0 -71.89159100000001,-53.694024,0 -71.87442,-53.696547,0 -71.86514200000001,-53.733168,0 -71.644643,-53.82366300000001,0 -71.479848,-53.82935999999999,0 -71.28502400000001,-53.886,0 -71.03425,-53.809747,0 -70.97362200000001,-53.756036,0 -70.979482,-53.679295,0 -70.945627,-53.638849,0 -70.939443,-53.592218,0 -70.99347899999999,-53.42701600000001,0 -70.99274699999999,-53.382989,0 -70.963735,-53.326755,0 -70.950551,-53.197524,0 -70.88711499999999,-53.113865,0 -70.866119,-53.049737,0 -70.816884,-52.992446,0 -70.80915299999999,-52.96160199999999,0 -70.810455,-52.927179,0 -70.88921499999999,-52.913626,0 -70.84124799999999,-52.903427,0 -70.812123,-52.82138400000001,0 -70.73884,-52.783868,0 -70.791493,-52.776056,0 -70.802317,-52.74928199999999,0 -70.863759,-52.721368,0 -70.764394,-52.721368,0 -70.734039,-52.70142999999999,0 -70.716413,-52.737064,0 -70.698178,-52.739432,0 -70.63318200000001,-52.708383,0 -70.586823,-52.71428400000001,0 -70.569576,-52.702496,0 -70.592163,-52.687966,0 -70.583039,-52.671999,0 -70.52587800000001,-52.65992700000001,0 -70.505988,-52.661289,0 -70.501773,-52.677495,0 -70.54978699999999,-52.70274300000001,0 -70.54823500000001,-52.722722,0 -70.517734,-52.723255,0 -70.366139,-52.655531,0 -70.33300699999999,-52.660115,0 -70.321793,-52.638147,0 -70.207716,-52.651003,0 -70.199371,-52.621677,0 -70.151982,-52.586508,0 -69.945689,-52.531094,0 -69.84658,-52.486543,0 -69.77982,-52.522614,0 -69.67235100000001,-52.530857,0 -69.574859,-52.46795,0 -69.54531799999999,-52.39934699999999,0 -69.496938,-52.385349,0 -69.47093700000001,-52.27271900000001,0 -69.44200600000001,-52.25213,0 -69.34621799999999,-52.244565,0 -69.234708,-52.203143,0 -69.130116,-52.208103,0 -68.898461,-52.303537,0 -68.712765,-52.306908,0 -68.56546299999999,-52.340929,0 -68.44861,-52.346617,0 -68.44820799999999,-52.310394,0 -68.621724,-52.26363,0 -68.820497,-52.243167,0 -69.007566,-52.17908799999999,0 -69.212256,-52.13795300000001,0 -69.48528899999999,-52.132476,0 -69.952754,-52.007419,0 -71.917699,-51.99005499999999,0 -71.96524100000001,-51.97062500000001,0 -71.948498,-51.896004,0 -71.98172599999999,-51.844948,0 -72.142129,-51.739425,0 -72.300724,-51.691469,0 -72.33090300000001,-51.599382,0 -72.351522,-51.583465,0 -72.42914,-51.57602399999999,0 -72.450069,-51.55266600000001,0 -72.351212,-51.475978,0 -72.35172900000001,-51.440425,0 -72.323565,-51.39081600000001,0 -72.320465,-51.31257699999999,0 -72.258815,-51.245191,0 -72.273956,-51.21676900000001,0 -72.38221799999999,-51.160597,0 -72.404594,-51.10582,0 -72.33860300000001,-51.036987,0 -72.29343799999999,-51.029236,0 -72.265946,-50.960713,0 -72.26346599999999,-50.836276,0 -72.347388,-50.743155,0 -72.302843,-50.648897,0 -72.505983,-50.601251,0 -72.618121,-50.666777,0 -72.662614,-50.667811,0 -72.755787,-50.61644399999999,0 -72.90285799999999,-50.66657,0 -73.051738,-50.75783100000001,0 -73.139484,-50.770233,0 -73.177725,-50.749459,0 -73.192246,-50.64135199999999,0 -73.257617,-50.573036,0 -73.27420499999999,-50.36447,0 -73.301438,-50.299564,0 -73.346345,-50.24365,0 -73.53057200000001,-50.14081399999999,0 -73.54147500000001,-50.113736,0 -73.478585,-50.009453,0 -73.500212,-49.97865400000001,0 -73.57274,-49.932352,0 -73.54194,-49.894524,0 -73.534499,-49.847602,0 -73.462979,-49.787141,0 -73.465098,-49.759959,0 -73.539512,-49.692676,0 -73.546385,-49.67676,0 -73.52111499999999,-49.60896,0 -73.57555600000001,-49.559248,0 -73.586589,-49.529999,0 -73.542586,-49.491035,0 -73.55113900000001,-49.444009,0 -73.540442,-49.42778300000001,0 -73.466725,-49.387579,0 -73.471118,-49.317195,0 -73.145014,-49.303656,0 -73.141293,-49.285569,0 -73.097627,-49.266552,0 -73.162584,-49.25818100000001,0 -73.18434000000001,-49.214256,0 -73.09711,-49.121342,0 -73.078558,-49.05871,0 -73.009725,-48.99039400000001,0 -72.922237,-48.952256,0 -72.781212,-48.93386,0 -72.59233399999999,-48.791129,0 -72.57802,-48.72188299999999,0 -72.584221,-48.61594599999999,0 -72.61471,-48.510009,0 -72.57678,-48.45213200000001,0 -72.433119,-48.400352,0 -72.37141800000001,-48.346402,0 -72.3154,-48.350329,0 -72.295092,-48.333276,0 -72.325632,-48.28552699999999,0 -72.30950900000001,-48.211216,0 -72.343047,-48.07045,0 -72.388006,-48.057841,0 -72.419167,-48.00957500000001,0 -72.509445,-47.972988,0 -72.543914,-47.9148,0 -72.45730399999999,-47.749126,0 -72.344443,-47.60226100000001,0 -72.32087799999999,-47.498392,0 -72.370487,-47.474517,0 -72.361186,-47.450953,0 -72.288167,-47.41498599999999,0 -72.209154,-47.420257,0 -72.170551,-47.407544,0 -72.038156,-47.287035,0 -72.02942299999999,-47.269672,0 -72.04513300000001,-47.215825,0 -72.03030099999999,-47.197531,0 -71.912531,-47.234532,0 -71.880698,-47.22192299999999,0 -71.863283,-47.196601,0 -71.874135,-47.14254800000001,0 -72.00518700000001,-47.061932,0 -71.999967,-47.042192,0 -71.914805,-46.998474,0 -71.97035700000001,-46.948451,0 -71.936199,-46.854297,0 -71.95010000000001,-46.813989,0 -71.93413200000001,-46.79952,0 -71.834086,-46.78856400000001,0 -71.68716999999999,-46.690069,0 -71.695542,-46.587129,0 -71.680504,-46.53814,0 -71.751869,-46.393033,0 -71.763341,-46.244515,0 -71.91470099999999,-46.152324,0 -71.90446900000001,-46.136304,0 -71.770162,-46.11263600000001,0 -71.612291,-45.97052599999999,0 -71.665879,-45.88402,0 -71.758483,-45.84815600000001,0 -71.749027,-45.786765,0 -71.801788,-45.72403,0 -71.78049799999999,-45.689406,0 -71.78241,-45.641761,0 -71.742825,-45.594322,0 -71.76509799999999,-45.572411,0 -71.71373199999999,-45.53324,0 -71.525836,-45.518978,0 -71.48909399999999,-45.498514,0 -71.478139,-45.482701,0 -71.508318,-45.40839,0 -71.389359,-45.37077,0 -71.31153399999999,-45.299456,0 -71.317167,-45.26721,0 -71.36326200000001,-45.20881599999999,0 -71.487182,-45.123343,0 -71.555188,-45.00583100000001,0 -71.58872599999999,-44.978132,0 -71.70236300000001,-44.973688,0 -71.782461,-44.927386,0 -71.889432,-44.94723,0 -72.009838,-44.904545,0 -72.073503,-44.902168,0 -72.088748,-44.782795,0 -72.07624199999999,-44.760781,0 -72.04782,-44.754786,0 -71.85455,-44.79096,0 -71.762669,-44.754373,0 -71.631204,-44.780005,0 -71.49710399999999,-44.742901,0 -71.378868,-44.79189,0 -71.29783999999999,-44.795611,0 -71.238153,-44.747862,0 -71.240634,-44.658152,0 -71.21339999999999,-44.607095,0 -71.188802,-44.584771,0 -71.147358,-44.580844,0 -71.122398,-44.549424,0 -71.171336,-44.452169,0 -71.209783,-44.427571,0 -71.437831,-44.401526,0 -71.822045,-44.40318,0 -71.860596,-44.377135,0 -71.86416199999999,-44.359152,0 -71.810418,-44.333624,0 -71.80401000000001,-44.314813,0 -71.831812,-44.270165,0 -71.80509600000001,-44.205156,0 -71.85873599999999,-44.107798,0 -71.762204,-44.064079,0 -71.6696,-43.959796,0 -71.659885,-43.92631,0 -71.728718,-43.846211,0 -71.761842,-43.828435,0 -71.755021,-43.771384,0 -71.79713700000001,-43.780789,0 -71.819203,-43.758051,0 -71.803235,-43.726012,0 -71.70918399999999,-43.684361,0 -71.71429999999999,-43.602195,0 -71.800703,-43.544214,0 -71.873825,-43.538943,0 -71.881525,-43.524474,0 -71.858632,-43.498636,0 -71.868813,-43.462566,0 -71.955112,-43.443549,0 -71.936767,-43.426702,0 -71.94095299999999,-43.391769,0 -71.912324,-43.367791,0 -71.901731,-43.322006,0 -71.75068,-43.295341,0 -71.75765699999999,-43.225371,0 -71.742981,-43.190127,0 -71.770162,-43.161395,0 -71.86188799999999,-43.13318,0 -72.054434,-43.105378,0 -72.12931399999999,-43.04223,0 -72.148537,-42.998718,0 -72.112674,-42.863842,0 -72.121252,-42.719665,0 -72.141457,-42.65569,0 -72.131587,-42.624064,0 -72.14843399999999,-42.592645,0 -72.122647,-42.529909,0 -72.03919,-42.48123,0 -72.075208,-42.433791,0 -72.060687,-42.368886,0 -72.069886,-42.349972,0 -72.133706,-42.287599,0 -72.05893,-42.197578,0 -72.039913,-42.144662,0 -72.009838,-42.124714,0 -71.97748799999999,-42.125335,0 -71.923796,-42.176908,0 -71.884264,-42.144248,0 -71.77310799999999,-42.11996,0 -71.73626299999999,-42.08389,0 -71.73957,-42.031904,0 -71.780653,-41.986428,0 -71.7744,-41.939196,0 -71.794037,-41.867469,0 -71.856875,-41.78613,0 -71.868968,-41.71554,0 -71.925915,-41.653012,0 -71.925967,-41.622936,0 -71.853258,-41.567332,0 -71.888088,-41.512762,0 -71.87982,-41.436694,0 -71.903953,-41.367655,0 -71.87336000000001,-41.249212,0 -71.889432,-41.179759,0 -71.87134500000001,-41.166737,0 -71.853981,-41.078887,0 -71.867676,-40.998995,0 -71.851449,-40.938327,0 -71.91067099999999,-40.850064,0 -71.95557700000001,-40.720356,0 -71.853103,-40.616383,0 -71.847729,-40.579589,0 -71.861836,-40.54972,0 -71.796414,-40.414535,0 -71.729286,-40.421356,0 -71.67404399999999,-40.324101,0 -71.686705,-40.288547,0 -71.74267,-40.296506,0 -71.823751,-40.210103,0 -71.80287300000001,-40.116052,0 -71.814036,-40.0929,0 -71.766752,-40.076881,0 -71.683708,-40.098998,0 -71.67094400000001,-40.060758,0 -71.680504,-40.009495,0 -71.616632,-39.909863,0 -71.684586,-39.833485,0 -71.71435200000001,-39.726308,0 -71.69404299999999,-39.673495,0 -71.71605700000001,-39.644762,0 -71.71435200000001,-39.601354,0 -71.68975399999999,-39.568385,0 -71.61781999999999,-39.61665,0 -71.519997,-39.614997,0 -71.503512,-39.601664,0 -71.49565699999999,-39.565594,0 -71.54195900000001,-39.532315,0 -71.461654,-39.433819,0 -71.47653699999999,-39.38297,0 -71.42021,-39.342145,0 -71.41204500000001,-39.317961,0 -71.401968,-39.236002,0 -71.430235,-38.999117,0 -71.399901,-38.910544,0 -71.279753,-38.850186,0 -71.236035,-38.811635,0 -71.15283599999999,-38.798819,0 -71.048423,-38.746626,0 -70.94504499999999,-38.747246,0 -70.909543,-38.706422,0 -70.873835,-38.691436,0 -70.883421,-38.643067,0 -70.83758400000001,-38.584465,0 -70.848668,-38.527621,0 -70.95047099999999,-38.459408,0 -70.97375099999999,-38.424682,0 -71.01974300000001,-38.234306,0 -71.008658,-38.167643,0 -71.023515,-38.104598,0 -71.007418,-38.071008,0 -71.087594,-37.940164,0 -71.18503,-37.706069,0 -71.190766,-37.640027,0 -71.127928,-37.584423,0 -71.14172499999999,-37.543909,0 -71.117696,-37.466497,0 -71.194745,-37.343508,0 -71.205597,-37.292658,0 -71.146479,-37.214833,0 -71.139296,-37.133288,0 -71.089119,-37.103419,0 -71.139555,-37.061664,0 -71.15604,-37.002753,0 -71.207148,-36.972367,0 -71.161466,-36.975468,0 -71.135679,-36.95149,0 -71.169062,-36.921931,0 -71.158778,-36.882657,0 -71.195159,-36.839146,0 -71.151544,-36.760494,0 -71.145343,-36.68825,0 -71.129943,-36.676882,0 -71.073021,-36.696829,0 -71.057441,-36.68763,0 -71.06891299999999,-36.566397,0 -71.043282,-36.484335,0 -70.934968,-36.472553,0 -70.907786,-36.405167,0 -70.890371,-36.400413,0 -70.807198,-36.433382,0 -70.71865,-36.414572,0 -70.70859900000001,-36.379949,0 -70.732215,-36.334267,0 -70.710511,-36.265847,0 -70.60436799999999,-36.194637,0 -70.581424,-36.143167,0 -70.499129,-36.163631,0 -70.451483,-36.152262,0 -70.386939,-36.058728,0 -70.383684,-36.030513,0 -70.412571,-35.957339,0 -70.383684,-35.913207,0 -70.420787,-35.903802,0 -70.42024499999999,-35.868352,0 -70.35732899999999,-35.815229,0 -70.421537,-35.659683,0 -70.40823,-35.506204,0 -70.445463,-35.461142,0 -70.471766,-35.37939,0 -70.42838399999999,-35.357066,0 -70.439753,-35.332157,0 -70.47528,-35.314071,0 -70.560417,-35.298361,0 -70.578891,-35.259707,0 -70.54289900000001,-35.209271,0 -70.386629,-35.16669,0 -70.353711,-34.953266,0 -70.276713,-34.798237,0 -70.316298,-34.74563,0 -70.27314800000001,-34.727026,0 -70.252219,-34.695814,0 -70.227828,-34.58533,0 -70.16777999999999,-34.538407,0 -70.114294,-34.447354,0 -70.06757899999999,-34.414591,0 -70.05758,-34.291187,0 -69.989237,-34.26907,0 -69.911568,-34.284573,0 -69.828885,-34.23331,0 -69.87325,-34.139982,0 -69.85580899999999,-33.984746,0 -69.865602,-33.957668,0 -69.90955200000001,-33.955704,0 -69.897279,-33.871368,0 -69.914255,-33.771943,0 -69.860046,-33.726364,0 -69.89536699999999,-33.662285,0 -69.87294,-33.586011,0 -69.87883100000001,-33.558002,0 -69.841469,-33.532784,0 -69.830901,-33.458163,0 -69.79446900000001,-33.414652,0 -69.787674,-33.379408,0 -69.81389900000001,-33.289491,0 -69.836844,-33.26572,0 -69.905289,-33.238228,0 -69.940558,-33.242879,0 -69.983863,-33.294452,0 -70.01001100000001,-33.299103,0 -70.041121,-33.238952,0 -70.10946300000001,-33.169602,0 -70.09217700000001,-33.091777,0 -70.111194,-33.038447,0 -70.088921,-33.008268,0 -70.04249,-32.992662,0 -70.000219,-32.876597,0 -70.08726799999999,-32.823267,0 -70.155739,-32.738414,0 -70.18108599999999,-32.607569,0 -70.17057,-32.572739,0 -70.13773,-32.569019,0 -70.157883,-32.542457,0 -70.16082900000001,-32.485303,0 -70.24532000000001,-32.403964,0 -70.242374,-32.330274,0 -70.269194,-32.299061,0 -70.32180099999999,-32.280147,0 -70.34552100000001,-32.174727,0 -70.33523700000001,-32.140001,0 -70.389084,-32.053081,0 -70.373323,-32.030395,0 -70.28469699999999,-32.046777,0 -70.244467,-31.942235,0 -70.313326,-31.882084,0 -70.42828,-31.870095,0 -70.464144,-31.838262,0 -70.483988,-31.797645,0 -70.486313,-31.731189,0 -70.589769,-31.567684,0 -70.57899500000001,-31.431982,0 -70.554655,-31.362942,0 -70.568969,-31.304238,0 -70.5468,-31.26455,0 -70.5414,-31.188173,0 -70.467787,-31.089367,0 -70.448098,-31.097636,0 -70.43561800000001,-31.141354,0 -70.408643,-31.150036,0 -70.33978500000001,-31.041722,0 -70.266559,-31.036451,0 -70.33921599999999,-30.938162,0 -70.31947599999999,-30.800806,0 -70.27617100000001,-30.725565,0 -70.27598999999999,-30.673062,0 -70.217105,-30.515139,0 -70.14393099999999,-30.439588,0 -70.173412,-30.364657,0 -70.146928,-30.353908,0 -70.030191,-30.39711,0 -69.96458800000001,-30.374786,0 -69.912136,-30.329517,0 -69.890742,-30.228955,0 -69.848962,-30.199086,0 -69.835758,-30.161879,0 -69.880717,-30.099764,0 -69.97324399999999,-30.089428,0 -69.980375,-30.072479,0 -69.927975,-29.976774,0 -69.915599,-29.805621,0 -69.929086,-29.718288,0 -69.973192,-29.666095,0 -69.968464,-29.583309,0 -70.042619,-29.363064,0 -70.040655,-29.297539,0 -70.031121,-29.277178,0 -69.980323,-29.249996,0 -69.989496,-29.214443,0 -69.921981,-29.168038,0 -69.910948,-29.143233,0 -69.844363,-29.12928,0 -69.803926,-29.098688,0 -69.802789,-28.939938,0 -69.732767,-28.794314,0 -69.75338600000001,-28.673391,0 -69.72207,-28.610656,0 -69.678404,-28.573862,0 -69.672358,-28.457693,0 -69.653031,-28.397852,0 -69.510094,-28.267524,0 -69.49050800000001,-28.198381,0 -69.476168,-28.187942,0 -69.420306,-28.212644,0 -69.311759,-28.03653,0 -69.30323300000001,-27.99953,0 -69.190191,-27.951368,0 -69.124329,-27.73443,0 -69.07583099999999,-27.696189,0 -69.092341,-27.640172,0 -69.02857299999999,-27.551289,0 -69.01741,-27.460442,0 -68.93144700000001,-27.395226,0 -68.88305200000001,-27.294974,0 -68.87075299999999,-27.198442,0 -68.814322,-27.120307,0 -68.71861699999999,-27.106665,0 -68.649474,-27.15121,0 -68.58586099999999,-27.162785,0 -68.55738700000001,-27.107388,0 -68.51800900000001,-27.076899,0 -68.330476,-27.044963,0 -68.305361,-26.897995,0 -68.570151,-26.550626,0 -68.59531699999999,-26.457299,0 -68.575164,-26.30351,0 -68.419876,-26.179279,0 -68.409024,-26.144243,0 -68.498476,-25.754913,0 -68.55935100000001,-25.663032,0 -68.56880700000001,-25.587791,0 -68.55501,-25.572598,0 -68.602914,-25.51069,0 -68.605963,-25.436999,0 -68.516046,-25.183578,0 -68.47403300000001,-25.145441,0 -68.39920499999999,-25.144821,0 -68.366649,-25.123427,0 -68.367373,-25.103376,0 -68.443544,-25.021107,0 -68.437394,-24.974082,0 -68.469072,-24.936771,0 -68.473051,-24.907936,0 -68.555165,-24.862151,0 -68.578006,-24.808717,0 -68.572373,-24.769856,0 -68.49553,-24.601805,0 -68.451502,-24.629297,0 -68.397655,-24.500519,0 -68.326807,-24.498245,0 -68.24448599999999,-24.38538399999999,0 -67.362369,-24.03036699999999,0 -67.339787,-24.000601,0 -67.01396699999999,-23.000714,0 -67.193904,-22.822223,0 -67.616772,-22.897258,0 -67.77144,-22.888679,0 -67.887092,-22.818709,0 -67.891329,-22.715667,0 -67.85918700000001,-22.547305,0 -67.951894,-22.334088,0 -67.93478899999999,-22.251716,0 -67.976595,-22.159835,0 -67.960627,-22.102887,0 -68.096226,-21.953956,0 -68.107595,-21.789625,0 -68.12836900000001,-21.712317,0 -68.198442,-21.57186,0 -68.19374000000001,-21.328464,0 -68.207537,-21.284333,0 -68.41631,-20.959805,0 -68.453931,-20.939754,0 -68.510206,-20.940168,0 -68.55511300000001,-20.913916,0 -68.57196,-20.872368,0 -68.57278599999999,-20.742867,0 -68.55020399999999,-20.699046,0 -68.481629,-20.643028,0 -68.480957,-20.624735,0 -68.68554399999999,-20.516834,0 -68.76541,-20.421233,0 -68.757685,-20.364286,0 -68.678516,-20.328629,0 -68.72946899999999,-20.228687,0 -68.726265,-20.150965,0 -68.789466,-20.125851,0 -68.792592,-20.106627,0 -68.652885,-20.054227,0 -68.588341,-20.055571,0 -68.541574,-19.920385,0 -68.561108,-19.844317,0 -68.698412,-19.746339,0 -68.70321800000001,-19.71554,0 -68.63097399999999,-19.641952,0 -68.510206,-19.471627,0 -68.447626,-19.434627,0 -68.493205,-19.376956,0 -68.663324,-19.273603,0 -68.698464,-19.215622,0 -68.81540699999999,-19.113303,0 -68.908502,-19.067931,0 -68.961703,-18.969435,0 -68.989609,-18.946491,0 -68.95984300000001,-18.907837,0 -68.95144500000001,-18.867323,0 -69.010537,-18.744539,0 -69.003484,-18.702682,0 -69.033844,-18.649455,0 -69.034386,-18.478303,0 -69.07782,-18.398824,0 -69.100351,-18.234286,0 -69.141201,-18.186847,0 -69.155438,-18.140235,0 -69.089215,-18.083081,0 -69.081722,-18.039983,0 -69.092057,-18.023343,0 -69.157712,-18.02572,0 -69.234813,-17.992957,0 -69.262047,-17.964019,0 -69.302406,-17.976214,0 -69.326875,-17.915133,0 -69.334239,-17.805785,0 -69.359405,-17.75938,0 -69.497123,-17.621404,0 -69.51008899999999,-17.506588,0 -69.683902,-17.656036,0 
							</coordinates>
						</LinearRing>
					</outerBoundaryIs>
				</Polygon>
			</Placemark>
			<Placemark id="3A8B097637D3F8C0BDEF6">
				<name>Chile</name>
				<snippet></snippet>
				<description>See: 2050-snapshot/domains/borders-geopolitics.md#lithium-triangle</description>
				<styleUrl>#__managed_style_CF3881D7E73F8C0BDF1B</styleUrl>
				<Polygon>
					<outerBoundaryIs>
						<LinearRing>
							<coordinates>
								-68.71239199999999,-54.770929,0 -68.641882,-54.782971,0 -68.627617,-52.639572,0 -68.779026,-52.548254,0 -68.813158,-52.591282,0 -68.92065700000001,-52.640175,0 -69.140248,-52.68377,0 -69.225942,-52.639255,0 -69.37415900000001,-52.47029,0 -69.417565,-52.45147200000001,0 -69.603871,-52.521173,0 -69.623606,-52.560317,0 -69.59101099999999,-52.641873,0 -69.734351,-52.774459,0 -69.824403,-52.78252000000001,0 -69.9114,-52.84790399999999,0 -70.001133,-52.841734,0 -70.128615,-52.732282,0 -70.416127,-52.758071,0 -70.425526,-52.77662500000001,0 -70.335846,-52.777032,0 -70.28266000000001,-52.798449,0 -70.25720200000001,-52.86829599999999,0 -70.286187,-52.882949,0 -70.30089099999999,-52.91493,0 -70.21939,-52.86516699999999,0 -70.15489700000001,-52.88591899999999,0 -70.13072699999999,-52.879571,0 -70.089175,-52.91106299999999,0 -70.134229,-53.011951,0 -70.243452,-53.06172500000001,0 -70.335239,-53.05129599999999,0 -70.315715,-53.026428,0 -70.34292600000001,-53.00628,0 -70.314865,-52.968048,0 -70.418993,-53.011716,0 -70.440191,-53.106061,0 -70.434777,-53.16864199999999,0 -70.462591,-53.220654,0 -70.473541,-53.309259,0 -70.44253500000001,-53.362481,0 -70.34471600000001,-53.391778,0 -70.256703,-53.46103299999999,0 -70.202707,-53.468683,0 -70.116444,-53.434503,0 -70.021602,-53.43632600000001,0 -69.89782200000001,-53.386644,0 -69.675473,-53.358358,0 -69.35265099999999,-53.355727,0 -69.318613,-53.450523,0 -69.324009,-53.492278,0 -69.36084200000001,-53.521675,0 -69.65143999999999,-53.636231,0 -69.806765,-53.66548299999999,0 -69.91577700000001,-53.661475,0 -69.92546400000001,-53.678857,0 -70.13695199999999,-53.738702,0 -70.17516000000001,-53.760512,0 -70.178212,-53.83342900000001,0 -70.14708400000001,-53.92229600000001,0 -70.10338299999999,-53.969496,0 -70.056752,-54.087009,0 -70.014027,-54.113539,0 -69.883656,-54.16131,0 -69.568512,-54.224786,0 -69.53111699999999,-54.256931,0 -69.279612,-54.321547,0 -69.17174199999999,-54.38242,0 -69.091379,-54.391371,0 -68.989003,-54.43141000000001,0 -68.994944,-54.468438,0 -69.040761,-54.469334,0 -69.082346,-54.448663,0 -69.15746,-54.453058,0 -69.174875,-54.476007,0 -69.15746,-54.558526,0 -69.169911,-54.57822,0 -69.224436,-54.527276,0 -69.26943900000001,-54.53240300000001,0 -69.331654,-54.59970500000001,0 -69.373036,-54.61589900000001,0 -69.37718700000001,-54.681573,0 -69.41746999999999,-54.623305,0 -69.35606799999999,-54.55120200000001,0 -69.226674,-54.476983,0 -69.23998,-54.441339,0 -69.52293899999999,-54.337498,0 -69.56525600000001,-54.356052,0 -69.57087199999999,-54.372817,0 -69.522043,-54.436456,0 -69.558583,-54.436456,0 -69.691884,-54.317804,0 -69.85912,-54.280369,0 -69.881947,-54.312677,0 -69.808013,-54.38437299999999,0 -69.815541,-54.421157,0 -69.741322,-54.47796,0 -69.763783,-54.51970799999999,0 -69.75414000000001,-54.542901,0 -69.77538,-54.554864,0 -69.80174700000001,-54.53753,0 -69.78522700000001,-54.484145,0 -69.824859,-54.468357,0 -69.883656,-54.503351,0 -69.87486699999999,-54.420994,0 -69.904286,-54.41073999999999,0 -69.924672,-54.373793,0 -69.96686800000001,-54.379815,0 -69.952545,-54.352634,0 -69.97394799999999,-54.34531,0 -69.973012,-54.297296,0 -70.03449500000001,-54.256931,0 -70.090199,-54.253188,0 -70.139882,-54.296645,0 -70.199045,-54.320571,0 -70.165761,-54.34929799999999,0 -70.07481799999999,-54.369806,0 -70.144643,-54.391371,0 -70.136871,-54.427667,0 -70.32249899999999,-54.32529099999999,0 -70.932688,-54.113539,0 -70.90290299999999,-54.155857,0 -70.822743,-54.195489,0 -70.89850800000001,-54.181817,0 -70.86856,-54.246189,0 -70.843251,-54.263116,0 -70.577707,-54.27483500000001,0 -70.51032499999999,-54.320896,0 -70.49811800000001,-54.34099700000001,0 -70.513661,-54.359308,0 -70.459096,-54.38323299999999,0 -70.45567800000001,-54.416274,0 -70.42764200000001,-54.437677,0 -70.252512,-54.486098,0 -70.13072699999999,-54.545017,0 -70.301991,-54.496515,0 -70.27598999999999,-54.53240300000001,0 -70.233144,-54.55120200000001,0 -70.24942,-54.575372,0 -70.346262,-54.506931,0 -70.439768,-54.478448,0 -70.585194,-54.390558,0 -70.651438,-54.427667,0 -70.696929,-54.494806,0 -70.701161,-54.53346100000001,0 -70.634023,-54.600274,0 -70.684234,-54.594334,0 -70.740224,-54.55120200000001,0 -70.764394,-54.599542,0 -70.78067,-54.57154700000001,0 -70.774078,-54.54412199999999,0 -70.711578,-54.48072700000001,0 -70.72716200000001,-54.427667,0 -70.610463,-54.3388,0 -70.67194600000001,-54.32529099999999,0 -70.745513,-54.34531,0 -70.74767,-54.331476,0 -70.80064900000001,-54.315851,0 -70.952504,-54.3388,0 -70.93415299999999,-54.415948,0 -70.96153700000001,-54.431248,0 -70.972401,-54.469008,0 -71.01085399999999,-54.448663,0 -71.144887,-54.43515399999999,0 -71.09023999999999,-54.510837,0 -71.14989199999999,-54.476983,0 -71.18928,-54.42848099999999,0 -71.36461300000001,-54.37297900000001,0 -71.43293199999999,-54.40097399999999,0 -71.323069,-54.427667,0 -71.38927200000001,-54.457289,0 -71.41055299999999,-54.435235,0 -71.45958400000001,-54.43515399999999,0 -71.520009,-54.40960100000001,0 -71.535308,-54.407159,0 -71.514027,-54.43377,0 -71.52892,-54.448337,0 -71.58731,-54.405369,0 -71.614125,-54.410903,0 -71.60912,-54.442153,0 -71.579661,-54.462091,0 -71.494293,-54.476007,0 -71.49522899999999,-54.493748,0 -71.562489,-54.491795,0 -71.563222,-54.510837,0 -71.614858,-54.501397,0 -71.689198,-54.440199,0 -71.734527,-54.427667,0 -71.715199,-54.41480900000001,0 -71.749135,-54.397149,0 -71.850657,-54.414646,0 -71.83014900000001,-54.441339,0 -71.85285399999999,-54.445977,0 -71.840688,-54.465916,0 -71.69359300000001,-54.469334,0 -71.69127400000001,-54.49138799999999,0 -71.583119,-54.545017,0 -71.631703,-54.546808,0 -71.710683,-54.510512,0 -71.748199,-54.510837,0 -71.671864,-54.57171,0 -71.849762,-54.538181,0 -71.88536499999999,-54.482843,0 -71.9735,-54.448663,0 -72.002349,-54.45908,0 -71.940012,-54.510837,0 -72.007721,-54.505304,0 -71.980946,-54.53134499999999,0 -72.001454,-54.57171,0 -71.94786499999999,-54.549981,0 -71.932525,-54.55120200000001,0 -71.946645,-54.570571,0 -71.88976,-54.56812899999999,0 -71.918935,-54.599542,0 -71.90526300000001,-54.613214,0 -71.980946,-54.613214,0 -71.94432500000001,-54.654555,0 -71.82266199999999,-54.65488,0 -71.804514,-54.64039500000001,0 -71.816518,-54.62005000000001,0 -71.74046800000001,-54.61418999999999,0 -71.754465,-54.592706,0 -71.69981799999999,-54.606378,0 -71.652008,-54.599542,0 -71.68504799999999,-54.634698,0 -71.66983,-54.65398499999999,0 -71.645172,-54.65488,0 -71.597768,-54.580987,0 -71.55577599999999,-54.58586999999999,0 -71.584137,-54.618829,0 -71.583119,-54.65488,0 -71.54963100000001,-54.65488,0 -71.53416900000001,-54.612563,0 -71.494293,-54.592706,0 -71.521067,-54.66106500000001,0 -71.487864,-54.687433,0 -71.477366,-54.676446,0 -71.487538,-54.65488,0 -71.44286,-54.63372199999999,0 -71.41710399999999,-54.6513,0 -71.394643,-54.603936,0 -71.336049,-54.606378,0 -71.412465,-54.57919699999999,0 -71.400299,-54.556085,0 -71.336049,-54.56552500000001,0 -71.362172,-54.538263,0 -71.347076,-54.517185,0 -71.297963,-54.55934,0 -71.233632,-54.53134499999999,0 -71.26537,-54.568617,0 -71.25576700000001,-54.613865,0 -71.19269799999999,-54.626886,0 -71.218414,-54.644301,0 -71.30370000000001,-54.65243900000001,0 -71.28966200000001,-54.676446,0 -71.233632,-54.67522599999999,0 -71.179677,-54.702569,0 -71.103342,-54.63372199999999,0 -71.07233600000001,-54.659763,0 -71.050038,-54.65740300000001,0 -71.04230699999999,-54.628351,0 -71.06236699999999,-54.592706,0 -71.004018,-54.62005000000001,0 -70.95156799999999,-54.61638799999999,0 -71.000885,-54.66106500000001,0 -71.000885,-54.71559,0 -71.042592,-54.746189,0 -71.042348,-54.775567,0 -71.02757699999999,-54.77703200000001,0 -70.950185,-54.721368,0 -70.939849,-54.702081,0 -70.95995000000001,-54.68905999999999,0 -70.94481399999999,-54.67213300000001,0 -70.774322,-54.681573,0 -70.92210900000001,-54.712579,0 -70.927235,-54.738214,0 -70.815907,-54.75042100000001,0 -70.76065,-54.723077,0 -70.671457,-54.726739,0 -70.606353,-54.70379,0 -70.58259,-54.68905999999999,0 -70.630971,-54.667739,0 -70.54308,-54.623468,0 -70.491038,-54.613865,0 -70.45287,-54.63372199999999,0 -70.624582,-54.731541,0 -70.77969299999999,-54.76018599999999,0 -70.83702599999999,-54.78769299999999,0 -70.824941,-54.821466,0 -70.75877800000001,-54.84059,0 -70.581166,-54.77898500000001,0 -70.365346,-54.835219,0 -70.350453,-54.77703200000001,0 -70.24453699999999,-54.68905999999999,0 -70.226308,-54.69508199999999,0 -70.238596,-54.714451,0 -70.323801,-54.79754,0 -70.309438,-54.83855599999999,0 -70.239735,-54.857843,0 -70.164866,-54.845961,0 -70.138783,-54.79713300000001,0 -70.110219,-54.811212,0 -70.087148,-54.778578,0 -70.092844,-54.84905400000001,0 -69.99327599999999,-54.835056,0 -69.978505,-54.822198,0 -70.000356,-54.733331,0 -69.969553,-54.676853,0 -69.958079,-54.69378,0 -69.973012,-54.719334,0 -69.966624,-54.77841599999999,0 -69.91161,-54.818617,0 -69.80898999999999,-54.810968,0 -69.790842,-54.72144899999999,0 -69.77440300000001,-54.71559,0 -69.761708,-54.72730900000001,0 -69.767568,-54.794529,0 -69.730784,-54.803155,0 -69.713002,-54.784763,0 -69.716054,-54.68905999999999,0 -69.697743,-54.69980200000001,0 -69.678822,-54.76474400000001,0 -69.627065,-54.69207099999999,0 -69.624379,-54.760837,0 -69.678822,-54.78769299999999,0 -69.64830499999999,-54.822524,0 -69.06700600000001,-54.948826,0 -68.787994,-54.92018,0 -68.737864,-54.896091,0 -68.83844999999999,-54.85100700000001,0 -68.882965,-54.807712,0 -68.965688,-54.78443799999999,0 -68.928578,-54.778497,0 -68.665842,-54.886407,0 -68.642343,-54.853653,0 -68.641998,-54.79916799999999,0 -68.71239199999999,-54.770929,0 
							</coordinates>
						</LinearRing>
					</outerBoundaryIs>
				</Polygon>
			</Placemark>
			<Placemark id="3B86B33A2483F8C0BDEF6">
				<name>Chile</name>
				<snippet></snippet>
				<description>See: 2050-snapshot/domains/borders-geopolitics.md#lithium-triangle</description>
				<styleUrl>#__managed_style_CF3881D7E73F8C0BDF1B</styleUrl>
				<Polygon>
					<outerBoundaryIs>
						<LinearRing>
							<coordinates>
								-80.704701,-33.766778,0 -80.710927,-33.705336,0 -80.74083400000001,-33.685154,0 -80.767079,-33.701104,0 -80.777333,-33.73447,0 -80.759348,-33.766778,0 -80.704701,-33.766778,0 
							</coordinates>
						</LinearRing>
					</outerBoundaryIs>
				</Polygon>
			</Placemark>
			<Placemark id="3C30928F79C3F8C0BDEF6">
				<name>Chile</name>
				<snippet></snippet>
				<description>See: 2050-snapshot/domains/borders-geopolitics.md#lithium-triangle</description>
				<styleUrl>#__managed_style_CF3881D7E73F8C0BDF1B</styleUrl>
				<Polygon>
					<outerBoundaryIs>
						<LinearRing>
							<coordinates>
								-78.884877,-33.575616,0 -78.90168199999999,-33.602227,0 -78.99168899999999,-33.656915,0 -78.979482,-33.669122,0 -78.863637,-33.630466,0 -78.812856,-33.650649,0 -78.757639,-33.643243,0 -78.788971,-33.609063,0 -78.884877,-33.575616,0 
							</coordinates>
						</LinearRing>
					</outerBoundaryIs>
				</Polygon>
			</Placemark>
			<Placemark id="3D5F26F79C43F8C0BDEF6">
				<name>Chile</name>
				<snippet></snippet>
				<description>See: 2050-snapshot/domains/borders-geopolitics.md#lithium-triangle</description>
				<styleUrl>#__managed_style_CF3881D7E73F8C0BDF1B</styleUrl>
				<Polygon>
					<outerBoundaryIs>
						<LinearRing>
							<coordinates>
								-109.269439,-27.099298,0 -109.379628,-27.059503,0 -109.423411,-27.099298,0 -109.451324,-27.195489,0 -109.42927,-27.199395,0 -109.341461,-27.153985,0 -109.24356,-27.129164,0 -109.220041,-27.105239,0 -109.231597,-27.092462,0 -109.269439,-27.099298,0 
							</coordinates>
						</LinearRing>
					</outerBoundaryIs>
				</Polygon>
			</Placemark>
			<Placemark id="3E65989A84F3F8C0BDEF6">
				<name>Chile</name>
				<snippet></snippet>
				<description>See: 2050-snapshot/domains/borders-geopolitics.md#lithium-triangle</description>
				<styleUrl>#__managed_style_CF3881D7E73F8C0BDF1B</styleUrl>
				<Polygon>
					<outerBoundaryIs>
						<LinearRing>
							<coordinates>
								-105.46349,-26.456964,0 -105.470937,-26.457696,0 -105.459543,-26.464776,0 -105.46349,-26.456964,0 
							</coordinates>
						</LinearRing>
					</outerBoundaryIs>
				</Polygon>
			</Placemark>
			<Placemark id="3F06B8EE95D3F8C0BDEF6">
				<name>Chile</name>
				<snippet></snippet>
				<description>See: 2050-snapshot/domains/borders-geopolitics.md#lithium-triangle</description>
				<styleUrl>#__managed_style_CF3881D7E73F8C0BDF1B</styleUrl>
				<Polygon>
					<outerBoundaryIs>
						<LinearRing>
							<coordinates>
								-79.890207,-26.356052,0 -79.890736,-26.351739,0 -79.909413,-26.358168,0 -79.890207,-26.356052,0 
							</coordinates>
						</LinearRing>
					</outerBoundaryIs>
				</Polygon>
			</Placemark>
			<Placemark id="40136A2948C3F8C0BDEF6">
				<name>Chile</name>
				<snippet></snippet>
				<description>See: 2050-snapshot/domains/borders-geopolitics.md#lithium-triangle</description>
				<styleUrl>#__managed_style_CF3881D7E73F8C0BDF1B</styleUrl>
				<Polygon>
					<outerBoundaryIs>
						<LinearRing>
							<coordinates>
								-80.107777,-26.274998,0 -80.09044299999999,-26.274509,0 -80.095693,-26.266046,0 -80.107777,-26.274998,0 
							</coordinates>
						</LinearRing>
					</outerBoundaryIs>
				</Polygon>
			</Placemark>
			<Placemark id="414FF4C76D93F8C0BDEF6">
				<name>Chile</name>
				<snippet></snippet>
				<description>See: 2050-snapshot/domains/borders-geopolitics.md#lithium-triangle</description>
				<styleUrl>#__managed_style_CF3881D7E73F8C0BDF1B</styleUrl>
				<Polygon>
					<outerBoundaryIs>
						<LinearRing>
							<coordinates>
								-67.35855100000001,-55.810479,0 -67.417063,-55.83359099999999,0 -67.37132699999999,-55.831964,0 -67.33844999999999,-55.864923,0 -67.22411,-55.89755600000001,0 -67.204172,-55.880629,0 -67.22525,-55.87379300000001,0 -67.21739700000001,-55.85173899999999,0 -67.281972,-55.820977,0 -67.35855100000001,-55.810479,0 
							</coordinates>
						</LinearRing>
					</outerBoundaryIs>
				</Polygon>
			</Placemark>
			<Placemark id="42ACCB5F9893F8C0BDEF6">
				<name>Chile</name>
				<snippet></snippet>
				<description>See: 2050-snapshot/domains/borders-geopolitics.md#lithium-triangle</description>
				<styleUrl>#__managed_style_CF3881D7E73F8C0BDF1B</styleUrl>
				<Polygon>
					<outerBoundaryIs>
						<LinearRing>
							<coordinates>
								-67.080637,-55.81243300000001,0 -67.14037,-55.81731500000001,0 -67.170033,-55.87379300000001,0 -67.114329,-55.912693,0 -67.07844,-55.910089,0 -67.094309,-55.826104,0 -67.080637,-55.81243300000001,0 
							</coordinates>
						</LinearRing>
					</outerBoundaryIs>
				</Polygon>
			</Placemark>
			<Placemark id="438065B35393F8C0BDEF6">
				<name>Chile</name>
				<snippet></snippet>
				<description>See: 2050-snapshot/domains/borders-geopolitics.md#lithium-triangle</description>
				<styleUrl>#__managed_style_CF3881D7E73F8C0BDF1B</styleUrl>
				<Polygon>
					<outerBoundaryIs>
						<LinearRing>
							<coordinates>
								-67.58907499999999,-55.80207,0 -67.56061800000001,-55.837986,0 -67.670396,-55.81573199999999,0 -67.73523,-55.82656399999999,0 -67.80064900000001,-55.81243300000001,0 -67.913945,-55.83656599999999,0 -67.90357899999999,-55.87431800000001,0 -67.80280999999999,-55.897956,0 -67.793277,-55.872357,0 -67.748409,-55.849204,0 -67.72101600000001,-55.868611,0 -67.73132699999999,-55.877098,0 -67.693558,-55.889521,0 -67.675304,-55.861097,0 -67.63203,-55.859396,0 -67.646918,-55.904111,0 -67.621843,-55.918504,0 -67.59450200000001,-55.884544,0 -67.568136,-55.898944,0 -67.543857,-55.889846,0 -67.531554,-55.840833,0 -67.50729200000001,-55.830307,0 -67.472013,-55.84259899999999,0 -67.48156899999999,-55.80769099999999,0 -67.501617,-55.82105900000001,0 -67.58907499999999,-55.80207,0 
							</coordinates>
						</LinearRing>
					</outerBoundaryIs>
				</Polygon>
			</Placemark>
			<Placemark id="44F1E4965FF3F8C0BDEF6">
				<name>Chile</name>
				<snippet></snippet>
				<description>See: 2050-snapshot/domains/borders-geopolitics.md#lithium-triangle</description>
				<styleUrl>#__managed_style_CF3881D7E73F8C0BDF1B</styleUrl>
				<Polygon>
					<outerBoundaryIs>
						<LinearRing>
							<coordinates>
								-67.24010199999999,-55.789727,0 -67.228505,-55.798435,0 -67.204172,-55.77825299999999,0 -67.156972,-55.77825299999999,0 -67.187815,-55.756931,0 -67.232086,-55.771417,0 -67.24010199999999,-55.789727,0 
							</coordinates>
						</LinearRing>
					</outerBoundaryIs>
				</Polygon>
			</Placemark>
			<Placemark id="451C7E18B183F8C0BDEF6">
				<name>Chile</name>
				<snippet></snippet>
				<description>See: 2050-snapshot/domains/borders-geopolitics.md#lithium-triangle</description>
				<styleUrl>#__managed_style_CF3881D7E73F8C0BDF1B</styleUrl>
				<Polygon>
					<outerBoundaryIs>
						<LinearRing>
							<coordinates>
								-67.341379,-55.791925,0 -67.25255300000001,-55.76392999999999,0 -67.27989700000001,-55.740818,0 -67.26992799999999,-55.716241,0 -67.361806,-55.706231,0 -67.35000599999999,-55.67197000000001,0 -67.32087199999999,-55.654067,0 -67.361806,-55.593357,0 -67.348704,-55.575616,0 -67.431996,-55.59547300000001,0 -67.432851,-55.62379299999999,0 -67.403432,-55.647882,0 -67.406809,-55.699395,0 -67.420644,-55.70745200000001,0 -67.43504799999999,-55.682875,0 -67.505849,-55.654067,0 -67.539052,-55.660089,0 -67.55068900000001,-55.70615,0 -67.581532,-55.709405,0 -67.551829,-55.73561000000001,0 -67.464833,-55.74423600000001,0 -67.44554599999999,-55.76262800000001,0 -67.403432,-55.74423600000001,0 -67.343007,-55.75855900000001,0 -67.341379,-55.791925,0 
							</coordinates>
						</LinearRing>
					</outerBoundaryIs>
				</Polygon>
			</Placemark>
			<Placemark id="4687DECDEEB3F8C0BDEF6">
				<name>Chile</name>
				<snippet></snippet>
				<description>See: 2050-snapshot/domains/borders-geopolitics.md#lithium-triangle</description>
				<styleUrl>#__managed_style_CF3881D7E73F8C0BDF1B</styleUrl>
				<Polygon>
					<outerBoundaryIs>
						<LinearRing>
							<coordinates>
								-67.67870000000001,-55.49163200000001,0 -67.699371,-55.50546600000001,0 -67.683949,-55.56536200000001,0 -67.72468000000001,-55.58879999999999,0 -67.738596,-55.616876,0 -67.58775799999999,-55.58587,0 -67.59557,-55.533136,0 -67.643137,-55.497328,0 -67.67870000000001,-55.49163200000001,0 
							</coordinates>
						</LinearRing>
					</outerBoundaryIs>
				</Polygon>
			</Placemark>
			<Placemark id="476F38EC86C3F8C0BDEF6">
				<name>Chile</name>
				<snippet></snippet>
				<description>See: 2050-snapshot/domains/borders-geopolitics.md#lithium-triangle</description>
				<styleUrl>#__managed_style_CF3881D7E73F8C0BDF1B</styleUrl>
				<Polygon>
					<outerBoundaryIs>
						<LinearRing>
							<coordinates>
								-69.77440300000001,-55.38046599999999,0 -69.80174700000001,-55.40781,0 -69.686025,-55.40732199999999,0 -69.671457,-55.401462,0 -69.706451,-55.376886,0 -69.68846600000001,-55.37363,0 -69.63731799999999,-55.38836,0 -69.656158,-55.36419000000001,0 -69.80174700000001,-55.332615,0 -69.77440300000001,-55.38046599999999,0 
							</coordinates>
						</LinearRing>
					</outerBoundaryIs>
				</Polygon>
			</Placemark>
			<Placemark id="4822D93EF993F8C0BDEF6">
				<name>Chile</name>
				<snippet></snippet>
				<description>See: 2050-snapshot/domains/borders-geopolitics.md#lithium-triangle</description>
				<styleUrl>#__managed_style_CF3881D7E73F8C0BDF1B</styleUrl>
				<Polygon>
					<outerBoundaryIs>
						<LinearRing>
							<coordinates>
								-70.055002,-55.284845,0 -70.110219,-55.29225,0 -70.027659,-55.318943,0 -70.041331,-55.332615,0 -70.00645900000001,-55.37444399999999,0 -69.986684,-55.36614300000001,0 -69.979848,-55.326349,0 -69.945139,-55.298517,0 -69.94782499999999,-55.283868,0 -70.014027,-55.305922,0 -70.055002,-55.284845,0 
							</coordinates>
						</LinearRing>
					</outerBoundaryIs>
				</Polygon>
			</Placemark>
			<Placemark id="49576FBB3913F8C0BDEF6">
				<name>Chile</name>
				<snippet></snippet>
				<description>See: 2050-snapshot/domains/borders-geopolitics.md#lithium-triangle</description>
				<styleUrl>#__managed_style_CF3881D7E73F8C0BDF1B</styleUrl>
				<Polygon>
					<outerBoundaryIs>
						<LinearRing>
							<coordinates>
								-66.849436,-55.25351300000001,0 -66.86530500000001,-55.233005,0 -66.99225800000001,-55.228692,0 -67.039418,-55.243585,0 -67.07445199999999,-55.27800899999999,0 -67.05012000000001,-55.307306,0 -67.06017,-55.326349,0 -66.938059,-55.334568,0 -66.896311,-55.332615,0 -66.839589,-55.302504,0 -66.829579,-55.282485,0 -66.85533599999999,-55.271173,0 -66.849436,-55.25351300000001,0 
							</coordinates>
						</LinearRing>
					</outerBoundaryIs>
				</Polygon>
			</Placemark>
			<Placemark id="4A64877971C3F8C0BDEF6">
				<name>Chile</name>
				<snippet></snippet>
				<description>See: 2050-snapshot/domains/borders-geopolitics.md#lithium-triangle</description>
				<styleUrl>#__managed_style_CF3881D7E73F8C0BDF1B</styleUrl>
				<Polygon>
					<outerBoundaryIs>
						<LinearRing>
							<coordinates>
								-66.53482,-55.162774,0 -66.632192,-55.205987,0 -66.643056,-55.264337,0 -66.587799,-55.284845,0 -66.51549199999999,-55.264337,0 -66.47175,-55.216485,0 -66.420806,-55.20086,0 -66.42674700000001,-55.185479,0 -66.53482,-55.162774,0 
							</coordinates>
						</LinearRing>
					</outerBoundaryIs>
				</Polygon>
			</Placemark>
			<Placemark id="4B1F2D1B82C3F8C0BDEF6">
				<name>Chile</name>
				<snippet></snippet>
				<description>See: 2050-snapshot/domains/borders-geopolitics.md#lithium-triangle</description>
				<styleUrl>#__managed_style_CF3881D7E73F8C0BDF1B</styleUrl>
				<Polygon>
					<outerBoundaryIs>
						<LinearRing>
							<coordinates>
								-67.023915,-54.992446,0 -67.07091200000001,-55.009454,0 -66.851715,-55.106622,0 -66.80687399999999,-55.112888,0 -66.86900799999999,-55.024102,0 -67.023915,-54.992446,0 
							</coordinates>
						</LinearRing>
					</outerBoundaryIs>
				</Polygon>
			</Placemark>
			<Placemark id="4C6C00C8F543F8C0BDEF6">
				<name>Chile</name>
				<snippet></snippet>
				<description>See: 2050-snapshot/domains/borders-geopolitics.md#lithium-triangle</description>
				<styleUrl>#__managed_style_CF3881D7E73F8C0BDF1B</styleUrl>
				<Polygon>
					<outerBoundaryIs>
						<LinearRing>
							<coordinates>
								-68.02721099999999,-55.58587,0 -68.101389,-55.527602,0 -68.057485,-55.469008,0 -68.177358,-55.462335,0 -68.150054,-55.441827,0 -68.146474,-55.404392,0 -68.23957299999999,-55.398533,0 -68.276235,-55.379164,0 -68.324371,-55.399509,0 -68.345326,-55.344008,0 -68.447987,-55.326349,0 -68.60252800000001,-55.359959,0 -68.561594,-55.326349,0 -68.65038,-55.318943,0 -68.64802,-55.305108,0 -68.680328,-55.29656299999999,0 -68.680043,-55.267185,0 -68.74596099999999,-55.271173,0 -68.66095900000001,-55.257501,0 -68.616811,-55.305922,0 -68.50007100000001,-55.31145600000001,0 -68.466542,-55.29070400000001,0 -68.27472899999999,-55.279718,0 -68.22761,-55.291762,0 -68.208079,-55.28281,0 -68.20921800000001,-55.262872,0 -68.328847,-55.236993,0 -68.274241,-55.23015700000001,0 -68.357533,-55.213067,0 -68.383127,-55.184503,0 -68.564036,-55.19199,0 -68.608795,-55.175388,0 -68.78661,-55.165216,0 -68.948476,-55.110935,0 -69.004954,-55.063246,0 -69.056996,-55.06080499999999,0 -69.061879,-55.04460999999999,0 -69.05191000000001,-55.01922,0 -69.027984,-55.024591,0 -68.992991,-55.052016,0 -68.890533,-55.07878999999999,0 -68.825917,-55.115167,0 -68.616078,-55.15227599999999,0 -68.569447,-55.135431,0 -68.58210200000001,-55.099786,0 -68.62022899999999,-55.086602,0 -68.60261,-55.066095,0 -68.510813,-55.1124,0 -68.431264,-55.07878999999999,0 -68.441396,-55.04566799999999,0 -68.372711,-55.074965,0 -68.334828,-55.062433,0 -68.335072,-55.010431,0 -68.441151,-54.939711,0 -68.527455,-54.928481,0 -68.68472199999999,-54.94215299999999,0 -68.83438099999999,-54.981541,0 -69.013499,-54.98316799999999,0 -69.05101500000001,-55.003595,0 -69.212717,-54.990655,0 -69.188832,-55.005466,0 -69.19871999999999,-55.01669700000001,0 -69.285634,-54.987074,0 -69.38341200000001,-55.01669700000001,0 -69.328765,-55.052016,0 -69.390207,-55.038344,0 -69.429799,-55.052667,0 -69.445465,-55.04460999999999,0 -69.426503,-55.03134500000001,0 -69.43862900000001,-55.01669700000001,0 -69.52757699999999,-55.03199600000001,0 -69.54621299999999,-55.03753,0 -69.541493,-55.145115,0 -69.582021,-55.15447400000001,0 -69.56151300000001,-55.12713,0 -69.587473,-55.041192,0 -69.885976,-55.063572,0 -69.947581,-55.087091,0 -69.965932,-55.12664199999999,0 -69.986684,-55.112888,0 -70.031077,-55.147638,0 -70.002105,-55.17115699999999,0 -69.842681,-55.168145,0 -69.91161,-55.196059,0 -69.83527599999999,-55.202325,0 -69.852406,-55.21550899999999,0 -69.924672,-55.222752,0 -69.86314900000001,-55.236993,0 -69.866851,-55.254083,0 -69.84805299999999,-55.257908,0 -69.716908,-55.243748,0 -69.658193,-55.205662,0 -69.623606,-55.209649,0 -69.55158400000001,-55.174981,0 -69.50007100000001,-55.174981,0 -69.546376,-55.205824,0 -69.657704,-55.236993,0 -69.67398,-55.260349,0 -69.56895900000001,-55.271173,0 -69.670806,-55.274184,0 -69.78807500000001,-55.305922,0 -69.620188,-55.329522,0 -69.606516,-55.347914,0 -69.630442,-55.359959,0 -69.60765499999999,-55.365492,0 -69.54478899999999,-55.36614300000001,0 -69.493764,-55.33611399999999,0 -69.465932,-55.33945099999999,0 -69.48705,-55.359959,0 -69.41608600000001,-55.353123,0 -69.397694,-55.359959,0 -69.520579,-55.393976,0 -69.50804599999999,-55.408624,0 -69.451527,-55.408868,0 -69.437082,-55.491306,0 -69.40331,-55.488051,0 -69.38621999999999,-55.40488000000001,0 -69.362864,-55.38893,0 -69.339223,-55.474867,0 -69.299387,-55.49033,0 -69.226389,-55.46982199999999,0 -69.16161,-55.514337,0 -69.15062399999999,-55.493748,0 -69.17796800000001,-55.46982199999999,0 -69.137034,-55.441827,0 -69.194976,-55.435642,0 -69.229482,-55.449314,0 -69.253651,-55.428155,0 -69.30085200000001,-55.428155,0 -69.24059,-55.369561,0 -69.308258,-55.359959,0 -69.315094,-55.332615,0 -69.280385,-55.318943,0 -69.335601,-55.318943,0 -69.405832,-55.28443800000001,0 -69.459096,-55.305922,0 -69.45165,-55.271173,0 -69.47960399999999,-55.236993,0 -69.43810000000001,-55.230645,0 -69.409047,-55.24683999999999,0 -69.296132,-55.222263,0 -69.267323,-55.23015700000001,0 -69.30085200000001,-55.174981,0 -69.287831,-55.168145,0 -69.43862900000001,-55.161879,0 -69.23998,-55.12713,0 -69.249745,-55.14430100000001,0 -69.212717,-55.216485,0 -69.13410399999999,-55.247735,0 -69.109039,-55.24382899999999,0 -69.151438,-55.170831,0 -69.12267,-55.147638,0 -69.116607,-55.205662,0 -69.056793,-55.25351300000001,0 -68.986684,-55.26523199999999,0 -68.94908599999999,-55.232192,0 -68.801137,-55.188653,0 -68.86424700000001,-55.233494,0 -68.855824,-55.257501,0 -68.896799,-55.29225,0 -68.897857,-55.327813,0 -68.97130300000001,-55.37713,0 -68.760243,-55.332615,0 -68.808665,-55.359959,0 -68.753407,-55.38046599999999,0 -68.904205,-55.387302,0 -68.965688,-55.40781,0 -68.967356,-55.429946,0 -68.865346,-55.505304,0 -68.7683,-55.492608,0 -68.801137,-55.462335,0 -68.772206,-55.46379999999999,0 -68.801137,-55.421319,0 -68.731516,-55.464939,0 -68.60252800000001,-55.462335,0 -68.616811,-55.40781,0 -68.595082,-55.435642,0 -68.55577599999999,-55.423517,0 -68.53807500000001,-55.472589,0 -68.500478,-55.490981,0 -68.425038,-55.503839,0 -68.353627,-55.475274,0 -68.32901,-55.503188,0 -68.252512,-55.524509,0 -68.24864700000001,-55.541762,0 -68.289784,-55.61012100000001,0 -68.23534100000001,-55.617446,0 -68.15331,-55.596287,0 -68.150054,-55.661554,0 -68.098297,-55.712091,0 -68.061594,-55.71306700000001,0 -67.985585,-55.675226,0 -67.984853,-55.664158,0 -68.033355,-55.661554,0 -67.965159,-55.593357,0 -68.02721099999999,-55.58587,0 
							</coordinates>
						</LinearRing>
					</outerBoundaryIs>
				</Polygon>
			</Placemark>
			<Placemark id="4DEC264E7D13F8C0BDEF6">
				<name>Chile</name>
				<snippet></snippet>
				<description>See: 2050-snapshot/domains/borders-geopolitics.md#lithium-triangle</description>
				<styleUrl>#__managed_style_CF3881D7E73F8C0BDF1B</styleUrl>
				<Polygon>
					<outerBoundaryIs>
						<LinearRing>
							<coordinates>
								-67.80064900000001,-55.264337,0 -67.647369,-55.261489,0 -67.608795,-55.188653,0 -67.50291900000001,-55.172133,0 -67.444,-55.182306,0 -67.423248,-55.216485,0 -67.453603,-55.241469,0 -67.451161,-55.27158,0 -67.413319,-55.29273899999999,0 -67.270619,-55.306899,0 -67.22557500000001,-55.291111,0 -67.08848999999999,-55.190525,0 -67.05333400000001,-55.133966,0 -67.053375,-55.093683,0 -67.18309499999999,-54.96803200000001,0 -67.301829,-54.92888800000001,0 -67.64981,-54.92107499999999,0 -67.724192,-54.935154,0 -67.80577599999999,-54.913751,0 -67.94180299999999,-54.90545,0 -68.21153700000001,-54.907973,0 -68.225819,-54.92107499999999,0 -68.36050400000001,-54.930922,0 -68.328847,-54.990655,0 -68.262929,-54.99529399999999,0 -68.18635,-54.97820400000001,0 -68.16392999999999,-55.054864,0 -68.18810000000001,-55.104425,0 -68.15689,-55.15447400000001,0 -68.115956,-55.174981,0 -68.15689,-55.196059,0 -68.135081,-55.218845,0 -68.081858,-55.233087,0 -67.985585,-55.223565,0 -67.937815,-55.18238699999999,0 -67.914174,-55.195245,0 -67.898101,-55.16871500000001,0 -67.862701,-55.202325,0 -67.738596,-55.236993,0 -67.86050400000001,-55.232354,0 -67.883168,-55.24382899999999,0 -67.80064900000001,-55.264337,0 
							</coordinates>
						</LinearRing>
					</outerBoundaryIs>
				</Polygon>
			</Placemark>
			<Placemark id="4E8F7B23FC03F8C0BDEF6">
				<name>Chile</name>
				<snippet></snippet>
				<description>See: 2050-snapshot/domains/borders-geopolitics.md#lithium-triangle</description>
				<styleUrl>#__managed_style_CF3881D7E73F8C0BDF1B</styleUrl>
				<Polygon>
					<outerBoundaryIs>
						<LinearRing>
							<coordinates>
								-70.34292600000001,-55.06910599999999,0 -70.27773999999999,-55.048517,0 -70.309438,-55.02792700000001,0 -70.40811100000001,-55.052016,0 -70.49356,-55.040623,0 -70.513661,-55.03093800000001,0 -70.48692800000001,-55.024102,0 -70.507924,-55.016778,0 -70.651438,-55.03093800000001,0 -70.729848,-55.01336,0 -70.71971600000001,-54.98316799999999,0 -70.661529,-55.000177,0 -70.596791,-55.003595,0 -70.597157,-54.986505,0 -70.52452599999999,-54.996759,0 -70.493804,-54.94215299999999,0 -70.315663,-54.907973,0 -70.350453,-54.893731,0 -70.49205499999999,-54.899998,0 -70.610463,-54.94215299999999,0 -70.615061,-54.95322,0 -70.562652,-54.96892699999999,0 -70.706125,-54.96892699999999,0 -70.78856399999999,-54.932224,0 -70.795481,-54.976332,0 -70.864125,-54.96559,0 -70.850087,-54.934177,0 -70.86441000000001,-54.93084100000001,0 -70.905385,-54.948419,0 -70.987213,-54.948419,0 -71.01284699999999,-54.96502,0 -70.919016,-54.990655,0 -70.99347899999999,-55.003595,0 -70.991119,-55.033624,0 -71.00715099999999,-55.04460999999999,0 -70.91218000000001,-55.07878999999999,0 -70.856842,-55.058526,0 -70.815338,-55.086196,0 -70.75450600000001,-55.052016,0 -70.728993,-55.053969,0 -70.72252400000001,-55.068536,0 -70.74767,-55.099786,0 -70.71581,-55.122817,0 -70.66657499999999,-55.106622,0 -70.645253,-55.07317499999999,0 -70.589996,-55.07317499999999,0 -70.617299,-55.058282,0 -70.59007699999999,-55.05047,0 -70.56273400000001,-55.091078,0 -70.513661,-55.106622,0 -70.564076,-55.140313,0 -70.567047,-55.177016,0 -70.548085,-55.213556,0 -70.52403700000001,-55.193943,0 -70.548329,-55.160821,0 -70.538482,-55.15447400000001,0 -70.495717,-55.167413,0 -70.494456,-55.209649,0 -70.446034,-55.174981,0 -70.37026899999999,-55.161879,0 -70.446034,-55.12713,0 -70.452504,-55.10523899999999,0 -70.397572,-55.106622,0 -70.41808,-55.07878999999999,0 -70.377512,-55.088311,0 -70.33844999999999,-55.12851299999999,0 -70.267242,-55.112888,0 -70.29515499999999,-55.082452,0 -70.34292600000001,-55.06910599999999,0 
							</coordinates>
						</LinearRing>
					</outerBoundaryIs>
				</Polygon>
			</Placemark>
			<Placemark id="4F8D4ED46A93F8C0BDEF6">
				<name>Chile</name>
				<snippet></snippet>
				<description>See: 2050-snapshot/domains/borders-geopolitics.md#lithium-triangle</description>
				<styleUrl>#__managed_style_CF3881D7E73F8C0BDF1B</styleUrl>
				<Polygon>
					<outerBoundaryIs>
						<LinearRing>
							<coordinates>
								-69.917795,-55.038344,0 -69.862172,-55.03899499999999,0 -69.816029,-55.01669700000001,0 -69.776438,-55.034601,0 -69.63727799999999,-55.024102,0 -69.602447,-55.003595,0 -69.49864700000001,-55.005792,0 -69.484853,-54.995538,0 -69.50007100000001,-54.976332,0 -69.44253500000001,-54.998468,0 -69.33189900000001,-54.979669,0 -69.35606799999999,-54.955824,0 -69.259674,-54.97087999999999,0 -69.16429599999999,-54.955824,0 -69.42638100000001,-54.899591,0 -69.50218700000001,-54.94671,0 -69.530019,-54.946059,0 -69.51374300000001,-54.893731,0 -69.728342,-54.864516,0 -69.77440300000001,-54.87949,0 -69.713612,-54.89576600000001,0 -69.691884,-54.914239,0 -69.733469,-54.914239,0 -69.69835399999999,-54.939386,0 -69.750885,-54.938084,0 -69.77440300000001,-54.955824,0 -69.785634,-54.906508,0 -69.83633399999999,-54.872247,0 -69.928293,-54.897638,0 -69.908762,-54.92547,0 -69.842681,-54.94215299999999,0 -69.95034699999999,-54.952895,0 -69.948842,-54.97258900000001,0 -69.912221,-54.984552,0 -69.902333,-55.017511,0 -69.917795,-55.038344,0 
							</coordinates>
						</LinearRing>
					</outerBoundaryIs>
				</Polygon>
			</Placemark>
			<Placemark id="5086590B54C3F8C0BDEF6">
				<name>Chile</name>
				<snippet></snippet>
				<description>See: 2050-snapshot/domains/borders-geopolitics.md#lithium-triangle</description>
				<styleUrl>#__managed_style_CF3881D7E73F8C0BDF1B</styleUrl>
				<Polygon>
					<outerBoundaryIs>
						<LinearRing>
							<coordinates>
								-70.607086,-54.832289,0 -70.657297,-54.855645,0 -70.710927,-54.85214599999999,0 -70.74767,-54.87330499999999,0 -70.73338800000001,-54.886895,0 -70.691558,-54.87590899999999,0 -70.678538,-54.898207,0 -70.65452999999999,-54.901951,0 -70.58088100000001,-54.897882,0 -70.40098999999999,-54.87330499999999,0 -70.421783,-54.845961,0 -70.607086,-54.832289,0 
							</coordinates>
						</LinearRing>
					</outerBoundaryIs>
				</Polygon>
			</Placemark>
			<Placemark id="51707E793A53F8C0BDEF6">
				<name>Chile</name>
				<snippet></snippet>
				<description>See: 2050-snapshot/domains/borders-geopolitics.md#lithium-triangle</description>
				<styleUrl>#__managed_style_CF3881D7E73F8C0BDF1B</styleUrl>
				<Polygon>
					<outerBoundaryIs>
						<LinearRing>
							<coordinates>
								-70.966176,-54.907973,0 -70.946889,-54.87330499999999,0 -70.977366,-54.879327,0 -71.006174,-54.85768,0 -71.07787,-54.880141,0 -71.144887,-54.859063,0 -71.165395,-54.832289,0 -71.20352099999999,-54.845961,0 -71.404124,-54.82984800000001,0 -71.416493,-54.83587000000001,0 -71.404937,-54.859063,0 -71.45958400000001,-54.87949,0 -71.402821,-54.942641,0 -71.334625,-54.90227599999999,0 -71.361155,-54.940199,0 -71.350982,-54.95436,0 -71.318186,-54.941583,0 -71.30882699999999,-54.886895,0 -71.28954,-54.88567499999999,0 -71.279042,-54.865411,0 -71.209828,-54.86793399999999,0 -71.204823,-54.90642699999999,0 -71.120676,-54.892267,0 -71.09023999999999,-54.907973,0 -71.151723,-54.934177,0 -71.06428,-54.94964000000001,0 -71.014556,-54.92107499999999,0 -70.911529,-54.92107499999999,0 -70.966176,-54.907973,0 
							</coordinates>
						</LinearRing>
					</outerBoundaryIs>
				</Polygon>
			</Placemark>
			<Placemark id="52DFD5B983D3F8C0BDEF6">
				<name>Chile</name>
				<snippet></snippet>
				<description>See: 2050-snapshot/domains/borders-geopolitics.md#lithium-triangle</description>
				<styleUrl>#__managed_style_CF3881D7E73F8C0BDF1B</styleUrl>
				<Polygon>
					<outerBoundaryIs>
						<LinearRing>
							<coordinates>
								-72.028188,-54.629327,0 -72.104319,-54.644789,0 -72.08019,-54.674412,0 -72.06631400000001,-54.67522599999999,0 -72.06428,-54.651625,0 -72.040273,-54.650486,0 -71.99152599999999,-54.698907,0 -71.98745700000001,-54.715265,0 -72.009674,-54.73788800000001,0 -71.997467,-54.753106,0 -71.92638100000001,-54.736749,0 -71.921254,-54.70525500000001,0 -71.946848,-54.702569,0 -72.028188,-54.629327,0 
							</coordinates>
						</LinearRing>
					</outerBoundaryIs>
				</Polygon>
			</Placemark>
			<Placemark id="53BE5CC93C83F8C0BDEF6">
				<name>Chile</name>
				<snippet></snippet>
				<description>See: 2050-snapshot/domains/borders-geopolitics.md#lithium-triangle</description>
				<styleUrl>#__managed_style_CF3881D7E73F8C0BDF1B</styleUrl>
				<Polygon>
					<outerBoundaryIs>
						<LinearRing>
							<coordinates>
								-72.43346099999999,-54.31161900000001,0 -72.426869,-54.33017299999999,0 -72.501698,-54.331476,0 -72.499623,-54.34921600000001,0 -72.541737,-54.34303199999999,0 -72.470693,-54.427667,0 -72.41234300000001,-54.366795,0 -72.360829,-54.379815,0 -72.37881400000001,-54.352634,0 -72.305328,-54.365167,0 -72.30138100000001,-54.332778,0 -72.41588299999999,-54.304132,0 -72.43346099999999,-54.31161900000001,0 
							</coordinates>
						</LinearRing>
					</outerBoundaryIs>
				</Polygon>
			</Placemark>
			<Placemark id="543D5D38F163F8C0BDEF6">
				<name>Chile</name>
				<snippet></snippet>
				<description>See: 2050-snapshot/domains/borders-geopolitics.md#lithium-triangle</description>
				<styleUrl>#__managed_style_CF3881D7E73F8C0BDF1B</styleUrl>
				<Polygon>
					<outerBoundaryIs>
						<LinearRing>
							<coordinates>
								-70.49168899999999,-54.14837,0 -70.521108,-54.174412,0 -70.459096,-54.23593499999999,0 -70.339752,-54.26580199999999,0 -70.26943900000001,-54.271091,0 -70.218658,-54.234633,0 -70.226308,-54.215427,0 -70.267242,-54.209161,0 -70.28775,-54.188084,0 -70.384592,-54.188084,0 -70.49168899999999,-54.14837,0 
							</coordinates>
						</LinearRing>
					</outerBoundaryIs>
				</Polygon>
			</Placemark>
			<Placemark id="55A641064AF3F8C0BDEF6">
				<name>Chile</name>
				<snippet></snippet>
				<description>See: 2050-snapshot/domains/borders-geopolitics.md#lithium-triangle</description>
				<styleUrl>#__managed_style_CF3881D7E73F8C0BDF1B</styleUrl>
				<Polygon>
					<outerBoundaryIs>
						<LinearRing>
							<coordinates>
								-72.393137,-54.094496,0 -72.29694600000001,-54.113539,0 -72.389719,-54.128839,0 -72.391835,-54.147719,0 -72.330434,-54.14031299999999,0 -72.344797,-54.15960099999999,0 -72.44005300000001,-54.171319,0 -72.51537,-54.202325,0 -72.481313,-54.215427,0 -72.501698,-54.242771,0 -72.426503,-54.254653,0 -72.378529,-54.22381,0 -72.348541,-54.249444,0 -72.301503,-54.251397,0 -72.29674199999999,-54.20094199999999,0 -72.25064,-54.197524,0 -72.246978,-54.148614,0 -72.206288,-54.14031299999999,0 -72.314565,-54.063084,0 -72.393137,-54.094496,0 
							</coordinates>
						</LinearRing>
					</outerBoundaryIs>
				</Polygon>
			</Placemark>
			<Placemark id="56D0C6C061A3F8C0BDEF6">
				<name>Chile</name>
				<snippet></snippet>
				<description>See: 2050-snapshot/domains/borders-geopolitics.md#lithium-triangle</description>
				<styleUrl>#__managed_style_CF3881D7E73F8C0BDF1B</styleUrl>
				<Polygon>
					<outerBoundaryIs>
						<LinearRing>
							<coordinates>
								-73.24901300000001,-54.071954,0 -73.242828,-54.042576,0 -73.274973,-54.028253,0 -73.358266,-54.023614,0 -73.474355,-54.071954,0 -73.38605699999999,-54.080255,0 -73.33739199999999,-54.065851,0 -73.313385,-54.121189,0 -73.25324500000001,-54.12566499999999,0 -73.25523800000001,-54.113539,0 -73.233266,-54.111505,0 -73.178456,-54.127211,0 -73.159657,-54.106134,0 -73.187001,-54.09929799999999,0 -73.187856,-54.053643,0 -73.24901300000001,-54.071954,0 
							</coordinates>
						</LinearRing>
					</outerBoundaryIs>
				</Polygon>
			</Placemark>
			<Placemark id="57F95ED97633F8C0BDEF6">
				<name>Chile</name>
				<snippet></snippet>
				<description>See: 2050-snapshot/domains/borders-geopolitics.md#lithium-triangle</description>
				<styleUrl>#__managed_style_CF3881D7E73F8C0BDF1B</styleUrl>
				<Polygon>
					<outerBoundaryIs>
						<LinearRing>
							<coordinates>
								-71.596344,-54.087823,0 -71.67227099999999,-54.132013,0 -71.69981799999999,-54.166192,0 -71.65151899999999,-54.232029,0 -71.621246,-54.23593499999999,0 -71.600453,-54.195489,0 -71.54963100000001,-54.181817,0 -71.596791,-54.229099,0 -71.54214399999999,-54.269952,0 -71.535308,-54.222263,0 -71.49986699999999,-54.211033,0 -71.509592,-54.186782,0 -71.481313,-54.171319,0 -71.507965,-54.14031299999999,0 -71.432118,-54.134454,0 -71.41661499999999,-54.11004,0 -71.404937,-54.126642,0 -71.413442,-54.151951,0 -71.371449,-54.153904,0 -71.445953,-54.185317,0 -71.411,-54.23333100000001,0 -71.35480699999999,-54.244561,0 -71.331695,-54.204034,0 -71.329823,-54.229099,0 -71.300771,-54.261407,0 -71.23851500000001,-54.216729,0 -71.213206,-54.229099,0 -71.24364199999999,-54.24977,0 -71.240549,-54.27743899999999,0 -71.27123,-54.269952,0 -71.35781799999999,-54.297296,0 -71.207509,-54.369236,0 -71.19269799999999,-54.366795,0 -71.176829,-54.327732,0 -71.14830499999999,-54.379815,0 -71.106516,-54.376642,0 -71.08283400000001,-54.335138,0 -71.157948,-54.297296,0 -71.056467,-54.330011,0 -71.042877,-54.313409,0 -71.06236699999999,-54.291111,0 -70.99014200000001,-54.26580199999999,0 -71.027984,-54.23740000000001,0 -70.99327599999999,-54.22381,0 -71.004954,-54.166436,0 -71.06236699999999,-54.202325,0 -71.02139200000001,-54.148045,0 -71.01622500000001,-54.095392,0 -71.06981399999999,-54.065118,0 -71.11245700000001,-54.070489,0 -71.130686,-54.08294,0 -71.138092,-54.143976,0 -71.155141,-54.155369,0 -71.172231,-54.150811,0 -71.163645,-54.08652099999999,0 -71.179677,-54.085626,0 -71.221059,-54.18466600000001,0 -71.253407,-54.111586,0 -71.28892999999999,-54.106134,0 -71.261138,-54.074314,0 -71.282094,-54.009942,0 -71.33796100000001,-53.976251,0 -71.398793,-53.97576300000001,0 -71.376943,-54.004002,0 -71.39635199999999,-54.062758,0 -71.456451,-53.979181,0 -71.46328699999999,-53.94158299999999,0 -71.485707,-53.946059,0 -71.500844,-53.987074,0 -71.51480100000001,-53.989435,0 -71.554351,-53.941827,0 -71.612172,-53.948012,0 -71.657053,-53.983168,0 -71.63093000000001,-54.07879,0 -71.596344,-54.087823,0 
							</coordinates>
						</LinearRing>
					</outerBoundaryIs>
				</Polygon>
			</Placemark>
			<Placemark id="58478D49C6C3F8C0BDEF6">
				<name>Chile</name>
				<snippet></snippet>
				<description>See: 2050-snapshot/domains/borders-geopolitics.md#lithium-triangle</description>
				<styleUrl>#__managed_style_CF3881D7E73F8C0BDF1B</styleUrl>
				<Polygon>
					<outerBoundaryIs>
						<LinearRing>
							<coordinates>
								-71.90526300000001,-54.229099,0 -71.936879,-54.245864,0 -71.987864,-54.317804,0 -71.83014900000001,-54.331476,0 -71.857411,-54.31161900000001,0 -71.83014900000001,-54.297296,0 -71.871083,-54.283624,0 -71.836985,-54.249444,0 -71.761871,-54.263116,0 -71.744456,-54.231052,0 -71.798329,-54.20924200000001,0 -71.836985,-54.16131,0 -71.91551699999999,-54.116795,0 -71.95230100000001,-54.01490700000001,0 -71.925526,-54.007908,0 -71.926259,-54.038751,0 -71.907867,-54.057224,0 -71.80809499999999,-54.148126,0 -71.766103,-54.163995,0 -71.71344999999999,-54.147719,0 -71.652008,-54.08904400000001,0 -71.663157,-54.072442,0 -71.740793,-54.085626,0 -71.72712199999999,-54.058364,0 -71.768666,-54.05144599999999,0 -71.702016,-54.03069399999999,0 -71.700592,-53.98544700000001,0 -71.792226,-53.99797899999999,0 -71.713246,-53.968683,0 -71.65290299999999,-53.926365,0 -71.727284,-53.898614,0 -71.792592,-53.89706799999999,0 -71.83014900000001,-53.969496,0 -71.851877,-53.974054,0 -71.83014900000001,-53.920587,0 -71.903879,-53.861749,0 -71.94570899999999,-53.852797,0 -71.99522899999999,-53.865899,0 -71.96052,-53.893813,0 -72.00829,-53.88640700000001,0 -72.002105,-53.902927,0 -72.039703,-53.93466600000001,0 -72.042388,-53.962091,0 -72.083404,-53.9485,0 -72.05723999999999,-53.968357,0 -72.064768,-53.983575,0 -72.100819,-53.97275199999999,0 -72.128041,-53.93417700000001,0 -72.25910399999999,-53.92986399999999,0 -72.239735,-53.980564,0 -72.20319600000001,-53.99627,0 -72.22801699999999,-54.058364,0 -72.20531200000001,-54.091892,0 -72.169057,-54.10271599999999,0 -72.103871,-54.058364,0 -72.086781,-54.09588,0 -72.042388,-54.113539,0 -72.11457299999999,-54.116876,0 -72.124379,-54.133477,0 -72.042388,-54.14031299999999,0 -72.110707,-54.153904,0 -72.042633,-54.196547,0 -71.958608,-54.20501100000001,0 -71.90526300000001,-54.229099,0 
							</coordinates>
						</LinearRing>
					</outerBoundaryIs>
				</Polygon>
			</Placemark>
			<Placemark id="592BC9577DA3F8C0BDEF6">
				<name>Chile</name>
				<snippet></snippet>
				<description>See: 2050-snapshot/domains/borders-geopolitics.md#lithium-triangle</description>
				<styleUrl>#__managed_style_CF3881D7E73F8C0BDF1B</styleUrl>
				<Polygon>
					<outerBoundaryIs>
						<LinearRing>
							<coordinates>
								-70.469534,-53.566315,0 -70.53555299999999,-53.560479,0 -70.566453,-53.62605299999999,0 -70.71288,-53.70143,0 -70.69929,-53.787205,0 -70.60054100000001,-53.829152,0 -70.60611400000001,-53.86512500000001,0 -70.634404,-53.873345,0 -70.672078,-53.84969699999999,0 -70.77657000000001,-53.824679,0 -70.881505,-53.842264,0 -70.857533,-53.86004000000001,0 -70.900543,-53.87371199999999,0 -70.863759,-53.920587,0 -70.897532,-53.93124799999999,0 -70.884185,-54.02703199999999,0 -70.806467,-54.095961,0 -70.822743,-54.113539,0 -70.68561800000001,-54.188084,0 -70.540435,-54.22161200000001,0 -70.513661,-54.215427,0 -70.54906200000001,-54.195489,0 -70.538808,-54.13421,0 -70.58259,-54.09929799999999,0 -70.568918,-54.065118,0 -70.671132,-53.967706,0 -70.669962,-53.950342,0 -70.648948,-53.938694,0 -70.61050400000001,-53.948419,0 -70.439252,-54.060409,0 -70.342795,-54.028069,0 -70.336277,-54.007403,0 -70.452219,-53.886895,0 -70.419719,-53.87122599999999,0 -70.431318,-53.82660500000001,0 -70.421639,-53.802527,0 -70.473156,-53.665345,0 -70.45503600000001,-53.61159799999999,0 -70.469534,-53.566315,0 
							</coordinates>
						</LinearRing>
					</outerBoundaryIs>
				</Polygon>
			</Placemark>
			<Placemark id="5AD745E742B3F8C0BDEF6">
				<name>Chile</name>
				<snippet></snippet>
				<description>See: 2050-snapshot/domains/borders-geopolitics.md#lithium-triangle</description>
				<styleUrl>#__managed_style_CF3881D7E73F8C0BDF1B</styleUrl>
				<Polygon>
					<outerBoundaryIs>
						<LinearRing>
							<coordinates>
								-73.860585,-53.458917,0 -73.83336300000001,-53.50579199999999,0 -73.892323,-53.5263,0 -73.87433799999999,-53.539727,0 -73.82445199999999,-53.53687900000001,0 -73.853627,-53.56560600000001,0 -73.848541,-53.588311,0 -73.78966200000001,-53.57171000000001,0 -73.77952999999999,-53.539158,0 -73.716624,-53.541436,0 -73.687856,-53.523207,0 -73.808502,-53.48414500000001,0 -73.834462,-53.454767,0 -73.860585,-53.458917,0 
							</coordinates>
						</LinearRing>
					</outerBoundaryIs>
				</Polygon>
			</Placemark>
			<Placemark id="5B97BE378723F8C0BDEF6">
				<name>Chile</name>
				<snippet></snippet>
				<description>See: 2050-snapshot/domains/borders-geopolitics.md#lithium-triangle</description>
				<styleUrl>#__managed_style_CF3881D7E73F8C0BDF1B</styleUrl>
				<Polygon>
					<outerBoundaryIs>
						<LinearRing>
							<coordinates>
								-73.448476,-53.39153400000001,0 -73.546702,-53.407322,0 -73.5926,-53.385837,0 -73.59789000000001,-53.42400500000001,0 -73.53701700000001,-53.455011,0 -73.61900799999999,-53.455011,0 -73.56371,-53.48235400000001,0 -73.574941,-53.491143,0 -73.691151,-53.467218,0 -73.779408,-53.420831,0 -73.79816599999999,-53.418552,0 -73.80333400000001,-53.434503,0 -73.57799199999999,-53.544366,0 -73.55248,-53.54046,0 -73.543284,-53.510349,0 -73.507232,-53.56861700000001,0 -73.481801,-53.57171000000001,0 -73.392445,-53.530694,0 -73.467885,-53.471856,0 -73.50910399999999,-53.475518,0 -73.488026,-53.451593,0 -73.392445,-53.413995,0 -73.448476,-53.39153400000001,0 
							</coordinates>
						</LinearRing>
					</outerBoundaryIs>
				</Polygon>
			</Placemark>
			<Placemark id="5C3E6D3A09B3F8C0BDEF6">
				<name>Chile</name>
				<snippet></snippet>
				<description>See: 2050-snapshot/domains/borders-geopolitics.md#lithium-triangle</description>
				<styleUrl>#__managed_style_CF3881D7E73F8C0BDF1B</styleUrl>
				<Polygon>
					<outerBoundaryIs>
						<LinearRing>
							<coordinates>
								-72.532786,-54.023614,0 -72.51537,-53.982599,0 -72.48550400000001,-53.996352,0 -72.453277,-53.989435,0 -72.454213,-54.03826300000001,0 -72.35480699999999,-54.045505,0 -72.329905,-54.03460099999999,0 -72.323598,-53.989435,0 -72.41978899999999,-53.969496,0 -72.371409,-53.9485,0 -72.40567,-53.93124799999999,0 -72.41978899999999,-53.89706799999999,0 -72.35090099999999,-53.927992,0 -72.344065,-53.910089,0 -72.35090099999999,-53.859633,0 -72.391835,-53.84539199999999,0 -72.34862200000001,-53.831313,0 -72.250885,-53.877537,0 -72.220367,-53.851658,0 -72.217152,-53.821222,0 -72.138661,-53.797621,0 -72.26838100000001,-53.763442,0 -72.23424199999999,-53.72877399999999,0 -72.34752400000001,-53.710138,0 -72.373036,-53.687758,0 -72.436635,-53.749282,0 -72.453277,-53.74236399999999,0 -72.438059,-53.705499,0 -72.47484300000001,-53.69736100000001,0 -72.48469,-53.67400500000001,0 -72.454742,-53.65374099999999,0 -72.401763,-53.65016,0 -72.397288,-53.633477,0 -72.437245,-53.61541099999999,0 -72.43683799999999,-53.59531,0 -72.46418199999999,-53.575128,0 -72.533518,-53.591404,0 -72.67300400000001,-53.53687900000001,0 -72.634429,-53.597589,0 -72.630483,-53.659926,0 -72.678578,-53.673272,0 -72.696116,-53.656996,0 -72.675933,-53.622491,0 -72.67984,-53.599054,0 -72.748158,-53.544366,0 -72.734486,-53.516534,0 -72.858469,-53.452732,0 -72.86156200000001,-53.470473,0 -72.814931,-53.53923900000001,0 -72.817047,-53.564874,0 -72.86778700000001,-53.62704799999999,0 -72.86424700000001,-53.671563,0 -72.884145,-53.681329,0 -72.91323800000001,-53.62322400000001,0 -72.87254799999999,-53.534845,0 -72.89802,-53.510837,0 -72.92984,-53.530532,0 -72.940989,-53.518324,0 -72.91323800000001,-53.42701600000001,0 -72.93517,-53.43572399999999,0 -73.015614,-53.407322,0 -72.98957299999999,-53.447524,0 -73.00202400000001,-53.493259,0 -73.04019099999999,-53.434991,0 -73.03770900000001,-53.38551200000001,0 -73.17516000000001,-53.420831,0 -73.134918,-53.440362,0 -73.131703,-53.48919,0 -73.07713800000001,-53.530694,0 -73.169586,-53.4992,0 -73.223012,-53.49391,0 -73.262074,-53.510349,0 -73.29776,-53.482843,0 -73.387359,-53.462172,0 -73.42101,-53.466892,0 -73.42031799999999,-53.47893599999999,0 -73.339996,-53.54794699999999,0 -73.262074,-53.558038,0 -73.29124899999999,-53.60589000000001,0 -73.258656,-53.635186,0 -73.13483600000001,-53.646254,0 -73.080963,-53.60247200000001,0 -73.029286,-53.584731,0 -73.0808,-53.648207,0 -73.012196,-53.653578,0 -72.958485,-53.633233,0 -72.95287,-53.664483,0 -73.204213,-53.66619200000001,0 -73.300445,-53.63445400000001,0 -73.336293,-53.58896200000001,0 -73.435455,-53.56324600000001,0 -73.48281799999999,-53.587986,0 -73.584706,-53.582778,0 -73.615346,-53.614028,0 -73.608754,-53.656834,0 -73.49669299999999,-53.66497200000001,0 -73.484853,-53.70085999999999,0 -73.59166399999999,-53.756036,0 -73.262074,-53.70143,0 -73.245351,-53.715753,0 -73.310455,-53.750421,0 -73.26887000000001,-53.764255,0 -73.252838,-53.786065,0 -73.26891000000001,-53.814711,0 -73.317291,-53.835219,0 -73.287913,-53.879571,0 -73.23639900000001,-53.89658000000001,0 -73.262074,-53.907485,0 -73.264719,-53.93206099999999,0 -73.33775799999999,-53.955255,0 -73.308949,-53.97381000000001,0 -73.12344299999999,-54.014337,0 -73.09825600000001,-54.03785599999999,0 -73.036204,-53.986017,0 -73.1044,-53.93417700000001,0 -73.05602,-53.812758,0 -73.02184,-53.82431400000001,0 -73.00731399999999,-53.87371199999999,0 -72.965484,-53.851983,0 -72.943674,-53.868259,0 -72.897206,-53.867283,0 -72.801666,-53.817478,0 -72.782867,-53.831801,0 -72.80956,-53.859633,0 -72.72765099999999,-53.83863699999999,0 -72.768625,-53.872735,0 -72.64513100000001,-53.859633,0 -72.743072,-53.89365,0 -72.782867,-53.927992,0 -72.85057500000001,-53.955255,0 -72.776031,-53.97576300000001,0 -72.823842,-53.99627,0 -72.762441,-54.03044999999999,0 -72.860951,-54.01677800000001,0 -72.88589399999999,-54.023614,0 -72.88072699999999,-54.034438,0 -72.795969,-54.058364,0 -73.00450600000001,-54.064548,0 -73.02684499999999,-54.074884,0 -73.00886,-54.092462,0 -72.93683799999999,-54.085626,0 -72.91942299999999,-54.09929799999999,0 -72.885081,-54.08391699999999,0 -72.882802,-54.10564500000001,0 -72.926259,-54.119806,0 -72.84308799999999,-54.133559,0 -72.78628500000001,-54.092462,0 -72.70689900000001,-54.103285,0 -72.706776,-54.080987,0 -72.635487,-54.023614,0 -72.62344299999999,-54.036879,0 -72.632069,-54.058364,0 -72.543284,-54.10003,0 -72.518666,-54.030206,0 -72.532786,-54.023614,0 
							</coordinates>
						</LinearRing>
					</outerBoundaryIs>
				</Polygon>
			</Placemark>
			<Placemark id="5D04797B88D3F8C0BDEF6">
				<name>Chile</name>
				<snippet></snippet>
				<description>See: 2050-snapshot/domains/borders-geopolitics.md#lithium-triangle</description>
				<styleUrl>#__managed_style_CF3881D7E73F8C0BDF1B</styleUrl>
				<Polygon>
					<outerBoundaryIs>
						<LinearRing>
							<coordinates>
								-74.242177,-53.310968,0 -74.193715,-53.33147599999999,0 -74.116119,-53.307387,0 -74.098012,-53.292657,0 -74.10496999999999,-53.270115,0 -74.05809499999999,-53.250258,0 -74.07079,-53.23089,0 -74.095815,-53.228448,0 -74.22362200000001,-53.28102,0 -74.242177,-53.310968,0 
							</coordinates>
						</LinearRing>
					</outerBoundaryIs>
				</Polygon>
			</Placemark>
			<Placemark id="5ECE08952803F8C0BDEF6">
				<name>Chile</name>
				<snippet></snippet>
				<description>See: 2050-snapshot/domains/borders-geopolitics.md#lithium-triangle</description>
				<styleUrl>#__managed_style_CF3881D7E73F8C0BDF1B</styleUrl>
				<Polygon>
					<outerBoundaryIs>
						<LinearRing>
							<coordinates>
								-73.478505,-52.866306,0 -73.529612,-52.838067,0 -73.552358,-52.853204,0 -73.611724,-52.82171,0 -73.632639,-52.831231,0 -73.592437,-52.86061000000001,0 -73.601308,-52.865411,0 -73.68456,-52.849705,0 -73.748199,-52.86923600000001,0 -73.741851,-52.879571,0 -73.81077999999999,-52.913751,0 -73.632639,-52.879571,0 -73.501943,-52.88591899999999,0 -73.460683,-52.900079,0 -73.492502,-52.92197000000001,0 -73.476308,-52.945245,0 -73.419301,-52.95769600000001,0 -73.390126,-52.941583,0 -73.37877400000001,-52.91033300000001,0 -73.43342,-52.865411,0 -73.478505,-52.866306,0 
							</coordinates>
						</LinearRing>
					</outerBoundaryIs>
				</Polygon>
			</Placemark>
			<Placemark id="5FC967EAB0A3F8C0BDEF6">
				<name>Chile</name>
				<snippet></snippet>
				<description>See: 2050-snapshot/domains/borders-geopolitics.md#lithium-triangle</description>
				<styleUrl>#__managed_style_CF3881D7E73F8C0BDF1B</styleUrl>
				<Polygon>
					<outerBoundaryIs>
						<LinearRing>
							<coordinates>
								-73.194447,-53.304132,0 -73.266469,-53.268731,0 -73.366038,-53.27117299999999,0 -73.358266,-53.25644299999999,0 -73.371938,-53.242771,0 -73.31167600000001,-53.238865,0 -73.406077,-53.18759499999999,0 -73.39859,-53.17099399999999,0 -73.43342,-53.167087,0 -73.422027,-53.152439,0 -73.459543,-53.13290800000001,0 -73.497711,-53.143243,0 -73.48534100000001,-53.171075,0 -73.502309,-53.18759499999999,0 -73.468129,-53.222263,0 -73.516347,-53.261407,0 -73.57799199999999,-53.18759499999999,0 -73.545237,-53.15585699999999,0 -73.55117799999999,-53.118422,0 -73.57054599999999,-53.099298,0 -73.57054599999999,-53.1124,0 -73.601308,-53.10906300000001,0 -73.59789000000001,-53.078871,0 -73.62327999999999,-53.059828,0 -73.659983,-53.057794,0 -73.61034100000001,-53.14186,0 -73.628896,-53.14658,0 -73.755523,-53.05755,0 -73.814198,-53.061456,0 -73.875885,-53.003188,0 -73.902333,-53.012302,0 -73.89952599999999,-53.03728599999999,0 -73.961578,-53.02361400000001,0 -73.97525,-53.009373,0 -73.93932,-53.008477,0 -73.938222,-52.99618900000001,0 -74.02562399999999,-52.963556,0 -74.02989700000001,-52.982029,0 -74.074574,-52.947931,0 -74.13288300000001,-52.934259,0 -74.08385199999999,-52.96160199999999,0 -74.142974,-52.989679,0 -74.188303,-52.940525,0 -74.261464,-52.960219,0 -74.326894,-52.924086,0 -74.358795,-52.947931,0 -74.40721600000001,-52.913751,0 -74.37096099999999,-52.872654,0 -74.43398999999999,-52.868748,0 -74.502838,-52.824965,0 -74.489166,-52.79705199999999,0 -74.59845900000001,-52.769789,0 -74.67442800000001,-52.721287,0 -74.74986699999999,-52.75554799999999,0 -74.571156,-52.851739,0 -74.596547,-52.922947,0 -74.519358,-52.941013,0 -74.517079,-52.96160199999999,0 -74.49933799999999,-52.968032,0 -74.40721600000001,-52.969008,0 -74.40721600000001,-53.02988,0 -74.36559,-53.046319,0 -74.354888,-53.030532,0 -74.330922,-53.03728599999999,0 -74.318349,-53.097345,0 -74.239858,-53.08294,0 -74.248931,-53.03728599999999,0 -74.169749,-53.089776,0 -74.111195,-53.089614,0 -74.086293,-53.104913,0 -74.01622500000001,-53.08513799999999,0 -74.05719999999999,-53.057794,0 -73.923085,-53.080336,0 -73.880442,-53.057712,0 -73.83434,-53.10906300000001,0 -73.769846,-53.10906300000001,0 -73.74453699999999,-53.165785,0 -73.714589,-53.167087,0 -73.728831,-53.13290800000001,0 -73.654612,-53.20663800000001,0 -73.61148,-53.18759499999999,0 -73.605946,-53.211114,0 -73.58421800000001,-53.222263,0 -73.60000599999999,-53.241469,0 -73.57799199999999,-53.270115,0 -73.494862,-53.290623,0 -73.50788300000001,-53.30095799999999,0 -73.603627,-53.293227,0 -73.58421800000001,-53.31780400000001,0 -73.478098,-53.32464,0 -73.42031799999999,-53.283136,0 -73.317291,-53.352634,0 -73.29621299999999,-53.338311,0 -73.230946,-53.368097,0 -73.189443,-53.358168,0 -73.10781799999999,-53.36891,0 -73.09081,-53.355727,0 -73.139719,-53.327813,0 -73.20742799999999,-53.31780400000001,0 -73.194447,-53.304132,0 
							</coordinates>
						</LinearRing>
					</outerBoundaryIs>
				</Polygon>
			</Placemark>
			<Placemark id="609ACD70CD83F8C0BDEF6">
				<name>Chile</name>
				<snippet></snippet>
				<description>See: 2050-snapshot/domains/borders-geopolitics.md#lithium-triangle</description>
				<styleUrl>#__managed_style_CF3881D7E73F8C0BDF1B</styleUrl>
				<Polygon>
					<outerBoundaryIs>
						<LinearRing>
							<coordinates>
								-73.371938,-52.70769599999999,0 -73.39981,-52.728204,0 -73.36921100000001,-52.728611,0 -73.330963,-52.69402400000001,0 -73.371938,-52.70769599999999,0 
							</coordinates>
						</LinearRing>
					</outerBoundaryIs>
				</Polygon>
			</Placemark>
			<Placemark id="610BD9069673F8C0BDEF6">
				<name>Chile</name>
				<snippet></snippet>
				<description>See: 2050-snapshot/domains/borders-geopolitics.md#lithium-triangle</description>
				<styleUrl>#__managed_style_CF3881D7E73F8C0BDF1B</styleUrl>
				<Polygon>
					<outerBoundaryIs>
						<LinearRing>
							<coordinates>
								-73.736887,-52.59286899999999,0 -73.78734300000001,-52.554295,0 -73.739654,-52.545505,0 -73.676991,-52.48512099999999,0 -73.725168,-52.404718,0 -73.77456599999999,-52.40797299999999,0 -73.78966200000001,-52.42783000000001,0 -73.894885,-52.40814099999999,0 -74.029729,-52.429918,0 -74.042254,-52.45119,0 -74.03421,-52.475987,0 -73.98708999999999,-52.466786,0 -73.94811900000001,-52.470025,0 -73.94399900000001,-52.482788,0 -74.049713,-52.563735,0 -74.18436800000001,-52.58680100000001,0 -74.181549,-52.647949,0 -74.127781,-52.66591500000001,0 -74.14696499999999,-52.696617,0 -74.123419,-52.70661700000001,0 -74.03816999999999,-52.656689,0 -73.994001,-52.611878,0 -73.872182,-52.55006299999999,0 -73.982167,-52.632501,0 -73.982045,-52.653009,0 -73.958974,-52.656183,0 -73.84487900000001,-52.59783299999999,0 -73.939809,-52.67603900000001,0 -73.954742,-52.70769599999999,0 -73.913197,-52.721368,0 -73.796498,-52.687188,0 -73.736887,-52.59286899999999,0 
							</coordinates>
						</LinearRing>
					</outerBoundaryIs>
				</Polygon>
			</Placemark>
			<Placemark id="62479ED8A383F8C0BDEF6">
				<name>Chile</name>
				<snippet></snippet>
				<description>See: 2050-snapshot/domains/borders-geopolitics.md#lithium-triangle</description>
				<styleUrl>#__managed_style_CF3881D7E73F8C0BDF1B</styleUrl>
				<Polygon>
					<outerBoundaryIs>
						<LinearRing>
							<coordinates>
								-74.536096,-52.27190499999999,0 -74.544422,-52.24615899999999,0 -74.577719,-52.235117,0 -74.589285,-52.2129,0 -74.759511,-52.214288,0 -74.815175,-52.23658600000001,0 -74.87897700000001,-52.186944,0 -74.91161,-52.202813,0 -74.90632100000001,-52.234796,0 -74.80665999999999,-52.284244,0 -74.81541300000001,-52.350447,0 -74.784085,-52.367862,0 -74.755482,-52.365146,0 -74.744519,-52.34182499999999,0 -74.713278,-52.342828,0 -74.70352099999999,-52.38592800000001,0 -74.593839,-52.39482,0 -74.536096,-52.27190499999999,0 
							</coordinates>
						</LinearRing>
					</outerBoundaryIs>
				</Polygon>
			</Placemark>
			<Placemark id="639A61D4CB63F8C0BDEF6">
				<name>Chile</name>
				<snippet></snippet>
				<description>See: 2050-snapshot/domains/borders-geopolitics.md#lithium-triangle</description>
				<styleUrl>#__managed_style_CF3881D7E73F8C0BDF1B</styleUrl>
				<Polygon>
					<outerBoundaryIs>
						<LinearRing>
							<coordinates>
								-73.74933799999999,-52.35768,0 -73.796498,-52.331638,0 -73.77598999999999,-52.286554,0 -73.815338,-52.24114299999999,0 -73.950307,-52.197361,0 -73.98957299999999,-52.159601,0 -74.042226,-52.14128999999999,0 -74.079172,-52.14771900000001,0 -74.09276300000001,-52.166599,0 -74.092885,-52.185235,0 -74.05370000000001,-52.201349,0 -74.00255300000001,-52.255792,0 -73.82445199999999,-52.33847400000001,0 -73.88589399999999,-52.361993,0 -73.87267,-52.376153,0 -73.828684,-52.39364999999999,0 -73.769846,-52.37932700000001,0 -73.74933799999999,-52.35768,0 
							</coordinates>
						</LinearRing>
					</outerBoundaryIs>
				</Polygon>
			</Placemark>
			<Placemark id="644DBAF92593F8C0BDEF6">
				<name>Chile</name>
				<snippet></snippet>
				<description>See: 2050-snapshot/domains/borders-geopolitics.md#lithium-triangle</description>
				<styleUrl>#__managed_style_CF3881D7E73F8C0BDF1B</styleUrl>
				<Polygon>
					<outerBoundaryIs>
						<LinearRing>
							<coordinates>
								-74.057973,-52.374607,0 -74.036041,-52.35816800000001,0 -74.039418,-52.344171,0 -73.96776300000001,-52.344659,0 -73.982045,-52.331638,0 -73.935699,-52.324884,0 -74.11913,-52.181817,0 -74.286773,-52.088637,0 -74.344553,-52.090753,0 -74.41686,-52.129002,0 -74.41466200000001,-52.142999,0 -74.359853,-52.164158,0 -74.28343700000001,-52.145929,0 -74.145904,-52.19378,0 -74.22166900000001,-52.186944,0 -74.10496999999999,-52.24830499999999,0 -74.20710200000001,-52.226332,0 -74.235951,-52.24830499999999,0 -74.193715,-52.280043,0 -74.245351,-52.316583,0 -74.187489,-52.324151,0 -74.19811,-52.35296000000001,0 -74.187327,-52.367364,0 -74.12254799999999,-52.39771900000001,0 -74.057973,-52.374607,0 
							</coordinates>
						</LinearRing>
					</outerBoundaryIs>
				</Polygon>
			</Placemark>
			<Placemark id="6537987D6C63F8C0BDEF6">
				<name>Chile</name>
				<snippet></snippet>
				<description>See: 2050-snapshot/domains/borders-geopolitics.md#lithium-triangle</description>
				<styleUrl>#__managed_style_CF3881D7E73F8C0BDF1B</styleUrl>
				<Polygon>
					<outerBoundaryIs>
						<LinearRing>
							<coordinates>
								-74.67194600000001,-52.163018,0 -74.664215,-52.13372200000001,0 -74.60179599999999,-52.06405999999999,0 -74.628,-52.061619,0 -74.756947,-52.124119,0 -74.793853,-52.12395600000001,0 -74.803293,-52.17213300000001,0 -74.770375,-52.187595,0 -74.67194600000001,-52.163018,0 
							</coordinates>
						</LinearRing>
					</outerBoundaryIs>
				</Polygon>
			</Placemark>
			<Placemark id="6619BB2B5DD3F8C0BDEF6">
				<name>Chile</name>
				<snippet></snippet>
				<description>See: 2050-snapshot/domains/borders-geopolitics.md#lithium-triangle</description>
				<styleUrl>#__managed_style_CF3881D7E73F8C0BDF1B</styleUrl>
				<Polygon>
					<outerBoundaryIs>
						<LinearRing>
							<coordinates>
								-74.40721600000001,-52.04306399999999,0 -74.387807,-52.07724400000001,0 -74.344553,-52.06405999999999,0 -74.40721600000001,-52.04306399999999,0 
							</coordinates>
						</LinearRing>
					</outerBoundaryIs>
				</Polygon>
			</Placemark>
			<Placemark id="67C31C7D71F3F8C0BDEF6">
				<name>Chile</name>
				<snippet></snippet>
				<description>See: 2050-snapshot/domains/borders-geopolitics.md#lithium-triangle</description>
				<styleUrl>#__managed_style_CF3881D7E73F8C0BDF1B</styleUrl>
				<Polygon>
					<outerBoundaryIs>
						<LinearRing>
							<coordinates>
								-74.50963299999999,-51.940606,0 -74.543813,-51.92066799999999,0 -74.707143,-52.0263,0 -74.735585,-52.084568,0 -74.51406799999999,-52.005304,0 -74.492299,-51.978692,0 -74.50963299999999,-51.940606,0 
							</coordinates>
						</LinearRing>
					</outerBoundaryIs>
				</Polygon>
			</Placemark>
			<Placemark id="68A963E57833F8C0BDEF6">
				<name>Chile</name>
				<snippet></snippet>
				<description>See: 2050-snapshot/domains/borders-geopolitics.md#lithium-triangle</description>
				<styleUrl>#__managed_style_CF3881D7E73F8C0BDF1B</styleUrl>
				<Polygon>
					<outerBoundaryIs>
						<LinearRing>
							<coordinates>
								-73.78400600000001,-52.059666,0 -74.034983,-51.914483,0 -74.09439,-51.927016,0 -74.077707,-51.954767,0 -74.110219,-51.96892699999999,0 -74.04352799999999,-52.008884,0 -74.112416,-51.994561,0 -74.09023999999999,-52.010024,0 -73.871246,-52.094903,0 -73.694081,-52.24228299999999,0 -73.687856,-52.208103,0 -73.726715,-52.125665,0 -73.78400600000001,-52.059666,0 
							</coordinates>
						</LinearRing>
					</outerBoundaryIs>
				</Polygon>
			</Placemark>
			<Placemark id="69D466BB93E3F8C0BDEF6">
				<name>Chile</name>
				<snippet></snippet>
				<description>See: 2050-snapshot/domains/borders-geopolitics.md#lithium-triangle</description>
				<styleUrl>#__managed_style_CF3881D7E73F8C0BDF1B</styleUrl>
				<Polygon>
					<outerBoundaryIs>
						<LinearRing>
							<coordinates>
								-74.735585,-51.98211,0 -74.727935,-51.96884499999999,0 -74.64094,-51.898207,0 -74.59845900000001,-51.837498,0 -74.660471,-51.868829,0 -74.72874899999999,-51.872247,0 -74.728342,-51.8388,0 -74.750885,-51.83391700000001,0 -74.84487900000001,-51.996759,0 -74.835561,-52.01572,0 -74.783355,-52.008884,0 -74.85912,-52.056573,0 -74.89635199999999,-52.113051,0 -74.870717,-52.13714000000001,0 -74.85057500000001,-52.130141,0 -74.838002,-52.090753,0 -74.782948,-52.08294,0 -74.68097899999999,-51.96843799999999,0 -74.735585,-51.98211,0 
							</coordinates>
						</LinearRing>
					</outerBoundaryIs>
				</Polygon>
			</Placemark>
			<Placemark id="6A459BD89483F8C0BDEF6">
				<name>Chile</name>
				<snippet></snippet>
				<description>See: 2050-snapshot/domains/borders-geopolitics.md#lithium-triangle</description>
				<styleUrl>#__managed_style_CF3881D7E73F8C0BDF1B</styleUrl>
				<Polygon>
					<outerBoundaryIs>
						<LinearRing>
							<coordinates>
								-74.975168,-51.776625,0 -74.996246,-51.776625,0 -74.96996,-51.736749,0 -75.019358,-51.713067,0 -75.054596,-51.724867,0 -75.095367,-51.776462,0 -75.107574,-51.80689900000001,0 -75.092437,-51.824477,0 -75.119781,-51.878106,0 -75.116851,-51.894138,0 -75.087473,-51.898045,0 -75.000885,-51.84384499999999,0 -74.975168,-51.776625,0 
							</coordinates>
						</LinearRing>
					</outerBoundaryIs>
				</Polygon>
			</Placemark>
			<Placemark id="6B5BBAE0AEC3F8C0BDEF6">
				<name>Chile</name>
				<snippet></snippet>
				<description>See: 2050-snapshot/domains/borders-geopolitics.md#lithium-triangle</description>
				<styleUrl>#__managed_style_CF3881D7E73F8C0BDF1B</styleUrl>
				<Polygon>
					<outerBoundaryIs>
						<LinearRing>
							<coordinates>
								-74.369456,-51.89129,0 -74.32127800000001,-51.895603,0 -74.194732,-51.95029100000001,0 -74.145904,-51.947361,0 -74.09630300000001,-51.877374,0 -74.160797,-51.886407,0 -74.22166900000001,-51.872247,0 -74.16307500000001,-51.85556399999999,0 -74.17389900000001,-51.837498,0 -74.214915,-51.837498,0 -74.22874899999999,-51.819594,0 -74.314117,-51.813897,0 -74.311635,-51.78655400000001,0 -74.33019,-51.780206,0 -74.31786,-51.76238399999999,0 -74.371897,-51.76922,0 -74.375844,-51.742283,0 -74.502838,-51.70720799999999,0 -74.50963299999999,-51.71461399999999,0 -74.44815,-51.76238399999999,0 -74.457387,-51.78753,0 -74.409657,-51.808689,0 -74.43456,-51.84490300000001,0 -74.369456,-51.89129,0 
							</coordinates>
						</LinearRing>
					</outerBoundaryIs>
				</Polygon>
			</Placemark>
			<Placemark id="6C33B8889563F8C0BDEF6">
				<name>Chile</name>
				<snippet></snippet>
				<description>See: 2050-snapshot/domains/borders-geopolitics.md#lithium-triangle</description>
				<styleUrl>#__managed_style_CF3881D7E73F8C0BDF1B</styleUrl>
				<Polygon>
					<outerBoundaryIs>
						<LinearRing>
							<coordinates>
								-73.851715,-51.72820399999999,0 -73.85057500000001,-51.68385199999999,0 -73.9405,-51.663181,0 -73.92984,-51.708754,0 -73.899159,-51.722345,0 -73.838775,-51.812595,0 -73.7954,-51.813897,0 -73.816965,-51.776625,0 -73.77155500000001,-51.78102,0 -73.78966200000001,-51.73504,0 -73.851715,-51.72820399999999,0 
							</coordinates>
						</LinearRing>
					</outerBoundaryIs>
				</Polygon>
			</Placemark>
			<Placemark id="6DAE6497AC53F8C0BDEF6">
				<name>Chile</name>
				<snippet></snippet>
				<description>See: 2050-snapshot/domains/borders-geopolitics.md#lithium-triangle</description>
				<styleUrl>#__managed_style_CF3881D7E73F8C0BDF1B</styleUrl>
				<Polygon>
					<outerBoundaryIs>
						<LinearRing>
							<coordinates>
								-74.831858,-51.896173,0 -74.787587,-51.819268,0 -74.790842,-51.789727,0 -74.762929,-51.782892,0 -74.790842,-51.72820399999999,0 -74.77721099999999,-51.7138,0 -74.783355,-51.659356,0 -74.80723999999999,-51.63421,0 -74.856353,-51.638116,0 -74.865346,-51.618341,0 -74.903432,-51.621026,0 -74.92516000000001,-51.636,0 -74.922231,-51.655857,0 -74.886383,-51.673028,0 -74.900054,-51.700942,0 -74.852284,-51.70720799999999,0 -74.864491,-51.735528,0 -74.844838,-51.76238399999999,0 -74.886383,-51.773045,0 -74.852284,-51.80339900000001,0 -74.867502,-51.831801,0 -74.831858,-51.837498,0 -74.865346,-51.879083,0 -74.933502,-51.856378,0 -74.92052200000001,-51.837498,0 -74.957509,-51.815606,0 -75.037221,-51.92066799999999,0 -75.02440300000001,-51.933282,0 -74.96898400000001,-51.92693500000001,0 -75.07140099999999,-51.98211,0 -75.006907,-52.036228,0 -74.975168,-52.036228,0 -75.02359,-52.084568,0 -75.013987,-52.104099,0 -74.94786499999999,-52.056573,0 -74.97394799999999,-52.099705,0 -74.964223,-52.117608,0 -74.886383,-52.04306399999999,0 -74.903961,-52.006768,0 -74.83434,-51.947361,0 -74.831858,-51.896173,0 
							</coordinates>
						</LinearRing>
					</outerBoundaryIs>
				</Polygon>
			</Placemark>
			<Placemark id="6E94872261B3F8C0BDEF6">
				<name>Chile</name>
				<snippet></snippet>
				<description>See: 2050-snapshot/domains/borders-geopolitics.md#lithium-triangle</description>
				<styleUrl>#__managed_style_CF3881D7E73F8C0BDF1B</styleUrl>
				<Polygon>
					<outerBoundaryIs>
						<LinearRing>
							<coordinates>
								-73.992665,-51.663181,0 -74.025502,-51.63006,0 -74.049713,-51.55689899999999,0 -74.082143,-51.538181,0 -74.10496999999999,-51.553318,0 -74.07144099999999,-51.60475,0 -74.149648,-51.604181,0 -74.13906799999999,-51.66676199999999,0 -74.193715,-51.680434,0 -74.219106,-51.671319,0 -74.24063099999999,-51.6985,0 -74.014556,-51.79973699999999,0 -73.928538,-51.7763,0 -73.931386,-51.750258,0 -74.00877800000001,-51.71461399999999,0 -73.992665,-51.663181,0 
							</coordinates>
						</LinearRing>
					</outerBoundaryIs>
				</Polygon>
			</Placemark>
			<Placemark id="6FA45AF73963F8C0BDEF6">
				<name>Chile</name>
				<snippet></snippet>
				<description>See: 2050-snapshot/domains/borders-geopolitics.md#lithium-triangle</description>
				<styleUrl>#__managed_style_CF3881D7E73F8C0BDF1B</styleUrl>
				<Polygon>
					<outerBoundaryIs>
						<LinearRing>
							<coordinates>
								-74.167063,-51.413507,0 -74.137929,-51.447524,0 -74.11937399999999,-51.447442,0 -74.112416,-51.378839,0 -74.16511,-51.287042,0 -74.254628,-51.290785,0 -74.25999899999999,-51.353123,0 -74.22166900000001,-51.378839,0 -74.238596,-51.40960100000001,0 -74.19713299999999,-51.42669,0 -74.167063,-51.413507,0 
							</coordinates>
						</LinearRing>
					</outerBoundaryIs>
				</Polygon>
			</Placemark>
			<Placemark id="703859D3F473F8C0BDEF6">
				<name>Chile</name>
				<snippet></snippet>
				<description>See: 2050-snapshot/domains/borders-geopolitics.md#lithium-triangle</description>
				<styleUrl>#__managed_style_CF3881D7E73F8C0BDF1B</styleUrl>
				<Polygon>
					<outerBoundaryIs>
						<LinearRing>
							<coordinates>
								-75.05772899999999,-51.330987,0 -75.102406,-51.296157,0 -75.12975,-51.36174900000001,0 -75.14883399999999,-51.36712,0 -75.126047,-51.270196,0 -75.142405,-51.26384899999999,0 -75.219838,-51.305434,0 -75.207916,-51.365167,0 -75.187408,-51.375421,0 -75.22057,-51.412774,0 -75.225331,-51.490655,0 -75.31468700000001,-51.536554,0 -75.325266,-51.577407,0 -75.31289599999999,-51.629164,0 -75.2058,-51.601739,0 -75.21540299999999,-51.549493,0 -75.162424,-51.573175,0 -75.14175400000001,-51.565037,0 -75.13341200000001,-51.53281,0 -75.16075600000001,-51.42669,0 -75.115956,-51.47323999999999,0 -75.07079,-51.400649,0 -75.016184,-51.413507,0 -74.996246,-51.36174900000001,0 -75.02359,-51.330987,0 -75.05772899999999,-51.330987,0 
							</coordinates>
						</LinearRing>
					</outerBoundaryIs>
				</Polygon>
			</Placemark>
			<Placemark id="71A4CC9E38D3F8C0BDEF6">
				<name>Chile</name>
				<snippet></snippet>
				<description>See: 2050-snapshot/domains/borders-geopolitics.md#lithium-triangle</description>
				<styleUrl>#__managed_style_CF3881D7E73F8C0BDF1B</styleUrl>
				<Polygon>
					<outerBoundaryIs>
						<LinearRing>
							<coordinates>
								-73.864735,-51.258722,0 -73.920644,-51.303643,0 -73.900054,-51.313735,0 -73.82445199999999,-51.303643,0 -73.895579,-51.335219,0 -73.872182,-51.35833099999999,0 -73.816965,-51.351495,0 -73.793691,-51.371026,0 -73.75487200000001,-51.297621,0 -73.82534699999999,-51.24797900000001,0 -73.864735,-51.258722,0 
							</coordinates>
						</LinearRing>
					</outerBoundaryIs>
				</Polygon>
			</Placemark>
			<Placemark id="72547D116B33F8C0BDEF6">
				<name>Chile</name>
				<snippet></snippet>
				<description>See: 2050-snapshot/domains/borders-geopolitics.md#lithium-triangle</description>
				<styleUrl>#__managed_style_CF3881D7E73F8C0BDF1B</styleUrl>
				<Polygon>
					<outerBoundaryIs>
						<LinearRing>
							<coordinates>
								-74.735585,-51.296157,0 -74.71792600000001,-51.31406,0 -74.687164,-51.283298,0 -74.679514,-51.327895,0 -74.643056,-51.36174900000001,0 -74.64623,-51.39251100000001,0 -74.623158,-51.40699599999999,0 -74.594228,-51.399509,0 -74.543813,-51.365167,0 -74.626332,-51.26214,0 -74.54898,-51.284356,0 -74.555735,-51.250421,0 -74.601918,-51.205987,0 -74.643056,-51.196954,0 -74.79308,-51.211196,0 -74.836252,-51.25506,0 -74.838002,-51.275811,0 -74.93419299999999,-51.303643,0 -74.963775,-51.34368299999999,0 -74.951283,-51.36174900000001,0 -74.921783,-51.363702,0 -74.790842,-51.317478,0 -74.798329,-51.33001100000001,0 -74.87026899999999,-51.377537,0 -75.003163,-51.431329,0 -75.024159,-51.45623100000001,0 -74.985422,-51.474542,0 -74.94554599999999,-51.448907,0 -74.798655,-51.432306,0 -74.724599,-51.341241,0 -74.735585,-51.296157,0 
							</coordinates>
						</LinearRing>
					</outerBoundaryIs>
				</Polygon>
			</Placemark>
			<Placemark id="735DB3A312B3F8C0BDEF6">
				<name>Chile</name>
				<snippet></snippet>
				<description>See: 2050-snapshot/domains/borders-geopolitics.md#lithium-triangle</description>
				<styleUrl>#__managed_style_CF3881D7E73F8C0BDF1B</styleUrl>
				<Polygon>
					<outerBoundaryIs>
						<LinearRing>
							<coordinates>
								-74.91002400000001,-51.103123,0 -74.96898400000001,-51.10442500000001,0 -75.006744,-51.133559,0 -75.02049700000001,-51.172784,0 -74.876943,-51.158461,0 -74.860219,-51.14381299999999,0 -74.865346,-51.121515,0 -74.91002400000001,-51.103123,0 
							</coordinates>
						</LinearRing>
					</outerBoundaryIs>
				</Polygon>
			</Placemark>
			<Placemark id="747F1148A263F8C0BDEF6">
				<name>Chile</name>
				<snippet></snippet>
				<description>See: 2050-snapshot/domains/borders-geopolitics.md#lithium-triangle</description>
				<styleUrl>#__managed_style_CF3881D7E73F8C0BDF1B</styleUrl>
				<Polygon>
					<outerBoundaryIs>
						<LinearRing>
							<coordinates>
								-74.454213,-51.119806,0 -74.519521,-51.096368,0 -74.512685,-51.059503,0 -74.49543199999999,-51.049249,0 -74.487416,-51.065362,0 -74.46027599999999,-51.062107,0 -74.45889200000001,-51.03411199999999,0 -74.486073,-51.021254,0 -74.605214,-51.080255,0 -74.574371,-51.15488,0 -74.43415299999999,-51.20582399999999,0 -74.405141,-51.19264100000001,0 -74.38536499999999,-51.143731,0 -74.420277,-51.111261,0 -74.454213,-51.119806,0 
							</coordinates>
						</LinearRing>
					</outerBoundaryIs>
				</Polygon>
			</Placemark>
			<Placemark id="75AACD4169E3F8C0BDEF6">
				<name>Chile</name>
				<snippet></snippet>
				<description>See: 2050-snapshot/domains/borders-geopolitics.md#lithium-triangle</description>
				<styleUrl>#__managed_style_CF3881D7E73F8C0BDF1B</styleUrl>
				<Polygon>
					<outerBoundaryIs>
						<LinearRing>
							<coordinates>
								-74.200551,-51.200128,0 -74.196929,-51.175388,0 -74.276235,-51.023858,0 -74.30134,-50.93922299999999,0 -74.322743,-50.921645,0 -74.35195899999999,-50.925714,0 -74.32176699999999,-50.964776,0 -74.332875,-51.03215900000001,0 -74.284576,-51.23561,0 -74.248931,-51.23479600000001,0 -74.200551,-51.200128,0 
							</coordinates>
						</LinearRing>
					</outerBoundaryIs>
				</Polygon>
			</Placemark>
			<Placemark id="767F27998C93F8C0BDEF6">
				<name>Chile</name>
				<snippet></snippet>
				<description>See: 2050-snapshot/domains/borders-geopolitics.md#lithium-triangle</description>
				<styleUrl>#__managed_style_CF3881D7E73F8C0BDF1B</styleUrl>
				<Polygon>
					<outerBoundaryIs>
						<LinearRing>
							<coordinates>
								-74.43456,-50.925714,0 -74.39492799999999,-50.869806,0 -74.39977,-50.844415,0 -74.466217,-50.823826,0 -74.48729400000001,-50.78215899999999,0 -74.55064900000001,-50.751642,0 -74.660471,-50.727716,0 -74.67796800000001,-50.74627,0 -74.60675999999999,-50.81161899999999,0 -74.55809499999999,-50.817071,0 -74.569,-50.83294000000001,0 -74.643056,-50.847833,0 -74.656728,-50.87476999999999,0 -74.640452,-50.885431,0 -74.584788,-50.885431,0 -74.625478,-50.92489999999999,0 -74.660471,-50.933201,0 -74.903188,-50.885431,0 -74.930898,-50.894627,0 -74.900054,-50.91952899999999,0 -74.944447,-50.92099400000001,0 -74.96642,-50.949884,0 -74.945221,-50.98284300000001,0 -74.90046100000001,-50.958754,0 -74.838002,-50.97421599999999,0 -74.893219,-51.049249,0 -74.831858,-51.07643,0 -74.78026300000001,-51.038995,0 -74.77456599999999,-50.993341,0 -74.744781,-51.010024,0 -74.68097899999999,-51.008233,0 -74.691518,-51.026625,0 -74.74986699999999,-51.042413,0 -74.73692800000001,-51.06462999999999,0 -74.756012,-51.07643,0 -74.749989,-51.092543,0 -74.725453,-51.105076,0 -74.626332,-51.087091,0 -74.634389,-51.04013399999999,0 -74.475494,-50.99456099999999,0 -74.444732,-51.01441800000001,0 -74.39830499999999,-51.086847,0 -74.40721600000001,-51.021905,0 -74.38927200000001,-51.038344,0 -74.380279,-51.02752,0 -74.385569,-50.981052,0 -74.43456,-50.925714,0 
							</coordinates>
						</LinearRing>
					</outerBoundaryIs>
				</Polygon>
			</Placemark>
			<Placemark id="778795C8EBA3F8C0BDEF6">
				<name>Chile</name>
				<snippet></snippet>
				<description>See: 2050-snapshot/domains/borders-geopolitics.md#lithium-triangle</description>
				<styleUrl>#__managed_style_CF3881D7E73F8C0BDF1B</styleUrl>
				<Polygon>
					<outerBoundaryIs>
						<LinearRing>
							<coordinates>
								-74.94164000000001,-50.796563,0 -74.85912,-50.82390699999999,0 -74.94164000000001,-50.837579,0 -74.931264,-50.851007,0 -74.781972,-50.882013,0 -74.693023,-50.890069,0 -74.660471,-50.82390699999999,0 -74.673492,-50.81023500000001,0 -74.71817,-50.86150500000001,0 -74.727447,-50.833754,0 -74.77721099999999,-50.80283,0 -74.71507699999999,-50.80283,0 -74.756012,-50.75506,0 -74.74242099999999,-50.707208,0 -74.804514,-50.666274,0 -74.828481,-50.66513399999999,0 -74.831858,-50.707208,0 -74.901112,-50.676039,0 -74.89439900000001,-50.716078,0 -74.844838,-50.74822400000001,0 -74.958974,-50.72828499999999,0 -74.94786499999999,-50.76246500000001,0 -74.961578,-50.76922,0 -74.90632100000001,-50.796563,0 -74.94164000000001,-50.796563,0 
							</coordinates>
						</LinearRing>
					</outerBoundaryIs>
				</Polygon>
			</Placemark>
			<Placemark id="78C2D115E4C3F8C0BDEF6">
				<name>Chile</name>
				<snippet></snippet>
				<description>See: 2050-snapshot/domains/borders-geopolitics.md#lithium-triangle</description>
				<styleUrl>#__managed_style_CF3881D7E73F8C0BDF1B</styleUrl>
				<Polygon>
					<outerBoundaryIs>
						<LinearRing>
							<coordinates>
								-74.999135,-50.781183,0 -74.985422,-50.65715899999999,0 -75.02009,-50.67294699999999,0 -75.051503,-50.65260200000001,0 -75.081695,-50.65488,0 -75.044057,-50.707208,0 -75.05524699999999,-50.720798,0 -75.092437,-50.707208,0 -75.11314900000001,-50.721287,0 -75.08389200000001,-50.78362400000001,0 -75.016835,-50.812758,0 -74.981516,-50.797784,0 -74.999135,-50.781183,0 
							</coordinates>
						</LinearRing>
					</outerBoundaryIs>
				</Polygon>
			</Placemark>
			<Placemark id="791FD3759E13F8C0BDEF6">
				<name>Chile</name>
				<snippet></snippet>
				<description>See: 2050-snapshot/domains/borders-geopolitics.md#lithium-triangle</description>
				<styleUrl>#__managed_style_CF3881D7E73F8C0BDF1B</styleUrl>
				<Polygon>
					<outerBoundaryIs>
						<LinearRing>
							<coordinates>
								-74.68097899999999,-50.51482499999999,0 -74.673492,-50.57691799999999,0 -74.640452,-50.586358,0 -74.60265099999999,-50.563084,0 -74.584096,-50.530938,0 -74.666493,-50.503106,0 -74.68097899999999,-50.51482499999999,0 
							</coordinates>
						</LinearRing>
					</outerBoundaryIs>
				</Polygon>
			</Placemark>
			<Placemark id="7A57AA305733F8C0BDEF6">
				<name>Chile</name>
				<snippet></snippet>
				<description>See: 2050-snapshot/domains/borders-geopolitics.md#lithium-triangle</description>
				<styleUrl>#__managed_style_CF3881D7E73F8C0BDF1B</styleUrl>
				<Polygon>
					<outerBoundaryIs>
						<LinearRing>
							<coordinates>
								-75.21540299999999,-50.50855900000001,0 -75.256337,-50.48805099999999,0 -75.27684499999999,-50.50115300000001,0 -75.299916,-50.47381,0 -75.330922,-50.466485,0 -75.35261,-50.50115300000001,0 -75.38198800000001,-50.463962,0 -75.40379799999999,-50.46013800000001,0 -75.424184,-50.483819,0 -75.46861699999999,-50.494317,0 -75.42764200000001,-50.51482499999999,0 -75.433909,-50.535903,0 -75.40689,-50.53818099999999,0 -75.359364,-50.590509,0 -75.37987200000001,-50.590509,0 -75.373036,-50.611017,0 -75.455963,-50.606378,0 -75.475819,-50.644301,0 -75.513824,-50.64910200000001,0 -75.496571,-50.672459,0 -75.407053,-50.673761,0 -75.41201700000001,-50.694594,0 -75.45498600000001,-50.712335,0 -75.433909,-50.741957,0 -75.461822,-50.76246500000001,0 -75.386464,-50.772068,0 -75.336293,-50.740818,0 -75.325063,-50.788995,0 -75.290598,-50.781834,0 -75.274648,-50.754083,0 -75.30475800000001,-50.71404399999999,0 -75.282297,-50.716078,0 -75.28303,-50.686212,0 -75.26317299999999,-50.666274,0 -75.30475800000001,-50.645766,0 -75.27086300000001,-50.62053800000001,0 -75.34557,-50.56072399999999,0 -75.321523,-50.54900500000001,0 -75.26891000000001,-50.589776,0 -75.21540299999999,-50.596938,0 -75.20246299999999,-50.59295,0 -75.21540299999999,-50.55641,0 -75.18065300000001,-50.570001,0 -75.174469,-50.552992,0 -75.119862,-50.53362400000001,0 -75.097401,-50.497247,0 -75.194895,-50.494317,0 -75.21540299999999,-50.50855900000001,0 
							</coordinates>
						</LinearRing>
					</outerBoundaryIs>
				</Polygon>
			</Placemark>
			<Placemark id="7BBB56A75623F8C0BDEF6">
				<name>Chile</name>
				<snippet></snippet>
				<description>See: 2050-snapshot/domains/borders-geopolitics.md#lithium-triangle</description>
				<styleUrl>#__managed_style_CF3881D7E73F8C0BDF1B</styleUrl>
				<Polygon>
					<outerBoundaryIs>
						<LinearRing>
							<coordinates>
								-74.269358,-50.786554,0 -74.242665,-50.805352,0 -74.236724,-50.841078,0 -74.199208,-50.84832100000001,0 -74.181304,-50.782322,0 -74.222646,-50.721612,0 -74.278066,-50.72039199999999,0 -74.29816599999999,-50.692071,0 -74.42711300000001,-50.65260200000001,0 -74.239003,-50.676202,0 -74.271108,-50.62428200000001,0 -74.332672,-50.57732499999999,0 -74.347483,-50.511651,0 -74.383127,-50.45598699999999,0 -74.476674,-50.47633199999999,0 -74.55248,-50.42392300000001,0 -74.673492,-50.47381,0 -74.605214,-50.47381,0 -74.579579,-50.501397,0 -74.420277,-50.528497,0 -74.468658,-50.535903,0 -74.465321,-50.570001,0 -74.513417,-50.57691799999999,0 -74.530141,-50.604181,0 -74.58120700000001,-50.633559,0 -74.543813,-50.69019900000001,0 -74.502838,-50.70037200000001,0 -74.517079,-50.731622,0 -74.39977,-50.74822400000001,0 -74.42479400000001,-50.761489,0 -74.373769,-50.82740699999999,0 -74.322174,-50.84588,0 -74.3155,-50.800714,0 -74.269358,-50.786554,0 
							</coordinates>
						</LinearRing>
					</outerBoundaryIs>
				</Polygon>
			</Placemark>
			<Placemark id="7CC9324464E3F8C0BDEF6">
				<name>Chile</name>
				<snippet></snippet>
				<description>See: 2050-snapshot/domains/borders-geopolitics.md#lithium-triangle</description>
				<styleUrl>#__managed_style_CF3881D7E73F8C0BDF1B</styleUrl>
				<Polygon>
					<outerBoundaryIs>
						<LinearRing>
							<coordinates>
								-74.720286,-50.489353,0 -74.684478,-50.457778,0 -74.628733,-50.43963,0 -74.626332,-50.412367,0 -74.555002,-50.403741,0 -74.544586,-50.382094,0 -74.60871299999999,-50.363946,0 -74.736724,-50.37184,0 -74.762929,-50.39869600000001,0 -74.735585,-50.412367,0 -74.785308,-50.489435,0 -74.720286,-50.489353,0 
							</coordinates>
						</LinearRing>
					</outerBoundaryIs>
				</Polygon>
			</Placemark>
			<Placemark id="7DEA051309F3F8C0BDEF6">
				<name>Chile</name>
				<snippet></snippet>
				<description>See: 2050-snapshot/domains/borders-geopolitics.md#lithium-triangle</description>
				<styleUrl>#__managed_style_CF3881D7E73F8C0BDF1B</styleUrl>
				<Polygon>
					<outerBoundaryIs>
						<LinearRing>
							<coordinates>
								-74.94237200000001,-50.220147,0 -74.811269,-50.21380000000001,0 -74.815907,-50.195489,0 -74.793691,-50.16985399999999,0 -74.799713,-50.125421,0 -74.85912,-50.117608,0 -74.844838,-50.138767,0 -74.869456,-50.158298,0 -74.901112,-50.152602,0 -74.928049,-50.172784,0 -74.980133,-50.165216,0 -75.07140099999999,-50.186456,0 -74.95213800000001,-50.108819,0 -74.953277,-50.07976699999999,0 -74.97716200000001,-50.072198,0 -74.987782,-50.092543,0 -75.05211300000001,-50.125177,0 -75.085032,-50.076593,0 -75.121816,-50.093032,0 -75.13341200000001,-50.083429,0 -75.128733,-50.029555,0 -75.157053,-50.021417,0 -75.22964399999999,-50.02890399999999,0 -75.271474,-50.067071,0 -75.296986,-50.00286200000001,0 -75.325266,-50.00156,0 -75.35261,-50.03574,0 -75.40038,-50.039158,0 -75.38329,-50.076593,0 -75.30475800000001,-50.125095,0 -75.258697,-50.123468,0 -75.187978,-50.164158,0 -75.119781,-50.138767,0 -75.156728,-50.221449,0 -75.146474,-50.24863,0 -75.179311,-50.255792,0 -75.270619,-50.24863,0 -75.294749,-50.217543,0 -75.318918,-50.22617,0 -75.35261,-50.200779,0 -75.266184,-50.184015,0 -75.25609300000001,-50.17018,0 -75.267893,-50.158624,0 -75.34789000000001,-50.14519600000001,0 -75.390452,-50.16228599999999,0 -75.42015499999999,-50.22242600000001,0 -75.400868,-50.257989,0 -75.445058,-50.276625,0 -75.454945,-50.363946,0 -75.43272899999999,-50.367364,0 -75.369618,-50.329848,0 -75.325266,-50.329848,0 -75.304596,-50.305271,0 -75.28522700000001,-50.315362,0 -75.30776899999999,-50.34742600000001,0 -75.194895,-50.302504,0 -75.253651,-50.362481,0 -75.323232,-50.400323,0 -75.321156,-50.427504,0 -75.22289000000001,-50.436456,0 -75.18077599999999,-50.380792,0 -75.114898,-50.34075299999999,0 -75.119781,-50.316827,0 -75.094106,-50.324395,0 -74.952219,-50.25676799999999,0 -74.94237200000001,-50.220147,0 
							</coordinates>
						</LinearRing>
					</outerBoundaryIs>
				</Polygon>
			</Placemark>
			<Placemark id="7E45818217C3F8C0BDEF6">
				<name>Chile</name>
				<snippet></snippet>
				<description>See: 2050-snapshot/domains/borders-geopolitics.md#lithium-triangle</description>
				<styleUrl>#__managed_style_CF3881D7E73F8C0BDF1B</styleUrl>
				<Polygon>
					<outerBoundaryIs>
						<LinearRing>
							<coordinates>
								-75.36620000000001,-49.72031,0 -75.34577400000001,-49.781834,0 -75.375722,-49.798598,0 -75.33971099999999,-49.85955199999999,0 -75.270416,-49.898045,0 -75.26480100000001,-49.873956,0 -75.284291,-49.829522,0 -75.262766,-49.834568,0 -75.235911,-49.87118899999999,0 -75.18065300000001,-49.90536900000001,0 -75.211293,-49.79273899999999,0 -75.25357,-49.760431,0 -75.274241,-49.71477600000001,0 -75.297353,-49.70672,0 -75.355339,-49.610176,0 -75.504352,-49.556973,0 -75.497519,-49.583504,0 -75.548019,-49.58896799999999,0 -75.61351999999999,-49.636375,0 -75.58149400000001,-49.64265,0 -75.58667800000001,-49.687998,0 -75.563547,-49.707452,0 -75.521367,-49.705124,0 -75.510757,-49.718223,0 -75.52525199999999,-49.739724,0 -75.555002,-49.734266,0 -75.626786,-49.75634300000001,0 -75.63545499999999,-49.78172299999999,0 -75.620304,-49.809511,0 -75.634854,-49.827943,0 -75.61738699999999,-49.86422300000001,0 -75.544138,-49.836678,0 -75.540237,-49.80818,0 -75.384511,-49.748224,0 -75.36620000000001,-49.72031,0 
							</coordinates>
						</LinearRing>
					</outerBoundaryIs>
				</Polygon>
			</Placemark>
			<Placemark id="7F0E0FC4DA03F8C0BDEF6">
				<name>Chile</name>
				<snippet></snippet>
				<description>See: 2050-snapshot/domains/borders-geopolitics.md#lithium-triangle</description>
				<styleUrl>#__managed_style_CF3881D7E73F8C0BDF1B</styleUrl>
				<Polygon>
					<outerBoundaryIs>
						<LinearRing>
							<coordinates>
								-75.54755400000001,-49.41131099999999,0 -75.502646,-49.421488,0 -75.501575,-49.438411,0 -75.544299,-49.452866,0 -75.44042,-49.517811,0 -75.429433,-49.466365,0 -75.46848199999999,-49.449298,0 -75.470581,-49.403149,0 -75.521308,-49.379099,0 -75.54755400000001,-49.41131099999999,0 
							</coordinates>
						</LinearRing>
					</outerBoundaryIs>
				</Polygon>
			</Placemark>
			<Placemark id="803B70020433F8C0BDEF6">
				<name>Chile</name>
				<snippet></snippet>
				<description>See: 2050-snapshot/domains/borders-geopolitics.md#lithium-triangle</description>
				<styleUrl>#__managed_style_CF3881D7E73F8C0BDF1B</styleUrl>
				<Polygon>
					<outerBoundaryIs>
						<LinearRing>
							<coordinates>
								-74.983306,-49.03093799999999,0 -74.999745,-49.079767,0 -75.126047,-49.02141700000001,0 -75.098704,-49.048761,0 -75.15843700000001,-49.051039,0 -75.22964399999999,-49.116957,0 -75.235585,-49.144952,0 -75.119781,-49.13128,0 -75.201731,-49.172296,0 -75.05772899999999,-49.16546,0 -75.078765,-49.172296,0 -75.059967,-49.196466,0 -74.935699,-49.28045,0 -74.92052200000001,-49.272638,0 -74.89492799999999,-49.137628,0 -74.890452,-49.095473,0 -74.97203500000001,-49.031671,0 -74.983306,-49.03093799999999,0 
							</coordinates>
						</LinearRing>
					</outerBoundaryIs>
				</Polygon>
			</Placemark>
			<Placemark id="81CCD73A5ED3F8C0BDEF6">
				<name>Chile</name>
				<snippet></snippet>
				<description>See: 2050-snapshot/domains/borders-geopolitics.md#lithium-triangle</description>
				<styleUrl>#__managed_style_CF3881D7E73F8C0BDF1B</styleUrl>
				<Polygon>
					<outerBoundaryIs>
						<LinearRing>
							<coordinates>
								-75.493764,-49.263442,0 -75.461822,-49.179132,0 -75.433909,-49.172296,0 -75.41519099999999,-49.134942,0 -75.40038,-49.13128,0 -75.42174199999999,-49.167901,0 -75.40379799999999,-49.186619,0 -75.34577400000001,-49.124444,0 -75.338938,-49.14641700000001,0 -75.315907,-49.133477,0 -75.287424,-49.086602,0 -75.325266,-49.048761,0 -75.373036,-49.056248,0 -75.33796100000001,-49.023533,0 -75.33727,-48.989353,0 -75.406972,-49.007745,0 -75.442983,-49.055597,0 -75.413971,-49.062433,0 -75.44811,-49.09644899999999,0 -75.463246,-49.090997,0 -75.52383399999999,-49.124444,0 -75.496571,-49.124444,0 -75.504994,-49.13258199999999,0 -75.551137,-49.144952,0 -75.53067,-49.110772,0 -75.60733,-49.15105599999999,0 -75.630116,-49.184747,0 -75.620107,-49.212579,0 -75.661041,-49.205743,0 -75.635081,-49.228936,0 -75.52383399999999,-49.267836,0 -75.493764,-49.263442,0 
							</coordinates>
						</LinearRing>
					</outerBoundaryIs>
				</Polygon>
			</Placemark>
			<Placemark id="82154DF85943F8C0BDEF6">
				<name>Chile</name>
				<snippet></snippet>
				<description>See: 2050-snapshot/domains/borders-geopolitics.md#lithium-triangle</description>
				<styleUrl>#__managed_style_CF3881D7E73F8C0BDF1B</styleUrl>
				<Polygon>
					<outerBoundaryIs>
						<LinearRing>
							<coordinates>
								-75.269276,-48.907892,0 -75.30597899999999,-48.864923,0 -75.379262,-48.852227,0 -75.38329,-48.879571,0 -75.359364,-48.91839,0 -75.392405,-48.906671,0 -75.407135,-48.877374,0 -75.42162,-48.88421,0 -75.42455,-48.863214,0 -75.394154,-48.829034,0 -75.51105699999999,-48.908624,0 -75.527252,-48.90813599999999,0 -75.46861699999999,-48.842706,0 -75.540679,-48.833673,0 -75.53750599999999,-48.863214,0 -75.568186,-48.852472,0 -75.585317,-48.877374,0 -75.596588,-48.858005,0 -75.614735,-48.858657,0 -75.654856,-48.91106500000001,0 -75.647369,-48.96689200000001,0 -75.597401,-48.98772599999999,0 -75.543772,-48.986586,0 -75.46861699999999,-48.952569,0 -75.53327400000001,-49.019464,0 -75.49933799999999,-49.03915800000001,0 -75.46507699999999,-49.036391,0 -75.417714,-48.976739,0 -75.37987200000001,-48.96803200000001,0 -75.373036,-48.952569,0 -75.363922,-48.966729,0 -75.316518,-48.95370900000001,0 -75.276031,-49.063246,0 -75.228139,-49.066095,0 -75.20759,-49.034601,0 -75.235911,-49.000909,0 -75.269276,-48.907892,0 
							</coordinates>
						</LinearRing>
					</outerBoundaryIs>
				</Polygon>
			</Placemark>
			<Placemark id="83183FB2ED63F8C0BDEF6">
				<name>Chile</name>
				<snippet></snippet>
				<description>See: 2050-snapshot/domains/borders-geopolitics.md#lithium-triangle</description>
				<styleUrl>#__managed_style_CF3881D7E73F8C0BDF1B</styleUrl>
				<Polygon>
					<outerBoundaryIs>
						<LinearRing>
							<coordinates>
								-75.064443,-48.948337,0 -75.078684,-48.929376,0 -75.112945,-48.938897,0 -75.13963800000001,-48.921808,0 -75.090728,-48.914483,0 -75.078765,-48.894627,0 -75.09142,-48.870701,0 -75.210601,-48.811782,0 -75.308176,-48.794854,0 -75.280751,-48.85320399999999,0 -75.235911,-48.870701,0 -75.247141,-48.924574,0 -75.223012,-48.978936,0 -75.194,-48.995701,0 -75.135976,-48.970798,0 -75.07282499999999,-48.97031,0 -75.064443,-48.948337,0 
							</coordinates>
						</LinearRing>
					</outerBoundaryIs>
				</Polygon>
			</Placemark>
			<Placemark id="84E7427D4823F8C0BDEF6">
				<name>Chile</name>
				<snippet></snippet>
				<description>See: 2050-snapshot/domains/borders-geopolitics.md#lithium-triangle</description>
				<styleUrl>#__managed_style_CF3881D7E73F8C0BDF1B</styleUrl>
				<Polygon>
					<outerBoundaryIs>
						<LinearRing>
							<coordinates>
								-75.009918,-49.898533,0 -75.012196,-49.837335,0 -75.043446,-49.826349,0 -74.96153700000001,-49.785252,0 -74.98106799999999,-49.739841,0 -75.016184,-49.761326,0 -75.022572,-49.74212,0 -74.95287,-49.640883,0 -74.96523999999999,-49.63160599999999,0 -75.010976,-49.67603900000001,0 -75.009918,-49.617852,0 -75.044057,-49.59002,0 -75.002797,-49.580173,0 -75.009511,-49.51864999999999,0 -74.98851500000001,-49.502699,0 -74.987701,-49.479262,0 -74.963246,-49.484633,0 -74.964263,-49.531508,0 -74.944732,-49.542169,0 -74.922597,-49.53281,0 -74.886383,-49.47389099999999,0 -74.88023800000001,-49.50359499999999,0 -74.85163300000001,-49.498142,0 -74.748891,-49.4249,0 -74.811269,-49.377699,0 -74.746978,-49.398045,0 -74.64623,-49.349786,0 -74.735585,-49.432306,0 -74.660471,-49.432306,0 -74.75255300000001,-49.457696,0 -74.74331599999999,-49.518731,0 -74.782948,-49.478692,0 -74.88695199999999,-49.534601,0 -74.886138,-49.56463,0 -74.864003,-49.589451,0 -74.807851,-49.603692,0 -74.756012,-49.576349,0 -74.76659100000001,-49.621026,0 -74.70832299999999,-49.63836,0 -74.77009,-49.64470800000001,0 -74.891957,-49.614435,0 -74.897694,-49.64560299999999,0 -74.844838,-49.686212,0 -74.92052200000001,-49.67937599999999,0 -74.865346,-49.733982,0 -74.890004,-49.74944399999999,0 -74.882558,-49.79696999999999,0 -74.855824,-49.801365,0 -74.806956,-49.764418,0 -74.773752,-49.767511,0 -74.838002,-49.836358,0 -74.82266199999999,-49.85117,0 -74.72874899999999,-49.843194,0 -74.802235,-49.87851300000001,0 -74.89122500000001,-49.867852,0 -74.913686,-49.925877,0 -74.881215,-49.958917,0 -74.73460900000001,-49.899102,0 -74.680531,-49.928399,0 -74.660471,-49.953058,0 -74.707143,-49.923598,0 -74.739654,-49.921808,0 -74.856272,-49.991306,0 -74.86774699999999,-50.016209,0 -74.831858,-50.02890399999999,0 -74.83336300000001,-49.997979,0 -74.804514,-49.987237,0 -74.81627400000001,-50.024021,0 -74.768422,-50.053318,0 -74.673492,-49.994724,0 -74.70067299999999,-50.028497,0 -74.67992099999999,-50.050226,0 -74.626332,-50.042413,0 -74.536366,-49.994724,0 -74.61213100000001,-49.911554,0 -74.53148400000001,-49.960545,0 -74.474233,-49.94451300000001,0 -74.471059,-49.906996,0 -74.516184,-49.88421,0 -74.52330499999999,-49.856866,0 -74.48941000000001,-49.869399,0 -74.475494,-49.843194,0 -74.45441599999999,-49.884861,0 -74.43456,-49.78867,0 -74.536366,-49.747003,0 -74.49543199999999,-49.733982,0 -74.423655,-49.74488700000001,0 -74.43008399999999,-49.657892,0 -74.46043899999999,-49.631768,0 -74.50829,-49.62029400000001,0 -74.526723,-49.62786199999999,0 -74.53856399999999,-49.668715,0 -74.57746299999999,-49.71559,0 -74.605214,-49.713556,0 -74.603831,-49.693536,0 -74.55809499999999,-49.65829800000001,0 -74.554351,-49.621026,0 -74.503651,-49.58749799999999,0 -74.539418,-49.51930100000001,0 -74.47679599999999,-49.442641,0 -74.44579,-49.30234100000001,0 -74.44481399999999,-49.213067,0 -74.47345900000001,-49.148207,0 -74.461781,-49.119317,0 -74.507069,-49.039483,0 -74.530141,-49.028253,0 -74.48656200000001,-48.99627000000001,0 -74.475494,-48.946384,0 -74.505849,-48.905694,0 -74.55809499999999,-48.91839,0 -74.563873,-48.90097399999999,0 -74.530141,-48.866876,0 -74.52261300000001,-48.752374,0 -74.543813,-48.70615,0 -74.569936,-48.71257900000001,0 -74.616322,-48.76336000000001,0 -74.60997500000001,-48.832615,0 -74.63483600000001,-48.855239,0 -74.667348,-48.857029,0 -74.626332,-48.815362,0 -74.640004,-48.770929,0 -74.62267,-48.722833,0 -74.68097899999999,-48.72665799999999,0 -74.661041,-48.709568,0 -74.696645,-48.67986400000001,0 -74.783315,-48.687758,0 -74.79478899999999,-48.747247,0 -74.83031200000001,-48.689548,0 -75.009918,-48.774347,0 -74.97199500000001,-48.782322,0 -74.94164000000001,-48.829034,0 -75.02668199999999,-48.794854,0 -75.057973,-48.816664,0 -75.051503,-48.857029,0 -75.01183,-48.873224,0 -74.872792,-48.842706,0 -75.015207,-48.891778,0 -75.00381400000001,-48.918227,0 -74.954701,-48.91839,0 -74.986318,-48.96738,0 -74.96153700000001,-48.973077,0 -74.96898400000001,-48.986586,0 -74.865346,-48.946384,0 -74.823638,-48.950372,0 -74.818186,-49.007094,0 -74.85692299999999,-48.976495,0 -74.954701,-49.007094,0 -74.804514,-49.103936,0 -74.85912,-49.110772,0 -74.838002,-49.13128,0 -74.856435,-49.15178800000001,0 -74.844838,-49.179132,0 -74.87897700000001,-49.202732,0 -74.844838,-49.23992299999999,0 -74.873199,-49.232843,0 -74.885081,-49.25457099999999,0 -74.893219,-49.364028,0 -74.914866,-49.35963300000001,0 -74.930165,-49.314223,0 -75.092437,-49.19964000000001,0 -75.037221,-49.260431,0 -75.112538,-49.273207,0 -75.098704,-49.30877000000001,0 -75.111155,-49.31943099999999,0 -75.187408,-49.29518,0 -75.16075600000001,-49.349786,0 -75.092437,-49.37029399999999,0 -75.15221099999999,-49.377699,0 -75.259755,-49.264093,0 -75.32335399999999,-49.26360400000001,0 -75.32054599999999,-49.315362,0 -75.291737,-49.340102,0 -75.288319,-49.370782,0 -75.187408,-49.43914199999999,0 -75.20156799999999,-49.450616,0 -75.166982,-49.501153,0 -75.288686,-49.41611100000001,0 -75.38329,-49.28045,0 -75.427235,-49.27947400000001,0 -75.461985,-49.306573,0 -75.467275,-49.332696,0 -75.42319999999999,-49.41105799999999,0 -75.406672,-49.42728,0 -75.359364,-49.432306,0 -75.373036,-49.46648500000001,0 -75.325266,-49.459649,0 -75.34878500000001,-49.49635200000001,0 -75.335194,-49.511163,0 -75.256337,-49.493829,0 -75.317779,-49.549005,0 -75.280751,-49.564711,0 -75.235911,-49.55584100000001,0 -75.25275600000001,-49.588556,0 -75.295277,-49.60906299999999,0 -75.297231,-49.632989,0 -75.249501,-49.652032,0 -75.26317299999999,-49.67937599999999,0 -75.20693900000001,-49.708429,0 -75.209299,-49.753025,0 -75.13394099999999,-49.858331,0 -75.009918,-49.898533,0 
							</coordinates>
						</LinearRing>
					</outerBoundaryIs>
				</Polygon>
			</Placemark>
			<Placemark id="85B6A498F113F8C0BDEF6">
				<name>Chile</name>
				<snippet></snippet>
				<description>See: 2050-snapshot/domains/borders-geopolitics.md#lithium-triangle</description>
				<styleUrl>#__managed_style_CF3881D7E73F8C0BDF1B</styleUrl>
				<Polygon>
					<outerBoundaryIs>
						<LinearRing>
							<coordinates>
								-75.182973,-48.718927,0 -75.18065300000001,-48.74033,0 -75.249135,-48.766778,0 -75.246083,-48.784763,0 -75.148793,-48.81878,0 -75.10944600000001,-48.809177,0 -75.060658,-48.699395,0 -75.064117,-48.643243,0 -75.085032,-48.63730199999999,0 -75.182973,-48.718927,0 
							</coordinates>
						</LinearRing>
					</outerBoundaryIs>
				</Polygon>
			</Placemark>
			<Placemark id="866B93332B53F8C0BDEF6">
				<name>Chile</name>
				<snippet></snippet>
				<description>See: 2050-snapshot/domains/borders-geopolitics.md#lithium-triangle</description>
				<styleUrl>#__managed_style_CF3881D7E73F8C0BDF1B</styleUrl>
				<Polygon>
					<outerBoundaryIs>
						<LinearRing>
							<coordinates>
								-74.988271,-48.740492,0 -74.824941,-48.65838,0 -74.898101,-48.64267299999999,0 -74.96861699999999,-48.653253,0 -75.009918,-48.63730199999999,0 -75.00324500000001,-48.668145,0 -74.975168,-48.684991,0 -75.018219,-48.681085,0 -75.044057,-48.732843,0 -74.988271,-48.740492,0 
							</coordinates>
						</LinearRing>
					</outerBoundaryIs>
				</Polygon>
			</Placemark>
			<Placemark id="873CDCE6B573F8C0BDEF6">
				<name>Chile</name>
				<snippet></snippet>
				<description>See: 2050-snapshot/domains/borders-geopolitics.md#lithium-triangle</description>
				<styleUrl>#__managed_style_CF3881D7E73F8C0BDF1B</styleUrl>
				<Polygon>
					<outerBoundaryIs>
						<LinearRing>
							<coordinates>
								-75.507558,-48.71754299999999,0 -75.641835,-48.70134900000001,0 -75.653554,-48.71599700000001,0 -75.647857,-48.778904,0 -75.61262000000001,-48.794854,0 -75.493235,-48.775567,0 -75.384185,-48.696466,0 -75.36620000000001,-48.698663,0 -75.376943,-48.726495,0 -75.336293,-48.737074,0 -75.296986,-48.727146,0 -75.290435,-48.678155,0 -75.301991,-48.65813599999999,0 -75.342356,-48.661391,0 -75.325551,-48.633966,0 -75.338938,-48.6242,0 -75.507558,-48.71754299999999,0 
							</coordinates>
						</LinearRing>
					</outerBoundaryIs>
				</Polygon>
			</Placemark>
			<Placemark id="8804E7C2D7B3F8C0BDEF6">
				<name>Chile</name>
				<snippet></snippet>
				<description>See: 2050-snapshot/domains/borders-geopolitics.md#lithium-triangle</description>
				<styleUrl>#__managed_style_CF3881D7E73F8C0BDF1B</styleUrl>
				<Polygon>
					<outerBoundaryIs>
						<LinearRing>
							<coordinates>
								-75.36620000000001,-48.541681,0 -75.34435000000001,-48.427423,0 -75.37877400000001,-48.460138,0 -75.382192,-48.42791100000001,0 -75.406606,-48.430352,0 -75.42394,-48.458754,0 -75.450592,-48.428888,0 -75.49885,-48.462009,0 -75.547719,-48.472914,0 -75.56436100000001,-48.450372,0 -75.606435,-48.43922299999999,0 -75.622426,-48.445733,0 -75.61262000000001,-48.465916,0 -75.627065,-48.481134,0 -75.655751,-48.48504,0 -75.656972,-48.567071,0 -75.675364,-48.583185,0 -75.62612900000001,-48.632013,0 -75.59894799999999,-48.63730199999999,0 -75.536692,-48.606134,0 -75.489125,-48.603692,0 -75.543772,-48.63730199999999,0 -75.440663,-48.610528,0 -75.499379,-48.660089,0 -75.606557,-48.66106500000001,0 -75.58844999999999,-48.694431,0 -75.541656,-48.70086000000001,0 -75.339915,-48.614841,0 -75.31773800000001,-48.58953199999999,0 -75.32835900000001,-48.552179,0 -75.36620000000001,-48.541681,0 
							</coordinates>
						</LinearRing>
					</outerBoundaryIs>
				</Polygon>
			</Placemark>
			<Placemark id="898090F3DD33F8C0BDEF6">
				<name>Chile</name>
				<snippet></snippet>
				<description>See: 2050-snapshot/domains/borders-geopolitics.md#lithium-triangle</description>
				<styleUrl>#__managed_style_CF3881D7E73F8C0BDF1B</styleUrl>
				<Polygon>
					<outerBoundaryIs>
						<LinearRing>
							<coordinates>
								-74.30313099999999,-48.479913,0 -74.306996,-48.465916,0 -74.40721600000001,-48.41814500000001,0 -74.510243,-48.408298,0 -74.42902599999999,-48.525811,0 -74.30313099999999,-48.479913,0 
							</coordinates>
						</LinearRing>
					</outerBoundaryIs>
				</Polygon>
			</Placemark>
			<Placemark id="8AEE9BD8B633F8C0BDEF6">
				<name>Chile</name>
				<snippet></snippet>
				<description>See: 2050-snapshot/domains/borders-geopolitics.md#lithium-triangle</description>
				<styleUrl>#__managed_style_CF3881D7E73F8C0BDF1B</styleUrl>
				<Polygon>
					<outerBoundaryIs>
						<LinearRing>
							<coordinates>
								-74.05719999999999,-48.425551,0 -74.193715,-48.363458,0 -74.250803,-48.378025,0 -74.179067,-48.443129,0 -74.06859300000001,-48.47966899999999,0 -74.05719999999999,-48.425551,0 
							</coordinates>
						</LinearRing>
					</outerBoundaryIs>
				</Polygon>
			</Placemark>
			<Placemark id="8BB2386CF413F8C0BDEF6">
				<name>Chile</name>
				<snippet></snippet>
				<description>See: 2050-snapshot/domains/borders-geopolitics.md#lithium-triangle</description>
				<styleUrl>#__managed_style_CF3881D7E73F8C0BDF1B</styleUrl>
				<Polygon>
					<outerBoundaryIs>
						<LinearRing>
							<coordinates>
								-74.460846,-48.384454,0 -74.339101,-48.422947,0 -74.27171800000001,-48.46266,0 -74.223297,-48.44492,0 -74.302317,-48.363377,0 -74.297963,-48.288018,0 -74.314117,-48.280938,0 -74.35765499999999,-48.28753,0 -74.39317800000001,-48.313165,0 -74.395172,-48.330173,0 -74.358795,-48.370294,0 -74.458241,-48.340753,0 -74.49543199999999,-48.349867,0 -74.460846,-48.384454,0 
							</coordinates>
						</LinearRing>
					</outerBoundaryIs>
				</Polygon>
			</Placemark>
			<Placemark id="8C7794401C53F8C0BDEF6">
				<name>Chile</name>
				<snippet></snippet>
				<description>See: 2050-snapshot/domains/borders-geopolitics.md#lithium-triangle</description>
				<styleUrl>#__managed_style_CF3881D7E73F8C0BDF1B</styleUrl>
				<Polygon>
					<outerBoundaryIs>
						<LinearRing>
							<coordinates>
								-74.52651899999999,-48.583429,0 -74.530629,-48.621759,0 -74.599436,-48.563653,0 -74.605214,-48.459161,0 -74.673492,-48.41814500000001,0 -74.58690300000001,-48.403416,0 -74.584788,-48.37656,0 -74.61778700000001,-48.333754,0 -74.680043,-48.303399,0 -74.672597,-48.250909,0 -74.72858600000001,-48.20672,0 -74.70335900000001,-48.19492,0 -74.701487,-48.157403,0 -74.73766000000001,-48.125746,0 -74.764312,-48.15260200000001,0 -74.762929,-48.21209100000001,0 -74.798655,-48.26637099999999,0 -74.813588,-48.34254299999999,0 -74.811269,-48.363458,0 -74.756337,-48.424981,0 -74.71344999999999,-48.438246,0 -74.717152,-48.453546,0 -74.750885,-48.48479600000001,0 -74.781565,-48.48504,0 -74.811025,-48.44980199999999,0 -74.819976,-48.40349700000001,0 -74.84593700000001,-48.390232,0 -74.945627,-48.417576,0 -75.03307,-48.50449,0 -74.996246,-48.603692,0 -74.81753500000001,-48.636407,0 -74.75060000000001,-48.62949,0 -74.60733,-48.693943,0 -74.51406799999999,-48.666111,0 -74.48526,-48.626153,0 -74.499135,-48.583185,0 -74.52651899999999,-48.583429,0 
							</coordinates>
						</LinearRing>
					</outerBoundaryIs>
				</Polygon>
			</Placemark>
			<Placemark id="8DBC0D8DB923F8C0BDEF6">
				<name>Chile</name>
				<snippet></snippet>
				<description>See: 2050-snapshot/domains/borders-geopolitics.md#lithium-triangle</description>
				<styleUrl>#__managed_style_CF3881D7E73F8C0BDF1B</styleUrl>
				<Polygon>
					<outerBoundaryIs>
						<LinearRing>
							<coordinates>
								-74.40392,-48.289972,0 -74.372629,-48.25318800000001,0 -74.502838,-48.143731,0 -74.558176,-48.122328,0 -74.605214,-48.157403,0 -74.584788,-48.164239,0 -74.60374899999999,-48.23544700000001,0 -74.575103,-48.240655,0 -74.543813,-48.19898899999999,0 -74.52188099999999,-48.194513,0 -74.55809499999999,-48.24342200000001,0 -74.534413,-48.335626,0 -74.40392,-48.289972,0 
							</coordinates>
						</LinearRing>
					</outerBoundaryIs>
				</Polygon>
			</Placemark>
			<Placemark id="8EA2DEB610F3F8C0BDEF6">
				<name>Chile</name>
				<snippet></snippet>
				<description>See: 2050-snapshot/domains/borders-geopolitics.md#lithium-triangle</description>
				<styleUrl>#__managed_style_CF3881D7E73F8C0BDF1B</styleUrl>
				<Polygon>
					<outerBoundaryIs>
						<LinearRing>
							<coordinates>
								-75.08389200000001,-48.37607199999999,0 -75.056752,-48.432712,0 -75.03111699999999,-48.44377999999999,0 -74.893219,-48.370294,0 -74.84129799999999,-48.359308,0 -74.83934499999999,-48.27044000000001,0 -74.810536,-48.232029,0 -74.804514,-48.17449299999999,0 -74.82782,-48.145492,0 -75.017505,-48.08302,0 -75.085032,-48.089776,0 -75.07140099999999,-48.109633,0 -75.14354400000001,-48.094496,0 -75.167592,-48.075291,0 -75.256337,-48.068617,0 -75.21882100000001,-48.140313,0 -75.222239,-48.16082100000001,0 -75.187408,-48.185317,0 -75.207916,-48.21209100000001,0 -75.17442800000001,-48.22942500000001,0 -75.15811100000001,-48.260675,0 -75.119781,-48.261,0 -75.16075600000001,-48.29843499999999,0 -75.08389200000001,-48.37607199999999,0 
							</coordinates>
						</LinearRing>
					</outerBoundaryIs>
				</Polygon>
			</Placemark>
			<Placemark id="8FEFA20A26C3F8C0BDEF6">
				<name>Chile</name>
				<snippet></snippet>
				<description>See: 2050-snapshot/domains/borders-geopolitics.md#lithium-triangle</description>
				<styleUrl>#__managed_style_CF3881D7E73F8C0BDF1B</styleUrl>
				<Polygon>
					<outerBoundaryIs>
						<LinearRing>
							<coordinates>
								-75.092437,-48.549086,0 -75.083404,-48.50774500000001,0 -75.14989199999999,-48.483005,0 -75.098704,-48.465916,0 -75.151763,-48.408949,0 -75.187408,-48.41131000000001,0 -75.164784,-48.36956099999999,0 -75.270619,-48.24000399999999,0 -75.26317299999999,-48.21209100000001,0 -75.289947,-48.215509,0 -75.26891000000001,-48.165948,0 -75.34911,-48.05917700000001,0 -75.338938,-48.01751099999999,0 -75.350982,-48.00449,0 -75.406158,-48.01922,0 -75.456451,-48.065525,0 -75.475087,-48.0263,0 -75.551137,-48.055759,0 -75.585317,-48.085707,0 -75.565826,-48.171319,0 -75.53246,-48.194268,0 -75.54011,-48.226251,0 -75.496083,-48.22722699999999,0 -75.433909,-48.19898899999999,0 -75.446929,-48.226658,0 -75.54141199999999,-48.281996,0 -75.554311,-48.307712,0 -75.543772,-48.321954,0 -75.482249,-48.30144599999999,0 -75.461822,-48.31568800000001,0 -75.394154,-48.274102,0 -75.407135,-48.31568800000001,0 -75.363759,-48.295343,0 -75.34577400000001,-48.30144599999999,0 -75.40558799999999,-48.344415,0 -75.555002,-48.378595,0 -75.55418899999999,-48.397149,0 -75.53734300000001,-48.41578500000001,0 -75.48656200000001,-48.423028,0 -75.42764200000001,-48.39080199999999,0 -75.36620000000001,-48.383966,0 -75.32835900000001,-48.343032,0 -75.317942,-48.348891,0 -75.325266,-48.39422,0 -75.270619,-48.41814500000001,0 -75.320668,-48.49244599999999,0 -75.29320199999999,-48.541111,0 -75.304107,-48.577732,0 -75.270619,-48.610528,0 -75.282826,-48.630548,0 -75.22964399999999,-48.63730199999999,0 -75.25291900000001,-48.665623,0 -75.23961300000001,-48.70143,0 -75.22447699999999,-48.706476,0 -75.07140099999999,-48.59628699999999,0 -75.092437,-48.549086,0 
							</coordinates>
						</LinearRing>
					</outerBoundaryIs>
				</Polygon>
			</Placemark>
			<Placemark id="902BFD3B1E33F8C0BDEF6">
				<name>Chile</name>
				<snippet></snippet>
				<description>See: 2050-snapshot/domains/borders-geopolitics.md#lithium-triangle</description>
				<styleUrl>#__managed_style_CF3881D7E73F8C0BDF1B</styleUrl>
				<Polygon>
					<outerBoundaryIs>
						<LinearRing>
							<coordinates>
								-75.249501,-48.04192499999999,0 -75.19811,-48.03997200000001,0 -75.102406,-47.990167,0 -75.052358,-47.986261,0 -75.029775,-47.993585,0 -75.033518,-48.031183,0 -75.01284699999999,-48.041436,0 -74.79331000000001,-48.077993,0 -74.727379,-48.105892,0 -74.764419,-48.021441,0 -74.834869,-48.007908,0 -74.784201,-47.98885,0 -74.777182,-47.970612,0 -74.784369,-47.949486,0 -74.81298200000001,-47.938897,0 -74.765737,-47.88421199999999,0 -74.788324,-47.812324,0 -74.872792,-47.815525,0 -74.942926,-47.883666,0 -75.087897,-47.867306,0 -75.167773,-47.893604,0 -75.207021,-47.91694699999999,0 -75.235911,-47.972426,0 -75.223215,-47.99260799999999,0 -75.231679,-48.005466,0 -75.270619,-48.027765,0 -75.249501,-48.04192499999999,0 
							</coordinates>
						</LinearRing>
					</outerBoundaryIs>
				</Polygon>
			</Placemark>
			<Placemark id="91DF9CB595D3F8C0BDEF6">
				<name>Chile</name>
				<snippet></snippet>
				<description>See: 2050-snapshot/domains/borders-geopolitics.md#lithium-triangle</description>
				<styleUrl>#__managed_style_CF3881D7E73F8C0BDF1B</styleUrl>
				<Polygon>
					<outerBoundaryIs>
						<LinearRing>
							<coordinates>
								-74.318471,-47.981215,0 -74.13023800000001,-47.947035,0 -74.02452599999999,-47.95387099999999,0 -73.924875,-47.915948,0 -73.934316,-47.93824600000001,0 -73.92300400000001,-47.96363699999999,0 -73.83120700000001,-47.952569,0 -73.808909,-47.887384,0 -73.83690300000001,-47.856866,0 -73.907582,-47.883884,0 -73.995473,-47.853611,0 -74.289906,-47.807387,0 -74.330922,-47.822198,0 -74.248931,-47.87688600000001,0 -74.36424700000001,-47.830824,0 -74.502838,-47.917901,0 -74.38963800000001,-47.94199,0 -74.318471,-47.981215,0 
							</coordinates>
						</LinearRing>
					</outerBoundaryIs>
				</Polygon>
			</Placemark>
			<Placemark id="9222DEA8E643F8C0BDEF6">
				<name>Chile</name>
				<snippet></snippet>
				<description>See: 2050-snapshot/domains/borders-geopolitics.md#lithium-triangle</description>
				<styleUrl>#__managed_style_CF3881D7E73F8C0BDF1B</styleUrl>
				<Polygon>
					<outerBoundaryIs>
						<LinearRing>
							<coordinates>
								-75.22731400000001,-47.85471400000001,0 -75.05075600000001,-47.82269900000001,0 -75.02368199999999,-47.803325,0 -75.07713800000001,-47.772719,0 -75.123199,-47.781915,0 -75.059369,-47.749887,0 -75.091638,-47.680492,0 -75.24568499999999,-47.723738,0 -75.31848599999999,-47.706584,0 -75.355913,-47.73614,0 -75.333958,-47.758953,0 -75.342546,-47.782862,0 -75.30475800000001,-47.767673,0 -75.26616199999999,-47.776107,0 -75.19156599999999,-47.80801199999999,0 -75.182362,-47.83147599999999,0 -75.22731400000001,-47.85471400000001,0 
							</coordinates>
						</LinearRing>
					</outerBoundaryIs>
				</Polygon>
			</Placemark>
			<Placemark id="93D69D8BDD23F8C0BDEF6">
				<name>Chile</name>
				<snippet></snippet>
				<description>See: 2050-snapshot/domains/borders-geopolitics.md#lithium-triangle</description>
				<styleUrl>#__managed_style_CF3881D7E73F8C0BDF1B</styleUrl>
				<Polygon>
					<outerBoundaryIs>
						<LinearRing>
							<coordinates>
								-75.000384,-47.66219999999999,0 -75.042625,-47.666799,0 -75.054421,-47.689572,0 -75.027231,-47.73847399999999,0 -74.957723,-47.774795,0 -74.86803999999999,-47.76324199999999,0 -74.861375,-47.743876,0 -74.903955,-47.685935,0 -75.000384,-47.66219999999999,0 
							</coordinates>
						</LinearRing>
					</outerBoundaryIs>
				</Polygon>
			</Placemark>
			<Placemark id="94CC9B9D4593F8C0BDEF6">
				<name>Chile</name>
				<snippet></snippet>
				<description>See: 2050-snapshot/domains/borders-geopolitics.md#lithium-triangle</description>
				<styleUrl>#__managed_style_CF3881D7E73F8C0BDF1B</styleUrl>
				<Polygon>
					<outerBoundaryIs>
						<LinearRing>
							<coordinates>
								-74.492177,-47.09889100000001,0 -74.462473,-47.14755599999999,0 -74.471547,-47.159356,0 -74.454701,-47.167739,0 -74.330922,-47.102309,0 -74.31578500000001,-47.078058,0 -74.324696,-47.053888,0 -74.356679,-47.04501700000001,0 -74.468658,-47.074965,0 -74.492177,-47.09889100000001,0 
							</coordinates>
						</LinearRing>
					</outerBoundaryIs>
				</Polygon>
			</Placemark>
			<Placemark id="958AEC1D0293F8C0BDEF6">
				<name>Chile</name>
				<snippet></snippet>
				<description>See: 2050-snapshot/domains/borders-geopolitics.md#lithium-triangle</description>
				<styleUrl>#__managed_style_CF3881D7E73F8C0BDF1B</styleUrl>
				<Polygon>
					<outerBoundaryIs>
						<LinearRing>
							<coordinates>
								-74.111195,-47.053888,0 -74.125356,-47.025649,0 -74.177358,-47.01653399999999,0 -74.224192,-47.07936,0 -74.226471,-47.122003,0 -74.16714399999999,-47.13591899999999,0 -74.153391,-47.150649,0 -74.182851,-47.159763,0 -74.145904,-47.17115700000001,0 -74.06737200000001,-47.137465,0 -73.97525,-47.04762100000001,0 -74.074574,-47.020278,0 -74.111195,-47.053888,0 
							</coordinates>
						</LinearRing>
					</outerBoundaryIs>
				</Polygon>
			</Placemark>
			<Placemark id="961C41D61C43F8C0BDEF6">
				<name>Chile</name>
				<snippet></snippet>
				<description>See: 2050-snapshot/domains/borders-geopolitics.md#lithium-triangle</description>
				<styleUrl>#__managed_style_CF3881D7E73F8C0BDF1B</styleUrl>
				<Polygon>
					<outerBoundaryIs>
						<LinearRing>
							<coordinates>
								-73.779408,-46.047052,0 -73.83739199999999,-46.012953,0 -73.896474,-46.011489,0 -73.9405,-46.06812899999999,0 -73.809682,-46.138116,0 -73.83031200000001,-46.166681,0 -73.77546100000001,-46.199477,0 -73.74543199999999,-46.187188,0 -73.731801,-46.145929,0 -73.684071,-46.105401,0 -73.68667600000001,-46.072849,0 -73.73888100000001,-46.042657,0 -73.779408,-46.047052,0 
							</coordinates>
						</LinearRing>
					</outerBoundaryIs>
				</Polygon>
			</Placemark>
			<Placemark id="970D7E3703E3F8C0BDEF6">
				<name>Chile</name>
				<snippet></snippet>
				<description>See: 2050-snapshot/domains/borders-geopolitics.md#lithium-triangle</description>
				<styleUrl>#__managed_style_CF3881D7E73F8C0BDF1B</styleUrl>
				<Polygon>
					<outerBoundaryIs>
						<LinearRing>
							<coordinates>
								-73.74811800000001,-45.923598,0 -73.755523,-45.88884900000001,0 -73.772125,-45.898696,0 -73.82176699999999,-45.968927,0 -73.81948800000001,-45.998712,0 -73.683176,-46.01767300000001,0 -73.705963,-45.97161200000001,0 -73.707672,-45.923598,0 -73.74811800000001,-45.923598,0 
							</coordinates>
						</LinearRing>
					</outerBoundaryIs>
				</Polygon>
			</Placemark>
			<Placemark id="98C88C5F0513F8C0BDEF6">
				<name>Chile</name>
				<snippet></snippet>
				<description>See: 2050-snapshot/domains/borders-geopolitics.md#lithium-triangle</description>
				<styleUrl>#__managed_style_CF3881D7E73F8C0BDF1B</styleUrl>
				<Polygon>
					<outerBoundaryIs>
						<LinearRing>
							<coordinates>
								-74.831858,-45.80754999999999,0 -74.83600800000001,-45.858819,0 -74.880686,-45.85426199999999,0 -74.889394,-45.881931,0 -74.947377,-45.854099,0 -74.97053,-45.86288799999999,0 -74.85912,-45.923598,0 -74.883534,-45.929376,0 -75.054351,-45.863539,0 -75.108266,-45.8742,0 -75.085032,-45.916681,0 -75.088735,-45.95029099999999,0 -75.029775,-45.96453199999999,0 -75.078765,-45.98504,0 -75.033518,-45.99244600000001,0 -74.98265499999999,-45.978774,0 -74.913686,-46.012953,0 -74.85912,-45.998712,0 -74.890452,-46.01620900000001,0 -74.98884,-46.005548,0 -75.08438099999999,-46.026788,0 -75.106109,-46.047052,0 -75.07433,-46.09384499999999,0 -74.986155,-46.112074,0 -74.919667,-46.104181,0 -74.85212199999999,-46.045017,0 -74.780751,-46.011489,0 -74.71507699999999,-45.848403,0 -74.721099,-45.80982800000001,0 -74.793935,-45.821222,0 -74.831858,-45.80754999999999,0 
							</coordinates>
						</LinearRing>
					</outerBoundaryIs>
				</Polygon>
			</Placemark>
			<Placemark id="99F446F255B3F8C0BDEF6">
				<name>Chile</name>
				<snippet></snippet>
				<description>See: 2050-snapshot/domains/borders-geopolitics.md#lithium-triangle</description>
				<styleUrl>#__managed_style_CF3881D7E73F8C0BDF1B</styleUrl>
				<Polygon>
					<outerBoundaryIs>
						<LinearRing>
							<coordinates>
								-73.80207299999999,-45.83587,0 -73.91144799999999,-45.875258,0 -73.94570899999999,-45.925063,0 -73.934316,-45.971938,0 -73.91095900000001,-45.982599,0 -73.856557,-45.96754300000001,0 -73.83739199999999,-45.944024,0 -73.84487900000001,-45.923598,0 -73.824696,-45.93059700000001,0 -73.78966200000001,-45.875746,0 -73.694081,-45.88884900000001,0 -73.71629799999999,-45.812188,0 -73.741851,-45.79387800000001,0 -73.80207299999999,-45.83587,0 
							</coordinates>
						</LinearRing>
					</outerBoundaryIs>
				</Polygon>
			</Placemark>
			<Placemark id="9A698CD15073F8C0BDEF6">
				<name>Chile</name>
				<snippet></snippet>
				<description>See: 2050-snapshot/domains/borders-geopolitics.md#lithium-triangle</description>
				<styleUrl>#__managed_style_CF3881D7E73F8C0BDF1B</styleUrl>
				<Polygon>
					<outerBoundaryIs>
						<LinearRing>
							<coordinates>
								-74.044586,-45.738458,0 -74.064036,-45.766534,0 -74.094594,-45.76393,0 -74.09097199999999,-45.81463000000001,0 -74.064036,-45.815037,0 -74.068715,-45.83863700000001,0 -74.015614,-45.913995,0 -73.96776300000001,-45.85833100000001,0 -73.982045,-45.834731,0 -73.96202599999999,-45.795668,0 -73.97525,-45.780206,0 -73.926829,-45.74537500000001,0 -74.044586,-45.738458,0 
							</coordinates>
						</LinearRing>
					</outerBoundaryIs>
				</Polygon>
			</Placemark>
			<Placemark id="9B79ECED8D93F8C0BDEF6">
				<name>Chile</name>
				<snippet></snippet>
				<description>See: 2050-snapshot/domains/borders-geopolitics.md#lithium-triangle</description>
				<styleUrl>#__managed_style_CF3881D7E73F8C0BDF1B</styleUrl>
				<Polygon>
					<outerBoundaryIs>
						<LinearRing>
							<coordinates>
								-74.869862,-45.604913,0 -74.879262,-45.624607,0 -74.87059499999999,-45.650811,0 -74.79710900000001,-45.697524,0 -74.752431,-45.69964,0 -74.79800400000001,-45.61443499999999,0 -74.869862,-45.604913,0 
							</coordinates>
						</LinearRing>
					</outerBoundaryIs>
				</Polygon>
			</Placemark>
			<Placemark id="9CF7129C9A03F8C0BDEF6">
				<name>Chile</name>
				<snippet></snippet>
				<description>See: 2050-snapshot/domains/borders-geopolitics.md#lithium-triangle</description>
				<styleUrl>#__managed_style_CF3881D7E73F8C0BDF1B</styleUrl>
				<Polygon>
					<outerBoundaryIs>
						<LinearRing>
							<coordinates>
								-74.679677,-45.62070099999999,0 -74.705637,-45.70094199999999,0 -74.685699,-45.743341,0 -74.61148,-45.751397,0 -74.58389200000001,-45.73528399999999,0 -74.550445,-45.671319,0 -74.57266199999999,-45.654067,0 -74.538889,-45.587498,0 -74.581288,-45.57464,0 -74.679677,-45.62070099999999,0 
							</coordinates>
						</LinearRing>
					</outerBoundaryIs>
				</Polygon>
			</Placemark>
			<Placemark id="9D065F3F37F3F8C0BDEF6">
				<name>Chile</name>
				<snippet></snippet>
				<description>See: 2050-snapshot/domains/borders-geopolitics.md#lithium-triangle</description>
				<styleUrl>#__managed_style_CF3881D7E73F8C0BDF1B</styleUrl>
				<Polygon>
					<outerBoundaryIs>
						<LinearRing>
							<coordinates>
								-74.04356799999999,-45.715509,0 -74.00007100000001,-45.72161200000001,0 -73.920644,-45.697686,0 -73.90062399999999,-45.628351,0 -73.91022700000001,-45.59099700000001,0 -74.012522,-45.536554,0 -74.050445,-45.54461,0 -74.114654,-45.59970499999999,0 -74.07144099999999,-45.690851,0 -74.04356799999999,-45.715509,0 
							</coordinates>
						</LinearRing>
					</outerBoundaryIs>
				</Polygon>
			</Placemark>
			<Placemark id="9EE605CC4023F8C0BDEF6">
				<name>Chile</name>
				<snippet></snippet>
				<description>See: 2050-snapshot/domains/borders-geopolitics.md#lithium-triangle</description>
				<styleUrl>#__managed_style_CF3881D7E73F8C0BDF1B</styleUrl>
				<Polygon>
					<outerBoundaryIs>
						<LinearRing>
							<coordinates>
								-74.470448,-45.774998,0 -74.43968700000001,-45.776951,0 -74.330922,-45.724867,0 -74.326283,-45.703709,0 -74.358795,-45.697686,0 -74.241811,-45.675958,0 -74.20799700000001,-45.635512,0 -74.27123,-45.635919,0 -74.289906,-45.622491,0 -74.22166900000001,-45.601495,0 -74.224965,-45.582127,0 -74.276967,-45.567315,0 -74.24864700000001,-45.535577,0 -74.273549,-45.495294,0 -74.371897,-45.45126700000001,0 -74.421254,-45.45427800000001,0 -74.463938,-45.51832399999999,0 -74.46544299999999,-45.572442,0 -74.44815,-45.587823,0 -74.492299,-45.61240000000001,0 -74.44815,-45.642999,0 -74.45604400000001,-45.677423,0 -74.502838,-45.732354,0 -74.470448,-45.774998,0 
							</coordinates>
						</LinearRing>
					</outerBoundaryIs>
				</Polygon>
			</Placemark>
			<Placemark id="9F1F2E5CC493F8C0BDEF6">
				<name>Chile</name>
				<snippet></snippet>
				<description>See: 2050-snapshot/domains/borders-geopolitics.md#lithium-triangle</description>
				<styleUrl>#__managed_style_CF3881D7E73F8C0BDF1B</styleUrl>
				<Polygon>
					<outerBoundaryIs>
						<LinearRing>
							<coordinates>
								-73.722239,-45.457778,0 -73.770904,-45.511977,0 -73.786204,-45.56992,0 -73.741851,-45.608982,0 -73.81826700000001,-45.64251100000001,0 -73.721425,-45.70517299999999,0 -73.680409,-45.752862,0 -73.62987200000001,-45.737563,0 -73.61148,-45.690851,0 -73.663157,-45.654718,0 -73.680409,-45.622491,0 -73.61148,-45.629327,0 -73.622792,-45.61890999999999,0 -73.58421800000001,-45.512628,0 -73.603179,-45.457696,0 -73.666168,-45.436944,0 -73.722239,-45.457778,0 
							</coordinates>
						</LinearRing>
					</outerBoundaryIs>
				</Polygon>
			</Placemark>
			<Placemark id="A09A7D5F2243F8C0BDEF6">
				<name>Chile</name>
				<snippet></snippet>
				<description>See: 2050-snapshot/domains/borders-geopolitics.md#lithium-triangle</description>
				<styleUrl>#__managed_style_CF3881D7E73F8C0BDF1B</styleUrl>
				<Polygon>
					<outerBoundaryIs>
						<LinearRing>
							<coordinates>
								-73.98941000000001,-45.42750399999999,0 -74.064036,-45.423272,0 -74.13288300000001,-45.51946399999999,0 -74.14264900000001,-45.574965,0 -74.126088,-45.57480199999999,0 -74.10871299999999,-45.539972,0 -74.029652,-45.517348,0 -73.870473,-45.5617,0 -73.816965,-45.474786,0 -73.825022,-45.452081,0 -73.88589399999999,-45.471124,0 -73.98941000000001,-45.42750399999999,0 
							</coordinates>
						</LinearRing>
					</outerBoundaryIs>
				</Polygon>
			</Placemark>
			<Placemark id="A182A7171ED3F8C0BDEF6">
				<name>Chile</name>
				<snippet></snippet>
				<description>See: 2050-snapshot/domains/borders-geopolitics.md#lithium-triangle</description>
				<styleUrl>#__managed_style_CF3881D7E73F8C0BDF1B</styleUrl>
				<Polygon>
					<outerBoundaryIs>
						<LinearRing>
							<coordinates>
								-74.499135,-45.502537,0 -74.445668,-45.428155,0 -74.468658,-45.417169,0 -74.51976500000001,-45.444106,0 -74.571034,-45.53972699999999,0 -74.501332,-45.588067,0 -74.499135,-45.502537,0 
							</coordinates>
						</LinearRing>
					</outerBoundaryIs>
				</Polygon>
			</Placemark>
			<Placemark id="A2275ADC4AC3F8C0BDEF6">
				<name>Chile</name>
				<snippet></snippet>
				<description>See: 2050-snapshot/domains/borders-geopolitics.md#lithium-triangle</description>
				<styleUrl>#__managed_style_CF3881D7E73F8C0BDF1B</styleUrl>
				<Polygon>
					<outerBoundaryIs>
						<LinearRing>
							<coordinates>
								-73.828236,-45.372328,0 -73.941029,-45.366306,0 -74.02302,-45.392673,0 -74.01121999999999,-45.411228,0 -73.92174199999999,-45.430434,0 -73.82445199999999,-45.39592900000001,0 -73.828236,-45.372328,0 
							</coordinates>
						</LinearRing>
					</outerBoundaryIs>
				</Polygon>
			</Placemark>
			<Placemark id="A3ADED425893F8C0BDEF6">
				<name>Chile</name>
				<snippet></snippet>
				<description>See: 2050-snapshot/domains/borders-geopolitics.md#lithium-triangle</description>
				<styleUrl>#__managed_style_CF3881D7E73F8C0BDF1B</styleUrl>
				<Polygon>
					<outerBoundaryIs>
						<LinearRing>
							<coordinates>
								-74.52578699999999,-45.295017,0 -74.526357,-45.315525,0 -74.489166,-45.355076,0 -74.378041,-45.400974,0 -74.31041399999999,-45.389255,0 -74.38927200000001,-45.281671,0 -74.52578699999999,-45.295017,0 
							</coordinates>
						</LinearRing>
					</outerBoundaryIs>
				</Polygon>
			</Placemark>
			<Placemark id="A4468AFE6F73F8C0BDEF6">
				<name>Chile</name>
				<snippet></snippet>
				<description>See: 2050-snapshot/domains/borders-geopolitics.md#lithium-triangle</description>
				<styleUrl>#__managed_style_CF3881D7E73F8C0BDF1B</styleUrl>
				<Polygon>
					<outerBoundaryIs>
						<LinearRing>
							<coordinates>
								-73.986073,-45.270766,0 -74.02989700000001,-45.252618,0 -74.07038300000001,-45.204278,0 -74.15807,-45.235528,0 -74.167063,-45.252618,0 -74.12950600000001,-45.32398899999999,0 -74.01227799999999,-45.353611,0 -73.82787,-45.347589,0 -73.786244,-45.333917,0 -73.79214399999999,-45.302341,0 -73.82445199999999,-45.26629,0 -73.986073,-45.270766,0 
							</coordinates>
						</LinearRing>
					</outerBoundaryIs>
				</Polygon>
			</Placemark>
			<Placemark id="A5CA5A7AD923F8C0BDEF6">
				<name>Chile</name>
				<snippet></snippet>
				<description>See: 2050-snapshot/domains/borders-geopolitics.md#lithium-triangle</description>
				<styleUrl>#__managed_style_CF3881D7E73F8C0BDF1B</styleUrl>
				<Polygon>
					<outerBoundaryIs>
						<LinearRing>
							<coordinates>
								-74.358795,-45.156427,0 -74.387563,-45.15520600000001,0 -74.408315,-45.17197,0 -74.420277,-45.23211,0 -74.39317800000001,-45.268243,0 -74.32534699999999,-45.302341,0 -74.307485,-45.29452899999999,0 -74.273549,-45.20794000000001,0 -74.358795,-45.156427,0 
							</coordinates>
						</LinearRing>
					</outerBoundaryIs>
				</Polygon>
			</Placemark>
			<Placemark id="A671D14339B3F8C0BDEF6">
				<name>Chile</name>
				<snippet></snippet>
				<description>See: 2050-snapshot/domains/borders-geopolitics.md#lithium-triangle</description>
				<styleUrl>#__managed_style_CF3881D7E73F8C0BDF1B</styleUrl>
				<Polygon>
					<outerBoundaryIs>
						<LinearRing>
							<coordinates>
								-73.701527,-45.135919,0 -73.769846,-45.077569,0 -73.759592,-45.062107,0 -73.778147,-45.038751,0 -73.866078,-44.994561,0 -74.074574,-45.033461,0 -74.17389900000001,-45.026056,0 -74.235422,-45.07236100000001,0 -74.250111,-45.109633,0 -74.242177,-45.14959100000001,0 -74.205474,-45.169366,0 -74.183583,-45.16952899999999,0 -74.168935,-45.141697,0 -74.13288300000001,-45.16326299999999,0 -74.10496999999999,-45.135919,0 -74.084096,-45.140069,0 -73.98957299999999,-45.245782,0 -73.842844,-45.239679,0 -73.767974,-45.284601,0 -73.731842,-45.267267,0 -73.742177,-45.23561,0 -73.70689900000001,-45.181329,0 -73.701527,-45.135919,0 
							</coordinates>
						</LinearRing>
					</outerBoundaryIs>
				</Polygon>
			</Placemark>
			<Placemark id="A798F125E5E3F8C0BDEF6">
				<name>Chile</name>
				<snippet></snippet>
				<description>See: 2050-snapshot/domains/borders-geopolitics.md#lithium-triangle</description>
				<styleUrl>#__managed_style_CF3881D7E73F8C0BDF1B</styleUrl>
				<Polygon>
					<outerBoundaryIs>
						<LinearRing>
							<coordinates>
								-74.34825600000001,-44.974867,0 -74.35692299999999,-45.011489,0 -74.280141,-45.027439,0 -74.187489,-44.991876,0 -74.06578500000001,-44.998793,0 -74.036041,-44.991876,0 -74.064036,-44.964044,0 -73.985748,-44.985121,0 -73.913197,-44.950372,0 -73.986643,-44.897719,0 -74.163726,-44.864679,0 -74.211415,-44.885837,0 -74.27009,-44.944106,0 -74.34825600000001,-44.974867,0 
							</coordinates>
						</LinearRing>
					</outerBoundaryIs>
				</Polygon>
			</Placemark>
			<Placemark id="A8EFAFF3CE73F8C0BDEF6">
				<name>Chile</name>
				<snippet></snippet>
				<description>See: 2050-snapshot/domains/borders-geopolitics.md#lithium-triangle</description>
				<styleUrl>#__managed_style_CF3881D7E73F8C0BDF1B</styleUrl>
				<Polygon>
					<outerBoundaryIs>
						<LinearRing>
							<coordinates>
								-73.96348999999999,-44.780532,0 -73.995717,-44.772149,0 -74.187489,-44.806329,0 -74.07144099999999,-44.854181,0 -74.00328500000001,-44.847752,0 -73.961578,-44.810154,0 -73.96348999999999,-44.780532,0 
							</coordinates>
						</LinearRing>
					</outerBoundaryIs>
				</Polygon>
			</Placemark>
			<Placemark id="A948B211EA43F8C0BDEF6">
				<name>Chile</name>
				<snippet></snippet>
				<description>See: 2050-snapshot/domains/borders-geopolitics.md#lithium-triangle</description>
				<styleUrl>#__managed_style_CF3881D7E73F8C0BDF1B</styleUrl>
				<Polygon>
					<outerBoundaryIs>
						<LinearRing>
							<coordinates>
								-73.939117,-44.812921,0 -73.88874300000001,-44.843845,0 -73.8579,-44.895685,0 -73.92674700000001,-44.854425,0 -73.923695,-44.892673,0 -73.88320899999999,-44.928155,0 -73.81371,-44.96087,0 -73.76231799999999,-44.929864,0 -73.854482,-44.768731,0 -73.88589399999999,-44.765395,0 -73.930531,-44.789239,0 -73.939117,-44.812921,0 
							</coordinates>
						</LinearRing>
					</outerBoundaryIs>
				</Polygon>
			</Placemark>
			<Placemark id="AA39985D9F73F8C0BDEF6">
				<name>Chile</name>
				<snippet></snippet>
				<description>See: 2050-snapshot/domains/borders-geopolitics.md#lithium-triangle</description>
				<styleUrl>#__managed_style_CF3881D7E73F8C0BDF1B</styleUrl>
				<Polygon>
					<outerBoundaryIs>
						<LinearRing>
							<coordinates>
								-75.147182,-44.763767,0 -75.198322,-44.807232,0 -75.146351,-44.878323,0 -75.16466699999999,-44.913835,0 -75.085194,-44.923435,0 -75.031272,-44.903969,0 -75.04250500000001,-44.870438,0 -75.021734,-44.843665,0 -75.063283,-44.830903,0 -75.113179,-44.766518,0 -75.147182,-44.763767,0 
							</coordinates>
						</LinearRing>
					</outerBoundaryIs>
				</Polygon>
			</Placemark>
			<Placemark id="AB7381B79F13F8C0BDEF6">
				<name>Chile</name>
				<snippet></snippet>
				<description>See: 2050-snapshot/domains/borders-geopolitics.md#lithium-triangle</description>
				<styleUrl>#__managed_style_CF3881D7E73F8C0BDF1B</styleUrl>
				<Polygon>
					<outerBoundaryIs>
						<LinearRing>
							<coordinates>
								-73.63304599999999,-44.731541,0 -73.74168899999999,-44.754653,0 -73.749257,-44.80283,0 -73.677317,-44.840265,0 -73.627309,-44.829767,0 -73.604726,-44.744887,0 -73.63304599999999,-44.731541,0 
							</coordinates>
						</LinearRing>
					</outerBoundaryIs>
				</Polygon>
			</Placemark>
			<Placemark id="AC85E0397C03F8C0BDEF6">
				<name>Chile</name>
				<snippet></snippet>
				<description>See: 2050-snapshot/domains/borders-geopolitics.md#lithium-triangle</description>
				<styleUrl>#__managed_style_CF3881D7E73F8C0BDF1B</styleUrl>
				<Polygon>
					<outerBoundaryIs>
						<LinearRing>
							<coordinates>
								-74.398793,-44.787693,0 -74.42711300000001,-44.718194,0 -74.49083400000001,-44.719659,0 -74.52773999999999,-44.743259,0 -74.46939,-44.826837,0 -74.39354400000001,-44.857029,0 -74.31236699999999,-44.841404,0 -74.34142,-44.806329,0 -74.398793,-44.787693,0 
							</coordinates>
						</LinearRing>
					</outerBoundaryIs>
				</Polygon>
			</Placemark>
			<Placemark id="ADCA2316B723F8C0BDEF6">
				<name>Chile</name>
				<snippet></snippet>
				<description>See: 2050-snapshot/domains/borders-geopolitics.md#lithium-triangle</description>
				<styleUrl>#__managed_style_CF3881D7E73F8C0BDF1B</styleUrl>
				<Polygon>
					<outerBoundaryIs>
						<LinearRing>
							<coordinates>
								-74.669504,-44.67018,0 -74.63874300000001,-44.689386,0 -74.45836300000001,-44.690037,0 -74.469309,-44.639093,0 -74.62267,-44.622003,0 -74.669504,-44.67018,0 
							</coordinates>
						</LinearRing>
					</outerBoundaryIs>
				</Polygon>
			</Placemark>
			<Placemark id="AE47ED291683F8C0BDEF6">
				<name>Chile</name>
				<snippet></snippet>
				<description>See: 2050-snapshot/domains/borders-geopolitics.md#lithium-triangle</description>
				<styleUrl>#__managed_style_CF3881D7E73F8C0BDF1B</styleUrl>
				<Polygon>
					<outerBoundaryIs>
						<LinearRing>
							<coordinates>
								-74.02562399999999,-44.603123,0 -74.267161,-44.603123,0 -74.306793,-44.616388,0 -74.297353,-44.628839,0 -74.400543,-44.626072,0 -74.413808,-44.685968,0 -74.31786,-44.704522,0 -74.360829,-44.713311,0 -74.368764,-44.747491,0 -74.320465,-44.789809,0 -74.258697,-44.804457,0 -74.01183,-44.716485,0 -73.875885,-44.694024,0 -73.926829,-44.628839,0 -74.02562399999999,-44.603123,0 
							</coordinates>
						</LinearRing>
					</outerBoundaryIs>
				</Polygon>
			</Placemark>
			<Placemark id="AFCA7C592643F8C0BDEF6">
				<name>Chile</name>
				<snippet></snippet>
				<description>See: 2050-snapshot/domains/borders-geopolitics.md#lithium-triangle</description>
				<styleUrl>#__managed_style_CF3881D7E73F8C0BDF1B</styleUrl>
				<Polygon>
					<outerBoundaryIs>
						<LinearRing>
							<coordinates>
								-74.798248,-44.548761,0 -74.824941,-44.58115,0 -74.825836,-44.630955,0 -74.80386300000001,-44.673761,0 -74.747792,-44.665623,0 -74.732533,-44.593194,0 -74.74152599999999,-44.572361,0 -74.77721099999999,-44.58115,0 -74.798248,-44.548761,0 
							</coordinates>
						</LinearRing>
					</outerBoundaryIs>
				</Polygon>
			</Placemark>
			<Placemark id="B0D50D6A34C3F8C0BDEF6">
				<name>Chile</name>
				<snippet></snippet>
				<description>See: 2050-snapshot/domains/borders-geopolitics.md#lithium-triangle</description>
				<styleUrl>#__managed_style_CF3881D7E73F8C0BDF1B</styleUrl>
				<Polygon>
					<outerBoundaryIs>
						<LinearRing>
							<coordinates>
								-73.625152,-44.622003,0 -73.673573,-44.573663,0 -73.653147,-44.573663,0 -73.67992099999999,-44.544854,0 -73.796498,-44.553155,0 -73.82140099999999,-44.578709,0 -73.82070899999999,-44.653416,0 -73.83120700000001,-44.642511,0 -73.844309,-44.65252,0 -73.752512,-44.741388,0 -73.591542,-44.70672,0 -73.614654,-44.676853,0 -73.659983,-44.676528,0 -73.625152,-44.622003,0 
							</coordinates>
						</LinearRing>
					</outerBoundaryIs>
				</Polygon>
			</Placemark>
			<Placemark id="B1D893709A23F8C0BDEF6">
				<name>Chile</name>
				<snippet></snippet>
				<description>See: 2050-snapshot/domains/borders-geopolitics.md#lithium-triangle</description>
				<styleUrl>#__managed_style_CF3881D7E73F8C0BDF1B</styleUrl>
				<Polygon>
					<outerBoundaryIs>
						<LinearRing>
							<coordinates>
								-74.294342,-44.499444,0 -74.368398,-44.525567,0 -74.368886,-44.541111,0 -74.326324,-44.579685,0 -74.13288300000001,-44.54697,0 -74.193715,-44.492283,0 -74.294342,-44.499444,0 
							</coordinates>
						</LinearRing>
					</outerBoundaryIs>
				</Polygon>
			</Placemark>
			<Placemark id="B2D31186E213F8C0BDEF6">
				<name>Chile</name>
				<snippet></snippet>
				<description>See: 2050-snapshot/domains/borders-geopolitics.md#lithium-triangle</description>
				<styleUrl>#__managed_style_CF3881D7E73F8C0BDF1B</styleUrl>
				<Polygon>
					<outerBoundaryIs>
						<LinearRing>
							<coordinates>
								-74.13288300000001,-44.518976,0 -74.126454,-44.534275,0 -74.070668,-44.552016,0 -73.94733600000001,-44.543552,0 -73.950307,-44.498956,0 -73.971547,-44.471287,0 -74.11388100000001,-44.453383,0 -74.167063,-44.430271,0 -74.143666,-44.458103,0 -74.058949,-44.476007,0 -74.036041,-44.498468,0 -74.13288300000001,-44.518976,0 
							</coordinates>
						</LinearRing>
					</outerBoundaryIs>
				</Polygon>
			</Placemark>
			<Placemark id="B31AED25ABA3F8C0BDEF6">
				<name>Chile</name>
				<snippet></snippet>
				<description>See: 2050-snapshot/domains/borders-geopolitics.md#lithium-triangle</description>
				<styleUrl>#__managed_style_CF3881D7E73F8C0BDF1B</styleUrl>
				<Polygon>
					<outerBoundaryIs>
						<LinearRing>
							<coordinates>
								-74.420277,-44.505304,0 -74.22305299999999,-44.46738,0 -74.259511,-44.412856,0 -74.306386,-44.393731,0 -74.34825600000001,-44.402276,0 -74.420277,-44.471287,0 -74.43879099999999,-44.439142,0 -74.503041,-44.434503,0 -74.541127,-44.45379,0 -74.547719,-44.476658,0 -74.52330499999999,-44.526462,0 -74.392974,-44.54697,0 -74.420277,-44.505304,0 
							</coordinates>
						</LinearRing>
					</outerBoundaryIs>
				</Polygon>
			</Placemark>
			<Placemark id="B47A31EA47B3F8C0BDEF6">
				<name>Chile</name>
				<snippet></snippet>
				<description>See: 2050-snapshot/domains/borders-geopolitics.md#lithium-triangle</description>
				<styleUrl>#__managed_style_CF3881D7E73F8C0BDF1B</styleUrl>
				<Polygon>
					<outerBoundaryIs>
						<LinearRing>
							<coordinates>
								-73.838043,-44.412856,0 -73.865387,-44.374933,0 -73.887685,-44.369236,0 -73.91095900000001,-44.396742,0 -73.904124,-44.44492,0 -73.867014,-44.466078,0 -73.79719,-44.454522,0 -73.782948,-44.443048,0 -73.78966200000001,-44.422784,0 -73.838043,-44.412856,0 
							</coordinates>
						</LinearRing>
					</outerBoundaryIs>
				</Polygon>
			</Placemark>
			<Placemark id="B5512EB6ECE3F8C0BDEF6">
				<name>Chile</name>
				<snippet></snippet>
				<description>See: 2050-snapshot/domains/borders-geopolitics.md#lithium-triangle</description>
				<styleUrl>#__managed_style_CF3881D7E73F8C0BDF1B</styleUrl>
				<Polygon>
					<outerBoundaryIs>
						<LinearRing>
							<coordinates>
								-73.427154,-44.601007,0 -73.468129,-44.642511,0 -73.393422,-44.78867,0 -73.358754,-44.788995,0 -73.29963100000001,-44.758559,0 -73.20742799999999,-44.800063,0 -73.25523800000001,-44.813735,0 -73.307485,-44.785903,0 -73.344594,-44.810235,0 -73.407582,-44.822442,0 -73.29141199999999,-44.932387,0 -73.25698800000001,-44.940037,0 -73.14745000000001,-44.911879,0 -72.837636,-44.710138,0 -72.831288,-44.676528,0 -72.962554,-44.632908,0 -72.980946,-44.601495,0 -72.90078699999999,-44.630955,0 -72.813344,-44.636326,0 -72.721181,-44.528009,0 -72.76891000000001,-44.466567,0 -72.872304,-44.437107,0 -72.905832,-44.452732,0 -72.955556,-44.513604,0 -72.980946,-44.51214,0 -72.926259,-44.437107,0 -72.95352099999999,-44.394464,0 -73.00202400000001,-44.361261,0 -73.083811,-44.384535,0 -73.09081,-44.402276,0 -73.054799,-44.418634,0 -73.036204,-44.484796,0 -73.08458400000001,-44.430271,0 -73.13915,-44.443292,0 -73.16710399999999,-44.409112,0 -73.210317,-44.408868,0 -73.246246,-44.437188,0 -73.26121999999999,-44.477227,0 -73.241567,-44.51214,0 -73.131581,-44.54518,0 -73.14899699999999,-44.57171,0 -73.236724,-44.535577,0 -73.280507,-44.541762,0 -73.267445,-44.586033,0 -73.226186,-44.620538,0 -73.24120000000001,-44.639337,0 -73.310455,-44.601495,0 -73.35142999999999,-44.615167,0 -73.382476,-44.587823,0 -73.427154,-44.601007,0 
							</coordinates>
						</LinearRing>
					</outerBoundaryIs>
				</Polygon>
			</Placemark>
			<Placemark id="B69BDDFC8F13F8C0BDEF6">
				<name>Chile</name>
				<snippet></snippet>
				<description>See: 2050-snapshot/domains/borders-geopolitics.md#lithium-triangle</description>
				<styleUrl>#__managed_style_CF3881D7E73F8C0BDF1B</styleUrl>
				<Polygon>
					<outerBoundaryIs>
						<LinearRing>
							<coordinates>
								-73.67870000000001,-44.434503,0 -73.680531,-44.407485,0 -73.728831,-44.388604,0 -73.659983,-44.385512,0 -73.654124,-44.350844,0 -73.78966200000001,-44.38242,0 -73.726471,-44.425063,0 -73.67870000000001,-44.434503,0 
							</coordinates>
						</LinearRing>
					</outerBoundaryIs>
				</Polygon>
			</Placemark>
			<Placemark id="B70055B08673F8C0BDEF6">
				<name>Chile</name>
				<snippet></snippet>
				<description>See: 2050-snapshot/domains/borders-geopolitics.md#lithium-triangle</description>
				<styleUrl>#__managed_style_CF3881D7E73F8C0BDF1B</styleUrl>
				<Polygon>
					<outerBoundaryIs>
						<LinearRing>
							<coordinates>
								-74.09142,-44.320245,0 -74.112416,-44.327244,0 -74.081532,-44.383966,0 -73.9405,-44.450616,0 -73.926829,-44.354587,0 -74.02989700000001,-44.354587,0 -74.09142,-44.320245,0 
							</coordinates>
						</LinearRing>
					</outerBoundaryIs>
				</Polygon>
			</Placemark>
			<Placemark id="B827E71C4203F8C0BDEF6">
				<name>Chile</name>
				<snippet></snippet>
				<description>See: 2050-snapshot/domains/borders-geopolitics.md#lithium-triangle</description>
				<styleUrl>#__managed_style_CF3881D7E73F8C0BDF1B</styleUrl>
				<Polygon>
					<outerBoundaryIs>
						<LinearRing>
							<coordinates>
								-73.177154,-44.367771,0 -73.210561,-44.323826,0 -73.24901300000001,-44.306736,0 -73.302724,-44.349705,0 -73.298492,-44.368097,0 -73.262807,-44.388442,0 -73.177154,-44.367771,0 
							</coordinates>
						</LinearRing>
					</outerBoundaryIs>
				</Polygon>
			</Placemark>
			<Placemark id="B9D9216E4913F8C0BDEF6">
				<name>Chile</name>
				<snippet></snippet>
				<description>See: 2050-snapshot/domains/borders-geopolitics.md#lithium-triangle</description>
				<styleUrl>#__managed_style_CF3881D7E73F8C0BDF1B</styleUrl>
				<Polygon>
					<outerBoundaryIs>
						<LinearRing>
							<coordinates>
								-73.789052,-44.309503,0 -73.80565300000001,-44.266371,0 -73.834706,-44.271742,0 -73.85106399999999,-44.296319,0 -73.97525,-44.289646,0 -73.932485,-44.328546,0 -73.865387,-44.33408,0 -73.789052,-44.309503,0 
							</coordinates>
						</LinearRing>
					</outerBoundaryIs>
				</Polygon>
			</Placemark>
			<Placemark id="BAB0A7398053F8C0BDEF6">
				<name>Chile</name>
				<snippet></snippet>
				<description>See: 2050-snapshot/domains/borders-geopolitics.md#lithium-triangle</description>
				<styleUrl>#__managed_style_CF3881D7E73F8C0BDF1B</styleUrl>
				<Polygon>
					<outerBoundaryIs>
						<LinearRing>
							<coordinates>
								-74.41686,-44.264907,0 -74.409901,-44.284438,0 -74.29816599999999,-44.309503,0 -74.29002800000001,-44.297296,0 -74.303578,-44.258233,0 -74.386627,-44.249933,0 -74.41686,-44.264907,0 
							</coordinates>
						</LinearRing>
					</outerBoundaryIs>
				</Polygon>
			</Placemark>
			<Placemark id="BB33DCEE5193F8C0BDEF6">
				<name>Chile</name>
				<snippet></snippet>
				<description>See: 2050-snapshot/domains/borders-geopolitics.md#lithium-triangle</description>
				<styleUrl>#__managed_style_CF3881D7E73F8C0BDF1B</styleUrl>
				<Polygon>
					<outerBoundaryIs>
						<LinearRing>
							<coordinates>
								-73.753163,-44.252862,0 -73.757395,-44.282403,0 -73.72203500000001,-44.30283,0 -73.666168,-44.265069,0 -73.67568900000001,-44.241306,0 -73.741851,-44.265069,0 -73.753163,-44.252862,0 
							</coordinates>
						</LinearRing>
					</outerBoundaryIs>
				</Polygon>
			</Placemark>
			<Placemark id="BC1AA3498943F8C0BDEF6">
				<name>Chile</name>
				<snippet></snippet>
				<description>See: 2050-snapshot/domains/borders-geopolitics.md#lithium-triangle</description>
				<styleUrl>#__managed_style_CF3881D7E73F8C0BDF1B</styleUrl>
				<Polygon>
					<outerBoundaryIs>
						<LinearRing>
							<coordinates>
								-74.017934,-44.327732,0 -73.98957299999999,-44.327244,0 -74.013824,-44.285252,0 -74.009348,-44.257257,0 -73.893625,-44.239353,0 -73.91515099999999,-44.215265,0 -73.984202,-44.20794,0 -74.06432,-44.149021,0 -74.049713,-44.196873,0 -74.11050400000001,-44.189142,0 -74.12629099999999,-44.200291,0 -74.09439,-44.282403,0 -74.017934,-44.327732,0 
							</coordinates>
						</LinearRing>
					</outerBoundaryIs>
				</Polygon>
			</Placemark>
			<Placemark id="BDA2C8F85AE3F8C0BDEF6">
				<name>Chile</name>
				<snippet></snippet>
				<description>See: 2050-snapshot/domains/borders-geopolitics.md#lithium-triangle</description>
				<styleUrl>#__managed_style_CF3881D7E73F8C0BDF1B</styleUrl>
				<Polygon>
					<outerBoundaryIs>
						<LinearRing>
							<coordinates>
								-74.35781799999999,-44.145603,0 -74.385569,-44.159601,0 -74.33739199999999,-44.189874,0 -74.258168,-44.17311,0 -74.276967,-44.149021,0 -74.35781799999999,-44.145603,0 
							</coordinates>
						</LinearRing>
					</outerBoundaryIs>
				</Polygon>
			</Placemark>
			<Placemark id="BEDEEA4A37C3F8C0BDEF6">
				<name>Chile</name>
				<snippet></snippet>
				<description>See: 2050-snapshot/domains/borders-geopolitics.md#lithium-triangle</description>
				<styleUrl>#__managed_style_CF3881D7E73F8C0BDF1B</styleUrl>
				<Polygon>
					<outerBoundaryIs>
						<LinearRing>
							<coordinates>
								-73.952707,-44.10475,0 -74.01622500000001,-44.142836,0 -73.952382,-44.186293,0 -73.846262,-44.190199,0 -73.83226500000001,-44.160821,0 -73.87970900000001,-44.155857,0 -73.86461300000001,-44.139255,0 -73.917633,-44.098403,0 -73.952707,-44.10475,0 
							</coordinates>
						</LinearRing>
					</outerBoundaryIs>
				</Polygon>
			</Placemark>
			<Placemark id="BF990E4A1A93F8C0BDEF6">
				<name>Chile</name>
				<snippet></snippet>
				<description>See: 2050-snapshot/domains/borders-geopolitics.md#lithium-triangle</description>
				<styleUrl>#__managed_style_CF3881D7E73F8C0BDF1B</styleUrl>
				<Polygon>
					<outerBoundaryIs>
						<LinearRing>
							<coordinates>
								-74.298329,-44.031915,0 -74.20799700000001,-44.019301,0 -74.277415,-44.011895,0 -74.31680299999999,-44.016534,0 -74.298329,-44.031915,0 
							</coordinates>
						</LinearRing>
					</outerBoundaryIs>
				</Polygon>
			</Placemark>
			<Placemark id="C0BBE8EBE283F8C0BDEF6">
				<name>Chile</name>
				<snippet></snippet>
				<description>See: 2050-snapshot/domains/borders-geopolitics.md#lithium-triangle</description>
				<styleUrl>#__managed_style_CF3881D7E73F8C0BDF1B</styleUrl>
				<Polygon>
					<outerBoundaryIs>
						<LinearRing>
							<coordinates>
								-73.754994,-43.985284,0 -73.728831,-44.046563,0 -73.67194600000001,-44.080743,0 -73.665435,-44.129815,0 -73.63341200000001,-44.123793,0 -73.610219,-44.085138,0 -73.655507,-44.037367,0 -73.638824,-44.00506,0 -73.707672,-43.964044,0 -73.71133399999999,-43.937188,0 -73.744985,-43.953546,0 -73.754994,-43.985284,0 
							</coordinates>
						</LinearRing>
					</outerBoundaryIs>
				</Polygon>
			</Placemark>
			<Placemark id="C1E59D84F7C3F8C0BDEF6">
				<name>Chile</name>
				<snippet></snippet>
				<description>See: 2050-snapshot/domains/borders-geopolitics.md#lithium-triangle</description>
				<styleUrl>#__managed_style_CF3881D7E73F8C0BDF1B</styleUrl>
				<Polygon>
					<outerBoundaryIs>
						<LinearRing>
							<coordinates>
								-73.151601,-44.015802,0 -73.16710399999999,-43.981541,0 -73.140777,-43.903578,0 -73.159657,-43.881524,0 -73.217519,-43.888116,0 -73.28416900000001,-43.935724,0 -73.275136,-43.994073,0 -73.187001,-44.026544,0 -73.151601,-44.015802,0 
							</coordinates>
						</LinearRing>
					</outerBoundaryIs>
				</Polygon>
			</Placemark>
			<Placemark id="C297DDFC97D3F8C0BDEF6">
				<name>Chile</name>
				<snippet></snippet>
				<description>See: 2050-snapshot/domains/borders-geopolitics.md#lithium-triangle</description>
				<styleUrl>#__managed_style_CF3881D7E73F8C0BDF1B</styleUrl>
				<Polygon>
					<outerBoundaryIs>
						<LinearRing>
							<coordinates>
								-74.165395,-43.875095,0 -74.08385199999999,-43.902032,0 -74.03189,-43.892999,0 -73.995717,-43.9367,0 -73.906361,-43.909438,0 -73.97525,-43.867852,0 -73.928456,-43.840753,0 -73.865387,-43.847345,0 -73.913197,-43.867852,0 -73.872182,-43.88893,0 -73.76231799999999,-43.88893,0 -73.793324,-43.829034,0 -73.86510199999999,-43.762628,0 -73.865387,-43.789321,0 -73.920969,-43.799249,0 -73.913197,-43.813246,0 -73.96735,-43.828834,0 -74.04524499999999,-43.796094,0 -74.14393800000001,-43.827551,0 -74.165395,-43.875095,0 
							</coordinates>
						</LinearRing>
					</outerBoundaryIs>
				</Polygon>
			</Placemark>
			<Placemark id="C39A30106553F8C0BDEF6">
				<name>Chile</name>
				<snippet></snippet>
				<description>See: 2050-snapshot/domains/borders-geopolitics.md#lithium-triangle</description>
				<styleUrl>#__managed_style_CF3881D7E73F8C0BDF1B</styleUrl>
				<Polygon>
					<outerBoundaryIs>
						<LinearRing>
							<coordinates>
								-74.758455,-43.676949,0 -74.67273299999999,-43.639392,0 -74.557486,-43.62741,0 -74.648247,-43.554006,0 -74.7379,-43.530177,0 -74.744901,-43.565906,0 -74.78441599999999,-43.575297,0 -74.82502599999999,-43.562412,0 -74.818186,-43.635024,0 -74.758455,-43.676949,0 
							</coordinates>
						</LinearRing>
					</outerBoundaryIs>
				</Polygon>
			</Placemark>
			<Placemark id="C4B236EFAF33F8C0BDEF6">
				<name>Chile</name>
				<snippet></snippet>
				<description>See: 2050-snapshot/domains/borders-geopolitics.md#lithium-triangle</description>
				<styleUrl>#__managed_style_CF3881D7E73F8C0BDF1B</styleUrl>
				<Polygon>
					<outerBoundaryIs>
						<LinearRing>
							<coordinates>
								-73.502594,-42.961033,0 -73.450063,-42.993748,0 -73.36510199999999,-42.990818,0 -73.420644,-42.955662,0 -73.55280500000001,-42.918634,0 -73.58844999999999,-42.913507,0 -73.61148,-42.936212,0 -73.502594,-42.961033,0 
							</coordinates>
						</LinearRing>
					</outerBoundaryIs>
				</Polygon>
			</Placemark>
			<Placemark id="C5636D937B93F8C0BDEF6">
				<name>Chile</name>
				<snippet></snippet>
				<description>See: 2050-snapshot/domains/borders-geopolitics.md#lithium-triangle</description>
				<styleUrl>#__managed_style_CF3881D7E73F8C0BDF1B</styleUrl>
				<Polygon>
					<outerBoundaryIs>
						<LinearRing>
							<coordinates>
								-73.62096099999999,-42.568048,0 -73.75503500000001,-42.59881,0 -73.721425,-42.634535,0 -73.672353,-42.622654,0 -73.61677,-42.638767,0 -73.604726,-42.579278,0 -73.62096099999999,-42.568048,0 
							</coordinates>
						</LinearRing>
					</outerBoundaryIs>
				</Polygon>
			</Placemark>
			<Placemark id="C652B4735633F8C0BDEF6">
				<name>Chile</name>
				<snippet></snippet>
				<description>See: 2050-snapshot/domains/borders-geopolitics.md#lithium-triangle</description>
				<styleUrl>#__managed_style_CF3881D7E73F8C0BDF1B</styleUrl>
				<Polygon>
					<outerBoundaryIs>
						<LinearRing>
							<coordinates>
								-73.519032,-42.425714,0 -73.54320199999999,-42.379164,0 -73.646311,-42.373793,0 -73.61266000000001,-42.451837,0 -73.47960399999999,-42.495294,0 -73.41942299999999,-42.564223,0 -73.41234300000001,-42.525649,0 -73.519032,-42.425714,0 
							</coordinates>
						</LinearRing>
					</outerBoundaryIs>
				</Polygon>
			</Placemark>
			<Placemark id="C7D8C86E7A23F8C0BDEF6">
				<name>Chile</name>
				<snippet></snippet>
				<description>See: 2050-snapshot/domains/borders-geopolitics.md#lithium-triangle</description>
				<styleUrl>#__managed_style_CF3881D7E73F8C0BDF1B</styleUrl>
				<Polygon>
					<outerBoundaryIs>
						<LinearRing>
							<coordinates>
								-73.10606799999999,-42.240981,0 -73.145375,-42.278253,0 -73.193918,-42.249119,0 -73.181996,-42.282973,0 -73.14159100000001,-42.313735,0 -73.073232,-42.288995,0 -73.087636,-42.247491,0 -73.10606799999999,-42.240981,0 
							</coordinates>
						</LinearRing>
					</outerBoundaryIs>
				</Polygon>
			</Placemark>
			<Placemark id="C88DF734F813F8C0BDEF6">
				<name>Chile</name>
				<snippet></snippet>
				<description>See: 2050-snapshot/domains/borders-geopolitics.md#lithium-triangle</description>
				<styleUrl>#__managed_style_CF3881D7E73F8C0BDF1B</styleUrl>
				<Polygon>
					<outerBoundaryIs>
						<LinearRing>
							<coordinates>
								-72.51476,-42.060479,0 -72.55972199999999,-42.05169,0 -72.61778700000001,-42.103611,0 -72.51817800000001,-42.150649,0 -72.51476,-42.060479,0 
							</coordinates>
						</LinearRing>
					</outerBoundaryIs>
				</Polygon>
			</Placemark>
			<Placemark id="C94DED2CCD13F8C0BDEF6">
				<name>Chile</name>
				<snippet></snippet>
				<description>See: 2050-snapshot/domains/borders-geopolitics.md#lithium-triangle</description>
				<styleUrl>#__managed_style_CF3881D7E73F8C0BDF1B</styleUrl>
				<Polygon>
					<outerBoundaryIs>
						<LinearRing>
							<coordinates>
								-74.293381,-43.319965,0 -74.129954,-43.356866,0 -74.084948,-43.401628,0 -74.079234,-43.376753,0 -74.05337900000001,-43.362936,0 -73.99182,-43.388334,0 -73.973112,-43.369407,0 -73.92953,-43.364899,0 -73.877004,-43.421959,0 -73.84749100000001,-43.423483,0 -73.827713,-43.401943,0 -73.800482,-43.409444,0 -73.799976,-43.359776,0 -73.731109,-43.39264,0 -73.681732,-43.381102,0 -73.669014,-43.363847,0 -73.731543,-43.316731,0 -73.68021299999999,-43.31724,0 -73.66604700000001,-43.294407,0 -73.744985,-43.226983,0 -73.74568499999999,-43.170396,0 -73.775746,-43.118097,0 -73.73851500000001,-43.106866,0 -73.721425,-43.141697,0 -73.58796100000001,-43.106866,0 -73.502309,-43.128025,0 -73.490061,-43.10003,0 -73.56824400000001,-43.053746,0 -73.61174099999999,-43.049549,0 -73.60879300000001,-43.035606,0 -73.587554,-43.034275,0 -73.52277599999999,-43.052911,0 -73.577382,-42.965753,0 -73.621816,-42.962009,0 -73.653147,-42.936212,0 -73.646311,-42.90545,0 -73.707672,-42.867364,0 -73.62206,-42.886326,0 -73.61148,-42.867364,0 -73.509511,-42.877699,0 -73.494293,-42.866795,0 -73.491933,-42.818617,0 -73.516672,-42.789239,0 -73.632436,-42.740655,0 -73.69782499999999,-42.661798,0 -73.73534100000001,-42.658298,0 -73.80915299999999,-42.608657,0 -73.816965,-42.586684,0 -73.796498,-42.541762,0 -73.82445199999999,-42.514418,0 -73.80260199999999,-42.47796,0 -73.76231799999999,-42.457127,0 -73.78966200000001,-42.504164,0 -73.753733,-42.533624,0 -73.707672,-42.538344,0 -73.61148,-42.511651,0 -73.665639,-42.482843,0 -73.688547,-42.452732,0 -73.673573,-42.407973,0 -73.681549,-42.37005,0 -73.666168,-42.354099,0 -73.59166399999999,-42.326104,0 -73.50910399999999,-42.326104,0 -73.43342,-42.299412,0 -73.396108,-42.309015,0 -73.37877400000001,-42.278253,0 -73.37560000000001,-42.240004,0 -73.39981,-42.216241,0 -73.38621999999999,-42.195733,0 -73.48908400000001,-42.145603,0 -73.502309,-42.116632,0 -73.447011,-42.079685,0 -73.456451,-42.044366,0 -73.533315,-41.966078,0 -73.57844,-41.945489,0 -73.57054599999999,-41.928806,0 -73.540761,-41.928806,0 -73.53026300000001,-41.906915,0 -73.547678,-41.87005,0 -73.502309,-41.846856,0 -73.519521,-41.833103,0 -73.53701700000001,-41.84002,0 -73.564931,-41.804946,0 -73.60606799999999,-41.800388,0 -73.634674,-41.83294,0 -73.690989,-41.809015,0 -73.777415,-41.858087,0 -73.76032499999999,-41.896254,0 -73.769846,-41.901544,0 -73.825836,-41.856866,0 -73.866038,-41.892267,0 -73.98355100000001,-41.866469,0 -74.006174,-41.845147,0 -74.00255300000001,-41.82643,0 -73.983062,-41.820896,0 -73.896108,-41.842706,0 -73.890248,-41.805108,0 -73.917063,-41.782647,0 -73.949859,-41.812188,0 -74.036041,-41.771173,0 -74.064036,-41.805922,0 -74.056793,-41.843032,0 -74.03058799999999,-41.853123,0 -74.00877800000001,-41.887872,0 -74.05528700000001,-41.945001,0 -74.045277,-42.057794,0 -74.064036,-42.089532,0 -74.053336,-42.130345,0 -74.159503,-42.241298,0 -74.168774,-42.265327,0 -74.143216,-42.318648,0 -74.189618,-42.431906,0 -74.19372799999999,-42.514189,0 -74.167063,-42.52809,0 -74.144285,-42.57818,0 -74.13139099999999,-42.692982,0 -74.161389,-42.718405,0 -74.146542,-42.747628,0 -74.17043700000001,-42.766696,0 -74.156876,-42.804114,0 -74.172061,-42.828703,0 -74.16736299999999,-42.882514,0 -74.182534,-42.903478,0 -74.232249,-42.916681,0 -74.211652,-42.963627,0 -74.25565,-42.990917,0 -74.22951999999999,-43.022877,0 -74.28009,-43.068489,0 -74.31785000000001,-43.072119,0 -74.338368,-43.10003,0 -74.307874,-43.124767,0 -74.31171399999999,-43.137516,0 -74.353831,-43.15309,0 -74.375539,-43.217011,0 -74.40721600000001,-43.237888,0 -74.36332,-43.291731,0 -74.334625,-43.281671,0 -74.293381,-43.319965,0 
							</coordinates>
						</LinearRing>
					</outerBoundaryIs>
				</Polygon>
			</Placemark>
			<Placemark id="CA3998353AB3F8C0BDEF6">
				<name>Chile</name>
				<snippet></snippet>
				<description>See: 2050-snapshot/domains/borders-geopolitics.md#lithium-triangle</description>
				<styleUrl>#__managed_style_CF3881D7E73F8C0BDF1B</styleUrl>
				<Polygon>
					<outerBoundaryIs>
						<LinearRing>
							<coordinates>
								-73.036204,-41.860528,0 -73.003,-41.844334,0 -73.066884,-41.736993,0 -73.08580499999999,-41.747817,0 -73.070221,-41.812107,0 -73.087636,-41.843438,0 -73.036204,-41.860528,0 
							</coordinates>
						</LinearRing>
					</outerBoundaryIs>
				</Polygon>
			</Placemark>
			<Placemark id="CB1E035BB943F8C0BDEF6">
				<name>Chile</name>
				<snippet></snippet>
				<description>See: 2050-snapshot/domains/borders-geopolitics.md#lithium-triangle</description>
				<styleUrl>#__managed_style_CF3881D7E73F8C0BDF1B</styleUrl>
				<Polygon>
					<outerBoundaryIs>
						<LinearRing>
							<coordinates>
								-73.098314,-54.485808,0 -72.989115,-54.495697,0 -72.953784,-54.456858,0 -72.972841,-54.445012,0 -73.05471799999999,-54.456104,0 -73.098314,-54.485808,0 
							</coordinates>
						</LinearRing>
					</outerBoundaryIs>
				</Polygon>
			</Placemark>
			<Placemark id="CC503282EED3F8C0BDEF6">
				<name>Chile</name>
				<snippet></snippet>
				<description>See: 2050-snapshot/domains/borders-geopolitics.md#lithium-triangle</description>
				<styleUrl>#__managed_style_CF3881D7E73F8C0BDF1B</styleUrl>
				<Polygon>
					<outerBoundaryIs>
						<LinearRing>
							<coordinates>
								-70.480451,-54.069214,0 -70.504835,-54.07303900000001,0 -70.51369099999999,-54.091286,0 -70.405134,-54.15044200000001,0 -70.32287599999999,-54.15072500000001,0 -70.298143,-54.125953,0 -70.293302,-54.068475,0 -70.313253,-54.05275,0 -70.43607900000001,-54.08505699999999,0 -70.480451,-54.069214,0 
							</coordinates>
						</LinearRing>
					</outerBoundaryIs>
				</Polygon>
			</Placemark>
			<Placemark id="CDA37EE284C3F8C0BDEF6">
				<name>Chile</name>
				<snippet></snippet>
				<description>See: 2050-snapshot/domains/borders-geopolitics.md#lithium-triangle</description>
				<styleUrl>#__managed_style_CF3881D7E73F8C0BDF1B</styleUrl>
				<Polygon>
					<outerBoundaryIs>
						<LinearRing>
							<coordinates>
								-70.725155,-52.91360800000001,0 -70.649235,-52.876957,0 -70.619252,-52.843384,0 -70.631737,-52.832657,0 -70.78973999999999,-52.900541,0 -70.725155,-52.91360800000001,0 
							</coordinates>
						</LinearRing>
					</outerBoundaryIs>
				</Polygon>
			</Placemark>
			<Placemark id="CEB55A18F373F8C0BDEF6">
				<name>Chile</name>
				<snippet></snippet>
				<description>See: 2050-snapshot/domains/borders-geopolitics.md#lithium-triangle</description>
				<styleUrl>#__managed_style_CF3881D7E73F8C0BDF1B</styleUrl>
				<Polygon>
					<outerBoundaryIs>
						<LinearRing>
							<coordinates>
								-74.49157200000001,-52.551811,0 -74.48196,-52.570765,0 -74.369305,-52.629196,0 -74.34925699999999,-52.62298100000001,0 -74.394198,-52.519903,0 -74.427757,-52.503662,0 -74.49157200000001,-52.551811,0 
							</coordinates>
						</LinearRing>
					</outerBoundaryIs>
				</Polygon>
			</Placemark>
			<Placemark id="CF7FA7BB3603F8C0BDEF6">
				<name>Chile</name>
				<snippet></snippet>
				<description>See: 2050-snapshot/domains/borders-geopolitics.md#lithium-triangle</description>
				<styleUrl>#__managed_style_CF3881D7E73F8C0BDF1B</styleUrl>
				<Polygon>
					<outerBoundaryIs>
						<LinearRing>
							<coordinates>
								-74.508206,-52.303968,0 -74.536449,-52.36873599999999,0 -74.53776999999999,-52.404327,0 -74.48223299999999,-52.44165799999999,0 -74.461883,-52.43759300000001,0 -74.452322,-52.394783,0 -74.48888700000001,-52.389907,0 -74.469064,-52.353011,0 -74.48401200000001,-52.32816700000001,0 -74.47636799999999,-52.30966699999999,0 -74.508206,-52.303968,0 
							</coordinates>
						</LinearRing>
					</outerBoundaryIs>
				</Polygon>
			</Placemark>
			<Placemark id="D0FA815BEB83F8C0BDEF6">
				<name>Chile</name>
				<snippet></snippet>
				<description>See: 2050-snapshot/domains/borders-geopolitics.md#lithium-triangle</description>
				<styleUrl>#__managed_style_CF3881D7E73F8C0BDF1B</styleUrl>
				<Polygon>
					<outerBoundaryIs>
						<LinearRing>
							<coordinates>
								-73.900749,-51.803603,0 -73.96586000000001,-51.818568,0 -73.979358,-51.838544,0 -73.943619,-51.89287499999999,0 -73.83865,-51.916839,0 -73.837107,-51.943886,0 -73.767059,-52.005297,0 -73.738407,-52.01125300000001,0 -73.71345100000001,-51.996007,0 -73.703778,-51.97601800000001,0 -73.720753,-51.93831599999999,0 -73.69977400000001,-51.94307,0 -73.69767299999999,-51.907757,0 -73.71832999999999,-51.84886,0 -73.769535,-51.827595,0 -73.81514300000001,-51.864059,0 -73.900749,-51.803603,0 
							</coordinates>
						</LinearRing>
					</outerBoundaryIs>
				</Polygon>
			</Placemark>
			<Placemark id="D1C0D7839323F8C0BDEF6">
				<name>Chile</name>
				<snippet></snippet>
				<description>See: 2050-snapshot/domains/borders-geopolitics.md#lithium-triangle</description>
				<styleUrl>#__managed_style_CF3881D7E73F8C0BDF1B</styleUrl>
				<Polygon>
					<outerBoundaryIs>
						<LinearRing>
							<coordinates>
								-74.412026,-51.367044,0 -74.393477,-51.373551,0 -74.39648800000001,-51.41308200000001,0 -74.335576,-51.426787,0 -74.30624899999999,-51.41778399999999,0 -74.29651,-51.395389,0 -74.34505299999999,-51.342353,0 -74.38427900000001,-51.33619,0 -74.412026,-51.367044,0 
							</coordinates>
						</LinearRing>
					</outerBoundaryIs>
				</Polygon>
			</Placemark>
			<Placemark id="D2E877C8B203F8C0BDEF6">
				<name>Chile</name>
				<snippet></snippet>
				<description>See: 2050-snapshot/domains/borders-geopolitics.md#lithium-triangle</description>
				<styleUrl>#__managed_style_CF3881D7E73F8C0BDF1B</styleUrl>
				<Polygon>
					<outerBoundaryIs>
						<LinearRing>
							<coordinates>
								-75.121178,-50.382086,0 -75.168505,-50.430384,0 -75.171581,-50.46215,0 -75.044522,-50.47599399999999,0 -74.976266,-50.432888,0 -74.954447,-50.388154,0 -74.962507,-50.35830199999999,0 -74.889258,-50.294923,0 -74.926597,-50.275426,0 -74.970277,-50.28751599999999,0 -75.121178,-50.382086,0 
							</coordinates>
						</LinearRing>
					</outerBoundaryIs>
				</Polygon>
			</Placemark>
			<Placemark id="D3CAEDF78543F8C0BDEF6">
				<name>Chile</name>
				<snippet></snippet>
				<description>See: 2050-snapshot/domains/borders-geopolitics.md#lithium-triangle</description>
				<styleUrl>#__managed_style_CF3881D7E73F8C0BDF1B</styleUrl>
				<Polygon>
					<outerBoundaryIs>
						<LinearRing>
							<coordinates>
								-74.287994,-49.548435,0 -74.353139,-49.465265,0 -74.436431,-49.427016,0 -74.46861699999999,-49.501153,0 -74.434071,-49.534275,0 -74.435292,-49.602797,0 -74.415395,-49.623793,0 -74.287994,-49.548435,0 
							</coordinates>
						</LinearRing>
					</outerBoundaryIs>
				</Polygon>
			</Placemark>
			<Placemark id="D4D672880933F8C0BDEF6">
				<name>Chile</name>
				<snippet></snippet>
				<description>See: 2050-snapshot/domains/borders-geopolitics.md#lithium-triangle</description>
				<styleUrl>#__managed_style_CF3881D7E73F8C0BDF1B</styleUrl>
				<Polygon>
					<outerBoundaryIs>
						<LinearRing>
							<coordinates>
								-74.68917,-47.813894,0 -74.68922999999999,-47.834117,0 -74.67422999999999,-47.89076,0 -74.64401599999999,-47.92311,0 -74.621317,-47.921057,0 -74.621195,-47.878565,0 -74.59397199999999,-47.864389,0 -74.524671,-47.868351,0 -74.52618099999999,-47.812868,0 -74.64986500000001,-47.797742,0 -74.68917,-47.813894,0 
							</coordinates>
						</LinearRing>
					</outerBoundaryIs>
				</Polygon>
			</Placemark>
			<Placemark id="D5797B448E23F8C0BDEF6">
				<name>Chile</name>
				<snippet></snippet>
				<description>See: 2050-snapshot/domains/borders-geopolitics.md#lithium-triangle</description>
				<styleUrl>#__managed_style_CF3881D7E73F8C0BDF1B</styleUrl>
				<Polygon>
					<outerBoundaryIs>
						<LinearRing>
							<coordinates>
								-75.342252,-46.701737,0 -75.26606200000001,-46.724392,0 -75.161776,-46.781579,0 -75.132214,-46.77799499999999,0 -75.121802,-46.747034,0 -75.146199,-46.697015,0 -75.173992,-46.677964,0 -75.32314700000001,-46.685089,0 -75.342252,-46.701737,0 
							</coordinates>
						</LinearRing>
					</outerBoundaryIs>
				</Polygon>
			</Placemark>
			<Placemark id="D6438FEFD2E3F8C0BDEF6">
				<name>Chile</name>
				<snippet></snippet>
				<description>See: 2050-snapshot/domains/borders-geopolitics.md#lithium-triangle</description>
				<styleUrl>#__managed_style_CF3881D7E73F8C0BDF1B</styleUrl>
				<Polygon>
					<outerBoundaryIs>
						<LinearRing>
							<coordinates>
								-74.27405299999999,-43.361231,0 -74.284026,-43.417838,0 -74.257307,-43.427452,0 -74.230726,-43.41337,0 -74.251644,-43.388652,0 -74.253361,-43.350392,0 -74.27405299999999,-43.361231,0 
							</coordinates>
						</LinearRing>
					</outerBoundaryIs>
				</Polygon>
			</Placemark>
			<Placemark id="D7B589C3DA93F8C0BDEF6">
				<name>Chile</name>
				<snippet></snippet>
				<description>See: 2050-snapshot/domains/borders-geopolitics.md#lithium-triangle</description>
				<styleUrl>#__managed_style_CF3881D7E73F8C0BDF1B</styleUrl>
				<Polygon>
					<outerBoundaryIs>
						<LinearRing>
							<coordinates>
								-73.72669,-43.191686,0 -73.718524,-43.215981,0 -73.661238,-43.244796,0 -73.646979,-43.229241,0 -73.65642200000001,-43.196,0 -73.71460399999999,-43.180219,0 -73.72669,-43.191686,0 
							</coordinates>
						</LinearRing>
					</outerBoundaryIs>
				</Polygon>
			</Placemark>
			<Placemark id="D8A42D774F93F8C0BDEF6">
				<name>Chile</name>
				<snippet></snippet>
				<description>See: 2050-snapshot/domains/borders-geopolitics.md#lithium-triangle</description>
				<styleUrl>#__managed_style_CF3881D7E73F8C0BDF1B</styleUrl>
				<Polygon>
					<outerBoundaryIs>
						<LinearRing>
							<coordinates>
								-73.03361599999999,-42.713886,0 -72.956525,-42.807804,0 -72.918815,-42.786532,0 -72.93044399999999,-42.72334,0 -72.981657,-42.733851,0 -72.995801,-42.69994,0 -73.030722,-42.696787,0 -73.03361599999999,-42.713886,0 
							</coordinates>
						</LinearRing>
					</outerBoundaryIs>
				</Polygon>
			</Placemark>
			<Placemark id="D9C921252143F8C0BDEF6">
				<name>Chile</name>
				<snippet></snippet>
				<description>See: 2050-snapshot/domains/borders-geopolitics.md#lithium-triangle</description>
				<styleUrl>#__managed_style_CF3881D7E73F8C0BDF1B</styleUrl>
				<Polygon>
					<outerBoundaryIs>
						<LinearRing>
							<coordinates>
								-73.295181,-42.653951,0 -73.238951,-42.650826,0 -73.241038,-42.631371,0 -73.356927,-42.629037,0 -73.295181,-42.653951,0 
							</coordinates>
						</LinearRing>
					</outerBoundaryIs>
				</Polygon>
			</Placemark>
			<Placemark id="DADEFCD1ABA3F8C0BDEF6">
				<name>Chile</name>
				<snippet></snippet>
				<description>See: 2050-snapshot/domains/borders-geopolitics.md#lithium-triangle</description>
				<styleUrl>#__managed_style_CF3881D7E73F8C0BDF1B</styleUrl>
				<Polygon>
					<outerBoundaryIs>
						<LinearRing>
							<coordinates>
								-73.95344,-38.313572,0 -73.947011,-38.372817,0 -73.912099,-38.409926,0 -73.878163,-38.401462,0 -73.882436,-38.360772,0 -73.95344,-38.313572,0 
							</coordinates>
						</LinearRing>
					</outerBoundaryIs>
				</Polygon>
			</Placemark>
			<Placemark id="DB65316B9393F8C0BDEF6">
				<name>Chile</name>
				<snippet></snippet>
				<description>See: 2050-snapshot/domains/borders-geopolitics.md#lithium-triangle</description>
				<styleUrl>#__managed_style_CF3881D7E73F8C0BDF1B</styleUrl>
				<Polygon>
					<outerBoundaryIs>
						<LinearRing>
							<coordinates>
								-73.518884,-37.079922,0 -73.49296099999999,-37.041765,0 -73.446494,-37.05917,0 -73.520298,-37.005813,0 -73.523096,-36.975265,0 -73.55168500000001,-37.027621,0 -73.518884,-37.079922,0 
							</coordinates>
						</LinearRing>
					</outerBoundaryIs>
				</Polygon>
			</Placemark>
		</Folder>
		<Folder id="DC306BC7FBA3F8C0BDEF6">
			<name>Colombia</name>
			<snippet></snippet>
			<styleUrl>#__managed_style_08FA8503193F8C0BDF1B</styleUrl>
			<Placemark id="DD0820C7F9B3F8C0BDEF6">
				<name>Colombia</name>
				<snippet></snippet>
				<description>See: 2050-snapshot/domains/borders-geopolitics.md#andean-states</description>
				<styleUrl>#__managed_style_0B66AB16D43F8C0BDF1C</styleUrl>
				<Polygon>
					<outerBoundaryIs>
						<LinearRing>
							<coordinates>
								-78.76996800000001,1.394102,0 -78.664677,1.266642,0 -78.602148,1.263645,0 -78.57005700000001,1.195845,0 -78.54060200000001,1.205354,0 -78.48520499999999,1.192642,0 -78.34921799999999,1.055802,0 -78.25015399999999,1.019629,0 -78.120007,0.9212370000000001,0 -78.077943,0.9007730000000002,0 -77.918262,0.874418,0 -77.90322500000001,0.832095,0 -77.847983,0.809254,0 -77.703185,0.843102,0 -77.673316,0.819641,0 -77.666805,0.747707,0 -77.645566,0.716288,0 -77.54335,0.656447,0 -77.468057,0.6508659999999999,0 -77.434726,0.4338250000000001,0 -77.39746700000001,0.387626,0 -77.206936,0.334193,0 -77.11743300000001,0.35755,0 -77.08286099999999,0.348869,0 -77.04462100000001,0.305667,0 -76.94586700000001,0.287064,0 -76.88245999999999,0.240142,0 -76.797866,0.24996,0 -76.73435499999999,0.233114,0 -76.73688799999999,0.272904,0 -76.724537,0.277555,0 -76.626868,0.258538,0 -76.565425,0.21606,0 -76.408019,0.254508,0 -76.41639000000001,0.401889,0 -76.365386,0.406953,0 -76.30047999999999,0.4616270000000001,0 -76.223741,0.406746,0 -76.136304,0.3967209999999999,0 -76.119561,0.351763,0 -76.053467,0.363545,0 -75.95197400000001,0.203968,0 -75.78971,0.08438900000000001,0 -75.73162600000001,0.07116,0 -75.626774,0.078911,0 -75.464924,-0.039738,0 -75.28348800000001,-0.107021,0 -75.24013100000001,-0.07477499999999999,0 -75.22209599999999,-0.0324,0 -75.141688,-0.043459,0 -75.10163900000001,-0.06909,0 -75.050737,-0.134306,0 -75.015365,-0.140507,0 -74.933458,-0.209443,0 -74.87271200000001,-0.221949,0 -74.824653,-0.170479,0 -74.755329,-0.278276,0 -74.790701,-0.31259,0 -74.71812199999999,-0.327266,0 -74.686573,-0.353414,0 -74.642313,-0.339771,0 -74.562395,-0.439404,0 -74.417959,-0.5426530000000001,0 -74.36488799999999,-0.676185,0 -74.38514499999999,-0.72197,0 -74.34432,-0.77406,0 -74.302798,-0.785429,0 -74.310602,-0.801449,0 -74.28913,-0.836279,0 -74.344424,-0.858603,0 -74.303393,-0.897774,0 -74.26675400000001,-0.972291,0 -74.119631,-1.02097,0 -74.092372,-1.020143,0 -74.07689499999999,-0.9908940000000001,0 -74.037207,-1.079675,0 -74.016795,-1.09156,0 -73.982792,-1.066239,0 -73.98129299999999,-1.107477,0 -73.91990199999999,-1.113781,0 -73.857167,-1.210519,0 -73.80254499999999,-1.223645,0 -73.754718,-1.183338,0 -73.73236799999999,-1.216514,0 -73.63656,-1.255168,0 -73.61821500000001,-1.306121,0 -73.597131,-1.306121,0 -73.588966,-1.350252,0 -73.562921,-1.372163,0 -73.583437,-1.401722,0 -73.574212,-1.416915,0 -73.497163,-1.477997,0 -73.484528,-1.572461,0 -73.51742,-1.60202,0 -73.530985,-1.673747,0 -73.446287,-1.738136,0 -73.44008599999999,-1.758703,0 -73.387066,-1.760873,0 -73.350531,-1.790639,0 -73.31658,-1.765421,0 -73.26769400000001,-1.772242,0 -73.257255,-1.742373,0 -73.193021,-1.788675,0 -73.193641,-1.836838,0 -73.15891499999999,-1.895232,0 -73.168733,-1.959311,0 -73.111062,-2.073412,0 -73.149923,-2.143589,0 -73.195295,-2.187204,0 -73.19777499999999,-2.213559,0 -73.15891499999999,-2.293037,0 -73.098867,-2.314948,0 -73.08382899999999,-2.345127,0 -73.05643999999999,-2.299858,0 -72.987556,-2.337686,0 -72.93541399999999,-2.425329,0 -72.80467299999999,-2.377787,0 -72.761678,-2.402281,0 -72.733721,-2.367555,0 -72.71243,-2.422125,0 -72.683182,-2.404762,0 -72.64432100000001,-2.334068,0 -72.56298200000001,-2.383058,0 -72.44159399999999,-2.405175,0 -72.41425700000001,-2.437111,0 -72.378032,-2.450754,0 -72.283826,-2.433184,0 -72.281862,-2.405692,0 -72.25096000000001,-2.396287,0 -72.176391,-2.410343,0 -72.061514,-2.320012,0 -71.94865299999999,-2.324146,0 -71.83620500000001,-2.179762,0 -71.746133,-2.132324,0 -71.731405,-2.189891,0 -71.67854,-2.169531,0 -71.538394,-2.222964,0 -71.520979,-2.292107,0 -71.498138,-2.315051,0 -71.48056800000001,-2.265752,0 -71.456486,-2.255107,0 -71.411631,-2.326627,0 -71.432147,-2.355152,0 -71.42083,-2.37603,0 -71.315461,-2.334068,0 -71.307607,-2.347814,0 -71.25334599999999,-2.326627,0 -71.20905999999999,-2.339236,0 -71.161931,-2.310194,0 -71.14281,-2.262858,0 -71.119969,-2.252109,0 -71.029691,-2.263995,0 -71.02144800000001,-2.196712,0 -70.925253,-2.220277,0 -70.904556,-2.211078,0 -70.787871,-2.307403,0 -70.70658400000001,-2.328281,0 -70.699039,-2.370138,0 -70.663718,-2.39825,0 -70.647595,-2.450754,0 -70.59863199999999,-2.44662,0 -70.596074,-2.416544,0 -70.57860700000001,-2.405485,0 -70.484453,-2.452511,0 -70.445256,-2.498503,0 -70.357535,-2.486927,0 -70.34962899999999,-2.518346,0 -70.376346,-2.532609,0 -70.364615,-2.557621,0 -70.295885,-2.5354,0 -70.273949,-2.546252,0 -70.23607,-2.62511,0 -70.183877,-2.619529,0 -70.150468,-2.669242,0 -70.105794,-2.625213,0 -70.050629,-2.71513,0 -70.734127,-3.782042,0 -70.690642,-3.786796,0 -70.54429399999999,-3.865241,0 -70.490886,-3.87847,0 -70.438512,-3.867721,0 -70.377689,-3.818836,0 -70.311104,-3.829274,0 -70.21697500000001,-3.924979,0 -70.18839800000001,-4.028952,0 -70.030501,-4.131581,0 -69.96495,-4.236484,0 -69.947199,-4.201138,0 -69.433948,-1.422186,0 -69.42110700000001,-1.238631,0 -69.39945400000001,-1.182717,0 -69.448159,-1.092077,0 -69.442863,-1.008361,0 -69.532599,-0.9340499999999999,0 -69.537327,-0.8895050000000001,0 -69.57324199999999,-0.8491979999999999,0 -69.57272500000001,-0.813541,0 -69.628381,-0.7334419999999999,0 -69.58422299999999,-0.644559,0 -69.61975099999999,-0.524566,0 -69.649517,-0.49201,0 -69.74646199999999,-0.453046,0 -69.834777,-0.3831800000000001,0 -69.858108,-0.341425,0 -69.933634,-0.314347,0 -70.068044,-0.160144,0 -70.05424600000001,0.588131,0 -70.03941500000001,0.574591,0 -69.80532100000001,0.606941,0 -69.694682,0.668746,0 -69.619157,0.650659,0 -69.59411900000001,0.689313,0 -69.47808000000001,0.7328249999999998,0 -69.43971000000001,0.715771,0 -69.362557,0.640944,0 -69.302148,0.65655,0 -69.297057,0.618103,0 -69.22618300000001,0.614796,0 -69.200603,0.639497,0 -69.16233699999999,0.631435,0 -69.137455,0.650142,0 -69.152079,0.690553,0 -69.192258,0.728949,0 -69.16776299999999,0.756027,0 -69.17538500000001,0.844446,0 -69.152389,0.867803,0 -69.20998299999999,0.907543,0 -69.204324,0.9436639999999998,0 -69.288815,1.038439,0 -69.354961,1.067068,0 -69.418161,1.028621,0 -69.478261,1.06066,0 -69.54295999999999,1.055596,0 -69.619906,1.072752,0 -69.716024,1.058593,0 -69.728065,1.082984,0 -69.762559,1.091097,0 -69.852192,1.05942,0 -69.856171,1.707675,0 -69.807543,1.707365,0 -69.72915,1.738991,0 -69.649051,1.738939,0 -69.54195199999999,1.772709,0 -69.352403,1.720206,0 -68.163302,1.721291,0 -68.188779,1.735838,0 -68.193533,1.763744,0 -68.238957,1.770281,0 -68.24831,1.822112,0 -68.28024600000001,1.829398,0 -68.192189,2.014891,0 -68.1771,1.973188,0 -68.111109,1.942415,0 -68.031786,1.777515,0 -67.998248,1.749972,0 -67.92884599999999,1.74129,0 -67.820843,1.784001,0 -67.59295,2.054811,0 -67.510267,2.107418,0 -67.424639,2.138114,0 -67.340614,2.090106,0 -67.264753,1.932545,0 -67.155715,1.788083,0 -67.117165,1.709793,0 -67.073601,1.541199,0 -67.09819899999999,1.253361,0 -67.086107,1.176002,0 -66.875061,1.22251,0 -66.900899,1.288966,0 -66.88353600000001,1.349945,0 -66.932731,1.424643,0 -66.93361,1.501692,0 -66.974176,1.580034,0 -66.98089400000001,1.665946,0 -67.06683200000001,1.894123,0 -67.132616,1.99081,0 -67.11117,2.048842,0 -67.114633,2.102999,0 -67.17783300000001,2.154495,0 -67.21726200000001,2.266064,0 -67.217675,2.284513,0 -67.17375,2.336448,0 -67.189718,2.394377,0 -67.32542100000001,2.47463,0 -67.340614,2.510494,0 -67.47089,2.627128,0 -67.500294,2.675342,0 -67.575586,2.691103,0 -67.59429299999999,2.776111,0 -67.626591,2.813421,0 -67.690411,2.806341,0 -67.75102800000001,2.842102,0 -67.823323,2.827322,0 -67.855931,2.789753,0 -67.855259,2.858173,0 -67.83861899999999,2.88613,0 -67.45218300000001,3.243679,0 -67.395804,3.266572,0 -67.309453,3.383929,0 -67.304647,3.425709,0 -67.40391700000001,3.504464,0 -67.471407,3.680060999999999,0 -67.49982900000001,3.717914,0 -67.537449,3.73551,0 -67.59481,3.73091,0 -67.631759,3.761865,0 -67.644419,3.834625,0 -67.69387399999999,3.928599000000001,0 -67.720642,4.074972,0 -67.786219,4.172976,0 -67.80492599999999,4.268474,0 -67.779398,4.350795,0 -67.799862,4.398906,0 -67.793092,4.428981,0 -67.81350500000001,4.44327,0 -67.829059,4.491432,0 -67.875051,4.532644,0 -67.85515599999999,4.566157,0 -67.845647,4.689741,0 -67.822858,4.743588,0 -67.81350500000001,4.840507,0 -67.82637200000001,4.894844,0 -67.793092,5.063335,0 -67.82662999999999,5.120386,0 -67.81350500000001,5.186558,0 -67.843684,5.297249,0 -67.83458899999999,5.339313,0 -67.772577,5.409671,0 -67.75211299999999,5.409671,0 -67.65248099999999,5.477961,0 -67.617031,5.541601,0 -67.64906999999999,5.65609,0 -67.62514400000001,5.784506,0 -67.485204,5.944082999999999,0 -67.42246900000001,5.978241,0 -67.428567,6.03847,0 -67.49119899999999,6.114486,0 -67.48696099999999,6.166782,0 -67.449961,6.197943,0 -67.490475,6.201638,0 -67.573984,6.266233999999999,0 -67.82719899999999,6.313414,0 -67.868127,6.279876,0 -67.90430000000001,6.275148,0 -67.924144,6.234556,0 -67.977991,6.217839,0 -68.146508,6.223781,0 -68.30417199999999,6.176987999999999,0 -68.449021,6.194998,0 -68.58472399999999,6.170012,0 -68.63531500000001,6.13588,0 -68.807863,6.184326,0 -68.892922,6.184326,0 -69.06112899999999,6.217839,0 -69.246104,6.080664,0 -69.331396,6.15637,0 -69.44363800000001,6.122237,0 -70.129203,6.972547,0 -70.195013,6.977560000000001,0 -70.287617,6.936942,0 -70.319062,6.938286,0 -70.45166399999999,7.007687000000001,0 -70.510704,7.009701999999999,0 -70.57860700000001,7.085822,0 -70.639275,7.073471,0 -70.70330199999999,7.09993,0 -70.895539,7.06851,0 -70.96132299999999,7.009444,0 -71.011268,6.990892,0 -71.13604100000001,6.992132,0 -71.184048,6.962573999999999,0 -71.275516,6.984380999999999,0 -71.292517,7.025774,0 -71.413905,7.030993,0 -71.46769999999999,7.012441,0 -71.50991999999999,7.03461,0 -71.59472100000001,7.030115000000001,0 -71.62040399999999,7.052128999999999,0 -71.667016,7.051509,0 -71.6696,7.027738000000001,0 -71.774038,7.028926,0 -71.771506,7.011148999999999,0 -71.84819400000001,6.983864,0 -71.993818,7.012855,0 -72.09825600000001,7.086752,0 -72.164143,7.220800999999999,0 -72.17422000000001,7.279608,0 -72.16404,7.328856000000001,0 -72.206208,7.381876,0 -72.414619,7.413812000000001,0 -72.47869799999999,7.484454,0 -72.463402,7.570752999999999,0 -72.483349,7.649353,0 -72.451774,7.832805,0 -72.458647,7.893524000000001,0 -72.491204,7.937500999999999,0 -72.430122,7.990521000000001,0 -72.40707399999999,8.043774000000001,0 -72.350075,8.042585000000001,0 -72.333849,8.065478000000001,0 -72.33576100000001,8.103899,0 -72.39596400000001,8.256603,0 -72.38397500000001,8.321793,0 -72.393535,8.355383,0 -72.45627,8.403933,0 -72.67543000000001,8.651514000000001,0 -72.783072,9.059939,0 -72.800022,9.079447,0 -72.79103000000001,9.113941000000001,0 -72.82668700000001,9.141691,0 -72.95531,9.103992999999999,0 -72.97319,9.128436000000001,0 -72.980063,9.216519,0 -73.009725,9.295377,0 -73.032669,9.294601999999999,0 -73.212245,9.173446,0 -73.391149,9.172775,0 -73.379108,9.213882999999999,0 -73.311774,9.276230999999999,0 -73.27740900000001,9.361807000000001,0 -73.178448,9.523037,0 -73.107652,9.577995,0 -72.98554,9.812167000000001,0 -72.97763399999999,9.838056999999999,0 -72.996961,9.900715,0 -72.987711,9.999416999999999,0 -72.935621,10.175194,0 -72.91489900000001,10.432904,0 -72.843017,10.560597,0 -72.754392,10.674853,0 -72.682975,10.855618,0 -72.57647,10.957368,0 -72.499317,11.120795,0 -72.341342,11.16211,0 -72.267083,11.154902,0 -71.99061399999999,11.649058,0 -71.409668,11.812303,0 -71.357629,11.850802,0 -71.327507,11.849998,0 -71.298818,11.920233,0 -71.138092,12.015815,0 -71.11367799999999,12.052395,0 -71.11388100000001,12.094387,0 -71.22716200000001,12.305406,0 -71.26183,12.341864,0 -71.390248,12.393297,0 -71.439076,12.396186,0 -71.511301,12.443264,0 -71.604156,12.447211,0 -71.675608,12.468329,0 -71.715728,12.453518,0 -71.740793,12.419908,0 -71.68614700000001,12.454657,0 -71.69359300000001,12.427395,0 -71.65880300000001,12.440375,0 -71.679107,12.416978,0 -71.63093000000001,12.427395,0 -71.69164000000001,12.393378,0 -71.69359300000001,12.365302,0 -71.719838,12.395982,0 -71.71344999999999,12.413723,0 -71.732533,12.410224,0 -71.75182,12.390815,0 -71.740793,12.385728,0 -71.751088,12.356187,0 -71.803212,12.335883,0 -71.802846,12.323676,0 -71.82286499999999,12.31981,0 -71.843129,12.33808,0 -71.809071,12.372138,0 -71.82909100000001,12.376207,0 -71.871246,12.362616,0 -71.96052,12.282701,0 -71.946848,12.269029,0 -71.90526300000001,12.282701,0 -71.871083,12.256049,0 -71.868031,12.208238,0 -71.914418,12.202786,0 -71.937611,12.166449,0 -71.967275,12.153022,0 -72.015126,12.193996,0 -71.969635,12.255113,0 -72.00487200000001,12.262885,0 -72.107533,12.245022,0 -72.138661,12.256049,0 -72.17276,12.221259,0 -72.145416,12.200832,0 -72.138661,12.10456,0 -72.232167,11.919745,0 -72.263051,11.885972,0 -72.43346099999999,11.796088,0 -72.511627,11.789252,0 -72.741322,11.707953,0 -72.93398999999999,11.556789,0 -73.05484,11.493964,0 -73.292388,11.294013,0 -73.70514900000001,11.268256,0 -73.82603899999999,11.27676,0 -73.95103899999999,11.320299,0 -74.004628,11.355292,0 -74.06541900000001,11.351752,0 -74.08385199999999,11.330634,0 -74.112416,11.357896,0 -74.112416,11.337388,0 -74.126088,11.343655,0 -74.13906799999999,11.323717,0 -74.153391,11.343655,0 -74.15184499999999,11.319729,0 -74.187489,11.316962,0 -74.233632,11.241156,0 -74.235951,11.125149,0 -74.214915,11.086982,0 -74.28042600000001,10.989732,0 -74.362172,10.775702,0 -74.39509,10.749498,0 -74.456614,10.748033,0 -74.47712199999999,10.827582,0 -74.50963299999999,10.84455,0 -74.52330499999999,10.802965,0 -74.515614,10.778225,0 -74.49543199999999,10.781928,0 -74.499664,10.764716,0 -74.543813,10.76203,0 -74.543813,10.809231,0 -74.56428,10.830959,0 -74.59845900000001,10.781928,0 -74.59699500000001,10.867825,0 -74.58137000000001,10.888088,0 -74.536366,10.871894,0 -74.525014,10.88345,0 -74.48175999999999,10.850816,0 -74.517445,10.926663,0 -74.491567,10.979478,0 -74.361806,10.971666,0 -74.29783,10.991499,0 -74.40347199999999,10.982856,0 -74.52295100000001,10.995924,0 -74.84437200000001,11.10967,0 -74.845338,11.06213,0 -74.86151,11.048834,0 -74.923571,11.045672,0 -74.96280899999999,10.994894,0 -75.02359,10.974311,0 -75.04955,10.90119,0 -75.267405,10.795315,0 -75.270009,10.759101,0 -75.249501,10.747748,0 -75.22964399999999,10.768256,0 -75.222239,10.734687,0 -75.249501,10.706773,0 -75.25829,10.737128,0 -75.279612,10.742743,0 -75.307281,10.70954,0 -75.40379799999999,10.680121,0 -75.424184,10.643297,0 -75.461822,10.631049,0 -75.463857,10.602729,0 -75.51960200000001,10.576483,0 -75.504465,10.551581,0 -75.510243,10.508205,0 -75.489125,10.50137,0 -75.49327599999999,10.434638,0 -75.522206,10.432929,0 -75.50275600000001,10.487738,0 -75.5655,10.433051,0 -75.578481,10.398342,0 -75.551137,10.41942,0 -75.539174,10.386298,0 -75.52383399999999,10.391506,0 -75.51569600000001,10.318996,0 -75.583811,10.282375,0 -75.592152,10.30272,0 -75.592152,10.268622,0 -75.61510199999999,10.269517,0 -75.630849,10.213446,0 -75.68892200000001,10.167966,0 -75.703577,10.134428,0 -75.64378600000001,10.154376,0 -75.53067,10.240668,0 -75.54088299999999,10.188544,0 -75.589361,10.128261,0 -75.57619099999999,10.041847,0 -75.639945,9.783263,0 -75.70513699999999,9.700661999999999,0 -75.702806,9.690716999999999,0 -75.657794,9.705232000000001,0 -75.618031,9.689276,0 -75.576367,9.621086,0 -75.577167,9.562214000000001,0 -75.620633,9.452852999999999,0 -75.672608,9.409990000000001,0 -75.73924700000001,9.425727,0 -75.811879,9.391546999999999,0 -75.824859,9.412055000000001,0 -75.85285399999999,9.412055000000001,0 -75.826731,9.426011000000001,0 -75.798207,9.418199,0 -75.811025,9.443549000000001,0 -75.909983,9.428167999999999,0 -75.943798,9.440734000000001,0 -75.95328499999999,9.402296,0 -76.096099,9.333197,0 -76.116933,9.265815,0 -76.168121,9.246975000000001,0 -76.192616,9.134914,0 -76.254954,9.070786999999999,0 -76.25625599999999,9.007391999999999,0 -76.315541,8.94774,0 -76.426869,8.910549,0 -76.428212,8.884467000000001,0 -76.546864,8.784573,0 -76.647328,8.747301,0 -76.66022700000001,8.687445,0 -76.89370700000001,8.620347000000001,0 -76.947174,8.545477999999999,0 -76.838612,8.500434,0 -76.80207299999999,8.430161999999999,0 -76.77481,8.416693,0 -76.770172,8.25849,0 -76.74791399999999,8.171536,0 -76.759185,8.114691000000001,0 -76.750356,8.075670000000001,0 -76.74413,8.103013000000001,0 -76.732004,8.079291,0 -76.730621,8.051337,0 -76.757232,7.92357,0 -76.85358600000001,7.912746000000001,0 -76.907053,7.929511,0 -76.933705,7.964586000000001,0 -76.921702,8.027289,0 -76.884389,8.046332,0 -76.83226500000001,8.027289,0 -76.866444,8.061998000000001,0 -76.839101,8.054633000000001,0 -76.860219,8.082506,0 -76.825429,8.095526,0 -76.846547,8.095526,0 -76.83226500000001,8.136542,0 -76.89370700000001,8.136542,0 -76.895741,8.117255,0 -76.918324,8.113918,0 -76.94253500000001,8.128852,0 -76.948964,8.164496,0 -76.928538,8.15766,0 -76.917592,8.188950999999999,0 -76.921702,8.199204999999999,0 -76.935292,8.184963,0 -76.935292,8.20539,0 -76.96312399999999,8.203681,0 -76.96202599999999,8.266546999999999,0 -76.976308,8.253852,0 -77.031565,8.259995999999999,0 -77.14443900000001,8.421087999999999,0 -77.27472899999999,8.495794999999999,0 -77.351674,8.669338,0 -77.36668899999999,8.678412,0 -77.37493600000001,8.650945999999999,0 -77.434003,8.628259999999999,0 -77.42909299999999,8.592629000000001,0 -77.480356,8.526199,0 -77.48872799999999,8.473644,0 -77.422324,8.45641,0 -77.391266,8.393546000000001,0 -77.374368,8.289313999999999,0 -77.31690399999999,8.250840999999999,0 -77.23106900000001,8.098732,0 -77.2012,7.981995,0 -77.16327,7.939258,0 -77.30041900000001,7.902103,0 -77.379897,7.77441,0 -77.33974499999999,7.707231,0 -77.50934700000001,7.594111,0 -77.579989,7.528379000000001,0 -77.61332,7.537474,0 -77.62546399999999,7.587445,0 -77.674815,7.644651,0 -77.679931,7.670954,0 -77.74023699999999,7.718857999999999,0 -77.76421499999999,7.705732,0 -77.765817,7.626461,0 -77.731245,7.530343,0 -77.75512000000001,7.486107,0 -77.82018100000001,7.476547,0 -77.895839,7.235098,0 -77.688832,7.047187000000001,0 -77.69627800000001,7.07453,0 -77.66502800000001,7.01557,0 -77.65273999999999,6.976629999999999,0 -77.69220900000001,6.947252,0 -77.69627800000001,6.849189000000001,0 -77.67105100000001,6.879706,0 -77.593251,6.828111,0 -77.531809,6.712063,0 -77.537994,6.663642,0 -77.51065,6.671088,0 -77.505686,6.700141,0 -77.462636,6.720689,0 -77.411244,6.693793,0 -77.41511,6.636298,0 -77.345367,6.566107,0 -77.34752400000001,6.521552,0 -77.380971,6.444525,0 -77.359934,6.419176,0 -77.360463,6.389879,0 -77.373525,6.404202,0 -77.399281,6.387641,0 -77.37791900000001,6.351792999999999,0 -77.380971,6.300523,0 -77.41511,6.239081,0 -77.48338800000001,6.294338,0 -77.484364,6.188788000000001,0 -77.36668899999999,5.998928,0 -77.35301699999999,6.02619,0 -77.31273400000001,5.89643,0 -77.246449,5.78734,0 -77.24592,5.734198,0 -77.261138,5.700913999999999,0 -77.318918,5.663031,0 -77.33316000000001,5.615302,0 -77.355621,5.607896,0 -77.404856,5.628362999999999,0 -77.49083400000001,5.594794,0 -77.526235,5.530178,0 -77.55919299999999,5.503079,0 -77.51065,5.484931,0 -77.501332,5.502427,0 -77.462148,5.501044,0 -77.40827400000001,5.464504,0 -77.380971,5.403022,0 -77.40827400000001,5.403022,0 -77.408559,5.386176,0 -77.380971,5.375067,0 -77.360585,5.253485,0 -77.346181,5.244778,0 -77.372874,5.149156,0 -77.34862200000001,4.854193,0 -77.339996,4.813381,0 -77.318918,4.820868,0 -77.25804599999999,4.704088,0 -77.285797,4.737006,0 -77.325754,4.752509,0 -77.318837,4.709662,0 -77.29161499999999,4.682074,0 -77.29898,4.655707,0 -77.318918,4.683661,0 -77.33316000000001,4.471381,0 -77.31273400000001,4.471381,0 -77.345082,4.445543,0 -77.358998,4.387193,0 -77.387196,4.347235,0 -77.33653700000001,4.268744,0 -77.236318,4.265326,0 -77.29898,4.203192,0 -77.31981399999999,4.200832,0 -77.34805299999999,4.224677,0 -77.37755300000001,4.19359,0 -77.426666,4.180365,0 -77.43114199999999,4.094387,0 -77.40827400000001,4.0456,0 -77.430409,4.044013,0 -77.43517,4.029364,0 -77.373525,3.96426,0 -77.374664,3.936428,0 -77.346181,3.929511,0 -77.318918,4.006537,0 -77.318918,4.053046,0 -77.29898,4.0456,0 -77.29898,4.067328,0 -77.26427200000001,4.067328,0 -77.26427200000001,4.108222,0 -77.189198,4.067328,0 -77.243764,3.977281,0 -77.209625,3.977281,0 -77.27171800000001,3.96426,0 -77.25999899999999,3.975409,0 -77.270416,3.986396,0 -77.300201,3.969143,0 -77.311757,3.908433,0 -77.27171800000001,3.885403,0 -77.29161499999999,3.860582,0 -77.253163,3.840806,0 -77.18114199999999,3.852973,0 -77.123036,3.886135,0 -77.126454,3.929511,0 -77.079335,3.922065,0 -77.093007,3.909003,0 -77.031565,3.915839,0 -77.06859300000001,3.867742999999999,0 -77.114491,3.852606999999999,0 -77.105621,3.813463,0 -77.12026899999999,3.79914,0 -77.13394099999999,3.827094,0 -77.15038,3.813666,0 -77.126454,3.778713,0 -77.14443900000001,3.759589,0 -77.174916,3.758205,0 -77.12564,3.733547000000001,0 -77.167388,3.737941999999999,0 -77.195424,3.758205,0 -77.19871999999999,3.710028,0 -77.126454,3.717231,0 -77.174916,3.692694,0 -77.170806,3.677191000000001,0 -77.11827599999999,3.678046,0 -77.169545,3.652248,0 -77.189198,3.662584,0 -77.22716200000001,3.59101,0 -77.209625,3.580634,0 -77.284779,3.580634,0 -77.27794299999999,3.566392,0 -77.29898,3.558987000000001,0 -77.27794299999999,3.545885,0 -77.32176699999999,3.547838,0 -77.325754,3.532213,0 -77.27489199999999,3.532782,0 -77.29898,3.511786,0 -77.27171800000001,3.50495,0 -77.284779,3.497504,0 -77.26427200000001,3.470851999999999,0 -77.282826,3.485175,0 -77.316151,3.480373,0 -77.31273400000001,3.511786,0 -77.33316000000001,3.511786,0 -77.326283,3.490668,0 -77.346181,3.436021,0 -77.33316000000001,3.411811,0 -77.35301699999999,3.429835999999999,0 -77.36705499999999,3.402086,0 -77.318918,3.319973000000001,0 -77.343739,3.329413,0 -77.380971,3.387641,0 -77.457387,3.356147,0 -77.476552,3.333645,0 -77.46486400000001,3.301626,0 -77.54179499999999,3.246081,0 -77.5008,3.244758,0 -77.47968400000001,3.227464,0 -77.50182,3.223375,0 -77.508656,3.194566,0 -77.53962900000001,3.196845,0 -77.57142899999999,3.138075,0 -77.647707,3.073853,0 -77.721791,2.982001,0 -77.723541,2.969916,0 -77.688832,2.99726,0 -77.665435,2.984565,0 -77.654652,3.004706,0 -77.63390099999999,2.994859,0 -77.623158,2.981838,0 -77.641713,2.956244,0 -77.61969999999999,2.931586,0 -77.64338100000001,2.898139,0 -77.682607,2.927314,0 -77.710072,2.918118,0 -77.70934,2.860663,0 -77.657704,2.876899,0 -77.63605699999999,2.869615,0 -77.641713,2.846381,0 -77.668324,2.867499,0 -77.723541,2.840155,0 -77.735422,2.822496,0 -77.698598,2.813137,0 -77.688832,2.791734,0 -77.70934,2.812242,0 -77.764556,2.81566,0 -77.78575600000001,2.794827,0 -77.73355100000001,2.786119,0 -77.79478899999999,2.75727,0 -77.81236699999999,2.764472,0 -77.797597,2.698717,0 -77.778188,2.689399,0 -77.798695,2.675727,0 -77.751536,2.627265,0 -77.760406,2.59162,0 -77.83967,2.565863,0 -77.904286,2.579983,0 -77.888051,2.634711,0 -77.917592,2.63227,0 -77.94983999999999,2.674518,0 -78.004485,2.655114,0 -78.09610499999999,2.651451,0 -78.08527599999999,2.516059,0 -78.132476,2.492743,0 -78.207753,2.53734,0 -78.246931,2.663601,0 -78.270076,2.634952,0 -78.25475,2.541897,0 -78.27750399999999,2.542509,0 -78.346018,2.647986,0 -78.432216,2.587028,0 -78.50645799999999,2.490871,0 -78.52504500000001,2.495507,0 -78.55898999999999,2.381537,0 -78.55898999999999,2.449164,0 -78.57408599999999,2.433173,0 -78.703159,2.189805,0 -78.665606,1.982915,0 -78.647474,1.980641,0 -78.629018,2.025336,0 -78.60802200000001,2.027981,0 -78.58633399999999,2.000393,0 -78.59136700000001,1.896843,0 -78.5454,1.91474,0 -78.57123,1.782207,0 -78.75944800000001,1.830547,0 -78.846052,1.821585,0 -78.95583999999999,1.692179,0 -79.00877,1.66476,0 -79.021512,1.63831,0 -78.89959899999999,1.545328,0 -78.860707,1.558498,0 -78.854482,1.49018,0 -78.812856,1.441799,0 -78.828684,1.434312,0 -78.76996800000001,1.394102,0 
							</coordinates>
						</LinearRing>
					</outerBoundaryIs>
				</Polygon>
			</Placemark>
			<Placemark id="DED9443C4803F8C0BDEF6">
				<name>Colombia</name>
				<snippet></snippet>
				<description>See: 2050-snapshot/domains/borders-geopolitics.md#andean-states</description>
				<styleUrl>#__managed_style_0B66AB16D43F8C0BDF1C</styleUrl>
				<Polygon>
					<outerBoundaryIs>
						<LinearRing>
							<coordinates>
								-78.214868,2.681914,0 -78.19496599999999,2.632144,0 -78.21642,2.596869,0 -78.207021,2.575344,0 -78.134429,2.504381,0 -78.10728899999999,2.512519,0 -78.096181,2.540025,0 -78.097279,2.57217,0 -78.14508600000001,2.673748,0 -78.214868,2.681914,0 
							</coordinates>
						</LinearRing>
					</outerBoundaryIs>
				</Polygon>
			</Placemark>
			<Placemark id="DFD838330253F8C0BDEF6">
				<name>Colombia</name>
				<snippet></snippet>
				<description>See: 2050-snapshot/domains/borders-geopolitics.md#andean-states</description>
				<styleUrl>#__managed_style_0B66AB16D43F8C0BDF1C</styleUrl>
				<Polygon>
					<outerBoundaryIs>
						<LinearRing>
							<coordinates>
								-77.914052,2.658677,0 -77.867502,2.639838,0 -77.888051,2.593817,0 -77.839915,2.577338,0 -77.78502400000001,2.593817,0 -77.850494,2.638129,0 -77.916371,2.697211,0 -77.914052,2.658677,0 
							</coordinates>
						</LinearRing>
					</outerBoundaryIs>
				</Polygon>
			</Placemark>
			<Placemark id="E02C6538A8F3F8C0BDEF6">
				<name>Colombia</name>
				<snippet></snippet>
				<description>See: 2050-snapshot/domains/borders-geopolitics.md#andean-states</description>
				<styleUrl>#__managed_style_0B66AB16D43F8C0BDF1C</styleUrl>
				<Polygon>
					<outerBoundaryIs>
						<LinearRing>
							<coordinates>
								-77.847076,2.724107,0 -77.860097,2.709866,0 -77.882558,2.724595,0 -77.880686,2.696234,0 -77.847076,2.648383,0 -77.75910399999999,2.603095,0 -77.75414000000001,2.617987,0 -77.80614199999999,2.662055,0 -77.847076,2.724107,0 
							</coordinates>
						</LinearRing>
					</outerBoundaryIs>
				</Polygon>
			</Placemark>
			<Placemark id="E1B070A73703F8C0BDEF6">
				<name>Colombia</name>
				<snippet></snippet>
				<description>See: 2050-snapshot/domains/borders-geopolitics.md#andean-states</description>
				<styleUrl>#__managed_style_0B66AB16D43F8C0BDF1C</styleUrl>
				<Polygon>
					<outerBoundaryIs>
						<LinearRing>
							<coordinates>
								-77.386138,4.314643,0 -77.42813099999999,4.34101,0 -77.43561800000001,4.327338,0 -77.41511,4.320502,0 -77.452016,4.291693,0 -77.42813099999999,4.285793,0 -77.46288,4.285793,0 -77.43561800000001,4.25849,0 -77.499664,4.260972,0 -77.54425999999999,4.231635,0 -77.54955,4.204779,0 -77.50450600000001,4.210639,0 -77.46629799999999,4.237372,0 -77.381581,4.231635,0 -77.33316000000001,4.244818,0 -77.30296800000001,4.217597,0 -77.27171800000001,4.25849,0 -77.35301699999999,4.265326,0 -77.386138,4.314643,0 
							</coordinates>
						</LinearRing>
					</outerBoundaryIs>
				</Polygon>
			</Placemark>
			<Placemark id="E2D04820EA93F8C0BDEF6">
				<name>Colombia</name>
				<snippet></snippet>
				<description>See: 2050-snapshot/domains/borders-geopolitics.md#andean-states</description>
				<styleUrl>#__managed_style_0B66AB16D43F8C0BDF1C</styleUrl>
				<Polygon>
					<outerBoundaryIs>
						<LinearRing>
							<coordinates>
								-81.704742,12.504462,0 -81.691029,12.591254,0 -81.716949,12.563218,0 -81.71739700000001,12.502427,0 -81.704742,12.504462,0 
							</coordinates>
						</LinearRing>
					</outerBoundaryIs>
				</Polygon>
			</Placemark>
			<Placemark id="E3D077709873F8C0BDEF6">
				<name>Colombia</name>
				<snippet></snippet>
				<description>See: 2050-snapshot/domains/borders-geopolitics.md#andean-states</description>
				<styleUrl>#__managed_style_0B66AB16D43F8C0BDF1C</styleUrl>
				<Polygon>
					<outerBoundaryIs>
						<LinearRing>
							<coordinates>
								-81.34630300000001,13.3487,0 -81.365346,13.373969,0 -81.386138,13.341457,0 -81.382639,13.319159,0 -81.34630300000001,13.3487,0 
							</coordinates>
						</LinearRing>
					</outerBoundaryIs>
				</Polygon>
			</Placemark>
			<Placemark id="E42975A92CC3F8C0BDEF6">
				<name>Colombia</name>
				<snippet></snippet>
				<description>See: 2050-snapshot/domains/borders-geopolitics.md#andean-states</description>
				<styleUrl>#__managed_style_0B66AB16D43F8C0BDF1C</styleUrl>
				<Polygon>
					<outerBoundaryIs>
						<LinearRing>
							<coordinates>
								-81.58031200000001,3.97602,0 -81.58226500000001,3.991523,0 -81.60142999999999,3.988349,0 -81.611724,3.958969999999999,0 -81.58031200000001,3.97602,0 
							</coordinates>
						</LinearRing>
					</outerBoundaryIs>
				</Polygon>
			</Placemark>
			<Placemark id="E546ADDBEA83F8C0BDEF6">
				<name>Colombia</name>
				<snippet></snippet>
				<description>See: 2050-snapshot/domains/borders-geopolitics.md#andean-states</description>
				<styleUrl>#__managed_style_0B66AB16D43F8C0BDF1C</styleUrl>
				<Polygon>
					<outerBoundaryIs>
						<LinearRing>
							<coordinates>
								-78.22028899999999,2.933617,0 -78.193223,2.933617,0 -78.167091,2.959704,0 -78.16427,3.001596,0 -78.186612,2.990373,0 -78.22028899999999,2.933617,0 
							</coordinates>
						</LinearRing>
					</outerBoundaryIs>
				</Polygon>
			</Placemark>
			<Placemark id="E6D7331188B3F8C0BDEF6">
				<name>Colombia</name>
				<snippet></snippet>
				<description>See: 2050-snapshot/domains/borders-geopolitics.md#andean-states</description>
				<styleUrl>#__managed_style_0B66AB16D43F8C0BDF1C</styleUrl>
				<Polygon>
					<outerBoundaryIs>
						<LinearRing>
							<coordinates>
								-75.58229,10.319033,0 -75.567498,10.343719,0 -75.53532,10.350646,0 -75.57583,10.377872,0 -75.59581300000001,10.347537,0 -75.58229,10.319033,0 
							</coordinates>
						</LinearRing>
					</outerBoundaryIs>
				</Polygon>
			</Placemark>
			<Placemark id="E7FD33A05693F8C0BDEF6">
				<name>Colombia</name>
				<snippet></snippet>
				<description>See: 2050-snapshot/domains/borders-geopolitics.md#andean-states</description>
				<styleUrl>#__managed_style_0B66AB16D43F8C0BDF1C</styleUrl>
				<Polygon>
					<outerBoundaryIs>
						<LinearRing>
							<coordinates>
								-80.09040299999999,13.576606,0 -80.089426,13.57685,0 -80.090891,13.57803,0 -80.09040299999999,13.576606,0 
							</coordinates>
						</LinearRing>
					</outerBoundaryIs>
				</Polygon>
			</Placemark>
		</Folder>
		<Folder id="E88430938283F8C0BDEF6">
			<name>Ecuador</name>
			<snippet></snippet>
			<styleUrl>#__managed_style_08FA8503193F8C0BDF1B</styleUrl>
			<Placemark id="E95061083413F8C0BDEF6">
				<name>Ecuador</name>
				<snippet></snippet>
				<description>See: 2050-snapshot/domains/borders-geopolitics.md#andean-states</description>
				<styleUrl>#__managed_style_3EB1A8145B3F8C0BDF1C</styleUrl>
				<Polygon>
					<outerBoundaryIs>
						<LinearRing>
							<coordinates>
								-78.832346,1.381334,0 -78.881947,1.319281,0 -78.812856,1.277289,0 -78.87169299999999,1.288967,0 -78.90168199999999,1.236314,0 -78.928944,1.24315,0 -78.954579,1.207343,0 -78.962148,1.14468,0 -78.99168899999999,1.119696,0 -79.013051,1.192776,0 -79.05723999999999,1.217515,0 -79.165761,1.099799,0 -79.248158,1.080268,0 -79.272206,1.092963,0 -79.364654,1.072455,0 -79.43504799999999,1.07803,0 -79.57176699999999,0.98371,0 -79.614858,0.9960799999999999,0 -79.63267999999999,0.9860290000000002,0 -79.64830499999999,0.907416,0 -79.614858,0.845282,0 -79.670074,0.921617,0 -79.655751,1.003607,0 -79.765614,0.9551460000000001,0 -79.862172,0.87641,0 -79.981313,0.8322210000000001,0 -80.04621299999999,0.8396670000000001,0 -80.075836,0.816148,0 -80.108632,0.738105,0 -80.108266,0.6950539999999999,0 -80.090321,0.6521670000000001,0 -80.036366,0.62523,0 -80.016957,0.558905,0 -80.04336499999999,0.501207,0 -80.04356799999999,0.45893,0 -79.990956,0.3654649999999999,0 -80.00523800000001,0.32453,0 -80.036529,0.357082,0 -80.048492,0.318305,0 -80.03697699999999,0.175971,0 -80.051349,0.08999200000000002,0 -80.06645899999999,0.05221,0 -80.09878500000001,0.039211,0 -80.1079,0.007066,0 -80.231848,-0.139699,0 -80.30535,-0.189367,0 -80.323695,-0.173173,0 -80.34965800000001,-0.215264,0 -80.37123200000001,-0.222831,0 -80.432725,-0.339187,0 -80.496464,-0.381374,0 -80.452056,-0.476739,0 -80.43712499999999,-0.557538,0 -80.39173700000001,-0.625487,0 -80.298996,-0.650355,0 -80.299007,-0.662229,0 -80.378798,-0.6578850000000001,0 -80.40582499999999,-0.646034,0 -80.421992,-0.5996,0 -80.44896900000001,-0.60606,0 -80.497562,-0.692438,0 -80.547212,-0.88849,0 -80.569883,-0.912243,0 -80.61632,-0.941408,0 -80.653042,-0.9230649999999999,0 -80.69087500000001,-0.949589,0 -80.722245,-0.931126,0 -80.816365,-0.9463440000000001,0 -80.909611,-1.044915,0 -80.91618,-1.065525,0 -80.88215099999999,-1.145766,0 -80.74425599999999,-1.343773,0 -80.74266299999999,-1.368162,0 -80.76429,-1.390887,0 -80.77086199999999,-1.47783,0 -80.82054599999999,-1.499933,0 -80.81649,-1.552255,0 -80.85558,-1.588311,0 -80.760572,-1.797548,0 -80.730214,-1.929376,0 -80.73318500000001,-1.95377,0 -80.762522,-1.973891,0 -80.737447,-2.043497,0 -80.744979,-2.102915,0 -80.87057299999999,-2.203301,0 -80.931286,-2.217333,0 -80.94933,-2.186212,0 -81.01300999999999,-2.166925,0 -80.934804,-2.260919,0 -80.913645,-2.31878,0 -80.863922,-2.329278,0 -80.803456,-2.37477,0 -80.65664599999999,-2.415785,0 -80.467885,-2.617934,0 -80.396311,-2.649184,0 -80.32054599999999,-2.710626,0 -80.255483,-2.730239,0 -80.245025,-2.688165,0 -80.279612,-2.649184,0 -80.279612,-2.612563,0 -80.270009,-2.605076,0 -80.231801,-2.628676,0 -80.17512000000001,-2.586684,0 -80.07603899999999,-2.457696,0 -80.012685,-2.32643,0 -79.950022,-2.307224,0 -79.977935,-2.347426,0 -80.00894099999999,-2.358819,0 -80.03433200000001,-2.473891,0 -79.977935,-2.45672,0 -79.940826,-2.483982,0 -79.93635,-2.462986,0 -79.929677,-2.484145,0 -79.94375599999999,-2.498305,0 -79.97484300000001,-2.477227,0 -80.00178,-2.480157,0 -80.025706,-2.525079,0 -80.068918,-2.560805,0 -80.063588,-2.577244,0 -79.998402,-2.608168,0 -79.933217,-2.580255,0 -79.896108,-2.54339,0 -79.87857,-2.491876,0 -79.863026,-2.297133,0 -79.90184499999999,-2.184828,0 -79.891957,-2.115899,0 -79.87433799999999,-2.075372,0 -79.83458400000001,-2.070001,0 -79.83137000000001,-2.043552,0 -79.765614,-2.004978,0 -79.818349,-2.079848,0 -79.861887,-2.108005,0 -79.86864199999999,-2.160903,0 -79.839833,-2.209568,0 -79.839467,-2.377048,0 -79.78954,-2.481052,0 -79.745025,-2.490167,0 -79.72642999999999,-2.593845,0 -79.776438,-2.659438,0 -79.83458400000001,-2.806817,0 -79.881215,-2.965427,0 -79.87486699999999,-3.005466,0 -79.933339,-3.115411,0 -79.95319600000001,-3.197442,0 -80.039947,-3.279879999999999,0 -80.03750599999999,-3.208266,0 -80.05988499999999,-3.204034,0 -80.135569,-3.327569,0 -80.25910399999999,-3.348077,0 -80.28644799999999,-3.320733,0 -80.31432,-3.376072,0 -80.30687399999999,-3.320733,0 -80.341054,-3.368585,0 -80.340729,-3.393498,0 -80.265664,-3.426404999999999,0 -80.27163299999999,-3.485523,0 -80.240291,-3.514048,0 -80.24998100000001,-3.577713,0 -80.22499500000001,-3.591873,0 -80.216391,-3.63156,0 -80.226313,-3.749279,0 -80.165257,-3.890046,0 -80.25907599999999,-3.943686,0 -80.325506,-4.015413,0 -80.427463,-3.981306,0 -80.466143,-3.988128,0 -80.491981,-4.014896,0 -80.514073,-4.083419,0 -80.469605,-4.21323,0 -80.34527199999999,-4.198451,0 -80.49229099999999,-4.413011,0 -80.469967,-4.446084,0 -80.382867,-4.476263,0 -80.25540700000001,-4.38676,0 -80.20504800000001,-4.298186,0 -80.140246,-4.283097,0 -80.079655,-4.309038,0 -79.982012,-4.38862,0 -79.904084,-4.398645,0 -79.832874,-4.47895,0 -79.795745,-4.484738,0 -79.65797499999999,-4.438746,0 -79.55777500000001,-4.516571,0 -79.507209,-4.531557,0 -79.527854,-4.618063,0 -79.49870900000001,-4.660645,0 -79.45057199999999,-4.810196,0 -79.39533,-4.84761,0 -79.37806999999999,-4.884817,0 -79.341044,-4.904247,0 -79.303217,-4.961246,0 -79.104159,-4.980057,0 -79.063929,-5.011373,0 -79.009281,-4.96011,0 -78.98034199999999,-4.873965,0 -78.91081200000001,-4.863526,0 -78.900218,-4.843683,0 -78.928614,-4.747461,0 -78.898642,-4.694234,0 -78.85306300000001,-4.652273,0 -78.719712,-4.592225,0 -78.67266100000001,-4.550987,0 -78.669793,-4.49342,0 -78.63721099999999,-4.435129,0 -78.673152,-4.401539,0 -78.682428,-4.326918,0 -78.57662000000001,-4.100059,0 -78.562073,-3.979756,0 -78.49763299999999,-3.949577,0 -78.480683,-3.849531,0 -78.419679,-3.791034,0 -78.425854,-3.689438,0 -78.40074,-3.679826,0 -78.402393,-3.594353,0 -78.362938,-3.488727,0 -78.35079399999999,-3.389611,0 -78.257182,-3.409558,0 -78.22630599999999,-3.50702,0 -78.163726,-3.477253999999999,0 -78.15664599999999,-3.429299,0 -78.19651399999999,-3.38558,0 -78.196411,-3.36367,0 -78.148171,-3.322432,0 -78.104918,-3.245434,0 -78.04254400000001,-3.189933,0 -77.94146499999999,-3.054541,0 -77.86782599999999,-2.990256,0 -76.684591,-2.57364,0 -76.09124199999999,-2.128913,0 -75.573031,-1.537321,0 -75.4064,-0.9151370000000001,0 -75.34872900000001,-0.974978,0 -75.22726400000001,-0.9698099999999999,0 -75.25206900000001,-0.9334299999999999,0 -75.297027,-0.7469819999999999,0 -75.293978,-0.667917,0 -75.255583,-0.624302,0 -75.260699,-0.54348,0 -75.405625,-0.442401,0 -75.45272799999999,-0.360649,0 -75.484768,-0.247684,0 -75.578974,-0.182675,0 -75.61956600000001,-0.180918,0 -75.643208,-0.128828,0 -75.623002,-0.106607,0 -75.53926,-0.120043,0 -75.4295,-0.163658,0 -75.402576,-0.145778,0 -75.330746,-0.144641,0 -75.28348800000001,-0.107021,0 -75.464924,-0.039738,0 -75.626774,0.078911,0 -75.75384699999999,0.07302,0 -75.817874,0.100098,0 -75.95197400000001,0.203968,0 -76.053467,0.363545,0 -76.119561,0.351763,0 -76.136304,0.3967209999999999,0 -76.223741,0.406746,0 -76.30047999999999,0.4616270000000001,0 -76.365386,0.406953,0 -76.41639000000001,0.401889,0 -76.408019,0.254508,0 -76.565425,0.21606,0 -76.626868,0.258538,0 -76.724537,0.277555,0 -76.73688799999999,0.272904,0 -76.73435499999999,0.233114,0 -76.797866,0.24996,0 -76.88245999999999,0.240142,0 -76.94586700000001,0.287064,0 -77.04462100000001,0.305667,0 -77.08286099999999,0.348869,0 -77.11743300000001,0.35755,0 -77.206936,0.334193,0 -77.39746700000001,0.387626,0 -77.434726,0.4338250000000001,0 -77.468057,0.6508659999999999,0 -77.54335,0.656447,0 -77.645566,0.716288,0 -77.666805,0.747707,0 -77.673316,0.819641,0 -77.703185,0.843102,0 -77.847983,0.809254,0 -77.90322500000001,0.832095,0 -77.918262,0.874418,0 -78.077943,0.9007730000000002,0 -78.120007,0.9212370000000001,0 -78.25015399999999,1.019629,0 -78.34921799999999,1.055802,0 -78.48520499999999,1.192642,0 -78.54060200000001,1.205354,0 -78.57005700000001,1.195845,0 -78.602148,1.263645,0 -78.664677,1.266642,0 -78.76996800000001,1.394102,0 -78.828684,1.434312,0 -78.832346,1.381334,0 
							</coordinates>
						</LinearRing>
					</outerBoundaryIs>
				</Polygon>
			</Placemark>
			<Placemark id="EA678ABA6333F8C0BDEF6">
				<name>Ecuador</name>
				<snippet></snippet>
				<description>See: 2050-snapshot/domains/borders-geopolitics.md#andean-states</description>
				<styleUrl>#__managed_style_3EB1A8145B3F8C0BDF1C</styleUrl>
				<Polygon>
					<outerBoundaryIs>
						<LinearRing>
							<coordinates>
								-80.210683,-2.724867,0 -80.262204,-2.840848,0 -80.26594,-3.018487,0 -80.20372500000001,-3.034112,0 -80.131033,-3.020921,0 -79.995188,-2.798028,0 -79.90721600000001,-2.732354,0 -79.902821,-2.717462,0 -80.014516,-2.664239,0 -80.05988499999999,-2.662774,0 -80.210683,-2.724867,0 
							</coordinates>
						</LinearRing>
					</outerBoundaryIs>
				</Polygon>
			</Placemark>
			<Placemark id="EBBDACFC56B3F8C0BDEF6">
				<name>Ecuador</name>
				<snippet></snippet>
				<description>See: 2050-snapshot/domains/borders-geopolitics.md#andean-states</description>
				<styleUrl>#__managed_style_3EB1A8145B3F8C0BDF1C</styleUrl>
				<Polygon>
					<outerBoundaryIs>
						<LinearRing>
							<coordinates>
								-89.73639900000001,-1.340102,0 -89.756907,-1.36061,0 -89.676096,-1.397556,0 -89.613271,-1.391697,0 -89.61457299999999,-1.37005,0 -89.66128500000001,-1.340102,0 -89.73639900000001,-1.340102,0 
							</coordinates>
						</LinearRing>
					</outerBoundaryIs>
				</Polygon>
			</Placemark>
			<Placemark id="EC5F480CB1F3F8C0BDEF6">
				<name>Ecuador</name>
				<snippet></snippet>
				<description>See: 2050-snapshot/domains/borders-geopolitics.md#andean-states</description>
				<styleUrl>#__managed_style_3EB1A8145B3F8C0BDF1C</styleUrl>
				<Polygon>
					<outerBoundaryIs>
						<LinearRing>
							<coordinates>
								-90.462554,-1.23089,0 -90.47191300000001,-1.216729,0 -90.52403699999999,-1.305922,0 -90.47520900000001,-1.342055,0 -90.432118,-1.345961,0 -90.399322,-1.32586,0 -90.36900800000001,-1.264907,0 -90.41535399999999,-1.231134,0 -90.462554,-1.23089,0 
							</coordinates>
						</LinearRing>
					</outerBoundaryIs>
				</Polygon>
			</Placemark>
			<Placemark id="EDC473136603F8C0BDEF6">
				<name>Ecuador</name>
				<snippet></snippet>
				<description>See: 2050-snapshot/domains/borders-geopolitics.md#andean-states</description>
				<styleUrl>#__managed_style_3EB1A8145B3F8C0BDF1C</styleUrl>
				<Polygon>
					<outerBoundaryIs>
						<LinearRing>
							<coordinates>
								-89.41323800000001,-0.7134740000000001,0 -89.477203,-0.796808,0 -89.54088299999999,-0.819431,0 -89.551422,-0.8536109999999999,0 -89.60460399999999,-0.8830710000000001,0 -89.629954,-0.925877,0 -89.544586,-0.956638,0 -89.420033,-0.9193660000000001,0 -89.367299,-0.8297670000000001,0 -89.331695,-0.819431,0 -89.273183,-0.759942,0 -89.254791,-0.7191709999999999,0 -89.257192,-0.681573,0 -89.282582,-0.693292,0 -89.320221,-0.680759,0 -89.41323800000001,-0.7134740000000001,0 
							</coordinates>
						</LinearRing>
					</outerBoundaryIs>
				</Polygon>
			</Placemark>
			<Placemark id="EE78055953C3F8C0BDEF6">
				<name>Ecuador</name>
				<snippet></snippet>
				<description>See: 2050-snapshot/domains/borders-geopolitics.md#andean-states</description>
				<styleUrl>#__managed_style_3EB1A8145B3F8C0BDF1C</styleUrl>
				<Polygon>
					<outerBoundaryIs>
						<LinearRing>
							<coordinates>
								-90.24282800000002,-0.497247,0 -90.263987,-0.483005,0 -90.407948,-0.517755,0 -90.46056099999998,-0.513849,0 -90.52757699999999,-0.56992,0 -90.544545,-0.681573,0 -90.483062,-0.702732,0 -90.42886300000001,-0.7624649999999999,0 -90.33706599999999,-0.7769509999999999,0 -90.31362899999999,-0.743829,0 -90.25951100000002,-0.743341,0 -90.198801,-0.681573,0 -90.18053100000002,-0.548517,0 -90.24058999999998,-0.528009,0 -90.24282800000002,-0.497247,0 
							</coordinates>
						</LinearRing>
					</outerBoundaryIs>
				</Polygon>
			</Placemark>
			<Placemark id="EFE3C3401103F8C0BDEF6">
				<name>Ecuador</name>
				<snippet></snippet>
				<description>See: 2050-snapshot/domains/borders-geopolitics.md#andean-states</description>
				<styleUrl>#__managed_style_3EB1A8145B3F8C0BDF1C</styleUrl>
				<Polygon>
					<outerBoundaryIs>
						<LinearRing>
							<coordinates>
								-91.39952599999999,-0.307875,0 -91.45567800000001,-0.257582,0 -91.474192,-0.249282,0 -91.580963,-0.287205,0 -91.66856799999999,-0.284926,0 -91.651967,-0.381117,0 -91.606516,-0.456313,0 -91.507558,-0.490411,0 -91.401112,-0.452895,0 -91.39952599999999,-0.307875,0 
							</coordinates>
						</LinearRing>
					</outerBoundaryIs>
				</Polygon>
			</Placemark>
			<Placemark id="F01349F57603F8C0BDEF6">
				<name>Ecuador</name>
				<snippet></snippet>
				<description>See: 2050-snapshot/domains/borders-geopolitics.md#andean-states</description>
				<styleUrl>#__managed_style_3EB1A8145B3F8C0BDF1C</styleUrl>
				<Polygon>
					<outerBoundaryIs>
						<LinearRing>
							<coordinates>
								-90.55199099999999,-0.27809,0 -90.632476,-0.201267,0 -90.777252,-0.147719,0 -90.82681199999999,-0.164158,0 -90.831654,-0.21266,0 -90.874135,-0.271254,0 -90.84894800000001,-0.275649,0 -90.81822700000001,-0.339614,0 -90.79588800000001,-0.330662,0 -90.740061,-0.353936,0 -90.60488800000002,-0.369806,0 -90.58678099999999,-0.363702,0 -90.55817600000002,-0.310805,0 -90.55150300000001,-0.292739,0 -90.565012,-0.284926,0 -90.55199099999999,-0.27809,0 
							</coordinates>
						</LinearRing>
					</outerBoundaryIs>
				</Polygon>
			</Placemark>
			<Placemark id="F137C260A503F8C0BDEF6">
				<name>Ecuador</name>
				<snippet></snippet>
				<description>See: 2050-snapshot/domains/borders-geopolitics.md#andean-states</description>
				<styleUrl>#__managed_style_3EB1A8145B3F8C0BDF1C</styleUrl>
				<Polygon>
					<outerBoundaryIs>
						<LinearRing>
							<coordinates>
								-90.85301699999999,-0.6760389999999999,0 -90.89460200000001,-0.648126,0 -90.892974,-0.625746,0 -90.95604400000001,-0.60711,0 -90.96784400000001,-0.564548,0 -90.99014200000001,-0.579197,0 -90.949208,-0.521417,0 -90.95604400000001,-0.422133,0 -91.00503500000001,-0.3731419999999999,0 -91.124135,-0.299574,0 -91.128041,-0.270766,0 -91.173573,-0.228448,0 -91.209299,-0.010675,0 -91.24742600000002,-0.003839,0 -91.283518,0.033189,0 -91.323638,0.139309,0 -91.33967,0.153795,0 -91.368764,0.150621,0 -91.452748,0.103746,0 -91.49730400000001,0.106106,0 -91.50446500000001,0.066148,0 -91.60436000000001,0.001451,0 -91.60338299999998,-0.014215,0 -91.56310000000001,-0.051772,0 -91.47642999999998,-0.011082,0 -91.423329,-0.028578,0 -91.405751,-0.148045,0 -91.380605,-0.188735,0 -91.40452999999999,-0.195896,0 -91.40648399999999,-0.216404,0 -91.373769,-0.250177,0 -91.374989,-0.281915,0 -91.23867799999999,-0.376153,0 -91.20889200000001,-0.4846329999999999,0 -91.16148800000001,-0.538263,0 -91.106842,-0.558689,0 -91.08678099999999,-0.582452,0 -91.15778599999999,-0.678806,0 -91.23477099999999,-0.661879,0 -91.310455,-0.6832819999999999,0 -91.465891,-0.8078750000000001,0 -91.502309,-0.8962539999999999,0 -91.477406,-0.9354789999999999,0 -91.44579000000002,-0.941502,0 -91.43586200000001,-0.9974909999999999,0 -91.39972899999999,-1.018487,0 -91.159779,-1.030206,0 -90.993886,-0.9634740000000001,0 -90.92870000000001,-0.9703099999999999,0 -90.88027899999999,-0.908787,0 -90.858632,-0.9154600000000001,0 -90.860463,-0.872654,0 -90.82909100000001,-0.774672,0 -90.79157499999999,-0.754002,0 -90.792592,-0.7389460000000001,0 -90.859853,-0.68963,0 -90.85301699999999,-0.6760389999999999,0 
							</coordinates>
						</LinearRing>
					</outerBoundaryIs>
				</Polygon>
			</Placemark>
			<Placemark id="F2C79F2A9BD3F8C0BDEF6">
				<name>Ecuador</name>
				<snippet></snippet>
				<description>See: 2050-snapshot/domains/borders-geopolitics.md#andean-states</description>
				<styleUrl>#__managed_style_3EB1A8145B3F8C0BDF1C</styleUrl>
				<Polygon>
					<outerBoundaryIs>
						<LinearRing>
							<coordinates>
								-90.407948,0.310858,0 -90.43643100000001,0.346625,0 -90.483062,0.3654649999999999,0 -90.54230699999999,0.333564,0 -90.544545,0.310858,0 -90.475657,0.263088,0 -90.407948,0.310858,0 
							</coordinates>
						</LinearRing>
					</outerBoundaryIs>
				</Polygon>
			</Placemark>
			<Placemark id="F3908A12C0E3F8C0BDEF6">
				<name>Ecuador</name>
				<snippet></snippet>
				<description>See: 2050-snapshot/domains/borders-geopolitics.md#andean-states</description>
				<styleUrl>#__managed_style_3EB1A8145B3F8C0BDF1C</styleUrl>
				<Polygon>
					<outerBoundaryIs>
						<LinearRing>
							<coordinates>
								-90.80524699999999,0.571601,0 -90.760569,0.553697,0 -90.74449599999998,0.585395,0 -90.75698800000001,0.630601,0 -90.79776,0.65351,0 -90.80524699999999,0.571601,0 
							</coordinates>
						</LinearRing>
					</outerBoundaryIs>
				</Polygon>
			</Placemark>
			<Placemark id="F4F27E0FBE93F8C0BDEF6">
				<name>Ecuador</name>
				<snippet></snippet>
				<description>See: 2050-snapshot/domains/borders-geopolitics.md#andean-states</description>
				<styleUrl>#__managed_style_3EB1A8145B3F8C0BDF1C</styleUrl>
				<Polygon>
					<outerBoundaryIs>
						<LinearRing>
							<coordinates>
								-78.99543199999999,1.286811,0 -78.95689900000001,1.236314,0 -78.936391,1.256822,0 -78.91250599999999,1.245266,0 -78.899281,1.27143,0 -78.90168199999999,1.374172,0 -78.99543199999999,1.286811,0 
							</coordinates>
						</LinearRing>
					</outerBoundaryIs>
				</Polygon>
			</Placemark>
			<Placemark id="F502D729C403F8C0BDEF6">
				<name>Ecuador</name>
				<snippet></snippet>
				<description>See: 2050-snapshot/domains/borders-geopolitics.md#andean-states</description>
				<styleUrl>#__managed_style_3EB1A8145B3F8C0BDF1C</styleUrl>
				<Polygon>
					<outerBoundaryIs>
						<LinearRing>
							<coordinates>
								-91.81773800000001,1.368069,0 -91.81094299999999,1.377183,0 -91.82530699999998,1.377021,0 -91.81773800000001,1.368069,0 
							</coordinates>
						</LinearRing>
					</outerBoundaryIs>
				</Polygon>
			</Placemark>
			<Placemark id="F653004C11D3F8C0BDEF6">
				<name>Ecuador</name>
				<snippet></snippet>
				<description>See: 2050-snapshot/domains/borders-geopolitics.md#andean-states</description>
				<styleUrl>#__managed_style_3EB1A8145B3F8C0BDF1C</styleUrl>
				<Polygon>
					<outerBoundaryIs>
						<LinearRing>
							<coordinates>
								-91.820465,1.391343,0 -91.81753500000002,1.394761,0 -91.822011,1.394477,0 -91.820465,1.391343,0 
							</coordinates>
						</LinearRing>
					</outerBoundaryIs>
				</Polygon>
			</Placemark>
			<Placemark id="F71CA530B4F3F8C0BDEF6">
				<name>Ecuador</name>
				<snippet></snippet>
				<description>See: 2050-snapshot/domains/borders-geopolitics.md#andean-states</description>
				<styleUrl>#__managed_style_3EB1A8145B3F8C0BDF1C</styleUrl>
				<Polygon>
					<outerBoundaryIs>
						<LinearRing>
							<coordinates>
								-91.99982699999998,1.65119,0 -92.00609300000001,1.664374,0 -92.00666300000002,1.649604,0 -91.99982699999998,1.65119,0 
							</coordinates>
						</LinearRing>
					</outerBoundaryIs>
				</Polygon>
			</Placemark>
			<Placemark id="F82012F29EE3F8C0BDEF6">
				<name>Ecuador</name>
				<snippet></snippet>
				<description>See: 2050-snapshot/domains/borders-geopolitics.md#andean-states</description>
				<styleUrl>#__managed_style_3EB1A8145B3F8C0BDF1C</styleUrl>
				<Polygon>
					<outerBoundaryIs>
						<LinearRing>
							<coordinates>
								-79.881801,-2.62694,0 -79.877239,-2.649678,0 -79.833237,-2.636017,0 -79.82870200000001,-2.592051,0 -79.772571,-2.541987,0 -79.81964000000001,-2.485911,0 -79.881801,-2.62694,0 
							</coordinates>
						</LinearRing>
					</outerBoundaryIs>
				</Polygon>
			</Placemark>
		</Folder>
		<Folder id="F90D9AE1BCC3F8C0BDEF6">
			<name>Falkland Islands</name>
			<snippet></snippet>
			<styleUrl>#__managed_style_08FA8503193F8C0BDF1B</styleUrl>
			<Placemark id="FA55BA62D9B3F8C0BDEF6">
				<name>Falkland Islands</name>
				<snippet></snippet>
				<description>See: 2050-snapshot/domains/borders-geopolitics.md</description>
				<styleUrl>#__managed_style_65C52B548E3F8C0BDF1C</styleUrl>
				<Polygon>
					<outerBoundaryIs>
						<LinearRing>
							<coordinates>
								-59.680165,-52.179457,0 -59.69518,-52.166274,0 -59.765859,-52.166436,0 -59.792144,-52.130548,0 -59.791005,-52.166681,0 -59.74840200000001,-52.19378,0 -59.74950100000001,-52.227797,0 -59.769521,-52.24830499999999,0 -59.756012,-52.27361399999999,0 -59.679189,-52.229262,0 -59.694447,-52.208103,0 -59.680165,-52.179457,0 
							</coordinates>
						</LinearRing>
					</outerBoundaryIs>
				</Polygon>
			</Placemark>
			<Placemark id="FB47A664C0B3F8C0BDEF6">
				<name>Falkland Islands</name>
				<snippet></snippet>
				<description>See: 2050-snapshot/domains/borders-geopolitics.md</description>
				<styleUrl>#__managed_style_65C52B548E3F8C0BDF1C</styleUrl>
				<Polygon>
					<outerBoundaryIs>
						<LinearRing>
							<coordinates>
								-61.222279,-51.796563,0 -61.25064,-51.833754,0 -61.29767799999999,-51.81707099999999,0 -61.318186,-51.824477,0 -61.252268,-51.861993,0 -61.217519,-51.862074,0 -61.194,-51.837498,0 -61.23497499999999,-51.83131300000001,0 -61.194,-51.81707099999999,0 -61.222279,-51.796563,0 
							</coordinates>
						</LinearRing>
					</outerBoundaryIs>
				</Polygon>
			</Placemark>
			<Placemark id="FC931C91F2A3F8C0BDEF6">
				<name>Falkland Islands</name>
				<snippet></snippet>
				<description>See: 2050-snapshot/domains/borders-geopolitics.md</description>
				<styleUrl>#__managed_style_65C52B548E3F8C0BDF1C</styleUrl>
				<Polygon>
					<outerBoundaryIs>
						<LinearRing>
							<coordinates>
								-60.86571200000001,-51.899591,0 -60.907297,-51.899591,0 -60.853912,-51.78875099999999,0 -60.862864,-51.760919,0 -60.897939,-51.780857,0 -60.879303,-51.796563,0 -60.888539,-51.819268,0 -60.954945,-51.853774,0 -61.032623,-51.866876,0 -61.012196,-51.84156699999999,0 -60.94420300000001,-51.813897,0 -60.939809,-51.80339900000001,0 -60.986887,-51.776056,0 -61.02839100000001,-51.788507,0 -61.059478,-51.823907,0 -61.121897,-51.82586,0 -61.153066,-51.84490300000001,0 -61.118642,-51.856541,0 -61.119537,-51.89275500000001,0 -61.036977,-51.92693500000001,0 -61.043813,-51.940606,0 -60.996693,-51.952732,0 -60.88678999999999,-51.93434,0 -60.86571200000001,-51.899591,0 
							</coordinates>
						</LinearRing>
					</outerBoundaryIs>
				</Polygon>
			</Placemark>
			<Placemark id="FD1CB3F7A0B3F8C0BDEF6">
				<name>Falkland Islands</name>
				<snippet></snippet>
				<description>See: 2050-snapshot/domains/borders-geopolitics.md</description>
				<styleUrl>#__managed_style_65C52B548E3F8C0BDF1C</styleUrl>
				<Polygon>
					<outerBoundaryIs>
						<LinearRing>
							<coordinates>
								-61.318186,-51.72820399999999,0 -61.277211,-51.755548,0 -61.266672,-51.704034,0 -61.194,-51.69353600000001,0 -61.24885,-51.680108,0 -61.304351,-51.69492,0 -61.318186,-51.72820399999999,0 
							</coordinates>
						</LinearRing>
					</outerBoundaryIs>
				</Polygon>
			</Placemark>
			<Placemark id="FE5210EFBCF3F8C0BDEF6">
				<name>Falkland Islands</name>
				<snippet></snippet>
				<description>See: 2050-snapshot/domains/borders-geopolitics.md</description>
				<styleUrl>#__managed_style_65C52B548E3F8C0BDF1C</styleUrl>
				<Polygon>
					<outerBoundaryIs>
						<LinearRing>
							<coordinates>
								-59.549428,-51.651137,0 -59.577138,-51.65252,0 -59.460439,-51.591078,0 -59.464101,-51.612481,0 -59.447377,-51.625177,0 -59.39614799999999,-51.597345,0 -59.38223200000001,-51.55689899999999,0 -59.350575,-51.52898499999999,0 -59.378529,-51.52898499999999,0 -59.372304,-51.494887,0 -59.308217,-51.490004,0 -59.235178,-51.447035,0 -59.279164,-51.44784900000001,0 -59.274485,-51.41716899999999,0 -59.21401899999999,-51.413507,0 -59.40526299999999,-51.33766,0 -59.419504,-51.337823,0 -59.41323799999999,-51.35833099999999,0 -59.447377,-51.35833099999999,0 -59.443959,-51.400323,0 -59.392812,-51.432794,0 -59.491322,-51.45623100000001,0 -59.584584,-51.43963000000001,0 -59.488393,-51.39251100000001,0 -59.560374,-51.419692,0 -59.801829,-51.447035,0 -59.83039300000001,-51.42669,0 -59.76207399999999,-51.419692,0 -59.88561000000001,-51.399347,0 -59.871938,-51.378839,0 -59.901479,-51.372817,0 -59.994862,-51.413507,0 -60.01748600000001,-51.375177,0 -60.083608,-51.445977,0 -60.012685,-51.44988399999999,0 -59.988637,-51.46754299999999,0 -60.15314699999999,-51.487481,0 -60.324452,-51.45330199999999,0 -60.426747,-51.399102,0 -60.60558,-51.34400800000001,0 -60.645985,-51.351495,0 -60.630727,-51.403578,0 -60.61205,-51.417413,0 -60.450103,-51.441502,0 -60.388783,-51.48447,0 -60.505971,-51.481215,0 -60.51305099999999,-51.49846800000001,0 -60.490387,-51.526462,0 -60.317616,-51.570571,0 -60.189809,-51.653253,0 -60.116038,-51.664727,0 -60.077382,-51.69353600000001,0 -60.133127,-51.689874,0 -60.219594,-51.654229,0 -60.289947,-51.671808,0 -60.368804,-51.66676199999999,0 -60.461578,-51.700942,0 -60.62498900000001,-51.66961,0 -60.63906799999999,-51.6867,0 -60.628977,-51.727472,0 -60.570383,-51.757257,0 -60.55064900000001,-51.78980900000001,0 -60.496083,-51.76238399999999,0 -60.36595599999999,-51.746515,0 -60.364003,-51.714125,0 -60.33845000000001,-51.709161,0 -60.180409,-51.70720799999999,0 -60.184071,-51.761163,0 -60.224517,-51.78248499999999,0 -60.232289,-51.76970799999999,0 -60.256174,-51.776625,0 -60.276031,-51.748712,0 -60.29776,-51.75042100000001,0 -60.312652,-51.798272,0 -60.297109,-51.824477,0 -60.329335,-51.830011,0 -60.33873499999999,-51.85857499999999,0 -60.379709,-51.837498,0 -60.363108,-51.791925,0 -60.406361,-51.796563,0 -60.372222,-51.76922,0 -60.444488,-51.782892,0 -60.447336,-51.879083,0 -60.479237,-51.915216,0 -60.526194,-51.930271,0 -60.60558,-51.92693500000001,0 -60.51471899999999,-51.941827,0 -60.416656,-51.904229,0 -60.39989200000001,-51.916599,0 -60.456044,-51.965102,0 -60.536733,-51.975274,0 -60.523061,-51.98837700000001,0 -60.53205299999999,-51.999933,0 -60.622548,-51.971287,0 -60.652455,-51.98381899999999,0 -60.667063,-51.961033,0 -60.694407,-51.98211,0 -60.712961,-51.961358,0 -60.845204,-51.954767,0 -60.824371,-51.979913,0 -60.742177,-52.008884,0 -60.873158,-52.029962,0 -60.858876,-52.06405999999999,0 -60.878326,-52.065199,0 -60.897206,-52.031915,0 -61.01976499999999,-52.012465,0 -61.036936,-52.046563,0 -60.95759000000001,-52.073012,0 -60.907297,-52.11191199999999,0 -60.867299,-52.115167,0 -60.79678299999999,-52.172052,0 -60.722279,-52.173923,0 -60.774078,-52.12477,0 -60.82608,-52.111749,0 -60.81786000000001,-52.104425,0 -60.68858800000001,-52.109145,0 -60.714833,-52.13242,0 -60.63906799999999,-52.19378,0 -60.681304,-52.19378,0 -60.646718,-52.233087,0 -60.592763,-52.236749,0 -60.495758,-52.186944,0 -60.51317300000001,-52.151625,0 -60.555287,-52.12949,0 -60.550364,-52.11191199999999,0 -60.451039,-52.165623,0 -60.447336,-52.145929,0 -60.372222,-52.159601,0 -60.268137,-52.082127,0 -60.28652900000001,-52.01279100000001,0 -60.276031,-51.994561,0 -60.194081,-51.96843799999999,0 -60.218088,-51.988539,0 -60.215443,-52.003595,0 -60.094106,-51.998712,0 -60.074045,-51.991469,0 -60.08316,-51.961521,0 -60.064198,-51.940606,0 -60.005727,-51.961033,0 -59.994862,-51.994561,0 -59.887034,-51.957778,0 -59.725657,-51.799249,0 -59.632395,-51.74130600000001,0 -59.549428,-51.651137,0 
							</coordinates>
						</LinearRing>
					</outerBoundaryIs>
				</Polygon>
			</Placemark>
			<Placemark id="FFA45A8A5593F8C0BDEF6">
				<name>Falkland Islands</name>
				<snippet></snippet>
				<description>See: 2050-snapshot/domains/borders-geopolitics.md</description>
				<styleUrl>#__managed_style_65C52B548E3F8C0BDF1C</styleUrl>
				<Polygon>
					<outerBoundaryIs>
						<LinearRing>
							<coordinates>
								-59.960317,-51.28679799999999,0 -60.022817,-51.296157,0 -59.961334,-51.34400800000001,0 -59.91804,-51.338962,0 -59.906484,-51.329197,0 -59.920318,-51.309991,0 -59.899281,-51.303643,0 -59.960317,-51.28679799999999,0 
							</coordinates>
						</LinearRing>
					</outerBoundaryIs>
				</Polygon>
			</Placemark>
			<Placemark id="10091F0AEE443F8C0BDEF6">
				<name>Falkland Islands</name>
				<snippet></snippet>
				<description>See: 2050-snapshot/domains/borders-geopolitics.md</description>
				<styleUrl>#__managed_style_65C52B548E3F8C0BDF1C</styleUrl>
				<Polygon>
					<outerBoundaryIs>
						<LinearRing>
							<coordinates>
								-60.119008,-51.40602,0 -60.049143,-51.346449,0 -60.07429,-51.299981,0 -60.2058,-51.30291100000001,0 -60.252431,-51.28631,0 -60.273915,-51.260919,0 -60.300893,-51.268243,0 -60.269887,-51.298272,0 -60.111562,-51.35833099999999,0 -60.163075,-51.372003,0 -60.204661,-51.34400800000001,0 -60.252756,-51.349054,0 -60.277455,-51.357354,0 -60.288686,-51.385186,0 -60.241282,-51.40113700000001,0 -60.169911,-51.39251100000001,0 -60.119008,-51.40602,0 
							</coordinates>
						</LinearRing>
					</outerBoundaryIs>
				</Polygon>
			</Placemark>
			<Placemark id="1017572AF15F3F8C0BDEF6">
				<name>Falkland Islands</name>
				<snippet></snippet>
				<description>See: 2050-snapshot/domains/borders-geopolitics.md</description>
				<styleUrl>#__managed_style_65C52B548E3F8C0BDF1C</styleUrl>
				<Polygon>
					<outerBoundaryIs>
						<LinearRing>
							<coordinates>
								-57.898793,-51.673028,0 -57.78620399999999,-51.65504300000001,0 -57.76781199999999,-51.642267,0 -57.780995,-51.61939899999999,0 -57.971059,-51.582208,0 -58.05671099999999,-51.586847,0 -58.14517200000001,-51.542657,0 -58.081939,-51.522393,0 -58.028554,-51.536554,0 -58.032094,-51.504327,0 -57.927235,-51.538832,0 -57.777943,-51.543064,0 -57.777089,-51.522556,0 -57.80260200000001,-51.522719,0 -57.76781199999999,-51.494887,0 -57.81965100000001,-51.477797,0 -57.90640199999999,-51.376642,0 -58.227447,-51.39251100000001,0 -58.291249,-51.42254,0 -58.359364,-51.504653,0 -58.324208,-51.50603599999999,0 -58.307485,-51.48186599999999,0 -58.275502,-51.52898499999999,0 -58.21719299999999,-51.52597399999999,0 -58.21222899999999,-51.538507,0 -58.241444,-51.56015399999999,0 -58.179921,-51.588067,0 -58.172515,-51.611586,0 -58.236928,-51.59254300000001,0 -58.247629,-51.60475,0 -58.213368,-51.646091,0 -58.230865,-51.65252,0 -58.27647899999999,-51.614516,0 -58.302968,-51.557306,0 -58.323964,-51.549493,0 -58.36144000000001,-51.565688,0 -58.388824,-51.536554,0 -58.421213,-51.549412,0 -58.422353,-51.477797,0 -58.521962,-51.491143,0 -58.515452,-51.433364,0 -58.549224,-51.432794,0 -58.50475,-51.395278,0 -58.47345900000001,-51.401625,0 -58.44688900000001,-51.447035,0 -58.428334,-51.450616,0 -58.33381099999999,-51.42750400000001,0 -58.343617,-51.368422,0 -58.406606,-51.323826,0 -58.481435,-51.300958,0 -58.576527,-51.306736,0 -58.626454,-51.343438,0 -58.73351,-51.32830199999999,0 -58.953969,-51.248468,0 -58.864613,-51.35833099999999,0 -58.893463,-51.38006,0 -58.98469,-51.385675,0 -59.00487200000001,-51.413507,0 -59.099029,-51.41253,0 -59.125315,-51.45696400000001,0 -58.988108,-51.508477,0 -59.026112,-51.498956,0 -59.041127,-51.510837,0 -59.00796499999999,-51.55689899999999,0 -59.029124,-51.58391699999999,0 -59.111643,-51.50172300000001,0 -59.12165300000001,-51.536228,0 -59.167836,-51.573663,0 -59.10069699999999,-51.621759,0 -58.9912,-51.64658,0 -58.992258,-51.664646,0 -59.02220599999999,-51.673028,0 -59.02830999999999,-51.69378,0 -59.003896,-51.713637,0 -59.007558,-51.740004,0 -58.981272,-51.789727,0 -58.990102,-51.803643,0 -59.042714,-51.81707099999999,0 -59.029652,-51.75213,0 -59.056386,-51.6867,0 -59.14915899999999,-51.69353600000001,0 -59.190541,-51.72088,0 -59.207183,-51.70720799999999,0 -59.303375,-51.748712,0 -59.282867,-51.782892,0 -59.350575,-51.776625,0 -59.376088,-51.83294,0 -59.39614799999999,-51.82073299999999,0 -59.488393,-51.84490300000001,0 -59.468902,-51.855239,0 -59.474721,-51.872247,0 -59.522532,-51.885349,0 -59.467397,-51.92213300000001,0 -59.488393,-51.93434,0 -59.581288,-51.91131,0 -59.60509199999999,-51.92066799999999,0 -59.604726,-51.94052500000001,0 -59.522532,-51.961033,0 -59.59142000000001,-51.98211,0 -59.55662999999999,-52.01572,0 -59.63117400000001,-52.006768,0 -59.62474499999999,-52.02987999999999,0 -59.570302,-52.056573,0 -59.598012,-52.07919699999999,0 -59.639231,-52.084568,0 -59.625966,-52.09889099999999,0 -59.64122499999999,-52.11793399999999,0 -59.703847,-52.094334,0 -59.721547,-52.107599,0 -59.62555900000001,-52.173923,0 -59.622182,-52.197198,0 -59.55662999999999,-52.200616,0 -59.58019000000001,-52.229669,0 -59.496816,-52.252048,0 -59.488393,-52.283787,0 -59.338938,-52.34172899999999,0 -59.33137,-52.324151,0 -59.37389099999999,-52.29908600000001,0 -59.350575,-52.2763,0 -59.352162,-52.24212,0 -59.428578,-52.21795,0 -59.41323799999999,-52.186944,0 -59.45604400000001,-52.142185,0 -59.433746,-52.13242,0 -59.404856,-52.15593800000001,0 -59.38597600000001,-52.11191199999999,0 -59.366851,-52.115167,0 -59.32689400000001,-52.143976,0 -59.262441,-52.159601,0 -59.221669,-52.20720800000001,0 -59.15257699999999,-52.208103,0 -59.08470599999999,-52.231541,0 -59.04897999999999,-52.21249799999999,0 -59.097971,-52.173923,0 -59.046498,-52.154392,0 -59.038889,-52.135837,0 -59.15343200000001,-52.14422,0 -59.145741,-52.125584,0 -59.076812,-52.09824,0 -59.145741,-52.090753,0 -59.111643,-52.06405999999999,0 -59.176829,-52.06405999999999,0 -59.200673,-52.022556,0 -59.29751499999999,-52.01922,0 -59.303293,-52.007908,0 -59.26960200000001,-51.990492,0 -59.200266,-52.00758199999999,0 -59.138295,-51.983331,0 -59.09618099999999,-52.01214000000001,0 -59.063222,-52.008884,0 -59.055898,-52.0263,0 -58.994944,-52.029962,0 -58.968577,-52.070977,0 -58.947743,-52.056573,0 -58.925771,-52.101658,0 -58.850942,-52.06405999999999,0 -58.857086,-52.03964599999999,0 -58.789174,-52.029962,0 -58.7294,-52.051039,0 -58.67511999999999,-52.10711,0 -58.641225,-52.107843,0 -58.653879,-52.052179,0 -58.672841,-52.036228,0 -58.604482,-52.002048,0 -58.631825,-51.98837700000001,0 -58.632314,-51.96795,0 -58.698476,-51.94850000000001,0 -58.81041400000001,-51.951918,0 -58.796295,-51.93434,0 -58.8155,-51.915297,0 -58.969106,-51.853774,0 -58.971506,-51.83172,0 -58.940297,-51.796563,0 -58.90623899999999,-51.835138,0 -58.757802,-51.89129,0 -58.419057,-51.892185,0 -58.186147,-51.810805,0 -58.357493,-51.824477,0 -58.261301,-51.796563,0 -58.14517200000001,-51.789727,0 -58.261301,-51.755548,0 -57.992421,-51.75107200000001,0 -57.965566,-51.732599,0 -57.86384,-51.72625099999999,0 -57.73428299999999,-51.6867,0 -57.816233,-51.69353600000001,0 -57.898793,-51.673028,0 
							</coordinates>
						</LinearRing>
					</outerBoundaryIs>
				</Polygon>
			</Placemark>
			<Placemark id="10285B32F2EB3F8C0BDEF6">
				<name>Falkland Islands</name>
				<snippet></snippet>
				<description>See: 2050-snapshot/domains/borders-geopolitics.md</description>
				<styleUrl>#__managed_style_65C52B548E3F8C0BDF1C</styleUrl>
				<Polygon>
					<outerBoundaryIs>
						<LinearRing>
							<coordinates>
								-59.553212,-51.337823,0 -59.447377,-51.32415099999999,0 -59.462514,-51.281671,0 -59.502024,-51.26214,0 -59.54645699999999,-51.289483,0 -59.588002,-51.255304,0 -59.69074499999999,-51.26214,0 -59.766754,-51.241143,0 -59.808746,-51.255955,0 -59.79995699999999,-51.273045,0 -59.635813,-51.289483,0 -59.553212,-51.337823,0 
							</coordinates>
						</LinearRing>
					</outerBoundaryIs>
				</Polygon>
			</Placemark>
			<Placemark id="1038CF9AC9DF3F8C0BDEF6">
				<name>Falkland Islands</name>
				<snippet></snippet>
				<description>See: 2050-snapshot/domains/borders-geopolitics.md</description>
				<styleUrl>#__managed_style_65C52B548E3F8C0BDF1C</styleUrl>
				<Polygon>
					<outerBoundaryIs>
						<LinearRing>
							<coordinates>
								-59.820694,-52.35835699999999,0 -59.69582200000001,-52.40652300000001,0 -59.641989,-52.36779,0 -59.654092,-52.355405,0 -59.74249499999999,-52.35797299999999,0 -59.712467,-52.319399,0 -59.688745,-52.315111,0 -59.692321,-52.303713,0 -59.751688,-52.309228,0 -59.764872,-52.338363,0 -59.820694,-52.35835699999999,0 
							</coordinates>
						</LinearRing>
					</outerBoundaryIs>
				</Polygon>
			</Placemark>
			<Placemark id="104E583917BA3F8C0BDEF6">
				<name>Falkland Islands</name>
				<snippet></snippet>
				<description>See: 2050-snapshot/domains/borders-geopolitics.md</description>
				<styleUrl>#__managed_style_65C52B548E3F8C0BDF1C</styleUrl>
				<Polygon>
					<outerBoundaryIs>
						<LinearRing>
							<coordinates>
								-58.48058,-51.992283,0 -58.54674200000001,-52.025567,0 -58.51797400000001,-52.063653,0 -58.448354,-52.080743,0 -58.456166,-52.09303200000001,0 -58.427602,-52.100681,0 -58.429514,-52.032973,0 -58.461252,-52.035577,0 -58.444203,-52.029555,0 -58.450266,-52.015558,0 -58.410797,-52.020196,0 -58.402211,-52.00213,0 -58.438547,-52.005548,0 -58.48058,-51.992283,0 
							</coordinates>
						</LinearRing>
					</outerBoundaryIs>
				</Polygon>
			</Placemark>
			<Placemark id="105397EF27B23F8C0BDEF6">
				<name>Falkland Islands</name>
				<snippet></snippet>
				<description>See: 2050-snapshot/domains/borders-geopolitics.md</description>
				<styleUrl>#__managed_style_65C52B548E3F8C0BDF1C</styleUrl>
				<Polygon>
					<outerBoundaryIs>
						<LinearRing>
							<coordinates>
								-59.711293,-51.945896,0 -59.718902,-51.97617,0 -59.68028700000001,-51.98772599999999,0 -59.671702,-51.98056399999999,0 -59.68871,-51.940606,0 -59.711293,-51.945896,0 
							</coordinates>
						</LinearRing>
					</outerBoundaryIs>
				</Polygon>
			</Placemark>
			<Placemark id="106E5BD2DC913F8C0BDEF6">
				<name>Falkland Islands</name>
				<snippet></snippet>
				<description>See: 2050-snapshot/domains/borders-geopolitics.md</description>
				<styleUrl>#__managed_style_65C52B548E3F8C0BDF1C</styleUrl>
				<Polygon>
					<outerBoundaryIs>
						<LinearRing>
							<coordinates>
								-59.829411,-51.35050699999999,0 -59.79173999999999,-51.37280799999999,0 -59.728576,-51.372637,0 -59.75231,-51.398281,0 -59.723187,-51.409918,0 -59.596946,-51.38068999999999,0 -59.66038400000001,-51.357484,0 -59.665641,-51.341512,0 -59.687848,-51.33945799999999,0 -59.689398,-51.35972,0 -59.744239,-51.32897800000001,0 -59.829411,-51.35050699999999,0 
							</coordinates>
						</LinearRing>
					</outerBoundaryIs>
				</Polygon>
			</Placemark>
			<Placemark id="107D38CC856E3F8C0BDEF6">
				<name>Falkland Islands</name>
				<snippet></snippet>
				<description>See: 2050-snapshot/domains/borders-geopolitics.md</description>
				<styleUrl>#__managed_style_65C52B548E3F8C0BDF1C</styleUrl>
				<Polygon>
					<outerBoundaryIs>
						<LinearRing>
							<coordinates>
								-60.596669,-51.26336000000001,0 -60.586293,-51.28460099999999,0 -60.521108,-51.315037,0 -60.520172,-51.292739,0 -60.582875,-51.254978,0 -60.596669,-51.26336000000001,0 
							</coordinates>
						</LinearRing>
					</outerBoundaryIs>
				</Polygon>
			</Placemark>
			<Placemark id="1087E70C46F83F8C0BDEF6">
				<name>Falkland Islands</name>
				<snippet></snippet>
				<description>See: 2050-snapshot/domains/borders-geopolitics.md</description>
				<styleUrl>#__managed_style_65C52B548E3F8C0BDF1C</styleUrl>
				<Polygon>
					<outerBoundaryIs>
						<LinearRing>
							<coordinates>
								-61.112213,-51.050877,0 -61.125803,-51.06519900000001,0 -61.048695,-51.080336,0 -61.11921099999999,-51.027765,0 -61.112213,-51.050877,0 
							</coordinates>
						</LinearRing>
					</outerBoundaryIs>
				</Polygon>
			</Placemark>
		</Folder>
		<Folder id="10957716D1273F8C0BDEF6">
			<name>Guyana</name>
			<snippet></snippet>
			<styleUrl>#__managed_style_08FA8503193F8C0BDF1B</styleUrl>
			<Placemark id="10A23DE6FD513F8C0BDEF6">
				<name>Guyana</name>
				<snippet></snippet>
				<description>See: 2050-snapshot/domains/borders-geopolitics.md</description>
				<styleUrl>#__managed_style_9707DCC0D13F8C0BDF1C</styleUrl>
				<Polygon>
					<outerBoundaryIs>
						<LinearRing>
							<coordinates>
								-56.499983,1.969984,0 -56.57977199999999,2.016803,0 -56.70519000000001,2.029645,0 -56.801464,2.165967,0 -56.826191,2.261672,0 -56.88014100000001,2.294796,0 -56.89505,2.362079,0 -56.93083599999999,2.393292,0 -56.930241,2.436183,0 -56.95959300000001,2.483777,0 -56.951274,2.515455,0 -57.000573,2.514163,0 -56.997111,2.555142,0 -57.02723799999999,2.59359,0 -57.020468,2.635447,0 -57.02723799999999,2.648212,0 -57.05597,2.642372,0 -57.061964,2.68175,0 -57.10294400000001,2.740454,0 -57.08987,2.773889,0 -57.13705000000001,2.77115,0 -57.143665,2.790012,0 -57.126405,2.826029999999999,0 -57.17461899999999,2.818951,0 -57.202266,2.846236,0 -57.219629,2.908299,0 -57.183818,2.944679,0 -57.188623,2.95951,0 -57.234615,2.970362,0 -57.226451,3.021264,0 -57.205987,3.028137,0 -57.248568,3.112369,0 -57.233324,3.14167,0 -57.286033,3.142393,0 -57.274923,3.169007,0 -57.29249299999999,3.276287,0 -57.280452,3.329772,0 -57.308409,3.39491,0 -57.366752,3.36561,0 -57.425043,3.387494999999999,0 -57.430934,3.360623,0 -57.476254,3.338945,0 -57.535269,3.36778,0 -57.545036,3.348143,0 -57.565138,3.349822,0 -57.65484800000001,3.39013,0 -57.66068799999999,3.469505,0 -57.644048,3.51666,0 -57.70285599999999,3.555676,0 -57.72611,3.607197,0 -57.829773,3.662439,0 -57.875145,3.812197,0 -57.942117,3.905447,0 -58.032138,3.987716,0 -58.067691,4.151143,0 -58.05203299999999,4.193104,0 -57.95384800000001,4.299015,0 -57.952659,4.409732,0 -57.92186,4.450944,0 -57.837421,4.65088,0 -57.88455,4.762863,0 -57.92537400000001,4.796142,0 -57.918501,4.829758,0 -57.85034,4.922801,0 -57.773962,4.926445,0 -57.72047700000001,4.9898,0 -57.686939,5.006259,0 -57.610096,4.99135,0 -57.517596,5.012434,0 -57.49025899999999,4.99135,0 -57.290478,5.020289,0 -57.280452,5.026103,0 -57.321432,5.070157,0 -57.28897899999999,5.171029,0 -57.247276,5.172373,0 -57.233324,5.142116,0 -57.189812,5.16922,0 -57.192396,5.203172,0 -57.237613,5.268723,0 -57.26743,5.266295,0 -57.253787,5.234927,0 -57.280452,5.225341,0 -57.288824,5.30854,0 -57.335695,5.316886,0 -57.265208,5.403366,0 -57.24767,5.491848,0 -57.16151799999999,5.638906,0 -57.15957299999999,5.692912,0 -57.183055,5.73141,0 -57.137259,5.882092000000001,0 -57.141965,5.955742,0 -57.165761,6.005683000000001,0 -57.143613,5.977984999999999,0 -57.167307,6.085109999999999,0 -57.207494,6.151378000000001,0 -57.289824,6.234739,0 -57.408801,6.312765,0 -57.49063300000001,6.338920999999999,0 -57.517037,6.315075999999999,0 -57.528913,6.265708999999999,0 -57.598578,6.427246,0 -58.005675,6.791758,0 -58.067863,6.821703000000001,0 -58.153717,6.832221000000001,0 -58.169667,6.813422,0 -58.312164,6.892157,0 -58.398427,6.883368,0 -58.46153700000001,6.821845,0 -58.567006,6.636705,0 -58.59024000000001,6.417222,0 -58.628896,6.423326,0 -58.679596,6.376207,0 -58.611399,6.509711,0 -58.611399,6.687812000000001,0 -58.568186,6.906806,0 -58.55068899999999,6.947089,0 -58.485015,7.01081,0 -58.467356,7.116116,0 -58.464223,7.312201,0 -58.489735,7.376125,0 -58.682377,7.603534,0 -58.742004,7.630278,0 -58.73763,7.588334000000001,0 -58.833416,7.7383,0 -59.10480699999999,8.013617,0 -59.45409100000001,8.242621,0 -59.739369,8.403632,0 -59.77953000000001,8.407131,0 -59.761301,8.355454999999999,0 -59.491689,8.201321,0 -59.433746,8.130316000000001,0 -59.543446,8.229478,0 -59.60985299999999,8.242092,0 -59.622182,8.267524,0 -59.837799,8.369289,0 -59.932485,8.491766999999999,0 -60.020985,8.558009999999999,0 -59.815595,8.287763999999999,0 -59.82928900000001,8.245105000000001,0 -59.848461,8.227741999999999,0 -59.957059,8.200146999999999,0 -60.000674,8.152939999999999,0 -59.99932999999999,8.115397,0 -60.02958700000001,8.042818,0 -60.129219,8.028813,0 -60.183092,7.982666,0 -60.231125,7.964114,0 -60.37476,7.823605999999999,0 -60.525758,7.813374,0 -60.586995,7.727126,0 -60.601257,7.63385,0 -60.63169500000001,7.6246,0 -60.67115,7.566051000000001,0 -60.71649600000001,7.551582,0 -60.73057800000001,7.525433,0 -60.700657,7.4535,0 -60.660634,7.436136,0 -60.653244,7.398464,0 -60.628982,7.384357,0 -60.601774,7.330148,0 -60.602239,7.306532,0 -60.643555,7.250670000000001,0 -60.628413,7.191138,0 -60.548005,7.125509000000001,0 -60.47532199999999,7.188502999999999,0 -60.372021,7.172277,0 -60.29993200000001,7.121013,0 -60.291586,7.088302,0 -60.30357500000001,7.054144,0 -60.35969600000001,7.004897,0 -60.377344,6.938544,0 -60.420958,6.942213,0 -60.54872799999999,6.863096,0 -60.63955,6.837723,0 -60.700347,6.767082,0 -60.72153400000001,6.759691999999999,0 -60.79352000000001,6.793823999999999,0 -60.837625,6.786357000000001,0 -60.90757,6.815244,0 -60.89948200000001,6.768554,0 -60.93382099999999,6.731735,0 -61.12983,6.715844000000001,0 -61.190188,6.632878,0 -61.21197,6.561435,0 -61.139752,6.441262,0 -61.16091300000001,6.342353,0 -61.146702,6.294216,0 -61.114792,6.264012000000001,0 -61.121562,6.186652,0 -61.16112,6.182880000000001,0 -61.19447700000001,6.132857,0 -61.269382,6.107224999999999,0 -61.338086,5.986793,0 -61.396713,5.945581,0 -61.379608,5.9053,0 -60.739854,5.202138,0 -60.613556,5.208934,0 -60.568288,5.18971,0 -60.477492,5.191932,0 -60.44896700000001,5.174233,0 -60.419796,5.207228,0 -60.333083,5.193767,0 -60.273732,5.247355,0 -60.213426,5.267225,0 -60.176555,5.22715,0 -60.131725,5.243402,0 -60.091237,5.158239,0 -59.983104,5.085944,0 -59.981502,5.057419,0 -60.034522,4.787797,0 -60.03245500000001,4.725423,0 -60.08769700000001,4.607523,0 -60.134826,4.593545,0 -60.16154300000001,4.565201,0 -60.159992,4.527787,0 -60.120925,4.502362,0 -60.087775,4.525539,0 -60.055606,4.491587,0 -59.98455100000001,4.488797,0 -59.953132,4.505876,0 -59.914555,4.474353,0 -59.87293,4.484689,0 -59.863241,4.460659,0 -59.809626,4.465749,0 -59.68674000000001,4.381181,0 -59.69361299999999,4.340692,0 -59.738468,4.286587,0 -59.724489,4.264056,0 -59.738468,4.202768,0 -59.726737,4.176465,0 -59.646174,4.134038,0 -59.663253,4.079726,0 -59.59537600000001,3.996372,0 -59.59628000000001,3.970637,0 -59.536826,3.957692,0 -59.527654,3.939528,0 -59.581785,3.899195,0 -59.602507,3.855683,0 -59.59860599999999,3.802405,0 -59.671805,3.756232,0 -59.68622299999999,3.690215,0 -59.75554699999999,3.638125,0 -59.83766099999999,3.60929,0 -59.862879,3.58172,0 -59.86303400000001,3.552368,0 -59.82135699999999,3.484388,0 -59.84135599999999,3.425399,0 -59.82404399999999,3.431678,0 -59.82177,3.356592,0 -59.84319,3.349022,0 -59.916674,3.194173,0 -59.903212,3.158671,0 -59.921557,3.150093,0 -59.91161,3.126424999999999,0 -59.969229,3.042709,0 -60.00008,2.694049,0 -59.96504299999999,2.613433,0 -59.97098600000001,2.592556,0 -59.940729,2.562997,0 -59.906778,2.458766,0 -59.903135,2.359599,0 -59.741698,2.263791,0 -59.735393,2.113516,0 -59.752963,2.075456,0 -59.73709800000001,2.03042,0 -59.743816,1.961845,0 -59.764539,1.92053,0 -59.758751,1.862136,0 -59.646458,1.839966,0 -59.680849,1.757387,0 -59.639662,1.721756,0 -59.572716,1.727157,0 -59.530729,1.703075,0 -59.416834,1.555281,0 -59.394639,1.549441,0 -59.38016900000001,1.523345,0 -59.33857,1.524637,0 -59.25991799999999,1.387436,0 -58.966499,1.310154,0 -58.927484,1.284212,0 -58.897873,1.217808,0 -58.83400100000001,1.18582,0 -58.771938,1.201271,0 -58.69773,1.28106,0 -58.580528,1.27274,0 -58.55696400000001,1.286899,0 -58.51893,1.267262,0 -58.481103,1.333873,0 -58.513659,1.43888,0 -58.498879,1.45738,0 -58.38638,1.490194,0 -58.390255,1.53076,0 -58.351395,1.553317,0 -58.320492,1.601221,0 -58.260548,1.560319,0 -58.18727,1.567606,0 -58.14861599999999,1.519082,0 -58.02722899999999,1.516859,0 -57.98697300000001,1.586829,0 -57.985009,1.657704,0 -57.922222,1.642485,0 -57.758821,1.713462,0 -57.63857,1.696177,0 -57.561159,1.708967,0 -57.46478200000001,1.81573,0 -57.42948699999999,1.900299,0 -57.319416,1.977141,0 -57.238439,1.948539,0 -57.104494,2.021454,0 -57.074057,1.997166,0 -57.05597,1.948073,0 -57.011167,1.918566,0 -56.921921,1.918101,0 -56.89070900000001,1.890196,0 -56.806476,1.873582,0 -56.737643,1.912985,0 -56.683951,1.912107,0 -56.63956100000001,1.93686,0 -56.574862,1.905466,0 -56.481819,1.941614,0 -56.499983,1.969984,0 
							</coordinates>
						</LinearRing>
					</outerBoundaryIs>
				</Polygon>
			</Placemark>
			<Placemark id="10B058FF99D33F8C0BDEF6">
				<name>Guyana</name>
				<snippet></snippet>
				<description>See: 2050-snapshot/domains/borders-geopolitics.md</description>
				<styleUrl>#__managed_style_9707DCC0D13F8C0BDF1C</styleUrl>
				<Polygon>
					<outerBoundaryIs>
						<LinearRing>
							<coordinates>
								-58.447011,6.943061,0 -58.46052,6.883368,0 -58.33360799999999,6.965277,0 -58.418935,6.972113,0 -58.447011,6.943061,0 
							</coordinates>
						</LinearRing>
					</outerBoundaryIs>
				</Polygon>
			</Placemark>
		</Folder>
		<Folder id="10CDF1BDD0F63F8C0BDEF6">
			<name>Paraguay</name>
			<snippet></snippet>
			<styleUrl>#__managed_style_08FA8503193F8C0BDF1B</styleUrl>
			<Placemark id="10DAC324FAC13F8C0BDEF6">
				<name>Paraguay</name>
				<snippet></snippet>
				<description>See: 2050-snapshot/domains/borders-geopolitics.md</description>
				<styleUrl>#__managed_style_05A8E7F0CE3F8C0BDF1F</styleUrl>
				<Polygon>
					<outerBoundaryIs>
						<LinearRing>
							<coordinates>
								-62.61961,-22.255023,0 -62.62529399999999,-22.305046,0 -62.564678,-22.321996,0 -62.523388,-22.364887,0 -62.470575,-22.381837,0 -62.368256,-22.464416,0 -62.287227,-22.483949,0 -62.281387,-22.512061,0 -62.263352,-22.514439,0 -62.233225,-22.556296,0 -62.25281,-22.603632,0 -62.192969,-22.62823,0 -62.195036,-22.673602,0 -62.175916,-22.684867,0 -62.188267,-22.708329,0 -62.03582100000001,-22.884855,0 -62.006055,-22.936842,0 -62.0059,-22.97890599999999,0 -61.956446,-23.034407,0 -61.84498,-23.097245,0 -61.769274,-23.165562,0 -61.732997,-23.243386,0 -61.680313,-23.27925,0 -61.60515,-23.289275,0 -61.554636,-23.338368,0 -61.51606,-23.344982,0 -61.526343,-23.374748,0 -61.50107300000001,-23.407821,0 -61.296951,-23.481408,0 -61.272612,-23.523576,0 -61.214398,-23.557166,0 -61.18024,-23.557166,0 -61.10985700000001,-23.606982,0 -61.118849,-23.66641,0 -61.04999,-23.734726,0 -61.006349,-23.805471,0 -60.974826,-23.824074,0 -60.936663,-23.813842,0 -60.837625,-23.871823,0 -60.729286,-23.87213300000001,0 -60.689676,-23.893631,0 -60.63216,-23.892287,0 -60.594617,-23.90655,0 -60.577538,-23.94417,0 -60.535964,-23.947581,0 -60.484882,-23.977347,0 -60.378351,-23.988509,0 -60.337372,-24.016414,0 -60.14324899999999,-24.025199,0 -60.033669,-24.007009,0 -59.67364,-24.225394,0 -59.610517,-24.289576,0 -59.539979,-24.308799,0 -59.4659,-24.353551,0 -59.340973,-24.4876,0 -59.000916,-24.644179,0 -58.809196,-24.776781,0 -58.473403,-24.851299,0 -58.33599499999999,-24.991858,0 -58.31196599999999,-24.99361499999999,0 -58.224064,-24.941216,0 -58.124019,-25.012942,0 -58.04206,-25.044362,0 -58.00046,-25.044362,0 -57.983769,-25.074231,0 -57.870701,-25.085289,0 -57.754067,-25.180891,0 -57.721769,-25.246106,0 -57.671488,-25.290135,0 -57.640792,-25.37261,0 -57.55810999999999,-25.44351,0 -57.575318,-25.564433,0 -57.611647,-25.585931,0 -57.623067,-25.615386,0 -57.668077,-25.612286,0 -57.67898099999999,-25.647012,0 -57.741251,-25.661895,0 -57.774582,-25.701686,0 -57.740373,-25.72215,0 -57.820626,-25.77827,0 -57.80186799999999,-25.831394,0 -57.875352,-25.876146,0 -57.851374,-25.908392,0 -57.905841,-25.968646,0 -57.85959,-25.980945,0 -57.872716,-26.010298,0 -57.988213,-26.088536,0 -58.08650099999999,-26.12719,0 -58.124019,-26.201914,0 -58.15130400000001,-26.18145,0 -58.105983,-26.239534,0 -58.16995900000001,-26.270333,0 -58.167633,-26.33503200000001,0 -58.213057,-26.41864500000001,0 -58.18541,-26.451718,0 -58.217346,-26.527579,0 -58.164946,-26.592278,0 -58.192283,-26.612845,0 -58.178641,-26.650672,0 -58.235536,-26.649845,0 -58.247939,-26.758159,0 -58.287936,-26.768598,0 -58.27481,-26.798363,0 -58.288556,-26.811489,0 -58.34002600000001,-26.808595,0 -58.352377,-26.830506,0 -58.31578999999999,-26.874121,0 -58.47546999999999,-26.937993,0 -58.481619,-26.963831,0 -58.46663300000001,-26.975923,0 -58.51154,-27.060156,0 -58.54544,-27.041036,0 -58.56549,-27.115966,0 -58.616133,-27.123821,0 -58.65328899999999,-27.156274,0 -58.65235800000001,-27.198029,0 -58.60156,-27.245674,0 -58.604196,-27.316264,0 -58.51076499999999,-27.278437,0 -58.238223,-27.257043,0 -58.12882400000001,-27.269652,0 -58.021958,-27.259834,0 -57.70936699999999,-27.329804,0 -57.513358,-27.41414,0 -57.335229,-27.409489,0 -57.180097,-27.487313,0 -57.076227,-27.484006,0 -56.977318,-27.435327,0 -56.90435100000001,-27.418687,0 -56.771155,-27.506744,0 -56.613,-27.446386,0 -56.54644,-27.455067,0 -56.461484,-27.553873,0 -56.399731,-27.586842,0 -56.36753699999999,-27.580641,0 -56.296998,-27.480905,0 -56.279842,-27.389645,0 -56.205428,-27.362153,0 -56.124554,-27.298901,0 -55.984847,-27.332284,0 -55.892837,-27.334868,0 -55.854157,-27.40122,0 -55.75473199999999,-27.443698,0 -55.681713,-27.379413,0 -55.591331,-27.328357,0 -55.568671,-27.245984,0 -55.59828100000001,-27.16754,0 -55.555338,-27.153794,0 -55.533841,-27.09943,0 -55.461855,-27.097983,0 -55.442761,-27.015508,0 -55.41400299999999,-26.979851,0 -55.28060000000001,-26.934272,0 -55.2012,-26.955459,0 -55.138361,-26.953702,0 -55.11887899999999,-26.920009,0 -55.125778,-26.863579,0 -55.06089799999999,-26.805184,0 -54.97526999999999,-26.787821,0 -54.91989899999999,-26.674133,0 -54.879359,-26.654393,0 -54.81732099999999,-26.665761,0 -54.793059,-26.644987,0 -54.780347,-26.575224,0 -54.789829,-26.528509,0 -54.697664,-26.428153,0 -54.663661,-26.308367,0 -54.664333,-26.236227,0 -54.638288,-26.196953,0 -54.663816,-26.149204,0 -54.642526,-26.062801,0 -54.662266,-25.979912,0 -54.606404,-25.946632,0 -54.61524000000001,-25.882863,0 -54.587904,-25.810827,0 -54.617152,-25.773516,0 -54.643146,-25.68794,0 -54.633715,-25.652077,0 -54.583356,-25.644842,0 -54.60221799999999,-25.592442,0 -54.591469,-25.524746,0 -54.60981399999999,-25.432762,0 -54.575656,-25.360311,0 -54.503568,-25.278663,0 -54.48145,-25.21324,0 -54.426621,-25.149472,0 -54.463312,-25.072784,0 -54.462278,-25.03723,0 -54.407294,-24.821223,0 -54.371121,-24.766653,0 -54.321305,-24.628366,0 -54.334534,-24.496695,0 -54.262187,-24.358512,0 -54.26105,-24.32947,0 -54.314122,-24.234179,0 -54.33463700000001,-24.148912,0 -54.30104800000001,-24.08989800000001,0 -54.24528899999999,-24.050624,0 -54.367607,-23.984685,0 -54.443158,-23.899935,0 -54.639218,-23.804437,0 -54.696838,-23.845158,0 -54.891916,-23.920606,0 -54.943644,-23.969182,0 -55.105572,-23.988509,0 -55.165439,-24.016827,0 -55.36718399999999,-23.989646,0 -55.420669,-23.954506,0 -55.445319,-23.735449,0 -55.46697100000001,-23.673231,0 -55.530533,-23.603468,0 -55.542471,-23.465802,0 -55.513868,-23.379399,0 -55.56215900000001,-23.307879,0 -55.535236,-23.229124,0 -55.560867,-23.145925,0 -55.599392,-23.117089,0 -55.600684,-23.044535,0 -55.637814,-23.000714,0 -55.6343,-22.932811,0 -55.65900100000001,-22.818296,0 -55.618332,-22.725692,0 -55.62368,-22.638669,0 -55.723932,-22.569629,0 -55.74127,-22.537176,0 -55.76023499999999,-22.391965,0 -55.86103000000001,-22.289543,0 -55.874388,-22.317345,0 -55.998567,-22.277244,0 -56.02471500000001,-22.287372,0 -56.21426400000001,-22.275383,0 -56.347331,-22.180402,0 -56.40763699999999,-22.075809,0 -56.51130000000001,-22.091415,0 -56.584965,-22.190531,0 -56.654703,-22.23735,0 -56.64881100000001,-22.263498,0 -56.715371,-22.215439,0 -56.743534,-22.250372,0 -56.808285,-22.247995,0 -56.85606,-22.29316,0 -56.879547,-22.289956,0 -56.90368,-22.236936,0 -56.91479,-22.262878,0 -56.96052399999999,-22.254816,0 -56.96455399999999,-22.234869,0 -57.085064,-22.238073,0 -57.154155,-22.207997,0 -57.199527,-22.212855,0 -57.21379,-22.188154,0 -57.27166699999999,-22.213785,0 -57.331767,-22.202416,0 -57.339932,-22.216989,0 -57.38499399999999,-22.213268,0 -57.46395500000001,-22.180402,0 -57.61407500000001,-22.176991,0 -57.66368499999999,-22.100614,0 -57.773652,-22.107745,0 -57.775409,-22.123971,0 -57.84388100000001,-22.143712,0 -57.871372,-22.121181,0 -57.939999,-22.11839,0 -57.986249,-22.074465,0 -57.962633,-21.966978,0 -57.92537400000001,-21.904967,0 -57.955915,-21.85112,0 -57.93571,-21.812053,0 -57.939017,-21.755312,0 -57.89560900000001,-21.688442,0 -57.934831,-21.640693,0 -57.912093,-21.564006,0 -57.939792,-21.548193,0 -57.94914500000001,-21.508298,0 -57.855559,-21.330738,0 -57.882328,-21.316372,0 -57.90429,-21.274928,0 -57.84786,-21.216223,0 -57.833959,-21.173849,0 -57.829876,-21.12703,0 -57.852459,-21.037836,0 -57.817577,-20.953604,0 -57.836026,-20.938514,0 -57.847033,-20.955981,0 -57.914832,-20.905648,0 -57.90868300000001,-20.881567,0 -57.85710999999999,-20.849734,0 -57.859642,-20.831647,0 -57.887651,-20.805912,0 -57.94041200000001,-20.793613,0 -57.857678,-20.73987,0 -57.91808799999999,-20.669797,0 -57.947182,-20.675068,0 -57.95638,-20.709898,0 -57.980616,-20.692741,0 -57.973123,-20.651193,0 -57.990952,-20.620601,0 -58.01002,-20.500091,0 -57.98940099999999,-20.433119,0 -58.082987,-20.376171,0 -58.09508,-20.272198,0 -58.109756,-20.260726,0 -58.13704100000001,-20.274369,0 -58.162672,-20.243156,0 -58.11854099999999,-20.214424,0 -58.13704100000001,-20.185588,0 -58.158332,-20.181144,0 -58.141847,-20.000897,0 -58.16442900000001,-19.832949,0 -59.069646,-19.291483,0 -60.006384,-19.298097,0 -61.753203,-19.64588,0 -61.94425,-20.104146,0 -62.26883000000001,-20.553111,0 -62.27570299999999,-21.066568,0 -62.650357,-22.234456,0 -62.61961,-22.255023,0 
							</coordinates>
						</LinearRing>
					</outerBoundaryIs>
				</Polygon>
			</Placemark>
		</Folder>
		<Folder id="10E9B7169BB13F8C0BDEF6">
			<name>Peru</name>
			<snippet></snippet>
			<styleUrl>#__managed_style_08FA8503193F8C0BDF1B</styleUrl>
			<Placemark id="10F9DB6057BB3F8C0BDEF6">
				<name>Peru</name>
				<snippet></snippet>
				<description>See: 2050-snapshot/domains/borders-geopolitics.md#andean-states</description>
				<styleUrl>#__managed_style_F0439965173F8C0BDF1C</styleUrl>
				<Polygon>
					<outerBoundaryIs>
						<LinearRing>
							<coordinates>
								-69.522599,-17.36912,0 -69.597272,-17.300493,0 -69.66649200000001,-17.288298,0 -69.6228,-17.185565,0 -69.59505,-17.179674,0 -69.510094,-17.112081,0 -69.427437,-17.086863,0 -69.401263,-17.047175,0 -69.413588,-17.022267,0 -69.36431399999999,-16.991158,0 -69.325945,-16.922222,0 -69.224452,-16.818249,0 -69.182362,-16.728745,0 -69.112056,-16.711485,0 -69.03707300000001,-16.670247,0 -69.008341,-16.634177,0 -69.040122,-16.581364,0 -69.02787499999999,-16.454137,0 -69.001727,-16.422821,0 -68.855844,-16.363186,0 -68.833494,-16.328976,0 -68.843648,-16.302001,0 -68.91876000000001,-16.266655,0 -68.982038,-16.210017,0 -69.053558,-16.208364,0 -69.12081499999999,-16.231205,0 -69.18486799999999,-16.195031,0 -69.219646,-16.15276,0 -69.430021,-15.62628,0 -69.356408,-15.50143,0 -69.343411,-15.442209,0 -69.285921,-15.405415,0 -69.291166,-15.350845,0 -69.255897,-15.313328,0 -69.22259200000001,-15.302166,0 -69.20913,-15.263615,0 -69.166135,-15.263925,0 -69.1481,-15.233333,0 -69.288583,-15.101971,0 -69.38431300000001,-14.981772,0 -69.367751,-14.900536,0 -69.370541,-14.801524,0 -69.339045,-14.774756,0 -69.267628,-14.750675,0 -69.234658,-14.574251,0 -69.170399,-14.577559,0 -69.164275,-14.503041,0 -68.99025399999999,-14.379018,0 -69.01617,-14.32114,0 -69.01015,-14.245899,0 -68.984906,-14.228329,0 -68.883724,-14.211483,0 -68.864448,-14.191226,0 -68.905764,-14.039297,0 -68.982968,-13.972221,0 -68.992993,-13.869798,0 -69.023095,-13.80603,0 -69.015964,-13.753113,0 -69.101591,-13.666607,0 -69.087587,-13.643869,0 -69.04402399999999,-13.648003,0 -69.023844,-13.634981,0 -69.02319799999999,-13.596947,0 -68.98565499999999,-13.550231,0 -68.970747,-13.501449,0 -68.962788,-13.283581,0 -68.97966099999999,-13.16457,0 -68.980953,-12.867947,0 -68.926615,-12.800975,0 -68.904627,-12.803972,0 -68.876566,-12.754983,0 -68.76613399999999,-12.710541,0 -68.742957,-12.665789,0 -68.785332,-12.645945,0 -68.793419,-12.62021,0 -68.72605900000001,-12.56595,0 -68.684252,-12.502492,0 -69.577635,-10.952302,0 -69.72020999999999,-10.964911,0 -69.808318,-10.927187,0 -69.956113,-10.919332,0 -70.198734,-11.041185,0 -70.2894,-11.06475,0 -70.391306,-11.059065,0 -70.43727199999999,-11.036741,0 -70.534114,-10.938143,0 -70.64134199999999,-11.0108,0 -70.638448,-9.851801,0 -70.61509100000001,-9.792268999999999,0 -70.56914999999999,-9.779144000000001,0 -70.541865,-9.708244000000001,0 -70.600802,-9.635275999999999,0 -70.62441800000001,-9.565823,0 -70.564525,-9.56541,0 -70.57615300000001,-9.529133,0 -70.54326,-9.493475999999999,0 -70.52499299999999,-9.430948000000001,0 -70.60638299999999,-9.448828000000001,0 -70.68084899999999,-9.527685999999999,0 -70.875488,-9.660494,0 -70.920266,-9.720129,0 -70.969048,-9.754856,0 -70.997212,-9.803535,0 -71.144257,-9.863066,0 -71.196502,-9.939857,0 -71.2997,-9.993394,0 -71.339646,-9.979751,0 -71.391426,-10.00683,0 -72.195666,-10.00559,0 -72.162903,-9.877224999999999,0 -72.19473600000001,-9.805809,0 -72.26522300000001,-9.762193999999999,0 -72.277005,-9.724263000000001,0 -72.261657,-9.667419000000001,0 -72.304135,-9.600860000000001,0 -72.31266100000001,-9.532544,0 -72.34454599999999,-9.532854,0 -72.409503,-9.486345,0 -72.535645,-9.481591,0 -72.636518,-9.442937000000001,0 -72.67227800000001,-9.446657,0 -72.813303,-9.410897,0 -73.214984,-9.409037,0 -73.090237,-9.244189,0 -73.034375,-9.222588,0 -73.027863,-9.183108000000001,0 -72.97200100000001,-9.134428,0 -72.95939199999999,-9.085646000000001,0 -72.976084,-8.985393999999999,0 -73.016701,-8.93041,0 -73.068636,-8.89372,0 -73.174573,-8.720707000000001,0 -73.289863,-8.670477,0 -73.350583,-8.598337000000001,0 -73.35642199999999,-8.479791000000001,0 -73.540829,-8.359075000000001,0 -73.561733,-8.272672,0 -73.60328,-8.211591,0 -73.60111000000001,-8.136143000000001,0 -73.668031,-8.013773,0 -73.748491,-7.976979999999999,0 -73.784949,-7.940393,0 -73.79463800000001,-7.874144000000001,0 -73.74611400000001,-7.886443,0 -73.713713,-7.866289,0 -73.702551,-7.827841,0 -73.712163,-7.788154,0 -73.838796,-7.720561,0 -74.018475,-7.543518000000001,0 -73.971423,-7.523984,0 -73.94431899999999,-7.448743,0 -73.982895,-7.356449,0 -73.902022,-7.373399000000001,0 -73.825851,-7.337432,0 -73.74125600000001,-7.334434999999999,0 -73.713093,-7.304669,0 -73.734539,-7.225088,0 -73.812337,-7.102924,0 -73.759421,-6.887434,0 -73.706788,-6.849607,0 -73.671958,-6.800721,0 -73.37068499999999,-6.583886000000001,0 -73.233587,-6.564043,0 -73.198964,-6.545646,0 -73.14780399999999,-6.476193,0 -73.12697900000001,-6.391339999999999,0 -73.177673,-6.202410999999999,0 -73.235293,-6.123656,0 -73.234776,-6.077561,0 -73.140001,-5.878503,0 -73.00135299999999,-5.708798,0 -72.97691,-5.651747,0 -72.960477,-5.559246,0 -72.9735,-5.466125,0 -72.92399399999999,-5.313576,0 -72.896657,-5.271615,0 -72.917948,-5.132089,0 -72.85893299999999,-5.116069,0 -72.853972,-5.092505,0 -72.772943,-5.081136,0 -72.74757,-5.055091,0 -72.644786,-5.060569,0 -72.614349,-5.009719,0 -72.546446,-4.958249,0 -72.495131,-4.946984,0 -72.47647600000001,-4.90249,0 -72.414671,-4.876342,0 -72.386094,-4.79397,0 -72.344701,-4.782601,0 -72.331937,-4.763274,0 -72.251063,-4.75883,0 -72.108023,-4.664262,0 -72.07112600000001,-4.605144,0 -72.035521,-4.611862,0 -71.907208,-4.518431,0 -71.800651,-4.502411,0 -71.78483799999999,-4.480501,0 -71.74019,-4.49559,0 -71.699314,-4.481637,0 -71.665207,-4.507579,0 -71.613428,-4.47926,0 -71.617148,-4.500344,0 -71.57156999999999,-4.480707,0 -71.524596,-4.485151,0 -71.506147,-4.448565,0 -71.47741499999999,-4.440606,0 -71.386982,-4.434922,0 -71.36326200000001,-4.45921,0 -71.330758,-4.435129,0 -71.315151,-4.439986,0 -71.304609,-4.394924,0 -71.26481800000001,-4.375494,0 -71.214072,-4.410841,0 -71.16968199999999,-4.362782,0 -71.128496,-4.401849,0 -71.081574,-4.364125,0 -71.029329,-4.385829,0 -71.005454,-4.347589,0 -70.968687,-4.385313,0 -70.873705,-4.250747,0 -70.84275100000001,-4.238138,0 -70.84830599999999,-4.204445,0 -70.832235,-4.179434,0 -70.774254,-4.155042,0 -70.694052,-4.172302,0 -70.64676799999999,-4.115665,0 -70.63105899999999,-4.118972,0 -70.632531,-4.166825,0 -70.585273,-4.194523,0 -70.549694,-4.140676,0 -70.515975,-4.182328,0 -70.429934,-4.134165,0 -70.361437,-4.168168,0 -70.34306599999999,-4.139436,0 -70.330612,-4.143157,0 -70.311104,-4.170855,0 -70.316711,-4.247026,0 -70.257593,-4.29922,0 -70.23131600000001,-4.303664,0 -70.20563199999999,-4.342938,0 -70.138892,-4.260462,0 -70.096621,-4.265733,0 -70.081092,-4.308831,0 -70.05096500000001,-4.337254,0 -70.02290499999999,-4.338907,0 -69.989392,-4.314619,0 -69.96257199999999,-4.264286,0 -69.992751,-4.180881,0 -70.06049899999999,-4.10719,0 -70.18839800000001,-4.028952,0 -70.21697500000001,-3.924979,0 -70.311104,-3.829274,0 -70.377689,-3.818836,0 -70.438512,-3.867721,0 -70.490886,-3.87847,0 -70.54429399999999,-3.865241,0 -70.690642,-3.786796,0 -70.734127,-3.782042,0 -70.050448,-2.714303,0 -70.105794,-2.625213,0 -70.150468,-2.669242,0 -70.183877,-2.619529,0 -70.23607,-2.62511,0 -70.273949,-2.546252,0 -70.295885,-2.5354,0 -70.364615,-2.557621,0 -70.376346,-2.532609,0 -70.34962899999999,-2.518346,0 -70.357535,-2.486927,0 -70.445256,-2.498503,0 -70.484453,-2.452511,0 -70.57860700000001,-2.405485,0 -70.596074,-2.416544,0 -70.59863199999999,-2.44662,0 -70.647595,-2.450754,0 -70.663718,-2.39825,0 -70.699039,-2.370138,0 -70.70658400000001,-2.328281,0 -70.787871,-2.307403,0 -70.904556,-2.211078,0 -70.925253,-2.220277,0 -70.992716,-2.197436,0 -71.03198999999999,-2.210768,0 -71.020622,-2.258931,0 -71.119969,-2.252109,0 -71.14281,-2.262858,0 -71.161931,-2.310194,0 -71.20905999999999,-2.339236,0 -71.25334599999999,-2.326627,0 -71.307607,-2.347814,0 -71.315461,-2.334068,0 -71.42083,-2.37603,0 -71.432147,-2.355152,0 -71.411631,-2.326627,0 -71.456486,-2.255107,0 -71.48056800000001,-2.265752,0 -71.498138,-2.315051,0 -71.520979,-2.292107,0 -71.538394,-2.222964,0 -71.67854,-2.169531,0 -71.731405,-2.189891,0 -71.746133,-2.132324,0 -71.83620500000001,-2.179762,0 -71.94865299999999,-2.324146,0 -72.061514,-2.320012,0 -72.176391,-2.410343,0 -72.25096000000001,-2.396287,0 -72.281862,-2.405692,0 -72.283826,-2.433184,0 -72.378032,-2.450754,0 -72.41425700000001,-2.437111,0 -72.44159399999999,-2.405175,0 -72.56298200000001,-2.383058,0 -72.64432100000001,-2.334068,0 -72.683182,-2.404762,0 -72.71243,-2.422125,0 -72.733721,-2.367555,0 -72.761678,-2.402281,0 -72.80467299999999,-2.377787,0 -72.93541399999999,-2.425329,0 -72.987556,-2.337686,0 -73.05643999999999,-2.299858,0 -73.08382899999999,-2.345127,0 -73.098867,-2.314948,0 -73.15891499999999,-2.293037,0 -73.19777499999999,-2.213559,0 -73.195295,-2.187204,0 -73.149923,-2.143589,0 -73.111062,-2.073412,0 -73.168733,-1.959311,0 -73.15891499999999,-1.895232,0 -73.193641,-1.836838,0 -73.193021,-1.788675,0 -73.257255,-1.742373,0 -73.26769400000001,-1.772242,0 -73.31658,-1.765421,0 -73.350531,-1.790639,0 -73.387066,-1.760873,0 -73.44008599999999,-1.758703,0 -73.446287,-1.738136,0 -73.530985,-1.673747,0 -73.51742,-1.60202,0 -73.484528,-1.572461,0 -73.497163,-1.477997,0 -73.574212,-1.416915,0 -73.583437,-1.401722,0 -73.562921,-1.372163,0 -73.588966,-1.350252,0 -73.597131,-1.306121,0 -73.61821500000001,-1.306121,0 -73.63656,-1.255168,0 -73.73236799999999,-1.216514,0 -73.754718,-1.183338,0 -73.80254499999999,-1.223645,0 -73.857167,-1.210519,0 -73.91990199999999,-1.113781,0 -73.98129299999999,-1.107477,0 -73.982792,-1.066239,0 -74.016795,-1.09156,0 -74.037207,-1.079675,0 -74.07689499999999,-0.9908940000000001,0 -74.092372,-1.020143,0 -74.119631,-1.02097,0 -74.26675400000001,-0.972291,0 -74.303393,-0.897774,0 -74.344424,-0.858603,0 -74.28913,-0.836279,0 -74.310602,-0.801449,0 -74.302798,-0.785429,0 -74.34432,-0.77406,0 -74.38514499999999,-0.72197,0 -74.36488799999999,-0.676185,0 -74.417959,-0.5426530000000001,0 -74.562395,-0.439404,0 -74.642313,-0.339771,0 -74.686573,-0.353414,0 -74.71812199999999,-0.327266,0 -74.790701,-0.31259,0 -74.755329,-0.278276,0 -74.824653,-0.170479,0 -74.87271200000001,-0.221949,0 -74.933458,-0.209443,0 -75.015365,-0.140507,0 -75.050737,-0.134306,0 -75.120655,-0.054104,0 -75.206748,-0.029093,0 -75.231708,-0.042632,0 -75.252534,-0.08955399999999999,0 -75.344053,-0.149085,0 -75.45526,-0.161178,0 -75.525747,-0.123247,0 -75.637601,-0.111465,0 -75.638402,-0.150946,0 -75.61956600000001,-0.180918,0 -75.578974,-0.182675,0 -75.484768,-0.247684,0 -75.45272799999999,-0.360649,0 -75.405625,-0.442401,0 -75.260699,-0.54348,0 -75.255583,-0.624302,0 -75.293978,-0.667917,0 -75.297027,-0.7469819999999999,0 -75.25206900000001,-0.9334299999999999,0 -75.227497,-0.963093,0 -75.34872900000001,-0.974978,0 -75.4064,-0.9151370000000001,0 -75.412576,-0.923922,0 -75.573031,-1.537321,0 -76.09124199999999,-2.128913,0 -76.625266,-2.537673,0 -76.684591,-2.57364,0 -77.86782599999999,-2.990256,0 -77.94146499999999,-3.054541,0 -78.04254400000001,-3.189933,0 -78.104918,-3.245434,0 -78.148171,-3.322432,0 -78.196411,-3.36367,0 -78.19651399999999,-3.38558,0 -78.15664599999999,-3.429299,0 -78.163726,-3.477253999999999,0 -78.22630599999999,-3.50702,0 -78.257182,-3.409558,0 -78.35079399999999,-3.389611,0 -78.362938,-3.488727,0 -78.402393,-3.594353,0 -78.40074,-3.679826,0 -78.425854,-3.689438,0 -78.419679,-3.791034,0 -78.480683,-3.849531,0 -78.49763299999999,-3.949577,0 -78.562073,-3.979756,0 -78.57662000000001,-4.100059,0 -78.682428,-4.326918,0 -78.673152,-4.401539,0 -78.63721099999999,-4.435129,0 -78.669793,-4.49342,0 -78.67266100000001,-4.550987,0 -78.719712,-4.592225,0 -78.85306300000001,-4.652273,0 -78.898642,-4.694234,0 -78.928614,-4.747461,0 -78.900218,-4.843683,0 -78.91081200000001,-4.863526,0 -78.98034199999999,-4.873965,0 -79.009281,-4.96011,0 -79.063929,-5.011373,0 -79.104159,-4.980057,0 -79.303217,-4.961246,0 -79.341044,-4.904247,0 -79.37806999999999,-4.884817,0 -79.39533,-4.84761,0 -79.45057199999999,-4.810196,0 -79.49870900000001,-4.660645,0 -79.527854,-4.618063,0 -79.507209,-4.531557,0 -79.55777500000001,-4.516571,0 -79.65797499999999,-4.438746,0 -79.795745,-4.484738,0 -79.832874,-4.47895,0 -79.904084,-4.398645,0 -79.982012,-4.38862,0 -80.079655,-4.309038,0 -80.140246,-4.283097,0 -80.20504800000001,-4.298186,0 -80.25540700000001,-4.38676,0 -80.382867,-4.476263,0 -80.425112,-4.471509,0 -80.483532,-4.433992,0 -80.488545,-4.395958,0 -80.34527199999999,-4.198451,0 -80.469605,-4.21323,0 -80.514073,-4.083419,0 -80.491981,-4.014896,0 -80.466143,-3.988128,0 -80.427463,-3.981306,0 -80.325506,-4.015413,0 -80.25907599999999,-3.943686,0 -80.165257,-3.890046,0 -80.221636,-3.769433,0 -80.216391,-3.63156,0 -80.22499500000001,-3.591873,0 -80.24998100000001,-3.577713,0 -80.240291,-3.514048,0 -80.27163299999999,-3.485523,0 -80.265664,-3.426404999999999,0 -80.279746,-3.415553,0 -80.340729,-3.393498,0 -80.384511,-3.478692,0 -80.536244,-3.505304,0 -80.613108,-3.615655,0 -80.807607,-3.739435,0 -80.852366,-3.808282,0 -80.86778700000001,-3.872735,0 -80.992909,-3.972101,0 -81.073313,-4.096775,0 -81.11034100000001,-4.107599,0 -81.165639,-4.179376,0 -81.264027,-4.252374,0 -81.293813,-4.31756,0 -81.27952999999999,-4.396417,0 -81.328928,-4.476658,0 -81.307485,-4.534275,0 -81.316518,-4.601251,0 -81.30525299999999,-4.643568,0 -81.337558,-4.678304,0 -81.2234,-4.806488,0 -81.149407,-4.917033,0 -81.085021,-4.974486,0 -81.063355,-5.022043,0 -81.082757,-5.079214,0 -81.112573,-5.081584,0 -81.129126,-5.064691,0 -81.162772,-5.072572,0 -81.162616,-5.126342,0 -81.17782200000001,-5.142861,0 -81.165988,-5.164328,0 -81.198476,-5.208103,0 -81.131606,-5.300402,0 -81.07219600000001,-5.318921,0 -80.93182400000001,-5.463815,0 -80.856212,-5.650462000000001,0 -80.864012,-5.743936,0 -80.939931,-5.850844,0 -81.038279,-5.818103,0 -81.057498,-5.787974000000001,0 -81.075194,-5.786785,0 -81.096344,-5.838564,0 -81.118854,-5.839907,0 -81.150216,-5.883073,0 -81.15142,-5.975873,0 -81.13081099999999,-6.034561,0 -81.101457,-6.072068000000001,0 -80.853128,-6.239498000000001,0 -80.79052799999999,-6.299692,0 -80.298096,-6.544448,0 -80.118916,-6.650611,0 -80.004547,-6.740899,0 -79.96468,-6.787355,0 -79.931549,-6.883477,0 -79.70824,-7.106776999999999,0 -79.689086,-7.130911,0 -79.697012,-7.178009,0 -79.61275999999999,-7.266392,0 -79.573761,-7.386539,0 -79.588735,-7.41131,0 -79.582509,-7.463636999999999,0 -79.435287,-7.674387,0 -79.436841,-7.693634,0 -79.465942,-7.715929,0 -79.39569899999999,-7.792432,0 -79.38408099999999,-7.833788000000001,0 -79.299713,-7.938653,0 -79.124656,-8.065073,0 -79.124223,-8.089650000000001,0 -78.98574000000001,-8.217421,0 -78.963688,-8.2867,0 -78.902125,-8.376761,0 -78.90655700000001,-8.417899,0 -78.940262,-8.435525999999999,0 -78.819732,-8.528252999999999,0 -78.759328,-8.608326999999999,0 -78.740746,-8.711458,0 -78.76430000000001,-8.775112,0 -78.65477199999999,-8.933332999999999,0 -78.649092,-8.980589999999999,0 -78.661378,-8.995765,0 -78.628511,-9.013337999999999,0 -78.641722,-9.056428,0 -78.632426,-9.072459,0 -78.592027,-9.077444,0 -78.559451,-9.128187,0 -78.570567,-9.168327,0 -78.609639,-9.155919000000001,0 -78.611155,-9.176522,0 -78.553107,-9.244182,0 -78.558565,-9.183726999999999,0 -78.53565999999999,-9.172566,0 -78.497411,-9.189538000000001,0 -78.48970300000001,-9.233451000000001,0 -78.526723,-9.269627,0 -78.483957,-9.330254999999999,0 -78.448598,-9.32822,0 -78.414754,-9.362126999999999,0 -78.42867699999999,-9.375849000000001,0 -78.427115,-9.419739999999999,0 -78.38507799999999,-9.45143,0 -78.405914,-9.477715999999999,0 -78.387034,-9.546713,0 -78.368071,-9.556929,0 -78.36990400000001,-9.615432,0 -78.301123,-9.721916999999999,0 -78.229422,-9.793784,0 -78.24325899999999,-9.85894,0 -78.229923,-9.900727,0 -78.23630799999999,-9.946889000000001,0 -78.177943,-10.042507,0 -78.167969,-10.093416,0 -78.18233499999999,-10.110846,0 -78.104934,-10.201132,0 -78.085548,-10.277426,0 -78.058173,-10.301908,0 -78.05580399999999,-10.347524,0 -78.006427,-10.382482,0 -78.010976,-10.412774,0 -77.968495,-10.49391,0 -77.92259199999999,-10.530785,0 -77.8485,-10.673761,0 -77.763676,-10.761524,0 -77.75315500000001,-10.815769,0 -77.70917,-10.852247,0 -77.67053900000001,-10.92752,0 -77.646806,-10.996477,0 -77.66130699999999,-11.01446,0 -77.594684,-11.165117,0 -77.59779899999999,-11.206837,0 -77.64796800000001,-11.222346,0 -77.647257,-11.292316,0 -77.360463,-11.461114,0 -77.28189,-11.549493,0 -77.284739,-11.575372,0 -77.264231,-11.604262,0 -77.210927,-11.646417,0 -77.171086,-11.736138,0 -77.16706000000001,-11.756536,0 -77.19637400000001,-11.776822,0 -77.145904,-11.932061,0 -77.14509,-12.023045,0 -77.174916,-12.071873,0 -77.08897899999999,-12.088962,0 -77.053944,-12.11419,0 -77.038319,-12.20436,0 -76.853646,-12.302644,0 -76.790886,-12.381047,0 -76.78243000000001,-12.419213,0 -76.811757,-12.48268,0 -76.79907900000001,-12.509342,0 -76.73618,-12.552415,0 -76.681467,-12.619317,0 -76.681793,-12.655369,0 -76.63003500000001,-12.750665,0 -76.516233,-12.869919,0 -76.516474,-12.946153,0 -76.48334699999999,-13.036296,0 -76.221102,-13.357556,0 -76.181264,-13.539483,0 -76.253985,-13.850868,0 -76.26177300000001,-13.861428,0 -76.302952,-13.832689,0 -76.29590399999999,-13.793436,0 -76.362016,-13.801642,0 -76.39396000000001,-13.90802,0 -76.32486,-13.921,0 -76.30846099999999,-13.891778,0 -76.292714,-13.900486,0 -76.29531,-13.934502,0 -76.270439,-13.9625,0 -76.284576,-13.991632,0 -76.26790699999999,-14.049715,0 -76.291737,-14.080987,0 -76.290435,-14.167413,0 -76.271193,-14.20093,0 -76.24994,-14.147806,0 -76.21544299999999,-14.161228,0 -76.18114199999999,-14.210626,0 -76.149159,-14.223891,0 -76.106709,-14.30586,0 -76.116113,-14.324874,0 -76.143553,-14.327895,0 -76.13320899999999,-14.359633,0 -76.081858,-14.377699,0 -76.03718000000001,-14.429295,0 -75.980636,-14.461099,0 -75.964832,-14.49249,0 -75.973434,-14.528741,0 -75.93276899999999,-14.580015,0 -75.93065300000001,-14.649347,0 -75.86677,-14.689548,0 -75.839426,-14.726332,0 -75.506581,-14.918227,0 -75.50275600000001,-14.963637,0 -75.44811,-15.007989,0 -75.376454,-15.134047,0 -75.28962199999999,-15.161065,0 -75.23412,-15.214532,0 -75.232777,-15.245782,0 -75.26317299999999,-15.250421,0 -75.151641,-15.332988,0 -75.18941599999999,-15.369545,0 -75.106109,-15.408624,0 -75.048695,-15.460707,0 -75.006418,-15.461196,0 -74.868645,-15.538051,0 -74.84756,-15.566294,0 -74.46306800000001,-15.726724,0 -74.44640099999999,-15.79225,0 -74.39801199999999,-15.826863,0 -74.32793700000001,-15.848055,0 -74.265739,-15.847661,0 -74.22061100000001,-15.89129,0 -74.161692,-15.901056,0 -74.04662,-15.960138,0 -74.02790400000001,-15.988803,0 -74.032826,-16.012302,0 -74.004077,-16.037059,0 -73.842641,-16.146661,0 -73.735015,-16.190118,0 -73.700278,-16.220696,0 -73.700687,-16.244594,0 -73.676202,-16.227873,0 -73.59890900000001,-16.239849,0 -73.42031799999999,-16.293145,0 -73.325999,-16.330743,0 -73.29621299999999,-16.395603,0 -73.17516000000001,-16.413263,0 -73.06024600000001,-16.494881,0 -72.888336,-16.55462,0 -72.78132100000001,-16.629327,0 -72.692353,-16.660654,0 -72.58775799999999,-16.659356,0 -72.440094,-16.714451,0 -72.362213,-16.761326,0 -72.30650799999999,-16.824151,0 -72.29336499999999,-16.880629,0 -72.197255,-16.916436,0 -72.124379,-16.977716,0 -72.11815300000001,-17.019301,0 -72.00308200000001,-17.042576,0 -71.807607,-17.191339,0 -71.641469,-17.231622,0 -71.59308799999999,-17.265558,0 -71.514516,-17.284601,0 -71.40025799999999,-17.400323,0 -71.35960900000001,-17.633071,0 -71.384429,-17.697849,0 -71.346913,-17.691013,0 -71.30455499999999,-17.705987,0 -71.20352099999999,-17.762628,0 -71.086578,-17.869073,0 -71.00715099999999,-17.890232,0 -70.91462199999999,-17.946547,0 -70.878896,-18.016697,0 -70.74767,-18.094415,0 -70.683256,-18.161698,0 -70.39470300000001,-18.337746,0 -70.31789499999999,-18.321215,0 -70.15906699999999,-18.32597,0 -69.97034499999999,-18.250625,0 -69.86533799999999,-18.144585,0 -69.783095,-17.981598,0 -69.782372,-17.943874,0 -69.857561,-17.734171,0 -69.849835,-17.69159,0 -69.818054,-17.659137,0 -69.683902,-17.656036,0 -69.51008899999999,-17.506588,0 -69.522599,-17.36912,0 
							</coordinates>
						</LinearRing>
					</outerBoundaryIs>
				</Polygon>
			</Placemark>
			<Placemark id="110F9A87D68C3F8C0BDEF6">
				<name>Peru</name>
				<snippet></snippet>
				<description>See: 2050-snapshot/domains/borders-geopolitics.md#andean-states</description>
				<styleUrl>#__managed_style_F0439965173F8C0BDF1C</styleUrl>
				<Polygon>
					<outerBoundaryIs>
						<LinearRing>
							<coordinates>
								-76.22032400000001,-14.274666,0 -76.179585,-14.295208,0 -76.17565999999999,-14.288375,0 -76.21247,-14.259482,0 -76.22032400000001,-14.274666,0 
							</coordinates>
						</LinearRing>
					</outerBoundaryIs>
				</Polygon>
			</Placemark>
			<Placemark id="111396B1EBCD3F8C0BDEF6">
				<name>Peru</name>
				<snippet></snippet>
				<description>See: 2050-snapshot/domains/borders-geopolitics.md#andean-states</description>
				<styleUrl>#__managed_style_F0439965173F8C0BDF1C</styleUrl>
				<Polygon>
					<outerBoundaryIs>
						<LinearRing>
							<coordinates>
								-76.47024999999999,-13.853856,0 -76.441441,-13.853906,0 -76.436689,-13.833522,0 -76.45683099999999,-13.822912,0 -76.47024999999999,-13.853856,0 
							</coordinates>
						</LinearRing>
					</outerBoundaryIs>
				</Polygon>
			</Placemark>
			<Placemark id="112049F6C5CB3F8C0BDEF6">
				<name>Peru</name>
				<snippet></snippet>
				<description>See: 2050-snapshot/domains/borders-geopolitics.md#andean-states</description>
				<styleUrl>#__managed_style_F0439965173F8C0BDF1C</styleUrl>
				<Polygon>
					<outerBoundaryIs>
						<LinearRing>
							<coordinates>
								-77.23666799999999,-12.093345,0 -77.181541,-12.115912,0 -77.193839,-12.100041,0 -77.25366,-12.063488,0 -77.23666799999999,-12.093345,0 
							</coordinates>
						</LinearRing>
					</outerBoundaryIs>
				</Polygon>
			</Placemark>
			<Placemark id="113BB72F76EF3F8C0BDEF6">
				<name>Peru</name>
				<snippet></snippet>
				<description>See: 2050-snapshot/domains/borders-geopolitics.md#andean-states</description>
				<styleUrl>#__managed_style_F0439965173F8C0BDF1C</styleUrl>
				<Polygon>
					<outerBoundaryIs>
						<LinearRing>
							<coordinates>
								-80.85313499999999,-6.374988,0 -80.87538000000001,-6.433053,0 -80.86384099999999,-6.475839000000001,0 -80.839584,-6.475246000000001,0 -80.855428,-6.405528000000001,0 -80.84296999999999,-6.381612,0 -80.85313499999999,-6.374988,0 
							</coordinates>
						</LinearRing>
					</outerBoundaryIs>
				</Polygon>
			</Placemark>
		</Folder>
		<Folder id="1143277AE5203F8C0BDEF6">
			<name>South Georgia</name>
			<snippet></snippet>
			<styleUrl>#__managed_style_08FA8503193F8C0BDF1B</styleUrl>
			<Placemark id="115BC22262903F8C0BDEF6">
				<name>South Georgia</name>
				<snippet></snippet>
				<description>See: 2050-snapshot/domains/borders-geopolitics.md</description>
				<styleUrl>#__managed_style_65C52B548E3F8C0BDF1C</styleUrl>
				<Polygon>
					<outerBoundaryIs>
						<LinearRing>
							<coordinates>
								-27.152943,-59.470798,0 -27.13683,-59.43718800000001,0 -27.231313,-59.438246,0 -27.252919,-59.458266,0 -27.152943,-59.470798,0 
							</coordinates>
						</LinearRing>
					</outerBoundaryIs>
				</Polygon>
			</Placemark>
			<Placemark id="11658E4D9ECB3F8C0BDEF6">
				<name>South Georgia</name>
				<snippet></snippet>
				<description>See: 2050-snapshot/domains/borders-geopolitics.md</description>
				<styleUrl>#__managed_style_65C52B548E3F8C0BDF1C</styleUrl>
				<Polygon>
					<outerBoundaryIs>
						<LinearRing>
							<coordinates>
								-27.377065,-59.423517,0 -27.407216,-59.431736,0 -27.30134,-59.471938,0 -27.330922,-59.424574,0 -27.377065,-59.423517,0 
							</coordinates>
						</LinearRing>
					</outerBoundaryIs>
				</Polygon>
			</Placemark>
			<Placemark id="1178F4FF26D03F8C0BDEF6">
				<name>South Georgia</name>
				<snippet></snippet>
				<description>See: 2050-snapshot/domains/borders-geopolitics.md</description>
				<styleUrl>#__managed_style_65C52B548E3F8C0BDF1C</styleUrl>
				<Polygon>
					<outerBoundaryIs>
						<LinearRing>
							<coordinates>
								-26.657053,-59.023696,0 -26.629791,-59.062758,0 -26.569447,-59.064142,0 -26.499379,-59.033136,0 -26.562652,-59.00790800000001,0 -26.62975,-59.005955,0 -26.657053,-59.023696,0 
							</coordinates>
						</LinearRing>
					</outerBoundaryIs>
				</Polygon>
			</Placemark>
			<Placemark id="118D3E4912A43F8C0BDEF6">
				<name>South Georgia</name>
				<snippet></snippet>
				<description>See: 2050-snapshot/domains/borders-geopolitics.md</description>
				<styleUrl>#__managed_style_65C52B548E3F8C0BDF1C</styleUrl>
				<Polygon>
					<outerBoundaryIs>
						<LinearRing>
							<coordinates>
								-26.246205,-58.40252,0 -26.312367,-58.382094,0 -26.430898,-58.38502400000001,0 -26.457834,-58.42669,0 -26.430287,-58.452407,0 -26.246205,-58.498712,0 -26.239329,-58.467706,0 -26.259836,-58.43669999999999,0 -26.246205,-58.40252,0 
							</coordinates>
						</LinearRing>
					</outerBoundaryIs>
				</Polygon>
			</Placemark>
			<Placemark id="11989C48C8BB3F8C0BDEF6">
				<name>South Georgia</name>
				<snippet></snippet>
				<description>See: 2050-snapshot/domains/borders-geopolitics.md</description>
				<styleUrl>#__managed_style_65C52B548E3F8C0BDF1C</styleUrl>
				<Polygon>
					<outerBoundaryIs>
						<LinearRing>
							<coordinates>
								-26.356028,-57.786228,0 -26.41686,-57.778741,0 -26.45873,-57.738458,0 -26.513051,-57.772556,0 -26.478749,-57.802667,0 -26.424306,-57.812758,0 -26.356028,-57.786228,0 
							</coordinates>
						</LinearRing>
					</outerBoundaryIs>
				</Polygon>
			</Placemark>
			<Placemark id="11A840DB90323F8C0BDEF6">
				<name>South Georgia</name>
				<snippet></snippet>
				<description>See: 2050-snapshot/domains/borders-geopolitics.md</description>
				<styleUrl>#__managed_style_65C52B548E3F8C0BDF1C</styleUrl>
				<Polygon>
					<outerBoundaryIs>
						<LinearRing>
							<coordinates>
								-26.663889,-57.086684,0 -26.650258,-57.079767,0 -26.690338,-57.050551,0 -26.732818,-57.05934,0 -26.663889,-57.086684,0 
							</coordinates>
						</LinearRing>
					</outerBoundaryIs>
				</Polygon>
			</Placemark>
			<Placemark id="11B79466ED353F8C0BDEF6">
				<name>South Georgia</name>
				<snippet></snippet>
				<description>See: 2050-snapshot/domains/borders-geopolitics.md</description>
				<styleUrl>#__managed_style_65C52B548E3F8C0BDF1C</styleUrl>
				<Polygon>
					<outerBoundaryIs>
						<LinearRing>
							<coordinates>
								-27.204579,-56.69019900000001,0 -27.20759,-56.713149,0 -27.164174,-56.72421599999999,0 -27.092437,-56.70647600000001,0 -27.150502,-56.675714,0 -27.204579,-56.69019900000001,0 
							</coordinates>
						</LinearRing>
					</outerBoundaryIs>
				</Polygon>
			</Placemark>
			<Placemark id="11CFEBC5879C3F8C0BDEF6">
				<name>South Georgia</name>
				<snippet></snippet>
				<description>See: 2050-snapshot/domains/borders-geopolitics.md</description>
				<styleUrl>#__managed_style_65C52B548E3F8C0BDF1C</styleUrl>
				<Polygon>
					<outerBoundaryIs>
						<LinearRing>
							<coordinates>
								-27.569,-56.320571,0 -27.527903,-56.28476299999999,0 -27.572499,-56.272556,0 -27.609771,-56.292169,0 -27.569,-56.320571,0 
							</coordinates>
						</LinearRing>
					</outerBoundaryIs>
				</Polygon>
			</Placemark>
			<Placemark id="11DE68A3F7013F8C0BDEF6">
				<name>South Georgia</name>
				<snippet></snippet>
				<description>See: 2050-snapshot/domains/borders-geopolitics.md</description>
				<styleUrl>#__managed_style_65C52B548E3F8C0BDF1C</styleUrl>
				<Polygon>
					<outerBoundaryIs>
						<LinearRing>
							<coordinates>
								-37.06664,-54.503351,0 -37.086497,-54.510837,0 -37.018178,-54.503351,0 -37.068267,-54.464288,0 -37.109975,-54.476983,0 -37.06664,-54.503351,0 
							</coordinates>
						</LinearRing>
					</outerBoundaryIs>
				</Polygon>
			</Placemark>
			<Placemark id="11EC95B436E03F8C0BDEF6">
				<name>South Georgia</name>
				<snippet></snippet>
				<description>See: 2050-snapshot/domains/borders-geopolitics.md</description>
				<styleUrl>#__managed_style_65C52B548E3F8C0BDF1C</styleUrl>
				<Polygon>
					<outerBoundaryIs>
						<LinearRing>
							<coordinates>
								-38.026194,-53.989435,0 -38.062367,-53.98805100000001,0 -38.087026,-54.00367599999999,0 -38.026194,-53.989435,0 
							</coordinates>
						</LinearRing>
					</outerBoundaryIs>
				</Polygon>
			</Placemark>
			<Placemark id="11FF77AABAAD3F8C0BDEF6">
				<name>South Georgia</name>
				<snippet></snippet>
				<description>See: 2050-snapshot/domains/borders-geopolitics.md</description>
				<styleUrl>#__managed_style_65C52B548E3F8C0BDF1C</styleUrl>
				<Polygon>
					<outerBoundaryIs>
						<LinearRing>
							<coordinates>
								-35.93578,-54.62005000000001,0 -35.887318,-54.55120200000001,0 -35.950592,-54.570571,0 -36.069814,-54.566664,0 -36.100209,-54.545017,0 -36.016225,-54.495375,0 -36.041982,-54.463962,0 -36.146352,-54.44980200000001,0 -36.183949,-54.423923,0 -36.161692,-54.37297900000001,0 -36.257232,-54.369887,0 -36.23469,-54.3388,0 -36.264719,-54.32529099999999,0 -36.253041,-54.312921,0 -36.26061,-54.285414,0 -36.394439,-54.242771,0 -36.33849,-54.338149,0 -36.354075,-54.359308,0 -36.436635,-54.31015399999999,0 -36.497467,-54.345798,0 -36.485829,-54.32488399999999,0 -36.504262,-54.28053199999999,0 -36.468861,-54.250909,0 -36.491851,-54.234633,0 -36.545074,-54.237726,0 -36.630849,-54.277765,0 -36.675649,-54.27743899999999,0 -36.669993,-54.243585,0 -36.558949,-54.195489,0 -36.491119,-54.184991,0 -36.541819,-54.16131,0 -36.659169,-54.18206099999999,0 -36.717152,-54.174412,0 -36.668772,-54.16822700000001,0 -36.703481,-54.153904,0 -36.687734,-54.14446399999999,0 -36.635243,-54.147719,0 -36.621571,-54.119806,0 -36.662587,-54.113539,0 -36.6551,-54.106134,0 -36.778635,-54.09929799999999,0 -36.802968,-54.143487,0 -36.818227,-54.13534900000001,0 -36.805979,-54.092462,0 -36.914784,-54.067966,0 -36.936269,-54.071954,0 -36.915761,-54.085626,0 -37.018178,-54.119806,0 -37.031484,-54.110528,0 -36.970367,-54.071954,0 -36.978139,-54.054783,0 -37.005238,-54.052016,0 -37.149159,-54.113539,0 -37.141713,-54.07879,0 -37.108144,-54.062188,0 -37.139719,-54.045994,0 -37.121205,-54.03044999999999,0 -37.171376,-54.03411200000001,0 -37.217397,-54.052423,0 -37.223622,-54.06853599999999,0 -37.292551,-54.044041,0 -37.408844,-54.051365,0 -37.463857,-54.03044999999999,0 -37.443349,-54.03044999999999,0 -37.443349,-54.009942,0 -37.381947,-53.982599,0 -37.492421,-54.000421,0 -37.689809,-54.00367599999999,0 -37.669911,-53.982599,0 -37.738271,-53.97324,0 -37.79894,-54.007908,0 -37.891835,-53.989435,0 -38.032379,-54.009942,0 -38.005116,-54.023614,0 -38.032379,-54.05144599999999,0 -37.973215,-54.02808999999999,0 -37.927724,-54.045587,0 -37.840647,-54.03044999999999,0 -37.792836,-54.044041,0 -37.614654,-54.03785599999999,0 -37.631581,-54.05901500000001,0 -37.724517,-54.092462,0 -37.655629,-54.09929799999999,0 -37.724517,-54.133477,0 -37.676137,-54.16131,0 -37.689809,-54.174412,0 -37.532704,-54.16131,0 -37.562001,-54.146905,0 -37.529042,-54.133477,0 -37.237294,-54.147719,0 -37.40925,-54.181817,0 -37.394399,-54.20094199999999,0 -37.319203,-54.229099,0 -37.413686,-54.255304,0 -37.368276,-54.27743899999999,0 -37.241567,-54.250421,0 -37.153391,-54.257501,0 -37.08023,-54.287286,0 -37.082428,-54.315688,0 -37.014475,-54.343438,0 -36.884511,-54.336358,0 -36.860504,-54.352634,0 -36.89566,-54.35662199999999,0 -36.888499,-54.379815,0 -36.800282,-54.403253,0 -36.809967,-54.448989,0 -36.684316,-54.476983,0 -36.62914,-54.514907,0 -36.570139,-54.496677,0 -36.499013,-54.510512,0 -36.463287,-54.53753,0 -36.478017,-54.57634900000001,0 -36.421742,-54.593357,0 -36.346425,-54.654229,0 -36.271555,-54.770929,0 -36.106435,-54.859063,0 -36.134389,-54.866469,0 -36.115956,-54.88453499999999,0 -36.004018,-54.87949,0 -36.004018,-54.852227,0 -35.985178,-54.866957,0 -35.956166,-54.866469,0 -35.963043,-54.845961,0 -35.922027,-54.852227,0 -36.106435,-54.76474400000001,0 -35.937367,-54.809991,0 -35.887318,-54.78443799999999,0 -35.835113,-54.79070399999999,0 -35.784291,-54.76474400000001,0 -35.87149,-54.73691199999999,0 -35.93578,-54.68905999999999,0 -35.908803,-54.68727,0 -35.93578,-54.62005000000001,0 
							</coordinates>
						</LinearRing>
					</outerBoundaryIs>
				</Polygon>
			</Placemark>
			<Placemark id="120DF98F04743F8C0BDEF6">
				<name>South Georgia</name>
				<snippet></snippet>
				<description>See: 2050-snapshot/domains/borders-geopolitics.md</description>
				<styleUrl>#__managed_style_65C52B548E3F8C0BDF1C</styleUrl>
				<Polygon>
					<outerBoundaryIs>
						<LinearRing>
							<coordinates>
								-28.187123,-56.726251,0 -28.168568,-56.71599699999999,0 -28.171457,-56.704848,0 -28.213287,-56.713962,0 -28.187123,-56.726251,0 
							</coordinates>
						</LinearRing>
					</outerBoundaryIs>
				</Polygon>
			</Placemark>
		</Folder>
		<Folder id="121BD8E539743F8C0BDEF6">
			<name>Suriname</name>
			<snippet></snippet>
			<styleUrl>#__managed_style_08FA8503193F8C0BDF1B</styleUrl>
			<Placemark id="122A5B66FAB53F8C0BDEF6">
				<name>Suriname</name>
				<snippet></snippet>
				<description>See: 2050-snapshot/domains/borders-geopolitics.md</description>
				<styleUrl>#__managed_style_3D7C60EEB63F8C0BDF1F</styleUrl>
				<Polygon>
					<outerBoundaryIs>
						<LinearRing>
							<coordinates>
								-54.00303,3.455397,0 -54.006285,3.531026,0 -53.988819,3.610995,0 -54.017861,3.641458,0 -54.050107,3.634534,0 -54.125503,3.788736,0 -54.18735999999999,3.814678,0 -54.353861,4.041718,0 -54.334689,4.131713,0 -54.338565,4.152332,0 -54.39489199999999,4.177911,0 -54.41055,4.208581,0 -54.394117,4.269818,0 -54.433443,4.376375,0 -54.450806,4.484224,0 -54.423469,4.604345,0 -54.435458,4.709404,0 -54.47865999999999,4.755189,0 -54.486721,4.902958,0 -54.450806,4.936728,0 -54.448636,5.024294,0 -54.343577,5.156379,0 -54.332002,5.196196,0 -54.170969,5.348375,0 -54.061106,5.512885,0 -54.03114800000001,5.669309999999999,0 -53.986357,5.745665,0 -54.036731,5.842351000000001,0 -54.471781,5.94097,0 -54.77359,5.985256,0 -55.044799,5.993105,0 -55.116851,5.985256,0 -55.159966,5.958114000000001,0 -55.12564,5.918646999999999,0 -55.016591,5.871975000000001,0 -54.933319,5.869672,0 -54.903472,5.885403000000001,0 -54.863026,5.855536,0 -54.900258,5.875393,0 -54.950307,5.850287,0 -54.981191,5.865464999999999,0 -55.010121,5.855536,0 -55.08552,5.882799,0 -55.10103899999999,5.830499,0 -55.129872,5.820746,0 -55.103107,5.866412,0 -55.14784,5.908176999999999,0 -55.2329,5.903266,0 -55.335967,5.962708,0 -55.637318,5.985906999999999,0 -55.844382,5.975962,0 -55.900654,5.951945000000001,0 -55.95116900000001,5.881511,0 -55.933959,5.849827000000001,0 -55.899963,5.841964000000001,0 -55.915362,5.821771,0 -55.88402299999999,5.741929000000001,0 -55.897694,5.676703,0 -55.897694,5.763006999999999,0 -55.936006,5.804661,0 -56.57395,5.940756,0 -56.659512,5.979715999999999,0 -56.830356,5.985557,0 -56.956537,6.011574,0 -57.066029,5.9501,0 -57.102283,5.886416,0 -57.12577,5.818144999999999,0 -57.163686,5.557074,0 -57.24767,5.484931,0 -57.265208,5.403366,0 -57.332284,5.327867,0 -57.331715,5.30761,0 -57.288824,5.30854,0 -57.280452,5.225341,0 -57.253787,5.234927,0 -57.26743,5.266295,0 -57.237613,5.268723,0 -57.184903,5.183147,0 -57.233324,5.142116,0 -57.247276,5.172373,0 -57.28897899999999,5.171029,0 -57.321432,5.070157,0 -57.280452,5.026103,0 -57.49025899999999,4.99135,0 -57.517596,5.012434,0 -57.610096,4.99135,0 -57.686939,5.006259,0 -57.72047700000001,4.9898,0 -57.773962,4.926445,0 -57.842795,4.929881,0 -57.918501,4.829758,0 -57.92537400000001,4.796142,0 -57.88455,4.762863,0 -57.837421,4.65088,0 -57.92186,4.450944,0 -57.952659,4.409732,0 -57.95384800000001,4.299015,0 -58.065934,4.171839,0 -58.032138,3.987716,0 -57.942117,3.905447,0 -57.875145,3.812197,0 -57.829773,3.662439,0 -57.72611,3.607197,0 -57.70285599999999,3.555676,0 -57.644048,3.51666,0 -57.664615,3.417544,0 -57.64993900000001,3.385944,0 -57.55423399999999,3.346748,0 -57.522401,3.365248,0 -57.476254,3.338945,0 -57.430934,3.360623,0 -57.425043,3.387494999999999,0 -57.366752,3.36561,0 -57.308409,3.39491,0 -57.280452,3.329772,0 -57.29249299999999,3.276287,0 -57.274923,3.169007,0 -57.286033,3.142393,0 -57.233324,3.14167,0 -57.248568,3.112369,0 -57.205987,3.028137,0 -57.226451,3.021264,0 -57.234615,2.970362,0 -57.188623,2.95951,0 -57.183818,2.944679,0 -57.219629,2.908299,0 -57.202266,2.846236,0 -57.17461899999999,2.818951,0 -57.126405,2.826029999999999,0 -57.143665,2.790012,0 -57.13705000000001,2.77115,0 -57.08987,2.773889,0 -57.10294400000001,2.740454,0 -57.061964,2.68175,0 -57.05597,2.642372,0 -57.02723799999999,2.648212,0 -57.020468,2.635447,0 -57.02723799999999,2.59359,0 -56.997111,2.555142,0 -57.000573,2.514163,0 -56.951274,2.515455,0 -56.95959300000001,2.483777,0 -56.930241,2.436183,0 -56.938458,2.41143,0 -56.883887,2.339755,0 -56.88014100000001,2.294796,0 -56.838877,2.281102,0 -56.801464,2.165967,0 -56.70519000000001,2.029645,0 -56.677802,2.018405,0 -56.57977199999999,2.016803,0 -56.499983,1.969984,0 -56.481819,1.941614,0 -56.429807,1.9227,0 -56.347951,1.926602,0 -56.273796,1.887509,0 -56.209768,1.888542,0 -56.019651,1.833507,0 -55.953815,1.853273,0 -55.922034,1.886217,0 -55.918262,2.050393,0 -56.03133,2.163487,0 -56.072929,2.241518,0 -56.14677499999999,2.256194,0 -56.10378000000001,2.349057,0 -56.050243,2.347041,0 -56.013346,2.398821,0 -55.996913,2.503259,0 -55.971023,2.530338,0 -55.925031,2.515662,0 -55.85376899999999,2.462642,0 -55.773568,2.440059,0 -55.754602,2.409415,0 -55.72429399999999,2.396909,0 -55.608306,2.433961,0 -55.399585,2.430189,0 -55.37105999999999,2.442539,0 -55.354523,2.494888,0 -55.32052,2.518297,0 -55.25192000000001,2.497885,0 -55.17195100000001,2.559328,0 -55.13779299999999,2.56217,0 -55.136604,2.5338,0 -55.120894,2.524808,0 -55.017748,2.590592,0 -54.959095,2.608989,0 -54.978577,2.54305,0 -54.880289,2.447345,0 -54.841919,2.433496,0 -54.743036,2.466517,0 -54.703194,2.445847,0 -54.695597,2.403524,0 -54.715699,2.375928,0 -54.704124,2.32482,0 -54.634128,2.320118,0 -54.584751,2.348333,0 -54.53157600000001,2.340168,0 -54.493387,2.417063,0 -54.423469,2.435925,0 -54.375617,2.483777,0 -54.285338,2.677977,0 -54.170203,2.853057,0 -54.191339,2.877345,0 -54.162968,2.955996,0 -54.185137,2.997803,0 -54.169169,3.010722,0 -54.190667,3.059143,0 -54.177024,3.072785,0 -54.177076,3.116555,0 -54.18798,3.130973,0 -54.211182,3.127407,0 -54.176559,3.200581,0 -54.08080500000001,3.309314,0 -54.00303,3.455397,0 
							</coordinates>
						</LinearRing>
					</outerBoundaryIs>
				</Polygon>
			</Placemark>
		</Folder>
		<Folder id="123EE14DC4173F8C0BDEF6">
			<name>Uruguay</name>
			<snippet></snippet>
			<styleUrl>#__managed_style_08FA8503193F8C0BDF1B</styleUrl>
			<Placemark id="12440F3EB6C43F8C0BDEF6">
				<name>Uruguay</name>
				<snippet></snippet>
				<description>See: 2050-snapshot/domains/borders-geopolitics.md</description>
				<styleUrl>#__managed_style_63784C42063F8C0BDF1F</styleUrl>
				<Polygon>
					<outerBoundaryIs>
						<LinearRing>
							<coordinates>
								-57.64246599999999,-30.193092,0 -57.62373899999999,-30.2581,0 -57.652729,-30.329104,0 -57.87710899999999,-30.514829,0 -57.88579,-30.589863,0 -57.81788700000001,-30.712026,0 -57.796132,-30.868399,0 -57.807242,-30.90757,0 -57.90398,-30.929687,0 -57.91173200000001,-30.947361,0 -57.863311,-31.012266,0 -57.855249,-31.058982,0 -57.91173200000001,-31.170603,0 -57.905117,-31.240986,0 -57.966354,-31.314573,0 -57.99022799999999,-31.399323,0 -58.062575,-31.444281,0 -58.075236,-31.475184,0 -57.986818,-31.554145,0 -57.97958300000001,-31.59879400000001,0 -58.048881,-31.797128,0 -58.152854,-31.835988,0 -58.202618,-31.89314299999999,0 -58.158797,-31.943889,0 -58.145309,-32.01789,0 -58.158797,-32.101554,0 -58.186547,-32.15292,0 -58.096527,-32.280974,0 -58.10159099999999,-32.31136,0 -58.199724,-32.444789,0 -58.197418,-32.469822,0 -58.137766,-32.670668,0 -58.130767,-32.802667,0 -58.057118,-32.881768,0 -58.048492,-32.911716,0 -58.08373000000001,-33.04754,0 -58.137766,-33.095147,0 -58.174428,-33.110447,0 -58.310292,-33.108819,0 -58.351389,-33.121677,0 -58.366933,-33.153741,0 -58.350738,-33.305759,0 -58.418935,-33.389907,0 -58.37857,-33.448663,0 -58.433217,-33.527765,0 -58.425771,-33.612888,0 -58.439361,-33.6985,0 -58.402699,-33.922784,0 -58.316518,-33.986505,0 -58.231842,-34.0888,0 -58.20873,-34.147638,0 -58.076975,-34.19199,0 -58.04979400000001,-34.240004,0 -58.016916,-34.253106,0 -57.89759999999999,-34.376339,0 -57.90019,-34.416525,0 -57.854048,-34.447882,0 -57.855354,-34.470967,0 -57.764115,-34.474295,0 -57.594997,-34.425473,0 -57.569475,-34.426504,0 -57.537914,-34.453614,0 -57.47466299999999,-34.429541,0 -57.436974,-34.444576,0 -57.3652,-34.43044,0 -57.346942,-34.443459,0 -57.151964,-34.450932,0 -57.062408,-34.506524,0 -57.057425,-34.527127,0 -56.87389100000001,-34.67018,0 -56.646362,-34.722642,0 -56.558013,-34.765069,0 -56.485088,-34.75355,0 -56.37612,-34.782729,0 -56.361282,-34.796636,0 -56.42076600000001,-34.82822,0 -56.402943,-34.85475,0 -56.311269,-34.906183,0 -56.256337,-34.906183,0 -56.230551,-34.87775,0 -56.214589,-34.879588,0 -56.203455,-34.887503,0 -56.213002,-34.907693,0 -56.17728999999999,-34.916325,0 -56.156088,-34.941188,0 -56.13563300000001,-34.912829,0 -56.069634,-34.901003,0 -55.889101,-34.803475,0 -55.693448,-34.764741,0 -55.50963599999999,-34.799065,0 -55.376943,-34.801446,0 -55.33828700000001,-34.81878,0 -55.260243,-34.897638,0 -55.06037400000001,-34.887791,0 -55.03307,-34.916762,0 -54.975738,-34.928481,0 -54.951772,-34.952895,0 -54.958608,-34.973403,0 -54.93932,-34.969903,0 -54.913726,-34.945245,0 -54.636464,-34.84881,0 -54.306467,-34.707696,0 -54.280141,-34.682306,0 -54.289215,-34.660252,0 -54.322581,-34.644708,0 -54.33739199999999,-34.654718,0 -54.344635,-34.630629,0 -54.280141,-34.582289,0 -54.328603,-34.561782,0 -54.238596,-34.589776,0 -54.25283799999999,-34.630792,0 -54.23233,-34.658136,0 -54.259674,-34.685968,0 -54.14590400000001,-34.667576,0 -54.124623,-34.610447,0 -53.972239,-34.487237,0 -53.76488199999999,-34.390395,0 -53.779897,-34.336033,0 -53.75597100000001,-34.267673,0 -53.693593,-34.181736,0 -53.539459,-34.062433,0 -53.473053,-33.834568,0 -53.37909500000001,-33.740676,0 -53.411283,-33.74228,0 -53.45670700000001,-33.687503,0 -53.511535,-33.690294,0 -53.539647,-33.649263,0 -53.514016,-33.394911,0 -53.536857,-33.170842,0 -53.511639,-33.099426,0 -53.44911,-33.042065,0 -53.316302,-32.96269,0 -53.298835,-32.889102,0 -53.126856,-32.754847,0 -53.110836,-32.722394,0 -53.119776,-32.707408,0 -53.201477,-32.637232,0 -53.415624,-32.564161,0 -53.5613,-32.449543,0 -53.64387899999999,-32.355595,0 -53.65855500000001,-32.254309,0 -53.72144500000001,-32.162428,0 -53.757308,-32.055045,0 -53.858077,-32.021197,0 -53.90582599999999,-31.959288,0 -54.008714,-31.926526,0 -54.049745,-31.887148,0 -54.088451,-31.878156,0 -54.146277,-31.909886,0 -54.27422800000001,-31.823379,0 -54.463725,-31.671864,0 -54.495041,-31.565617,0 -54.562375,-31.515905,0 -54.604543,-31.459784,0 -54.849903,-31.425057,0 -54.969637,-31.340825,0 -55.02937499999999,-31.268788,0 -55.087253,-31.326769,0 -55.24434900000001,-31.244603,0 -55.2937,-31.153653,0 -55.338039,-31.125644,0 -55.36857899999999,-31.037381,0 -55.591873,-30.848348,0 -55.649673,-30.860958,0 -55.652748,-30.938989,0 -55.731891,-30.945397,0 -55.763594,-31.008442,0 -55.85459599999999,-31.074588,0 -56.011357,-31.082133,0 -56.022183,-31.06714699999999,0 -56.015517,-30.934338,0 -55.98895499999999,-30.85579,0 -56.011357,-30.798222,0 -56.076857,-30.752334,0 -56.21509100000001,-30.581905,0 -56.385985,-30.475761,0 -56.42463899999999,-30.423568,0 -56.523754,-30.357319,0 -56.575017,-30.302439,0 -56.631345,-30.284662,0 -56.641783,-30.233916,0 -56.76699500000001,-30.161362,0 -56.831281,-30.102037,0 -57.077106,-30.106068,0 -57.129557,-30.149993,0 -57.183714,-30.267505,0 -57.245054,-30.293344,0 -57.27037600000001,-30.275154,0 -57.296472,-30.293344,0 -57.353833,-30.27195,0 -57.39925699999999,-30.299131,0 -57.44313,-30.269469,0 -57.535992,-30.27443,0 -57.567463,-30.256343,0 -57.602793,-30.190517,0 -57.64246599999999,-30.193092,0 
							</coordinates>
						</LinearRing>
					</outerBoundaryIs>
				</Polygon>
			</Placemark>
		</Folder>
		<Folder id="12551D8874143F8C0BDEF6">
			<name>Venezuela</name>
			<snippet></snippet>
			<styleUrl>#__managed_style_08FA8503193F8C0BDF1B</styleUrl>
			<Placemark id="1262B07AB8B23F8C0BDEF6">
				<name>Venezuela</name>
				<snippet></snippet>
				<description>See: 2050-snapshot/domains/borders-geopolitics.md#andean-states</description>
				<styleUrl>#__managed_style_18880A326B63F8C0BDF1C</styleUrl>
				<Polygon>
					<outerBoundaryIs>
						<LinearRing>
							<coordinates>
								-60.197825,8.623847,0 -60.371897,8.635403,0 -60.403717,8.622503999999999,0 -60.461578,8.534369,0 -60.478912,8.532375,0 -60.626088,8.555486999999999,0 -60.692454,8.604682,0 -60.97557500000001,8.575995000000001,0 -61.02037499999999,8.468817,0 -61.066558,8.456284999999999,0 -61.07188900000001,8.403306000000001,0 -61.085764,8.415595,0 -61.077992,8.466457,0 -61.040151,8.472846000000001,0 -61.026601,8.500921999999999,0 -61.18102,8.493394,0 -61.28404699999999,8.397202999999999,0 -61.331776,8.438178000000001,0 -61.35911999999999,8.486558,0 -61.434234,8.479153,0 -61.499664,8.534369,0 -61.537262,8.527574,0 -61.598744,8.555486999999999,0 -61.65196699999999,8.585842,0 -61.65904700000001,8.616523000000001,0 -61.60554,8.630561,0 -61.52306100000001,8.596625,0 -61.34854099999999,8.610093000000001,0 -61.277211,8.589016000000001,0 -61.233306,8.589301000000001,0 -61.209462,8.609036,0 -61.180084,8.735825999999999,0 -61.11205000000001,8.857123,0 -61.11774699999999,8.903713,0 -61.09968,8.960354000000001,0 -61.07852100000001,8.997463,0 -61.00658099999999,9.048774,0 -60.959137,9.182522000000001,0 -61.11205000000001,9.04149,0 -61.085439,9.102444,0 -60.968658,9.206,0 -60.82188899999999,9.272773000000001,0 -60.810414,9.315863,0 -60.797434,9.294745000000001,0 -60.78539,9.313544,0 -60.797434,9.384710999999999,0 -60.86229400000001,9.456122000000001,0 -60.92072499999999,9.490302,0 -60.961293,9.487454,0 -60.960601,9.538722999999999,0 -61.053212,9.581284999999999,0 -61.130116,9.572495999999999,0 -61.208323,9.603827000000001,0 -61.191965,9.583318999999999,0 -61.206044,9.577379000000001,0 -61.23650799999999,9.632168999999999,0 -61.439168,9.818410999999999,0 -61.50309800000001,9.839567000000001,0 -61.45804200000001,9.812457999999999,0 -61.422265,9.736261000000001,0 -61.47570100000001,9.801701,0 -61.63673500000001,9.898771,0 -61.670966,9.896499,0 -61.578114,9.808824,0 -61.57380100000001,9.794582,0 -61.592519,9.781968000000001,0 -61.7901,9.830667,0 -61.828172,9.827158000000001,0 -61.797353,9.774563000000001,0 -61.763173,9.760891000000001,0 -61.731028,9.694037,0 -61.743316,9.596380999999999,0 -61.743316,9.699408,0 -61.7801,9.759223,0 -61.797353,9.760891000000001,0 -61.845774,9.651028,0 -61.810374,9.748196,0 -61.83145099999999,9.791938,0 -62.025383,9.957357,0 -62.196476,10.019678,0 -62.236806,9.966946,0 -62.221425,9.951809000000001,0 -62.13561,9.940619,0 -62.08901899999999,9.898097999999999,0 -62.027333,9.874416,0 -62.08845,9.879299,0 -62.119456,9.921454000000001,0 -62.19518,9.932807,0 -62.160471,9.850246,0 -62.154286,9.726141999999999,0 -62.181874,9.648871,0 -62.215688,9.637926,0 -62.187611,9.662665000000001,0 -62.175893,9.704983,0 -62.1787,9.846137000000001,0 -62.221995,9.938381,0 -62.25723200000001,9.974351,0 -62.24299100000001,9.842841,0 -62.27049699999999,9.766669,0 -62.318715,9.706244,0 -62.32429,9.785631,0 -62.377594,9.88467,0 -62.408925,9.924018,0 -62.44164,9.932807,0 -62.426178,9.967515000000001,0 -62.494944,10.151801,0 -62.579945,10.224433,0 -62.61953700000001,10.224433,0 -62.626576,10.196275,0 -62.605946,10.133246,0 -62.61852,10.09162,0 -62.663564,10.060858,0 -62.71670499999999,10.048407,0 -62.764312,10.076158,0 -62.784983,10.06977,0 -62.777415,10.018459,0 -62.801096,9.995998,0 -62.797922,10.028998,0 -62.853139,10.05565,0 -62.89557900000001,10.044013,0 -62.911204,10.052314,0 -62.91462199999999,10.083645,0 -62.931711,10.065009,0 -62.920766,10.007961,0 -62.93602499999999,10.008246,0 -62.95299200000001,10.08808,0 -62.982167,10.069078,0 -63.017649,10.103461,0 -62.989329,10.096259,0 -62.963002,10.110297,0 -62.935129,10.083645,0 -62.901519,10.103461,0 -62.894114,10.069322,0 -62.851389,10.08039,0 -62.822743,10.04206,0 -62.777455,10.086493,0 -62.71255399999999,10.069322,0 -62.656606,10.08218,0 -62.626576,10.130805,0 -62.67495699999999,10.213324,0 -62.67495699999999,10.293362,0 -62.764475,10.395331,0 -62.80162500000001,10.405178,0 -62.87979099999999,10.370998,0 -62.942494,10.405178,0 -62.957102,10.383775,0 -62.93163,10.285631,0 -63.003977,10.275377,0 -62.97858599999999,10.310981,0 -62.997141,10.323188,0 -62.956166,10.357367,0 -62.97598199999999,10.398342,0 -63.003977,10.38467,0 -62.995188,10.407864,0 -62.897817,10.412014,0 -62.866119,10.391506,0 -62.831125,10.406806,0 -62.841176,10.511786,0 -62.857004,10.531562,0 -62.894114,10.529283,0 -63.01081300000001,10.453559,0 -62.923329,10.530829,0 -62.662343,10.567043,0 -62.33494999999999,10.530219,0 -62.252675,10.632392,0 -62.17446900000001,10.642279,0 -62.088938,10.631293,0 -61.962473,10.652167,0 -61.897694,10.690375,0 -61.886708,10.680121,0 -61.87686100000001,10.722724,0 -61.845774,10.740953,0 -61.93517,10.721096,0 -61.98233,10.734687,0 -62.036244,10.714016,0 -62.10240599999999,10.713609,0 -62.154205,10.686347,0 -62.638051,10.742621,0 -62.70567799999999,10.76203,0 -62.928212,10.699368,0 -63.01423100000001,10.721096,0 -63.137441,10.706773,0 -63.16161,10.734687,0 -63.25129099999999,10.680569,0 -63.331532,10.68537,0 -63.339752,10.672675,0 -63.387563,10.699368,0 -63.40489700000001,10.665839,0 -63.466176,10.667629,0 -63.553334,10.629136,0 -63.756947,10.665595,0 -63.81212299999999,10.713609,0 -63.846832,10.652167,0 -63.91510999999999,10.631049,0 -64.03185000000001,10.637885,0 -64.04889900000001,10.652167,0 -64.14476500000001,10.617418,0 -64.240793,10.646064,0 -64.270741,10.672675,0 -64.297678,10.619859,0 -64.249135,10.520453,0 -64.233876,10.515041,0 -64.169057,10.570258,0 -64.08617099999999,10.567125,0 -64.03185000000001,10.590074,0 -64.045481,10.570258,0 -63.966664,10.581366,0 -63.92373599999999,10.560289,0 -63.82315000000001,10.549384,0 -63.72972600000001,10.497504,0 -63.655019,10.494534,0 -63.863637,10.446112,0 -63.943023,10.460395,0 -64.051829,10.447943,0 -64.127675,10.477607,0 -64.188547,10.477607,0 -64.210561,10.439276,0 -64.33918199999999,10.390692,0 -64.357411,10.33869,0 -64.38125599999999,10.386217,0 -64.402415,10.370998,0 -64.380605,10.370998,0 -64.380605,10.343695,0 -64.429067,10.323188,0 -64.463368,10.332831,0 -64.454945,10.313422,0 -64.409576,10.304674,0 -64.382232,10.316962,0 -64.376698,10.300767,0 -64.440175,10.276272,0 -64.468373,10.248603,0 -64.53148400000001,10.25434,0 -64.552235,10.242336,0 -64.559397,10.25434,0 -64.579905,10.248114,0 -64.572418,10.261705,0 -64.631418,10.248114,0 -64.668609,10.207099,0 -64.657623,10.196682,0 -64.667633,10.187323,0 -64.69660399999999,10.199693,0 -64.676096,10.213324,0 -64.71702999999999,10.227607,0 -64.728627,10.136054,0 -64.776601,10.090399,0 -64.96348999999999,10.097317,0 -65.083974,10.047512,0 -65.148915,10.058417,0 -65.17568900000001,10.083645,0 -65.08019,10.062567,0 -65.169545,10.097317,0 -65.580434,10.185452,0 -65.86847899999999,10.309556,0 -65.84732,10.281399,0 -65.717641,10.22016,0 -65.80211300000001,10.225653,0 -65.896962,10.287991,0 -65.92300400000001,10.282213,0 -65.944163,10.309556,0 -65.92992099999999,10.323188,0 -65.882069,10.309556,0 -65.95287,10.35163,0 -66.12222199999999,10.507025,0 -66.12169299999999,10.542955,0 -66.076161,10.548896,0 -66.046539,10.576483,0 -66.1044,10.584418,0 -66.275868,10.652167,0 -66.333974,10.611233,0 -66.54157499999999,10.632717,0 -67.012359,10.611233,0 -67.170033,10.555976,0 -67.56017,10.528266,0 -67.77757699999999,10.495998,0 -67.848378,10.474066,0 -67.865387,10.452216,0 -67.880605,10.479967,0 -67.941233,10.466457,0 -68.00645900000001,10.488471,0 -68.129547,10.487738,0 -68.20958400000001,10.537258,0 -68.287099,10.657904,0 -68.33193900000001,10.829576,0 -68.32656799999999,10.84927,0 -68.266184,10.8581,0 -68.23884,10.884955,0 -68.262685,10.903144,0 -68.376617,10.919094,0 -68.335072,10.939602,0 -68.287262,10.912828,0 -68.278432,10.925482,0 -68.388661,11.128241,0 -68.40331,11.200263,0 -68.417592,11.179145,0 -68.48351,11.206936,0 -68.517974,11.249335,0 -68.615224,11.303412,0 -68.65567,11.347886,0 -68.754384,11.374091,0 -68.86318900000001,11.452867,0 -69.061879,11.453518,0 -69.109039,11.49136,0 -69.270416,11.536038,0 -69.376698,11.494045,0 -69.50007100000001,11.508734,0 -69.588694,11.463039,0 -69.623606,11.46776,0 -69.700307,11.540188,0 -69.747141,11.63227,0 -69.808583,11.803616,0 -69.835317,12.015204,0 -69.925364,12.159613,0 -70.01773,12.19892,0 -70.064565,12.181464,0 -70.144276,12.117987,0 -70.2058,12.112006,0 -70.213246,12.056789,0 -70.254628,12.006822,0 -70.301991,11.85814,0 -70.28453500000001,11.857327,0 -70.24059,11.761949,0 -70.22394799999999,11.788398,0 -70.20799700000001,11.774319,0 -70.2058,11.734687,0 -70.233144,11.748358,0 -70.21239199999999,11.687201,0 -70.233144,11.652737,0 -70.229888,11.627875,0 -70.211781,11.609076,0 -70.18651300000001,11.602688,0 -69.945139,11.673245,0 -69.950063,11.656684,0 -69.927724,11.658433,0 -69.84951700000001,11.693671,0 -69.825022,11.675238,0 -69.816029,11.693671,0 -69.74364199999999,11.503363,0 -69.747141,11.48078,0 -69.794911,11.436713,0 -69.814076,11.425605,0 -69.844605,11.436232,0 -69.925899,11.513061,0 -69.945978,11.519774,0 -69.97562499999999,11.502896,0 -70.02437399999999,11.514073,0 -70.161598,11.568545,0 -70.096301,11.531066,0 -70.119862,11.522406,0 -70.053909,11.506482,0 -70.036529,11.440904,0 -70.07901,11.457343,0 -70.099374,11.429547,0 -70.154466,11.469974,0 -70.16440299999999,11.462933,0 -70.146004,11.454412,0 -70.145172,11.428941,0 -70.15900600000001,11.401435,0 -70.231067,11.351587,0 -70.287953,11.357082,0 -70.433948,11.287597,0 -70.48644,11.295111,0 -70.51061,11.286363,0 -70.507436,11.261664,0 -70.480133,11.289008,0 -70.51390499999999,11.25316,0 -70.62975,11.239203,0 -70.68561800000001,11.248033,0 -70.86969999999999,11.196275,0 -71.293935,10.98664,0 -71.50112900000001,10.960028,0 -71.44766199999999,10.920396,0 -71.412465,10.919094,0 -71.45335900000001,10.871894,0 -71.435292,10.818915,0 -71.44591200000001,10.79621,0 -71.50999899999999,10.812649,0 -71.583119,10.809231,0 -71.52790299999999,10.740953,0 -71.535308,10.686347,0 -71.500111,10.627997,0 -71.537465,10.597968,0 -71.54157499999999,10.564887,0 -71.46629799999999,10.502143,0 -71.46935000000001,10.401801,0 -71.422597,10.343166,0 -71.36388100000001,10.219957,0 -71.26781200000001,10.151923,0 -71.20693900000001,9.980618,0 -71.162465,9.970933,0 -71.072418,9.857856,0 -71.07282499999999,9.841620000000001,0 -71.09023999999999,9.836615,0 -71.08617099999999,9.811998000000001,0 -71.035634,9.744085999999999,0 -71.06607,9.589544999999999,0 -71.09023999999999,9.555406,0 -71.05614199999999,9.363593,0 -71.062408,9.326646,0 -71.151723,9.28852,0 -71.20641000000001,9.232163999999999,0 -71.241038,9.155748000000001,0 -71.371409,9.093329000000001,0 -71.557688,9.041570999999999,0 -71.645904,9.049628,0 -71.708567,9.076727999999999,0 -71.761871,9.130845000000001,0 -71.734527,9.165025,0 -71.75182,9.190740999999999,0 -71.75324500000001,9.20425,0 -71.734527,9.206,0 -71.749379,9.216295000000001,0 -71.74469999999999,9.237615999999999,0 -71.816518,9.233302999999999,0 -71.73998,9.289374,0 -71.748199,9.343166,0 -71.72801699999999,9.348089999999999,0 -71.734527,9.384710999999999,0 -71.76085399999999,9.364732,0 -71.833567,9.425727,0 -71.89159100000001,9.425727,0 -71.90526300000001,9.384710999999999,0 -71.913808,9.412584000000001,0 -71.900746,9.434556000000001,0 -71.84439,9.439358,0 -71.918935,9.50019,0 -71.918935,9.480292,0 -71.936391,9.50019,0 -71.99522899999999,9.459215,0 -72.015126,9.521307999999999,0 -71.98371299999999,9.497463,0 -71.967519,9.498236,0 -71.96052,9.51789,0 -71.977895,9.555894,0 -72.00829,9.575873,0 -71.987864,9.589544999999999,0 -71.987864,9.610053000000001,0 -71.964833,9.551093,0 -71.946848,9.541164,0 -71.998931,9.654731,0 -72.09023999999999,9.754625000000001,0 -72.124379,9.826077,0 -72.043691,9.929592,0 -71.969065,10.105699,0 -71.897694,10.139228,0 -71.754465,10.370998,0 -71.629547,10.454006,0 -71.63093000000001,10.518459,0 -71.60558,10.581855,0 -71.610422,10.637885,0 -71.576283,10.721096,0 -71.67406200000001,10.802395,0 -71.71043899999999,10.878607,0 -71.715688,10.95775,0 -71.768666,11.015286,0 -71.74421100000001,11.035956,0 -71.69713299999999,11.02558,0 -71.675282,11.003607,0 -71.679311,10.987982,0 -71.624664,11.000963,0 -71.626454,11.01496,0 -71.76976500000001,11.10635,0 -71.85692299999999,11.216986,0 -71.93932,11.380764,0 -71.970123,11.511379,0 -71.96052,11.591254,0 -71.900706,11.621324,0 -71.67442800000001,11.684719,0 -71.507069,11.709784,0 -71.378163,11.75845,0 -71.371449,11.783108,0 -71.336049,11.789252,0 -71.343861,11.807522,0 -71.327507,11.849998,0 -71.357629,11.850802,0 -71.44945800000001,11.795457,0 -71.97108,11.661925,0 -72.007926,11.624615,0 -72.267083,11.154902,0 -72.341342,11.16211,0 -72.499317,11.120795,0 -72.57647,10.957368,0 -72.682975,10.855618,0 -72.754392,10.674853,0 -72.843017,10.560597,0 -72.91489900000001,10.432904,0 -72.935621,10.175194,0 -72.987711,9.999416999999999,0 -72.996961,9.900715,0 -72.97763399999999,9.838056999999999,0 -72.98554,9.812167000000001,0 -73.107652,9.577995,0 -73.178448,9.523037,0 -73.324383,9.255922,0 -73.390839,9.194504,0 -73.377816,9.164687000000001,0 -73.212245,9.173446,0 -73.032669,9.294601999999999,0 -73.009725,9.295377,0 -72.980063,9.216519,0 -72.97319,9.128436000000001,0 -72.95531,9.103992999999999,0 -72.82668700000001,9.141691,0 -72.79103000000001,9.113941000000001,0 -72.800022,9.079447,0 -72.783072,9.059939,0 -72.67543000000001,8.651514000000001,0 -72.45627,8.403933,0 -72.393535,8.355383,0 -72.38397500000001,8.321793,0 -72.39596400000001,8.256603,0 -72.33576100000001,8.103899,0 -72.333849,8.065478000000001,0 -72.350075,8.042585000000001,0 -72.40707399999999,8.043774000000001,0 -72.430122,7.990521000000001,0 -72.491204,7.937500999999999,0 -72.458647,7.893524000000001,0 -72.451774,7.832805,0 -72.483349,7.649353,0 -72.463402,7.570752999999999,0 -72.47869799999999,7.484454,0 -72.414619,7.413812000000001,0 -72.206208,7.381876,0 -72.16404,7.328856000000001,0 -72.17422000000001,7.279608,0 -72.164143,7.220800999999999,0 -72.09825600000001,7.086752,0 -71.993818,7.012855,0 -71.84819400000001,6.983864,0 -71.771506,7.011148999999999,0 -71.774038,7.028926,0 -71.6696,7.027738000000001,0 -71.667016,7.051509,0 -71.62040399999999,7.052128999999999,0 -71.59472100000001,7.030115000000001,0 -71.50991999999999,7.03461,0 -71.46769999999999,7.012441,0 -71.413905,7.030993,0 -71.292517,7.025774,0 -71.275516,6.984380999999999,0 -71.184048,6.962573999999999,0 -71.13604100000001,6.992132,0 -71.011268,6.990892,0 -70.96132299999999,7.009444,0 -70.895539,7.06851,0 -70.70330199999999,7.09993,0 -70.639275,7.073471,0 -70.57860700000001,7.085822,0 -70.510704,7.009701999999999,0 -70.45166399999999,7.007687000000001,0 -70.319062,6.938286,0 -70.287617,6.936942,0 -70.195013,6.977560000000001,0 -70.129203,6.972547,0 -69.44363800000001,6.122237,0 -69.331396,6.15637,0 -69.246104,6.080664,0 -69.06112899999999,6.217839,0 -68.892922,6.184326,0 -68.807863,6.184326,0 -68.63531500000001,6.13588,0 -68.58472399999999,6.170012,0 -68.449021,6.194998,0 -68.30417199999999,6.176987999999999,0 -68.146508,6.223781,0 -67.977991,6.217839,0 -67.924144,6.234556,0 -67.90430000000001,6.275148,0 -67.868127,6.279876,0 -67.82719899999999,6.313414,0 -67.573984,6.266233999999999,0 -67.490475,6.201638,0 -67.449961,6.197943,0 -67.48696099999999,6.166782,0 -67.49119899999999,6.114486,0 -67.428567,6.03847,0 -67.42246900000001,5.978241,0 -67.485204,5.944082999999999,0 -67.62514400000001,5.784506,0 -67.64906999999999,5.65609,0 -67.617031,5.541601,0 -67.65248099999999,5.477961,0 -67.75211299999999,5.409671,0 -67.772577,5.409671,0 -67.83458899999999,5.339313,0 -67.843684,5.297249,0 -67.81350500000001,5.186558,0 -67.82662999999999,5.120386,0 -67.793092,5.063335,0 -67.82637200000001,4.894844,0 -67.81350500000001,4.840507,0 -67.822858,4.743588,0 -67.845647,4.689741,0 -67.85515599999999,4.566157,0 -67.875051,4.532644,0 -67.829059,4.491432,0 -67.81350500000001,4.44327,0 -67.793092,4.428981,0 -67.799862,4.398906,0 -67.779398,4.350795,0 -67.80492599999999,4.268474,0 -67.786219,4.172976,0 -67.720642,4.074972,0 -67.69387399999999,3.928599000000001,0 -67.644419,3.834625,0 -67.631759,3.761865,0 -67.59481,3.73091,0 -67.537449,3.73551,0 -67.49982900000001,3.717914,0 -67.471407,3.680060999999999,0 -67.40391700000001,3.504464,0 -67.304647,3.425709,0 -67.309453,3.383929,0 -67.395804,3.266572,0 -67.45218300000001,3.243679,0 -67.83861899999999,2.88613,0 -67.855259,2.858173,0 -67.855931,2.789753,0 -67.823323,2.827322,0 -67.75102800000001,2.842102,0 -67.690411,2.806341,0 -67.626591,2.813421,0 -67.59429299999999,2.776111,0 -67.575586,2.691103,0 -67.500294,2.675342,0 -67.47089,2.627128,0 -67.340614,2.510494,0 -67.32542100000001,2.47463,0 -67.189718,2.394377,0 -67.17375,2.336448,0 -67.217675,2.284513,0 -67.21726200000001,2.266064,0 -67.17783300000001,2.154495,0 -67.114633,2.102999,0 -67.11117,2.048842,0 -67.132616,1.99081,0 -67.08729599999999,1.938823,0 -66.98089400000001,1.665946,0 -66.974176,1.580034,0 -66.93361,1.501692,0 -66.932731,1.424643,0 -66.88353600000001,1.349945,0 -66.900899,1.288966,0 -66.875061,1.22251,0 -66.407079,0.802071,0 -66.346204,0.759386,0 -66.285071,0.745847,0 -66.20874499999999,0.7631070000000001,0 -66.134382,0.7311190000000001,0 -66.07919200000001,0.777576,0 -65.974082,0.80698,0 -65.891761,0.8956050000000001,0 -65.74544,0.9741539999999999,0 -65.59604299999999,0.98361,0 -65.535814,0.928472,0 -65.518503,0.88651,0 -65.533179,0.8163339999999999,0 -65.58733599999999,0.739129,0 -65.585217,0.691483,0 -65.542661,0.649315,0 -65.45122000000001,0.69014,0 -65.413884,0.74161,0 -65.400009,0.8165399999999999,0 -65.327196,0.910281,0 -65.20304400000001,0.923821,0 -65.178988,0.955395,0 -65.160178,1.080194,0 -65.136769,1.126909,0 -65.022486,1.139983,0 -65.017448,1.162979,0 -64.966469,1.2006,0 -64.89740399999999,1.219668,0 -64.839293,1.270828,0 -64.73087599999999,1.247574,0 -64.60421700000001,1.331289,0 -64.551197,1.419527,0 -64.40900999999999,1.507506,0 -64.364594,1.497093,0 -64.394773,1.39219,0 -64.389579,1.369297,0 -64.352941,1.365835,0 -64.301523,1.446657,0 -64.129724,1.57807,0 -64.092957,1.622615,0 -64.07254399999999,1.684575,0 -64.053605,1.89371,0 -64.036629,1.927274,0 -63.958339,1.970708,0 -63.783208,1.974997,0 -63.61753299999999,2.101165,0 -63.56198100000001,2.126357,0 -63.411758,2.149379,0 -63.372639,2.266839,0 -63.361115,2.40001,0 -63.384834,2.420577,0 -63.704091,2.437578,0 -63.831319,2.428638,0 -64.047972,2.471323,0 -64.057817,2.510442,0 -64.012186,2.60377,0 -63.997562,2.714926,0 -64.105953,2.947211,0 -64.22292299999999,3.123996,0 -64.216308,3.251431,0 -64.245609,3.41894,0 -64.19786000000001,3.515084,0 -64.20297600000001,3.594717,0 -64.324157,3.724114999999999,0 -64.434538,3.778478,0 -64.531431,3.853513,0 -64.642897,3.972963,0 -64.727104,4.140782,0 -64.813042,4.210571,0 -64.81291299999999,4.252791,0 -64.791622,4.284417,0 -64.74594,4.287621,0 -64.69987,4.264159,0 -64.660984,4.227469,0 -64.608222,4.126493,0 -64.58967,4.118871,0 -64.364981,4.151867,0 -64.240596,4.142022,0 -64.1467,4.110551,0 -64.108149,4.0581,0 -64.063811,3.911597,0 -64.03766299999999,3.882503,0 -63.996425,3.880798,0 -63.87514000000001,3.949812000000001,0 -63.77101199999999,3.928805,0 -63.671587,3.946245999999999,0 -63.622804,3.935213,0 -63.510666,3.854546,0 -63.46886,3.867233,0 -63.4254,3.968364,0 -63.35171,3.958726,0 -63.251199,3.88656,0 -62.997054,3.599135,0 -62.951062,3.570171,0 -62.88941200000001,3.560817,0 -62.78631800000001,3.604406,0 -62.749576,3.660372,0 -62.74042899999999,3.741943,0 -62.78879799999999,3.899401,0 -62.766267,3.964695,0 -62.766216,4.020712,0 -62.744357,4.034018,0 -62.56095699999999,4.037791,0 -62.536979,4.125408,0 -62.483701,4.13918,0 -62.46297800000001,4.174708,0 -62.428097,4.183182,0 -62.153592,4.090294,0 -62.035046,4.159876,0 -61.990191,4.166413,0 -61.931486,4.146415,0 -61.866891,4.157034,0 -61.737803,4.252067,0 -61.567271,4.248527,0 -61.52673099999999,4.285502,0 -61.501874,4.401851,0 -61.45818199999999,4.419137,0 -61.333228,4.423865,0 -61.29305000000001,4.44805,0 -61.322945,4.508847,0 -61.315581,4.520785,0 -61.238066,4.515875,0 -61.168587,4.490244,0 -60.977281,4.53497,0 -60.9478,4.573598,0 -60.895813,4.708525,0 -60.860027,4.712427,0 -60.71815000000001,4.784283,0 -60.612626,4.900581,0 -60.59193,4.949725,0 -60.598674,4.99688,0 -60.664303,5.170254,0 -60.739854,5.202138,0 -61.379608,5.9053,0 -61.396713,5.945581,0 -61.338086,5.986793,0 -61.269382,6.107224999999999,0 -61.19447700000001,6.132857,0 -61.16112,6.182880000000001,0 -61.121562,6.186652,0 -61.114792,6.264012000000001,0 -61.146702,6.294216,0 -61.16091300000001,6.342353,0 -61.139752,6.441262,0 -61.21197,6.561435,0 -61.190188,6.632878,0 -61.12983,6.715844000000001,0 -60.93382099999999,6.731735,0 -60.89948200000001,6.768554,0 -60.90757,6.815244,0 -60.837625,6.786357000000001,0 -60.79352000000001,6.793823999999999,0 -60.72153400000001,6.759691999999999,0 -60.700347,6.767082,0 -60.63955,6.837723,0 -60.54872799999999,6.863096,0 -60.420958,6.942213,0 -60.377344,6.938544,0 -60.35969600000001,7.004897,0 -60.30357500000001,7.054144,0 -60.291586,7.088302,0 -60.29993200000001,7.121013,0 -60.372021,7.172277,0 -60.47532199999999,7.188502999999999,0 -60.548005,7.125509000000001,0 -60.628413,7.191138,0 -60.643555,7.250670000000001,0 -60.602239,7.306532,0 -60.601774,7.330148,0 -60.628982,7.384357,0 -60.653244,7.398464,0 -60.660634,7.436136,0 -60.700657,7.4535,0 -60.73057800000001,7.525433,0 -60.71649600000001,7.551582,0 -60.67115,7.566051000000001,0 -60.63169500000001,7.6246,0 -60.601257,7.63385,0 -60.586995,7.727126,0 -60.525758,7.813374,0 -60.37476,7.823605999999999,0 -60.231125,7.964114,0 -60.183092,7.982666,0 -60.129219,8.028813,0 -60.02958700000001,8.042818,0 -59.99932999999999,8.115397,0 -60.000674,8.152939999999999,0 -59.957059,8.200146999999999,0 -59.848461,8.227741999999999,0 -59.82928900000001,8.245105000000001,0 -59.815595,8.287763999999999,0 -60.020985,8.558009999999999,0 -60.197825,8.623847,0 
							</coordinates>
						</LinearRing>
					</outerBoundaryIs>
				</Polygon>
			</Placemark>
			<Placemark id="1270C629F5C23F8C0BDEF6">
				<name>Venezuela</name>
				<snippet></snippet>
				<description>See: 2050-snapshot/domains/borders-geopolitics.md#andean-states</description>
				<styleUrl>#__managed_style_18880A326B63F8C0BDF1C</styleUrl>
				<Polygon>
					<outerBoundaryIs>
						<LinearRing>
							<coordinates>
								-61.137847,8.559760000000001,0 -61.12637299999999,8.534369,0 -61.18024699999999,8.569648000000001,0 -61.22761000000001,8.571600999999999,0 -61.27037500000001,8.514552999999999,0 -61.04157500000001,8.518541000000001,0 -61.050649,8.555486999999999,0 -61.027699,8.543118,0 -60.992543,8.576727999999999,0 -60.99600199999999,8.602688000000001,0 -61.09845899999999,8.602688000000001,0 -61.137847,8.559760000000001,0 
							</coordinates>
						</LinearRing>
					</outerBoundaryIs>
				</Polygon>
			</Placemark>
			<Placemark id="128C40902A323F8C0BDEF6">
				<name>Venezuela</name>
				<snippet></snippet>
				<description>See: 2050-snapshot/domains/borders-geopolitics.md#andean-states</description>
				<styleUrl>#__managed_style_18880A326B63F8C0BDF1C</styleUrl>
				<Polygon>
					<outerBoundaryIs>
						<LinearRing>
							<coordinates>
								-60.937652,8.990627,0 -60.971344,8.963324,0 -61.016713,8.880316000000001,0 -61.091624,8.822414,0 -60.933583,8.883938000000001,0 -60.86498,8.941229999999999,0 -60.850819,8.970649,0 -60.86571200000001,8.99433,0 -60.838368,9.000556,0 -60.897572,9.033393,0 -60.933258,9.018744,0 -60.937652,8.990627,0 
							</coordinates>
						</LinearRing>
					</outerBoundaryIs>
				</Polygon>
			</Placemark>
			<Placemark id="129426497D873F8C0BDEF6">
				<name>Venezuela</name>
				<snippet></snippet>
				<description>See: 2050-snapshot/domains/borders-geopolitics.md#andean-states</description>
				<styleUrl>#__managed_style_18880A326B63F8C0BDF1C</styleUrl>
				<Polygon>
					<outerBoundaryIs>
						<LinearRing>
							<coordinates>
								-61.043813,8.911770000000001,0 -61.027089,8.948676000000001,0 -60.942983,9.025824,0 -60.87564,9.043647,0 -60.85204,9.096137000000001,0 -60.93081600000001,9.075628999999999,0 -61.002268,9.000556,0 -61.069325,8.978827000000001,0 -61.09658799999999,8.90058,0 -61.085439,8.890692,0 -61.043813,8.911770000000001,0 
							</coordinates>
						</LinearRing>
					</outerBoundaryIs>
				</Polygon>
			</Placemark>
			<Placemark id="12AC1D7BFBE23F8C0BDEF6">
				<name>Venezuela</name>
				<snippet></snippet>
				<description>See: 2050-snapshot/domains/borders-geopolitics.md#andean-states</description>
				<styleUrl>#__managed_style_18880A326B63F8C0BDF1C</styleUrl>
				<Polygon>
					<outerBoundaryIs>
						<LinearRing>
							<coordinates>
								-60.853342,9.194037,0 -60.936757,9.164618000000001,0 -60.961293,9.069402999999999,0 -60.88971900000001,9.098578,0 -60.847483,9.163031,0 -60.853342,9.194037,0 
							</coordinates>
						</LinearRing>
					</outerBoundaryIs>
				</Polygon>
			</Placemark>
			<Placemark id="12BE976F13C13F8C0BDEF6">
				<name>Venezuela</name>
				<snippet></snippet>
				<description>See: 2050-snapshot/domains/borders-geopolitics.md#andean-states</description>
				<styleUrl>#__managed_style_18880A326B63F8C0BDF1C</styleUrl>
				<Polygon>
					<outerBoundaryIs>
						<LinearRing>
							<coordinates>
								-60.845204,9.116604000000001,0 -60.823801,9.122301,0 -60.797434,9.17182,0 -60.728505,9.192939000000001,0 -60.757924,9.230414,0 -60.81786000000001,9.206,0 -60.845204,9.116604000000001,0 
							</coordinates>
						</LinearRing>
					</outerBoundaryIs>
				</Polygon>
			</Placemark>
			<Placemark id="12C2A56D36413F8C0BDEF6">
				<name>Venezuela</name>
				<snippet></snippet>
				<description>See: 2050-snapshot/domains/borders-geopolitics.md#andean-states</description>
				<styleUrl>#__managed_style_18880A326B63F8C0BDF1C</styleUrl>
				<Polygon>
					<outerBoundaryIs>
						<LinearRing>
							<coordinates>
								-63.998891,10.799262,0 -64.00450600000001,10.775702,0 -63.95612500000001,10.76203,0 -63.956776,10.744127,0 -63.935536,10.73371,0 -63.909169,10.735541,0 -63.894643,10.754584,0 -63.903635,10.777289,0 -63.97655199999999,10.809231,0 -63.998891,10.799262,0 
							</coordinates>
						</LinearRing>
					</outerBoundaryIs>
				</Polygon>
			</Placemark>
			<Placemark id="12D97B10A5113F8C0BDEF6">
				<name>Venezuela</name>
				<snippet></snippet>
				<description>See: 2050-snapshot/domains/borders-geopolitics.md#andean-states</description>
				<styleUrl>#__managed_style_18880A326B63F8C0BDF1C</styleUrl>
				<Polygon>
					<outerBoundaryIs>
						<LinearRing>
							<coordinates>
								-65.376698,10.966051,0 -65.411773,10.92475,0 -65.388051,10.905463,0 -65.31664000000001,10.891099,0 -65.237864,10.898586,0 -65.244618,10.884955,0 -65.204945,10.904364,0 -65.208241,10.949897,0 -65.329905,10.977607,0 -65.376698,10.966051,0 
							</coordinates>
						</LinearRing>
					</outerBoundaryIs>
				</Polygon>
			</Placemark>
			<Placemark id="12E36BAD88F73F8C0BDEF6">
				<name>Venezuela</name>
				<snippet></snippet>
				<description>See: 2050-snapshot/domains/borders-geopolitics.md#andean-states</description>
				<styleUrl>#__managed_style_18880A326B63F8C0BDF1C</styleUrl>
				<Polygon>
					<outerBoundaryIs>
						<LinearRing>
							<coordinates>
								-63.880971,11.179145,0 -63.935618,11.125149,0 -63.97655199999999,11.118313,0 -64.017568,11.05622,0 -64.017568,11.015286,0 -64.04906200000001,10.990709,0 -64.110707,11.00019,0 -64.18163,11.034084,0 -64.188832,11.073635,0 -64.220082,11.091539,0 -64.37059499999999,11.062486,0 -64.408559,10.967475,0 -64.224355,10.939358,0 -64.17585200000001,10.967475,0 -64.11636300000001,10.928616,0 -64.096099,10.890937,0 -64.05687399999999,10.887112,0 -64.05972199999999,10.857611,0 -63.97655199999999,10.891099,0 -63.898061,10.884955,0 -63.842926,10.96776,0 -63.819569,10.953803,0 -63.819569,10.980536,0 -63.787668,10.973782,0 -63.846832,11.135403,0 -63.880971,11.179145,0 
							</coordinates>
						</LinearRing>
					</outerBoundaryIs>
				</Polygon>
			</Placemark>
			<Placemark id="12FC138990983F8C0BDEF6">
				<name>Venezuela</name>
				<snippet></snippet>
				<description>See: 2050-snapshot/domains/borders-geopolitics.md#andean-states</description>
				<styleUrl>#__managed_style_18880A326B63F8C0BDF1C</styleUrl>
				<Polygon>
					<outerBoundaryIs>
						<LinearRing>
							<coordinates>
								-66.601389,11.806708,0 -66.61510199999999,11.824042,0 -66.650868,11.780178,0 -66.704498,11.783108,0 -66.641835,11.761461,0 -66.587799,11.783108,0 -66.608266,11.783108,0 -66.601389,11.806708,0 
							</coordinates>
						</LinearRing>
					</outerBoundaryIs>
				</Polygon>
			</Placemark>
			<Placemark id="130C742AD8263F8C0BDEF6">
				<name>Venezuela</name>
				<snippet></snippet>
				<description>See: 2050-snapshot/domains/borders-geopolitics.md#andean-states</description>
				<styleUrl>#__managed_style_18880A326B63F8C0BDF1C</styleUrl>
				<Polygon>
					<outerBoundaryIs>
						<LinearRing>
							<coordinates>
								-66.143137,11.781806,0 -66.114003,11.779934,0 -66.101186,11.799791,0 -66.10851,11.825832,0 -66.19432500000001,11.817694,0 -66.143137,11.781806,0 
							</coordinates>
						</LinearRing>
					</outerBoundaryIs>
				</Polygon>
			</Placemark>
			<Placemark id="13131BDFCBBC3F8C0BDEF6">
				<name>Venezuela</name>
				<snippet></snippet>
				<description>See: 2050-snapshot/domains/borders-geopolitics.md#andean-states</description>
				<styleUrl>#__managed_style_18880A326B63F8C0BDF1C</styleUrl>
				<Polygon>
					<outerBoundaryIs>
						<LinearRing>
							<coordinates>
								-64.648793,11.851304,0 -64.648793,11.830268,0 -64.562856,11.816596,0 -64.556793,11.857327,0 -64.607167,11.899115,0 -64.648793,11.851304,0 
							</coordinates>
						</LinearRing>
					</outerBoundaryIs>
				</Polygon>
			</Placemark>
			<Placemark id="132787777C3A3F8C0BDEF6">
				<name>Venezuela</name>
				<snippet></snippet>
				<description>See: 2050-snapshot/domains/borders-geopolitics.md#andean-states</description>
				<styleUrl>#__managed_style_18880A326B63F8C0BDF1C</styleUrl>
				<Polygon>
					<outerBoundaryIs>
						<LinearRing>
							<coordinates>
								-66.827789,11.746243,0 -66.72801699999999,11.78205,0 -66.85460399999999,11.75137,0 -66.827789,11.746243,0 
							</coordinates>
						</LinearRing>
					</outerBoundaryIs>
				</Polygon>
			</Placemark>
			<Placemark id="1334547B24523F8C0BDEF6">
				<name>Venezuela</name>
				<snippet></snippet>
				<description>See: 2050-snapshot/domains/borders-geopolitics.md#andean-states</description>
				<styleUrl>#__managed_style_18880A326B63F8C0BDF1C</styleUrl>
				<Polygon>
					<outerBoundaryIs>
						<LinearRing>
							<coordinates>
								-66.75381400000001,11.862372,0 -66.711781,11.867906,0 -66.81786,11.87108,0 -66.75381400000001,11.862372,0 
							</coordinates>
						</LinearRing>
					</outerBoundaryIs>
				</Polygon>
			</Placemark>
			<Placemark id="1344087D8B563F8C0BDEF6">
				<name>Venezuela</name>
				<snippet></snippet>
				<description>See: 2050-snapshot/domains/borders-geopolitics.md#andean-states</description>
				<styleUrl>#__managed_style_18880A326B63F8C0BDF1C</styleUrl>
				<Polygon>
					<outerBoundaryIs>
						<LinearRing>
							<coordinates>
								-67.66588299999999,11.982001,0 -67.637603,11.980048,0 -67.64899699999999,11.983954,0 -67.674875,11.989651,0 -67.66588299999999,11.982001,0 
							</coordinates>
						</LinearRing>
					</outerBoundaryIs>
				</Polygon>
			</Placemark>
			<Placemark id="1350E82E81C33F8C0BDEF6">
				<name>Venezuela</name>
				<snippet></snippet>
				<description>See: 2050-snapshot/domains/borders-geopolitics.md#andean-states</description>
				<styleUrl>#__managed_style_18880A326B63F8C0BDF1C</styleUrl>
				<Polygon>
					<outerBoundaryIs>
						<LinearRing>
							<coordinates>
								-67.679067,12.028144,0 -67.681549,12.025784,0 -67.680409,12.025051,0 -67.679067,12.028144,0 
							</coordinates>
						</LinearRing>
					</outerBoundaryIs>
				</Polygon>
			</Placemark>
			<Placemark id="1365AE911BFD3F8C0BDEF6">
				<name>Venezuela</name>
				<snippet></snippet>
				<description>See: 2050-snapshot/domains/borders-geopolitics.md#andean-states</description>
				<styleUrl>#__managed_style_18880A326B63F8C0BDF1C</styleUrl>
				<Polygon>
					<outerBoundaryIs>
						<LinearRing>
							<coordinates>
								-67.676666,12.026923,0 -67.677235,12.030015,0 -67.67760199999999,12.027818,0 -67.676666,12.026923,0 
							</coordinates>
						</LinearRing>
					</outerBoundaryIs>
				</Polygon>
			</Placemark>
			<Placemark id="13728E2EE5973F8C0BDEF6">
				<name>Venezuela</name>
				<snippet></snippet>
				<description>See: 2050-snapshot/domains/borders-geopolitics.md#andean-states</description>
				<styleUrl>#__managed_style_18880A326B63F8C0BDF1C</styleUrl>
				<Polygon>
					<outerBoundaryIs>
						<LinearRing>
							<coordinates>
								-67.676096,12.04442,0 -67.674672,12.048407,0 -67.676991,12.046332,0 -67.676096,12.04442,0 
							</coordinates>
						</LinearRing>
					</outerBoundaryIs>
				</Polygon>
			</Placemark>
			<Placemark id="1383CB3E1D2B3F8C0BDEF6">
				<name>Venezuela</name>
				<snippet></snippet>
				<description>See: 2050-snapshot/domains/borders-geopolitics.md#andean-states</description>
				<styleUrl>#__managed_style_18880A326B63F8C0BDF1C</styleUrl>
				<Polygon>
					<outerBoundaryIs>
						<LinearRing>
							<coordinates>
								-67.684438,12.063463,0 -67.68102,12.061835,0 -67.681386,12.063707,0 -67.684438,12.063463,0 
							</coordinates>
						</LinearRing>
					</outerBoundaryIs>
				</Polygon>
			</Placemark>
			<Placemark id="139F4CDA1A243F8C0BDEF6">
				<name>Venezuela</name>
				<snippet></snippet>
				<description>See: 2050-snapshot/domains/borders-geopolitics.md#andean-states</description>
				<styleUrl>#__managed_style_18880A326B63F8C0BDF1C</styleUrl>
				<Polygon>
					<outerBoundaryIs>
						<LinearRing>
							<coordinates>
								-67.687082,12.067532,0 -67.688832,12.068996,0 -67.687327,12.065579,0 -67.687082,12.067532,0 
							</coordinates>
						</LinearRing>
					</outerBoundaryIs>
				</Polygon>
			</Placemark>
			<Placemark id="13A773A0D53F3F8C0BDEF6">
				<name>Venezuela</name>
				<snippet></snippet>
				<description>See: 2050-snapshot/domains/borders-geopolitics.md#andean-states</description>
				<styleUrl>#__managed_style_18880A326B63F8C0BDF1C</styleUrl>
				<Polygon>
					<outerBoundaryIs>
						<LinearRing>
							<coordinates>
								-63.634592,15.700588,0 -63.64362499999999,15.700588,0 -63.635487,15.694037,0 -63.634592,15.700588,0 
							</coordinates>
						</LinearRing>
					</outerBoundaryIs>
				</Polygon>
			</Placemark>
			<Placemark id="13B2E10C4AAC3F8C0BDEF6">
				<name>Venezuela</name>
				<snippet></snippet>
				<description>See: 2050-snapshot/domains/borders-geopolitics.md#andean-states</description>
				<styleUrl>#__managed_style_18880A326B63F8C0BDF1C</styleUrl>
				<Polygon>
					<outerBoundaryIs>
						<LinearRing>
							<coordinates>
								-61.438769,8.568809999999999,0 -61.540116,8.565410999999999,0 -61.43368799999999,8.514154,0 -61.338444,8.509952,0 -61.293438,8.456939,0 -61.263688,8.456087999999999,0 -61.260264,8.486376999999999,0 -61.302737,8.514989999999999,0 -61.31460299999999,8.571313999999999,0 -61.41578799999999,8.582265,0 -61.438769,8.568809999999999,0 
							</coordinates>
						</LinearRing>
					</outerBoundaryIs>
				</Polygon>
			</Placemark>
			<Placemark id="13CDFE4BECF03F8C0BDEF6">
				<name>Venezuela</name>
				<snippet></snippet>
				<description>See: 2050-snapshot/domains/borders-geopolitics.md#andean-states</description>
				<styleUrl>#__managed_style_18880A326B63F8C0BDF1C</styleUrl>
				<Polygon>
					<outerBoundaryIs>
						<LinearRing>
							<coordinates>
								-60.808134,8.632887999999999,0 -60.617677,8.636723,0 -60.61161100000001,8.683771,0 -60.666022,8.686418,0 -60.68722500000001,8.709994999999999,0 -60.676056,8.762917,0 -60.727162,8.721845,0 -60.760333,8.717708,0 -60.808134,8.632887999999999,0 
							</coordinates>
						</LinearRing>
					</outerBoundaryIs>
				</Polygon>
			</Placemark>
			<Placemark id="13DF37E8FE333F8C0BDEF6">
				<name>Venezuela</name>
				<snippet></snippet>
				<description>See: 2050-snapshot/domains/borders-geopolitics.md#andean-states</description>
				<styleUrl>#__managed_style_18880A326B63F8C0BDF1C</styleUrl>
				<Polygon>
					<outerBoundaryIs>
						<LinearRing>
							<coordinates>
								-61.12644,8.756478,0 -61.167108,8.699384999999999,0 -61.169915,8.595314,0 -61.09387399999999,8.633744,0 -60.846576,8.637715,0 -60.80689600000001,8.672589,0 -60.769735,8.741510999999999,0 -60.686043,8.789014999999999,0 -60.737598,8.866612999999999,0 -60.732365,8.892150000000001,0 -60.77810600000001,8.870098,0 -60.861699,8.870245000000001,0 -60.883289,8.840489,0 -60.997029,8.821078,0 -61.12644,8.756478,0 
							</coordinates>
						</LinearRing>
					</outerBoundaryIs>
				</Polygon>
			</Placemark>
			<Placemark id="13E343EEFB3F3F8C0BDEF6">
				<name>Venezuela</name>
				<snippet></snippet>
				<description>See: 2050-snapshot/domains/borders-geopolitics.md#andean-states</description>
				<styleUrl>#__managed_style_18880A326B63F8C0BDF1C</styleUrl>
				<Polygon>
					<outerBoundaryIs>
						<LinearRing>
							<coordinates>
								-62.34878500000001,9.913722999999999,0 -62.349355,9.872301,0 -62.325754,9.844184,0 -62.31639599999999,9.885647000000001,0 -62.331125,9.920559000000001,0 -62.34878500000001,9.913722999999999,0 
							</coordinates>
						</LinearRing>
					</outerBoundaryIs>
				</Polygon>
			</Placemark>
			<Placemark id="13F68FE0A1ED3F8C0BDEF6">
				<name>Venezuela</name>
				<snippet></snippet>
				<description>See: 2050-snapshot/domains/borders-geopolitics.md#andean-states</description>
				<styleUrl>#__managed_style_18880A326B63F8C0BDF1C</styleUrl>
				<Polygon>
					<outerBoundaryIs>
						<LinearRing>
							<coordinates>
								-62.427561,10.000393,0 -62.408925,9.972561000000001,0 -62.391103,9.993354,0 -62.426869,10.049221,0 -62.427561,10.000393,0 
							</coordinates>
						</LinearRing>
					</outerBoundaryIs>
				</Polygon>
			</Placemark>
			<Placemark id="1402DD0775E33F8C0BDEF6">
				<name>Venezuela</name>
				<snippet></snippet>
				<description>See: 2050-snapshot/domains/borders-geopolitics.md#andean-states</description>
				<styleUrl>#__managed_style_18880A326B63F8C0BDF1C</styleUrl>
				<Polygon>
					<outerBoundaryIs>
						<LinearRing>
							<coordinates>
								-62.286366,10.0244,0 -62.29800399999999,9.98371,0 -62.235341,10.013861,0 -62.24083400000001,10.0515,0 -62.286366,10.0244,0 
							</coordinates>
						</LinearRing>
					</outerBoundaryIs>
				</Polygon>
			</Placemark>
			<Placemark id="14195A3FD5C23F8C0BDEF6">
				<name>Venezuela</name>
				<snippet></snippet>
				<description>See: 2050-snapshot/domains/borders-geopolitics.md#andean-states</description>
				<styleUrl>#__managed_style_18880A326B63F8C0BDF1C</styleUrl>
				<Polygon>
					<outerBoundaryIs>
						<LinearRing>
							<coordinates>
								-62.78758700000001,10.430121,0 -62.710317,10.372016,0 -62.65982,10.310004,0 -62.64940299999999,10.344916,0 -62.781117,10.492906,0 -62.78758700000001,10.430121,0 
							</coordinates>
						</LinearRing>
					</outerBoundaryIs>
				</Polygon>
			</Placemark>
			<Placemark id="142518F7AF6C3F8C0BDEF6">
				<name>Venezuela</name>
				<snippet></snippet>
				<description>See: 2050-snapshot/domains/borders-geopolitics.md#andean-states</description>
				<styleUrl>#__managed_style_18880A326B63F8C0BDF1C</styleUrl>
				<Polygon>
					<outerBoundaryIs>
						<LinearRing>
							<coordinates>
								-64.22093700000001,10.806464,0 -64.201812,10.797065,0 -64.155873,10.811957,0 -64.15953500000001,10.824897,0 -64.20344,10.827297,0 -64.22093700000001,10.806464,0 
							</coordinates>
						</LinearRing>
					</outerBoundaryIs>
				</Polygon>
			</Placemark>
		</Folder>
	</Folder>
</Document>
</kml>
