<?xml version='1.0' encoding='UTF-8'?>
<kml xmlns="http://www.opengis.net/kml/2.2">
  <Document>
    <Placemark>
      <name>San Martin</name>
      <description>See: 2050-snapshot/domains/borders-geopolitics.md#antarctica</description>
      <Polygon>
        <extrude>1</extrude>
        <altitudeMode>clampToGround</altitudeMode>
        <outerBoundaryIs>
          <LinearRing>
            <coordinates>-89.867238,-72.515682,0
-89.848378,-72.522273,0
-89.896596,-72.531795,0
-89.887563,-72.534480,0
-89.878224,-72.535823,0
-89.868764,-72.535579,0
-89.844106,-72.537288,0
-89.836415,-72.563289,0
-89.847585,-72.572200,0
-89.803700,-72.587703,0
-89.542775,-72.602229,0
-89.520192,-72.610164,0
-89.478993,-72.629939,0
-89.457631,-72.637630,0
-89.424245,-72.643367,0
-89.424733,-72.643489,0
-89.358266,-72.677181,0
-89.206967,-72.720366,0
-89.358266,-72.677016,0
-89.424713,-72.643487,0
-89.348500,-72.634535,0
-88.223500,-72.712335,0
-88.173492,-72.732110,0
-88.138905,-72.762140,0
-88.123525,-72.825942,0
-88.108779,-72.843328,0
-88.108754,-72.843318,0
-88.109303,-72.842708,0
-88.015492,-72.861507,0
-87.707173,-72.893550,0
-87.398854,-72.925594,0
-87.254323,-72.923763,0
-87.231496,-72.920833,0
-87.211171,-72.914363,0
-87.189565,-72.910335,0
-87.114919,-72.922176,0
-86.711415,-72.940730,0
-86.602589,-72.928645,0
-86.574574,-72.929500,0
-86.496510,-72.941707,0
-86.481374,-72.940364,0
-86.459889,-72.947566,0
-86.415028,-72.946712,0
-85.924794,-73.039485,0
-85.854360,-73.040584,0
-85.828420,-73.045223,0
-85.813283,-73.044490,0
-85.805165,-73.047054,0
-85.805470,-73.051326,0
-85.807546,-73.056575,0
-85.804921,-73.062434,0
-85.804921,-73.062433,0
-85.774648,-73.089168,0
-85.761647,-73.095393,0
-85.775136,-73.101497,0
-85.812245,-73.125789,0
-85.805592,-73.127742,0
-85.792775,-73.134334,0
-85.786183,-73.136531,0
-85.803456,-73.148250,0
-85.807485,-73.156795,0
-85.801320,-73.162776,0
-85.787048,-73.169457,0
-85.782582,-73.169122,0
-85.678619,-73.177504,0
-85.580393,-73.200453,0
-85.584199,-73.201507,0
-85.391896,-73.238460,0
-85.413808,-73.270808,0
-85.413808,-73.270807,0
-85.426808,-73.283992,0
-85.443166,-73.293880,0
-85.435597,-73.292903,0
-85.411916,-73.293147,0
-85.426198,-73.312434,0
-85.466786,-73.349300,0
-85.470876,-73.364681,0
-85.460866,-73.373592,0
-85.442189,-73.382015,0
-85.392140,-73.396663,0
-85.394215,-73.397029,0
-85.407262,-73.401988,0
-85.367177,-73.392022,0
-85.339508,-73.396254,0
-85.101471,-73.487074,0
-84.919179,-73.513279,0
-84.850331,-73.532322,0
-84.466908,-73.569431,0
-84.113026,-73.549574,0
-84.041005,-73.567966,0
-83.948964,-73.545994,0
-83.864613,-73.565362,0
-83.751698,-73.560235,0
-83.752024,-73.612563,0
-83.759755,-73.634942,0
-83.808148,-73.641288,0
-83.785268,-73.642024,0
-83.759755,-73.634944,0
-83.752004,-73.612727,0
-83.751698,-73.561580,0
-83.744557,-73.560237,0
-83.728078,-73.553890,0
-83.685109,-73.543391,0
-83.549123,-73.560725,0
-83.511220,-73.556209,0
-83.500295,-73.557430,0
-83.485280,-73.566585,0
-83.484731,-73.575496,0
-83.489797,-73.583308,0
-83.491628,-73.588924,0
-83.475392,-73.599300,0
-83.449574,-73.602351,0
-83.394032,-73.601741,0
-83.407399,-73.616512,0
-83.423146,-73.628719,0
-83.402699,-73.640682,0
-83.404591,-73.654475,0
-83.415334,-73.667659,0
-83.421132,-73.678157,0
-83.421071,-73.679500,0
-83.421376,-73.680843,0
-83.422047,-73.681941,0
-83.423024,-73.686458,0
-83.450068,-73.685240,0
-83.295766,-73.706150,0
-82.933705,-73.710382,0
-82.714263,-73.744236,0
-82.673980,-73.770115,0
-82.601186,-73.768731,0
-82.348297,-73.826349,0
-82.335631,-73.831240,0
-82.224049,-73.838435,0
-81.831288,-73.800472,0
-81.739125,-73.768489,0
-81.267690,-73.732112,0
-81.221303,-73.720393,0
-81.208697,-73.716878,0
-81.184682,-73.704197,0
-81.146840,-73.665948,0
-81.111643,-73.604425,0
-81.086252,-73.594496,0
-81.115468,-73.569513,0
-81.272572,-73.521742,0
-81.328236,-73.480076,0
-81.335520,-73.457289,0
-81.332102,-73.433201,0
-81.310943,-73.377374,0
-81.309478,-73.353611,0
-81.322662,-73.335626,0
-81.355458,-73.323826,0
-81.311187,-73.273045,0
-81.234690,-73.247979,0
-81.149281,-73.239923,0
-80.810170,-73.263116,0
-80.774566,-73.275974,0
-80.709299,-73.324395,0
-80.611969,-73.333754,0
-80.606891,-73.335627,0
-80.427602,-73.335262,0
-80.357167,-73.320979,0
-80.357350,-73.323787,0
-80.356923,-73.334163,0
-80.351796,-73.345516,0
-80.324696,-73.362727,0
-80.225453,-73.399593,0
-80.224435,-73.399675,0
-80.225453,-73.399591,0
-80.324696,-73.362563,0
-80.351796,-73.345473,0
-80.363840,-73.286391,0
-80.436757,-73.188165,0
-80.519399,-73.153253,0
-80.564198,-73.109796,0
-80.623769,-73.098240,0
-80.650990,-73.084405,0
-80.664377,-73.022882,0
-80.646474,-72.996759,0
-80.606313,-72.974786,0
-80.492543,-72.953302,0
-80.377675,-72.949965,0
-79.647450,-73.038670,0
-79.581410,-73.079522,0
-79.232533,-73.195571,0
-79.142568,-73.247247,0
-79.092275,-73.265313,0
-78.992014,-73.286798,0
-78.918609,-73.292739,0
-78.881337,-73.310805,0
-78.781890,-73.337986,0
-78.744049,-73.364923,0
-78.742502,-73.413344,0
-78.763743,-73.445489,0
-78.824615,-73.485121,0
-78.824779,-73.485279,0
-78.824635,-73.485164,0
-78.793080,-73.466975,0
-78.763722,-73.445613,0
-78.742482,-73.413387,0
-78.743398,-73.384212,0
-78.739064,-73.386287,0
-78.729787,-73.394099,0
-78.717702,-73.399593,0
-78.709279,-73.397762,0
-78.703236,-73.393001,0
-78.698354,-73.390193,0
-78.617238,-73.380916,0
-78.543324,-73.394710,0
-78.374440,-73.387508,0
-78.385121,-73.394954,0
-78.360341,-73.400691,0
-78.331960,-73.396785,0
-78.277150,-73.382869,0
-78.178517,-73.370662,0
-78.147267,-73.362483,0
-78.175954,-73.344661,0
-78.244496,-73.329280,0
-78.265492,-73.313045,0
-78.266469,-73.298030,0
-78.261281,-73.283992,0
-78.260365,-73.271419,0
-78.274098,-73.261165,0
-78.292226,-73.253719,0
-78.306691,-73.244930,0
-78.317738,-73.232845,0
-78.325734,-73.215389,0
-78.290700,-73.206599,0
-78.224233,-73.172298,0
-78.121999,-73.143611,0
-78.053944,-73.132137,0
-77.920094,-73.131648,0
-77.847768,-73.143245,0
-77.808705,-73.171077,0
-77.830190,-73.175227,0
-77.837453,-73.175227,0
-77.804128,-73.184993,0
-77.699391,-73.200008,0
-77.705556,-73.213069,0
-77.681081,-73.223079,0
-77.631032,-73.233333,0
-77.608022,-73.241512,0
-77.582875,-73.259700,0
-77.581654,-73.274593,0
-77.597829,-73.288509,0
-77.624684,-73.303645,0
-77.574086,-73.319881,0
-77.451527,-73.295345,0
-77.396352,-73.292659,0
-77.408315,-73.277400,0
-77.389089,-73.271175,0
-77.346181,-73.267757,0
-77.327809,-73.257015,0
-77.348866,-73.243709,0
-77.356801,-73.240413,0
-77.348988,-73.232356,0
-77.340443,-73.225276,0
-77.321401,-73.213924,0
-77.360219,-73.214656,0
-77.480031,-73.179256,0
-77.458852,-73.167415,0
-77.434193,-73.161311,0
-77.383901,-73.158992,0
-77.397878,-73.159236,0
-77.409474,-73.153987,0
-77.415761,-73.143977,0
-77.413869,-73.130428,0
-77.414967,-73.116634,0
-77.427052,-73.105891,0
-77.443715,-73.098079,0
-77.458119,-73.093440,0
-77.396352,-73.074153,0
-77.378896,-73.058162,0
-77.403737,-73.040218,0
-77.372121,-73.008235,0
-77.366994,-72.994319,0
-77.386830,-72.987849,0
-77.716664,-72.983333,0
-78.046498,-72.978816,0
-78.100514,-72.988826,0
-78.194264,-72.981502,0
-78.335805,-72.995052,0
-78.381276,-72.994319,0
-78.403188,-72.997005,0
-78.470082,-73.028011,0
-78.546925,-73.039607,0
-78.570180,-73.048152,0
-78.573048,-73.052303,0
-78.577016,-73.065242,0
-78.582143,-73.070735,0
-78.587819,-73.073665,0
-78.615468,-73.081477,0
-78.652638,-73.082942,0
-78.676320,-73.086360,0
-78.748341,-73.107478,0
-78.825795,-73.118099,0
-78.907277,-73.113094,0
-78.987660,-73.094905,0
-79.119435,-73.040584,0
-79.177297,-73.024226,0
-79.195119,-73.016902,0
-79.207204,-73.006770,0
-79.219228,-72.992976,0
-79.233571,-72.982967,0
-79.289174,-72.959163,0
-79.339223,-72.923518,0
-79.304555,-72.885433,0
-79.286672,-72.872859,0
-79.006154,-72.813655,0
-78.906545,-72.819759,0
-78.730397,-72.780330,0
-78.699696,-72.768489,0
-78.673634,-72.751277,0
-78.663808,-72.728694,0
-78.674977,-72.709407,0
-78.743886,-72.661189,0
-78.736073,-72.646785,0
-78.748525,-72.635310,0
-78.788014,-72.615047,0
-78.816823,-72.592220,0
-78.848134,-72.573299,0
-78.931935,-72.537288,0
-79.019154,-72.514461,0
-79.227528,-72.492488,0
-79.263783,-72.476009,0
-79.279530,-72.451106,0
-79.260121,-72.418025,0
-79.194692,-72.365413,0
-79.196462,-72.350642,0
-79.190419,-72.347347,0
-78.955922,-72.300349,0
-78.880360,-72.297176,0
-78.646962,-72.325008,0
-78.650624,-72.336604,0
-78.553456,-72.362727,0
-78.504567,-72.386775,0
-78.483327,-72.418758,0
-78.465382,-72.458308,0
-78.422719,-72.479671,0
-78.126454,-72.512386,0
-78.025868,-72.507625,0
-77.934377,-72.489314,0
-77.731313,-72.418758,0
-77.628590,-72.399104,0
-77.469838,-72.415584,0
-77.421498,-72.427913,0
-77.398000,-72.438899,0
-77.376088,-72.453059,0
-77.336171,-72.472591,0
-77.326161,-72.479060,0
-77.313100,-72.496639,0
-77.315297,-72.509944,0
-77.339467,-72.538265,0
-77.344350,-72.562190,0
-77.327870,-72.577327,0
-77.301564,-72.586116,0
-77.141896,-72.606502,0
-76.710866,-72.572200,0
-76.627431,-72.538997,0
-76.596974,-72.531307,0
-76.532338,-72.526180,0
-76.500783,-72.528865,0
-76.469960,-72.536311,0
-76.445912,-72.550349,0
-76.432118,-72.571956,0
-76.432179,-72.602351,0
-76.441579,-72.647517,0
-76.441090,-72.655940,0
-76.427480,-72.665462,0
-76.410146,-72.668880,0
-76.374196,-72.666683,0
-76.374562,-72.680599,0
-76.309316,-72.674739,0
-76.327870,-72.685237,0
-76.297475,-72.698665,0
-76.263356,-72.703182,0
-76.194325,-72.703426,0
-76.179555,-72.707210,0
-76.147694,-72.723811,0
-76.131215,-72.730037,0
-76.097463,-72.735408,0
-76.063283,-72.736751,0
-76.058400,-72.766780,0
-76.011586,-72.788631,0
-75.912221,-72.813655,0
-75.787892,-72.870784,0
-75.732442,-72.885408,0
-75.696645,-72.878595,0
-75.555328,-72.871515,0
-75.447336,-72.828383,0
-75.403879,-72.822035,0
-75.295806,-72.819513,0
-74.946401,-72.865411,0
-74.503977,-72.882094,0
-74.309560,-72.921075,0
-74.218577,-72.990818,0
-74.239898,-73.020115,0
-74.323230,-73.067196,0
-74.287282,-73.091609,0
-74.236928,-73.103206,0
-74.024892,-73.098933,0
-73.937306,-73.116878,0
-73.907704,-73.119563,0
-73.887196,-73.120906,0
-73.894233,-73.138846,0
-73.886830,-73.120050,0
-73.698150,-73.098810,0
-73.602406,-73.109145,0
-73.527070,-73.128948,0
-73.522756,-73.128474,0
-73.505116,-73.129939,0
-73.449635,-73.125301,0
-73.255971,-73.084895,0
-73.244679,-73.080623,0
-73.234853,-73.072322,0
-73.216542,-73.051082,0
-73.205129,-73.041072,0
-73.193898,-73.035823,0
-73.171437,-73.038509,0
-73.034230,-73.101863,0
-73.015248,-73.114314,0
-72.987782,-73.137874,0
-72.974721,-73.143001,0
-72.967397,-73.140926,0
-72.949880,-73.124446,0
-72.937184,-73.119075,0
-72.913075,-73.119075,0
-72.649037,-73.148128,0
-72.357472,-73.109187,0
-72.341603,-73.117488,0
-72.331471,-73.125301,0
-72.312611,-73.124446,0
-72.275075,-73.115779,0
-72.258168,-73.116756,0
-72.245351,-73.123592,0
-72.234975,-73.131526,0
-72.225209,-73.136165,0
-72.216298,-73.133601,0
-72.182546,-73.110408,0
-72.174611,-73.106624,0
-72.166615,-73.104793,0
-72.158803,-73.101741,0
-72.151357,-73.094417,0
-72.152760,-73.089656,0
-72.157338,-73.081233,0
-72.160817,-73.071346,0
-72.158742,-73.061946,0
-72.146413,-73.052058,0
-72.131154,-73.044856,0
-72.117787,-73.035945,0
-72.110951,-73.020931,0
-72.114125,-73.007137,0
-72.123158,-72.989558,0
-72.134389,-72.974056,0
-72.144399,-72.966853,0
-72.204213,-72.950984,0
-72.220876,-72.956111,0
-72.235341,-72.957210,0
-72.302541,-72.947933,0
-72.397084,-72.914119,0
-72.382802,-72.906307,0
-72.348378,-72.895198,0
-72.341176,-72.883968,0
-72.347218,-72.864558,0
-72.362904,-72.845516,0
-72.399342,-72.816097,0
-72.412892,-72.798152,0
-72.411488,-72.780818,0
-72.407460,-72.764705,0
-72.412953,-72.750301,0
-72.413442,-72.739436,0
-72.394643,-72.733577,0
-72.355275,-72.729183,0
-72.335866,-72.720882,0
-72.330617,-72.710262,0
-72.336293,-72.697566,0
-72.352345,-72.680721,0
-72.363274,-72.672342,0
-72.408274,-72.674493,0
-72.514760,-72.639337,0
-72.486808,-72.590269,0
-72.496877,-72.600765,0
-72.496877,-72.600763,0
-72.504933,-72.612483,0
-72.507558,-72.618099,0
-72.511891,-72.613094,0
-72.516408,-72.609309,0
-72.524342,-72.607845,0
-72.556691,-72.609554,0
-72.616017,-72.601131,0
-72.662526,-72.602351,0
-72.647145,-72.599300,0
-72.546193,-72.561824,0
-72.545755,-72.561749,0
-72.546213,-72.561782,0
-72.681264,-72.606134,0
-72.717763,-72.607517,0
-72.799713,-72.594171,0
-73.109242,-72.473403,0
-73.146718,-72.452732,0
-73.164174,-72.431248,0
-73.091624,-72.383396,0
-72.819569,-72.292169,0
-72.676747,-72.271254,0
-72.672097,-72.271373,0
-72.715321,-72.263850,0
-72.817799,-72.265804,0
-72.968678,-72.240169,0
-73.013173,-72.220516,0
-73.043019,-72.184871,0
-73.053578,-72.160823,0
-73.064443,-72.143367,0
-73.080800,-72.131892,0
-73.199941,-72.103572,0
-73.277211,-72.070857,0
-73.332143,-72.061702,0
-73.590382,-72.048885,0
-73.634511,-72.051204,0
-73.501332,-72.012508,0
-73.501395,-72.012483,0
-73.785227,-72.094903,0
-73.806264,-72.131443,0
-73.892568,-72.156834,0
-74.004750,-72.173517,0
-74.121327,-72.172459,0
-74.220774,-72.144464,0
-74.312123,-72.065688,0
-74.357818,-72.044366,0
-74.396799,-72.040297,0
-74.658274,-72.074965,0
-74.815989,-72.064874,0
-75.356028,-71.923598,0
-75.399770,-71.902520,0
-75.428700,-71.874933,0
-75.438344,-71.836847,0
-75.402415,-71.801039,0
-75.237172,-71.778741,0
-75.249989,-71.760512,0
-75.177154,-71.752618,0
-75.188466,-71.742120,0
-75.244700,-71.724379,0
-75.224233,-71.710545,0
-75.243520,-71.698337,0
-75.318918,-71.691339,0
-75.403717,-71.670831,0
-75.414133,-71.660903,0
-75.381988,-71.636000,0
-75.332021,-71.622491,0
-75.199452,-71.604913,0
-75.170155,-71.571059,0
-75.124664,-71.545343,0
-75.016428,-71.526544,0
-74.885854,-71.528416,0
-74.793446,-71.553643,0
-74.644032,-71.626560,0
-74.393300,-71.667645,0
-74.644032,-71.626521,0
-74.768910,-71.565608,0
-74.728444,-71.574397,0
-74.695180,-71.579524,0
-74.460561,-71.554988,0
-74.436513,-71.549251,0
-74.420949,-71.536556,0
-74.424306,-71.512752,0
-74.428029,-71.503841,0
-74.427825,-71.501154,0
-74.435455,-71.493910,0
-74.411529,-71.474867,0
-74.436635,-71.450942,0
-74.422760,-71.428318,0
-74.368153,-71.408461,0
-74.222483,-71.381931,0
-74.122182,-71.382989,0
-73.852203,-71.455662,0
-73.756907,-71.510349,0
-73.580678,-71.568048,0
-73.525217,-71.606215,0
-73.525202,-71.606212,0
-73.580617,-71.568050,0
-73.756886,-71.510310,0
-73.788442,-71.486751,0
-73.788442,-71.486749,0
-73.852223,-71.455623,0
-74.050038,-71.402400,0
-73.851064,-71.400935,0
-73.784901,-71.391048,0
-73.719838,-71.374202,0
-73.655934,-71.351863,0
-73.662776,-71.360111,0
-73.653961,-71.349542,0
-73.585317,-71.322931,0
-73.407948,-71.315362,0
-73.401440,-71.316254,0
-73.345876,-71.304378,0
-73.309926,-71.291438,0
-73.282826,-71.273616,0
-73.271901,-71.262996,0
-73.272328,-71.256282,0
-73.276601,-71.250057,0
-73.277089,-71.231990,0
-73.280629,-71.228572,0
-73.280263,-71.224666,0
-73.247792,-71.195125,0
-73.240529,-71.190486,0
-73.204030,-71.183162,0
-73.128774,-71.183162,0
-73.094655,-71.167903,0
-73.101349,-71.156324,0
-73.124582,-71.143976,0
-73.100819,-71.115655,0
-73.064931,-71.102797,0
-72.975164,-71.099375,0
-72.947011,-71.086482,0
-72.990529,-71.053035,0
-73.032338,-71.028987,0
-73.078053,-71.013973,0
-73.244374,-71.004939,0
-73.298695,-70.992366,0
-73.317860,-70.962703,0
-73.307851,-70.945613,0
-73.271047,-70.913020,0
-73.260854,-70.896297,0
-73.266774,-70.870418,0
-73.289296,-70.850520,0
-73.318288,-70.837215,0
-73.569753,-70.782405,0
-73.659218,-70.785332,0
-74.400502,-70.975274,0
-76.130442,-71.137872,0
-76.345570,-71.122979,0
-76.405873,-71.107517,0
-76.465566,-71.070733,0
-76.542551,-70.965590,0
-76.469106,-70.919203,0
-76.382069,-70.888279,0
-76.108998,-70.837660,0
-75.199818,-70.776625,0
-75.131581,-70.755629,0
-75.077219,-70.727146,0
-75.039296,-70.691176,0
-75.029449,-70.608087,0
-74.999745,-70.592869,0
-74.954457,-70.584568,0
-74.903920,-70.583754,0
-74.820872,-70.607029,0
-74.680813,-70.698172,0
-74.663930,-70.697322,0
-74.500783,-70.686336,0
-74.465420,-70.662070,0
-74.465159,-70.656834,0
-74.483551,-70.593438,0
-74.463368,-70.576837,0
-74.389963,-70.575453,0
-74.318837,-70.586847,0
-74.248443,-70.606541,0
-74.247493,-70.606987,0
-74.248464,-70.606502,0
-74.249745,-70.606136,0
-74.229848,-70.602596,0
-74.210072,-70.598445,0
-74.192738,-70.591609,0
-74.156044,-70.584706,0
-74.130849,-70.565118,0
-74.101552,-70.553318,0
-74.036122,-70.548110,0
-73.985621,-70.555562,0
-74.010121,-70.551936,0
-73.962209,-70.542049,0
-73.950063,-70.538020,0
-73.938100,-70.532405,0
-73.936940,-70.506892,0
-74.285817,-70.335017,0
-74.634694,-70.163142,0
-74.689931,-70.156917,0
-74.746693,-70.159969,0
-74.711415,-70.141536,0
-74.636830,-70.122249,0
-74.618457,-70.114418,0
-74.711497,-70.141534,0
-74.776112,-70.170994,0
-74.873158,-70.183526,0
-75.693105,-70.113051,0
-75.785715,-70.079685,0
-75.831695,-70.016371,0
-75.803049,-69.993585,0
-75.778798,-69.923272,0
-75.726226,-69.890883,0
-75.604319,-69.864923,0
-75.230133,-69.841729,0
-75.284739,-69.793064,0
-75.388824,-69.792087,0
-75.417551,-69.786310,0
-75.435536,-69.768813,0
-74.962799,-69.716892,0
-74.787017,-69.736017,0
-74.717926,-69.762953,0
-74.717763,-69.803806,0
-74.535471,-69.861017,0
-74.492909,-69.899591,0
-74.414377,-69.931248,0
-74.397084,-69.961847,0
-74.444488,-69.973891,0
-74.627675,-69.984552,0
-74.642445,-69.991876,0
-74.649973,-70.005466,0
-74.648759,-70.009225,0
-74.559499,-70.041805,0
-74.471608,-70.064266,0
-74.330251,-70.082820,0
-74.286244,-70.095516,0
-74.266408,-70.106868,0
-74.230885,-70.136165,0
-74.211415,-70.148616,0
-74.099965,-70.187801,0
-73.854421,-70.242366,0
-73.608876,-70.296932,0
-73.503774,-70.299129,0
-73.491383,-70.294368,0
-73.470631,-70.277034,0
-73.459096,-70.273250,0
-73.430165,-70.272151,0
-73.415883,-70.269466,0
-73.380055,-70.252376,0
-73.289967,-70.231136,0
-73.252614,-70.216365,0
-73.235036,-70.206722,0
-73.219472,-70.193904,0
-73.202382,-70.174617,0
-73.191151,-70.154231,0
-73.192738,-70.138240,0
-73.178944,-70.134334,0
-73.185536,-70.119808,0
-73.208669,-70.097347,0
-73.211415,-70.088191,0
-73.202443,-70.071346,0
-73.190297,-70.057796,0
-73.175282,-70.049251,0
-72.728627,-70.023738,0
-72.683461,-70.008357,0
-72.654652,-69.978816,0
-72.666798,-69.976619,0
-72.676869,-69.970271,0
-72.692311,-69.952571,0
-72.673268,-69.943538,0
-72.710561,-69.918758,0
-72.678090,-69.897395,0
-72.576650,-69.866390,0
-72.557546,-69.852840,0
-72.522878,-69.822322,0
-72.501698,-69.809016,0
-72.485036,-69.792171,0
-72.485097,-69.770686,0
-72.506337,-69.724178,0
-72.515492,-69.709041,0
-72.526723,-69.697688,0
-72.539601,-69.689266,0
-72.550627,-69.682879,0
-72.771799,-69.649835,0
-72.827219,-69.619806,0
-72.843007,-69.602146,0
-72.845530,-69.585626,0
-72.956776,-69.540297,0
-72.981923,-69.513930,0
-72.968007,-69.485447,0
-72.929433,-69.460056,0
-72.833404,-69.425551,0
-72.747629,-69.413507,0
-72.661855,-69.416111,0
-72.398549,-69.465265,0
-72.308705,-69.502130,0
-72.271230,-69.538751,0
-72.181142,-69.580173,0
-72.151601,-69.619724,0
-72.008046,-69.649998,0
-71.957346,-69.669854,0
-71.949783,-69.682648,0
-71.955373,-69.673030,0
-71.953114,-69.673641,0
-71.939198,-69.680843,0
-71.927907,-69.685970,0
-71.913808,-69.686214,0
-71.896092,-69.689572,0
-71.890533,-69.682875,0
-71.861480,-69.671563,0
-71.723134,-69.640720,0
-71.743031,-69.630955,0
-71.754750,-69.613214,0
-71.741038,-69.590427,0
-71.741282,-69.566583,0
-71.675608,-69.510837,0
-71.693186,-69.499119,0
-71.674184,-69.473728,0
-71.615875,-69.454848,0
-71.689809,-69.411310,0
-71.651926,-69.394301,0
-71.677358,-69.386326,0
-71.803293,-69.374933,0
-71.852610,-69.351821,0
-71.926584,-69.340509,0
-71.952952,-69.330743,0
-71.961985,-69.318943,0
-72.097971,-69.312677,0
-72.041860,-69.295994,0
-72.057444,-69.279229,0
-72.158762,-69.226658,0
-72.122467,-69.174493,0
-72.104360,-69.161716,0
-72.198883,-69.097752,0
-72.185455,-69.067966,0
-72.046132,-68.991876,0
-72.012685,-68.955499,0
-71.403798,-68.860040,0
-71.010854,-68.859063,0
-70.921783,-68.842462,0
-70.903676,-68.823337,0
-70.872467,-68.814060,0
-70.596791,-68.803969,0
-70.469553,-68.781183,0
-70.402089,-68.786798,0
-70.313140,-68.837579,0
-70.160390,-68.863539,0
-70.105580,-68.890720,0
-70.096669,-68.902520,0
-70.091664,-68.952325,0
-70.066151,-68.986423,0
-70.106516,-69.000909,0
-70.077545,-69.049249,0
-69.994293,-69.093683,0
-70.059397,-69.105890,0
-70.094350,-69.136163,0
-70.034901,-69.156834,0
-70.021840,-69.191583,0
-70.056711,-69.196954,0
-70.054596,-69.219334,0
-70.075917,-69.236993,0
-70.108998,-69.245294,0
-70.141957,-69.236993,0
-70.091705,-69.277439,0
-70.108266,-69.300958,0
-70.044097,-69.289158,0
-69.869700,-69.304132,0
-69.767161,-69.287286,0
-69.739003,-69.293715,0
-69.537994,-69.451430,0
-69.537343,-69.463067,0
-69.552154,-69.474786,0
-69.475209,-69.528985,0
-69.472727,-69.565199,0
-69.317128,-69.625909,0
-69.329742,-69.654718,0
-69.313791,-69.701755,0
-69.334381,-69.725193,0
-69.318186,-69.762872,0
-69.332102,-69.790460,0
-69.331207,-69.805597,0
-69.265452,-69.880548,0
-69.263295,-69.893813,0
-69.284779,-69.923110,0
-69.243153,-69.942315,0
-69.221547,-69.987970,0
-69.157896,-70.035990,0
-69.132314,-70.040706,0
-69.087880,-70.067928,0
-69.075978,-70.065120,0
-69.053273,-70.048518,0
-69.040517,-70.041438,0
-69.008107,-70.034602,0
-68.842275,-70.041316,0
-68.552541,-70.090877,0
-68.502553,-70.085140,0
-68.430287,-70.085628,0
-68.428130,-70.086422,0
-68.483754,-70.052667,0
-68.483225,-70.006117,0
-68.462636,-69.970636,0
-68.487294,-69.934828,0
-68.487294,-69.917901,0
-68.453847,-69.888930,0
-68.389516,-69.880141,0
-68.380116,-69.869317,0
-68.392974,-69.773533,0
-68.362416,-69.716974,0
-68.361887,-69.683364,0
-68.396718,-69.659112,0
-68.483144,-69.638360,0
-68.498280,-69.628351,0
-68.515126,-69.599054,0
-68.572011,-69.586358,0
-68.621938,-69.523533,0
-68.731801,-69.481134,0
-68.768788,-69.446222,0
-68.824859,-69.431329,0
-68.806956,-69.403985,0
-68.653798,-69.382094,0
-68.466664,-69.383396,0
-68.367909,-69.403985,0
-68.308827,-69.403985,0
-68.289174,-69.393162,0
-68.285878,-69.349867,0
-68.325266,-69.321710,0
-68.332387,-69.303806,0
-68.316396,-69.289321,0
-68.278879,-69.281345,0
-68.244537,-69.285903,0
-68.182037,-69.313653,0
-68.116119,-69.317804,0
-68.068023,-69.333266,0
-68.008778,-69.327081,0
-68.008690,-69.327556,0
-67.977467,-69.310970,0
-67.953114,-69.306697,0
-67.925404,-69.305599,0
-67.914113,-69.308528,0
-67.884816,-69.322566,0
-67.875356,-69.328548,0
-67.875356,-69.328546,0
-67.853017,-69.338191,0
-67.848744,-69.346126,0
-67.857874,-69.363776,0
-67.855784,-69.363539,0
-67.806874,-69.368748,0
-67.527496,-69.433689,0
-67.466794,-69.478633,0
-67.493276,-69.453792,0
-67.527516,-69.433650,0
-67.769154,-69.377498,0
-67.731984,-69.368221,0
-67.691029,-69.350520,0
-67.668568,-69.348079,0
-67.673329,-69.345271,0
-67.682301,-69.338069,0
-67.687062,-69.335140,0
-67.670216,-69.330257,0
-67.644643,-69.316829,0
-67.586598,-69.312801,0
-67.565724,-69.308162,0
-67.548329,-69.300472,0
-67.517140,-69.290828,0
-67.408986,-69.295589,0
-67.271840,-69.271053,0
-67.244130,-69.269222,0
-67.253041,-69.273006,0
-67.269643,-69.287898,0
-67.279062,-69.309240,0
-67.253041,-69.273045,0
-67.209096,-69.259047,0
-67.122838,-69.260525,0
-67.120900,-69.256648,0
-67.154347,-69.238704,0
-67.171498,-69.232845,0
-67.191029,-69.231868,0
-67.172597,-69.210384,0
-67.187367,-69.184871,0
-67.237233,-69.140926,0
-67.203786,-69.126277,0
-67.202504,-69.113582,0
-67.196156,-69.101497,0
-67.186025,-69.090999,0
-67.173390,-69.083064,0
-67.166737,-69.080501,0
-67.159596,-69.078792,0
-67.152333,-69.078059,0
-67.145314,-69.078182,0
-67.136098,-69.076595,0
-67.129811,-69.071590,0
-67.124013,-69.065852,0
-67.116567,-69.062312,0
-67.047353,-69.062801,0
-67.027760,-69.057918,0
-66.993398,-69.038997,0
-66.974416,-69.031184,0
-66.996816,-69.023738,0
-67.068166,-69.017513,0
-67.132619,-69.004207,0
-67.142812,-68.997371,0
-67.150929,-68.988582,0
-67.162221,-68.979183,0
-67.179616,-68.969539,0
-67.215688,-68.956599,0
-67.253163,-68.944392,0
-67.117314,-68.951644,0
-67.273264,-68.943292,0
-67.350006,-68.916274,0
-67.455637,-68.865818,0
-67.480702,-68.841892,0
-67.477691,-68.823907,0
-67.462758,-68.814548,0
-67.384185,-68.793390,0
-67.016184,-68.785740,0
-66.959218,-68.748142,0
-66.977447,-68.734633,0
-66.999501,-68.688084,0
-67.005727,-68.671645,0
-67.003489,-68.628839,0
-67.014638,-68.614679,0
-67.148183,-68.557306,0
-67.174713,-68.525323,0
-67.163157,-68.489841,0
-67.112945,-68.476739,0
-66.989125,-68.477797,0
-66.967681,-68.472101,0
-66.951650,-68.460707,0
-66.940785,-68.425063,0
-66.874257,-68.418145,0
-66.953847,-68.386163,0
-66.959137,-68.367446,0
-66.941314,-68.358168,0
-66.860666,-68.367608,0
-66.904449,-68.351821,0
-67.060658,-68.338637,0
-67.125844,-68.341974,0
-67.152252,-68.331801,0
-67.161366,-68.317071,0
-67.157094,-68.302179,0
-67.128082,-68.281427,0
-67.108225,-68.278090,0
-66.765614,-68.313572,0
-66.731068,-68.302992,0
-66.690541,-68.267836,0
-66.625071,-68.246677,0
-66.689443,-68.190118,0
-66.752512,-68.188897,0
-66.796742,-68.197035,0
-66.878977,-68.230076,0
-66.945872,-68.222833,0
-66.946889,-68.200779,0
-66.980133,-68.176202,0
-67.109120,-68.118259,0
-67.139882,-68.089939,0
-67.210561,-68.075128,0
-67.176747,-68.062188,0
-67.118764,-68.070245,0
-67.065012,-68.041436,0
-67.154693,-68.025567,0
-67.180287,-68.016209,0
-67.193105,-67.987481,0
-67.268707,-67.968683,0
-67.015452,-67.925063,0
-66.850575,-67.913670,0
-66.838857,-67.906183,0
-66.831532,-67.869887,0
-66.891225,-67.829034,0
-66.796742,-67.800470,0
-66.767079,-67.775160,0
-66.910878,-67.768976,0
-67.080312,-67.779880,0
-67.016021,-67.741143,0
-66.779530,-67.722101,0
-66.737904,-67.730645,0
-66.780263,-67.696222,0
-66.914418,-67.705743,0
-66.967641,-67.693129,0
-66.819203,-67.604587,0
-66.767242,-67.588800,0
-66.707102,-67.586358,0
-66.592356,-67.606622,0
-66.533762,-67.609145,0
-66.542226,-67.574395,0
-66.518178,-67.550388,0
-66.510243,-67.527927,0
-66.517486,-67.513604,0
-66.558176,-67.508722,0
-66.597808,-67.535252,0
-66.632069,-67.543552,0
-66.733144,-67.528090,0
-66.800893,-67.500584,0
-66.992747,-67.468683,0
-67.472157,-67.549005,0
-67.610748,-67.546970,0
-67.566884,-67.521661,0
-67.518870,-67.507257,0
-67.587270,-67.482680,0
-67.660797,-67.482843,0
-67.535878,-67.358087,0
-67.483306,-67.328871,0
-67.546010,-67.310479,0
-67.562489,-67.293227,0
-67.554799,-67.264255,0
-67.504709,-67.220392,0
-67.443837,-67.189386,0
-67.483957,-67.181736,0
-67.571401,-67.190688,0
-67.607737,-67.178318,0
-67.504994,-67.111993,0
-67.474965,-67.079360,0
-67.476186,-67.054132,0
-67.444732,-67.047052,0
-67.393422,-67.080824,0
-67.303090,-67.099298,0
-67.232533,-67.041762,0
-67.216542,-66.973403,0
-67.197133,-66.975518,0
-67.139068,-67.014255,0
-67.118967,-67.016778,0
-67.073964,-67.000665,0
-67.120188,-66.954278,0
-67.119049,-66.936130,0
-67.103993,-66.927830,0
-67.031890,-66.921645,0
-66.950673,-66.938897,0
-66.917307,-66.956801,0
-66.927846,-66.982843,0
-66.907460,-67.037774,0
-66.917633,-67.067641,0
-66.939198,-67.091729,0
-66.939320,-67.118259,0
-66.923899,-67.157892,0
-66.887522,-67.168145,0
-66.950266,-67.214939,0
-66.980865,-67.276300,0
-66.949778,-67.284275,0
-66.876820,-67.284763,0
-66.816396,-67.311130,0
-66.785634,-67.311456,0
-66.764475,-67.288670,0
-66.764516,-67.261407,0
-66.720204,-67.221775,0
-66.708852,-67.190525,0
-66.595815,-67.245212,0
-66.564361,-67.277114,0
-66.535756,-67.340020,0
-66.497426,-67.346775,0
-66.462799,-67.336602,0
-66.451039,-67.308526,0
-66.456532,-67.198826,0
-66.485341,-67.147719,0
-66.526845,-67.113946,0
-66.444163,-67.085382,0
-66.521718,-67.048923,0
-66.614166,-67.038018,0
-66.583160,-66.994399,0
-66.494944,-66.918390,0
-66.461537,-66.913507,0
-66.420318,-66.881931,0
-66.417226,-66.861098,0
-66.440582,-66.845636,0
-66.551910,-66.810642,0
-66.533070,-66.775567,0
-66.527984,-66.744806,0
-66.552073,-66.679295,0
-66.547922,-66.650160,0
-66.512074,-66.630141,0
-66.256825,-66.583185,0
-66.091908,-66.591404,0
-66.076039,-66.596368,0
-66.057037,-66.626723,0
-66.000478,-66.636000,0
-65.944000,-66.673110,0
-65.839508,-66.688246,0
-65.800364,-66.715753,0
-65.764882,-66.709161,0
-65.725453,-66.683526,0
-65.689361,-66.683689,0
-65.646148,-66.653009,0
-65.762074,-66.609633,0
-65.766713,-66.601821,0
-65.751698,-66.594415,0
-65.701080,-66.595961,0
-65.687978,-66.586033,0
-65.720693,-66.564386,0
-65.722401,-66.554376,0
-65.664703,-66.462498,0
-65.662709,-66.434015,0
-65.550364,-66.400160,0
-65.601552,-66.378513,0
-65.642934,-66.377130,0
-65.669260,-66.330011,0
-65.691640,-66.320489,0
-65.828114,-66.321222,0
-65.872426,-66.298923,0
-65.785715,-66.274021,0
-65.725901,-66.270115,0
-65.640533,-66.214776,0
-65.633697,-66.200616,0
-65.646840,-66.181736,0
-65.705474,-66.149998,0
-65.612945,-66.125665,0
-65.595815,-66.098403,0
-65.544830,-66.121515,0
-65.486969,-66.122817,0
-65.435618,-66.144952,0
-65.319976,-66.147068,0
-65.187408,-66.172540,0
-65.138661,-66.169854,0
-65.090932,-66.150079,0
-65.249867,-66.066583,0
-65.319163,-66.038263,0
-65.335927,-66.001235,0
-65.327748,-65.981134,0
-65.296254,-65.963311,0
-65.259755,-65.957452,0
-65.052154,-65.962660,0
-65.000844,-65.939386,0
-64.886627,-65.928399,0
-64.823354,-65.940362,0
-64.799713,-65.980564,0
-64.762441,-65.990899,0
-64.740793,-66.012384,0
-64.712636,-66.017185,0
-64.703521,-66.032973,0
-64.686513,-66.038344,0
-64.584096,-66.033461,0
-64.496002,-65.980890,0
-64.487701,-65.950453,0
-64.556060,-65.882094,0
-64.630238,-65.878839,0
-64.662709,-65.865492,0
-64.693674,-65.840509,0
-64.671986,-65.814060,0
-64.671376,-65.752618,0
-64.657948,-65.737237,0
-64.625600,-65.738539,0
-64.563100,-65.764255,0
-64.396392,-65.809340,0
-64.369008,-65.797784,0
-64.368276,-65.764744,0
-64.377187,-65.741795,0
-64.335276,-65.716567,0
-64.478668,-65.631443,0
-64.305002,-65.631931,0
-64.250966,-65.642185,0
-64.190582,-65.684666,0
-64.134429,-65.680352,0
-64.045074,-65.693129,0
-64.066274,-65.669692,0
-64.122222,-65.643162,0
-64.145131,-65.623956,0
-64.116607,-65.610528,0
-64.164540,-65.568048,0
-64.226877,-65.553318,0
-64.081899,-65.514825,0
-64.003733,-65.515395,0
-63.966176,-65.574965,0
-63.880483,-65.599054,0
-63.795155,-65.605727,0
-63.792307,-65.591241,0
-63.828684,-65.547540,0
-63.795481,-65.531345,0
-63.682281,-65.523858,0
-63.701161,-65.504653,0
-63.754384,-65.496189,0
-63.762318,-65.471612,0
-63.829986,-65.484145,0
-63.821401,-65.461521,0
-63.922027,-65.468520,0
-64.059722,-65.429376,0
-64.089955,-65.413344,0
-64.034291,-65.399347,0
-63.984486,-65.369887,0
-64.013295,-65.343032,0
-64.049550,-65.326755,0
-64.109853,-65.267755,0
-64.064198,-65.269464,0
-64.054921,-65.262465,0
-64.056223,-65.241388,0
-64.082143,-65.193617,0
-64.079701,-65.165297,0
-64.055898,-65.144301,0
-63.994456,-65.147393,0
-63.969594,-65.133559,0
-63.970326,-65.112563,0
-63.913075,-65.091485,0
-63.896596,-65.062758,0
-63.873891,-65.045994,0
-63.806223,-65.026462,0
-63.758697,-65.041599,0
-63.706288,-65.040623,0
-63.653391,-65.075291,0
-63.589955,-65.083754,0
-63.526601,-65.079767,0
-63.499989,-65.092869,0
-63.427358,-65.096124,0
-63.382436,-65.110935,0
-63.359731,-65.111423,0
-63.316151,-65.091485,0
-63.261301,-65.080336,0
-63.246409,-65.090753,0
-63.224192,-65.136651,0
-63.204823,-65.146254,0
-63.150746,-65.142836,0
-63.107900,-65.163832,0
-63.083608,-65.166111,0
-62.992014,-65.125421,0
-63.023020,-65.085219,0
-62.991811,-65.072361,0
-63.018870,-65.054783,0
-63.003326,-65.043634,0
-63.005442,-65.035414,0
-63.030873,-65.027765,0
-63.103993,-65.037286,0
-63.138743,-65.027765,0
-63.233754,-64.965265,0
-63.208811,-64.949395,0
-63.098622,-64.934015,0
-63.056508,-64.904392,0
-62.997222,-64.923598,0
-62.959950,-64.914972,0
-62.897857,-64.931085,0
-62.867909,-64.920994,0
-62.822092,-64.877699,0
-62.788808,-64.866632,0
-62.824778,-64.854750,0
-62.854319,-64.831638,0
-62.794097,-64.812677,0
-62.740102,-64.823012,0
-62.583974,-64.910740,0
-62.564809,-64.909275,0
-62.526031,-64.881931,0
-62.407216,-64.876642,0
-62.673818,-64.777276,0
-62.653147,-64.763116,0
-62.581614,-64.760024,0
-62.518056,-64.731866,0
-62.497182,-64.731866,0
-62.540883,-64.701755,0
-62.574086,-64.656671,0
-62.551869,-64.637140,0
-62.507314,-64.641697,0
-62.472483,-64.631117,0
-62.494944,-64.616143,0
-62.521148,-64.612237,0
-62.495513,-64.598565,0
-62.470204,-64.593357,0
-62.416493,-64.601251,0
-62.442983,-64.624607,0
-62.366322,-64.669122,0
-62.365387,-64.645603,0
-62.310943,-64.656508,0
-62.303822,-64.672947,0
-62.337961,-64.687107,0
-62.353627,-64.702569,0
-62.369008,-64.749119,0
-62.141835,-64.784845,0
-62.220082,-64.738051,0
-62.174224,-64.735935,0
-62.128896,-64.746026,0
-62.136830,-64.683282,0
-62.054921,-64.717869,0
-62.015207,-64.695733,0
-61.970855,-64.690362,0
-61.920725,-64.637791,0
-61.966786,-64.612237,0
-61.915679,-64.574884,0
-61.890248,-64.573663,0
-61.844635,-64.593032,0
-61.795033,-64.582778,0
-61.812571,-64.572849,0
-61.843739,-64.518243,0
-61.805735,-64.492852,0
-61.779652,-64.497166,0
-61.768788,-64.518243,0
-61.721588,-64.562921,0
-61.703277,-64.609145,0
-61.661244,-64.625095,0
-61.653147,-64.653985,0
-61.608306,-64.667576,0
-61.578847,-64.662042,0
-61.491038,-64.614516,0
-61.569000,-64.584242,0
-61.604319,-64.560724,0
-61.605784,-64.532159,0
-61.574208,-64.522231,0
-61.520497,-64.524998,0
-61.432281,-64.545587,0
-61.445424,-64.531915,0
-61.444692,-64.465102,0
-61.524810,-64.484063,0
-61.559316,-64.477960,0
-61.582875,-64.442641,0
-61.541615,-64.420587,0
-61.485463,-64.407892,0
-61.471669,-64.397882,0
-61.456125,-64.368341,0
-61.415598,-64.371270,0
-61.365061,-64.358982,0
-61.371693,-64.376153,0
-61.423411,-64.392755,0
-61.416575,-64.407647,0
-61.366689,-64.404474,0
-61.295318,-64.432387,0
-61.295237,-64.405206,0
-61.271311,-64.394708,0
-61.090688,-64.386326,0
-61.124745,-64.370701,0
-61.135162,-64.333103,0
-61.117340,-64.333429,0
-61.095815,-64.302911,0
-61.064443,-64.295831,0
-60.968658,-64.295668,0
-60.941721,-64.281915,0
-60.930816,-64.251397,0
-60.975982,-64.240899,0
-60.955963,-64.213067,0
-60.920481,-64.210056,0
-60.962880,-64.156345,0
-60.840810,-64.164239,0
-60.855540,-64.147393,0
-60.887278,-64.136651,0
-60.914540,-64.110447,0
-61.019439,-64.082452,0
-60.985666,-64.064548,0
-60.877187,-64.047459,0
-60.818674,-64.075453,0
-60.767161,-64.064711,0
-60.772857,-64.085056,0
-60.746409,-64.079197,0
-60.727366,-64.062188,0
-60.720204,-64.038263,0
-60.729319,-64.011489,0
-60.528472,-63.986017,0
-60.306467,-63.915460,0
-60.174224,-63.916111,0
-59.995188,-63.958673,0
-59.969960,-63.958103,0
-59.956207,-63.951918,0
-59.957102,-63.930841,0
-59.933339,-63.898370,0
-59.947092,-63.876886,0
-59.942860,-63.865655,0
-59.910878,-63.847914,0
-59.844472,-63.859470,0
-59.822499,-63.845473,0
-59.848459,-63.818943,0
-59.848378,-63.805271,0
-59.836334,-63.787042,0
-59.807444,-63.771661,0
-59.775624,-63.782159,0
-59.760732,-63.799574,0
-59.790639,-63.834731,0
-59.784901,-63.852716,0
-59.770172,-63.859959,0
-59.607411,-63.873793,0
-59.548736,-63.891290,0
-59.489003,-63.879083,0
-59.429107,-63.909926,0
-59.401194,-63.861993,0
-59.424957,-63.851251,0
-59.440582,-63.830255,0
-59.339752,-63.785333,0
-59.338124,-63.773614,0
-59.368886,-63.723240,0
-59.352284,-63.708591,0
-59.231272,-63.680597,0
-59.115468,-63.718438,0
-59.096303,-63.716241,0
-59.012034,-63.671563,0
-58.936147,-63.669203,0
-58.920766,-63.650974,0
-58.941762,-63.585626,0
-58.940338,-63.564386,0
-58.923899,-63.548923,0
-58.898549,-63.540216,0
-58.256500,-63.454197,0
-58.165191,-63.462986,0
-58.144846,-63.458591,0
-58.131703,-63.444431,0
-58.126536,-63.416111,0
-58.182851,-63.407892,0
-58.186147,-63.391534,0
-58.169911,-63.376560,0
-58.144765,-63.379327,0
-58.089182,-63.410333,0
-58.032948,-63.413181,0
-58.003896,-63.391534,0
-57.958567,-63.381117,0
-57.862782,-63.306573,0
-57.797109,-63.307224,0
-57.491811,-63.251560,0
-57.368723,-63.217869,0
-57.286610,-63.214776,0
-57.105865,-63.241388,0
-57.029408,-63.281020,0
-57.036204,-63.347263,0
-57.002919,-63.362237,0
-57.047597,-63.415623,0
-56.965810,-63.395278,0
-56.944407,-63.398533,0
-56.928863,-63.420180,0
-56.941803,-63.438897,0
-56.991322,-63.460382,0
-56.980051,-63.470636,0
-56.945709,-63.479750,0
-56.901194,-63.516371,0
-56.824371,-63.531020,0
-56.799631,-63.543064,0
-56.776031,-63.563084,0
-56.768137,-63.582940,0
-56.775787,-63.603774,0
-56.799062,-63.626235,0
-56.847808,-63.643731,0
-56.874867,-63.642673,0
-56.945424,-63.612970,0
-56.968373,-63.611423,0
-57.020375,-63.632989,0
-57.124420,-63.654474,0
-57.146474,-63.643243,0
-57.175526,-63.596856,0
-57.169993,-63.579767,0
-57.146637,-63.567071,0
-57.096547,-63.558526,0
-57.114613,-63.537042,0
-57.140289,-63.524509,0
-57.126780,-63.503513,0
-57.177317,-63.476821,0
-57.294260,-63.481378,0
-57.445383,-63.444431,0
-57.491038,-63.460056,0
-57.457916,-63.492364,0
-57.450999,-63.510837,0
-57.458404,-63.533787,0
-57.386098,-63.541681,0
-57.420725,-63.561944,0
-57.482167,-63.565525,0
-57.715566,-63.554132,0
-57.740590,-63.580743,0
-57.765614,-63.587009,0
-57.726430,-63.598728,0
-57.604400,-63.602472,0
-57.673248,-63.630466,0
-57.708079,-63.632501,0
-57.750885,-63.656345,0
-57.801829,-63.647556,0
-57.864166,-63.651788,0
-57.881337,-63.659438,0
-57.865387,-63.669366,0
-57.895375,-63.683770,0
-58.097727,-63.663995,0
-58.175282,-63.716404,0
-58.292470,-63.753595,0
-58.329213,-63.776544,0
-58.400461,-63.842218,0
-58.457265,-63.842543,0
-58.470693,-63.858657,0
-58.449086,-63.872003,0
-58.499135,-63.910333,0
-58.619008,-63.944757,0
-58.704701,-63.994806,0
-58.733306,-64.031427,0
-58.723053,-64.067641,0
-58.707387,-64.087660,0
-58.771311,-64.131524,0
-58.819895,-64.218683,0
-58.874989,-64.218357,0
-58.939198,-64.200128,0
-59.033437,-64.188897,0
-59.054799,-64.191990,0
-59.072662,-64.214451,0
-59.107900,-64.227309,0
-59.116282,-64.236505,0
-59.111643,-64.246515,0
-59.088979,-64.256280,0
-58.769928,-64.282403,0
-58.754547,-64.293390,0
-58.748687,-64.316502,0
-58.761383,-64.332208,0
-58.873402,-64.341567,0
-58.922597,-64.357354,0
-58.949452,-64.357354,0
-58.933176,-64.380629,0
-58.905873,-64.400079,0
-58.874745,-64.412856,0
-58.810658,-64.417413,0
-58.779897,-64.431736,0
-58.762034,-64.458673,0
-58.764027,-64.498630,0
-58.783925,-64.527602,0
-58.815785,-64.542739,0
-58.889882,-64.551528,0
-58.990834,-64.514337,0
-59.013051,-64.496759,0
-58.992747,-64.483575,0
-58.986073,-64.463474,0
-58.993031,-64.443455,0
-59.013661,-64.430434,0
-59.171213,-64.459161,0
-59.223215,-64.461033,0
-59.330881,-64.440037,0
-59.367502,-64.411554,0
-59.417633,-64.330824,0
-59.463938,-64.310642,0
-59.543935,-64.326430,0
-59.607533,-64.378595,0
-59.632395,-64.390720,0
-59.662180,-64.391534,0
-59.610666,-64.448012,0
-59.611562,-64.466241,0
-59.649241,-64.520278,0
-59.604360,-64.510675,0
-59.585561,-64.514255,0
-59.563791,-64.526625,0
-59.550893,-64.544692,0
-59.555409,-64.562595,0
-59.591054,-64.587986,0
-59.635610,-64.594334,0
-59.768910,-64.566990,0
-59.755442,-64.542169,0
-59.749094,-64.496189,0
-59.754221,-64.436293,0
-59.770172,-64.424737,0
-59.957509,-64.387465,0
-60.007314,-64.398370,0
-59.987213,-64.441990,0
-60.009511,-64.468032,0
-60.040761,-64.481703,0
-60.182281,-64.513360,0
-60.223866,-64.515883,0
-60.234486,-64.520685,0
-60.261952,-64.566095,0
-60.279286,-64.570733,0
-60.279365,-64.570697,0
-60.279286,-64.570735,0
-60.284230,-64.576595,0
-60.325612,-64.588680,0
-60.336415,-64.589534,0
-60.345815,-64.592098,0
-60.345815,-64.592096,0
-60.351247,-64.598445,0
-60.352528,-64.609187,0
-60.352284,-64.619685,0
-60.353322,-64.629939,0
-60.356557,-64.631404,0
-60.355458,-64.628230,0
-60.362843,-64.617610,0
-60.371404,-64.610842,0
-60.355540,-64.628188,0
-60.360911,-64.643650,0
-60.374623,-64.648045,0
-60.456654,-64.639093,0
-60.497182,-64.663995,0
-60.665883,-64.708673,0
-60.702626,-64.731541,0
-60.723256,-64.758071,0
-60.706039,-64.779649,0
-60.665822,-64.810848,0
-60.658193,-64.820125,0
-60.657582,-64.828304,0
-60.658070,-64.835506,0
-60.654225,-64.841975,0
-60.643239,-64.848445,0
-60.619862,-64.858455,0
-60.583974,-64.882015,0
-60.560414,-64.893245,0
-60.458241,-64.913142,0
-60.300160,-64.961971,0
-60.199941,-64.970882,0
-60.137318,-64.963558,0
-60.107350,-64.963802,0
-60.089833,-64.967464,0
-60.077565,-64.974544,0
-60.068227,-64.985774,0
-60.059560,-65.002132,0
-60.050282,-65.009334,0
-60.019215,-65.017757,0
-60.006642,-65.026790,0
-60.021718,-65.047786,0
-59.991139,-65.067073,0
-59.913503,-65.089168,0
-59.790902,-65.097589,0
-59.771392,-65.086114,0
-59.646148,-65.121840,0
-59.435455,-65.233819,0
-59.514638,-65.245701,0
-59.648752,-65.219903,0
-59.699179,-65.202119,0
-59.707631,-65.211726,0
-59.726979,-65.216121,0
-60.002736,-65.162898,0
-60.018056,-65.152156,0
-60.041676,-65.116512,0
-60.060658,-65.110164,0
-60.163991,-65.102962,0
-60.337880,-65.067806,0
-60.362233,-65.065608,0
-60.385976,-65.066097,0
-60.437611,-65.076228,0
-60.453603,-65.075374,0
-60.453603,-65.075372,0
-60.461659,-65.076717,0
-60.462270,-65.082088,0
-60.461537,-65.088558,0
-60.465382,-65.093196,0
-60.476796,-65.095638,0
-60.850819,-65.082454,0
-60.892445,-65.093562,0
-60.882314,-65.101253,0
-60.932729,-65.099910,0
-61.094350,-65.047908,0
-61.136464,-65.041560,0
-61.232466,-65.010698,0
-61.381215,-65.053318,0
-61.398346,-65.045994,0
-61.423889,-65.020422,0
-61.422902,-65.021785,0
-61.410329,-65.034114,0
-61.431691,-65.034847,0
-61.455800,-65.037532,0
-61.569508,-65.071956,0
-61.569508,-65.071954,0
-61.578481,-65.078059,0
-61.581654,-65.087215,0
-61.578908,-65.100642,0
-61.570119,-65.113826,0
-61.557912,-65.119319,0
-61.543752,-65.122493,0
-61.528920,-65.128108,0
-61.538869,-65.128841,0
-61.547109,-65.131404,0
-61.553883,-65.135555,0
-61.563540,-65.142114,0
-61.555776,-65.157892,0
-61.626210,-65.170180,0
-61.604482,-65.199640,0
-61.606435,-65.224786,0
-61.627553,-65.241388,0
-61.803700,-65.246759,0
-61.830393,-65.241876,0
-61.931630,-65.193292,0
-61.961171,-65.191339,0
-61.996571,-65.199395,0
-62.055735,-65.229262,0
-62.021718,-65.249119,0
-62.038889,-65.261651,0
-62.125071,-65.292739,0
-62.198313,-65.304457,0
-62.175120,-65.344008,0
-62.032094,-65.372247,0
-62.058583,-65.389907,0
-62.089467,-65.393487,0
-62.095448,-65.403090,0
-62.094309,-65.462498,0
-62.067372,-65.477309,0
-61.960846,-65.493585,0
-61.922109,-65.541192,0
-61.839955,-65.547947,0
-61.729970,-65.529474,0
-61.704430,-65.543750,0
-61.688527,-65.539119,0
-61.660329,-65.527644,0
-61.649037,-65.525325,0
-61.633168,-65.531917,0
-61.621693,-65.541194,0
-61.608571,-65.549373,0
-61.568227,-65.554134,0
-61.516957,-65.573421,0
-61.499806,-65.576228,0
-61.484364,-65.575496,0
-61.433034,-65.566829,0
-61.301381,-65.588924,0
-61.275319,-65.600276,0
-61.233144,-65.643489,0
-61.239797,-65.654109,0
-61.254140,-65.655818,0
-61.270253,-65.654720,0
-61.282033,-65.657039,0
-61.294423,-65.683650,0
-61.283559,-65.709407,0
-61.277455,-65.733577,0
-61.304250,-65.755061,0
-61.110829,-65.830867,0
-61.038625,-65.842830,0
-61.015126,-65.849544,0
-60.941884,-65.882625,0
-60.859451,-65.912257,0
-60.577504,-65.940118,0
-60.547109,-65.958266,0
-60.563385,-65.996759,0
-60.601877,-66.035740,0
-60.614842,-66.042737,0
-60.610829,-66.063167,0
-60.607289,-66.082820,0
-60.598378,-66.100276,0
-60.584340,-66.113826,0
-60.568105,-66.120784,0
-60.532826,-66.128841,0
-60.517812,-66.137996,0
-60.510426,-66.153743,0
-60.519765,-66.187557,0
-60.517262,-66.207942,0
-60.512196,-66.226131,0
-60.509755,-66.261287,0
-60.504750,-66.280696,0
-60.471303,-66.329158,0
-60.465932,-66.344173,0
-60.483083,-66.367976,0
-60.487050,-66.376277,0
-60.486684,-66.386897,0
-60.482289,-66.394466,0
-60.453664,-66.426936,0
-60.365712,-66.494197,0
-60.358510,-66.502620,0
-60.357655,-66.525569,0
-60.369557,-66.542049,0
-60.386586,-66.556453,0
-60.401235,-66.573299,0
-60.411733,-66.614314,0
-60.397023,-66.645198,0
-60.366689,-66.668025,0
-60.293141,-66.700618,0
-60.216115,-66.722835,0
-60.120717,-66.729793,0
-60.106435,-66.735530,0
-60.091725,-66.752864,0
-60.095693,-66.764705,0
-60.128468,-66.782649,0
-60.115224,-66.783382,0
-60.084157,-66.780696,0
-60.073171,-66.782771,0
-60.064320,-66.792659,0
-60.061025,-66.806941,0
-60.064443,-66.821468,0
-60.075856,-66.831966,0
-60.133962,-66.858577,0
-60.189198,-66.891902,0
-60.256825,-66.957210,0
-60.283925,-66.976253,0
-60.383534,-67.002132,0
-60.404042,-67.018977,0
-60.382253,-67.024104,0
-60.312123,-67.023860,0
-60.289723,-67.030818,0
-60.278371,-67.043269,0
-60.270314,-67.059016,0
-60.249074,-67.089900,0
-60.246938,-67.107234,0
-60.246632,-67.145686,0
-60.248158,-67.154231,0
-60.259328,-67.167781,0
-60.262624,-67.176082,0
-60.262685,-67.189021,0
-60.245046,-67.256892,0
-60.246693,-67.271419,0
-60.268422,-67.293758,0
-60.275319,-67.302913,0
-60.280324,-67.313045,0
-60.282094,-67.322566,0
-60.282399,-67.337947,0
-60.284901,-67.343684,0
-60.290028,-67.348201,0
-60.298085,-67.359920,0
-60.332875,-67.432674,0
-60.348378,-67.451228,0
-60.358205,-67.456233,0
-60.380055,-67.460262,0
-60.389272,-67.464046,0
-60.395070,-67.471492,0
-60.399037,-67.481014,0
-60.405019,-67.491023,0
-60.416737,-67.499202,0
-60.453603,-67.507991,0
-60.735951,-67.505794,0
-60.783742,-67.512996,0
-60.816151,-67.531184,0
-60.841298,-67.560237,0
-60.892384,-67.633968,0
-60.898183,-67.650569,0
-60.896596,-67.673518,0
-60.891225,-67.693538,0
-60.882192,-67.716243,0
-60.869740,-67.736263,0
-60.853810,-67.748225,0
-60.840016,-67.731136,0
-60.817494,-67.737361,0
-60.793996,-67.754573,0
-60.777699,-67.770320,0
-60.749013,-67.809627,0
-60.733876,-67.823787,0
-60.711110,-67.831111,0
-60.610341,-67.841975,0
-60.559682,-67.855403,0
-60.520436,-67.879695,0
-60.532033,-67.894588,0
-60.539479,-67.909358,0
-60.550771,-67.941585,0
-60.553822,-67.965755,0
-60.543080,-67.977962,0
-60.525868,-67.986507,0
-60.509389,-67.999812,0
-60.499379,-68.020931,0
-60.503835,-68.035823,0
-60.518666,-68.047420,0
-60.559010,-68.069759,0
-60.571828,-68.080135,0
-60.594472,-68.108333,0
-60.628713,-68.141902,0
-60.637746,-68.154353,0
-60.644338,-68.173641,0
-60.652943,-68.213191,0
-60.663808,-68.231258,0
-60.691090,-68.264583,0
-60.698048,-68.283016,0
-60.678761,-68.306941,0
-60.682240,-68.323543,0
-60.692983,-68.338558,0
-60.705312,-68.345516,0
-60.704579,-68.368465,0
-60.718373,-68.413997,0
-60.715688,-68.433040,0
-60.702260,-68.444637,0
-60.682118,-68.457332,0
-60.664601,-68.472591,0
-60.659230,-68.491756,0
-60.679006,-68.514827,0
-60.718922,-68.536556,0
-60.792653,-68.563777,0
-60.764577,-68.580867,0
-60.675588,-68.605647,0
-60.659108,-68.621150,0
-60.653737,-68.634944,0
-60.639150,-68.643733,0
-60.628651,-68.653011,0
-60.635793,-68.668147,0
-60.658620,-68.675105,0
-60.708180,-68.660945,0
-60.729604,-68.674007,0
-60.744801,-68.696956,0
-60.747658,-68.705587,0
-60.717152,-68.715265,0
-60.667836,-68.747166,0
-60.652008,-68.775811,0
-60.675893,-68.795180,0
-60.746083,-68.798923,0
-60.894016,-68.759968,0
-60.801564,-68.788142,0
-60.791127,-68.802303,0
-60.777577,-68.807185,0
-60.765065,-68.814388,0
-60.753957,-68.823665,0
-60.772878,-68.834773,0
-60.795766,-68.841243,0
-60.842030,-68.846248,0
-60.826955,-68.856136,0
-60.775014,-68.873836,0
-60.785268,-68.892024,0
-60.766835,-68.910579,0
-60.736867,-68.924739,0
-60.712392,-68.929866,0
-60.752736,-68.989803,0
-60.761769,-69.010310,0
-60.775685,-69.026790,0
-60.798329,-69.034969,0
-60.845754,-69.042781,0
-61.027760,-69.100032,0
-61.197560,-69.189998,0
-61.352101,-69.302181,0
-61.447621,-69.339656,0
-61.489430,-69.365291,0
-61.498525,-69.407771,0
-61.487111,-69.429988,0
-61.470021,-69.442806,0
-61.429128,-69.464168,0
-61.421986,-69.471492,0
-61.411122,-69.486629,0
-61.400502,-69.494441,0
-61.330251,-69.519710,0
-61.310719,-69.529720,0
-61.292958,-69.542781,0
-61.219716,-69.609554,0
-61.199696,-69.622493,0
-61.157887,-69.640315,0
-61.110524,-69.650325,0
-61.060536,-69.653377,0
-61.010732,-69.650569,0
-60.991933,-69.652156,0
-60.976857,-69.659847,0
-60.948720,-69.681453,0
-60.930348,-69.688533,0
-60.888844,-69.697933,0
-60.871938,-69.708675,0
-60.844533,-69.765437,0
-60.841237,-69.778133,0
-60.852101,-69.788875,0
-60.873097,-69.797908,0
-60.895497,-69.803523,0
-60.910207,-69.804134,0
-60.899220,-69.811092,0
-61.228993,-69.831966,0
-61.293385,-69.851497,0
-61.308439,-69.851264,0
-61.268219,-69.851983,0
-61.190012,-69.867852,0
-61.138336,-69.888604,0
-61.112945,-69.915460,0
-61.116567,-69.938165,0
-61.107348,-69.959285,0
-61.031484,-69.984432,0
-61.014089,-69.998592,0
-61.023061,-70.044124,0
-61.010182,-70.062068,0
-61.020131,-70.076839,0
-61.013539,-70.083675,0
-61.005422,-70.099300,0
-61.000478,-70.105037,0
-60.989980,-70.108821,0
-60.964589,-70.111018,0
-60.952016,-70.116390,0
-60.938100,-70.130061,0
-60.916737,-70.159969,0
-60.861012,-70.198665,0
-60.736440,-70.308162,0
-60.683827,-70.339046,0
-60.658803,-70.359554,0
-60.649770,-70.364558,0
-60.637746,-70.375179,0
-60.637502,-70.387141,0
-60.641347,-70.398494,0
-60.641408,-70.407283,0
-60.625722,-70.422054,0
-60.587636,-70.444026,0
-60.573232,-70.463802,0
-60.567860,-70.484432,0
-60.573476,-70.493099,0
-60.601362,-70.507865,0
-60.569976,-70.507257,0
-60.504872,-70.517511,0
-60.453359,-70.541274,0
-60.435292,-70.596775,0
-60.446889,-70.621759,0
-60.469146,-70.639825,0
-60.543528,-70.671157,0
-60.716542,-70.710626,0
-60.812896,-70.714614,0
-60.885374,-70.700167,0
-60.857533,-70.709285,0
-60.812917,-70.714656,0
-60.716542,-70.710628,0
-60.698842,-70.706599,0
-60.692677,-70.720516,0
-60.679982,-70.752132,0
-60.674672,-70.778743,0
-60.677602,-70.800349,0
-60.700124,-70.864070,0
-60.701344,-70.881282,0
-60.696828,-70.896053,0
-60.680484,-70.911121,0
-60.587026,-70.925063,0
-60.538889,-70.954278,0
-60.516591,-70.991632,0
-60.515452,-71.027439,0
-60.530670,-71.051039,0
-60.600517,-71.060737,0
-60.566457,-71.056087,0
-60.581899,-71.074519,0
-60.590871,-71.085750,0
-60.594106,-71.100398,0
-60.589650,-71.119808,0
-60.585011,-71.131282,0
-60.580678,-71.136653,0
-60.555348,-71.141902,0
-60.546559,-71.147151,0
-60.539906,-71.157039,0
-60.499806,-71.239803,0
-60.489797,-71.250911,0
-60.472157,-71.260066,0
-60.401845,-71.311214,0
-60.408742,-71.319515,0
-60.444081,-71.330257,0
-60.462270,-71.355891,0
-60.468922,-71.363338,0
-60.479970,-71.369075,0
-60.504323,-71.374812,0
-60.514760,-71.379085,0
-60.529347,-71.392268,0
-60.534413,-71.406184,0
-60.527028,-71.417537,0
-60.504445,-71.423518,0
-60.508168,-71.433528,0
-60.513905,-71.441707,0
-60.521657,-71.447688,0
-60.531484,-71.451717,0
-60.525258,-71.464778,0
-60.512135,-71.503597,0
-60.500722,-71.517391,0
-60.444325,-71.563045,0
-60.441335,-71.568294,0
-60.441213,-71.579524,0
-60.446645,-71.584163,0
-60.453236,-71.586604,0
-60.456532,-71.591609,0
-60.454457,-71.621761,0
-60.449330,-71.636897,0
-60.439870,-71.644710,0
-60.298940,-71.700496,0
-60.268239,-71.720393,0
-60.251698,-71.740779,0
-60.267751,-71.752864,0
-60.267201,-71.773006,0
-60.281484,-71.777889,0
-60.299245,-71.779842,0
-60.309193,-71.791316,0
-60.304128,-71.802181,0
-60.262441,-71.828304,0
-60.241811,-71.861995,0
-60.251576,-71.884944,0
-60.281789,-71.897517,0
-60.322499,-71.899715,0
-60.302174,-71.903743,0
-60.281422,-71.914485,0
-60.262318,-71.928645,0
-60.246693,-71.943172,0
-60.259328,-71.945979,0
-60.271047,-71.943782,0
-60.295766,-71.932430,0
-60.262563,-71.969539,0
-60.252065,-71.990047,0
-60.256215,-72.008235,0
-60.267812,-72.016658,0
-60.278615,-72.018245,0
-60.289052,-72.018001,0
-60.299489,-72.021053,0
-60.309438,-72.030574,0
-60.315724,-72.043147,0
-60.319203,-72.055843,0
-60.320790,-72.066219,0
-60.311147,-72.106380,0
-60.278737,-72.136653,0
-60.234792,-72.157893,0
-60.192748,-72.176094,0
-60.188059,-72.175958,0
-60.134877,-72.193536,0
-60.106557,-72.224054,0
-60.126780,-72.252537,0
-60.130638,-72.252767,0
-60.131581,-72.256892,0
-60.132558,-72.259700,0
-60.133107,-72.262874,0
-60.133107,-72.266292,0
-60.128285,-72.277644,0
-60.117726,-72.287166,0
-60.105153,-72.294124,0
-60.093861,-72.298396,0
-59.991689,-72.310481,0
-59.935902,-72.323665,0
-59.911733,-72.348201,0
-59.888844,-72.379085,0
-59.710744,-72.425960,0
-59.704945,-72.430476,0
-59.701161,-72.443172,0
-59.695546,-72.454524,0
-59.686208,-72.461482,0
-59.677174,-72.466243,0
-59.672475,-72.471248,0
-59.679128,-72.491878,0
-59.719228,-72.526546,0
-59.725758,-72.551570,0
-59.741994,-72.576106,0
-59.747365,-72.580013,0
-59.762868,-72.585506,0
-59.767629,-72.589656,0
-59.767079,-72.595393,0
-59.760426,-72.610530,0
-59.760365,-72.615657,0
-59.780751,-72.633357,0
-59.802907,-72.639949,0
-59.855275,-72.641902,0
-59.878468,-72.649349,0
-59.895863,-72.664241,0
-59.933400,-72.722957,0
-59.937856,-72.732967,0
-59.940175,-72.743099,0
-59.937917,-72.756770,0
-59.926381,-72.787776,0
-59.925038,-72.795833,0
-59.942738,-72.817683,0
-59.967641,-72.838802,0
-59.997243,-72.856014,0
-60.030324,-72.869441,0
-60.035573,-72.868831,0
-60.060475,-72.869441,0
-60.081799,-72.874757,0
-60.010650,-72.871759,0
-59.965810,-72.883233,0
-59.949371,-72.895196,0
-59.946156,-72.922052,0
-59.904124,-72.993422,0
-59.915435,-73.024998,0
-59.997182,-73.081638,0
-60.030100,-73.121270,0
-60.037099,-73.169854,0
-60.011545,-73.208673,0
-59.975209,-73.238214,0
-60.026601,-73.278985,0
-60.093577,-73.299249,0
-60.252406,-73.317734,0
-60.336537,-73.344661,0
-60.540456,-73.447933,0
-60.561696,-73.463069,0
-60.561696,-73.463067,0
-60.575795,-73.478084,0
-60.583302,-73.502010,0
-60.580251,-73.518001,0
-60.582082,-73.530574,0
-60.598012,-73.544002,0
-60.850881,-73.628597,0
-60.836903,-73.641780,0
-60.814626,-73.639583,0
-60.791127,-73.632259,0
-60.767384,-73.630061,0
-60.748586,-73.636165,0
-60.688588,-73.671932,0
-60.707143,-73.677913,0
-60.767934,-73.680599,0
-60.747670,-73.685481,0
-60.737538,-73.692683,0
-60.736073,-73.701717,0
-60.741139,-73.711971,0
-60.762318,-73.699886,0
-60.784230,-73.694515,0
-60.784244,-73.694516,0
-60.734731,-73.715753,0
-60.813954,-73.771417,0
-60.879954,-73.842869,0
-60.910797,-73.899835,0
-60.986562,-73.955336,0
-61.031232,-73.965018,0
-61.031117,-73.965022,0
-61.022511,-73.963924,0
-60.982716,-73.972469,0
-60.911855,-73.969661,0
-60.877797,-73.972957,0
-60.880299,-73.990901,0
-60.871632,-74.002620,0
-60.855946,-74.008846,0
-60.837880,-74.010188,0
-60.823232,-74.013240,0
-60.816579,-74.021907,0
-60.818593,-74.032283,0
-60.830068,-74.040706,0
-60.774892,-74.095516,0
-60.754384,-74.107600,0
-60.706410,-74.118709,0
-60.687428,-74.131404,0
-60.678151,-74.155208,0
-60.684010,-74.179256,0
-60.698171,-74.201595,0
-60.715993,-74.223933,0
-60.717580,-74.226741,0
-60.718495,-74.229183,0
-60.722251,-74.237180,0
-60.691151,-74.238946,0
-60.650014,-74.254002,0
-60.640248,-74.292657,0
-60.681956,-74.324802,0
-60.780141,-74.359145,0
-60.883656,-74.378676,0
-60.978383,-74.421157,0
-60.940012,-74.429783,0
-60.905995,-74.449151,0
-60.977895,-74.497166,0
-61.067860,-74.519627,0
-61.428380,-74.538163,0
-61.260671,-74.529598,0
-61.484547,-74.571590,0
-61.467946,-74.575740,0
-61.449147,-74.575862,0
-61.434071,-74.578914,0
-61.428639,-74.591853,0
-61.437123,-74.604427,0
-61.455739,-74.617366,0
-61.491689,-74.634456,0
-61.458363,-74.667659,0
-61.461171,-74.692928,0
-61.487172,-74.714778,0
-61.523549,-74.737361,0
-61.607533,-74.818904,0
-61.645192,-74.837581,0
-61.608388,-74.861018,0
-61.560536,-74.870174,0
-61.369618,-74.882381,0
-61.016499,-74.964473,0
-60.663381,-75.046565,0
-60.269032,-75.186336,0
-59.811212,-75.272809,0
-59.353392,-75.359281,0
-58.895572,-75.445754,0
-58.437752,-75.532227,0
-57.979932,-75.618699,0
-57.522112,-75.705172,0
-57.064292,-75.791645,0
-56.606472,-75.878118,0
-56.148652,-75.964590,0
-55.690832,-76.051063,0
-55.233012,-76.137536,0
-54.775192,-76.224009,0
-54.317372,-76.310481,0
-54.324941,-76.316707,0
-54.333363,-76.321346,0
-54.342519,-76.324397,0
-54.352345,-76.326106,0
-54.326344,-76.347713,0
-53.937337,-76.469814,0
-53.548329,-76.591914,0
-53.159322,-76.714015,0
-53.000000,-76.764023,0
-53.000000,-80.854188,0
-54.161610,-80.877130,0
-54.165960,-80.876139,0
-54.161610,-80.877132,0
-53.676768,-80.867556,0
-53.191925,-80.857980,0
-53.000000,-80.854190,0
-53.000000,-82.138739,0
-53.224843,-82.125057,0
-53.240346,-82.126399,0
-53.255422,-82.130306,0
-53.271318,-82.139514,0
-53.224924,-82.125095,0
-53.000000,-82.138750,0
-53.000000,-89.999722,0
-90.000000,-89.999722,0
-90.000000,-73.068544,0
-89.995595,-73.067683,0
-89.796376,-73.092464,0
-89.689137,-73.090755,0
-89.633290,-73.083797,0
-89.585072,-73.070491,0
-89.555226,-73.050716,0
-89.555078,-73.050548,0
-89.555247,-73.050714,0
-89.585072,-73.070408,0
-89.689117,-73.090590,0
-89.796376,-73.092380,0
-89.995676,-73.067641,0
-90.000000,-73.068487,0
-90.000000,-72.974319,0
-89.999618,-72.974151,0
-90.000000,-72.974318,0
-90.000000,-72.462058,0
-89.871022,-72.456599,0
-89.758778,-72.483333,0
-89.785146,-72.500667,0
-89.824696,-72.508846,0
-89.900502,-72.510433,0
-89.867238,-72.515682,0</coordinates>
          </LinearRing>
        </outerBoundaryIs>
      </Polygon>
    </Placemark>
    <Placemark>
      <name>San Martin</name>
      <description>See: 2050-snapshot/domains/borders-geopolitics.md#antarctica</description>
      <Polygon>
        <extrude>1</extrude>
        <altitudeMode>clampToGround</altitudeMode>
        <outerBoundaryIs>
          <LinearRing>
            <coordinates>-67.134999,-68.138116,0
-67.200754,-68.172621,0
-67.235504,-68.171645,0
-67.254954,-68.144789,0
-67.240102,-68.133071,0
-67.134999,-68.138116,0</coordinates>
          </LinearRing>
        </outerBoundaryIs>
      </Polygon>
    </Placemark>
    <Placemark>
      <name>San Martin</name>
      <description>See: 2050-snapshot/domains/borders-geopolitics.md#antarctica</description>
      <Polygon>
        <extrude>1</extrude>
        <altitudeMode>clampToGround</altitudeMode>
        <outerBoundaryIs>
          <LinearRing>
            <coordinates>-66.901112,-67.888360,0
-66.998647,-67.882094,0
-67.040028,-67.861423,0
-66.945546,-67.848891,0
-66.898346,-67.853285,0
-66.855377,-67.872247,0
-66.901112,-67.888360,0</coordinates>
          </LinearRing>
        </outerBoundaryIs>
      </Polygon>
    </Placemark>
    <Placemark>
      <name>San Martin</name>
      <description>See: 2050-snapshot/domains/borders-geopolitics.md#antarctica</description>
      <Polygon>
        <extrude>1</extrude>
        <altitudeMode>clampToGround</altitudeMode>
        <outerBoundaryIs>
          <LinearRing>
            <coordinates>-67.292551,-67.868829,0
-67.233795,-67.830824,0
-67.336781,-67.818292,0
-67.185943,-67.794122,0
-67.134104,-67.803399,0
-67.083079,-67.832696,0
-67.127349,-67.864841,0
-67.177480,-67.884942,0
-67.246409,-67.893976,0
-67.290639,-67.876235,0
-67.292551,-67.868829,0</coordinates>
          </LinearRing>
        </outerBoundaryIs>
      </Polygon>
    </Placemark>
    <Placemark>
      <name>San Martin</name>
      <description>See: 2050-snapshot/domains/borders-geopolitics.md#antarctica</description>
      <Polygon>
        <extrude>1</extrude>
        <altitudeMode>clampToGround</altitudeMode>
        <outerBoundaryIs>
          <LinearRing>
            <coordinates>-67.495717,-67.589044,0
-67.183705,-67.599786,0
-67.151112,-67.610772,0
-67.122182,-67.642511,0
-67.231272,-67.677341,0
-67.253163,-67.710056,0
-67.320546,-67.711033,0
-67.288197,-67.730076,0
-67.334584,-67.762872,0
-67.392445,-67.780532,0
-67.510487,-67.789483,0
-67.647084,-67.776951,0
-67.742055,-67.746515,0
-67.751047,-67.732354,0
-67.693715,-67.720473,0
-67.680043,-67.701349,0
-67.643625,-67.683689,0
-67.746693,-67.701918,0
-67.764638,-67.698907,0
-67.774770,-67.685805,0
-67.766265,-67.667657,0
-67.739980,-67.654880,0
-67.495717,-67.589044,0</coordinates>
          </LinearRing>
        </outerBoundaryIs>
      </Polygon>
    </Placemark>
    <Placemark>
      <name>San Martin</name>
      <description>See: 2050-snapshot/domains/borders-geopolitics.md#antarctica</description>
      <Polygon>
        <extrude>1</extrude>
        <altitudeMode>clampToGround</altitudeMode>
        <outerBoundaryIs>
          <LinearRing>
            <coordinates>-66.893137,-67.512384,0
-66.810536,-67.523533,0
-66.999379,-67.591485,0
-67.083608,-67.602146,0
-67.160268,-67.588067,0
-67.081532,-67.557550,0
-67.023101,-67.546645,0
-66.971181,-67.517022,0
-66.893137,-67.512384,0</coordinates>
          </LinearRing>
        </outerBoundaryIs>
      </Polygon>
    </Placemark>
    <Placemark>
      <name>San Martin</name>
      <description>See: 2050-snapshot/domains/borders-geopolitics.md#antarctica</description>
      <Polygon>
        <extrude>1</extrude>
        <altitudeMode>clampToGround</altitudeMode>
        <outerBoundaryIs>
          <LinearRing>
            <coordinates>-67.744456,-67.360772,0
-67.728017,-67.339614,0
-67.690541,-67.318780,0
-67.644928,-67.307387,0
-67.604156,-67.314630,0
-67.668691,-67.357110,0
-67.709096,-67.369724,0
-67.744456,-67.360772,0</coordinates>
          </LinearRing>
        </outerBoundaryIs>
      </Polygon>
    </Placemark>
    <Placemark>
      <name>San Martin</name>
      <description>See: 2050-snapshot/domains/borders-geopolitics.md#antarctica</description>
      <Polygon>
        <extrude>1</extrude>
        <altitudeMode>clampToGround</altitudeMode>
        <outerBoundaryIs>
          <LinearRing>
            <coordinates>-67.693349,-67.284275,0
-67.760406,-67.294529,0
-67.810211,-67.263442,0
-67.670888,-67.205011,0
-67.604075,-67.201593,0
-67.575795,-67.214451,0
-67.626088,-67.251397,0
-67.693349,-67.284275,0</coordinates>
          </LinearRing>
        </outerBoundaryIs>
      </Polygon>
    </Placemark>
    <Placemark>
      <name>San Martin</name>
      <description>See: 2050-snapshot/domains/borders-geopolitics.md#antarctica</description>
      <Polygon>
        <extrude>1</extrude>
        <altitudeMode>clampToGround</altitudeMode>
        <outerBoundaryIs>
          <LinearRing>
            <coordinates>-67.641957,-66.683201,0
-67.686676,-66.718194,0
-67.744211,-66.733657,0
-67.752187,-66.739679,0
-67.739369,-66.752618,0
-67.834218,-66.782403,0
-67.819163,-66.801365,0
-67.928700,-66.815037,0
-67.938547,-66.823419,0
-67.937571,-66.847914,0
-67.977691,-66.868910,0
-67.982249,-66.882745,0
-68.013254,-66.900079,0
-68.026235,-66.940606,0
-67.923248,-66.997247,0
-67.940297,-67.017673,0
-67.938710,-67.028009,0
-67.994211,-67.039972,0
-67.985422,-67.062677,0
-67.844635,-67.074802,0
-67.791982,-67.094903,0
-67.786773,-67.113051,0
-67.796986,-67.125095,0
-67.676829,-67.148045,0
-67.768544,-67.190199,0
-67.845693,-67.198175,0
-67.854360,-67.208754,0
-67.854604,-67.230564,0
-67.864898,-67.238214,0
-67.912506,-67.250746,0
-67.973988,-67.254653,0
-67.981557,-67.262465,0
-67.973785,-67.287367,0
-67.984771,-67.298923,0
-68.106557,-67.317804,0
-68.250966,-67.369317,0
-68.187652,-67.384210,0
-68.018788,-67.383884,0
-67.965159,-67.394627,0
-67.947662,-67.428806,0
-67.973785,-67.468438,0
-68.067006,-67.528416,0
-68.099680,-67.540297,0
-68.130686,-67.572442,0
-68.214508,-67.545994,0
-68.264150,-67.521173,0
-68.413686,-67.559177,0
-68.432362,-67.573907,0
-68.399770,-67.593520,0
-68.390696,-67.607843,0
-68.395823,-67.625177,0
-68.476389,-67.677504,0
-68.541615,-67.732029,0
-68.575185,-67.743910,0
-68.662994,-67.710219,0
-68.678578,-67.717218,0
-68.656117,-67.723565,0
-68.666005,-67.729913,0
-68.741526,-67.749444,0
-68.899322,-67.760512,0
-68.921376,-67.747817,0
-68.937245,-67.725274,0
-68.927358,-67.705987,0
-68.931874,-67.697524,0
-68.994008,-67.671563,0
-69.066274,-67.659275,0
-69.164784,-67.579278,0
-69.178944,-67.551690,0
-69.169179,-67.499444,0
-69.116444,-67.430434,0
-69.066070,-67.387628,0
-68.837473,-67.266778,0
-68.795318,-67.230401,0
-68.784169,-67.201267,0
-68.707021,-67.109633,0
-68.377838,-66.820733,0
-68.320953,-66.789239,0
-67.860463,-66.625665,0
-67.769683,-66.619236,0
-67.659413,-66.648614,0
-67.660227,-66.670505,0
-67.641957,-66.683201,0</coordinates>
          </LinearRing>
        </outerBoundaryIs>
      </Polygon>
    </Placemark>
    <Placemark>
      <name>San Martin</name>
      <description>See: 2050-snapshot/domains/borders-geopolitics.md#antarctica</description>
      <Polygon>
        <extrude>1</extrude>
        <altitudeMode>clampToGround</altitudeMode>
        <outerBoundaryIs>
          <LinearRing>
            <coordinates>-67.633412,-67.141534,0
-67.681467,-67.128106,0
-67.648508,-67.109470,0
-67.656606,-67.088800,0
-67.602651,-67.049086,0
-67.572743,-67.046808,0
-67.547963,-67.066339,0
-67.540354,-67.098891,0
-67.584340,-67.132908,0
-67.633412,-67.141534,0</coordinates>
          </LinearRing>
        </outerBoundaryIs>
      </Polygon>
    </Placemark>
    <Placemark>
      <name>San Martin</name>
      <description>See: 2050-snapshot/domains/borders-geopolitics.md#antarctica</description>
      <Polygon>
        <extrude>1</extrude>
        <altitudeMode>clampToGround</altitudeMode>
        <outerBoundaryIs>
          <LinearRing>
            <coordinates>-67.527577,-66.821059,0
-67.490224,-66.799086,0
-67.519887,-66.762140,0
-67.483957,-66.742608,0
-67.406646,-66.736505,0
-67.290028,-66.768976,0
-67.240712,-66.830824,0
-67.306142,-66.875258,0
-67.381215,-66.902439,0
-67.493398,-66.904474,0
-67.603139,-66.879978,0
-67.563832,-66.866469,0
-67.527577,-66.821059,0</coordinates>
          </LinearRing>
        </outerBoundaryIs>
      </Polygon>
    </Placemark>
    <Placemark>
      <name>San Martin</name>
      <description>See: 2050-snapshot/domains/borders-geopolitics.md#antarctica</description>
      <Polygon>
        <extrude>1</extrude>
        <altitudeMode>clampToGround</altitudeMode>
        <outerBoundaryIs>
          <LinearRing>
            <coordinates>-67.161041,-66.388767,0
-67.122711,-66.362563,0
-67.153066,-66.343194,0
-67.147450,-66.325291,0
-67.097646,-66.322524,0
-67.027089,-66.341892,0
-67.023834,-66.361261,0
-67.056386,-66.378351,0
-67.161041,-66.388767,0</coordinates>
          </LinearRing>
        </outerBoundaryIs>
      </Polygon>
    </Placemark>
    <Placemark>
      <name>San Martin</name>
      <description>See: 2050-snapshot/domains/borders-geopolitics.md#antarctica</description>
      <Polygon>
        <extrude>1</extrude>
        <altitudeMode>clampToGround</altitudeMode>
        <outerBoundaryIs>
          <LinearRing>
            <coordinates>-67.056386,-66.236261,0
-67.051259,-66.254083,0
-67.027089,-66.259861,0
-66.923736,-66.252862,0
-66.876820,-66.263767,0
-66.908925,-66.277765,0
-66.977366,-66.288018,0
-67.081776,-66.273614,0
-67.121571,-66.250909,0
-67.110219,-66.240981,0
-67.071604,-66.234959,0
-67.056386,-66.236261,0</coordinates>
          </LinearRing>
        </outerBoundaryIs>
      </Polygon>
    </Placemark>
    <Placemark>
      <name>San Martin</name>
      <description>See: 2050-snapshot/domains/borders-geopolitics.md#antarctica</description>
      <Polygon>
        <extrude>1</extrude>
        <altitudeMode>clampToGround</altitudeMode>
        <outerBoundaryIs>
          <LinearRing>
            <coordinates>-66.910797,-66.301935,0
-66.792877,-66.240655,0
-66.770375,-66.221775,0
-66.766347,-66.178969,0
-66.779408,-66.159275,0
-66.772532,-66.137791,0
-66.795400,-66.125746,0
-66.773590,-66.107192,0
-66.640289,-66.068536,0
-66.590810,-66.067478,0
-66.555572,-66.087009,0
-66.592600,-66.114516,0
-66.634755,-66.128025,0
-66.587270,-66.155857,0
-66.575999,-66.180352,0
-66.601877,-66.208754,0
-66.662099,-66.235284,0
-66.751454,-66.289239,0
-66.841054,-66.321954,0
-66.888661,-66.325779,0
-66.910797,-66.301935,0</coordinates>
          </LinearRing>
        </outerBoundaryIs>
      </Polygon>
    </Placemark>
    <Placemark>
      <name>San Martin</name>
      <description>See: 2050-snapshot/domains/borders-geopolitics.md#antarctica</description>
      <Polygon>
        <extrude>1</extrude>
        <altitudeMode>clampToGround</altitudeMode>
        <outerBoundaryIs>
          <LinearRing>
            <coordinates>-65.758860,-65.949884,0
-65.727691,-65.989353,0
-65.801991,-65.992608,0
-65.784739,-65.971856,0
-65.779856,-65.948012,0
-65.758860,-65.949884,0</coordinates>
          </LinearRing>
        </outerBoundaryIs>
      </Polygon>
    </Placemark>
    <Placemark>
      <name>San Martin</name>
      <description>See: 2050-snapshot/domains/borders-geopolitics.md#antarctica</description>
      <Polygon>
        <extrude>1</extrude>
        <altitudeMode>clampToGround</altitudeMode>
        <outerBoundaryIs>
          <LinearRing>
            <coordinates>-65.934397,-65.877048,0
-65.900095,-65.876723,0
-65.888824,-65.890883,0
-65.900746,-65.911065,0
-65.914377,-65.916925,0
-65.998402,-65.929295,0
-66.033844,-65.924574,0
-65.970693,-65.888116,0
-65.934397,-65.877048,0</coordinates>
          </LinearRing>
        </outerBoundaryIs>
      </Polygon>
    </Placemark>
    <Placemark>
      <name>San Martin</name>
      <description>See: 2050-snapshot/domains/borders-geopolitics.md#antarctica</description>
      <Polygon>
        <extrude>1</extrude>
        <altitudeMode>clampToGround</altitudeMode>
        <outerBoundaryIs>
          <LinearRing>
            <coordinates>-65.247792,-65.841404,0
-65.200103,-65.856134,0
-65.194000,-65.883884,0
-65.221262,-65.900323,0
-65.254018,-65.900160,0
-65.317779,-65.865899,0
-65.344350,-65.839532,0
-65.247792,-65.841404,0</coordinates>
          </LinearRing>
        </outerBoundaryIs>
      </Polygon>
    </Placemark>
    <Placemark>
      <name>San Martin</name>
      <description>See: 2050-snapshot/domains/borders-geopolitics.md#antarctica</description>
      <Polygon>
        <extrude>1</extrude>
        <altitudeMode>clampToGround</altitudeMode>
        <outerBoundaryIs>
          <LinearRing>
            <coordinates>-65.791575,-65.519952,0
-65.690541,-65.542657,0
-65.624827,-65.534926,0
-65.655629,-65.572035,0
-65.664174,-65.612726,0
-65.682118,-65.632908,0
-65.665517,-65.660089,0
-65.859934,-65.690199,0
-65.912953,-65.705824,0
-65.838043,-65.734145,0
-65.818227,-65.775811,0
-65.835683,-65.811700,0
-65.830678,-65.820733,0
-65.796986,-65.830255,0
-65.813547,-65.839939,0
-65.876576,-65.843927,0
-66.051503,-65.881036,0
-66.101308,-65.884535,0
-66.185902,-65.865167,0
-66.177805,-65.840509,0
-66.196523,-65.815362,0
-66.192372,-65.802667,0
-66.159779,-65.762465,0
-66.082183,-65.768324,0
-66.037953,-65.738946,0
-66.082753,-65.708917,0
-66.082346,-65.692804,0
-66.069244,-65.677504,0
-66.074045,-65.663995,0
-66.018951,-65.649672,0
-65.969960,-65.618585,0
-65.963043,-65.599054,0
-65.980702,-65.573419,0
-65.960032,-65.553318,0
-65.791575,-65.519952,0</coordinates>
          </LinearRing>
        </outerBoundaryIs>
      </Polygon>
    </Placemark>
    <Placemark>
      <name>San Martin</name>
      <description>See: 2050-snapshot/domains/borders-geopolitics.md#antarctica</description>
      <Polygon>
        <extrude>1</extrude>
        <altitudeMode>clampToGround</altitudeMode>
        <outerBoundaryIs>
          <LinearRing>
            <coordinates>-65.616444,-65.468357,0
-65.527008,-65.472914,0
-65.577382,-65.497166,0
-65.659983,-65.511489,0
-65.710683,-65.501235,0
-65.732249,-65.485284,0
-65.722239,-65.470880,0
-65.666575,-65.485610,0
-65.616444,-65.468357,0</coordinates>
          </LinearRing>
        </outerBoundaryIs>
      </Polygon>
    </Placemark>
    <Placemark>
      <name>San Martin</name>
      <description>See: 2050-snapshot/domains/borders-geopolitics.md#antarctica</description>
      <Polygon>
        <extrude>1</extrude>
        <altitudeMode>clampToGround</altitudeMode>
        <outerBoundaryIs>
          <LinearRing>
            <coordinates>-63.117014,-64.847101,0
-63.069936,-64.841404,0
-63.024892,-64.850844,0
-63.014394,-64.869724,0
-62.971303,-64.859552,0
-62.921457,-64.877130,0
-62.959096,-64.894952,0
-62.987945,-64.896742,0
-63.076487,-64.889907,0
-63.129547,-64.869399,0
-63.117014,-64.847101,0</coordinates>
          </LinearRing>
        </outerBoundaryIs>
      </Polygon>
    </Placemark>
    <Placemark>
      <name>San Martin</name>
      <description>See: 2050-snapshot/domains/borders-geopolitics.md#antarctica</description>
      <Polygon>
        <extrude>1</extrude>
        <altitudeMode>clampToGround</altitudeMode>
        <outerBoundaryIs>
          <LinearRing>
            <coordinates>-63.336781,-64.795343,0
-63.205149,-64.717462,0
-63.177154,-64.712986,0
-63.157135,-64.724542,0
-63.158070,-64.743585,0
-63.174550,-64.757420,0
-63.277699,-64.806248,0
-63.290028,-64.849379,0
-63.324941,-64.866388,0
-63.381744,-64.877699,0
-63.453277,-64.904718,0
-63.537913,-64.916436,0
-63.571401,-64.916436,0
-63.594472,-64.907403,0
-63.490346,-64.863458,0
-63.443674,-64.833754,0
-63.502268,-64.818943,0
-63.520090,-64.822035,0
-63.447906,-64.789483,0
-63.422109,-64.784926,0
-63.336781,-64.795343,0</coordinates>
          </LinearRing>
        </outerBoundaryIs>
      </Polygon>
    </Placemark>
    <Placemark>
      <name>San Martin</name>
      <description>See: 2050-snapshot/domains/borders-geopolitics.md#antarctica</description>
      <Polygon>
        <extrude>1</extrude>
        <altitudeMode>clampToGround</altitudeMode>
        <outerBoundaryIs>
          <LinearRing>
            <coordinates>-62.846750,-64.809015,0
-62.900461,-64.823907,0
-63.005238,-64.816664,0
-63.030995,-64.806410,0
-62.957102,-64.794854,0
-62.846750,-64.809015,0</coordinates>
          </LinearRing>
        </outerBoundaryIs>
      </Polygon>
    </Placemark>
    <Placemark>
      <name>San Martin</name>
      <description>See: 2050-snapshot/domains/borders-geopolitics.md#antarctica</description>
      <Polygon>
        <extrude>1</extrude>
        <altitudeMode>clampToGround</altitudeMode>
        <outerBoundaryIs>
          <LinearRing>
            <coordinates>-62.722564,-64.738214,0
-62.722524,-64.723321,0
-62.731028,-64.717380,0
-62.764312,-64.709649,0
-62.733062,-64.700860,0
-62.697174,-64.675063,0
-62.667795,-64.669854,0
-62.641835,-64.683689,0
-62.641103,-64.705011,0
-62.631500,-64.715509,0
-62.637522,-64.726170,0
-62.679555,-64.746352,0
-62.704823,-64.747654,0
-62.722564,-64.738214,0</coordinates>
          </LinearRing>
        </outerBoundaryIs>
      </Polygon>
    </Placemark>
    <Placemark>
      <name>San Martin</name>
      <description>See: 2050-snapshot/domains/borders-geopolitics.md#antarctica</description>
      <Polygon>
        <extrude>1</extrude>
        <altitudeMode>clampToGround</altitudeMode>
        <outerBoundaryIs>
          <LinearRing>
            <coordinates>-62.022776,-64.653009,0
-62.036692,-64.661228,0
-62.076975,-64.651056,0
-62.079091,-64.638767,0
-62.068918,-64.632501,0
-62.022817,-64.624933,0
-62.032094,-64.641046,0
-62.022776,-64.653009,0</coordinates>
          </LinearRing>
        </outerBoundaryIs>
      </Polygon>
    </Placemark>
    <Placemark>
      <name>San Martin</name>
      <description>See: 2050-snapshot/domains/borders-geopolitics.md#antarctica</description>
      <Polygon>
        <extrude>1</extrude>
        <altitudeMode>clampToGround</altitudeMode>
        <outerBoundaryIs>
          <LinearRing>
            <coordinates>-62.014638,-64.552911,0
-62.041737,-64.580824,0
-62.057240,-64.610528,0
-62.093007,-64.620864,0
-62.106313,-64.620782,0
-62.136545,-64.602634,0
-62.121653,-64.589044,0
-62.148997,-64.580255,0
-62.100901,-64.571873,0
-62.091298,-64.551528,0
-62.053782,-64.538018,0
-62.014638,-64.552911,0</coordinates>
          </LinearRing>
        </outerBoundaryIs>
      </Polygon>
    </Placemark>
    <Placemark>
      <name>San Martin</name>
      <description>See: 2050-snapshot/domains/borders-geopolitics.md#antarctica</description>
      <Polygon>
        <extrude>1</extrude>
        <altitudeMode>clampToGround</altitudeMode>
        <outerBoundaryIs>
          <LinearRing>
            <coordinates>-63.572987,-64.741306,0
-63.508534,-64.759861,0
-63.570546,-64.774509,0
-63.650706,-64.816502,0
-63.665639,-64.847752,0
-63.682118,-64.853204,0
-63.748118,-64.835056,0
-63.762318,-64.804620,0
-63.804799,-64.786879,0
-64.029164,-64.774509,0
-64.129709,-64.716404,0
-64.282094,-64.709893,0
-64.301096,-64.699884,0
-64.295033,-64.688409,0
-64.250071,-64.685805,0
-64.226308,-64.657810,0
-64.196278,-64.649021,0
-64.187245,-64.629327,0
-64.199534,-64.592055,0
-64.085927,-64.555597,0
-63.902943,-64.534763,0
-63.855295,-64.502862,0
-63.936147,-64.465753,0
-63.930816,-64.459405,0
-63.856516,-64.435642,0
-63.720855,-64.436212,0
-63.657460,-64.417657,0
-63.681304,-64.399835,0
-63.638092,-64.375584,0
-63.639027,-64.362726,0
-63.690989,-64.349298,0
-63.659779,-64.327325,0
-63.576283,-64.316583,0
-63.554433,-64.307224,0
-63.549224,-64.293715,0
-63.574941,-64.265232,0
-63.360748,-64.257582,0
-63.360951,-64.242852,0
-63.342885,-64.240004,0
-63.263539,-64.275811,0
-63.179270,-64.278497,0
-63.153432,-64.291599,0
-63.157704,-64.297459,0
-63.150990,-64.308282,0
-63.192616,-64.311130,0
-63.155263,-64.326349,0
-63.302154,-64.364028,0
-63.319244,-64.376642,0
-63.266184,-64.380548,0
-63.293324,-64.392755,0
-63.319569,-64.423110,0
-63.359934,-64.436212,0
-63.303538,-64.444920,0
-63.189036,-64.398370,0
-63.111195,-64.398045,0
-63.142445,-64.408461,0
-63.223541,-64.457452,0
-63.242299,-64.478204,0
-63.198394,-64.476007,0
-63.122060,-64.455987,0
-63.089589,-64.458591,0
-63.105133,-64.476821,0
-63.235178,-64.541192,0
-63.298736,-64.563572,0
-63.270375,-64.581231,0
-63.115834,-64.580662,0
-63.129872,-64.560724,0
-63.076039,-64.545587,0
-63.029652,-64.521173,0
-62.995473,-64.515883,0
-63.015452,-64.531834,0
-62.975819,-64.536391,0
-62.929799,-64.520278,0
-62.906443,-64.521173,0
-62.829823,-64.569757,0
-62.856557,-64.582208,0
-63.056508,-64.620782,0
-63.091908,-64.642836,0
-63.176015,-64.649184,0
-63.191558,-64.659438,0
-63.201527,-64.686130,0
-63.284006,-64.720392,0
-63.318512,-64.750421,0
-63.351715,-64.763604,0
-63.396148,-64.767673,0
-63.410146,-64.760837,0
-63.410024,-64.732599,0
-63.444000,-64.722589,0
-63.558258,-64.732192,0
-63.572987,-64.741306,0</coordinates>
          </LinearRing>
        </outerBoundaryIs>
      </Polygon>
    </Placemark>
    <Placemark>
      <name>San Martin</name>
      <description>See: 2050-snapshot/domains/borders-geopolitics.md#antarctica</description>
      <Polygon>
        <extrude>1</extrude>
        <altitudeMode>clampToGround</altitudeMode>
        <outerBoundaryIs>
          <LinearRing>
            <coordinates>-61.626536,-64.359552,0
-61.546254,-64.350274,0
-61.489247,-64.384535,0
-61.525624,-64.395929,0
-61.565826,-64.395603,0
-61.598866,-64.388279,0
-61.611440,-64.380792,0
-61.603627,-64.371759,0
-61.626536,-64.359552,0</coordinates>
          </LinearRing>
        </outerBoundaryIs>
      </Polygon>
    </Placemark>
    <Placemark>
      <name>San Martin</name>
      <description>See: 2050-snapshot/domains/borders-geopolitics.md#antarctica</description>
      <Polygon>
        <extrude>1</extrude>
        <altitudeMode>clampToGround</altitudeMode>
        <outerBoundaryIs>
          <LinearRing>
            <coordinates>-62.471344,-64.212823,0
-62.522857,-64.202407,0
-62.562489,-64.175470,0
-62.573883,-64.152276,0
-62.623402,-64.130548,0
-62.616689,-64.117446,0
-62.564443,-64.115981,0
-62.488108,-64.088962,0
-62.528391,-64.063409,0
-62.572092,-64.052423,0
-62.496409,-64.032322,0
-62.478179,-64.014581,0
-62.371327,-64.009942,0
-62.314687,-64.016046,0
-62.265370,-64.032485,0
-62.273061,-64.038507,0
-62.282826,-64.079197,0
-62.279449,-64.093683,0
-62.266916,-64.099298,0
-62.008941,-64.141697,0
-62.026031,-64.155206,0
-62.131703,-64.162286,0
-62.211497,-64.178399,0
-62.171864,-64.193536,0
-62.096059,-64.192071,0
-62.080312,-64.210138,0
-62.048980,-64.214451,0
-62.060374,-64.227309,0
-62.167836,-64.286554,0
-62.207509,-64.300551,0
-62.191029,-64.328220,0
-62.204335,-64.356541,0
-62.167470,-64.362074,0
-62.240631,-64.393162,0
-62.294301,-64.383722,0
-62.335805,-64.394138,0
-62.316151,-64.414483,0
-62.320912,-64.426446,0
-62.377756,-64.463474,0
-62.442006,-64.466404,0
-62.454172,-64.472263,0
-62.455312,-64.488702,0
-62.476674,-64.495212,0
-62.494252,-64.482843,0
-62.499908,-64.465590,0
-62.485422,-64.457615,0
-62.531117,-64.454848,0
-62.551910,-64.469496,0
-62.548451,-64.494724,0
-62.587514,-64.519627,0
-62.613637,-64.522719,0
-62.656565,-64.503025,0
-62.761098,-64.499770,0
-62.788482,-64.483819,0
-62.761952,-64.468845,0
-62.666371,-64.472263,0
-62.603383,-64.452325,0
-62.585601,-64.453709,0
-62.660797,-64.431736,0
-62.673695,-64.410089,0
-62.670969,-64.396417,0
-62.589833,-64.357680,0
-62.565500,-64.318617,0
-62.509999,-64.289158,0
-62.463775,-64.236749,0
-62.471344,-64.212823,0</coordinates>
          </LinearRing>
        </outerBoundaryIs>
      </Polygon>
    </Placemark>
    <Placemark>
      <name>San Martin</name>
      <description>See: 2050-snapshot/domains/borders-geopolitics.md#antarctica</description>
      <Polygon>
        <extrude>1</extrude>
        <altitudeMode>clampToGround</altitudeMode>
        <outerBoundaryIs>
          <LinearRing>
            <coordinates>-61.700429,-64.172459,0
-61.749135,-64.157322,0
-61.760406,-64.147149,0
-61.753733,-64.114190,0
-61.715688,-64.095147,0
-61.689565,-64.102716,0
-61.659088,-64.171563,0
-61.700429,-64.172459,0</coordinates>
          </LinearRing>
        </outerBoundaryIs>
      </Polygon>
    </Placemark>
    <Placemark>
      <name>San Martin</name>
      <description>See: 2050-snapshot/domains/borders-geopolitics.md#antarctica</description>
      <Polygon>
        <extrude>1</extrude>
        <altitudeMode>clampToGround</altitudeMode>
        <outerBoundaryIs>
          <LinearRing>
            <coordinates>-62.023549,-64.016697,0
-61.936269,-63.991306,0
-61.833485,-63.978204,0
-61.842275,-63.964532,0
-61.829213,-63.959731,0
-61.784291,-63.969496,0
-61.834299,-64.002048,0
-61.887603,-64.017755,0
-61.920033,-64.049981,0
-61.906728,-64.054864,0
-61.924550,-64.057794,0
-61.961822,-64.085138,0
-62.008656,-64.090590,0
-62.064036,-64.070977,0
-62.060658,-64.053888,0
-62.027089,-64.043064,0
-62.013661,-64.028904,0
-62.023549,-64.016697,0</coordinates>
          </LinearRing>
        </outerBoundaryIs>
      </Polygon>
    </Placemark>
    <Placemark>
      <name>San Martin</name>
      <description>See: 2050-snapshot/domains/borders-geopolitics.md#antarctica</description>
      <Polygon>
        <extrude>1</extrude>
        <altitudeMode>clampToGround</altitudeMode>
        <outerBoundaryIs>
          <LinearRing>
            <coordinates>-60.772857,-63.700128,0
-60.802561,-63.674574,0
-60.802235,-63.665785,0
-60.724517,-63.687677,0
-60.591054,-63.690037,0
-60.552846,-63.699314,0
-60.613393,-63.727472,0
-60.614329,-63.736017,0
-60.645497,-63.745375,0
-60.679596,-63.794854,0
-60.698842,-63.809666,0
-60.693349,-63.825128,0
-60.671742,-63.841729,0
-60.627919,-63.858575,0
-60.680084,-63.872817,0
-60.739980,-63.903904,0
-60.779693,-63.890558,0
-60.821156,-63.913507,0
-60.899037,-63.896905,0
-60.864613,-63.879002,0
-60.870351,-63.864841,0
-60.886586,-63.858575,0
-60.968088,-63.859470,0
-60.984527,-63.855890,0
-60.984527,-63.842462,0
-60.847320,-63.846856,0
-60.787465,-63.834731,0
-60.766672,-63.814548,0
-60.775380,-63.796970,0
-60.802968,-63.781671,0
-60.807525,-63.769464,0
-60.799713,-63.754490,0
-60.713287,-63.751072,0
-60.665151,-63.722263,0
-60.691274,-63.715020,0
-60.768788,-63.721856,0
-60.778188,-63.717462,0
-60.772857,-63.700128,0</coordinates>
          </LinearRing>
        </outerBoundaryIs>
      </Polygon>
    </Placemark>
    <Placemark>
      <name>San Martin</name>
      <description>See: 2050-snapshot/domains/borders-geopolitics.md#antarctica</description>
      <Polygon>
        <extrude>1</extrude>
        <altitudeMode>clampToGround</altitudeMode>
        <outerBoundaryIs>
          <LinearRing>
            <coordinates>-61.627187,-63.787856,0
-61.653391,-63.803399,0
-61.684193,-63.807875,0
-61.693227,-63.780450,0
-61.726064,-63.750909,0
-61.808258,-63.728936,0
-61.784820,-63.722833,0
-61.636383,-63.726170,0
-61.621409,-63.732354,0
-61.613759,-63.763604,0
-61.627187,-63.787856,0</coordinates>
          </LinearRing>
        </outerBoundaryIs>
      </Polygon>
    </Placemark>
    <Placemark>
      <name>San Martin</name>
      <description>See: 2050-snapshot/domains/borders-geopolitics.md#antarctica</description>
      <Polygon>
        <extrude>1</extrude>
        <altitudeMode>clampToGround</altitudeMode>
        <outerBoundaryIs>
          <LinearRing>
            <coordinates>-59.797353,-63.553399,0
-59.777943,-63.594822,0
-59.834706,-63.600356,0
-59.871571,-63.583754,0
-59.874420,-63.572686,0
-59.837514,-63.554620,0
-59.842356,-63.544203,0
-59.797353,-63.553399,0</coordinates>
          </LinearRing>
        </outerBoundaryIs>
      </Polygon>
    </Placemark>
    <Placemark>
      <name>San Martin</name>
      <description>See: 2050-snapshot/domains/borders-geopolitics.md#antarctica</description>
      <Polygon>
        <extrude>1</extrude>
        <altitudeMode>clampToGround</altitudeMode>
        <outerBoundaryIs>
          <LinearRing>
            <coordinates>-61.993886,-63.298517,0
-61.951731,-63.311782,0
-61.975738,-63.333591,0
-62.011790,-63.345147,0
-62.083079,-63.352634,0
-62.277496,-63.352309,0
-62.256174,-63.340265,0
-62.241567,-63.319268,0
-62.244700,-63.292169,0
-62.264312,-63.273126,0
-62.211090,-63.255466,0
-62.213775,-63.238865,0
-62.202707,-63.237074,0
-62.154124,-63.250095,0
-62.019521,-63.261651,0
-62.006500,-63.269789,0
-61.993886,-63.298517,0</coordinates>
          </LinearRing>
        </outerBoundaryIs>
      </Polygon>
    </Placemark>
    <Placemark>
      <name>San Martin</name>
      <description>See: 2050-snapshot/domains/borders-geopolitics.md#antarctica</description>
      <Polygon>
        <extrude>1</extrude>
        <altitudeMode>clampToGround</altitudeMode>
        <outerBoundaryIs>
          <LinearRing>
            <coordinates>-62.429799,-62.985772,0
-62.656850,-63.084649,0
-62.712310,-63.089288,0
-62.680409,-63.072686,0
-62.671702,-63.050958,0
-62.634185,-63.039646,0
-62.592763,-62.987074,0
-62.543324,-62.956313,0
-62.537017,-62.926935,0
-62.519276,-62.912530,0
-62.390126,-62.891290,0
-62.351145,-62.875421,0
-62.306264,-62.875177,0
-62.356760,-62.933364,0
-62.429799,-62.985772,0</coordinates>
          </LinearRing>
        </outerBoundaryIs>
      </Polygon>
    </Placemark>
    <Placemark>
      <name>San Martin</name>
      <description>See: 2050-snapshot/domains/borders-geopolitics.md#antarctica</description>
      <Polygon>
        <extrude>1</extrude>
        <altitudeMode>clampToGround</altitudeMode>
        <outerBoundaryIs>
          <LinearRing>
            <coordinates>-60.619252,-62.896661,0
-60.547841,-62.925958,0
-60.497874,-62.964288,0
-60.525990,-62.981052,0
-60.564320,-62.977716,0
-60.595448,-62.959893,0
-60.602040,-62.933689,0
-60.644683,-62.922621,0
-60.685292,-62.926202,0
-60.700307,-62.952732,0
-60.693512,-62.966892,0
-60.557485,-63.007582,0
-60.582509,-63.017185,0
-60.618804,-63.016534,0
-60.706044,-62.994806,0
-60.741567,-62.964044,0
-60.746978,-62.940606,0
-60.692209,-62.895196,0
-60.619252,-62.896661,0</coordinates>
          </LinearRing>
        </outerBoundaryIs>
      </Polygon>
    </Placemark>
    <Placemark>
      <name>San Martin</name>
      <description>See: 2050-snapshot/domains/borders-geopolitics.md#antarctica</description>
      <Polygon>
        <extrude>1</extrude>
        <altitudeMode>clampToGround</altitudeMode>
        <outerBoundaryIs>
          <LinearRing>
            <coordinates>-61.460683,-62.737237,0
-61.408803,-62.729425,0
-61.198883,-62.727716,0
-61.247060,-62.742364,0
-61.255483,-62.753839,0
-61.252838,-62.768731,0
-61.409250,-62.823337,0
-61.465077,-62.823989,0
-61.507314,-62.813572,0
-61.521881,-62.800226,0
-61.520172,-62.774509,0
-61.507721,-62.759210,0
-61.460683,-62.737237,0</coordinates>
          </LinearRing>
        </outerBoundaryIs>
      </Polygon>
    </Placemark>
    <Placemark>
      <name>San Martin</name>
      <description>See: 2050-snapshot/domains/borders-geopolitics.md#antarctica</description>
      <Polygon>
        <extrude>1</extrude>
        <altitudeMode>clampToGround</altitudeMode>
        <outerBoundaryIs>
          <LinearRing>
            <coordinates>-60.641754,-62.564223,0
-60.604848,-62.572524,0
-60.491078,-62.577081,0
-60.451812,-62.569106,0
-60.432118,-62.549249,0
-60.329701,-62.549981,0
-60.229970,-62.526462,0
-60.174062,-62.498468,0
-60.138905,-62.461521,0
-60.129465,-62.460056,0
-60.080678,-62.493748,0
-60.010854,-62.525649,0
-60.079579,-62.563653,0
-60.045766,-62.615330,0
-60.024526,-62.627048,0
-59.989410,-62.630141,0
-59.802968,-62.611261,0
-60.146067,-62.727227,0
-60.290598,-62.757582,0
-60.337473,-62.736098,0
-60.298166,-62.691339,0
-60.298248,-62.681899,0
-60.332387,-62.678155,0
-60.433665,-62.716241,0
-60.400746,-62.667250,0
-60.367787,-62.657485,0
-60.323598,-62.628513,0
-60.379221,-62.610121,0
-60.599599,-62.640395,0
-60.710317,-62.614028,0
-60.744700,-62.621840,0
-60.771555,-62.657403,0
-60.811757,-62.671970,0
-61.056223,-62.682875,0
-61.110422,-62.678318,0
-61.160390,-62.663344,0
-61.137441,-62.638930,0
-61.141754,-62.619073,0
-61.194488,-62.593683,0
-61.150868,-62.584649,0
-60.962310,-62.611586,0
-60.823801,-62.575779,0
-60.810129,-62.561456,0
-60.815256,-62.551690,0
-60.846669,-62.533136,0
-60.802073,-62.486423,0
-60.801829,-62.468927,0
-60.710317,-62.499770,0
-60.703521,-62.505955,0
-60.705149,-62.523207,0
-60.641754,-62.564223,0</coordinates>
          </LinearRing>
        </outerBoundaryIs>
      </Polygon>
    </Placemark>
    <Placemark>
      <name>San Martin</name>
      <description>See: 2050-snapshot/domains/borders-geopolitics.md#antarctica</description>
      <Polygon>
        <extrude>1</extrude>
        <altitudeMode>clampToGround</altitudeMode>
        <outerBoundaryIs>
          <LinearRing>
            <coordinates>-57.441965,-64.452244,0
-57.416860,-64.443292,0
-57.258412,-64.427016,0
-56.943959,-64.328790,0
-56.878407,-64.335707,0
-56.946360,-64.375584,0
-56.953521,-64.385349,0
-56.937815,-64.419122,0
-56.967885,-64.455499,0
-57.060536,-64.509373,0
-57.219106,-64.565362,0
-57.304758,-64.574965,0
-57.391184,-64.561944,0
-57.447581,-64.534356,0
-57.456410,-64.518324,0
-57.457916,-64.487237,0
-57.441965,-64.452244,0</coordinates>
          </LinearRing>
        </outerBoundaryIs>
      </Polygon>
    </Placemark>
    <Placemark>
      <name>San Martin</name>
      <description>See: 2050-snapshot/domains/borders-geopolitics.md#antarctica</description>
      <Polygon>
        <extrude>1</extrude>
        <altitudeMode>clampToGround</altitudeMode>
        <outerBoundaryIs>
          <LinearRing>
            <coordinates>-57.652455,-64.450291,0
-57.584584,-64.417657,0
-57.563954,-64.442315,0
-57.587514,-64.470961,0
-57.652455,-64.450291,0</coordinates>
          </LinearRing>
        </outerBoundaryIs>
      </Polygon>
    </Placemark>
    <Placemark>
      <name>San Martin</name>
      <description>See: 2050-snapshot/domains/borders-geopolitics.md#antarctica</description>
      <Polygon>
        <extrude>1</extrude>
        <altitudeMode>clampToGround</altitudeMode>
        <outerBoundaryIs>
          <LinearRing>
            <coordinates>-56.808827,-64.322686,0
-56.898549,-64.317315,0
-56.863922,-64.302016,0
-56.849477,-64.279962,0
-56.714345,-64.235121,0
-56.635243,-64.221612,0
-56.582509,-64.235121,0
-56.633209,-64.275160,0
-56.714467,-64.306573,0
-56.808827,-64.322686,0</coordinates>
          </LinearRing>
        </outerBoundaryIs>
      </Polygon>
    </Placemark>
    <Placemark>
      <name>San Martin</name>
      <description>See: 2050-snapshot/domains/borders-geopolitics.md#antarctica</description>
      <Polygon>
        <extrude>1</extrude>
        <altitudeMode>clampToGround</altitudeMode>
        <outerBoundaryIs>
          <LinearRing>
            <coordinates>-57.718007,-64.341729,0
-57.654205,-64.301528,0
-57.685292,-64.289321,0
-57.786000,-64.315606,0
-57.855214,-64.299493,0
-57.824574,-64.327732,0
-57.825266,-64.354669,0
-57.803131,-64.381280,0
-57.826650,-64.405043,0
-57.853098,-64.403253,0
-57.859975,-64.408624,0
-57.852528,-64.416681,0
-57.901479,-64.417169,0
-57.967519,-64.398533,0
-57.947987,-64.376153,0
-57.947011,-64.346612,0
-57.906850,-64.337660,0
-57.962392,-64.316013,0
-58.060780,-64.321384,0
-58.069081,-64.329034,0
-58.073638,-64.369806,0
-58.106923,-64.389907,0
-58.144602,-64.393813,0
-58.089670,-64.351983,0
-58.133860,-64.349542,0
-58.193471,-64.381036,0
-58.214996,-64.384535,0
-58.230336,-64.380141,0
-58.228505,-64.358087,0
-58.313303,-64.321384,0
-58.278188,-64.298435,0
-58.160146,-64.282647,0
-58.137847,-64.262791,0
-58.041982,-64.255060,0
-58.012685,-64.239028,0
-58.183217,-64.213067,0
-58.131093,-64.102227,0
-58.195221,-64.086602,0
-58.256744,-64.100356,0
-58.361928,-64.139093,0
-58.420155,-64.137140,0
-58.460764,-64.129490,0
-58.443959,-64.113539,0
-58.414866,-64.106052,0
-58.460357,-64.085707,0
-58.451243,-64.069513,0
-58.395863,-64.044041,0
-58.362172,-64.000584,0
-58.299631,-63.987726,0
-58.296986,-63.977472,0
-58.332631,-63.954278,0
-58.303944,-63.924981,0
-58.257680,-63.906834,0
-58.166331,-63.892755,0
-58.118642,-63.898045,0
-58.103912,-63.887302,0
-58.109039,-63.868341,0
-58.091176,-63.852960,0
-58.023346,-63.836847,0
-57.952626,-63.859959,0
-57.943186,-63.846856,0
-57.944488,-63.831720,0
-57.973541,-63.814630,0
-57.951812,-63.805108,0
-57.794667,-63.791436,0
-57.827952,-63.809747,0
-57.807200,-63.818129,0
-57.755442,-63.896091,0
-57.815785,-63.909926,0
-57.823313,-63.923517,0
-57.805409,-63.936212,0
-57.812978,-63.943129,0
-57.887929,-63.975681,0
-57.818227,-64.004164,0
-57.834381,-64.017348,0
-57.817942,-64.029229,0
-57.817291,-64.048761,0
-57.864369,-64.066583,0
-57.791371,-64.079278,0
-57.717681,-64.075372,0
-57.744374,-64.029962,0
-57.625234,-63.982354,0
-57.542388,-63.939223,0
-57.493520,-63.926202,0
-57.515696,-63.944920,0
-57.473459,-63.968520,0
-57.511138,-63.988214,0
-57.509633,-64.009535,0
-57.532582,-64.021417,0
-57.155385,-64.085138,0
-57.195465,-64.096368,0
-57.183461,-64.108575,0
-57.164703,-64.112481,0
-57.196034,-64.125095,0
-57.331044,-64.125746,0
-57.363759,-64.129490,0
-57.400380,-64.145603,0
-57.343414,-64.146742,0
-57.319976,-64.158136,0
-57.282786,-64.161716,0
-57.325592,-64.181817,0
-57.213124,-64.167657,0
-57.149566,-64.163995,0
-57.137359,-64.169366,0
-57.092030,-64.153985,0
-57.070221,-64.159601,0
-57.077260,-64.183770,0
-57.113026,-64.206964,0
-57.203969,-64.222263,0
-57.252024,-64.215997,0
-57.242747,-64.225274,0
-57.264475,-64.240330,0
-57.308217,-64.240818,0
-57.423329,-64.213637,0
-57.453603,-64.217543,0
-57.484486,-64.232680,0
-57.346669,-64.251397,0
-57.306630,-64.269789,0
-57.370432,-64.278009,0
-57.512318,-64.255548,0
-57.564565,-64.287205,0
-57.368398,-64.310642,0
-57.299550,-64.346775,0
-57.284291,-64.361912,0
-57.295522,-64.371189,0
-57.384104,-64.388767,0
-57.430491,-64.385919,0
-57.447581,-64.372328,0
-57.454579,-64.345473,0
-57.483388,-64.337579,0
-57.513336,-64.340997,0
-57.487131,-64.366795,0
-57.492421,-64.373793,0
-57.516347,-64.375258,0
-57.535227,-64.351170,0
-57.555776,-64.341485,0
-57.600453,-64.339288,0
-57.572174,-64.356866,0
-57.587554,-64.356541,0
-57.664052,-64.331231,0
-57.677480,-64.336033,0
-57.652333,-64.369399,0
-57.657541,-64.383071,0
-57.672841,-64.393162,0
-57.727040,-64.393650,0
-57.718007,-64.341729,0</coordinates>
          </LinearRing>
        </outerBoundaryIs>
      </Polygon>
    </Placemark>
    <Placemark>
      <name>San Martin</name>
      <description>See: 2050-snapshot/domains/borders-geopolitics.md#antarctica</description>
      <Polygon>
        <extrude>1</extrude>
        <altitudeMode>clampToGround</altitudeMode>
        <outerBoundaryIs>
          <LinearRing>
            <coordinates>-57.365956,-63.884861,0
-57.487131,-63.854587,0
-57.501088,-63.858575,0
-57.513743,-63.875177,0
-57.574330,-63.851739,0
-57.643056,-63.849379,0
-57.695180,-63.816664,0
-57.647694,-63.804783,0
-57.369985,-63.788263,0
-57.346181,-63.821466,0
-57.402496,-63.839125,0
-57.367299,-63.841974,0
-57.184885,-63.809177,0
-57.089101,-63.839451,0
-57.154408,-63.853123,0
-57.172922,-63.877537,0
-57.243967,-63.902276,0
-57.236969,-63.883396,0
-57.242909,-63.866876,0
-57.310048,-63.870782,0
-57.365956,-63.884861,0</coordinates>
          </LinearRing>
        </outerBoundaryIs>
      </Polygon>
    </Placemark>
    <Placemark>
      <name>San Martin</name>
      <description>See: 2050-snapshot/domains/borders-geopolitics.md#antarctica</description>
      <Polygon>
        <extrude>1</extrude>
        <altitudeMode>clampToGround</altitudeMode>
        <outerBoundaryIs>
          <LinearRing>
            <coordinates>-57.552317,-63.655938,0
-57.572133,-63.642755,0
-57.440419,-63.619236,0
-57.402089,-63.628025,0
-57.463857,-63.688653,0
-57.511545,-63.698337,0
-57.538930,-63.683119,0
-57.552317,-63.655938,0</coordinates>
          </LinearRing>
        </outerBoundaryIs>
      </Polygon>
    </Placemark>
    <Placemark>
      <name>San Martin</name>
      <description>See: 2050-snapshot/domains/borders-geopolitics.md#antarctica</description>
      <Polygon>
        <extrude>1</extrude>
        <altitudeMode>clampToGround</altitudeMode>
        <outerBoundaryIs>
          <LinearRing>
            <coordinates>-56.577870,-63.611017,0
-56.648020,-63.623305,0
-56.689198,-63.592869,0
-56.662831,-63.567478,0
-56.602691,-63.557306,0
-56.467926,-63.565688,0
-56.577870,-63.611017,0</coordinates>
          </LinearRing>
        </outerBoundaryIs>
      </Polygon>
    </Placemark>
    <Placemark>
      <name>San Martin</name>
      <description>See: 2050-snapshot/domains/borders-geopolitics.md#antarctica</description>
      <Polygon>
        <extrude>1</extrude>
        <altitudeMode>clampToGround</altitudeMode>
        <outerBoundaryIs>
          <LinearRing>
            <coordinates>-55.932362,-63.579360,0
-55.964915,-63.581476,0
-56.157786,-63.526300,0
-56.240468,-63.478692,0
-56.219716,-63.443455,0
-56.206654,-63.436212,0
-56.012807,-63.411310,0
-55.806386,-63.407403,0
-55.746978,-63.428399,0
-55.719594,-63.475356,0
-55.719106,-63.499119,0
-55.923736,-63.549249,0
-55.932362,-63.579360,0</coordinates>
          </LinearRing>
        </outerBoundaryIs>
      </Polygon>
    </Placemark>
    <Placemark>
      <name>San Martin</name>
      <description>See: 2050-snapshot/domains/borders-geopolitics.md#antarctica</description>
      <Polygon>
        <extrude>1</extrude>
        <altitudeMode>clampToGround</altitudeMode>
        <outerBoundaryIs>
          <LinearRing>
            <coordinates>-55.872141,-63.298028,0
-55.901357,-63.296645,0
-55.913075,-63.316583,0
-55.946401,-63.341241,0
-55.996409,-63.333917,0
-56.047475,-63.368422,0
-56.094879,-63.388767,0
-56.242014,-63.406671,0
-56.355133,-63.439711,0
-56.450266,-63.429295,0
-56.467926,-63.420099,0
-56.493235,-63.390395,0
-56.553782,-63.367283,0
-56.547515,-63.346368,0
-56.425649,-63.314630,0
-56.477406,-63.294041,0
-56.431793,-63.256280,0
-56.369537,-63.228123,0
-56.245269,-63.192071,0
-55.974517,-63.146905,0
-55.723053,-63.147556,0
-55.631581,-63.130304,0
-55.575673,-63.129083,0
-55.477854,-63.152520,0
-55.508860,-63.160740,0
-55.534983,-63.179132,0
-55.443430,-63.207778,0
-55.384185,-63.187270,0
-55.159373,-63.203871,0
-55.085764,-63.221612,0
-55.052480,-63.245375,0
-55.042836,-63.282973,0
-55.063954,-63.319268,0
-55.109120,-63.343683,0
-55.172719,-63.357599,0
-55.311920,-63.356866,0
-55.485911,-63.326918,0
-55.583241,-63.337823,0
-55.625234,-63.334161,0
-55.791900,-63.285577,0
-55.775543,-63.309828,0
-55.791737,-63.324965,0
-55.824941,-63.323337,0
-55.872141,-63.298028,0</coordinates>
          </LinearRing>
        </outerBoundaryIs>
      </Polygon>
    </Placemark>
    <Placemark>
      <name>San Martin</name>
      <description>See: 2050-snapshot/domains/borders-geopolitics.md#antarctica</description>
      <Polygon>
        <extrude>1</extrude>
        <altitudeMode>clampToGround</altitudeMode>
        <outerBoundaryIs>
          <LinearRing>
            <coordinates>-56.646718,-63.219496,0
-56.677235,-63.217543,0
-56.698557,-63.206231,0
-56.702870,-63.189223,0
-56.691721,-63.175470,0
-56.654856,-63.158298,0
-56.609853,-63.150567,0
-56.565989,-63.162856,0
-56.591868,-63.208591,0
-56.646718,-63.219496,0</coordinates>
          </LinearRing>
        </outerBoundaryIs>
      </Polygon>
    </Placemark>
    <Placemark>
      <name>San Martin</name>
      <description>See: 2050-snapshot/domains/borders-geopolitics.md#antarctica</description>
      <Polygon>
        <extrude>1</extrude>
        <altitudeMode>clampToGround</altitudeMode>
        <outerBoundaryIs>
          <LinearRing>
            <coordinates>-56.603586,-63.070245,0
-56.618031,-63.051446,0
-56.602651,-63.030532,0
-56.524281,-63.003188,0
-56.476796,-62.976658,0
-56.313873,-63.004327,0
-56.104237,-63.004164,0
-56.047719,-63.017022,0
-56.035024,-63.057550,0
-56.068349,-63.086847,0
-56.215810,-63.161065,0
-56.273508,-63.178481,0
-56.336049,-63.174574,0
-56.408437,-63.155532,0
-56.603586,-63.070245,0</coordinates>
          </LinearRing>
        </outerBoundaryIs>
      </Polygon>
    </Placemark>
    <Placemark>
      <name>San Martin</name>
      <description>See: 2050-snapshot/domains/borders-geopolitics.md#antarctica</description>
      <Polygon>
        <extrude>1</extrude>
        <altitudeMode>clampToGround</altitudeMode>
        <outerBoundaryIs>
          <LinearRing>
            <coordinates>-59.764719,-62.540134,0
-59.783681,-62.516290,0
-59.799062,-62.509535,0
-59.932200,-62.489435,0
-59.996083,-62.452569,0
-59.932281,-62.440118,0
-59.722483,-62.451918,0
-59.776967,-62.480890,0
-59.726552,-62.503676,0
-59.610585,-62.480076,0
-59.579823,-62.485610,0
-59.553700,-62.501235,0
-59.601959,-62.513930,0
-59.599192,-62.534356,0
-59.618235,-62.544692,0
-59.764719,-62.540134,0</coordinates>
          </LinearRing>
        </outerBoundaryIs>
      </Polygon>
    </Placemark>
    <Placemark>
      <name>San Martin</name>
      <description>See: 2050-snapshot/domains/borders-geopolitics.md#antarctica</description>
      <Polygon>
        <extrude>1</extrude>
        <altitudeMode>clampToGround</altitudeMode>
        <outerBoundaryIs>
          <LinearRing>
            <coordinates>-59.382314,-62.372735,0
-59.347401,-62.406508,0
-59.386871,-62.446873,0
-59.508778,-62.456964,0
-59.575307,-62.443536,0
-59.625722,-62.408136,0
-59.602162,-62.381524,0
-59.663889,-62.388767,0
-59.694163,-62.378513,0
-59.689198,-62.361098,0
-59.603871,-62.347345,0
-59.436757,-62.355076,0
-59.382314,-62.372735,0</coordinates>
          </LinearRing>
        </outerBoundaryIs>
      </Polygon>
    </Placemark>
    <Placemark>
      <name>San Martin</name>
      <description>See: 2050-snapshot/domains/borders-geopolitics.md#antarctica</description>
      <Polygon>
        <extrude>1</extrude>
        <altitudeMode>clampToGround</altitudeMode>
        <outerBoundaryIs>
          <LinearRing>
            <coordinates>-58.849029,-62.286065,0
-58.834340,-62.309340,0
-59.029856,-62.348077,0
-59.069407,-62.349054,0
-59.104319,-62.341404,0
-59.217763,-62.292087,0
-59.156606,-62.260186,0
-59.032948,-62.233494,0
-58.978586,-62.241143,0
-58.983144,-62.265395,0
-58.899159,-62.263116,0
-58.871897,-62.270929,0
-58.849029,-62.286065,0</coordinates>
          </LinearRing>
        </outerBoundaryIs>
      </Polygon>
    </Placemark>
    <Placemark>
      <name>San Martin</name>
      <description>See: 2050-snapshot/domains/borders-geopolitics.md#antarctica</description>
      <Polygon>
        <extrude>1</extrude>
        <altitudeMode>clampToGround</altitudeMode>
        <outerBoundaryIs>
          <LinearRing>
            <coordinates>-58.949127,-62.225681,0
-59.010732,-62.219659,0
-58.982818,-62.184503,0
-58.946034,-62.158787,0
-58.712799,-62.052667,0
-58.701324,-62.040460,0
-58.706776,-62.025567,0
-58.699086,-62.012384,0
-58.465321,-61.966485,0
-58.434478,-61.937270,0
-58.414052,-61.933282,0
-58.224436,-61.960219,0
-58.007883,-61.904474,0
-57.890248,-61.938409,0
-57.835805,-61.941990,0
-57.669911,-61.913507,0
-57.656321,-61.917087,0
-57.645660,-61.937595,0
-57.657704,-61.958185,0
-57.684967,-61.971449,0
-57.678578,-61.980890,0
-57.637196,-62.009373,0
-57.589833,-62.025486,0
-57.788442,-62.008722,0
-57.954010,-62.078058,0
-57.989084,-62.079848,0
-58.155263,-62.058526,0
-58.168040,-62.063897,0
-58.172597,-62.091241,0
-58.185862,-62.111912,0
-58.169993,-62.128351,0
-58.123158,-62.140069,0
-58.138254,-62.156915,0
-58.163075,-62.167576,0
-58.242828,-62.181573,0
-58.291900,-62.175388,0
-58.367909,-62.123956,0
-58.379018,-62.106052,0
-58.313344,-62.100356,0
-58.279205,-62.082615,0
-58.306549,-62.074640,0
-58.404408,-62.084405,0
-58.476186,-62.070408,0
-58.508901,-62.080987,0
-58.467763,-62.098403,0
-58.468129,-62.114190,0
-58.481842,-62.127374,0
-58.633941,-62.177911,0
-58.550160,-62.181736,0
-58.466908,-62.160414,0
-58.446116,-62.188653,0
-58.447377,-62.204767,0
-58.584625,-62.248956,0
-58.622548,-62.247979,0
-58.633372,-62.227146,0
-58.676096,-62.223728,0
-58.745717,-62.236912,0
-58.783111,-62.225030,0
-58.740875,-62.210056,0
-58.798004,-62.197849,0
-58.794057,-62.178888,0
-58.807362,-62.170180,0
-58.942006,-62.193129,0
-58.959869,-62.210626,0
-58.949127,-62.225681,0</coordinates>
          </LinearRing>
        </outerBoundaryIs>
      </Polygon>
    </Placemark>
    <Placemark>
      <name>San Martin</name>
      <description>See: 2050-snapshot/domains/borders-geopolitics.md#antarctica</description>
      <Polygon>
        <extrude>1</extrude>
        <altitudeMode>clampToGround</altitudeMode>
        <outerBoundaryIs>
          <LinearRing>
            <coordinates>-54.098012,-61.312107,0
-54.202870,-61.284112,0
-54.227406,-61.270115,0
-54.086903,-61.180352,0
-54.069447,-61.159438,0
-54.057362,-61.127048,0
-54.008860,-61.137628,0
-54.006459,-61.152114,0
-54.048207,-61.175714,0
-54.057485,-61.192560,0
-54.057200,-61.202407,0
-54.034250,-61.223728,0
-54.036041,-61.245701,0
-54.057037,-61.288832,0
-54.098012,-61.312107,0</coordinates>
          </LinearRing>
        </outerBoundaryIs>
      </Polygon>
    </Placemark>
    <Placemark>
      <name>San Martin</name>
      <description>See: 2050-snapshot/domains/borders-geopolitics.md#antarctica</description>
      <Polygon>
        <extrude>1</extrude>
        <altitudeMode>clampToGround</altitudeMode>
        <outerBoundaryIs>
          <LinearRing>
            <coordinates>-55.344838,-61.153741,0
-55.449045,-61.115004,0
-55.414052,-61.083591,0
-55.378041,-61.070489,0
-54.973500,-61.107110,0
-54.651519,-61.106541,0
-54.667714,-61.111423,0
-54.710561,-61.148045,0
-54.729563,-61.152276,0
-55.053700,-61.159763,0
-55.067616,-61.167576,0
-55.085927,-61.202244,0
-55.139719,-61.211114,0
-55.178944,-61.255466,0
-55.211415,-61.267267,0
-55.281484,-61.256931,0
-55.343739,-61.227472,0
-55.391225,-61.178481,0
-55.344838,-61.153741,0</coordinates>
          </LinearRing>
        </outerBoundaryIs>
      </Polygon>
    </Placemark>
  </Document>
</kml>
