<?xml version='1.0' encoding='UTF-8'?>
<kml xmlns="http://www.opengis.net/kml/2.2">
  <Document><name>Atlantica</name><Placemark id="5C7726A3FB00060A">
						<name>Atlantica</name>
						<description>See: 2050-snapshot/domains/borders-geopolitics.md#atlantica</description>
						<styleUrl>#__managed_style_574E0A13EB3F8CDEB5E3</styleUrl>
						<Polygon>
							<outerBoundaryIs>
								<LinearRing>
									<coordinates>
										-75.990691,37.959698,0 -75.98008900000001,38.004891,0 -76.009274,38.038427,0 -76.044932,38.025499,0 -76.04653,37.953586,0 -75.990691,37.959698,0 
									</coordinates>
								</LinearRing>
							</outerBoundaryIs>
						</Polygon>
					</Placemark>
					<Placemark id="5C7726A3FB00060B">
						<name>Atlantica</name>
						<description>See: 2050-snapshot/domains/borders-geopolitics.md#atlantica</description>
						<styleUrl>#__managed_style_574E0A13EB3F8CDEB5E3</styleUrl>
						<Polygon>
							<outerBoundaryIs>
								<LinearRing>
									<coordinates>
										-76.012731,38.072105,0 -76.012929,38.129272,0 -76.047982,38.108702,0 -76.033523,38.091,0 -76.056066,38.0914,0 -76.012731,38.072105,0 
									</coordinates>
								</LinearRing>
							</outerBoundaryIs>
						</Polygon>
					</Placemark>
					<Placemark id="5C7726A3FB00060C">
						<name>Atlantica</name>
						<description>See: 2050-snapshot/domains/borders-geopolitics.md#atlantica</description>
						<styleUrl>#__managed_style_574E0A13EB3F8CDEB5E3</styleUrl>
						<Polygon>
							<outerBoundaryIs>
								<LinearRing>
									<coordinates>
										-76.085914,38.11668,0 -76.089259,38.122326,0 -76.089828,38.115116,0 -76.085914,38.11668,0 
									</coordinates>
								</LinearRing>
							</outerBoundaryIs>
						</Polygon>
					</Placemark>
					<Placemark id="5C7726A3FB00060D">
						<name>Atlantica</name>
						<description>See: 2050-snapshot/domains/borders-geopolitics.md#atlantica</description>
						<styleUrl>#__managed_style_574E0A13EB3F8CDEB5E3</styleUrl>
						<Polygon>
							<outerBoundaryIs>
								<LinearRing>
									<coordinates>
										-76.064483,38.125484,0 -76.06461299999999,38.130115,0 -76.065444,38.129795,0 -76.064483,38.125484,0 
									</coordinates>
								</LinearRing>
							</outerBoundaryIs>
						</Polygon>
					</Placemark>
					<Placemark id="5C7726A3FB00060E">
						<name>Atlantica</name>
						<description>See: 2050-snapshot/domains/borders-geopolitics.md#atlantica</description>
						<styleUrl>#__managed_style_574E0A13EB3F8CDEB5E3</styleUrl>
						<Polygon>
							<outerBoundaryIs>
								<LinearRing>
									<coordinates>
										-76.08564699999999,38.13858,0 -76.084411,38.145355,0 -76.090225,38.144767,0 -76.08564699999999,38.13858,0 
									</coordinates>
								</LinearRing>
							</outerBoundaryIs>
						</Polygon>
					</Placemark>
					<Placemark id="5C7726A3FB00060F">
						<name>Atlantica</name>
						<description>See: 2050-snapshot/domains/borders-geopolitics.md#atlantica</description>
						<styleUrl>#__managed_style_574E0A13EB3F8CDEB5E3</styleUrl>
						<Polygon>
							<outerBoundaryIs>
								<LinearRing>
									<coordinates>
										-76.05115499999999,38.147529,0 -76.032257,38.148265,0 -76.040297,38.165693,0 -76.02606900000001,38.18206,0 -76.04898799999999,38.203777,0 -76.07049499999999,38.202911,0 -76.05539,38.195679,0 -76.087239,38.191943,0 -76.084743,38.156629,0 -76.063709,38.170925,0 -76.05115499999999,38.147529,0 
									</coordinates>
								</LinearRing>
							</outerBoundaryIs>
						</Polygon>
					</Placemark>
					<Placemark id="5C7726A3FB000610">
						<name>Atlantica</name>
						<description>See: 2050-snapshot/domains/borders-geopolitics.md#atlantica</description>
						<styleUrl>#__managed_style_574E0A13EB3F8CDEB5E3</styleUrl>
						<Polygon>
							<outerBoundaryIs>
								<LinearRing>
									<coordinates>
										-76.74503,38.207239,0 -76.744612,38.21303,0 -76.74728500000001,38.215622,0 -76.74503,38.207239,0 
									</coordinates>
								</LinearRing>
							</outerBoundaryIs>
						</Polygon>
					</Placemark>
					<Placemark id="5C7726A3FB000611">
						<name>Atlantica</name>
						<description>See: 2050-snapshot/domains/borders-geopolitics.md#atlantica</description>
						<styleUrl>#__managed_style_574E0A13EB3F8CDEB5E3</styleUrl>
						<Polygon>
							<outerBoundaryIs>
								<LinearRing>
									<coordinates>
										-76.78979,38.238442,0 -76.796356,38.238162,0 -76.79311800000001,38.235175,0 -76.78979,38.238442,0 
									</coordinates>
								</LinearRing>
							</outerBoundaryIs>
						</Polygon>
					</Placemark>
					<Placemark id="5C7726A3FB000612">
						<name>Atlantica</name>
						<description>See: 2050-snapshot/domains/borders-geopolitics.md#atlantica</description>
						<styleUrl>#__managed_style_574E0A13EB3F8CDEB5E3</styleUrl>
						<Polygon>
							<outerBoundaryIs>
								<LinearRing>
									<coordinates>
										-76.81219299999999,38.252306,0 -76.80999300000001,38.250389,0 -76.81087100000001,38.25293,0 -76.81219299999999,38.252306,0 
									</coordinates>
								</LinearRing>
							</outerBoundaryIs>
						</Polygon>
					</Placemark>
					<Placemark id="5C7726A3FB000613">
						<name>Atlantica</name>
						<description>See: 2050-snapshot/domains/borders-geopolitics.md#atlantica</description>
						<styleUrl>#__managed_style_574E0A13EB3F8CDEB5E3</styleUrl>
						<Polygon>
							<outerBoundaryIs>
								<LinearRing>
									<coordinates>
										-76.254565,38.340673,0 -76.265548,38.34093,0 -76.254493,38.324932,0 -76.254565,38.340673,0 
									</coordinates>
								</LinearRing>
							</outerBoundaryIs>
						</Polygon>
					</Placemark>
					<Placemark id="5C7726A3FB000614">
						<name>Atlantica</name>
						<description>See: 2050-snapshot/domains/borders-geopolitics.md#atlantica</description>
						<styleUrl>#__managed_style_574E0A13EB3F8CDEB5E3</styleUrl>
						<Polygon>
							<outerBoundaryIs>
								<LinearRing>
									<coordinates>
										-76.390694,38.766281,0 -76.37736200000001,38.742797,0 -76.362511,38.748409,0 -76.375241,38.782578,0 -76.390694,38.766281,0 
									</coordinates>
								</LinearRing>
							</outerBoundaryIs>
						</Polygon>
					</Placemark>
					<Placemark id="5C7726A3FB000615">
						<name>Atlantica</name>
						<description>See: 2050-snapshot/domains/borders-geopolitics.md#atlantica</description>
						<styleUrl>#__managed_style_574E0A13EB3F8CDEB5E3</styleUrl>
						<Polygon>
							<outerBoundaryIs>
								<LinearRing>
									<coordinates>
										-76.24309,38.912092,0 -76.24886100000001,38.905727,0 -76.245763,38.905082,0 -76.24309,38.912092,0 
									</coordinates>
								</LinearRing>
							</outerBoundaryIs>
						</Polygon>
					</Placemark>
					<Placemark id="5C7726A3FB000616">
						<name>Atlantica</name>
						<description>See: 2050-snapshot/domains/borders-geopolitics.md#atlantica</description>
						<styleUrl>#__managed_style_574E0A13EB3F8CDEB5E3</styleUrl>
						<Polygon>
							<outerBoundaryIs>
								<LinearRing>
									<coordinates>
										-76.272255,39.274555,0 -76.26430999999999,39.283877,0 -76.26641100000001,39.290539,0 -76.272255,39.274555,0 
									</coordinates>
								</LinearRing>
							</outerBoundaryIs>
						</Polygon>
					</Placemark>
					<Placemark id="5C7726A3FC000617">
						<name>Atlantica</name>
						<description>See: 2050-snapshot/domains/borders-geopolitics.md#atlantica</description>
						<styleUrl>#__managed_style_574E0A13EB3F8CDEB5E3</styleUrl>
						<Polygon>
							<outerBoundaryIs>
								<LinearRing>
									<coordinates>
										-75.566813,39.509189,0 -75.560378,39.518553,0 -75.567522,39.510205,0 -75.566813,39.509189,0 
									</coordinates>
								</LinearRing>
							</outerBoundaryIs>
						</Polygon>
					</Placemark>
					<Placemark id="5C7726A3FC000618">
						<name>Atlantica</name>
						<description>See: 2050-snapshot/domains/borders-geopolitics.md#atlantica</description>
						<styleUrl>#__managed_style_574E0A13EB3F8CDEB5E3</styleUrl>
						<Polygon>
							<outerBoundaryIs>
								<LinearRing>
									<coordinates>
										-76.088216,39.536025,0 -76.092095,39.535222,0 -76.090305,39.533826,0 -76.088216,39.536025,0 
									</coordinates>
								</LinearRing>
							</outerBoundaryIs>
						</Polygon>
					</Placemark>
					<Placemark id="5C7726A3FC000619">
						<name>Atlantica</name>
						<description>See: 2050-snapshot/domains/borders-geopolitics.md#atlantica</description>
						<styleUrl>#__managed_style_574E0A13EB3F8CDEB5E3</styleUrl>
						<Polygon>
							<outerBoundaryIs>
								<LinearRing>
									<coordinates>
										-75.572118,39.58586,0 -75.578216,39.598474,0 -75.57970899999999,39.597892,0 -75.572118,39.58586,0 
									</coordinates>
								</LinearRing>
							</outerBoundaryIs>
						</Polygon>
					</Placemark>
					<Placemark id="5C7726A3FC00061A">
						<name>Atlantica</name>
						<description>See: 2050-snapshot/domains/borders-geopolitics.md#atlantica</description>
						<styleUrl>#__managed_style_574E0A13EB3F8CDEB5E3</styleUrl>
						<Polygon>
							<outerBoundaryIs>
								<LinearRing>
									<coordinates>
										-74.25018799999999,40.496703,0 -74.132199,40.546225,0 -74.135401,40.530407,0 -74.053556,40.5995,0 -74.079042,40.648171,0 -74.1544,40.63718,0 -74.18150300000001,40.644649,0 -74.201812,40.619507,0 -74.212243,40.557213,0 -74.24780800000001,40.543396,0 -74.25018799999999,40.496703,0 
									</coordinates>
								</LinearRing>
							</outerBoundaryIs>
						</Polygon>
					</Placemark>
					<Placemark id="5C7726A3FC00061B">
						<name>Atlantica</name>
						<description>See: 2050-snapshot/domains/borders-geopolitics.md#atlantica</description>
						<styleUrl>#__managed_style_574E0A13EB3F8CDEB5E3</styleUrl>
						<Polygon>
							<outerBoundaryIs>
								<LinearRing>
									<coordinates>
										-74.157242,40.643011,0 -74.16092500000001,40.644952,0 -74.158905,40.641369,0 -74.157242,40.643011,0 
									</coordinates>
								</LinearRing>
							</outerBoundaryIs>
						</Polygon>
					</Placemark>
					<Placemark id="5C7726A3FC00061C">
						<name>Atlantica</name>
						<description>See: 2050-snapshot/domains/borders-geopolitics.md#atlantica</description>
						<styleUrl>#__managed_style_574E0A13EB3F8CDEB5E3</styleUrl>
						<Polygon>
							<outerBoundaryIs>
								<LinearRing>
									<coordinates>
										-74.026302,40.684844,0 -74.013429,40.687953,0 -74.01949999999999,40.693382,0 -74.026302,40.684844,0 
									</coordinates>
								</LinearRing>
							</outerBoundaryIs>
						</Polygon>
					</Placemark>
					<Placemark id="5C7726A3FC00061D">
						<name>Atlantica</name>
						<description>See: 2050-snapshot/domains/borders-geopolitics.md#atlantica</description>
						<styleUrl>#__managed_style_574E0A13EB3F8CDEB5E3</styleUrl>
						<Polygon>
							<outerBoundaryIs>
								<LinearRing>
									<coordinates>
										-74.047083,40.691062,0 -74.045733,40.688605,0 -74.04324699999999,40.689338,0 -74.047083,40.691062,0 
									</coordinates>
								</LinearRing>
							</outerBoundaryIs>
						</Polygon>
					</Placemark>
					<Placemark id="5C7726A3FC00061E">
						<name>Atlantica</name>
						<description>See: 2050-snapshot/domains/borders-geopolitics.md#atlantica</description>
						<styleUrl>#__managed_style_574E0A13EB3F8CDEB5E3</styleUrl>
						<Polygon>
							<outerBoundaryIs>
								<LinearRing>
									<coordinates>
										-74.03899699999999,40.697619,0 -74.042196,40.699966,0 -74.04406400000001,40.698278,0 -74.03899699999999,40.697619,0 
									</coordinates>
								</LinearRing>
							</outerBoundaryIs>
						</Polygon>
					</Placemark>
					<Placemark id="5C7726A3FC00061F">
						<name>Atlantica</name>
						<description>See: 2050-snapshot/domains/borders-geopolitics.md#atlantica</description>
						<styleUrl>#__managed_style_574E0A13EB3F8CDEB5E3</styleUrl>
						<Polygon>
							<outerBoundaryIs>
								<LinearRing>
									<coordinates>
										-73.78153399999999,40.838948,0 -73.79057899999999,40.85854,0 -73.78416300000001,40.837105,0 -73.78153399999999,40.838948,0 
									</coordinates>
								</LinearRing>
							</outerBoundaryIs>
						</Polygon>
					</Placemark>
					<Placemark id="5C7726A3FC000620">
						<name>Atlantica</name>
						<description>See: 2050-snapshot/domains/borders-geopolitics.md#atlantica</description>
						<styleUrl>#__managed_style_574E0A13EB3F8CDEB5E3</styleUrl>
						<Polygon>
							<outerBoundaryIs>
								<LinearRing>
									<coordinates>
										-73.765621,40.855657,0 -73.772418,40.859537,0 -73.769792,40.844967,0 -73.765621,40.855657,0 
									</coordinates>
								</LinearRing>
							</outerBoundaryIs>
						</Polygon>
					</Placemark>
					<Placemark id="5C7726A3FC000621">
						<name>Atlantica</name>
						<description>See: 2050-snapshot/domains/borders-geopolitics.md#atlantica</description>
						<styleUrl>#__managed_style_574E0A13EB3F8CDEB5E3</styleUrl>
						<Polygon>
							<outerBoundaryIs>
								<LinearRing>
									<coordinates>
										-73.767715,40.881038,0 -73.771462,40.887452,0 -73.774013,40.882641,0 -73.767715,40.881038,0 
									</coordinates>
								</LinearRing>
							</outerBoundaryIs>
						</Polygon>
					</Placemark>
					<Placemark id="5C7726A3FC000622">
						<name>Atlantica</name>
						<description>See: 2050-snapshot/domains/borders-geopolitics.md#atlantica</description>
						<styleUrl>#__managed_style_574E0A13EB3F8CDEB5E3</styleUrl>
						<Polygon>
							<outerBoundaryIs>
								<LinearRing>
									<coordinates>
										-73.62948,40.983646,0 -73.630081,40.980144,0 -73.621865,40.98247,0 -73.62948,40.983646,0 
									</coordinates>
								</LinearRing>
							</outerBoundaryIs>
						</Polygon>
					</Placemark>
					<Placemark id="5C7726A3FC000623">
						<name>Atlantica</name>
						<description>See: 2050-snapshot/domains/borders-geopolitics.md#atlantica</description>
						<styleUrl>#__managed_style_574E0A13EB3F8CDEB5E3</styleUrl>
						<Polygon>
							<outerBoundaryIs>
								<LinearRing>
									<coordinates>
										-73.612528,40.987474,0 -73.60972700000001,40.990786,0 -73.61336900000001,40.988883,0 -73.612528,40.987474,0 
									</coordinates>
								</LinearRing>
							</outerBoundaryIs>
						</Polygon>
					</Placemark>
					<Placemark id="5C7726A3FC000624">
						<name>Atlantica</name>
						<description>See: 2050-snapshot/domains/borders-geopolitics.md#atlantica</description>
						<styleUrl>#__managed_style_574E0A13EB3F8CDEB5E3</styleUrl>
						<Polygon>
							<outerBoundaryIs>
								<LinearRing>
									<coordinates>
										-73.644289,40.998289,0 -73.64576700000001,40.996001,0 -73.638435,40.994092,0 -73.644289,40.998289,0 
									</coordinates>
								</LinearRing>
							</outerBoundaryIs>
						</Polygon>
					</Placemark>
					<Placemark id="5C7726A3FC000625">
						<name>Atlantica</name>
						<description>See: 2050-snapshot/domains/borders-geopolitics.md#atlantica</description>
						<styleUrl>#__managed_style_574E0A13EB3F8CDEB5E3</styleUrl>
						<Polygon>
							<outerBoundaryIs>
								<LinearRing>
									<coordinates>
										-73.42216500000001,41.047562,0 -73.401532,41.053717,0 -73.399815,41.062418,0 -73.404774,41.06213,0 -73.42216500000001,41.047562,0 
									</coordinates>
								</LinearRing>
							</outerBoundaryIs>
						</Polygon>
					</Placemark>
					<Placemark id="5C7726A3FC000626">
						<name>Atlantica</name>
						<description>See: 2050-snapshot/domains/borders-geopolitics.md#atlantica</description>
						<styleUrl>#__managed_style_574E0A13EB3F8CDEB5E3</styleUrl>
						<Polygon>
							<outerBoundaryIs>
								<LinearRing>
									<coordinates>
										-73.39523800000001,41.064431,0 -73.381314,41.070686,0 -73.388181,41.073275,0 -73.39523800000001,41.064431,0 
									</coordinates>
								</LinearRing>
							</outerBoundaryIs>
						</Polygon>
					</Placemark>
					<Placemark id="5C7726A3FC000627">
						<name>Atlantica</name>
						<description>See: 2050-snapshot/domains/borders-geopolitics.md#atlantica</description>
						<styleUrl>#__managed_style_574E0A13EB3F8CDEB5E3</styleUrl>
						<Polygon>
							<outerBoundaryIs>
								<LinearRing>
									<coordinates>
										-73.360141,41.08202,0 -73.36033399999999,41.085711,0 -73.369775,41.088802,0 -73.360141,41.08202,0 
									</coordinates>
								</LinearRing>
							</outerBoundaryIs>
						</Polygon>
					</Placemark>
					<Placemark id="5C7726A3FC000628">
						<name>Atlantica</name>
						<description>See: 2050-snapshot/domains/borders-geopolitics.md#atlantica</description>
						<styleUrl>#__managed_style_574E0A13EB3F8CDEB5E3</styleUrl>
						<Polygon>
							<outerBoundaryIs>
								<LinearRing>
									<coordinates>
										-72.10315199999999,41.086484,0 -72.0972,41.054884,0 -72.077929,41.099873,0 -72.127893,41.120438,0 -72.141921,41.094371,0 -72.10315199999999,41.086484,0 
									</coordinates>
								</LinearRing>
							</outerBoundaryIs>
						</Polygon>
					</Placemark>
					<Placemark id="5C7726A3FC000629">
						<name>Atlantica</name>
						<description>See: 2050-snapshot/domains/borders-geopolitics.md#atlantica</description>
						<styleUrl>#__managed_style_574E0A13EB3F8CDEB5E3</styleUrl>
						<Polygon>
							<outerBoundaryIs>
								<LinearRing>
									<coordinates>
										-73.217629,41.142354,0 -73.21526900000001,41.142644,0 -73.217168,41.143906,0 -73.217629,41.142354,0 
									</coordinates>
								</LinearRing>
							</outerBoundaryIs>
						</Polygon>
					</Placemark>
					<Placemark id="5C7726A3FC00062A">
						<name>Atlantica</name>
						<description>See: 2050-snapshot/domains/borders-geopolitics.md#atlantica</description>
						<styleUrl>#__managed_style_574E0A13EB3F8CDEB5E3</styleUrl>
						<Polygon>
							<outerBoundaryIs>
								<LinearRing>
									<coordinates>
										-72.211393,41.176562,0 -72.19731899999999,41.165468,0 -72.161834,41.190324,0 -72.18914100000001,41.188311,0 -72.211393,41.176562,0 
									</coordinates>
								</LinearRing>
							</outerBoundaryIs>
						</Polygon>
					</Placemark>
					<Placemark id="5C7726A3FC00062B">
						<name>Atlantica</name>
						<description>See: 2050-snapshot/domains/borders-geopolitics.md#atlantica</description>
						<styleUrl>#__managed_style_574E0A13EB3F8CDEB5E3</styleUrl>
						<Polygon>
							<outerBoundaryIs>
								<LinearRing>
									<coordinates>
										-71.554067,41.212957,0 -71.577691,41.231232,0 -71.613133,41.160281,0 -71.599993,41.146932,0 -71.54387199999999,41.161321,0 -71.566345,41.184277,0 -71.554067,41.212957,0 
									</coordinates>
								</LinearRing>
							</outerBoundaryIs>
						</Polygon>
					</Placemark>
					<Placemark id="5C7726A3FC00062C">
						<name>Atlantica</name>
						<description>See: 2050-snapshot/domains/borders-geopolitics.md#atlantica</description>
						<styleUrl>#__managed_style_574E0A13EB3F8CDEB5E3</styleUrl>
						<Polygon>
							<outerBoundaryIs>
								<LinearRing>
									<coordinates>
										-72.75886,41.253843,0 -72.741058,41.252691,0 -72.74029899999999,41.256454,0 -72.75886,41.253843,0 
									</coordinates>
								</LinearRing>
							</outerBoundaryIs>
						</Polygon>
					</Placemark>
					<Placemark id="5C7726A3FC00062D">
						<name>Atlantica</name>
						<description>See: 2050-snapshot/domains/borders-geopolitics.md#atlantica</description>
						<styleUrl>#__managed_style_574E0A13EB3F8CDEB5E3</styleUrl>
						<Polygon>
							<outerBoundaryIs>
								<LinearRing>
									<coordinates>
										-72.763115,41.258037,0 -72.762344,41.260356,0 -72.764251,41.259212,0 -72.763115,41.258037,0 
									</coordinates>
								</LinearRing>
							</outerBoundaryIs>
						</Polygon>
					</Placemark>
					<Placemark id="5C7726A3FC00062E">
						<name>Atlantica</name>
						<description>See: 2050-snapshot/domains/borders-geopolitics.md#atlantica</description>
						<styleUrl>#__managed_style_574E0A13EB3F8CDEB5E3</styleUrl>
						<Polygon>
							<outerBoundaryIs>
								<LinearRing>
									<coordinates>
										-71.991117,41.281331,0 -71.99435,41.270507,0 -72.023055,41.274847,0 -72.037695,41.251282,0 -72.002461,41.252867,0 -71.922614,41.29234,0 -71.991117,41.281331,0 
									</coordinates>
								</LinearRing>
							</outerBoundaryIs>
						</Polygon>
					</Placemark>
					<Placemark id="5C7726A3FC00062F">
						<name>Atlantica</name>
						<description>See: 2050-snapshot/domains/borders-geopolitics.md#atlantica</description>
						<styleUrl>#__managed_style_574E0A13EB3F8CDEB5E3</styleUrl>
						<Polygon>
							<outerBoundaryIs>
								<LinearRing>
									<coordinates>
										-72.223899,41.293464,0 -72.22375599999999,41.294857,0 -72.225931,41.293839,0 -72.223899,41.293464,0 
									</coordinates>
								</LinearRing>
							</outerBoundaryIs>
						</Polygon>
					</Placemark>
					<Placemark id="5C7726A3FC000630">
						<name>Atlantica</name>
						<description>See: 2050-snapshot/domains/borders-geopolitics.md#atlantica</description>
						<styleUrl>#__managed_style_574E0A13EB3F8CDEB5E3</styleUrl>
						<Polygon>
							<outerBoundaryIs>
								<LinearRing>
									<coordinates>
										-71.403626,41.504566,0 -71.396276,41.503695,0 -71.397391,41.5062,0 -71.403626,41.504566,0 
									</coordinates>
								</LinearRing>
							</outerBoundaryIs>
						</Polygon>
					</Placemark>
					<Placemark id="5C7726A3FC000631">
						<name>Atlantica</name>
						<description>See: 2050-snapshot/domains/borders-geopolitics.md#atlantica</description>
						<styleUrl>#__managed_style_574E0A13EB3F8CDEB5E3</styleUrl>
						<Polygon>
							<outerBoundaryIs>
								<LinearRing>
									<coordinates>
										-71.399568,41.448596,0 -71.38159400000001,41.468055,0 -71.38624,41.487687,0 -71.37509,41.473764,0 -71.354315,41.478891,0 -71.370194,41.573963,0 -71.39213700000001,41.524468,0 -71.37891399999999,41.504948,0 -71.40055,41.490332,0 -71.399568,41.448596,0 
									</coordinates>
								</LinearRing>
							</outerBoundaryIs>
						</Polygon>
					</Placemark>
					<Placemark id="5C7726A3FC000632">
						<name>Atlantica</name>
						<description>See: 2050-snapshot/domains/borders-geopolitics.md#atlantica</description>
						<styleUrl>#__managed_style_574E0A13EB3F8CDEB5E3</styleUrl>
						<Polygon>
							<outerBoundaryIs>
								<LinearRing>
									<coordinates>
										-71.367317,41.605952,0 -71.364786,41.601431,0 -71.36338000000001,41.606688,0 -71.367317,41.605952,0 
									</coordinates>
								</LinearRing>
							</outerBoundaryIs>
						</Polygon>
					</Placemark>
					<Placemark id="5C7726A3FC000633">
						<name>Atlantica</name>
						<description>See: 2050-snapshot/domains/borders-geopolitics.md#atlantica</description>
						<styleUrl>#__managed_style_574E0A13EB3F8CDEB5E3</styleUrl>
						<Polygon>
							<outerBoundaryIs>
								<LinearRing>
									<coordinates>-76.694026,43.346461,0 -76.630774,43.413356,0 -76.417581,43.521285,0 -76.297103,43.512870,0 -76.235834,43.529256,0 -76.203473,43.574978,0 -76.201031,43.696666,0 -76.234986,43.822625,0 -76.299064,43.838503,0 -76.297392,43.855925,0 -76.233163,43.886267,0 -76.222892,43.880123,0 -76.237363,43.863596,0 -76.203012,43.850752,0 -76.202257,43.864898,0 -76.127285,43.897889,0 -76.134358,43.945664,0 -76.059062,43.985700,0 -76.079700,44.003290,0 -76.136280,43.964671,0 -76.199811,43.968345,0 -76.199447,43.991672,0 -76.118753,44.034472,0 -76.168284,44.032723,0 -76.140145,44.070194,0 -76.204280,44.054271,0 -76.213970,44.059373,0 -76.201640,44.079039,0 -76.272841,44.051777,0 -76.282217,44.012306,0 -76.201164,44.024177,0 -76.237226,43.977920,0 -76.281393,43.960945,0 -76.265882,43.995483,0 -76.300956,44.009864,0 -76.294902,44.058274,0 -76.333812,44.064652,0 -76.323385,44.077318,0 -76.359687,44.071024,0 -76.344247,44.087917,0 -76.370706,44.100499,0 -76.312647,44.199044,0 -76.206777,44.214543,0 -76.164265,44.239603,0 -76.161833,44.280777,0 -75.912985,44.368084,0 -75.820830,44.432244,0 -75.807778,44.471644,0 -75.766230,44.515851,0 -75.413792,44.772534,0 -75.369953,44.782883,0 -75.283136,44.849156,0 -75.139866,44.896684,0 -75.134416,44.915102,0 -75.064826,44.929449,0 -74.972463,44.983402,0 -74.907956,44.983359,0 -74.826578,45.015850,0 -74.731301,44.990422,0 -74.670297,45.006194,0 -74.146814,44.991500,0 -73.059685,45.015869,0 -72.310073,45.003822,0 -71.464555,45.013637,0 -71.501088,45.013349,0 -71.491085,45.043671,0 -71.505091,45.051465,0 -71.428828,45.123881,0 -71.437216,45.142333,0 -71.397810,45.203553,0 -71.443883,45.237061,0 -71.384917,45.233351,0 -71.357253,45.253336,0 -71.360664,45.269835,0 -71.296509,45.299190,0 -71.264939,45.293446,0 -71.231122,45.249712,0 -71.147906,45.239280,0 -71.097772,45.301906,0 -71.009050,45.319022,0 -71.010810,45.347250,0 -70.985595,45.332188,0 -70.952377,45.339097,0 -70.917904,45.311924,0 -70.921700,45.279445,0 -70.896898,45.242031,0 -70.837529,45.234970,0 -70.848554,45.263325,0 -70.835536,45.293804,0 -70.812338,45.302006,0 -70.819828,45.340109,0 -70.802648,45.364933,0 -70.826033,45.398408,0 -70.798028,45.426706,0 -70.753977,45.427789,0 -70.729972,45.399359,0 -70.677995,45.394362,0 -70.660029,45.377901,0 -70.621464,45.402668,0 -70.650684,45.444915,0 -70.681156,45.452176,0 -70.717047,45.487732,0 -70.721611,45.515058,0 -70.677166,45.552166,0 -70.687720,45.569355,0 -70.558400,45.666671,0 -70.533679,45.602035,0 -70.552793,45.667836,0 -70.400404,45.719834,0 -70.383552,45.734869,0 -70.417674,45.794570,0 -70.342440,45.852192,0 -70.259117,45.890755,0 -70.263313,45.923832,0 -70.240177,45.943729,0 -70.276249,45.966873,0 -70.316936,45.963456,0 -70.284571,45.995384,0 -70.317596,46.019492,0 -70.278334,46.057019,0 -70.308967,46.062464,0 -70.301076,46.083254,0 -70.285471,46.100054,0 -70.252413,46.100625,0 -70.236714,46.144937,0 -70.292736,46.191599,0 -70.231268,46.291193,0 -70.205719,46.299865,0 -70.208733,46.328961,0 -70.191498,46.349961,0 -70.129734,46.369384,0 -70.096286,46.409430,0 -70.056950,46.415155,0 -69.997086,46.695230,0 -69.224420,47.459686,0 -69.122471,47.442413,0 -69.107838,47.427711,0 -69.042702,47.426651,0 -69.030989,47.409055,0 -69.054503,47.377967,0 -69.050252,47.255876,0 -68.900085,47.177719,0 -68.717867,47.240919,0 -68.612411,47.244803,0 -68.578551,47.287551,0 -68.378678,47.287561,0 -68.384281,47.326943,0 -68.370265,47.351052,0 -68.284101,47.360389,0 -68.155150,47.325420,0 -68.137059,47.296068,0 -67.952269,47.196142,0 -67.881302,47.103913,0 -67.790515,47.067921,0 -67.781095,45.943032,0 -67.750422,45.917898,0 -67.803908,45.882895,0 -67.755068,45.823670,0 -67.806598,45.794723,0 -67.806308,45.755405,0 -67.781892,45.731189,0 -67.809833,45.729274,0 -67.803148,45.696127,0 -67.817892,45.693705,0 -67.803313,45.677886,0 -67.730350,45.663239,0 -67.718056,45.667986,0 -67.734605,45.688987,0 -67.709466,45.681380,0 -67.645810,45.613597,0 -67.638891,45.625075,0 -67.608505,45.606198,0 -67.499444,45.587014,0 -67.493890,45.601182,0 -67.455406,45.604665,0 -67.429716,45.583773,0 -67.420976,45.550029,0 -67.435044,45.528783,0 -67.416462,45.502147,0 -67.462882,45.508691,0 -67.464401,45.496613,0 -67.503771,45.488522,0 -67.472560,45.423321,0 -67.418747,45.377260,0 -67.460554,45.300379,0 -67.489333,45.281282,0 -67.439980,45.227047,0 -67.428889,45.193213,0 -67.400338,45.177376,0 -67.404629,45.159926,0 -67.345585,45.126392,0 -67.296174,45.147952,0 -67.283619,45.192022,0 -67.227324,45.163652,0 -67.157919,45.161004,0 -67.090786,45.068721,0 -67.117688,45.056730,0 -67.096014,45.039322,0 -67.106234,45.033107,0 -67.082074,45.029608,0 -67.033474,44.939923,0 -66.984466,44.912557,0 -66.994762,44.891840,0 -66.980033,44.855970,0 -66.996523,44.844654,0 -66.982403,44.811466,0 -66.950569,44.814539,0 -67.019719,44.769634,0 -67.068919,44.768959,0 -67.073439,44.741957,0 -67.104095,44.739928,0 -67.104352,44.716848,0 -67.154479,44.668114,0 -67.186612,44.662650,0 -67.189427,44.645533,0 -67.234275,44.637201,0 -67.240761,44.665766,0 -67.272848,44.664075,0 -67.269520,44.640066,0 -67.246373,44.626384,0 -67.287346,44.623997,0 -67.298449,44.654377,0 -67.326182,44.656715,0 -67.322058,44.673900,0 -67.306836,44.662892,0 -67.299176,44.705705,0 -67.357699,44.703788,0 -67.360314,44.687230,0 -67.394777,44.695003,0 -67.404998,44.681654,0 -67.375763,44.677260,0 -67.389073,44.672696,0 -67.368395,44.655791,0 -67.368269,44.624672,0 -67.391450,44.625351,0 -67.405492,44.594236,0 -67.427340,44.641080,0 -67.448968,44.635499,0 -67.432569,44.606909,0 -67.458448,44.596694,0 -67.491038,44.607248,0 -67.493632,44.628863,0 -67.505804,44.636837,0 -67.532632,44.614354,0 -67.543368,44.626554,0 -67.575056,44.560659,0 -67.564718,44.532068,0 -67.688055,44.537254,0 -67.713077,44.493553,0 -67.743353,44.497418,0 -67.754843,44.546910,0 -67.774001,44.547438,0 -67.782363,44.514970,0 -67.802541,44.523934,0 -67.804518,44.542675,0 -67.847776,44.563000,0 -67.842072,44.544030,0 -67.865602,44.526071,0 -67.851648,44.484901,0 -67.868692,44.465038,0 -67.891509,44.480980,0 -67.877248,44.454859,0 -67.898615,44.395595,0 -67.916941,44.461306,0 -67.935892,44.448898,0 -67.937706,44.410445,0 -67.970419,44.470805,0 -67.992761,44.460797,0 -68.027462,44.482507,0 -68.014627,44.454011,0 -67.981590,44.449090,0 -67.958772,44.398846,0 -67.983729,44.384409,0 -68.007497,44.413109,0 -68.023184,44.408185,0 -68.014152,44.385938,0 -68.025457,44.356608,0 -68.045763,44.357905,0 -68.049334,44.330730,0 -68.076066,44.347925,0 -68.077612,44.388486,0 -68.093299,44.390184,0 -68.092983,44.370949,0 -68.112290,44.401588,0 -68.121345,44.478945,0 -68.161751,44.501157,0 -68.167218,44.483863,0 -68.154383,44.478776,0 -68.194554,44.471890,0 -68.180528,44.475045,0 -68.211426,44.520140,0 -68.223785,44.465546,0 -68.260863,44.488102,0 -68.268004,44.471470,0 -68.294138,44.471653,0 -68.267994,44.461306,0 -68.280572,44.451573,0 -68.354984,44.458082,0 -68.365680,44.435345,0 -68.337872,44.421936,0 -68.318857,44.444339,0 -68.247438,44.433276,0 -68.249956,44.414809,0 -68.196937,44.386352,0 -68.174496,44.345181,0 -68.188931,44.307315,0 -68.230916,44.287849,0 -68.281303,44.302169,0 -68.280237,44.286450,0 -68.317193,44.294314,0 -68.289860,44.250917,0 -68.333831,44.221286,0 -68.404544,44.253869,0 -68.419650,44.274612,0 -68.408225,44.281553,0 -68.430946,44.298624,0 -68.398035,44.376191,0 -68.354271,44.400544,0 -68.392776,44.435345,0 -68.392559,44.418070,0 -68.430804,44.396978,0 -68.425338,44.498275,0 -68.437222,44.482676,0 -68.473111,44.486746,0 -68.458375,44.453841,0 -68.471210,44.440267,0 -68.462152,44.379396,0 -68.483317,44.388157,0 -68.479766,44.454180,0 -68.499686,44.414179,0 -68.565161,44.399070,0 -68.545434,44.355000,0 -68.566203,44.313007,0 -68.550120,44.291932,0 -68.530867,44.300438,0 -68.518984,44.265216,0 -68.552734,44.274917,0 -68.555111,44.261301,0 -68.533007,44.254321,0 -68.522786,44.228099,0 -68.624572,44.279183,0 -68.624250,44.302107,0 -68.632292,44.286417,0 -68.689400,44.296695,0 -68.739313,44.333174,0 -68.795063,44.307860,0 -68.827197,44.312160,0 -68.809666,44.373962,0 -68.821767,44.408940,0 -68.797452,44.450995,0 -68.783283,44.447139,0 -68.777817,44.484965,0 -68.805863,44.524292,0 -68.807764,44.498360,0 -68.835098,44.481404,0 -68.811092,44.466140,0 -68.875153,44.429898,0 -68.921613,44.456640,0 -68.943733,44.428367,0 -68.998384,44.425586,0 -68.949883,44.339993,0 -68.963443,44.308317,0 -69.003682,44.294582,0 -69.045577,44.209251,0 -69.059230,44.207913,0 -69.054546,44.171542,0 -69.074203,44.183545,0 -69.092980,44.135290,0 -69.076342,44.124884,0 -69.100823,44.116864,0 -69.103438,44.077947,0 -69.043403,44.092164,0 -69.077056,44.042250,0 -69.128052,44.017309,0 -69.109855,43.998325,0 -69.132197,44.003283,0 -69.141942,43.986526,0 -69.123502,43.979015,0 -69.144081,43.979514,0 -69.162559,43.999003,0 -69.212058,43.931093,0 -69.273949,43.914215,0 -69.267515,43.943667,0 -69.283998,43.958569,0 -69.317469,43.940506,0 -69.304301,43.962068,0 -69.325334,43.970941,0 -69.327689,43.945811,0 -69.375225,43.924588,0 -69.330066,43.971817,0 -69.345752,43.969080,0 -69.350506,43.983448,0 -69.366702,43.964755,0 -69.362390,43.993879,0 -69.379028,43.995418,0 -69.394239,43.969422,0 -69.406123,43.985842,0 -69.428227,43.957276,0 -69.426801,43.978317,0 -69.437734,43.975751,0 -69.459637,43.903316,0 -69.503290,43.837673,0 -69.514889,43.831298,0 -69.519259,43.871153,0 -69.543912,43.881615,0 -69.551703,43.834628,0 -69.572697,43.844012,0 -69.592916,43.811382,0 -69.606311,43.823434,0 -69.592373,43.830895,0 -69.594705,43.858878,0 -69.621086,43.826814,0 -69.638812,43.847845,0 -69.655611,43.781039,0 -69.690388,43.825386,0 -69.677078,43.926984,0 -69.691576,43.917226,0 -69.721559,43.782000,0 -69.754091,43.743866,0 -69.833471,43.717775,0 -69.836799,43.699735,0 -69.855081,43.704746,0 -69.848683,43.742163,0 -69.871116,43.731644,0 -69.861517,43.759332,0 -69.873401,43.778384,0 -69.956255,43.772367,0 -70.001273,43.710388,0 -69.994618,43.743537,0 -70.026467,43.728940,0 -70.023377,43.748860,0 -70.045006,43.736668,0 -69.947206,43.864473,0 -69.992717,43.848360,0 -70.026193,43.822587,0 -69.987725,43.862927,0 -70.019197,43.858733,0 -70.066598,43.810525,0 -70.063633,43.825629,0 -70.080548,43.827601,0 -70.144867,43.796805,0 -70.176023,43.760790,0 -70.175440,43.777113,0 -70.194269,43.768601,0 -70.214710,43.697329,0 -70.231990,43.704822,0 -70.226118,43.688736,0 -70.242548,43.693333,0 -70.252961,43.675010,0 -70.207491,43.623483,0 -70.217486,43.597091,0 -70.196911,43.565146,0 -70.244331,43.551849,0 -70.272497,43.562616,0 -70.307764,43.544315,0 -70.307405,43.529032,0 -70.328796,43.540749,0 -70.361214,43.529190,0 -70.384885,43.496040,0 -70.382928,43.469674,0 -70.367364,43.452264,0 -70.327303,43.458521,0 -70.332836,43.446432,0 -70.370514,43.434133,0 -70.397860,43.394171,0 -70.427672,43.389254,0 -70.416311,43.361059,0 -70.465795,43.340806,0 -70.517695,43.344037,0 -70.553854,43.321886,0 -70.593907,43.249295,0 -70.575787,43.221859,0 -70.608783,43.175600,0 -70.590391,43.165168,0 -70.618973,43.163625,0 -70.622510,43.134573,0 -70.673114,43.070314,0 -70.703819,43.059825,0 -70.706503,43.075329,0 -70.718936,43.032350,0 -70.808712,42.912787,0 -70.817731,42.850613,0 -70.776083,42.691264,0 -70.684630,42.651813,0 -70.630077,42.692699,0 -70.623927,42.661635,0 -70.597421,42.659605,0 -70.594014,42.635030,0 -70.627173,42.621338,0 -70.654727,42.582234,0 -70.666037,42.584082,0 -70.658907,42.603504,0 -70.676733,42.607527,0 -70.710349,42.572568,0 -70.875195,42.544344,0 -70.882563,42.534887,0 -70.864207,42.533429,0 -70.886366,42.508611,0 -70.842091,42.519495,0 -70.853329,42.493015,0 -70.833810,42.505868,0 -70.835991,42.490496,0 -70.934993,42.457896,0 -70.933402,42.433435,0 -70.905692,42.416197,0 -70.936393,42.418097,0 -70.943664,42.458338,0 -70.982994,42.423996,0 -70.989195,42.402598,0 -70.967273,42.388229,0 -70.968034,42.357591,0 -70.953022,42.343973,0 -70.974540,42.359250,0 -70.972828,42.371928,0 -71.000240,42.372418,0 -70.985317,42.358316,0 -71.007807,42.347145,0 -71.050598,42.372872,0 -71.049673,42.356598,0 -71.010177,42.337557,0 -71.047648,42.328087,0 -71.032777,42.313472,0 -71.047616,42.303378,0 -71.038707,42.284025,0 -71.036797,42.301392,0 -70.987428,42.306080,0 -71.022310,42.288188,0 -70.985278,42.264347,0 -70.953186,42.279854,0 -70.959495,42.245328,0 -70.918236,42.271861,0 -70.877753,42.248417,0 -70.903238,42.281335,0 -70.878285,42.278311,0 -70.887317,42.297652,0 -70.923444,42.302398,0 -70.889456,42.310484,0 -70.851093,42.268270,0 -70.766338,42.254742,0 -70.747230,42.221816,0 -70.712993,42.204431,0 -70.714301,42.168783,0 -70.640169,42.088633,0 -70.643208,42.050821,0 -70.597892,42.004550,0 -70.639137,41.993895,0 -70.636387,42.013830,0 -70.629857,42.001456,0 -70.614223,42.011149,0 -70.650874,42.046247,0 -70.669360,42.037116,0 -70.670934,42.007786,0 -70.695809,42.013346,0 -70.710034,41.999544,0 -70.646785,41.949309,0 -70.630321,41.947048,0 -70.652507,41.978871,0 -70.623945,41.943061,0 -70.583572,41.950007,0 -70.539189,41.926773,0 -70.547410,41.911934,0 -70.525567,41.858730,0 -70.541030,41.815754,0 -70.494048,41.773883,0 -70.428309,41.747669,0 -70.295561,41.734412,0 -70.273879,41.724310,0 -70.396384,41.727868,0 -70.357309,41.702532,0 -70.251195,41.707339,0 -70.216073,41.742981,0 -70.064314,41.772845,0 -70.008462,41.800786,0 -70.000188,41.886938,0 -70.024240,41.896343,0 -70.013369,41.905986,0 -70.027392,41.929331,0 -70.044995,41.930049,0 -70.061617,41.923496,0 -70.069010,41.884924,0 -70.095595,42.032832,0 -70.155415,42.062409,0 -70.205889,42.032691,0 -70.192341,42.023157,0 -70.166884,42.034575,0 -70.190834,42.020028,0 -70.245385,42.063733,0 -70.189305,42.082337,0 -70.058531,42.040363,0 -69.968598,41.911700,0 -69.928652,41.741250,0 -69.933746,41.678631,0 -69.957775,41.620364,0 -69.983183,41.608295,0 -69.991977,41.547488,0 -70.013606,41.551046,0 -69.970489,41.645458,0 -70.014211,41.671971,0 -70.195193,41.647913,0 -70.265424,41.609333,0 -70.281320,41.635125,0 -70.351634,41.634687,0 -70.379151,41.611361,0 -70.437246,41.605329,0 -70.485571,41.554244,0 -70.633607,41.538254,0 -70.656625,41.514779,0 -70.685408,41.521335,0 -70.640948,41.577325,0 -70.650724,41.646130,0 -70.620533,41.657266,0 -70.651956,41.663044,0 -70.636347,41.680002,0 -70.662036,41.680940,0 -70.617572,41.701141,0 -70.648805,41.718029,0 -70.674064,41.691371,0 -70.656596,41.715401,0 -70.718739,41.735740,0 -70.728526,41.722875,0 -70.712028,41.707028,0 -70.727477,41.702414,0 -70.715593,41.675258,0 -70.748868,41.697446,0 -70.743402,41.674726,0 -70.763842,41.676856,0 -70.765463,41.641575,0 -70.821598,41.654839,0 -70.801063,41.629513,0 -70.859654,41.624124,0 -70.843227,41.596565,0 -70.854804,41.582431,0 -70.872665,41.627816,0 -70.913202,41.619266,0 -70.902051,41.591583,0 -70.930456,41.613271,0 -70.933777,41.580430,0 -70.950245,41.584598,0 -70.928520,41.539776,0 -70.946302,41.537564,0 -70.953299,41.515010,0 -70.966583,41.531655,0 -70.983956,41.508900,0 -71.019354,41.508857,0 -71.035510,41.481639,0 -71.048593,41.502659,0 -71.085663,41.509292,0 -71.193979,41.456396,0 -71.190167,41.484285,0 -71.220998,41.560877,0 -71.209823,41.558709,0 -71.203741,41.596103,0 -71.211837,41.623529,0 -71.236487,41.621368,0 -71.243600,41.587508,0 -71.227989,41.528297,0 -71.247992,41.490290,0 -71.240428,41.476147,0 -71.291330,41.487862,0 -71.304394,41.454502,0 -71.323751,41.460129,0 -71.353609,41.449751,0 -71.361185,41.464620,0 -71.316519,41.477560,0 -71.328031,41.518848,0 -71.311251,41.522621,0 -71.271862,41.623986,0 -71.220331,41.655572,0 -71.211822,41.639103,0 -71.195640,41.675090,0 -71.175990,41.671402,0 -71.224800,41.710496,0 -71.245810,41.697162,0 -71.235352,41.672134,0 -71.259560,41.642595,0 -71.285502,41.682430,0 -71.301396,41.649978,0 -71.291217,41.702666,0 -71.307131,41.721648,0 -71.339456,41.724841,0 -71.381287,41.785303,0 -71.391745,41.781050,0 -71.376058,41.744174,0 -71.381050,41.727324,0 -71.357282,41.718188,0 -71.372988,41.672575,0 -71.450198,41.686459,0 -71.443541,41.663019,0 -71.408621,41.663168,0 -71.402441,41.615563,0 -71.416939,41.604901,0 -71.403770,41.589321,0 -71.446412,41.583215,0 -71.415513,41.529858,0 -71.418404,41.472652,0 -71.455845,41.432986,0 -71.452974,41.409676,0 -71.480875,41.360248,0 -71.551566,41.374423,0 -71.857432,41.306318,0 -71.877521,41.336025,0 -71.982194,41.329861,0 -72.005143,41.306687,0 -72.074104,41.318993,0 -72.111820,41.299098,0 -72.156320,41.313178,0 -72.164401,41.303715,0 -72.184122,41.323997,0 -72.203022,41.313197,0 -72.205788,41.285883,0 -72.223828,41.301981,0 -72.317760,41.277782,0 -72.350504,41.311750,0 -72.342610,41.268846,0 -72.386629,41.261798,0 -72.398688,41.278172,0 -72.451925,41.278885,0 -72.506974,41.256896,0 -72.529416,41.264421,0 -72.543941,41.248704,0 -72.571136,41.268098,0 -72.617237,41.271998,0 -72.673216,41.267620,0 -72.694744,41.244970,0 -72.712397,41.247078,0 -72.705788,41.259908,0 -72.762057,41.267686,0 -72.894578,41.242509,0 -72.913087,41.296737,0 -72.939163,41.280188,0 -72.931305,41.262293,0 -73.014550,41.204735,0 -73.049598,41.210780,0 -73.082045,41.192964,0 -73.108008,41.168752,0 -73.103020,41.151412,0 -73.177774,41.166697,0 -73.262388,41.118193,0 -73.286759,41.127896,0 -73.368249,41.107194,0 -73.433250,41.055808,0 -73.466731,41.061128,0 -73.477366,41.036397,0 -73.500582,41.046716,0 -73.523292,41.036664,0 -73.523060,41.020047,0 -73.535338,41.031920,0 -73.570068,41.001597,0 -73.595699,41.015995,0 -73.639885,41.003118,0 -73.661895,40.988606,0 -73.660114,40.969120,0 -73.686473,40.945198,0 -73.715964,40.944514,0 -73.792540,40.883981,0 -73.783443,40.871019,0 -73.799843,40.848667,0 -73.804417,40.861616,0 -73.817976,40.863639,0 -73.793879,40.789013,0 -73.775558,40.795613,0 -73.757870,40.766946,0 -73.749758,40.784797,0 -73.765540,40.810866,0 -73.753009,40.838392,0 -73.713404,40.803467,0 -73.703957,40.817433,0 -73.700448,40.834734,0 -73.728462,40.832989,0 -73.737566,40.848409,0 -73.730675,40.865400,0 -73.676694,40.857237,0 -73.648602,40.828821,0 -73.654372,40.878199,0 -73.633134,40.902690,0 -73.521423,40.918304,0 -73.508370,40.901470,0 -73.533089,40.885300,0 -73.523582,40.909554,0 -73.547825,40.903626,0 -73.541883,40.876854,0 -73.506231,40.872361,0 -73.508846,40.893745,0 -73.494822,40.894823,0 -73.464637,40.868227,0 -73.496518,40.923141,0 -73.485365,40.946397,0 -73.437956,40.934651,0 -73.433976,40.909015,0 -73.380125,40.900181,0 -73.373892,40.912864,0 -73.357556,40.893045,0 -73.351658,40.922698,0 -73.403540,40.931329,0 -73.402068,40.954393,0 -73.344881,40.924413,0 -73.228384,40.905961,0 -73.147077,40.928721,0 -73.158129,40.967517,0 -73.118434,40.977294,0 -72.913834,40.962466,0 -72.635562,40.981957,0 -72.477306,41.052212,0 -72.445242,41.086116,0 -72.397000,41.096307,0 -72.354123,41.139952,0 -72.278789,41.158722,0 -72.233927,41.158914,0 -72.294106,41.114121,0 -72.284469,41.126273,0 -72.312841,41.140327,0 -72.339163,41.115045,0 -72.317238,41.088659,0 -72.277427,41.078723,0 -72.275875,41.036570,0 -72.190563,41.032579,0 -72.160370,41.053827,0 -72.102160,40.991509,0 -72.054564,41.021840,0 -72.016930,41.023517,0 -71.992638,41.047147,0 -71.963513,41.042533,0 -71.955203,41.073070,0 -71.904329,41.085989,0 -71.856483,41.071037,0 -71.902566,41.041127,0 -72.474097,40.840837,0 -73.054963,40.666371,0 -73.239140,40.625100,0 -73.341766,40.632700,0 -73.571791,40.578257,0 -73.774928,40.590759,0 -73.937988,40.543737,0 -73.935379,40.557387,0 -73.879222,40.574656,0 -73.900446,40.588096,0 -74.002001,40.570602,0 -74.012865,40.577908,0 -73.997084,40.591414,0 -74.040191,40.614837,0 -74.033421,40.643924,0 -73.999994,40.663822,0 -74.018828,40.679595,0 -73.992722,40.705544,0 -74.016308,40.701712,0 -74.029383,40.718967,0 -74.070112,40.690652,0 -74.070198,40.660827,0 -74.143864,40.643631,0 -74.102481,40.701926,0 -74.120570,40.717133,0 -74.149263,40.659983,0 -74.156823,40.662751,0 -74.202679,40.633836,0 -74.214469,40.565019,0 -74.252260,40.552740,0 -74.249171,40.523297,0 -74.272690,40.488405,0 -74.261889,40.464706,0 -74.205915,40.439285,0 -74.181025,40.457476,0 -74.135320,40.455446,0 -74.006383,40.411108,0 -73.991682,40.442908,0 -74.019451,40.474682,0 -74.002506,40.476314,0 -73.986059,40.454427,0 -73.977442,40.299373,0 -74.064231,39.978898,0 -74.099100,39.756825,0 -74.240647,39.555753,0 -74.289496,39.509315,0 -74.326382,39.506332,0 -74.311918,39.479895,0 -74.333966,39.435112,0 -74.412692,39.360816,0 -74.552597,39.300143,0 -74.619305,39.240380,0 -74.714341,39.119804,0 -74.705876,39.102937,0 -74.771248,39.032545,0 -74.798486,39.026228,0 -74.787183,39.000958,0 -74.864458,38.940410,0 -74.933571,38.928519,0 -74.971909,38.940582,0 -74.949470,39.015637,0 -74.892547,39.113183,0 -74.887167,39.158825,0 -74.899852,39.173310,0 -75.028885,39.194560,0 -75.029795,39.225466,0 -75.107427,39.218354,0 -75.136914,39.182088,0 -75.167352,39.203299,0 -75.171899,39.237840,0 -75.241639,39.274097,0 -75.251699,39.300341,0 -75.283013,39.305467,0 -75.288306,39.291602,0 -75.333743,39.345335,0 -75.364389,39.341574,0 -75.398171,39.379034,0 -75.427826,39.387792,0 -75.465212,39.438930,0 -75.536431,39.460559,0 -75.534014,39.540702,0 -75.511531,39.577177,0 -75.562005,39.605745,0 -75.570798,39.626768,0 -75.518343,39.663913,0 -75.450688,39.775064,0 -75.405580,39.796336,0 -75.423417,39.806615,0 -75.468502,39.786474,0 -75.562246,39.656712,0 -75.613153,39.620960,0 -75.611873,39.597408,0 -75.563034,39.562240,0 -75.592329,39.467578,0 -75.494122,39.346580,0 -75.439027,39.313384,0 -75.408996,39.264133,0 -75.402035,39.066885,0 -75.318354,38.988191,0 -75.304078,38.913160,0 -75.159022,38.790193,0 -75.113331,38.782998,0 -75.092014,38.803902,0 -75.060032,38.607709,0 -75.049748,38.486387,0 -75.048939,38.451263,0 -75.054591,38.414830,0 -75.193796,38.096013,0 -75.242469,38.027028,0 -75.621169,37.998484,0 -75.656920,37.953287,0 -75.716102,37.988980,0 -75.736514,37.963227,0 -75.746763,37.987669,0 -75.746525,37.969777,0 -75.783815,37.972594,0 -75.809272,37.955161,0 -75.818661,37.967248,0 -75.820949,37.938896,0 -75.885032,37.911717,0 -75.897285,37.926338,0 -75.889915,37.953685,0 -75.865721,37.951506,0 -75.861918,37.973431,0 -75.898429,37.974828,0 -75.872808,38.031998,0 -75.843498,38.027465,0 -75.773739,38.077062,0 -75.788238,38.086136,0 -75.812913,38.058932,0 -75.824246,38.072198,0 -75.870988,38.059226,0 -75.878823,38.076085,0 -75.838252,38.126198,0 -75.788475,38.145788,0 -75.832922,38.151676,0 -75.868636,38.134381,0 -75.925735,38.151022,0 -75.920618,38.131418,0 -75.944999,38.113574,0 -75.959616,38.137141,0 -75.951566,38.178093,0 -75.818661,38.226120,0 -75.856927,38.235922,0 -75.800716,38.255335,0 -75.869625,38.243600,0 -75.876655,38.254775,0 -75.891429,38.227560,0 -75.920335,38.264376,0 -75.856333,38.349527,0 -75.849321,38.364997,0 -75.865365,38.381208,0 -75.863582,38.359499,0 -75.912188,38.343190,0 -75.935718,38.311399,0 -75.938577,38.272329,0 -75.954908,38.263998,0 -75.940697,38.246902,0 -75.970260,38.233806,0 -75.961948,38.251388,0 -76.017364,38.309106,0 -75.965309,38.322495,0 -75.957347,38.347570,0 -76.011419,38.376830,0 -76.017242,38.332936,0 -76.062758,38.304592,0 -76.026962,38.281410,0 -76.040596,38.250259,0 -76.058480,38.250202,0 -76.032044,38.216684,0 -76.074880,38.254869,0 -76.099720,38.253647,0 -76.107592,38.262525,0 -76.077019,38.269239,0 -76.115879,38.291534,0 -76.105778,38.301607,0 -76.128833,38.302633,0 -76.123542,38.281089,0 -76.149185,38.271911,0 -76.132041,38.307762,0 -76.164366,38.315782,0 -76.174705,38.324639,0 -76.197166,38.316900,0 -76.182667,38.336758,0 -76.159494,38.327436,0 -76.182430,38.359592,0 -76.218683,38.365062,0 -76.223786,38.394715,0 -76.233887,38.365276,0 -76.211902,38.338063,0 -76.220340,38.310187,0 -76.206079,38.300302,0 -76.198829,38.289855,0 -76.172091,38.297224,0 -76.160474,38.290983,0 -76.177795,38.290508,0 -76.179577,38.266813,0 -76.125717,38.239017,0 -76.165489,38.242797,0 -76.226376,38.309988,0 -76.232937,38.345240,0 -76.278068,38.382392,0 -76.282844,38.415779,0 -76.333549,38.482086,0 -76.326939,38.498399,0 -76.265380,38.497469,0 -76.247300,38.523818,0 -76.220221,38.531874,0 -76.277969,38.533473,0 -76.281303,38.561119,0 -76.305007,38.572494,0 -76.266212,38.586052,0 -76.262290,38.602306,0 -76.274887,38.603584,0 -76.286102,38.625656,0 -76.269896,38.610014,0 -76.235435,38.627029,0 -76.236264,38.612429,0 -76.212427,38.606738,0 -76.170166,38.628673,0 -76.161276,38.595117,0 -76.141311,38.606021,0 -76.114334,38.582986,0 -76.088308,38.592740,0 -76.047190,38.562824,0 -76.026512,38.566820,0 -76.083079,38.623478,0 -76.110769,38.612707,0 -76.147158,38.636840,0 -76.177201,38.692985,0 -76.197723,38.671078,0 -76.212808,38.681892,0 -76.238725,38.712845,0 -76.238165,38.736938,0 -76.205485,38.739163,0 -76.224618,38.760387,0 -76.254803,38.749173,0 -76.271867,38.710237,0 -76.299171,38.719287,0 -76.296635,38.745929,0 -76.313391,38.749080,0 -76.334017,38.703127,0 -76.323156,38.679674,0 -76.344231,38.678783,0 -76.334619,38.772911,0 -76.302235,38.825160,0 -76.277411,38.831419,0 -76.279429,38.841154,0 -76.255016,38.862268,0 -76.265071,38.845354,0 -76.211545,38.805502,0 -76.216418,38.786700,0 -76.181954,38.756495,0 -76.156523,38.768912,0 -76.200256,38.803001,0 -76.191090,38.829660,0 -76.206081,38.853003,0 -76.196809,38.895091,0 -76.210000,38.946314,0 -76.234838,38.942524,0 -76.253377,38.964889,0 -76.260864,38.932726,0 -76.249674,38.920907,0 -76.270728,38.942062,0 -76.295911,38.928663,0 -76.293308,38.903241,0 -76.305072,38.924313,0 -76.318024,38.911288,0 -76.333950,38.918118,0 -76.331030,38.864320,0 -76.368195,38.836125,0 -76.376202,38.850461,0 -76.361727,38.939175,0 -76.311766,39.035257,0 -76.301606,39.038179,0 -76.277478,38.982492,0 -76.256586,38.975422,0 -76.202360,38.973079,0 -76.163988,38.999541,0 -76.184207,39.046264,0 -76.140621,39.079649,0 -76.134444,39.104372,0 -76.168204,39.094917,0 -76.165780,39.109420,0 -76.181354,39.111577,0 -76.193082,39.090569,0 -76.207764,39.096333,0 -76.215275,39.053203,0 -76.201492,39.013508,0 -76.215965,39.009975,0 -76.242687,39.028926,0 -76.225032,39.050231,0 -76.233457,39.091385,0 -76.244859,39.130644,0 -76.276075,39.146225,0 -76.274637,39.165490,0 -76.219338,39.261997,0 -76.168882,39.290315,0 -76.186647,39.315475,0 -76.170422,39.332094,0 -76.140717,39.327740,0 -76.110527,39.372257,0 -76.022990,39.361896,0 -75.986106,39.379475,0 -76.040962,39.394237,0 -75.966616,39.462833,0 -75.983729,39.470723,0 -76.012312,39.453115,0 -75.944917,39.592965,0 -75.999669,39.560488,0 -76.006657,39.538873,0 -76.036851,39.552872,0 -76.096072,39.536912,0 -76.128120,39.486683,0 -76.071975,39.475047,0 -76.060464,39.448341,0 -76.100311,39.443196,0 -76.226976,39.349908,0 -76.253377,39.366706,0 -76.224618,39.425665,0 -76.241493,39.461273,0 -76.286890,39.369002,0 -76.256586,39.338862,0 -76.281747,39.299660,0 -76.296616,39.302032,0 -76.294383,39.348944,0 -76.322495,39.357350,0 -76.305904,39.364409,0 -76.307093,39.385446,0 -76.356461,39.394277,0 -76.315579,39.332807,0 -76.338079,39.292807,0 -76.325418,39.272905,0 -76.349994,39.248822,0 -76.425281,39.205708,0 -76.504009,39.199286,0 -76.529486,39.218408,0 -76.550086,39.197207,0 -76.533074,39.207648,0 -76.500920,39.155441,0 -76.478299,39.167067,0 -76.431043,39.132123,0 -76.421936,39.076991,0 -76.438928,39.052788,0 -76.394498,39.012684,0 -76.422665,38.986572,0 -76.431280,39.001470,0 -76.454581,38.974512,0 -76.480242,38.977731,0 -76.450280,38.941113,0 -76.460256,38.907145,0 -76.489512,38.927364,0 -76.509120,38.919875,0 -76.489380,38.887414,0 -76.538474,38.861416,0 -76.537642,38.848552,0 -76.496579,38.853115,0 -76.489878,38.838715,0 -76.510078,38.801216,0 -76.560011,38.762626,0 -76.549426,38.731393,0 -76.526198,38.724287,0 -76.532398,38.678363,0 -76.511278,38.615745,0 -76.506023,38.504610,0 -76.381482,38.385252,0 -76.421377,38.318931,0 -76.468239,38.328927,0 -76.476321,38.313544,0 -76.441857,38.291628,0 -76.400084,38.309478,0 -76.375023,38.299419,0 -76.399320,38.259284,0 -76.385244,38.217751,0 -76.320136,38.138339,0 -76.341318,38.119334,0 -76.322158,38.037902,0 -76.361237,38.059542,0 -76.392335,38.102896,0 -76.421214,38.106039,0 -76.438886,38.160834,0 -76.469666,38.153358,0 -76.473266,38.103035,0 -76.502115,38.138882,0 -76.529868,38.134083,0 -76.552957,38.187209,0 -76.594330,38.215814,0 -76.732064,38.246003,0 -76.752286,38.222121,0 -76.778625,38.228470,0 -76.777788,38.242922,0 -76.805949,38.252275,0 -76.802347,38.280743,0 -76.841605,38.336758,0 -76.827106,38.347384,0 -76.856103,38.358567,0 -76.869294,38.338715,0 -76.833714,38.273271,0 -76.842139,38.254491,0 -76.923943,38.289725,0 -76.930264,38.323091,0 -76.978251,38.342283,0 -77.016371,38.445572,0 -77.050634,38.439785,0 -77.091073,38.407546,0 -77.123325,38.410646,0 -77.207312,38.359867,0 -77.250172,38.382781,0 -77.274220,38.481770,0 -77.263599,38.512344,0 -77.183207,38.600381,0 -77.107093,38.630719,0 -77.135901,38.649817,0 -77.122001,38.685816,0 -77.078062,38.713427,0 -77.046196,38.714431,0 -77.034004,38.857142,0 -77.148179,38.965002,0 -77.244621,38.982535,0 -77.248403,39.026909,0 -77.340287,39.062991,0 -77.461450,39.075151,0 -77.485800,39.109303,0 -77.519929,39.120925,0 -77.527282,39.146236,0 -77.510631,39.178484,0 -77.478596,39.189168,0 -77.460210,39.228359,0 -77.540581,39.264947,0 -77.566596,39.306121,0 -77.650997,39.310784,0 -77.677164,39.324534,0 -77.675254,39.338024,0 -77.640411,39.402538,0 -77.616156,39.468371,0 -77.622604,39.507598,0 -77.570182,39.619998,0 -77.526260,39.635002,0 -77.492874,39.676425,0 -77.508360,39.684072,0 -77.459199,39.720017,0 -77.490000,39.720119,0 -77.490000,39.780000,0 -77.530000,39.870000,0 -77.370000,39.930000,0 -77.405000,40.010000,0 -77.360000,40.110000,0 -77.270000,40.200000,0 -77.270000,40.280000,0 -76.950000,40.370000,0 -76.600000,40.515000,0 -76.340000,40.575000,0 -75.950000,40.740000,0 -75.790000,40.860000,0 -75.680000,40.920000,0 -75.080000,41.050000,0 -74.920000,41.380000,0 -74.920000,41.477080,0 -74.983341,41.480894,0 -74.984372,41.506611,0 -75.003151,41.508101,0 -75.024757,41.535099,0 -75.018524,41.551802,0 -75.074613,41.605711,0 -75.044224,41.617978,0 -75.052736,41.688393,0 -75.068830,41.708161,0 -75.049862,41.713309,0 -75.053431,41.752538,0 -75.104334,41.772693,0 -75.072172,41.813732,0 -75.113334,41.822782,0 -75.118789,41.845819,0 -75.161541,41.849836,0 -75.170565,41.871608,0 -75.185254,41.859930,0 -75.260527,41.863800,0 -75.279094,41.938917,0 -75.318168,41.954236,0 -75.359645,41.999445,0 -77.749905,41.999240,0 -77.720617,42.535066,0 -77.661315,42.535067,0 -77.659917,42.580409,0 -77.490889,42.577288,0 -77.486875,42.670279,0 -77.598815,42.671965,0 -77.611670,42.763169,0 -77.580377,42.943963,0 -77.482517,42.943164,0 -77.485418,43.034564,0 -77.134307,43.039887,0 -77.133397,43.012463,0 -76.963926,43.013157,0 -76.713806,43.024035,0 -76.702324,43.080159,0 -76.722003,43.337580,0 -76.769025,43.318452,0 -76.819444,43.309393,0 -76.694026,43.346461,0</coordinates>
								</LinearRing>
							</outerBoundaryIs>
						</Polygon>
					</Placemark>
					<Placemark id="5C7726A3FC000634">
						<name>Atlantica</name>
						<description>See: 2050-snapshot/domains/borders-geopolitics.md#atlantica</description>
						<styleUrl>#__managed_style_574E0A13EB3F8CDEB5E3</styleUrl>
						<Polygon>
							<outerBoundaryIs>
								<LinearRing>
									<coordinates>
										-76.36784900000001,43.879004,0 -76.367346,43.875744,0 -76.364403,43.87886,0 -76.36784900000001,43.879004,0 
									</coordinates>
								</LinearRing>
							</outerBoundaryIs>
						</Polygon>
					</Placemark>
					<Placemark id="5C7726A3FC000635">
						<name>Atlantica</name>
						<description>See: 2050-snapshot/domains/borders-geopolitics.md#atlantica</description>
						<styleUrl>#__managed_style_574E0A13EB3F8CDEB5E3</styleUrl>
						<Polygon>
							<outerBoundaryIs>
								<LinearRing>
									<coordinates>
										-76.398833,43.884789,0 -76.394285,43.883949,0 -76.392347,43.887859,0 -76.398833,43.884789,0 
									</coordinates>
								</LinearRing>
							</outerBoundaryIs>
						</Polygon>
					</Placemark>
					<Placemark id="5C7726A3FC000636">
						<name>Atlantica</name>
						<description>See: 2050-snapshot/domains/borders-geopolitics.md#atlantica</description>
						<styleUrl>#__managed_style_574E0A13EB3F8CDEB5E3</styleUrl>
						<Polygon>
							<outerBoundaryIs>
								<LinearRing>
									<coordinates>
										-76.226382,43.887673,0 -76.221874,43.886004,0 -76.221001,43.888496,0 -76.226382,43.887673,0 
									</coordinates>
								</LinearRing>
							</outerBoundaryIs>
						</Polygon>
					</Placemark>
					<Placemark id="5C7726A3FC000637">
						<name>Atlantica</name>
						<description>See: 2050-snapshot/domains/borders-geopolitics.md#atlantica</description>
						<styleUrl>#__managed_style_574E0A13EB3F8CDEB5E3</styleUrl>
						<Polygon>
							<outerBoundaryIs>
								<LinearRing>
									<coordinates>
										-76.210928,43.895798,0 -76.21154199999999,43.897516,0 -76.21717099999999,43.892367,0 -76.210928,43.895798,0 
									</coordinates>
								</LinearRing>
							</outerBoundaryIs>
						</Polygon>
					</Placemark>
					<Placemark id="5C7726A3FC000638">
						<name>Atlantica</name>
						<description>See: 2050-snapshot/domains/borders-geopolitics.md#atlantica</description>
						<styleUrl>#__managed_style_574E0A13EB3F8CDEB5E3</styleUrl>
						<Polygon>
							<outerBoundaryIs>
								<LinearRing>
									<coordinates>
										-76.30289399999999,43.917231,0 -76.355974,43.880095,0 -76.32708,43.88187,0 -76.30289399999999,43.917231,0 
									</coordinates>
								</LinearRing>
							</outerBoundaryIs>
						</Polygon>
					</Placemark>
					<Placemark id="5C7726A3FC000639">
						<name>Atlantica</name>
						<description>See: 2050-snapshot/domains/borders-geopolitics.md#atlantica</description>
						<styleUrl>#__managed_style_574E0A13EB3F8CDEB5E3</styleUrl>
						<Polygon>
							<outerBoundaryIs>
								<LinearRing>
									<coordinates>
										-76.401472,43.901134,0 -76.379412,43.921099,0 -76.40635899999999,43.920705,0 -76.445999,43.890255,0 -76.401472,43.901134,0 
									</coordinates>
								</LinearRing>
							</outerBoundaryIs>
						</Polygon>
					</Placemark>
					<Placemark id="5C7726A3FC00063A">
						<name>Atlantica</name>
						<description>See: 2050-snapshot/domains/borders-geopolitics.md#atlantica</description>
						<styleUrl>#__managed_style_574E0A13EB3F8CDEB5E3</styleUrl>
						<Polygon>
							<outerBoundaryIs>
								<LinearRing>
									<coordinates>
										-76.145034,43.940876,0 -76.14299,43.944029,0 -76.147437,43.942825,0 -76.145034,43.940876,0 
									</coordinates>
								</LinearRing>
							</outerBoundaryIs>
						</Polygon>
					</Placemark>
					<Placemark id="5C7726A3FC00063B">
						<name>Atlantica</name>
						<description>See: 2050-snapshot/domains/borders-geopolitics.md#atlantica</description>
						<styleUrl>#__managed_style_574E0A13EB3F8CDEB5E3</styleUrl>
						<Polygon>
							<outerBoundaryIs>
								<LinearRing>
									<coordinates>
										-76.187253,44.013777,0 -76.176557,44.017196,0 -76.169664,44.024887,0 -76.187253,44.013777,0 
									</coordinates>
								</LinearRing>
							</outerBoundaryIs>
						</Polygon>
					</Placemark>
					<Placemark id="5C7726A3FC00063C">
						<name>Atlantica</name>
						<description>See: 2050-snapshot/domains/borders-geopolitics.md#atlantica</description>
						<styleUrl>#__managed_style_574E0A13EB3F8CDEB5E3</styleUrl>
						<Polygon>
							<outerBoundaryIs>
								<LinearRing>
									<coordinates>
										-76.318951,44.050536,0 -76.329628,44.044296,0 -76.336609,44.03356,0 -76.321297,44.031208,0 -76.318951,44.050536,0 
									</coordinates>
								</LinearRing>
							</outerBoundaryIs>
						</Polygon>
					</Placemark>
					<Placemark id="5C7726A3FC00063D">
						<name>Atlantica</name>
						<description>See: 2050-snapshot/domains/borders-geopolitics.md#atlantica</description>
						<styleUrl>#__managed_style_574E0A13EB3F8CDEB5E3</styleUrl>
						<Polygon>
							<outerBoundaryIs>
								<LinearRing>
									<coordinates>
										-76.342769,44.054103,0 -76.367935,44.052695,0 -76.381711,44.039633,0 -76.360929,44.033594,0 -76.342769,44.054103,0 
									</coordinates>
								</LinearRing>
							</outerBoundaryIs>
						</Polygon>
					</Placemark>
					<Placemark id="5C7726A3FC00063E">
						<name>Atlantica</name>
						<description>See: 2050-snapshot/domains/borders-geopolitics.md#atlantica</description>
						<styleUrl>#__managed_style_574E0A13EB3F8CDEB5E3</styleUrl>
						<Polygon>
							<outerBoundaryIs>
								<LinearRing>
									<coordinates>
										-70.809245,41.249068,0 -70.80156100000001,41.25841,0 -70.811965,41.264839,0 -70.83233300000001,41.258362,0 -70.809245,41.249068,0 
									</coordinates>
								</LinearRing>
							</outerBoundaryIs>
						</Polygon>
					</Placemark>
					<Placemark id="5C7726A3FC00063F">
						<name>Atlantica</name>
						<description>See: 2050-snapshot/domains/borders-geopolitics.md#atlantica</description>
						<styleUrl>#__managed_style_574E0A13EB3F8CDEB5E3</styleUrl>
						<Polygon>
							<outerBoundaryIs>
								<LinearRing>
									<coordinates>
										-70.244322,41.288138,0 -70.26295,41.311452,0 -70.27726199999999,41.310506,0 -70.244322,41.288138,0 
									</coordinates>
								</LinearRing>
							</outerBoundaryIs>
						</Polygon>
					</Placemark>
					<Placemark id="5C7726A3FC000640">
						<name>Atlantica</name>
						<description>See: 2050-snapshot/domains/borders-geopolitics.md#atlantica</description>
						<styleUrl>#__managed_style_574E0A13EB3F8CDEB5E3</styleUrl>
						<Polygon>
							<outerBoundaryIs>
								<LinearRing>
									<coordinates>
										-70.292027,41.337788,0 -70.307001,41.332391,0 -70.28932500000001,41.335022,0 -70.292027,41.337788,0 
									</coordinates>
								</LinearRing>
							</outerBoundaryIs>
						</Polygon>
					</Placemark>
					<Placemark id="5C7726A3FC000641">
						<name>Atlantica</name>
						<description>See: 2050-snapshot/domains/borders-geopolitics.md#atlantica</description>
						<styleUrl>#__managed_style_574E0A13EB3F8CDEB5E3</styleUrl>
						<Polygon>
							<outerBoundaryIs>
								<LinearRing>
									<coordinates>
										-70.448262,41.353651,0 -70.45043099999999,41.420703,0 -70.498959,41.384339,0 -70.547567,41.415831,0 -70.56328000000001,41.469127,0 -70.59651599999999,41.454122,0 -70.603555,41.482384,0 -70.65965199999999,41.460677,0 -70.774974,41.349176,0 -70.83877699999999,41.347209,0 -70.775665,41.300982,0 -70.70982600000001,41.341723,0 -70.448262,41.353651,0 
									</coordinates>
								</LinearRing>
							</outerBoundaryIs>
						</Polygon>
					</Placemark>
					<Placemark id="5C7726A3FC000642">
						<name>Atlantica</name>
						<description>See: 2050-snapshot/domains/borders-geopolitics.md#atlantica</description>
						<styleUrl>#__managed_style_574E0A13EB3F8CDEB5E3</styleUrl>
						<Polygon>
							<outerBoundaryIs>
								<LinearRing>
									<coordinates>
										-70.95095000000001,41.411882,0 -70.92334099999999,41.422463,0 -70.908587,41.422417,0 -70.927475,41.431811,0 -70.95095000000001,41.411882,0 
									</coordinates>
								</LinearRing>
							</outerBoundaryIs>
						</Polygon>
					</Placemark>
					<Placemark id="5C7726A3FC000643">
						<name>Atlantica</name>
						<description>See: 2050-snapshot/domains/borders-geopolitics.md#atlantica</description>
						<styleUrl>#__managed_style_574E0A13EB3F8CDEB5E3</styleUrl>
						<Polygon>
							<outerBoundaryIs>
								<LinearRing>
									<coordinates>
										-70.857103,41.450253,0 -70.9055,41.425253,0 -70.90234700000001,41.421718,0 -70.848563,41.432844,0 -70.857103,41.450253,0 
									</coordinates>
								</LinearRing>
							</outerBoundaryIs>
						</Polygon>
					</Placemark>
					<Placemark id="5C7726A3FC000644">
						<name>Atlantica</name>
						<description>See: 2050-snapshot/domains/borders-geopolitics.md#atlantica</description>
						<styleUrl>#__managed_style_574E0A13EB3F8CDEB5E3</styleUrl>
						<Polygon>
							<outerBoundaryIs>
								<LinearRing>
									<coordinates>
										-70.923518,41.454366,0 -70.92118600000001,41.445393,0 -70.91535399999999,41.452477,0 -70.923518,41.454366,0 
									</coordinates>
								</LinearRing>
							</outerBoundaryIs>
						</Polygon>
					</Placemark>
					<Placemark id="5C7726A3FC000645">
						<name>Atlantica</name>
						<description>See: 2050-snapshot/domains/borders-geopolitics.md#atlantica</description>
						<styleUrl>#__managed_style_574E0A13EB3F8CDEB5E3</styleUrl>
						<Polygon>
							<outerBoundaryIs>
								<LinearRing>
									<coordinates>
										-70.836868,41.441968,0 -70.80805100000001,41.445037,0 -70.820595,41.458507,0 -70.838202,41.456012,0 -70.836868,41.441968,0 
									</coordinates>
								</LinearRing>
							</outerBoundaryIs>
						</Polygon>
					</Placemark>
					<Placemark id="5C7726A3FC000646">
						<name>Atlantica</name>
						<description>See: 2050-snapshot/domains/borders-geopolitics.md#atlantica</description>
						<styleUrl>#__managed_style_574E0A13EB3F8CDEB5E3</styleUrl>
						<Polygon>
							<outerBoundaryIs>
								<LinearRing>
									<coordinates>
										-71.327568,41.452868,0 -71.324296,41.453924,0 -71.326348,41.45471,0 -71.327568,41.452868,0 
									</coordinates>
								</LinearRing>
							</outerBoundaryIs>
						</Polygon>
					</Placemark>
					<Placemark id="5C7726A3FC000647">
						<name>Atlantica</name>
						<description>See: 2050-snapshot/domains/borders-geopolitics.md#atlantica</description>
						<styleUrl>#__managed_style_574E0A13EB3F8CDEB5E3</styleUrl>
						<Polygon>
							<outerBoundaryIs>
								<LinearRing>
									<coordinates>
										-70.805199,41.450381,0 -70.674712,41.512347,0 -70.700619,41.521779,0 -70.801723,41.467275,0 -70.805199,41.450381,0 
									</coordinates>
								</LinearRing>
							</outerBoundaryIs>
						</Polygon>
					</Placemark>
					<Placemark id="5C7726A3FC000648">
						<name>Atlantica</name>
						<description>See: 2050-snapshot/domains/borders-geopolitics.md#atlantica</description>
						<styleUrl>#__managed_style_574E0A13EB3F8CDEB5E3</styleUrl>
						<Polygon>
							<outerBoundaryIs>
								<LinearRing>
									<coordinates>
										-71.328827,41.492334,0 -71.327822,41.482985,0 -71.32695699999999,41.493116,0 -71.328827,41.492334,0 
									</coordinates>
								</LinearRing>
							</outerBoundaryIs>
						</Polygon>
					</Placemark>
					<Placemark id="5C7726A3FC000649">
						<name>Atlantica</name>
						<description>See: 2050-snapshot/domains/borders-geopolitics.md#atlantica</description>
						<styleUrl>#__managed_style_574E0A13EB3F8CDEB5E3</styleUrl>
						<Polygon>
							<outerBoundaryIs>
								<LinearRing>
									<coordinates>
										-71.33866500000001,41.494926,0 -71.341267,41.500494,0 -71.343126,41.494926,0 -71.33866500000001,41.494926,0 
									</coordinates>
								</LinearRing>
							</outerBoundaryIs>
						</Polygon>
					</Placemark>
					<Placemark id="5C7726A3FC00064A">
						<name>Atlantica</name>
						<description>See: 2050-snapshot/domains/borders-geopolitics.md#atlantica</description>
						<styleUrl>#__managed_style_574E0A13EB3F8CDEB5E3</styleUrl>
						<Polygon>
							<outerBoundaryIs>
								<LinearRing>
									<coordinates>
										-71.344984,41.537923,0 -71.345913,41.529577,0 -71.343126,41.535837,0 -71.344984,41.537923,0 
									</coordinates>
								</LinearRing>
							</outerBoundaryIs>
						</Polygon>
					</Placemark>
					<Placemark id="5C7726A3FC00064B">
						<name>Atlantica</name>
						<description>See: 2050-snapshot/domains/borders-geopolitics.md#atlantica</description>
						<styleUrl>#__managed_style_574E0A13EB3F8CDEB5E3</styleUrl>
						<Polygon>
							<outerBoundaryIs>
								<LinearRing>
									<coordinates>
										-71.30151499999999,41.585658,0 -71.30081199999999,41.58061,0 -71.298562,41.584922,0 -71.30151499999999,41.585658,0 
									</coordinates>
								</LinearRing>
							</outerBoundaryIs>
						</Polygon>
					</Placemark>
					<Placemark id="5C7726A3FC00064C">
						<name>Atlantica</name>
						<description>See: 2050-snapshot/domains/borders-geopolitics.md#atlantica</description>
						<styleUrl>#__managed_style_574E0A13EB3F8CDEB5E3</styleUrl>
						<Polygon>
							<outerBoundaryIs>
								<LinearRing>
									<coordinates>
										-70.82403600000001,41.599554,0 -70.835132,41.590875,0 -70.82206600000001,41.583551,0 -70.82403600000001,41.599554,0 
									</coordinates>
								</LinearRing>
							</outerBoundaryIs>
						</Polygon>
					</Placemark>
					<Placemark id="5C7726A3FC00064D">
						<name>Atlantica</name>
						<description>See: 2050-snapshot/domains/borders-geopolitics.md#atlantica</description>
						<styleUrl>#__managed_style_574E0A13EB3F8CDEB5E3</styleUrl>
						<Polygon>
							<outerBoundaryIs>
								<LinearRing>
									<coordinates>
										-71.34889800000001,41.665324,0 -71.35072599999999,41.633911,0 -71.325558,41.624137,0 -71.337048,41.594688,0 -71.326103,41.578583,0 -71.304046,41.618777,0 -71.343666,41.6399,0 -71.34889800000001,41.665324,0 
									</coordinates>
								</LinearRing>
							</outerBoundaryIs>
						</Polygon>
					</Placemark>
					<Placemark id="5C7726A3FC00064E">
						<name>Atlantica</name>
						<description>See: 2050-snapshot/domains/borders-geopolitics.md#atlantica</description>
						<styleUrl>#__managed_style_574E0A13EB3F8CDEB5E3</styleUrl>
						<Polygon>
							<outerBoundaryIs>
								<LinearRing>
									<coordinates>
										-71.27212900000001,41.637064,0 -71.281571,41.648207,0 -71.288158,41.642948,0 -71.27212900000001,41.637064,0 
									</coordinates>
								</LinearRing>
							</outerBoundaryIs>
						</Polygon>
					</Placemark>
					<Placemark id="5C7726A3FC00064F">
						<name>Atlantica</name>
						<description>See: 2050-snapshot/domains/borders-geopolitics.md#atlantica</description>
						<styleUrl>#__managed_style_574E0A13EB3F8CDEB5E3</styleUrl>
						<Polygon>
							<outerBoundaryIs>
								<LinearRing>
									<coordinates>
										-71.353398,41.657866,0 -71.367036,41.660703,0 -71.360006,41.649882,0 -71.353398,41.657866,0 
									</coordinates>
								</LinearRing>
							</outerBoundaryIs>
						</Polygon>
					</Placemark>
					<Placemark id="5C7726A3FC000650">
						<name>Atlantica</name>
						<description>See: 2050-snapshot/domains/borders-geopolitics.md#atlantica</description>
						<styleUrl>#__managed_style_574E0A13EB3F8CDEB5E3</styleUrl>
						<Polygon>
							<outerBoundaryIs>
								<LinearRing>
									<coordinates>
										-70.929357,42.303321,0 -70.95108,42.289726,0 -70.94902,42.285946,0 -70.937332,42.284916,0 -70.929357,42.303321,0 
									</coordinates>
								</LinearRing>
							</outerBoundaryIs>
						</Polygon>
					</Placemark>
					<Placemark id="5C7726A3FC000651">
						<name>Atlantica</name>
						<description>See: 2050-snapshot/domains/borders-geopolitics.md#atlantica</description>
						<styleUrl>#__managed_style_574E0A13EB3F8CDEB5E3</styleUrl>
						<Polygon>
							<outerBoundaryIs>
								<LinearRing>
									<coordinates>
										-70.95434,42.308587,0 -70.951492,42.313564,0 -70.958094,42.31165,0 -70.95434,42.308587,0 
									</coordinates>
								</LinearRing>
							</outerBoundaryIs>
						</Polygon>
					</Placemark>
					<Placemark id="5C7726A3FC000652">
						<name>Atlantica</name>
						<description>See: 2050-snapshot/domains/borders-geopolitics.md#atlantica</description>
						<styleUrl>#__managed_style_574E0A13EB3F8CDEB5E3</styleUrl>
						<Polygon>
							<outerBoundaryIs>
								<LinearRing>
									<coordinates>
										-71.006364,42.320911,0 -71.017179,42.311751,0 -71.011487,42.309299,0 -70.999534,42.31992,0 -71.006364,42.320911,0 
									</coordinates>
								</LinearRing>
							</outerBoundaryIs>
						</Polygon>
					</Placemark>
					<Placemark id="5C7726A3FC000653">
						<name>Atlantica</name>
						<description>See: 2050-snapshot/domains/borders-geopolitics.md#atlantica</description>
						<styleUrl>#__managed_style_574E0A13EB3F8CDEB5E3</styleUrl>
						<Polygon>
							<outerBoundaryIs>
								<LinearRing>
									<coordinates>
										-70.92596899999999,42.321909,0 -70.93076000000001,42.319027,0 -70.925308,42.317223,0 -70.92596899999999,42.321909,0 
									</coordinates>
								</LinearRing>
							</outerBoundaryIs>
						</Polygon>
					</Placemark>
					<Placemark id="5C7726A3FC000654">
						<name>Atlantica</name>
						<description>See: 2050-snapshot/domains/borders-geopolitics.md#atlantica</description>
						<styleUrl>#__managed_style_574E0A13EB3F8CDEB5E3</styleUrl>
						<Polygon>
							<outerBoundaryIs>
								<LinearRing>
									<coordinates>
										-70.97721900000001,42.310249,0 -70.965732,42.313469,0 -70.957268,42.331661,0 -70.97721900000001,42.310249,0 
									</coordinates>
								</LinearRing>
							</outerBoundaryIs>
						</Polygon>
					</Placemark>
					<Placemark id="5C7726A3FC000655">
						<name>Atlantica</name>
						<description>See: 2050-snapshot/domains/borders-geopolitics.md#atlantica</description>
						<styleUrl>#__managed_style_574E0A13EB3F8CDEB5E3</styleUrl>
						<Polygon>
							<outerBoundaryIs>
								<LinearRing>
									<coordinates>
										-70.98877400000001,42.319212,0 -70.98398400000001,42.321317,0 -70.99162099999999,42.326294,0 -70.98877400000001,42.319212,0 
									</coordinates>
								</LinearRing>
							</outerBoundaryIs>
						</Polygon>
					</Placemark>
					<Placemark id="5C7726A3FC000656">
						<name>Atlantica</name>
						<description>See: 2050-snapshot/domains/borders-geopolitics.md#atlantica</description>
						<styleUrl>#__managed_style_574E0A13EB3F8CDEB5E3</styleUrl>
						<Polygon>
							<outerBoundaryIs>
								<LinearRing>
									<coordinates>
										-70.940749,42.328139,0 -70.939854,42.324245,0 -70.93494699999999,42.326807,0 -70.940749,42.328139,0 
									</coordinates>
								</LinearRing>
							</outerBoundaryIs>
						</Polygon>
					</Placemark>
					<Placemark id="5C7726A3FC000657">
						<name>Atlantica</name>
						<description>See: 2050-snapshot/domains/borders-geopolitics.md#atlantica</description>
						<styleUrl>#__managed_style_574E0A13EB3F8CDEB5E3</styleUrl>
						<Polygon>
							<outerBoundaryIs>
								<LinearRing>
									<coordinates>
										-70.891952,42.327231,0 -70.888954,42.328902,0 -70.892296,42.328394,0 -70.891952,42.327231,0 
									</coordinates>
								</LinearRing>
							</outerBoundaryIs>
						</Polygon>
					</Placemark>
					<Placemark id="5C7726A3FC000658">
						<name>Atlantica</name>
						<description>See: 2050-snapshot/domains/borders-geopolitics.md#atlantica</description>
						<styleUrl>#__managed_style_574E0A13EB3F8CDEB5E3</styleUrl>
						<Polygon>
							<outerBoundaryIs>
								<LinearRing>
									<coordinates>
										-70.929717,42.333973,0 -70.925883,42.324944,0 -70.92259799999999,42.326144,0 -70.929717,42.333973,0 
									</coordinates>
								</LinearRing>
							</outerBoundaryIs>
						</Polygon>
					</Placemark>
					<Placemark id="5C7726A3FC000659">
						<name>Atlantica</name>
						<description>See: 2050-snapshot/domains/borders-geopolitics.md#atlantica</description>
						<styleUrl>#__managed_style_574E0A13EB3F8CDEB5E3</styleUrl>
						<Polygon>
							<outerBoundaryIs>
								<LinearRing>
									<coordinates>
										-70.894065,42.33498,0 -70.897063,42.333952,0 -70.89858599999999,42.330501,0 -70.894065,42.33498,0 
									</coordinates>
								</LinearRing>
							</outerBoundaryIs>
						</Polygon>
					</Placemark>
					<Placemark id="5C7726A3FC00065A">
						<name>Atlantica</name>
						<description>See: 2050-snapshot/domains/borders-geopolitics.md#atlantica</description>
						<styleUrl>#__managed_style_574E0A13EB3F8CDEB5E3</styleUrl>
						<Polygon>
							<outerBoundaryIs>
								<LinearRing>
									<coordinates>
										-70.887529,42.338202,0 -70.886251,42.339946,0 -70.89180399999999,42.338129,0 -70.887529,42.338202,0 
									</coordinates>
								</LinearRing>
							</outerBoundaryIs>
						</Polygon>
					</Placemark>
					<Placemark id="5C7726A3FC00065B">
						<name>Atlantica</name>
						<description>See: 2050-snapshot/domains/borders-geopolitics.md#atlantica</description>
						<styleUrl>#__managed_style_574E0A13EB3F8CDEB5E3</styleUrl>
						<Polygon>
							<outerBoundaryIs>
								<LinearRing>
									<coordinates>
										-70.89840700000001,42.340266,0 -70.895156,42.338879,0 -70.8956,42.343892,0 -70.89840700000001,42.340266,0 
									</coordinates>
								</LinearRing>
							</outerBoundaryIs>
						</Polygon>
					</Placemark>
					<Placemark id="5C7726A3FC00065C">
						<name>Atlantica</name>
						<description>See: 2050-snapshot/domains/borders-geopolitics.md#atlantica</description>
						<styleUrl>#__managed_style_574E0A13EB3F8CDEB5E3</styleUrl>
						<Polygon>
							<outerBoundaryIs>
								<LinearRing>
									<coordinates>
										-70.87605000000001,42.341229,0 -70.880207,42.342307,0 -70.883352,42.340491,0 -70.87605000000001,42.341229,0 
									</coordinates>
								</LinearRing>
							</outerBoundaryIs>
						</Polygon>
					</Placemark>
					<Placemark id="5C7726A3FC00065D">
						<name>Atlantica</name>
						<description>See: 2050-snapshot/domains/borders-geopolitics.md#atlantica</description>
						<styleUrl>#__managed_style_574E0A13EB3F8CDEB5E3</styleUrl>
						<Polygon>
							<outerBoundaryIs>
								<LinearRing>
									<coordinates>
										-70.833465,42.481995,0 -70.83370499999999,42.485272,0 -70.83535500000001,42.482255,0 -70.833465,42.481995,0 
									</coordinates>
								</LinearRing>
							</outerBoundaryIs>
						</Polygon>
					</Placemark>
					<Placemark id="5C7726A3FC00065E">
						<name>Atlantica</name>
						<description>See: 2050-snapshot/domains/borders-geopolitics.md#atlantica</description>
						<styleUrl>#__managed_style_574E0A13EB3F8CDEB5E3</styleUrl>
						<Polygon>
							<outerBoundaryIs>
								<LinearRing>
									<coordinates>
										-70.812146,42.510327,0 -70.812062,42.511992,0 -70.81407,42.510401,0 -70.812146,42.510327,0 
									</coordinates>
								</LinearRing>
							</outerBoundaryIs>
						</Polygon>
					</Placemark>
					<Placemark id="5C7726A3FC00065F">
						<name>Atlantica</name>
						<description>See: 2050-snapshot/domains/borders-geopolitics.md#atlantica</description>
						<styleUrl>#__managed_style_574E0A13EB3F8CDEB5E3</styleUrl>
						<Polygon>
							<outerBoundaryIs>
								<LinearRing>
									<coordinates>
										-70.788239,42.536836,0 -70.782252,42.533716,0 -70.783006,42.535481,0 -70.788239,42.536836,0 
									</coordinates>
								</LinearRing>
							</outerBoundaryIs>
						</Polygon>
					</Placemark>
					<Placemark id="5C7726A3FC000660">
						<name>Atlantica</name>
						<description>See: 2050-snapshot/domains/borders-geopolitics.md#atlantica</description>
						<styleUrl>#__managed_style_574E0A13EB3F8CDEB5E3</styleUrl>
						<Polygon>
							<outerBoundaryIs>
								<LinearRing>
									<coordinates>
										-70.79666899999999,42.546459,0 -70.79938,42.551238,0 -70.80334000000001,42.548299,0 -70.79666899999999,42.546459,0 
									</coordinates>
								</LinearRing>
							</outerBoundaryIs>
						</Polygon>
					</Placemark>
					<Placemark id="5C7726A3FC000661">
						<name>Atlantica</name>
						<description>See: 2050-snapshot/domains/borders-geopolitics.md#atlantica</description>
						<styleUrl>#__managed_style_574E0A13EB3F8CDEB5E3</styleUrl>
						<Polygon>
							<outerBoundaryIs>
								<LinearRing>
									<coordinates>
										-70.781606,42.554016,0 -70.782303,42.551834,0 -70.78069499999999,42.553641,0 -70.781606,42.554016,0 
									</coordinates>
								</LinearRing>
							</outerBoundaryIs>
						</Polygon>
					</Placemark>
					<Placemark id="5C7726A3FC000662">
						<name>Atlantica</name>
						<description>See: 2050-snapshot/domains/borders-geopolitics.md#atlantica</description>
						<styleUrl>#__managed_style_574E0A13EB3F8CDEB5E3</styleUrl>
						<Polygon>
							<outerBoundaryIs>
								<LinearRing>
									<coordinates>
										-70.72122299999999,42.569933,0 -70.723736,42.567019,0 -70.72064,42.569659,0 -70.72122299999999,42.569933,0 
									</coordinates>
								</LinearRing>
							</outerBoundaryIs>
						</Polygon>
					</Placemark>
					<Placemark id="5C7726A3FC000663">
						<name>Atlantica</name>
						<description>See: 2050-snapshot/domains/borders-geopolitics.md#atlantica</description>
						<styleUrl>#__managed_style_574E0A13EB3F8CDEB5E3</styleUrl>
						<Polygon>
							<outerBoundaryIs>
								<LinearRing>
									<coordinates>
										-70.592189,42.629471,0 -70.588037,42.626413,0 -70.588245,42.630605,0 -70.592189,42.629471,0 
									</coordinates>
								</LinearRing>
							</outerBoundaryIs>
						</Polygon>
					</Placemark>
					<Placemark id="5C7726A3FC000664">
						<name>Atlantica</name>
						<description>See: 2050-snapshot/domains/borders-geopolitics.md#atlantica</description>
						<styleUrl>#__managed_style_574E0A13EB3F8CDEB5E3</styleUrl>
						<Polygon>
							<outerBoundaryIs>
								<LinearRing>
									<coordinates>
										-70.580285,42.636025,0 -70.573509,42.636376,0 -70.57337699999999,42.639507,0 -70.580285,42.636025,0 
									</coordinates>
								</LinearRing>
							</outerBoundaryIs>
						</Polygon>
					</Placemark>
					<Placemark id="5C7726A3FC000665">
						<name>Atlantica</name>
						<description>See: 2050-snapshot/domains/borders-geopolitics.md#atlantica</description>
						<styleUrl>#__managed_style_574E0A13EB3F8CDEB5E3</styleUrl>
						<Polygon>
							<outerBoundaryIs>
								<LinearRing>
									<coordinates>
										-70.590001,42.658981,0 -70.589252,42.662745,0 -70.593681,42.660455,0 -70.590001,42.658981,0 
									</coordinates>
								</LinearRing>
							</outerBoundaryIs>
						</Polygon>
					</Placemark>
					<Placemark id="5C7726A3FC000666">
						<name>Atlantica</name>
						<description>See: 2050-snapshot/domains/borders-geopolitics.md#atlantica</description>
						<styleUrl>#__managed_style_574E0A13EB3F8CDEB5E3</styleUrl>
						<Polygon>
							<outerBoundaryIs>
								<LinearRing>
									<coordinates>
										-70.626131,42.967704,0 -70.62248,42.968207,0 -70.62678200000001,42.969493,0 -70.626131,42.967704,0 
									</coordinates>
								</LinearRing>
							</outerBoundaryIs>
						</Polygon>
					</Placemark>
					<Placemark id="5C7726A3FC000667">
						<name>Atlantica</name>
						<description>See: 2050-snapshot/domains/borders-geopolitics.md#atlantica</description>
						<styleUrl>#__managed_style_574E0A13EB3F8CDEB5E3</styleUrl>
						<Polygon>
							<outerBoundaryIs>
								<LinearRing>
									<coordinates>
										-70.627759,42.975383,0 -70.624278,42.976661,0 -70.626852,42.978155,0 -70.627759,42.975383,0 
									</coordinates>
								</LinearRing>
							</outerBoundaryIs>
						</Polygon>
					</Placemark>
					<Placemark id="5C7726A3FC000668">
						<name>Atlantica</name>
						<description>See: 2050-snapshot/domains/borders-geopolitics.md#atlantica</description>
						<styleUrl>#__managed_style_574E0A13EB3F8CDEB5E3</styleUrl>
						<Polygon>
							<outerBoundaryIs>
								<LinearRing>
									<coordinates>
										-70.614566,42.978599,0 -70.617025,42.977182,0 -70.61062099999999,42.976407,0 -70.614566,42.978599,0 
									</coordinates>
								</LinearRing>
							</outerBoundaryIs>
						</Polygon>
					</Placemark>
					<Placemark id="5C7726A3FC000669">
						<name>Atlantica</name>
						<description>See: 2050-snapshot/domains/borders-geopolitics.md#atlantica</description>
						<styleUrl>#__managed_style_574E0A13EB3F8CDEB5E3</styleUrl>
						<Polygon>
							<outerBoundaryIs>
								<LinearRing>
									<coordinates>
										-70.602766,42.983383,0 -70.618523,42.985657,0 -70.601349,42.981083,0 -70.602766,42.983383,0 
									</coordinates>
								</LinearRing>
							</outerBoundaryIs>
						</Polygon>
					</Placemark>
					<Placemark id="5C7726A3FC00066A">
						<name>Atlantica</name>
						<description>See: 2050-snapshot/domains/borders-geopolitics.md#atlantica</description>
						<styleUrl>#__managed_style_574E0A13EB3F8CDEB5E3</styleUrl>
						<Polygon>
							<outerBoundaryIs>
								<LinearRing>
									<coordinates>
										-70.234675,43.537303,0 -70.23800199999999,43.547295,0 -70.245499,43.539635,0 -70.234675,43.537303,0 
									</coordinates>
								</LinearRing>
							</outerBoundaryIs>
						</Polygon>
					</Placemark>
					<Placemark id="5C7726A3FC00066B">
						<name>Atlantica</name>
						<description>See: 2050-snapshot/domains/borders-geopolitics.md#atlantica</description>
						<styleUrl>#__managed_style_574E0A13EB3F8CDEB5E3</styleUrl>
						<Polygon>
							<outerBoundaryIs>
								<LinearRing>
									<coordinates>
										-70.20342599999999,43.647186,0 -70.205934,43.633633,0 -70.190704,43.645582,0 -70.20342599999999,43.647186,0 
									</coordinates>
								</LinearRing>
							</outerBoundaryIs>
						</Polygon>
					</Placemark>
					<Placemark id="5C7726A3FC00066C">
						<name>Atlantica</name>
						<description>See: 2050-snapshot/domains/borders-geopolitics.md#atlantica</description>
						<styleUrl>#__managed_style_574E0A13EB3F8CDEB5E3</styleUrl>
						<Polygon>
							<outerBoundaryIs>
								<LinearRing>
									<coordinates>
										-70.179592,43.655384,0 -70.183098,43.675157,0 -70.200686,43.662951,0 -70.201162,43.651945,0 -70.179592,43.655384,0 
									</coordinates>
								</LinearRing>
							</outerBoundaryIs>
						</Polygon>
					</Placemark>
					<Placemark id="5C7726A3FC00066D">
						<name>Atlantica</name>
						<description>See: 2050-snapshot/domains/borders-geopolitics.md#atlantica</description>
						<styleUrl>#__managed_style_574E0A13EB3F8CDEB5E3</styleUrl>
						<Polygon>
							<outerBoundaryIs>
								<LinearRing>
									<coordinates>
										-70.196535,43.688784,0 -70.210825,43.661695,0 -70.182147,43.694923,0 -70.196535,43.688784,0 
									</coordinates>
								</LinearRing>
							</outerBoundaryIs>
						</Polygon>
					</Placemark>
					<Placemark id="5C7726A3FC00066E">
						<name>Atlantica</name>
						<description>See: 2050-snapshot/domains/borders-geopolitics.md#atlantica</description>
						<styleUrl>#__managed_style_574E0A13EB3F8CDEB5E3</styleUrl>
						<Polygon>
							<outerBoundaryIs>
								<LinearRing>
									<coordinates>
										-70.171339,43.687546,0 -70.151724,43.681689,0 -70.133661,43.702312,0 -70.171339,43.687546,0 
									</coordinates>
								</LinearRing>
							</outerBoundaryIs>
						</Polygon>
					</Placemark>
					<Placemark id="5C7726A3FC00066F">
						<name>Atlantica</name>
						<description>See: 2050-snapshot/domains/borders-geopolitics.md#atlantica</description>
						<styleUrl>#__managed_style_574E0A13EB3F8CDEB5E3</styleUrl>
						<Polygon>
							<outerBoundaryIs>
								<LinearRing>
									<coordinates>
										-70.1467,43.708891,0 -70.148976,43.714554,0 -70.153183,43.712642,0 -70.1467,43.708891,0 
									</coordinates>
								</LinearRing>
							</outerBoundaryIs>
						</Polygon>
					</Placemark>
					<Placemark id="5C7726A3FC000670">
						<name>Atlantica</name>
						<description>See: 2050-snapshot/domains/borders-geopolitics.md#atlantica</description>
						<styleUrl>#__managed_style_574E0A13EB3F8CDEB5E3</styleUrl>
						<Polygon>
							<outerBoundaryIs>
								<LinearRing>
									<coordinates>
										-70.197121,43.711247,0 -70.192843,43.71348,0 -70.190466,43.722241,0 -70.197121,43.711247,0 
									</coordinates>
								</LinearRing>
							</outerBoundaryIs>
						</Polygon>
					</Placemark>
					<Placemark id="5C7726A3FC000671">
						<name>Atlantica</name>
						<description>See: 2050-snapshot/domains/borders-geopolitics.md#atlantica</description>
						<styleUrl>#__managed_style_574E0A13EB3F8CDEB5E3</styleUrl>
						<Polygon>
							<outerBoundaryIs>
								<LinearRing>
									<coordinates>
										-70.188565,43.73684,0 -70.179771,43.739244,0 -70.184287,43.742506,0 -70.188565,43.73684,0 
									</coordinates>
								</LinearRing>
							</outerBoundaryIs>
						</Polygon>
					</Placemark>
					<Placemark id="5C7726A3FC000672">
						<name>Atlantica</name>
						<description>See: 2050-snapshot/domains/borders-geopolitics.md#atlantica</description>
						<styleUrl>#__managed_style_574E0A13EB3F8CDEB5E3</styleUrl>
						<Polygon>
							<outerBoundaryIs>
								<LinearRing>
									<coordinates>
										-70.100495,41.240553,0 -70.001603,41.239916,0 -69.96018100000001,41.264546,0 -70.02038,41.369006,0 -70.049053,41.391702,0 -70.02403099999999,41.368613,0 -70.03133200000001,41.339332,0 -70.082072,41.299093,0 -70.19911500000001,41.29619,0 -70.20173,41.276544,0 -70.237144,41.285117,0 -70.170356,41.257428,0 -70.100495,41.240553,0 
									</coordinates>
								</LinearRing>
							</outerBoundaryIs>
						</Polygon>
					</Placemark>
					<Placemark id="5C7726A3FC000673">
						<name>Atlantica</name>
						<description>See: 2050-snapshot/domains/borders-geopolitics.md#atlantica</description>
						<styleUrl>#__managed_style_574E0A13EB3F8CDEB5E3</styleUrl>
						<Polygon>
							<outerBoundaryIs>
								<LinearRing>
									<coordinates>
										-70.096039,43.672276,0 -70.09285,43.687836,0 -70.10122699999999,43.675468,0 -70.096039,43.672276,0 
									</coordinates>
								</LinearRing>
							</outerBoundaryIs>
						</Polygon>
					</Placemark>
					<Placemark id="5C7726A3FC000674">
						<name>Atlantica</name>
						<description>See: 2050-snapshot/domains/borders-geopolitics.md#atlantica</description>
						<styleUrl>#__managed_style_574E0A13EB3F8CDEB5E3</styleUrl>
						<Polygon>
							<outerBoundaryIs>
								<LinearRing>
									<coordinates>
										-70.093704,43.6918,0 -70.100683,43.705962,0 -70.118291,43.683343,0 -70.093704,43.6918,0 
									</coordinates>
								</LinearRing>
							</outerBoundaryIs>
						</Polygon>
					</Placemark>
					<Placemark id="5C7726A3FC000675">
						<name>Atlantica</name>
						<description>See: 2050-snapshot/domains/borders-geopolitics.md#atlantica</description>
						<styleUrl>#__managed_style_574E0A13EB3F8CDEB5E3</styleUrl>
						<Polygon>
							<outerBoundaryIs>
								<LinearRing>
									<coordinates>
										-70.111794,43.710044,0 -70.115835,43.7097,0 -70.122252,43.700078,0 -70.111794,43.710044,0 
									</coordinates>
								</LinearRing>
							</outerBoundaryIs>
						</Polygon>
					</Placemark>
					<Placemark id="5C7726A3FC000676">
						<name>Atlantica</name>
						<description>See: 2050-snapshot/domains/borders-geopolitics.md#atlantica</description>
						<styleUrl>#__managed_style_574E0A13EB3F8CDEB5E3</styleUrl>
						<Polygon>
							<outerBoundaryIs>
								<LinearRing>
									<coordinates>
										-69.757176,43.703343,0 -69.754324,43.710044,0 -69.76002800000001,43.705577,0 -69.757176,43.703343,0 
									</coordinates>
								</LinearRing>
							</outerBoundaryIs>
						</Polygon>
					</Placemark>
					<Placemark id="5C7726A3FC000677">
						<name>Atlantica</name>
						<description>See: 2050-snapshot/domains/borders-geopolitics.md#atlantica</description>
						<styleUrl>#__managed_style_574E0A13EB3F8CDEB5E3</styleUrl>
						<Polygon>
							<outerBoundaryIs>
								<LinearRing>
									<coordinates>
										-70.071304,43.713772,0 -70.081609,43.712621,0 -70.079285,43.706989,0 -70.071304,43.713772,0 
									</coordinates>
								</LinearRing>
							</outerBoundaryIs>
						</Polygon>
					</Placemark>
					<Placemark id="5C7726A3FC000678">
						<name>Atlantica</name>
						<description>See: 2050-snapshot/domains/borders-geopolitics.md#atlantica</description>
						<styleUrl>#__managed_style_574E0A13EB3F8CDEB5E3</styleUrl>
						<Polygon>
							<outerBoundaryIs>
								<LinearRing>
									<coordinates>
										-70.083748,43.720523,0 -70.081609,43.716057,0 -70.079707,43.720867,0 -70.083748,43.720523,0 
									</coordinates>
								</LinearRing>
							</outerBoundaryIs>
						</Polygon>
					</Placemark>
					<Placemark id="5C7726A3FC000679">
						<name>Atlantica</name>
						<description>See: 2050-snapshot/domains/borders-geopolitics.md#atlantica</description>
						<styleUrl>#__managed_style_574E0A13EB3F8CDEB5E3</styleUrl>
						<Polygon>
							<outerBoundaryIs>
								<LinearRing>
									<coordinates>
										-70.031221,43.714683,0 -70.02884400000001,43.726363,0 -70.03621200000001,43.712621,0 -70.031221,43.714683,0 
									</coordinates>
								</LinearRing>
							</outerBoundaryIs>
						</Polygon>
					</Placemark>
					<Placemark id="5C7726A3FC00067A">
						<name>Atlantica</name>
						<description>See: 2050-snapshot/domains/borders-geopolitics.md#atlantica</description>
						<styleUrl>#__managed_style_574E0A13EB3F8CDEB5E3</styleUrl>
						<Polygon>
							<outerBoundaryIs>
								<LinearRing>
									<coordinates>
										-70.049047,43.722756,0 -70.04667000000001,43.72018,0 -70.042867,43.728253,0 -70.049047,43.722756,0 
									</coordinates>
								</LinearRing>
							</outerBoundaryIs>
						</Polygon>
					</Placemark>
					<Placemark id="5C7726A3FC00067B">
						<name>Atlantica</name>
						<description>See: 2050-snapshot/domains/borders-geopolitics.md#atlantica</description>
						<styleUrl>#__managed_style_574E0A13EB3F8CDEB5E3</styleUrl>
						<Polygon>
							<outerBoundaryIs>
								<LinearRing>
									<coordinates>
										-70.09587000000001,43.721554,0 -70.08541200000001,43.730829,0 -70.096107,43.72413,0 -70.09587000000001,43.721554,0 
									</coordinates>
								</LinearRing>
							</outerBoundaryIs>
						</Polygon>
					</Placemark>
					<Placemark id="5C7726A3FC00067C">
						<name>Atlantica</name>
						<description>See: 2050-snapshot/domains/borders-geopolitics.md#atlantica</description>
						<styleUrl>#__managed_style_574E0A13EB3F8CDEB5E3</styleUrl>
						<Polygon>
							<outerBoundaryIs>
								<LinearRing>
									<coordinates>
										-69.939009,43.723825,0 -69.937337,43.730829,0 -69.941532,43.730068,0 -69.939009,43.723825,0 
									</coordinates>
								</LinearRing>
							</outerBoundaryIs>
						</Polygon>
					</Placemark>
					<Placemark id="5C7726A3FC00067D">
						<name>Atlantica</name>
						<description>See: 2050-snapshot/domains/borders-geopolitics.md#atlantica</description>
						<styleUrl>#__managed_style_574E0A13EB3F8CDEB5E3</styleUrl>
						<Polygon>
							<outerBoundaryIs>
								<LinearRing>
									<coordinates>
										-70.138137,43.727555,0 -70.128147,43.708562,0 -70.10733399999999,43.725414,0 -70.097829,43.758502,0 -70.138137,43.727555,0 
									</coordinates>
								</LinearRing>
							</outerBoundaryIs>
						</Polygon>
					</Placemark>
					<Placemark id="5C7726A3FC00067E">
						<name>Atlantica</name>
						<description>See: 2050-snapshot/domains/borders-geopolitics.md#atlantica</description>
						<styleUrl>#__managed_style_574E0A13EB3F8CDEB5E3</styleUrl>
						<Polygon>
							<outerBoundaryIs>
								<LinearRing>
									<coordinates>
										-70.046165,43.757259,0 -70.06123599999999,43.746285,0 -70.061325,43.7421,0 -70.046165,43.757259,0 
									</coordinates>
								</LinearRing>
							</outerBoundaryIs>
						</Polygon>
					</Placemark>
					<Placemark id="5C7726A3FC00067F">
						<name>Atlantica</name>
						<description>See: 2050-snapshot/domains/borders-geopolitics.md#atlantica</description>
						<styleUrl>#__managed_style_574E0A13EB3F8CDEB5E3</styleUrl>
						<Polygon>
							<outerBoundaryIs>
								<LinearRing>
									<coordinates>
										-69.313631,43.772762,0 -69.322559,43.755883,0 -69.314325,43.756707,0 -69.300376,43.772144,0 -69.313631,43.772762,0 
									</coordinates>
								</LinearRing>
							</outerBoundaryIs>
						</Polygon>
					</Placemark>
					<Placemark id="5C7726A3FC000680">
						<name>Atlantica</name>
						<description>See: 2050-snapshot/domains/borders-geopolitics.md#atlantica</description>
						<styleUrl>#__managed_style_574E0A13EB3F8CDEB5E3</styleUrl>
						<Polygon>
							<outerBoundaryIs>
								<LinearRing>
									<coordinates>
										-70.141504,43.749546,0 -70.12201399999999,43.760877,0 -70.133898,43.763967,0 -70.12653,43.779585,0 -70.145545,43.775809,0 -70.160281,43.749718,0 -70.141504,43.749546,0 
									</coordinates>
								</LinearRing>
							</outerBoundaryIs>
						</Polygon>
					</Placemark>
					<Placemark id="5C7726A3FC000681">
						<name>Atlantica</name>
						<description>See: 2050-snapshot/domains/borders-geopolitics.md#atlantica</description>
						<styleUrl>#__managed_style_574E0A13EB3F8CDEB5E3</styleUrl>
						<Polygon>
							<outerBoundaryIs>
								<LinearRing>
									<coordinates>
										-70.05498900000001,43.770661,0 -70.05926700000001,43.765512,0 -70.062594,43.759675,0 -70.05498900000001,43.770661,0 
									</coordinates>
								</LinearRing>
							</outerBoundaryIs>
						</Polygon>
					</Placemark>
					<Placemark id="5C7726A3FC000682">
						<name>Atlantica</name>
						<description>See: 2050-snapshot/domains/borders-geopolitics.md#atlantica</description>
						<styleUrl>#__managed_style_574E0A13EB3F8CDEB5E3</styleUrl>
						<Polygon>
							<outerBoundaryIs>
								<LinearRing>
									<coordinates>
										-69.618846,43.757444,0 -69.613956,43.751084,0 -69.60933900000001,43.762079,0 -69.605299,43.780271,0 -69.618846,43.757444,0 
									</coordinates>
								</LinearRing>
							</outerBoundaryIs>
						</Polygon>
					</Placemark>
					<Placemark id="5C7726A3FC000683">
						<name>Atlantica</name>
						<description>See: 2050-snapshot/domains/borders-geopolitics.md#atlantica</description>
						<styleUrl>#__managed_style_574E0A13EB3F8CDEB5E3</styleUrl>
						<Polygon>
							<outerBoundaryIs>
								<LinearRing>
									<coordinates>
										-69.581531,43.771862,0 -69.58292400000001,43.779096,0 -69.58818599999999,43.770489,0 -69.581531,43.771862,0 
									</coordinates>
								</LinearRing>
							</outerBoundaryIs>
						</Polygon>
					</Placemark>
					<Placemark id="5C7726A3FC000684">
						<name>Atlantica</name>
						<description>See: 2050-snapshot/domains/borders-geopolitics.md#atlantica</description>
						<styleUrl>#__managed_style_574E0A13EB3F8CDEB5E3</styleUrl>
						<Polygon>
							<outerBoundaryIs>
								<LinearRing>
									<coordinates>
										-70.089653,43.785187,0 -70.11464599999999,43.780615,0 -70.10202,43.77681,0 -70.089653,43.785187,0 
									</coordinates>
								</LinearRing>
							</outerBoundaryIs>
						</Polygon>
					</Placemark>
					<Placemark id="5C7726A3FC000685">
						<name>Atlantica</name>
						<description>See: 2050-snapshot/domains/borders-geopolitics.md#atlantica</description>
						<styleUrl>#__managed_style_574E0A13EB3F8CDEB5E3</styleUrl>
						<Polygon>
							<outerBoundaryIs>
								<LinearRing>
									<coordinates>
										-70.07186400000001,43.780271,0 -70.07162599999999,43.787478,0 -70.074478,43.779928,0 -70.07186400000001,43.780271,0 
									</coordinates>
								</LinearRing>
							</outerBoundaryIs>
						</Polygon>
					</Placemark>
					<Placemark id="5C7726A3FC000686">
						<name>Atlantica</name>
						<description>See: 2050-snapshot/domains/borders-geopolitics.md#atlantica</description>
						<styleUrl>#__managed_style_574E0A13EB3F8CDEB5E3</styleUrl>
						<Polygon>
							<outerBoundaryIs>
								<LinearRing>
									<coordinates>
										-70.124917,43.790768,0 -70.123434,43.793907,0 -70.131902,43.790825,0 -70.124917,43.790768,0 
									</coordinates>
								</LinearRing>
							</outerBoundaryIs>
						</Polygon>
					</Placemark>
					<Placemark id="5C7726A3FC000687">
						<name>Atlantica</name>
						<description>See: 2050-snapshot/domains/borders-geopolitics.md#atlantica</description>
						<styleUrl>#__managed_style_574E0A13EB3F8CDEB5E3</styleUrl>
						<Polygon>
							<outerBoundaryIs>
								<LinearRing>
									<coordinates>
										-70.04880900000001,43.792969,0 -70.04656199999999,43.781998,0 -70.039064,43.785076,0 -70.027016,43.809128,0 -70.04880900000001,43.792969,0 
									</coordinates>
								</LinearRing>
							</outerBoundaryIs>
						</Polygon>
					</Placemark>
					<Placemark id="5C7726A3FC000688">
						<name>Atlantica</name>
						<description>See: 2050-snapshot/domains/borders-geopolitics.md#atlantica</description>
						<styleUrl>#__managed_style_574E0A13EB3F8CDEB5E3</styleUrl>
						<Polygon>
							<outerBoundaryIs>
								<LinearRing>
									<coordinates>
										-69.59389,43.80412,0 -69.603025,43.790295,0 -69.598848,43.79391,0 -69.59389,43.80412,0 
									</coordinates>
								</LinearRing>
							</outerBoundaryIs>
						</Polygon>
					</Placemark>
					<Placemark id="5C7726A3FC000689">
						<name>Atlantica</name>
						<description>See: 2050-snapshot/domains/borders-geopolitics.md#atlantica</description>
						<styleUrl>#__managed_style_574E0A13EB3F8CDEB5E3</styleUrl>
						<Polygon>
							<outerBoundaryIs>
								<LinearRing>
									<coordinates>
										-70.078281,43.795371,0 -70.069963,43.796743,0 -70.070913,43.803262,0 -70.078281,43.795371,0 
									</coordinates>
								</LinearRing>
							</outerBoundaryIs>
						</Polygon>
					</Placemark>
					<Placemark id="5C7726A3FC00068A">
						<name>Atlantica</name>
						<description>See: 2050-snapshot/domains/borders-geopolitics.md#atlantica</description>
						<styleUrl>#__managed_style_574E0A13EB3F8CDEB5E3</styleUrl>
						<Polygon>
							<outerBoundaryIs>
								<LinearRing>
									<coordinates>
										-69.628789,43.81372,0 -69.63412700000001,43.803491,0 -69.626732,43.805159,0 -69.628789,43.81372,0 
									</coordinates>
								</LinearRing>
							</outerBoundaryIs>
						</Polygon>
					</Placemark>
					<Placemark id="5C7726A3FC00068B">
						<name>Atlantica</name>
						<description>See: 2050-snapshot/domains/borders-geopolitics.md#atlantica</description>
						<styleUrl>#__managed_style_574E0A13EB3F8CDEB5E3</styleUrl>
						<Polygon>
							<outerBoundaryIs>
								<LinearRing>
									<coordinates>
										-70.014346,43.823157,0 -70.018861,43.814582,0 -70.004125,43.814925,0 -69.999847,43.829502,0 -70.014346,43.823157,0 
									</coordinates>
								</LinearRing>
							</outerBoundaryIs>
						</Polygon>
					</Placemark>
					<Placemark id="5C7726A3FC00068C">
						<name>Atlantica</name>
						<description>See: 2050-snapshot/domains/borders-geopolitics.md#atlantica</description>
						<styleUrl>#__managed_style_574E0A13EB3F8CDEB5E3</styleUrl>
						<Polygon>
							<outerBoundaryIs>
								<LinearRing>
									<coordinates>
										-69.99034,43.831902,0 -69.986537,43.84356,0 -69.99747000000001,43.832931,0 -69.99034,43.831902,0 
									</coordinates>
								</LinearRing>
							</outerBoundaryIs>
						</Polygon>
					</Placemark>
					<Placemark id="5C7726A3FC00068D">
						<name>Atlantica</name>
						<description>See: 2050-snapshot/domains/borders-geopolitics.md#atlantica</description>
						<styleUrl>#__managed_style_574E0A13EB3F8CDEB5E3</styleUrl>
						<Polygon>
							<outerBoundaryIs>
								<LinearRing>
									<coordinates>
										-69.321031,43.856708,0 -69.308262,43.866571,0 -69.31856500000001,43.879711,0 -69.321031,43.856708,0 
									</coordinates>
								</LinearRing>
							</outerBoundaryIs>
						</Polygon>
					</Placemark>
					<Placemark id="5C7726A3FC00068E">
						<name>Atlantica</name>
						<description>See: 2050-snapshot/domains/borders-geopolitics.md#atlantica</description>
						<styleUrl>#__managed_style_574E0A13EB3F8CDEB5E3</styleUrl>
						<Polygon>
							<outerBoundaryIs>
								<LinearRing>
									<coordinates>
										-69.295602,43.87595,0 -69.298216,43.864984,0 -69.28348,43.873723,0 -69.295602,43.87595,0 
									</coordinates>
								</LinearRing>
							</outerBoundaryIs>
						</Polygon>
					</Placemark>
					<Placemark id="5C7726A3FC00068F">
						<name>Atlantica</name>
						<description>See: 2050-snapshot/domains/borders-geopolitics.md#atlantica</description>
						<styleUrl>#__managed_style_574E0A13EB3F8CDEB5E3</styleUrl>
						<Polygon>
							<outerBoundaryIs>
								<LinearRing>
									<coordinates>
										-69.12055100000001,43.871667,0 -69.118938,43.898262,0 -69.12791900000001,43.894965,0 -69.13247,43.871263,0 -69.12055100000001,43.871667,0 
									</coordinates>
								</LinearRing>
							</outerBoundaryIs>
						</Polygon>
					</Placemark>
					<Placemark id="5C7726A3FC000690">
						<name>Atlantica</name>
						<description>See: 2050-snapshot/domains/borders-geopolitics.md#atlantica</description>
						<styleUrl>#__managed_style_574E0A13EB3F8CDEB5E3</styleUrl>
						<Polygon>
							<outerBoundaryIs>
								<LinearRing>
									<coordinates>
										-69.31414100000001,43.895307,0 -69.31410099999999,43.902272,0 -69.322935,43.901644,0 -69.31414100000001,43.895307,0 
									</coordinates>
								</LinearRing>
							</outerBoundaryIs>
						</Polygon>
					</Placemark>
					<Placemark id="5C7726A3FC000691">
						<name>Atlantica</name>
						<description>See: 2050-snapshot/domains/borders-geopolitics.md#atlantica</description>
						<styleUrl>#__managed_style_574E0A13EB3F8CDEB5E3</styleUrl>
						<Polygon>
							<outerBoundaryIs>
								<LinearRing>
									<coordinates>
										-69.012882,43.900959,0 -69.005195,43.904064,0 -69.014546,43.908665,0 -69.012882,43.900959,0 
									</coordinates>
								</LinearRing>
							</outerBoundaryIs>
						</Polygon>
					</Placemark>
					<Placemark id="5C7726A3FC000692">
						<name>Atlantica</name>
						<description>See: 2050-snapshot/domains/borders-geopolitics.md#atlantica</description>
						<styleUrl>#__managed_style_574E0A13EB3F8CDEB5E3</styleUrl>
						<Polygon>
							<outerBoundaryIs>
								<LinearRing>
									<coordinates>
										-69.37166000000001,43.914487,0 -69.38471699999999,43.909183,0 -69.383544,43.89565,0 -69.37166000000001,43.914487,0 
									</coordinates>
								</LinearRing>
							</outerBoundaryIs>
						</Polygon>
					</Placemark>
					<Placemark id="5C7726A3FC000693">
						<name>Atlantica</name>
						<description>See: 2050-snapshot/domains/borders-geopolitics.md#atlantica</description>
						<styleUrl>#__managed_style_574E0A13EB3F8CDEB5E3</styleUrl>
						<Polygon>
							<outerBoundaryIs>
								<LinearRing>
									<coordinates>
										-69.307237,43.908693,0 -69.307401,43.91811,0 -69.30986300000001,43.906268,0 -69.307237,43.908693,0 
									</coordinates>
								</LinearRing>
							</outerBoundaryIs>
						</Polygon>
					</Placemark>
					<Placemark id="5C7726A3FC000694">
						<name>Atlantica</name>
						<description>See: 2050-snapshot/domains/borders-geopolitics.md#atlantica</description>
						<styleUrl>#__managed_style_574E0A13EB3F8CDEB5E3</styleUrl>
						<Polygon>
							<outerBoundaryIs>
								<LinearRing>
									<coordinates>
										-69.035462,43.911405,0 -69.037601,43.916199,0 -69.037601,43.913459,0 -69.035462,43.911405,0 
									</coordinates>
								</LinearRing>
							</outerBoundaryIs>
						</Polygon>
					</Placemark>
					<Placemark id="5C7726A3FC000695">
						<name>Atlantica</name>
						<description>See: 2050-snapshot/domains/borders-geopolitics.md#atlantica</description>
						<styleUrl>#__managed_style_574E0A13EB3F8CDEB5E3</styleUrl>
						<Polygon>
							<outerBoundaryIs>
								<LinearRing>
									<coordinates>
										-69.422558,43.917004,0 -69.426801,43.924416,0 -69.427277,43.912261,0 -69.422558,43.917004,0 
									</coordinates>
								</LinearRing>
							</outerBoundaryIs>
						</Polygon>
					</Placemark>
					<Placemark id="5C7726A3FC000696">
						<name>Atlantica</name>
						<description>See: 2050-snapshot/domains/borders-geopolitics.md#atlantica</description>
						<styleUrl>#__managed_style_574E0A13EB3F8CDEB5E3</styleUrl>
						<Polygon>
							<outerBoundaryIs>
								<LinearRing>
									<coordinates>
										-69.220195,43.914937,0 -69.222516,43.925444,0 -69.227507,43.916199,0 -69.220195,43.914937,0 
									</coordinates>
								</LinearRing>
							</outerBoundaryIs>
						</Polygon>
					</Placemark>
					<Placemark id="5C7726A3FC000697">
						<name>Atlantica</name>
						<description>See: 2050-snapshot/domains/borders-geopolitics.md#atlantica</description>
						<styleUrl>#__managed_style_574E0A13EB3F8CDEB5E3</styleUrl>
						<Polygon>
							<outerBoundaryIs>
								<LinearRing>
									<coordinates>
										-69.340576,43.933846,0 -69.343138,43.934858,0 -69.34646499999999,43.922533,0 -69.340576,43.933846,0 
									</coordinates>
								</LinearRing>
							</outerBoundaryIs>
						</Polygon>
					</Placemark>
					<Placemark id="5C7726A3FC000698">
						<name>Atlantica</name>
						<description>See: 2050-snapshot/domains/borders-geopolitics.md#atlantica</description>
						<styleUrl>#__managed_style_574E0A13EB3F8CDEB5E3</styleUrl>
						<Polygon>
							<outerBoundaryIs>
								<LinearRing>
									<coordinates>
										-69.420146,43.935885,0 -69.432981,43.952143,0 -69.442519,43.909055,0 -69.420146,43.935885,0 
									</coordinates>
								</LinearRing>
							</outerBoundaryIs>
						</Polygon>
					</Placemark>
					<Placemark id="5C7726A3FC000699">
						<name>Atlantica</name>
						<description>See: 2050-snapshot/domains/borders-geopolitics.md#atlantica</description>
						<styleUrl>#__managed_style_574E0A13EB3F8CDEB5E3</styleUrl>
						<Polygon>
							<outerBoundaryIs>
								<LinearRing>
									<coordinates>
										-69.29298799999999,43.942389,0 -69.299336,43.932915,0 -69.28585699999999,43.931435,0 -69.29298799999999,43.942389,0 
									</coordinates>
								</LinearRing>
							</outerBoundaryIs>
						</Polygon>
					</Placemark>
					<Placemark id="5C7726A3FC00069A">
						<name>Atlantica</name>
						<description>See: 2050-snapshot/domains/borders-geopolitics.md#atlantica</description>
						<styleUrl>#__managed_style_574E0A13EB3F8CDEB5E3</styleUrl>
						<Polygon>
							<outerBoundaryIs>
								<LinearRing>
									<coordinates>
										-69.394828,43.964867,0 -69.38734599999999,43.965146,0 -69.38734599999999,43.967199,0 -69.394828,43.964867,0 
									</coordinates>
								</LinearRing>
							</outerBoundaryIs>
						</Polygon>
					</Placemark>
					<Placemark id="5C7726A3FC00069B">
						<name>Atlantica</name>
						<description>See: 2050-snapshot/domains/borders-geopolitics.md#atlantica</description>
						<styleUrl>#__managed_style_574E0A13EB3F8CDEB5E3</styleUrl>
						<Polygon>
							<outerBoundaryIs>
								<LinearRing>
									<coordinates>
										-69.07848199999999,43.973015,0 -69.07753099999999,43.984132,0 -69.08312599999999,43.981522,0 -69.07848199999999,43.973015,0 
									</coordinates>
								</LinearRing>
							</outerBoundaryIs>
						</Polygon>
					</Placemark>
					<Placemark id="5C7726A3FC00069C">
						<name>Atlantica</name>
						<description>See: 2050-snapshot/domains/borders-geopolitics.md#atlantica</description>
						<styleUrl>#__managed_style_574E0A13EB3F8CDEB5E3</styleUrl>
						<Polygon>
							<outerBoundaryIs>
								<LinearRing>
									<coordinates>
										-69.09630199999999,43.979293,0 -69.093118,43.97915,0 -69.066598,43.996957,0 -69.09630199999999,43.979293,0 
									</coordinates>
								</LinearRing>
							</outerBoundaryIs>
						</Polygon>
					</Placemark>
					<Placemark id="5C7726A3FC00069D">
						<name>Atlantica</name>
						<description>See: 2050-snapshot/domains/borders-geopolitics.md#atlantica</description>
						<styleUrl>#__managed_style_574E0A13EB3F8CDEB5E3</styleUrl>
						<Polygon>
							<outerBoundaryIs>
								<LinearRing>
									<coordinates>
										-69.042592,44.007044,0 -69.059467,44.007215,0 -69.054714,43.992853,0 -69.042592,44.007044,0 
									</coordinates>
								</LinearRing>
							</outerBoundaryIs>
						</Polygon>
					</Placemark>
					<Placemark id="5C7726A3FC00069E">
						<name>Atlantica</name>
						<description>See: 2050-snapshot/domains/borders-geopolitics.md#atlantica</description>
						<styleUrl>#__managed_style_574E0A13EB3F8CDEB5E3</styleUrl>
						<Polygon>
							<outerBoundaryIs>
								<LinearRing>
									<coordinates>
										-69.071589,44.004821,0 -69.06264899999999,44.014931,0 -69.073015,44.00807,0 -69.071589,44.004821,0 
									</coordinates>
								</LinearRing>
							</outerBoundaryIs>
						</Polygon>
					</Placemark>
					<Placemark id="5C7726A3FC00069F">
						<name>Atlantica</name>
						<description>See: 2050-snapshot/domains/borders-geopolitics.md#atlantica</description>
						<styleUrl>#__managed_style_574E0A13EB3F8CDEB5E3</styleUrl>
						<Polygon>
							<outerBoundaryIs>
								<LinearRing>
									<coordinates>
										-69.07228499999999,44.036616,0 -69.07135100000001,44.042933,0 -69.07539199999999,44.039003,0 -69.07228499999999,44.036616,0 
									</coordinates>
								</LinearRing>
							</outerBoundaryIs>
						</Polygon>
					</Placemark>
					<Placemark id="5C7726A3FC0006A0">
						<name>Atlantica</name>
						<description>See: 2050-snapshot/domains/borders-geopolitics.md#atlantica</description>
						<styleUrl>#__managed_style_574E0A13EB3F8CDEB5E3</styleUrl>
						<Polygon>
							<outerBoundaryIs>
								<LinearRing>
									<coordinates>
										-69.051588,44.063007,0 -69.04283,44.068213,0 -69.04996,44.068896,0 -69.051588,44.063007,0 
									</coordinates>
								</LinearRing>
							</outerBoundaryIs>
						</Polygon>
					</Placemark>
					<Placemark id="5C7726A3FC0006A1">
						<name>Atlantica</name>
						<description>See: 2050-snapshot/domains/borders-geopolitics.md#atlantica</description>
						<styleUrl>#__managed_style_574E0A13EB3F8CDEB5E3</styleUrl>
						<Polygon>
							<outerBoundaryIs>
								<LinearRing>
									<coordinates>
										-69.03203600000001,44.07934,0 -69.038094,44.085838,0 -69.036175,44.074361,0 -69.03203600000001,44.07934,0 
									</coordinates>
								</LinearRing>
							</outerBoundaryIs>
						</Polygon>
					</Placemark>
					<Placemark id="5C7726A3FC0006A2">
						<name>Atlantica</name>
						<description>See: 2050-snapshot/domains/borders-geopolitics.md#atlantica</description>
						<styleUrl>#__managed_style_574E0A13EB3F8CDEB5E3</styleUrl>
						<Polygon>
							<outerBoundaryIs>
								<LinearRing>
									<coordinates>
										-68.979607,44.175534,0 -68.98127100000001,44.176897,0 -68.980082,44.172636,0 -68.979607,44.175534,0 
									</coordinates>
								</LinearRing>
							</outerBoundaryIs>
						</Polygon>
					</Placemark>
					<Placemark id="5C7726A3FC0006A3">
						<name>Atlantica</name>
						<description>See: 2050-snapshot/domains/borders-geopolitics.md#atlantica</description>
						<styleUrl>#__managed_style_574E0A13EB3F8CDEB5E3</styleUrl>
						<Polygon>
							<outerBoundaryIs>
								<LinearRing>
									<coordinates>
										-68.95237400000001,44.205677,0 -68.964395,44.200757,0 -68.96154300000001,44.18951,0 -68.95237400000001,44.205677,0 
									</coordinates>
								</LinearRing>
							</outerBoundaryIs>
						</Polygon>
					</Placemark>
					<Placemark id="5C7726A3FC0006A4">
						<name>Atlantica</name>
						<description>See: 2050-snapshot/domains/borders-geopolitics.md#atlantica</description>
						<styleUrl>#__managed_style_574E0A13EB3F8CDEB5E3</styleUrl>
						<Polygon>
							<outerBoundaryIs>
								<LinearRing>
									<coordinates>
										-68.943955,44.22069,0 -68.931833,44.248618,0 -68.95084799999999,44.217113,0 -68.943955,44.22069,0 
									</coordinates>
								</LinearRing>
							</outerBoundaryIs>
						</Polygon>
					</Placemark>
					<Placemark id="5C7726A3FC0006A5">
						<name>Atlantica</name>
						<description>See: 2050-snapshot/domains/borders-geopolitics.md#atlantica</description>
						<styleUrl>#__managed_style_574E0A13EB3F8CDEB5E3</styleUrl>
						<Polygon>
							<outerBoundaryIs>
								<LinearRing>
									<coordinates>
										-68.947261,44.27806,0 -68.966841,44.250892,0 -68.94585600000001,44.248278,0 -68.93325900000001,44.272789,0 -68.947261,44.27806,0 
									</coordinates>
								</LinearRing>
							</outerBoundaryIs>
						</Polygon>
					</Placemark>
					<Placemark id="5C7726A3FC0006A6">
						<name>Atlantica</name>
						<description>See: 2050-snapshot/domains/borders-geopolitics.md#atlantica</description>
						<styleUrl>#__managed_style_574E0A13EB3F8CDEB5E3</styleUrl>
						<Polygon>
							<outerBoundaryIs>
								<LinearRing>
									<coordinates>
										-68.87622399999999,43.836597,0 -68.89368,43.833047,0 -68.898319,43.820987,0 -68.87622399999999,43.836597,0 
									</coordinates>
								</LinearRing>
							</outerBoundaryIs>
						</Polygon>
					</Placemark>
					<Placemark id="5C7726A3FC0006A7">
						<name>Atlantica</name>
						<description>See: 2050-snapshot/domains/borders-geopolitics.md#atlantica</description>
						<styleUrl>#__managed_style_574E0A13EB3F8CDEB5E3</styleUrl>
						<Polygon>
							<outerBoundaryIs>
								<LinearRing>
									<coordinates>
										-68.82408599999999,43.846737,0 -68.815845,43.861557,0 -68.82654100000001,43.847674,0 -68.82408599999999,43.846737,0 
									</coordinates>
								</LinearRing>
							</outerBoundaryIs>
						</Polygon>
					</Placemark>
					<Placemark id="5C7726A3FC0006A8">
						<name>Atlantica</name>
						<description>See: 2050-snapshot/domains/borders-geopolitics.md#atlantica</description>
						<styleUrl>#__managed_style_574E0A13EB3F8CDEB5E3</styleUrl>
						<Polygon>
							<outerBoundaryIs>
								<LinearRing>
									<coordinates>
										-68.907704,43.849347,0 -68.87883100000001,43.8583,0 -68.890073,43.875496,0 -68.907704,43.849347,0 
									</coordinates>
								</LinearRing>
							</outerBoundaryIs>
						</Polygon>
					</Placemark>
					<Placemark id="5C7726A3FC0006A9">
						<name>Atlantica</name>
						<description>See: 2050-snapshot/domains/borders-geopolitics.md#atlantica</description>
						<styleUrl>#__managed_style_574E0A13EB3F8CDEB5E3</styleUrl>
						<Polygon>
							<outerBoundaryIs>
								<LinearRing>
									<coordinates>
										-68.743691,43.885634,0 -68.74183600000001,43.88301,0 -68.73173300000001,43.893489,0 -68.743691,43.885634,0 
									</coordinates>
								</LinearRing>
							</outerBoundaryIs>
						</Polygon>
					</Placemark>
					<Placemark id="5C7726A3FC0006AA">
						<name>Atlantica</name>
						<description>See: 2050-snapshot/domains/borders-geopolitics.md#atlantica</description>
						<styleUrl>#__managed_style_574E0A13EB3F8CDEB5E3</styleUrl>
						<Polygon>
							<outerBoundaryIs>
								<LinearRing>
									<coordinates>
										-68.88905099999999,44.03943,0 -68.892387,44.039188,0 -68.884309,44.030778,0 -68.88905099999999,44.03943,0 
									</coordinates>
								</LinearRing>
							</outerBoundaryIs>
						</Polygon>
					</Placemark>
					<Placemark id="5C7726A3FC0006AB">
						<name>Atlantica</name>
						<description>See: 2050-snapshot/domains/borders-geopolitics.md#atlantica</description>
						<styleUrl>#__managed_style_574E0A13EB3F8CDEB5E3</styleUrl>
						<Polygon>
							<outerBoundaryIs>
								<LinearRing>
									<coordinates>
										-68.55919,44.040617,0 -68.55595700000001,44.03947,0 -68.559259,44.04502,0 -68.55919,44.040617,0 
									</coordinates>
								</LinearRing>
							</outerBoundaryIs>
						</Polygon>
					</Placemark>
					<Placemark id="5C7726A3FC0006AC">
						<name>Atlantica</name>
						<description>See: 2050-snapshot/domains/borders-geopolitics.md#atlantica</description>
						<styleUrl>#__managed_style_574E0A13EB3F8CDEB5E3</styleUrl>
						<Polygon>
							<outerBoundaryIs>
								<LinearRing>
									<coordinates>
										-68.913532,44.053781,0 -68.91210599999999,44.041481,0 -68.906334,44.044866,0 -68.913532,44.053781,0 
									</coordinates>
								</LinearRing>
							</outerBoundaryIs>
						</Polygon>
					</Placemark>
					<Placemark id="5C7726A3FC0006AD">
						<name>Atlantica</name>
						<description>See: 2050-snapshot/domains/borders-geopolitics.md#atlantica</description>
						<styleUrl>#__managed_style_574E0A13EB3F8CDEB5E3</styleUrl>
						<Polygon>
							<outerBoundaryIs>
								<LinearRing>
									<coordinates>
										-68.660825,44.047892,0 -68.640913,44.050621,0 -68.661044,44.017051,0 -68.65469899999999,44.002086,0 -68.627841,44.021573,0 -68.601696,44.012514,0 -68.612154,44.019864,0 -68.60858899999999,44.094336,0 -68.671099,44.075898,0 -68.65065800000001,44.065139,0 -68.660825,44.047892,0 
									</coordinates>
								</LinearRing>
							</outerBoundaryIs>
						</Polygon>
					</Placemark>
					<Placemark id="5C7726A3FC0006AE">
						<name>Atlantica</name>
						<description>See: 2050-snapshot/domains/borders-geopolitics.md#atlantica</description>
						<styleUrl>#__managed_style_574E0A13EB3F8CDEB5E3</styleUrl>
						<Polygon>
							<outerBoundaryIs>
								<LinearRing>
									<coordinates>
										-68.895231,44.049339,0 -68.90182799999999,44.066184,0 -68.908541,44.058051,0 -68.895231,44.049339,0 
									</coordinates>
								</LinearRing>
							</outerBoundaryIs>
						</Polygon>
					</Placemark>
					<Placemark id="5C7726A3FC0006AF">
						<name>Atlantica</name>
						<description>See: 2050-snapshot/domains/borders-geopolitics.md#atlantica</description>
						<styleUrl>#__managed_style_574E0A13EB3F8CDEB5E3</styleUrl>
						<Polygon>
							<outerBoundaryIs>
								<LinearRing>
									<coordinates>
										-68.590554,44.058659,0 -68.584101,44.071589,0 -68.59314000000001,44.063431,0 -68.590554,44.058659,0 
									</coordinates>
								</LinearRing>
							</outerBoundaryIs>
						</Polygon>
					</Placemark>
					<Placemark id="5C7726A3FC0006B0">
						<name>Atlantica</name>
						<description>See: 2050-snapshot/domains/borders-geopolitics.md#atlantica</description>
						<styleUrl>#__managed_style_574E0A13EB3F8CDEB5E3</styleUrl>
						<Polygon>
							<outerBoundaryIs>
								<LinearRing>
									<coordinates>
										-68.87978099999999,44.075129,0 -68.86284499999999,44.025037,0 -68.844129,44.040456,0 -68.80657600000001,44.03533,0 -68.774489,44.064371,0 -68.806101,44.116779,0 -68.837237,44.116608,0 -68.839613,44.131964,0 -68.865996,44.100737,0 -68.863619,44.119338,0 -68.899033,44.123433,0 -68.910917,44.104663,0 -68.90690600000001,44.078523,0 -68.895706,44.068299,0 -68.892141,44.087764,0 -68.87978099999999,44.075129,0 
									</coordinates>
								</LinearRing>
							</outerBoundaryIs>
						</Polygon>
					</Placemark>
					<Placemark id="5C7726A3FC0006B1">
						<name>Atlantica</name>
						<description>See: 2050-snapshot/domains/borders-geopolitics.md#atlantica</description>
						<styleUrl>#__managed_style_574E0A13EB3F8CDEB5E3</styleUrl>
						<Polygon>
							<outerBoundaryIs>
								<LinearRing>
									<coordinates>
										-68.57573600000001,44.101517,0 -68.576502,44.09519,0 -68.57127300000001,44.099969,0 -68.57573600000001,44.101517,0 
									</coordinates>
								</LinearRing>
							</outerBoundaryIs>
						</Polygon>
					</Placemark>
					<Placemark id="5C7726A3FC0006B2">
						<name>Atlantica</name>
						<description>See: 2050-snapshot/domains/borders-geopolitics.md#atlantica</description>
						<styleUrl>#__managed_style_574E0A13EB3F8CDEB5E3</styleUrl>
						<Polygon>
							<outerBoundaryIs>
								<LinearRing>
									<coordinates>
										-68.641231,44.10858,0 -68.658794,44.110212,0 -68.637174,44.099408,0 -68.641231,44.10858,0 
									</coordinates>
								</LinearRing>
							</outerBoundaryIs>
						</Polygon>
					</Placemark>
					<Placemark id="5C7726A3FC0006B3">
						<name>Atlantica</name>
						<description>See: 2050-snapshot/domains/borders-geopolitics.md#atlantica</description>
						<styleUrl>#__managed_style_574E0A13EB3F8CDEB5E3</styleUrl>
						<Polygon>
							<outerBoundaryIs>
								<LinearRing>
									<coordinates>
										-68.618809,44.130343,0 -68.62974199999999,44.123177,0 -68.618979,44.11955,0 -68.608542,44.126714,0 -68.618809,44.130343,0 
									</coordinates>
								</LinearRing>
							</outerBoundaryIs>
						</Polygon>
					</Placemark>
					<Placemark id="5C7726A3FC0006B4">
						<name>Atlantica</name>
						<description>See: 2050-snapshot/domains/borders-geopolitics.md#atlantica</description>
						<styleUrl>#__managed_style_574E0A13EB3F8CDEB5E3</styleUrl>
						<Polygon>
							<outerBoundaryIs>
								<LinearRing>
									<coordinates>
										-68.62974199999999,44.128808,0 -68.637823,44.12949,0 -68.633307,44.125395,0 -68.62974199999999,44.128808,0 
									</coordinates>
								</LinearRing>
							</outerBoundaryIs>
						</Polygon>
					</Placemark>
					<Placemark id="5C7726A3FC0006B5">
						<name>Atlantica</name>
						<description>See: 2050-snapshot/domains/borders-geopolitics.md#atlantica</description>
						<styleUrl>#__managed_style_574E0A13EB3F8CDEB5E3</styleUrl>
						<Polygon>
							<outerBoundaryIs>
								<LinearRing>
									<coordinates>
										-68.65042,44.128125,0 -68.657888,44.128891,0 -68.65160899999999,44.126419,0 -68.65042,44.128125,0 
									</coordinates>
								</LinearRing>
							</outerBoundaryIs>
						</Polygon>
					</Placemark>
					<Placemark id="5C7726A3FC0006B6">
						<name>Atlantica</name>
						<description>See: 2050-snapshot/domains/borders-geopolitics.md#atlantica</description>
						<styleUrl>#__managed_style_574E0A13EB3F8CDEB5E3</styleUrl>
						<Polygon>
							<outerBoundaryIs>
								<LinearRing>
									<coordinates>
										-68.64447800000001,44.131025,0 -68.644716,44.135972,0 -68.647093,44.130514,0 -68.64447800000001,44.131025,0 
									</coordinates>
								</LinearRing>
							</outerBoundaryIs>
						</Polygon>
					</Placemark>
					<Placemark id="5C7726A3FC0006B7">
						<name>Atlantica</name>
						<description>See: 2050-snapshot/domains/borders-geopolitics.md#atlantica</description>
						<styleUrl>#__managed_style_574E0A13EB3F8CDEB5E3</styleUrl>
						<Polygon>
							<outerBoundaryIs>
								<LinearRing>
									<coordinates>
										-68.62689,44.13529,0 -68.634496,44.136143,0 -68.62689,44.133755,0 -68.62689,44.13529,0 
									</coordinates>
								</LinearRing>
							</outerBoundaryIs>
						</Polygon>
					</Placemark>
					<Placemark id="5C7726A3FC0006B8">
						<name>Atlantica</name>
						<description>See: 2050-snapshot/domains/borders-geopolitics.md#atlantica</description>
						<styleUrl>#__managed_style_574E0A13EB3F8CDEB5E3</styleUrl>
						<Polygon>
							<outerBoundaryIs>
								<LinearRing>
									<coordinates>
										-68.60240899999999,44.142113,0 -68.611441,44.141942,0 -68.60549899999999,44.135461,0 -68.60240899999999,44.142113,0 
									</coordinates>
								</LinearRing>
							</outerBoundaryIs>
						</Polygon>
					</Placemark>
					<Placemark id="5C7726A3FC0006B9">
						<name>Atlantica</name>
						<description>See: 2050-snapshot/domains/borders-geopolitics.md#atlantica</description>
						<styleUrl>#__managed_style_574E0A13EB3F8CDEB5E3</styleUrl>
						<Polygon>
							<outerBoundaryIs>
								<LinearRing>
									<coordinates>
										-68.61714499999999,44.136655,0 -68.617621,44.142283,0 -68.623563,44.140578,0 -68.61714499999999,44.136655,0 
									</coordinates>
								</LinearRing>
							</outerBoundaryIs>
						</Polygon>
					</Placemark>
					<Placemark id="5C7726A3FC0006BA">
						<name>Atlantica</name>
						<description>See: 2050-snapshot/domains/borders-geopolitics.md#atlantica</description>
						<styleUrl>#__managed_style_574E0A13EB3F8CDEB5E3</styleUrl>
						<Polygon>
							<outerBoundaryIs>
								<LinearRing>
									<coordinates>
										-68.80562500000001,44.14288,0 -68.823927,44.13964,0 -68.82654100000001,44.136399,0 -68.80562500000001,44.14288,0 
									</coordinates>
								</LinearRing>
							</outerBoundaryIs>
						</Polygon>
					</Placemark>
					<Placemark id="5C7726A3FC0006BB">
						<name>Atlantica</name>
						<description>See: 2050-snapshot/domains/borders-geopolitics.md#atlantica</description>
						<styleUrl>#__managed_style_574E0A13EB3F8CDEB5E3</styleUrl>
						<Polygon>
							<outerBoundaryIs>
								<LinearRing>
									<coordinates>
										-68.780405,44.14307,0 -68.786374,44.144117,0 -68.792221,44.136835,0 -68.780405,44.14307,0 
									</coordinates>
								</LinearRing>
							</outerBoundaryIs>
						</Polygon>
					</Placemark>
					<Placemark id="5C7726A3FC0006BC">
						<name>Atlantica</name>
						<description>See: 2050-snapshot/domains/borders-geopolitics.md#atlantica</description>
						<styleUrl>#__managed_style_574E0A13EB3F8CDEB5E3</styleUrl>
						<Polygon>
							<outerBoundaryIs>
								<LinearRing>
									<coordinates>
										-68.794454,44.142539,0 -68.800872,44.144074,0 -68.80253500000001,44.137422,0 -68.794454,44.142539,0 
									</coordinates>
								</LinearRing>
							</outerBoundaryIs>
						</Polygon>
					</Placemark>
					<Placemark id="5C7726A3FC0006BD">
						<name>Atlantica</name>
						<description>See: 2050-snapshot/domains/borders-geopolitics.md#atlantica</description>
						<styleUrl>#__managed_style_574E0A13EB3F8CDEB5E3</styleUrl>
						<Polygon>
							<outerBoundaryIs>
								<LinearRing>
									<coordinates>
										-68.64851899999999,44.145524,0 -68.655412,44.145865,0 -68.65255999999999,44.14109,0 -68.64851899999999,44.145524,0 
									</coordinates>
								</LinearRing>
							</outerBoundaryIs>
						</Polygon>
					</Placemark>
					<Placemark id="5C7726A3FC0006BE">
						<name>Atlantica</name>
						<description>See: 2050-snapshot/domains/borders-geopolitics.md#atlantica</description>
						<styleUrl>#__managed_style_574E0A13EB3F8CDEB5E3</styleUrl>
						<Polygon>
							<outerBoundaryIs>
								<LinearRing>
									<coordinates>
										-68.598844,44.144671,0 -68.59504099999999,44.142283,0 -68.595279,44.146377,0 -68.598844,44.144671,0 
									</coordinates>
								</LinearRing>
							</outerBoundaryIs>
						</Polygon>
					</Placemark>
					<Placemark id="5C7726A3FC0006BF">
						<name>Atlantica</name>
						<description>See: 2050-snapshot/domains/borders-geopolitics.md#atlantica</description>
						<styleUrl>#__managed_style_574E0A13EB3F8CDEB5E3</styleUrl>
						<Polygon>
							<outerBoundaryIs>
								<LinearRing>
									<coordinates>
										-68.585944,44.148625,0 -68.581731,44.143477,0 -68.57866300000001,44.148194,0 -68.585944,44.148625,0 
									</coordinates>
								</LinearRing>
							</outerBoundaryIs>
						</Polygon>
					</Placemark>
					<Placemark id="5C7726A3FC0006C0">
						<name>Atlantica</name>
						<description>See: 2050-snapshot/domains/borders-geopolitics.md#atlantica</description>
						<styleUrl>#__managed_style_574E0A13EB3F8CDEB5E3</styleUrl>
						<Polygon>
							<outerBoundaryIs>
								<LinearRing>
									<coordinates>
										-68.88809999999999,44.144927,0 -68.875265,44.142369,0 -68.903549,44.127357,0 -68.858152,44.126163,0 -68.862193,44.139981,0 -68.80206,44.150555,0 -68.82471200000001,44.186133,0 -68.915909,44.14902,0 -68.94252899999999,44.109271,0 -68.88809999999999,44.144927,0 
									</coordinates>
								</LinearRing>
							</outerBoundaryIs>
						</Polygon>
					</Placemark>
					<Placemark id="5C7726A3FC0006C1">
						<name>Atlantica</name>
						<description>See: 2050-snapshot/domains/borders-geopolitics.md#atlantica</description>
						<styleUrl>#__managed_style_574E0A13EB3F8CDEB5E3</styleUrl>
						<Polygon>
							<outerBoundaryIs>
								<LinearRing>
									<coordinates>
										-68.63378299999999,44.145012,0 -68.630931,44.152857,0 -68.63497099999999,44.151323,0 -68.63378299999999,44.145012,0 
									</coordinates>
								</LinearRing>
							</outerBoundaryIs>
						</Polygon>
					</Placemark>
					<Placemark id="5C7726A3FC0006C2">
						<name>Atlantica</name>
						<description>See: 2050-snapshot/domains/borders-geopolitics.md#atlantica</description>
						<styleUrl>#__managed_style_574E0A13EB3F8CDEB5E3</styleUrl>
						<Polygon>
							<outerBoundaryIs>
								<LinearRing>
									<coordinates>
										-68.640676,44.152687,0 -68.647806,44.152005,0 -68.644003,44.148594,0 -68.640676,44.152687,0 
									</coordinates>
								</LinearRing>
							</outerBoundaryIs>
						</Polygon>
					</Placemark>
					<Placemark id="5C7726A3FC0006C3">
						<name>Atlantica</name>
						<description>See: 2050-snapshot/domains/borders-geopolitics.md#atlantica</description>
						<styleUrl>#__managed_style_574E0A13EB3F8CDEB5E3</styleUrl>
						<Polygon>
							<outerBoundaryIs>
								<LinearRing>
									<coordinates>
										-68.613342,44.157632,0 -68.617383,44.156438,0 -68.609562,44.148195,0 -68.613342,44.157632,0 
									</coordinates>
								</LinearRing>
							</outerBoundaryIs>
						</Polygon>
					</Placemark>
					<Placemark id="5C7726A3FC0006C4">
						<name>Atlantica</name>
						<description>See: 2050-snapshot/domains/borders-geopolitics.md#atlantica</description>
						<styleUrl>#__managed_style_574E0A13EB3F8CDEB5E3</styleUrl>
						<Polygon>
							<outerBoundaryIs>
								<LinearRing>
									<coordinates>
										-68.606925,44.176045,0 -68.598634,44.174602,0 -68.596705,44.177579,0 -68.606925,44.176045,0 
									</coordinates>
								</LinearRing>
							</outerBoundaryIs>
						</Polygon>
					</Placemark>
					<Placemark id="5C7726A3FC0006C5">
						<name>Atlantica</name>
						<description>See: 2050-snapshot/domains/borders-geopolitics.md#atlantica</description>
						<styleUrl>#__managed_style_574E0A13EB3F8CDEB5E3</styleUrl>
						<Polygon>
							<outerBoundaryIs>
								<LinearRing>
									<coordinates>
										-68.614531,44.180903,0 -68.620473,44.200161,0 -68.60240899999999,44.210384,0 -68.588624,44.197775,0 -68.600983,44.191981,0 -68.56343,44.194197,0 -68.624751,44.258747,0 -68.67062300000001,44.279852,0 -68.695104,44.235592,0 -68.732984,44.22102,0 -68.717191,44.212797,0 -68.731666,44.202246,0 -68.712874,44.196531,0 -68.720646,44.166805,0 -68.666236,44.134953,0 -68.668009,44.152261,0 -68.614531,44.180903,0 
									</coordinates>
								</LinearRing>
							</outerBoundaryIs>
						</Polygon>
					</Placemark>
					<Placemark id="5C7726A3FC0006C6">
						<name>Atlantica</name>
						<description>See: 2050-snapshot/domains/borders-geopolitics.md#atlantica</description>
						<styleUrl>#__managed_style_574E0A13EB3F8CDEB5E3</styleUrl>
						<Polygon>
							<outerBoundaryIs>
								<LinearRing>
									<coordinates>
										-68.77442000000001,44.2194,0 -68.779956,44.201013,0 -68.767616,44.217271,0 -68.77442000000001,44.2194,0 
									</coordinates>
								</LinearRing>
							</outerBoundaryIs>
						</Polygon>
					</Placemark>
					<Placemark id="5C7726A3FC0006C7">
						<name>Atlantica</name>
						<description>See: 2050-snapshot/domains/borders-geopolitics.md#atlantica</description>
						<styleUrl>#__managed_style_574E0A13EB3F8CDEB5E3</styleUrl>
						<Polygon>
							<outerBoundaryIs>
								<LinearRing>
									<coordinates>
										-68.572461,44.216857,0 -68.564618,44.211917,0 -68.56794600000001,44.217709,0 -68.572461,44.216857,0 
									</coordinates>
								</LinearRing>
							</outerBoundaryIs>
						</Polygon>
					</Placemark>
					<Placemark id="5C7726A3FC0006C8">
						<name>Atlantica</name>
						<description>See: 2050-snapshot/domains/borders-geopolitics.md#atlantica</description>
						<styleUrl>#__managed_style_574E0A13EB3F8CDEB5E3</styleUrl>
						<Polygon>
							<outerBoundaryIs>
								<LinearRing>
									<coordinates>
										-68.824877,44.226055,0 -68.830365,44.216841,0 -68.82226300000001,44.21822,0 -68.824877,44.226055,0 
									</coordinates>
								</LinearRing>
							</outerBoundaryIs>
						</Polygon>
					</Placemark>
					<Placemark id="5C7726A3FC0006C9">
						<name>Atlantica</name>
						<description>See: 2050-snapshot/domains/borders-geopolitics.md#atlantica</description>
						<styleUrl>#__managed_style_574E0A13EB3F8CDEB5E3</styleUrl>
						<Polygon>
							<outerBoundaryIs>
								<LinearRing>
									<coordinates>
										-68.54489100000001,44.220264,0 -68.528284,44.225204,0 -68.552972,44.227588,0 -68.54489100000001,44.220264,0 
									</coordinates>
								</LinearRing>
							</outerBoundaryIs>
						</Polygon>
					</Placemark>
					<Placemark id="5C7726A3FC0006CA">
						<name>Atlantica</name>
						<description>See: 2050-snapshot/domains/borders-geopolitics.md#atlantica</description>
						<styleUrl>#__managed_style_574E0A13EB3F8CDEB5E3</styleUrl>
						<Polygon>
							<outerBoundaryIs>
								<LinearRing>
									<coordinates>
										-68.797059,44.223819,0 -68.787959,44.234817,0 -68.799446,44.235933,0 -68.797059,44.223819,0 
									</coordinates>
								</LinearRing>
							</outerBoundaryIs>
						</Polygon>
					</Placemark>
					<Placemark id="5C7726A3FC0006CB">
						<name>Atlantica</name>
						<description>See: 2050-snapshot/domains/borders-geopolitics.md#atlantica</description>
						<styleUrl>#__managed_style_574E0A13EB3F8CDEB5E3</styleUrl>
						<Polygon>
							<outerBoundaryIs>
								<LinearRing>
									<coordinates>
										-68.58149299999999,44.232357,0 -68.591714,44.229972,0 -68.576027,44.229291,0 -68.58149299999999,44.232357,0 
									</coordinates>
								</LinearRing>
							</outerBoundaryIs>
						</Polygon>
					</Placemark>
					<Placemark id="5C7726A3FC0006CC">
						<name>Atlantica</name>
						<description>See: 2050-snapshot/domains/borders-geopolitics.md#atlantica</description>
						<styleUrl>#__managed_style_574E0A13EB3F8CDEB5E3</styleUrl>
						<Polygon>
							<outerBoundaryIs>
								<LinearRing>
									<coordinates>
										-68.849187,44.236131,0 -68.85233100000001,44.228661,0 -68.84817,44.229291,0 -68.849187,44.236131,0 
									</coordinates>
								</LinearRing>
							</outerBoundaryIs>
						</Polygon>
					</Placemark>
					<Placemark id="5C7726A3FC0006CD">
						<name>Atlantica</name>
						<description>See: 2050-snapshot/domains/borders-geopolitics.md#atlantica</description>
						<styleUrl>#__managed_style_574E0A13EB3F8CDEB5E3</styleUrl>
						<Polygon>
							<outerBoundaryIs>
								<LinearRing>
									<coordinates>
										-68.818698,44.226396,0 -68.827624,44.240352,0 -68.831056,44.231136,0 -68.818698,44.226396,0 
									</coordinates>
								</LinearRing>
							</outerBoundaryIs>
						</Polygon>
					</Placemark>
					<Placemark id="5C7726A3FC0006CE">
						<name>Atlantica</name>
						<description>See: 2050-snapshot/domains/borders-geopolitics.md#atlantica</description>
						<styleUrl>#__managed_style_574E0A13EB3F8CDEB5E3</styleUrl>
						<Polygon>
							<outerBoundaryIs>
								<LinearRing>
									<coordinates>
										-68.762407,44.248026,0 -68.749771,44.242914,0 -68.750067,44.244727,0 -68.762407,44.248026,0 
									</coordinates>
								</LinearRing>
							</outerBoundaryIs>
						</Polygon>
					</Placemark>
					<Placemark id="5C7726A3FC0006CF">
						<name>Atlantica</name>
						<description>See: 2050-snapshot/domains/borders-geopolitics.md#atlantica</description>
						<styleUrl>#__managed_style_574E0A13EB3F8CDEB5E3</styleUrl>
						<Polygon>
							<outerBoundaryIs>
								<LinearRing>
									<coordinates>
										-68.86005400000001,44.255854,0 -68.863044,44.259004,0 -68.86208600000001,44.255209,0 -68.86005400000001,44.255854,0 
									</coordinates>
								</LinearRing>
							</outerBoundaryIs>
						</Polygon>
					</Placemark>
					<Placemark id="5C7726A3FC0006D0">
						<name>Atlantica</name>
						<description>See: 2050-snapshot/domains/borders-geopolitics.md#atlantica</description>
						<styleUrl>#__managed_style_574E0A13EB3F8CDEB5E3</styleUrl>
						<Polygon>
							<outerBoundaryIs>
								<LinearRing>
									<coordinates>
										-68.82941099999999,44.260981,0 -68.816321,44.258407,0 -68.82438399999999,44.262171,0 -68.82941099999999,44.260981,0 
									</coordinates>
								</LinearRing>
							</outerBoundaryIs>
						</Polygon>
					</Placemark>
					<Placemark id="5C7726A3FC0006D1">
						<name>Atlantica</name>
						<description>See: 2050-snapshot/domains/borders-geopolitics.md#atlantica</description>
						<styleUrl>#__managed_style_574E0A13EB3F8CDEB5E3</styleUrl>
						<Polygon>
							<outerBoundaryIs>
								<LinearRing>
									<coordinates>
										-68.757456,44.270597,0 -68.753963,44.262592,0 -68.730518,44.262663,0 -68.739313,44.26896,0 -68.757456,44.270597,0 
									</coordinates>
								</LinearRing>
							</outerBoundaryIs>
						</Polygon>
					</Placemark>
					<Placemark id="5C7726A3FC0006D2">
						<name>Atlantica</name>
						<description>See: 2050-snapshot/domains/borders-geopolitics.md#atlantica</description>
						<styleUrl>#__managed_style_574E0A13EB3F8CDEB5E3</styleUrl>
						<Polygon>
							<outerBoundaryIs>
								<LinearRing>
									<coordinates>
										-68.686982,44.276399,0 -68.68450199999999,44.272423,0 -68.685669,44.277055,0 -68.686982,44.276399,0 
									</coordinates>
								</LinearRing>
							</outerBoundaryIs>
						</Polygon>
					</Placemark>
					<Placemark id="5C7726A3FC0006D3">
						<name>Atlantica</name>
						<description>See: 2050-snapshot/domains/borders-geopolitics.md#atlantica</description>
						<styleUrl>#__managed_style_574E0A13EB3F8CDEB5E3</styleUrl>
						<Polygon>
							<outerBoundaryIs>
								<LinearRing>
									<coordinates>
										-68.786984,44.285265,0 -68.79523,44.280487,0 -68.785185,44.284106,0 -68.786984,44.285265,0 
									</coordinates>
								</LinearRing>
							</outerBoundaryIs>
						</Polygon>
					</Placemark>
					<Placemark id="5C7726A3FC0006D4">
						<name>Atlantica</name>
						<description>See: 2050-snapshot/domains/borders-geopolitics.md#atlantica</description>
						<styleUrl>#__managed_style_574E0A13EB3F8CDEB5E3</styleUrl>
						<Polygon>
							<outerBoundaryIs>
								<LinearRing>
									<coordinates>
										-68.685997,44.285882,0 -68.683408,44.287742,0 -68.687347,44.287523,0 -68.685997,44.285882,0 
									</coordinates>
								</LinearRing>
							</outerBoundaryIs>
						</Polygon>
					</Placemark>
					<Placemark id="5C7726A3FC0006D5">
						<name>Atlantica</name>
						<description>See: 2050-snapshot/domains/borders-geopolitics.md#atlantica</description>
						<styleUrl>#__managed_style_574E0A13EB3F8CDEB5E3</styleUrl>
						<Polygon>
							<outerBoundaryIs>
								<LinearRing>
									<coordinates>
										-68.689134,44.286502,0 -68.733822,44.308616,0 -68.74248799999999,44.305484,0 -68.711018,44.274117,0 -68.689134,44.286502,0 
									</coordinates>
								</LinearRing>
							</outerBoundaryIs>
						</Polygon>
					</Placemark>
					<Placemark id="5C7726A3FC0006D6">
						<name>Atlantica</name>
						<description>See: 2050-snapshot/domains/borders-geopolitics.md#atlantica</description>
						<styleUrl>#__managed_style_574E0A13EB3F8CDEB5E3</styleUrl>
						<Polygon>
							<outerBoundaryIs>
								<LinearRing>
									<coordinates>
										-68.804396,44.293546,0 -68.813469,44.294654,0 -68.80039600000001,44.288699,0 -68.804396,44.293546,0 
									</coordinates>
								</LinearRing>
							</outerBoundaryIs>
						</Polygon>
					</Placemark>
					<Placemark id="5C7726A3FC0006D7">
						<name>Atlantica</name>
						<description>See: 2050-snapshot/domains/borders-geopolitics.md#atlantica</description>
						<styleUrl>#__managed_style_574E0A13EB3F8CDEB5E3</styleUrl>
						<Polygon>
							<outerBoundaryIs>
								<LinearRing>
									<coordinates>
										-68.82440200000001,44.290061,0 -68.817509,44.293293,0 -68.82559000000001,44.292442,0 -68.82440200000001,44.290061,0 
									</coordinates>
								</LinearRing>
							</outerBoundaryIs>
						</Polygon>
					</Placemark>
					<Placemark id="5C7726A3FC0006D8">
						<name>Atlantica</name>
						<description>See: 2050-snapshot/domains/borders-geopolitics.md#atlantica</description>
						<styleUrl>#__managed_style_574E0A13EB3F8CDEB5E3</styleUrl>
						<Polygon>
							<outerBoundaryIs>
								<LinearRing>
									<coordinates>
										-68.748484,44.298968,0 -68.74754299999999,44.300666,0 -68.749743,44.301127,0 -68.748484,44.298968,0 
									</coordinates>
								</LinearRing>
							</outerBoundaryIs>
						</Polygon>
					</Placemark>
					<Placemark id="5C7726A3FC0006D9">
						<name>Atlantica</name>
						<description>See: 2050-snapshot/domains/borders-geopolitics.md#atlantica</description>
						<styleUrl>#__managed_style_574E0A13EB3F8CDEB5E3</styleUrl>
						<Polygon>
							<outerBoundaryIs>
								<LinearRing>
									<coordinates>
										-68.930244,44.230956,0 -68.886436,44.304435,0 -68.897288,44.326634,0 -68.86044,44.364907,0 -68.88008499999999,44.39309,0 -68.882158,44.379568,0 -68.90353,44.378613,0 -68.91947399999999,44.337594,0 -68.902599,44.324503,0 -68.943394,44.280726,0 -68.924465,44.28351,0 -68.930244,44.230956,0 
									</coordinates>
								</LinearRing>
							</outerBoundaryIs>
						</Polygon>
					</Placemark>
					<Placemark id="5C7726A3FC0006DA">
						<name>Atlantica</name>
						<description>See: 2050-snapshot/domains/borders-geopolitics.md#atlantica</description>
						<styleUrl>#__managed_style_574E0A13EB3F8CDEB5E3</styleUrl>
						<Polygon>
							<outerBoundaryIs>
								<LinearRing>
									<coordinates>
										-68.469784,44.10142,0 -68.472728,44.102956,0 -68.473011,44.0982,0 -68.469784,44.10142,0 
									</coordinates>
								</LinearRing>
							</outerBoundaryIs>
						</Polygon>
					</Placemark>
					<Placemark id="5C7726A3FC0006DB">
						<name>Atlantica</name>
						<description>See: 2050-snapshot/domains/borders-geopolitics.md#atlantica</description>
						<styleUrl>#__managed_style_574E0A13EB3F8CDEB5E3</styleUrl>
						<Polygon>
							<outerBoundaryIs>
								<LinearRing>
									<coordinates>
										-68.401332,44.111318,0 -68.404556,44.111418,0 -68.40370900000001,44.107735,0 -68.401332,44.111318,0 
									</coordinates>
								</LinearRing>
							</outerBoundaryIs>
						</Polygon>
					</Placemark>
					<Placemark id="5C7726A3FC0006DC">
						<name>Atlantica</name>
						<description>See: 2050-snapshot/domains/borders-geopolitics.md#atlantica</description>
						<styleUrl>#__managed_style_574E0A13EB3F8CDEB5E3</styleUrl>
						<Polygon>
							<outerBoundaryIs>
								<LinearRing>
									<coordinates>
										-68.350379,44.12843,0 -68.376475,44.112748,0 -68.366743,44.09739,0 -68.33178599999999,44.110878,0 -68.350379,44.12843,0 
									</coordinates>
								</LinearRing>
							</outerBoundaryIs>
						</Polygon>
					</Placemark>
					<Placemark id="5C7726A3FC0006DD">
						<name>Atlantica</name>
						<description>See: 2050-snapshot/domains/borders-geopolitics.md#atlantica</description>
						<styleUrl>#__managed_style_574E0A13EB3F8CDEB5E3</styleUrl>
						<Polygon>
							<outerBoundaryIs>
								<LinearRing>
									<coordinates>
										-68.49152100000001,44.109833,0 -68.49093000000001,44.123439,0 -68.51126600000001,44.125082,0 -68.50828799999999,44.10159,0 -68.49152100000001,44.109833,0 
									</coordinates>
								</LinearRing>
							</outerBoundaryIs>
						</Polygon>
					</Placemark>
					<Placemark id="5C7726A3FC0006DE">
						<name>Atlantica</name>
						<description>See: 2050-snapshot/domains/borders-geopolitics.md#atlantica</description>
						<styleUrl>#__managed_style_574E0A13EB3F8CDEB5E3</styleUrl>
						<Polygon>
							<outerBoundaryIs>
								<LinearRing>
									<coordinates>
										-68.363388,44.127483,0 -68.361439,44.126173,0 -68.36150600000001,44.127416,0 -68.363388,44.127483,0 
									</coordinates>
								</LinearRing>
							</outerBoundaryIs>
						</Polygon>
					</Placemark>
					<Placemark id="5C7726A3FC0006DF">
						<name>Atlantica</name>
						<description>See: 2050-snapshot/domains/borders-geopolitics.md#atlantica</description>
						<styleUrl>#__managed_style_574E0A13EB3F8CDEB5E3</styleUrl>
						<Polygon>
							<outerBoundaryIs>
								<LinearRing>
									<coordinates>
										-68.37186,44.145268,0 -68.37186,44.137934,0 -68.369721,44.145439,0 -68.37186,44.145268,0 
									</coordinates>
								</LinearRing>
							</outerBoundaryIs>
						</Polygon>
					</Placemark>
					<Placemark id="5C7726A3FC0006E0">
						<name>Atlantica</name>
						<description>See: 2050-snapshot/domains/borders-geopolitics.md#atlantica</description>
						<styleUrl>#__managed_style_574E0A13EB3F8CDEB5E3</styleUrl>
						<Polygon>
							<outerBoundaryIs>
								<LinearRing>
									<coordinates>
										-68.380892,44.139128,0 -68.377089,44.144757,0 -68.383391,44.141759,0 -68.380892,44.139128,0 
									</coordinates>
								</LinearRing>
							</outerBoundaryIs>
						</Polygon>
					</Placemark>
					<Placemark id="5C7726A3FC0006E1">
						<name>Atlantica</name>
						<description>See: 2050-snapshot/domains/borders-geopolitics.md#atlantica</description>
						<styleUrl>#__managed_style_574E0A13EB3F8CDEB5E3</styleUrl>
						<Polygon>
							<outerBoundaryIs>
								<LinearRing>
									<coordinates>
										-68.50095,44.14156,0 -68.49782999999999,44.143051,0 -68.503772,44.145609,0 -68.50095,44.14156,0 
									</coordinates>
								</LinearRing>
							</outerBoundaryIs>
						</Polygon>
					</Placemark>
					<Placemark id="5C7726A3FC0006E2">
						<name>Atlantica</name>
						<description>See: 2050-snapshot/domains/borders-geopolitics.md#atlantica</description>
						<styleUrl>#__managed_style_574E0A13EB3F8CDEB5E3</styleUrl>
						<Polygon>
							<outerBoundaryIs>
								<LinearRing>
									<coordinates>
										-68.24360799999999,44.142788,0 -68.25300900000001,44.155089,0 -68.246433,44.141209,0 -68.24360799999999,44.142788,0 
									</coordinates>
								</LinearRing>
							</outerBoundaryIs>
						</Polygon>
					</Placemark>
					<Placemark id="5C7726A3FC0006E3">
						<name>Atlantica</name>
						<description>See: 2050-snapshot/domains/borders-geopolitics.md#atlantica</description>
						<styleUrl>#__managed_style_574E0A13EB3F8CDEB5E3</styleUrl>
						<Polygon>
							<outerBoundaryIs>
								<LinearRing>
									<coordinates>
										-68.50400999999999,44.150726,0 -68.484026,44.14263,0 -68.455761,44.160275,0 -68.438518,44.11618,0 -68.383268,44.155842,0 -68.41321600000001,44.187721,0 -68.435796,44.168118,0 -68.461913,44.190843,0 -68.480225,44.180795,0 -68.47786499999999,44.160787,0 -68.487036,44.170734,0 -68.50400999999999,44.150726,0 
									</coordinates>
								</LinearRing>
							</outerBoundaryIs>
						</Polygon>
					</Placemark>
					<Placemark id="5C7726A3FC0006E4">
						<name>Atlantica</name>
						<description>See: 2050-snapshot/domains/borders-geopolitics.md#atlantica</description>
						<styleUrl>#__managed_style_574E0A13EB3F8CDEB5E3</styleUrl>
						<Polygon>
							<outerBoundaryIs>
								<LinearRing>
									<coordinates>
										-68.239234,44.174596,0 -68.24202,44.176656,0 -68.24547800000001,44.170228,0 -68.239234,44.174596,0 
									</coordinates>
								</LinearRing>
							</outerBoundaryIs>
						</Polygon>
					</Placemark>
					<Placemark id="5C7726A3FC0006E5">
						<name>Atlantica</name>
						<description>See: 2050-snapshot/domains/borders-geopolitics.md#atlantica</description>
						<styleUrl>#__managed_style_574E0A13EB3F8CDEB5E3</styleUrl>
						<Polygon>
							<outerBoundaryIs>
								<LinearRing>
									<coordinates>
										-68.33882199999999,44.184653,0 -68.354034,44.180221,0 -68.334782,44.176812,0 -68.33882199999999,44.184653,0 
									</coordinates>
								</LinearRing>
							</outerBoundaryIs>
						</Polygon>
					</Placemark>
					<Placemark id="5C7726A3FC0006E6">
						<name>Atlantica</name>
						<description>See: 2050-snapshot/domains/borders-geopolitics.md#atlantica</description>
						<styleUrl>#__managed_style_574E0A13EB3F8CDEB5E3</styleUrl>
						<Polygon>
							<outerBoundaryIs>
								<LinearRing>
									<coordinates>
										-68.364469,44.197534,0 -68.37884,44.184473,0 -68.370434,44.180221,0 -68.354271,44.192322,0 -68.364469,44.197534,0 
									</coordinates>
								</LinearRing>
							</outerBoundaryIs>
						</Polygon>
					</Placemark>
					<Placemark id="5C7726A3FC0006E7">
						<name>Atlantica</name>
						<description>See: 2050-snapshot/domains/borders-geopolitics.md#atlantica</description>
						<styleUrl>#__managed_style_574E0A13EB3F8CDEB5E3</styleUrl>
						<Polygon>
							<outerBoundaryIs>
								<LinearRing>
									<coordinates>
										-68.33335599999999,44.20868,0 -68.343338,44.190618,0 -68.314341,44.197605,0 -68.33335599999999,44.20868,0 
									</coordinates>
								</LinearRing>
							</outerBoundaryIs>
						</Polygon>
					</Placemark>
					<Placemark id="5C7726A3FC0006E8">
						<name>Atlantica</name>
						<description>See: 2050-snapshot/domains/borders-geopolitics.md#atlantica</description>
						<styleUrl>#__managed_style_574E0A13EB3F8CDEB5E3</styleUrl>
						<Polygon>
							<outerBoundaryIs>
								<LinearRing>
									<coordinates>
										-68.458375,44.205443,0 -68.47014299999999,44.201647,0 -68.454224,44.199534,0 -68.458375,44.205443,0 
									</coordinates>
								</LinearRing>
							</outerBoundaryIs>
						</Polygon>
					</Placemark>
					<Placemark id="5C7726A3FC0006E9">
						<name>Atlantica</name>
						<description>See: 2050-snapshot/domains/borders-geopolitics.md#atlantica</description>
						<styleUrl>#__managed_style_574E0A13EB3F8CDEB5E3</styleUrl>
						<Polygon>
							<outerBoundaryIs>
								<LinearRing>
									<coordinates>
										-68.49027100000001,44.199911,0 -68.472398,44.203057,0 -68.486118,44.213428,0 -68.49027100000001,44.199911,0 
									</coordinates>
								</LinearRing>
							</outerBoundaryIs>
						</Polygon>
					</Placemark>
					<Placemark id="5C7726A3FC0006EA">
						<name>Atlantica</name>
						<description>See: 2050-snapshot/domains/borders-geopolitics.md#atlantica</description>
						<styleUrl>#__managed_style_574E0A13EB3F8CDEB5E3</styleUrl>
						<Polygon>
							<outerBoundaryIs>
								<LinearRing>
									<coordinates>
										-68.469784,44.215154,0 -68.469784,44.213109,0 -68.467882,44.216176,0 -68.469784,44.215154,0 
									</coordinates>
								</LinearRing>
							</outerBoundaryIs>
						</Polygon>
					</Placemark>
					<Placemark id="5C7726A3FC0006EB">
						<name>Atlantica</name>
						<description>See: 2050-snapshot/domains/borders-geopolitics.md#atlantica</description>
						<styleUrl>#__managed_style_574E0A13EB3F8CDEB5E3</styleUrl>
						<Polygon>
							<outerBoundaryIs>
								<LinearRing>
									<coordinates>
										-68.47596299999999,44.231165,0 -68.473349,44.219412,0 -68.467645,44.224693,0 -68.47596299999999,44.231165,0 
									</coordinates>
								</LinearRing>
							</outerBoundaryIs>
						</Polygon>
					</Placemark>
					<Placemark id="5C7726A3FC0006EC">
						<name>Atlantica</name>
						<description>See: 2050-snapshot/domains/borders-geopolitics.md#atlantica</description>
						<styleUrl>#__managed_style_574E0A13EB3F8CDEB5E3</styleUrl>
						<Polygon>
							<outerBoundaryIs>
								<LinearRing>
									<coordinates>
										-68.193068,44.23901,0 -68.20263199999999,44.245468,0 -68.203209,44.239266,0 -68.193068,44.23901,0 
									</coordinates>
								</LinearRing>
							</outerBoundaryIs>
						</Polygon>
					</Placemark>
					<Placemark id="5C7726A3FC0006ED">
						<name>Atlantica</name>
						<description>See: 2050-snapshot/domains/borders-geopolitics.md#atlantica</description>
						<styleUrl>#__managed_style_574E0A13EB3F8CDEB5E3</styleUrl>
						<Polygon>
							<outerBoundaryIs>
								<LinearRing>
									<coordinates>
										-68.274427,44.237099,0 -68.245098,44.238203,0 -68.250643,44.257556,0 -68.27143700000001,44.259222,0 -68.274427,44.237099,0 
									</coordinates>
								</LinearRing>
							</outerBoundaryIs>
						</Polygon>
					</Placemark>
					<Placemark id="5C7726A3FC0006EE">
						<name>Atlantica</name>
						<description>See: 2050-snapshot/domains/borders-geopolitics.md#atlantica</description>
						<styleUrl>#__managed_style_574E0A13EB3F8CDEB5E3</styleUrl>
						<Polygon>
							<outerBoundaryIs>
								<LinearRing>
									<coordinates>
										-68.46122699999999,44.260109,0 -68.458375,44.254151,0 -68.45504800000001,44.258918,0 -68.46122699999999,44.260109,0 
									</coordinates>
								</LinearRing>
							</outerBoundaryIs>
						</Polygon>
					</Placemark>
					<Placemark id="5C7726A3FC0006EF">
						<name>Atlantica</name>
						<description>See: 2050-snapshot/domains/borders-geopolitics.md#atlantica</description>
						<styleUrl>#__managed_style_574E0A13EB3F8CDEB5E3</styleUrl>
						<Polygon>
							<outerBoundaryIs>
								<LinearRing>
									<coordinates>
										-68.211365,44.256854,0 -68.235264,44.266298,0 -68.23137800000001,44.256097,0 -68.211365,44.256854,0 
									</coordinates>
								</LinearRing>
							</outerBoundaryIs>
						</Polygon>
					</Placemark>
					<Placemark id="5C7726A3FC0006F0">
						<name>Atlantica</name>
						<description>See: 2050-snapshot/domains/borders-geopolitics.md#atlantica</description>
						<styleUrl>#__managed_style_574E0A13EB3F8CDEB5E3</styleUrl>
						<Polygon>
							<outerBoundaryIs>
								<LinearRing>
									<coordinates>
										-68.248266,44.276959,0 -68.269657,44.272874,0 -68.24565200000001,44.274236,0 -68.248266,44.276959,0 
									</coordinates>
								</LinearRing>
							</outerBoundaryIs>
						</Polygon>
					</Placemark>
					<Placemark id="5C7726A3FC0006F1">
						<name>Atlantica</name>
						<description>See: 2050-snapshot/domains/borders-geopolitics.md#atlantica</description>
						<styleUrl>#__managed_style_574E0A13EB3F8CDEB5E3</styleUrl>
						<Polygon>
							<outerBoundaryIs>
								<LinearRing>
									<coordinates>
										-68.48656800000001,44.269097,0 -68.46740699999999,44.267598,0 -68.493314,44.282574,0 -68.48656800000001,44.269097,0 
									</coordinates>
								</LinearRing>
							</outerBoundaryIs>
						</Polygon>
					</Placemark>
					<Placemark id="5C7726A3FC0006F2">
						<name>Atlantica</name>
						<description>See: 2050-snapshot/domains/borders-geopolitics.md#atlantica</description>
						<styleUrl>#__managed_style_574E0A13EB3F8CDEB5E3</styleUrl>
						<Polygon>
							<outerBoundaryIs>
								<LinearRing>
									<coordinates>
										-68.293425,44.27866,0 -68.302933,44.276959,0 -68.291049,44.275938,0 -68.293425,44.27866,0 
									</coordinates>
								</LinearRing>
							</outerBoundaryIs>
						</Polygon>
					</Placemark>
					<Placemark id="5C7726A3FC0006F3">
						<name>Atlantica</name>
						<description>See: 2050-snapshot/domains/borders-geopolitics.md#atlantica</description>
						<styleUrl>#__managed_style_574E0A13EB3F8CDEB5E3</styleUrl>
						<Polygon>
							<outerBoundaryIs>
								<LinearRing>
									<coordinates>
										-68.268469,44.282064,0 -68.26942,44.285637,0 -68.270608,44.283255,0 -68.268469,44.282064,0 
									</coordinates>
								</LinearRing>
							</outerBoundaryIs>
						</Polygon>
					</Placemark>
					<Placemark id="5C7726A3FC0006F4">
						<name>Atlantica</name>
						<description>See: 2050-snapshot/domains/borders-geopolitics.md#atlantica</description>
						<styleUrl>#__managed_style_574E0A13EB3F8CDEB5E3</styleUrl>
						<Polygon>
							<outerBoundaryIs>
								<LinearRing>
									<coordinates>
										-68.432053,44.285902,0 -68.431517,44.291081,0 -68.435558,44.293463,0 -68.432053,44.285902,0 
									</coordinates>
								</LinearRing>
							</outerBoundaryIs>
						</Polygon>
					</Placemark>
					<Placemark id="5C7726A3FC0006F5">
						<name>Atlantica</name>
						<description>See: 2050-snapshot/domains/borders-geopolitics.md#atlantica</description>
						<styleUrl>#__managed_style_574E0A13EB3F8CDEB5E3</styleUrl>
						<Polygon>
							<outerBoundaryIs>
								<LinearRing>
									<coordinates>
										-68.455761,44.299757,0 -68.448155,44.312004,0 -68.454958,44.313281,0 -68.455761,44.299757,0 
									</coordinates>
								</LinearRing>
							</outerBoundaryIs>
						</Polygon>
					</Placemark>
					<Placemark id="5C7726A3FC0006F6">
						<name>Atlantica</name>
						<description>See: 2050-snapshot/domains/borders-geopolitics.md#atlantica</description>
						<styleUrl>#__managed_style_574E0A13EB3F8CDEB5E3</styleUrl>
						<Polygon>
							<outerBoundaryIs>
								<LinearRing>
									<coordinates>
										-68.03007599999999,44.328668,0 -68.03522,44.33274,0 -68.031502,44.325098,0 -68.03007599999999,44.328668,0 
									</coordinates>
								</LinearRing>
							</outerBoundaryIs>
						</Polygon>
					</Placemark>
					<Placemark id="5C7726A3FC0006F7">
						<name>Atlantica</name>
						<description>See: 2050-snapshot/domains/borders-geopolitics.md#atlantica</description>
						<styleUrl>#__managed_style_574E0A13EB3F8CDEB5E3</styleUrl>
						<Polygon>
							<outerBoundaryIs>
								<LinearRing>
									<coordinates>
										-68.456879,44.344288,0 -68.440549,44.321187,0 -68.420822,44.375236,0 -68.456879,44.344288,0 
									</coordinates>
								</LinearRing>
							</outerBoundaryIs>
						</Polygon>
					</Placemark>
					<Placemark id="5C7726A3FC0006F8">
						<name>Atlantica</name>
						<description>See: 2050-snapshot/domains/borders-geopolitics.md#atlantica</description>
						<styleUrl>#__managed_style_574E0A13EB3F8CDEB5E3</styleUrl>
						<Polygon>
							<outerBoundaryIs>
								<LinearRing>
									<coordinates>
										-68.491423,44.311783,0 -68.47881599999999,44.324928,0 -68.512697,44.384799,0 -68.53348099999999,44.329958,0 -68.491423,44.311783,0 
									</coordinates>
								</LinearRing>
							</outerBoundaryIs>
						</Polygon>
					</Placemark>
					<Placemark id="5C7726A3FC0006F9">
						<name>Atlantica</name>
						<description>See: 2050-snapshot/domains/borders-geopolitics.md#atlantica</description>
						<styleUrl>#__managed_style_574E0A13EB3F8CDEB5E3</styleUrl>
						<Polygon>
							<outerBoundaryIs>
								<LinearRing>
									<coordinates>
										-68.094725,44.351447,0 -68.10043,44.365382,0 -68.103757,44.364362,0 -68.094725,44.351447,0 
									</coordinates>
								</LinearRing>
							</outerBoundaryIs>
						</Polygon>
					</Placemark>
					<Placemark id="5C7726A3FC0006FA">
						<name>Atlantica</name>
						<description>See: 2050-snapshot/domains/borders-geopolitics.md#atlantica</description>
						<styleUrl>#__managed_style_574E0A13EB3F8CDEB5E3</styleUrl>
						<Polygon>
							<outerBoundaryIs>
								<LinearRing>
									<coordinates>
										-67.87132800000001,44.374657,0 -67.865977,44.366273,0 -67.864394,44.366789,0 -67.87132800000001,44.374657,0 
									</coordinates>
								</LinearRing>
							</outerBoundaryIs>
						</Polygon>
					</Placemark>
					<Placemark id="5C7726A3FC0006FB">
						<name>Atlantica</name>
						<description>See: 2050-snapshot/domains/borders-geopolitics.md#atlantica</description>
						<styleUrl>#__managed_style_574E0A13EB3F8CDEB5E3</styleUrl>
						<Polygon>
							<outerBoundaryIs>
								<LinearRing>
									<coordinates>
										-68.18408700000001,44.388045,0 -68.177913,44.386448,0 -68.17873,44.388388,0 -68.18408700000001,44.388045,0 
									</coordinates>
								</LinearRing>
							</outerBoundaryIs>
						</Polygon>
					</Placemark>
					<Placemark id="5C7726A3FC0006FC">
						<name>Atlantica</name>
						<description>See: 2050-snapshot/domains/borders-geopolitics.md#atlantica</description>
						<styleUrl>#__managed_style_574E0A13EB3F8CDEB5E3</styleUrl>
						<Polygon>
							<outerBoundaryIs>
								<LinearRing>
									<coordinates>
										-68.135368,44.403091,0 -68.149154,44.386957,0 -68.14054899999999,44.376804,0 -68.125624,44.387127,0 -68.135368,44.403091,0 
									</coordinates>
								</LinearRing>
							</outerBoundaryIs>
						</Polygon>
					</Placemark>
					<Placemark id="5C7726A3FC0006FD">
						<name>Atlantica</name>
						<description>See: 2050-snapshot/domains/borders-geopolitics.md#atlantica</description>
						<styleUrl>#__managed_style_574E0A13EB3F8CDEB5E3</styleUrl>
						<Polygon>
							<outerBoundaryIs>
								<LinearRing>
									<coordinates>
										-68.21404,44.398846,0 -68.20217599999999,44.397436,0 -68.20263199999999,44.400374,0 -68.21404,44.398846,0 
									</coordinates>
								</LinearRing>
							</outerBoundaryIs>
						</Polygon>
					</Placemark>
					<Placemark id="5C7726A3FC0006FE">
						<name>Atlantica</name>
						<description>See: 2050-snapshot/domains/borders-geopolitics.md#atlantica</description>
						<styleUrl>#__managed_style_574E0A13EB3F8CDEB5E3</styleUrl>
						<Polygon>
							<outerBoundaryIs>
								<LinearRing>
									<coordinates>
										-68.191699,44.398846,0 -68.194788,44.401563,0 -68.19669,44.400204,0 -68.191699,44.398846,0 
									</coordinates>
								</LinearRing>
							</outerBoundaryIs>
						</Polygon>
					</Placemark>
					<Placemark id="5C7726A3FC0006FF">
						<name>Atlantica</name>
						<description>See: 2050-snapshot/domains/borders-geopolitics.md#atlantica</description>
						<styleUrl>#__managed_style_574E0A13EB3F8CDEB5E3</styleUrl>
						<Polygon>
							<outerBoundaryIs>
								<LinearRing>
									<coordinates>
										-68.175774,44.405638,0 -68.18169399999999,44.404234,0 -68.17648699999999,44.402582,0 -68.175774,44.405638,0 
									</coordinates>
								</LinearRing>
							</outerBoundaryIs>
						</Polygon>
					</Placemark>
					<Placemark id="5C7726A3FC000700">
						<name>Atlantica</name>
						<description>See: 2050-snapshot/domains/borders-geopolitics.md#atlantica</description>
						<styleUrl>#__managed_style_574E0A13EB3F8CDEB5E3</styleUrl>
						<Polygon>
							<outerBoundaryIs>
								<LinearRing>
									<coordinates>
										-68.165791,44.400374,0 -68.159374,44.41209,0 -68.169254,44.402998,0 -68.165791,44.400374,0 
									</coordinates>
								</LinearRing>
							</outerBoundaryIs>
						</Polygon>
					</Placemark>
					<Placemark id="5C7726A3FC000701">
						<name>Atlantica</name>
						<description>See: 2050-snapshot/domains/borders-geopolitics.md#atlantica</description>
						<styleUrl>#__managed_style_574E0A13EB3F8CDEB5E3</styleUrl>
						<Polygon>
							<outerBoundaryIs>
								<LinearRing>
									<coordinates>
										-68.38921000000001,44.413278,0 -68.39420200000001,44.409713,0 -68.384219,44.406317,0 -68.38921000000001,44.413278,0 
									</coordinates>
								</LinearRing>
							</outerBoundaryIs>
						</Polygon>
					</Placemark>
					<Placemark id="5C7726A3FC000702">
						<name>Atlantica</name>
						<description>See: 2050-snapshot/domains/borders-geopolitics.md#atlantica</description>
						<styleUrl>#__managed_style_574E0A13EB3F8CDEB5E3</styleUrl>
						<Polygon>
							<outerBoundaryIs>
								<LinearRing>
									<coordinates>
										-68.138221,44.417353,0 -68.128,44.406657,0 -68.11778,44.409543,0 -68.126099,44.418541,0 -68.138221,44.417353,0 
									</coordinates>
								</LinearRing>
							</outerBoundaryIs>
						</Polygon>
					</Placemark>
					<Placemark id="5C7726A3FC000703">
						<name>Atlantica</name>
						<description>See: 2050-snapshot/domains/borders-geopolitics.md#atlantica</description>
						<styleUrl>#__managed_style_574E0A13EB3F8CDEB5E3</styleUrl>
						<Polygon>
							<outerBoundaryIs>
								<LinearRing>
									<coordinates>
										-68.341674,44.428556,0 -68.34524,44.436364,0 -68.345715,44.434157,0 -68.341674,44.428556,0 
									</coordinates>
								</LinearRing>
							</outerBoundaryIs>
						</Polygon>
					</Placemark>
					<Placemark id="5C7726A3FC000704">
						<name>Atlantica</name>
						<description>See: 2050-snapshot/domains/borders-geopolitics.md#atlantica</description>
						<styleUrl>#__managed_style_574E0A13EB3F8CDEB5E3</styleUrl>
						<Polygon>
							<outerBoundaryIs>
								<LinearRing>
									<coordinates>
										-68.125148,44.442133,0 -68.129902,44.44926,0 -68.139409,44.44417,0 -68.14012200000001,44.425501,0 -68.125148,44.442133,0 
									</coordinates>
								</LinearRing>
							</outerBoundaryIs>
						</Polygon>
					</Placemark>
					<Placemark id="5C7726A3FC000705">
						<name>Atlantica</name>
						<description>See: 2050-snapshot/domains/borders-geopolitics.md#atlantica</description>
						<styleUrl>#__managed_style_574E0A13EB3F8CDEB5E3</styleUrl>
						<Polygon>
							<outerBoundaryIs>
								<LinearRing>
									<coordinates>
										-67.850628,44.423973,0 -67.866553,44.456895,0 -67.87606,44.440437,0 -67.86892899999999,44.420409,0 -67.850628,44.423973,0 
									</coordinates>
								</LinearRing>
							</outerBoundaryIs>
						</Polygon>
					</Placemark>
					<Placemark id="5C7726A3FC000706">
						<name>Atlantica</name>
						<description>See: 2050-snapshot/domains/borders-geopolitics.md#atlantica</description>
						<styleUrl>#__managed_style_574E0A13EB3F8CDEB5E3</styleUrl>
						<Polygon>
							<outerBoundaryIs>
								<LinearRing>
									<coordinates>
										-67.853956,44.448072,0 -67.849915,44.452993,0 -67.855619,44.449769,0 -67.853956,44.448072,0 
									</coordinates>
								</LinearRing>
							</outerBoundaryIs>
						</Polygon>
					</Placemark>
					<Placemark id="5C7726A3FC000707">
						<name>Atlantica</name>
						<description>See: 2050-snapshot/domains/borders-geopolitics.md#atlantica</description>
						<styleUrl>#__managed_style_574E0A13EB3F8CDEB5E3</styleUrl>
						<Polygon>
							<outerBoundaryIs>
								<LinearRing>
									<coordinates>
										-67.838475,44.450946,0 -67.83816299999999,44.464177,0 -67.842072,44.462323,0 -67.838475,44.450946,0 
									</coordinates>
								</LinearRing>
							</outerBoundaryIs>
						</Polygon>
					</Placemark>
					<Placemark id="5C7726A3FC000708">
						<name>Atlantica</name>
						<description>See: 2050-snapshot/domains/borders-geopolitics.md#atlantica</description>
						<styleUrl>#__managed_style_574E0A13EB3F8CDEB5E3</styleUrl>
						<Polygon>
							<outerBoundaryIs>
								<LinearRing>
									<coordinates>
										-68.151768,44.458252,0 -68.154145,44.465038,0 -68.162226,44.465207,0 -68.151768,44.458252,0 
									</coordinates>
								</LinearRing>
							</outerBoundaryIs>
						</Polygon>
					</Placemark>
					<Placemark id="5C7726A3FC000709">
						<name>Atlantica</name>
						<description>See: 2050-snapshot/domains/borders-geopolitics.md#atlantica</description>
						<styleUrl>#__managed_style_574E0A13EB3F8CDEB5E3</styleUrl>
						<Polygon>
							<outerBoundaryIs>
								<LinearRing>
									<coordinates>
										-68.18338,44.468769,0 -68.166267,44.463002,0 -68.16602899999999,44.464529,0 -68.18338,44.468769,0 
									</coordinates>
								</LinearRing>
							</outerBoundaryIs>
						</Polygon>
					</Placemark>
					<Placemark id="5C7726A3FC00070A">
						<name>Atlantica</name>
						<description>See: 2050-snapshot/domains/borders-geopolitics.md#atlantica</description>
						<styleUrl>#__managed_style_574E0A13EB3F8CDEB5E3</styleUrl>
						<Polygon>
							<outerBoundaryIs>
								<LinearRing>
									<coordinates>
										-68.20381999999999,44.475045,0 -68.204533,44.477419,0 -68.209762,44.473858,0 -68.20381999999999,44.475045,0 
									</coordinates>
								</LinearRing>
							</outerBoundaryIs>
						</Polygon>
					</Placemark>
					<Placemark id="5C7726A3FC00070B">
						<name>Atlantica</name>
						<description>See: 2050-snapshot/domains/borders-geopolitics.md#atlantica</description>
						<styleUrl>#__managed_style_574E0A13EB3F8CDEB5E3</styleUrl>
						<Polygon>
							<outerBoundaryIs>
								<LinearRing>
									<coordinates>
										-68.200968,44.494037,0 -68.206435,44.493019,0 -68.201206,44.490646,0 -68.200968,44.494037,0 
									</coordinates>
								</LinearRing>
							</outerBoundaryIs>
						</Polygon>
					</Placemark>
					<Placemark id="5C7726A3FC00070C">
						<name>Atlantica</name>
						<description>See: 2050-snapshot/domains/borders-geopolitics.md#atlantica</description>
						<styleUrl>#__managed_style_574E0A13EB3F8CDEB5E3</styleUrl>
						<Polygon>
							<outerBoundaryIs>
								<LinearRing>
									<coordinates>
										-67.829712,44.516412,0 -67.825672,44.540812,0 -67.832802,44.539964,0 -67.829712,44.516412,0 
									</coordinates>
								</LinearRing>
							</outerBoundaryIs>
						</Polygon>
					</Placemark>
					<Placemark id="5C7726A3FC00070D">
						<name>Atlantica</name>
						<description>See: 2050-snapshot/domains/borders-geopolitics.md#atlantica</description>
						<styleUrl>#__managed_style_574E0A13EB3F8CDEB5E3</styleUrl>
						<Polygon>
							<outerBoundaryIs>
								<LinearRing>
									<coordinates>
										-67.83613,44.552161,0 -67.825909,44.545047,0 -67.825909,44.549451,0 -67.83613,44.552161,0 
									</coordinates>
								</LinearRing>
							</outerBoundaryIs>
						</Polygon>
					</Placemark>
					<Placemark id="5C7726A3FC00070E">
						<name>Atlantica</name>
						<description>See: 2050-snapshot/domains/borders-geopolitics.md#atlantica</description>
						<styleUrl>#__managed_style_574E0A13EB3F8CDEB5E3</styleUrl>
						<Polygon>
							<outerBoundaryIs>
								<LinearRing>
									<coordinates>
										-67.59995499999999,44.441753,0 -67.601797,44.444746,0 -67.60274699999999,44.444237,0 -67.59995499999999,44.441753,0 
									</coordinates>
								</LinearRing>
							</outerBoundaryIs>
						</Polygon>
					</Placemark>
					<Placemark id="5C7726A3FC00070F">
						<name>Atlantica</name>
						<description>See: 2050-snapshot/domains/borders-geopolitics.md#atlantica</description>
						<styleUrl>#__managed_style_574E0A13EB3F8CDEB5E3</styleUrl>
						<Polygon>
							<outerBoundaryIs>
								<LinearRing>
									<coordinates>
										-67.822322,44.446275,0 -67.825857,44.442819,0 -67.82173400000001,44.44219,0 -67.822322,44.446275,0 
									</coordinates>
								</LinearRing>
							</outerBoundaryIs>
						</Polygon>
					</Placemark>
					<Placemark id="5C7726A3FC000710">
						<name>Atlantica</name>
						<description>See: 2050-snapshot/domains/borders-geopolitics.md#atlantica</description>
						<styleUrl>#__managed_style_574E0A13EB3F8CDEB5E3</styleUrl>
						<Polygon>
							<outerBoundaryIs>
								<LinearRing>
									<coordinates>
										-67.605599,44.445933,0 -67.61193900000001,44.452712,0 -67.611599,44.443584,0 -67.605599,44.445933,0 
									</coordinates>
								</LinearRing>
							</outerBoundaryIs>
						</Polygon>
					</Placemark>
					<Placemark id="5C7726A3FC000711">
						<name>Atlantica</name>
						<description>See: 2050-snapshot/domains/borders-geopolitics.md#atlantica</description>
						<styleUrl>#__managed_style_574E0A13EB3F8CDEB5E3</styleUrl>
						<Polygon>
							<outerBoundaryIs>
								<LinearRing>
									<coordinates>
										-67.70683200000001,44.456895,0 -67.704353,44.460599,0 -67.70863799999999,44.460733,0 -67.70683200000001,44.456895,0 
									</coordinates>
								</LinearRing>
							</outerBoundaryIs>
						</Polygon>
					</Placemark>
					<Placemark id="5C7726A3FC000712">
						<name>Atlantica</name>
						<description>See: 2050-snapshot/domains/borders-geopolitics.md#atlantica</description>
						<styleUrl>#__managed_style_574E0A13EB3F8CDEB5E3</styleUrl>
						<Polygon>
							<outerBoundaryIs>
								<LinearRing>
									<coordinates>
										-67.61843399999999,44.460185,0 -67.62292600000001,44.464459,0 -67.62295,44.46239,0 -67.61843399999999,44.460185,0 
									</coordinates>
								</LinearRing>
							</outerBoundaryIs>
						</Polygon>
					</Placemark>
					<Placemark id="5C7726A3FC000713">
						<name>Atlantica</name>
						<description>See: 2050-snapshot/domains/borders-geopolitics.md#atlantica</description>
						<styleUrl>#__managed_style_574E0A13EB3F8CDEB5E3</styleUrl>
						<Polygon>
							<outerBoundaryIs>
								<LinearRing>
									<coordinates>
										-67.67519,44.461665,0 -67.669858,44.463525,0 -67.676884,44.463002,0 -67.67519,44.461665,0 
									</coordinates>
								</LinearRing>
							</outerBoundaryIs>
						</Polygon>
					</Placemark>
					<Placemark id="5C7726A3FC000714">
						<name>Atlantica</name>
						<description>See: 2050-snapshot/domains/borders-geopolitics.md#atlantica</description>
						<styleUrl>#__managed_style_574E0A13EB3F8CDEB5E3</styleUrl>
						<Polygon>
							<outerBoundaryIs>
								<LinearRing>
									<coordinates>
										-67.74746399999999,44.463768,0 -67.745098,44.462323,0 -67.742959,44.465207,0 -67.74746399999999,44.463768,0 
									</coordinates>
								</LinearRing>
							</outerBoundaryIs>
						</Polygon>
					</Placemark>
					<Placemark id="5C7726A3FC000715">
						<name>Atlantica</name>
						<description>See: 2050-snapshot/domains/borders-geopolitics.md#atlantica</description>
						<styleUrl>#__managed_style_574E0A13EB3F8CDEB5E3</styleUrl>
						<Polygon>
							<outerBoundaryIs>
								<LinearRing>
									<coordinates>
										-67.732264,44.467412,0 -67.740846,44.470064,0 -67.73773,44.463002,0 -67.732264,44.467412,0 
									</coordinates>
								</LinearRing>
							</outerBoundaryIs>
						</Polygon>
					</Placemark>
					<Placemark id="5C7726A3FC000716">
						<name>Atlantica</name>
						<description>See: 2050-snapshot/domains/borders-geopolitics.md#atlantica</description>
						<styleUrl>#__managed_style_574E0A13EB3F8CDEB5E3</styleUrl>
						<Polygon>
							<outerBoundaryIs>
								<LinearRing>
									<coordinates>
										-67.672645,44.473289,0 -67.67522,44.466055,0 -67.673794,44.465546,0 -67.672645,44.473289,0 
									</coordinates>
								</LinearRing>
							</outerBoundaryIs>
						</Polygon>
					</Placemark>
					<Placemark id="5C7726A3FC000717">
						<name>Atlantica</name>
						<description>See: 2050-snapshot/domains/borders-geopolitics.md#atlantica</description>
						<styleUrl>#__managed_style_574E0A13EB3F8CDEB5E3</styleUrl>
						<Polygon>
							<outerBoundaryIs>
								<LinearRing>
									<coordinates>
										-67.77979999999999,44.47708,0 -67.792159,44.480811,0 -67.789024,44.472355,0 -67.77979999999999,44.47708,0 
									</coordinates>
								</LinearRing>
							</outerBoundaryIs>
						</Polygon>
					</Placemark>
					<Placemark id="5C7726A3FC000718">
						<name>Atlantica</name>
						<description>See: 2050-snapshot/domains/borders-geopolitics.md#atlantica</description>
						<styleUrl>#__managed_style_574E0A13EB3F8CDEB5E3</styleUrl>
						<Polygon>
							<outerBoundaryIs>
								<LinearRing>
									<coordinates>
										-67.673171,44.475884,0 -67.663899,44.484792,0 -67.68038900000001,44.480374,0 -67.673171,44.475884,0 
									</coordinates>
								</LinearRing>
							</outerBoundaryIs>
						</Polygon>
					</Placemark>
					<Placemark id="5C7726A3FC000719">
						<name>Atlantica</name>
						<description>See: 2050-snapshot/domains/borders-geopolitics.md#atlantica</description>
						<styleUrl>#__managed_style_574E0A13EB3F8CDEB5E3</styleUrl>
						<Polygon>
							<outerBoundaryIs>
								<LinearRing>
									<coordinates>
										-67.617959,44.521563,0 -67.621286,44.507835,0 -67.604919,44.502056,0 -67.61469200000001,44.487037,0 -67.58919899999999,44.447291,0 -67.562651,44.472104,0 -67.590627,44.49415,0 -67.577315,44.521732,0 -67.60274699999999,44.509021,0 -67.599182,44.52258,0 -67.617959,44.521563,0 
									</coordinates>
								</LinearRing>
							</outerBoundaryIs>
						</Polygon>
					</Placemark>
					<Placemark id="5C7726A3FC00071A">
						<name>Atlantica</name>
						<description>See: 2050-snapshot/domains/borders-geopolitics.md#atlantica</description>
						<styleUrl>#__managed_style_574E0A13EB3F8CDEB5E3</styleUrl>
						<Polygon>
							<outerBoundaryIs>
								<LinearRing>
									<coordinates>
										-67.698751,44.487763,0 -67.692654,44.483646,0 -67.691858,44.48522,0 -67.698751,44.487763,0 
									</coordinates>
								</LinearRing>
							</outerBoundaryIs>
						</Polygon>
					</Placemark>
					<Placemark id="5C7726A3FC00071B">
						<name>Atlantica</name>
						<description>See: 2050-snapshot/domains/borders-geopolitics.md#atlantica</description>
						<styleUrl>#__managed_style_574E0A13EB3F8CDEB5E3</styleUrl>
						<Polygon>
							<outerBoundaryIs>
								<LinearRing>
									<coordinates>
										-67.835892,44.481828,0 -67.822582,44.484711,0 -67.82614700000001,44.490646,0 -67.835892,44.481828,0 
									</coordinates>
								</LinearRing>
							</outerBoundaryIs>
						</Polygon>
					</Placemark>
					<Placemark id="5C7726A3FC00071C">
						<name>Atlantica</name>
						<description>See: 2050-snapshot/domains/borders-geopolitics.md#atlantica</description>
						<styleUrl>#__managed_style_574E0A13EB3F8CDEB5E3</styleUrl>
						<Polygon>
							<outerBoundaryIs>
								<LinearRing>
									<coordinates>
										-67.671893,44.487763,0 -67.664287,44.495054,0 -67.673794,44.490476,0 -67.671893,44.487763,0 
									</coordinates>
								</LinearRing>
							</outerBoundaryIs>
						</Polygon>
					</Placemark>
					<Placemark id="5C7726A3FC00071D">
						<name>Atlantica</name>
						<description>See: 2050-snapshot/domains/borders-geopolitics.md#atlantica</description>
						<styleUrl>#__managed_style_574E0A13EB3F8CDEB5E3</styleUrl>
						<Polygon>
							<outerBoundaryIs>
								<LinearRing>
									<coordinates>
										-67.629605,44.498681,0 -67.63293299999999,44.499189,0 -67.630318,44.490034,0 -67.629605,44.498681,0 
									</coordinates>
								</LinearRing>
							</outerBoundaryIs>
						</Polygon>
					</Placemark>
					<Placemark id="5C7726A3FC00071E">
						<name>Atlantica</name>
						<description>See: 2050-snapshot/domains/borders-geopolitics.md#atlantica</description>
						<styleUrl>#__managed_style_574E0A13EB3F8CDEB5E3</styleUrl>
						<Polygon>
							<outerBoundaryIs>
								<LinearRing>
									<coordinates>
										-67.54309000000001,44.473755,0 -67.510628,44.496414,0 -67.534745,44.519619,0 -67.563768,44.510547,0 -67.54309000000001,44.473755,0 
									</coordinates>
								</LinearRing>
							</outerBoundaryIs>
						</Polygon>
					</Placemark>
					<Placemark id="5C7726A3FC00071F">
						<name>Atlantica</name>
						<description>See: 2050-snapshot/domains/borders-geopolitics.md#atlantica</description>
						<styleUrl>#__managed_style_574E0A13EB3F8CDEB5E3</styleUrl>
						<Polygon>
							<outerBoundaryIs>
								<LinearRing>
									<coordinates>
										-67.81450100000001,44.49658,0 -67.79667499999999,44.482846,0 -67.791208,44.493867,0 -67.81046000000001,44.512683,0 -67.81450100000001,44.49658,0 
									</coordinates>
								</LinearRing>
							</outerBoundaryIs>
						</Polygon>
					</Placemark>
					<Placemark id="5C7726A3FC000720">
						<name>Atlantica</name>
						<description>See: 2050-snapshot/domains/borders-geopolitics.md#atlantica</description>
						<styleUrl>#__managed_style_574E0A13EB3F8CDEB5E3</styleUrl>
						<Polygon>
							<outerBoundaryIs>
								<LinearRing>
									<coordinates>
										-67.751548,44.494849,0 -67.75501199999999,44.504808,0 -67.759834,44.496241,0 -67.751548,44.494849,0 
									</coordinates>
								</LinearRing>
							</outerBoundaryIs>
						</Polygon>
					</Placemark>
					<Placemark id="5C7726A3FC000721">
						<name>Atlantica</name>
						<description>See: 2050-snapshot/domains/borders-geopolitics.md#atlantica</description>
						<styleUrl>#__managed_style_574E0A13EB3F8CDEB5E3</styleUrl>
						<Polygon>
							<outerBoundaryIs>
								<LinearRing>
									<coordinates>
										-67.625564,44.513258,0 -67.644817,44.517495,0 -67.64766899999999,44.506818,0 -67.625564,44.513258,0 
									</coordinates>
								</LinearRing>
							</outerBoundaryIs>
						</Polygon>
					</Placemark>
					<Placemark id="5C7726A3FC000722">
						<name>Atlantica</name>
						<description>See: 2050-snapshot/domains/borders-geopolitics.md#atlantica</description>
						<styleUrl>#__managed_style_574E0A13EB3F8CDEB5E3</styleUrl>
						<Polygon>
							<outerBoundaryIs>
								<LinearRing>
									<coordinates>
										-67.663118,44.512581,0 -67.660979,44.511564,0 -67.65931500000001,44.51597,0 -67.663118,44.512581,0 
									</coordinates>
								</LinearRing>
							</outerBoundaryIs>
						</Polygon>
					</Placemark>
					<Placemark id="5C7726A3FC000723">
						<name>Atlantica</name>
						<description>See: 2050-snapshot/domains/borders-geopolitics.md#atlantica</description>
						<styleUrl>#__managed_style_574E0A13EB3F8CDEB5E3</styleUrl>
						<Polygon>
							<outerBoundaryIs>
								<LinearRing>
									<coordinates>
										-67.805944,44.517259,0 -67.802398,44.512949,0 -67.80404299999999,44.519123,0 -67.805944,44.517259,0 
									</coordinates>
								</LinearRing>
							</outerBoundaryIs>
						</Polygon>
					</Placemark>
					<Placemark id="5C7726A3FC000724">
						<name>Atlantica</name>
						<description>See: 2050-snapshot/domains/borders-geopolitics.md#atlantica</description>
						<styleUrl>#__managed_style_574E0A13EB3F8CDEB5E3</styleUrl>
						<Polygon>
							<outerBoundaryIs>
								<LinearRing>
									<coordinates>
										-67.66500000000001,44.531493,0 -67.667615,44.521665,0 -67.665238,44.521665,0 -67.65858299999999,44.530816,0 -67.66500000000001,44.531493,0 
									</coordinates>
								</LinearRing>
							</outerBoundaryIs>
						</Polygon>
					</Placemark>
					<Placemark id="5C7726A3FC000725">
						<name>Atlantica</name>
						<description>See: 2050-snapshot/domains/borders-geopolitics.md#atlantica</description>
						<styleUrl>#__managed_style_574E0A13EB3F8CDEB5E3</styleUrl>
						<Polygon>
							<outerBoundaryIs>
								<LinearRing>
									<coordinates>
										-67.536872,44.532115,0 -67.533817,44.529159,0 -67.529196,44.531989,0 -67.536872,44.532115,0 
									</coordinates>
								</LinearRing>
							</outerBoundaryIs>
						</Polygon>
					</Placemark>
					<Placemark id="5C7726A3FC000726">
						<name>Atlantica</name>
						<description>See: 2050-snapshot/domains/borders-geopolitics.md#atlantica</description>
						<styleUrl>#__managed_style_574E0A13EB3F8CDEB5E3</styleUrl>
						<Polygon>
							<outerBoundaryIs>
								<LinearRing>
									<coordinates>
										-67.762924,44.532679,0 -67.76221099999999,44.529291,0 -67.75888399999999,44.531324,0 -67.762924,44.532679,0 
									</coordinates>
								</LinearRing>
							</outerBoundaryIs>
						</Polygon>
					</Placemark>
					<Placemark id="5C7726A3FC000727">
						<name>Atlantica</name>
						<description>See: 2050-snapshot/domains/borders-geopolitics.md#atlantica</description>
						<styleUrl>#__managed_style_574E0A13EB3F8CDEB5E3</styleUrl>
						<Polygon>
							<outerBoundaryIs>
								<LinearRing>
									<coordinates>
										-67.76743999999999,44.534374,0 -67.763875,44.534374,0 -67.766014,44.537593,0 -67.76743999999999,44.534374,0 
									</coordinates>
								</LinearRing>
							</outerBoundaryIs>
						</Polygon>
					</Placemark>
					<Placemark id="5C7726A3FC000728">
						<name>Atlantica</name>
						<description>See: 2050-snapshot/domains/borders-geopolitics.md#atlantica</description>
						<styleUrl>#__managed_style_574E0A13EB3F8CDEB5E3</styleUrl>
						<Polygon>
							<outerBoundaryIs>
								<LinearRing>
									<coordinates>
										-67.44385800000001,44.555399,0 -67.440174,44.554937,0 -67.431618,44.557308,0 -67.44385800000001,44.555399,0 
									</coordinates>
								</LinearRing>
							</outerBoundaryIs>
						</Polygon>
					</Placemark>
					<Placemark id="5C7726A3FC000729">
						<name>Atlantica</name>
						<description>See: 2050-snapshot/domains/borders-geopolitics.md#atlantica</description>
						<styleUrl>#__managed_style_574E0A13EB3F8CDEB5E3</styleUrl>
						<Polygon>
							<outerBoundaryIs>
								<LinearRing>
									<coordinates>
										-67.48104499999999,44.565046,0 -67.47971699999999,44.562085,0 -67.478441,44.565098,0 -67.48104499999999,44.565046,0 
									</coordinates>
								</LinearRing>
							</outerBoundaryIs>
						</Polygon>
					</Placemark>
					<Placemark id="5C7726A3FC00072A">
						<name>Atlantica</name>
						<description>See: 2050-snapshot/domains/borders-geopolitics.md#atlantica</description>
						<styleUrl>#__managed_style_574E0A13EB3F8CDEB5E3</styleUrl>
						<Polygon>
							<outerBoundaryIs>
								<LinearRing>
									<coordinates>
										-67.474242,44.566648,0 -67.47137600000001,44.569095,0 -67.474478,44.568335,0 -67.474242,44.566648,0 
									</coordinates>
								</LinearRing>
							</outerBoundaryIs>
						</Polygon>
					</Placemark>
					<Placemark id="5C7726A3FC00072B">
						<name>Atlantica</name>
						<description>See: 2050-snapshot/domains/borders-geopolitics.md#atlantica</description>
						<styleUrl>#__managed_style_574E0A13EB3F8CDEB5E3</styleUrl>
						<Polygon>
							<outerBoundaryIs>
								<LinearRing>
									<coordinates>
										-67.364282,44.568749,0 -67.36792,44.570009,0 -67.367199,44.567418,0 -67.364282,44.568749,0 
									</coordinates>
								</LinearRing>
							</outerBoundaryIs>
						</Polygon>
					</Placemark>
					<Placemark id="5C7726A3FC00072C">
						<name>Atlantica</name>
						<description>See: 2050-snapshot/domains/borders-geopolitics.md#atlantica</description>
						<styleUrl>#__managed_style_574E0A13EB3F8CDEB5E3</styleUrl>
						<Polygon>
							<outerBoundaryIs>
								<LinearRing>
									<coordinates>
										-67.453722,44.572379,0 -67.464856,44.570979,0 -67.460562,44.569652,0 -67.453722,44.572379,0 
									</coordinates>
								</LinearRing>
							</outerBoundaryIs>
						</Polygon>
					</Placemark>
					<Placemark id="5C7726A3FC00072D">
						<name>Atlantica</name>
						<description>See: 2050-snapshot/domains/borders-geopolitics.md#atlantica</description>
						<styleUrl>#__managed_style_574E0A13EB3F8CDEB5E3</styleUrl>
						<Polygon>
							<outerBoundaryIs>
								<LinearRing>
									<coordinates>
										-67.40618600000001,44.567977,0 -67.403555,44.575124,0 -67.408044,44.569012,0 -67.40618600000001,44.567977,0 
									</coordinates>
								</LinearRing>
							</outerBoundaryIs>
						</Polygon>
					</Placemark>
					<Placemark id="5C7726A3FC00072E">
						<name>Atlantica</name>
						<description>See: 2050-snapshot/domains/borders-geopolitics.md#atlantica</description>
						<styleUrl>#__managed_style_574E0A13EB3F8CDEB5E3</styleUrl>
						<Polygon>
							<outerBoundaryIs>
								<LinearRing>
									<coordinates>
										-67.392163,44.574411,0 -67.396079,44.574496,0 -67.395883,44.572452,0 -67.392163,44.574411,0 
									</coordinates>
								</LinearRing>
							</outerBoundaryIs>
						</Polygon>
					</Placemark>
					<Placemark id="5C7726A3FC00072F">
						<name>Atlantica</name>
						<description>See: 2050-snapshot/domains/borders-geopolitics.md#atlantica</description>
						<styleUrl>#__managed_style_574E0A13EB3F8CDEB5E3</styleUrl>
						<Polygon>
							<outerBoundaryIs>
								<LinearRing>
									<coordinates>
										-67.48152899999999,44.580414,0 -67.51424400000001,44.597668,0 -67.52312499999999,44.58423,0 -67.541611,44.58934,0 -67.51841,44.554241,0 -67.489136,44.559679,0 -67.521461,44.573734,0 -67.48152899999999,44.580414,0 
									</coordinates>
								</LinearRing>
							</outerBoundaryIs>
						</Polygon>
					</Placemark>
					<Placemark id="5C7726A3FC000730">
						<name>Atlantica</name>
						<description>See: 2050-snapshot/domains/borders-geopolitics.md#atlantica</description>
						<styleUrl>#__managed_style_574E0A13EB3F8CDEB5E3</styleUrl>
						<Polygon>
							<outerBoundaryIs>
								<LinearRing>
									<coordinates>
										-67.355283,44.576178,0 -67.359601,44.579659,0 -67.357754,44.575633,0 -67.355283,44.576178,0 
									</coordinates>
								</LinearRing>
							</outerBoundaryIs>
						</Polygon>
					</Placemark>
					<Placemark id="5C7726A3FC000731">
						<name>Atlantica</name>
						<description>See: 2050-snapshot/domains/borders-geopolitics.md#atlantica</description>
						<styleUrl>#__managed_style_574E0A13EB3F8CDEB5E3</styleUrl>
						<Polygon>
							<outerBoundaryIs>
								<LinearRing>
									<coordinates>
										-67.393351,44.589647,0 -67.39667900000001,44.588462,0 -67.39263800000001,44.584907,0 -67.393351,44.589647,0 
									</coordinates>
								</LinearRing>
							</outerBoundaryIs>
						</Polygon>
					</Placemark>
					<Placemark id="5C7726A3FC000732">
						<name>Atlantica</name>
						<description>See: 2050-snapshot/domains/borders-geopolitics.md#atlantica</description>
						<styleUrl>#__managed_style_574E0A13EB3F8CDEB5E3</styleUrl>
						<Polygon>
							<outerBoundaryIs>
								<LinearRing>
									<coordinates>
										-67.374099,44.593201,0 -67.366665,44.599661,0 -67.37267300000001,44.598617,0 -67.374099,44.593201,0 
									</coordinates>
								</LinearRing>
							</outerBoundaryIs>
						</Polygon>
					</Placemark>
					<Placemark id="5C7726A3FC000733">
						<name>Atlantica</name>
						<description>See: 2050-snapshot/domains/borders-geopolitics.md#atlantica</description>
						<styleUrl>#__managed_style_574E0A13EB3F8CDEB5E3</styleUrl>
						<Polygon>
							<outerBoundaryIs>
								<LinearRing>
									<coordinates>
										-67.429479,44.597432,0 -67.426151,44.597432,0 -67.42686399999999,44.598786,0 -67.429479,44.597432,0 
									</coordinates>
								</LinearRing>
							</outerBoundaryIs>
						</Polygon>
					</Placemark>
					<Placemark id="5C7726A3FC000734">
						<name>Atlantica</name>
						<description>See: 2050-snapshot/domains/borders-geopolitics.md#atlantica</description>
						<styleUrl>#__managed_style_574E0A13EB3F8CDEB5E3</styleUrl>
						<Polygon>
							<outerBoundaryIs>
								<LinearRing>
									<coordinates>
										-67.383607,44.601663,0 -67.393114,44.598448,0 -67.392876,44.596586,0 -67.383607,44.601663,0 
									</coordinates>
								</LinearRing>
							</outerBoundaryIs>
						</Polygon>
					</Placemark>
					<Placemark id="5C7726A3FC000735">
						<name>Atlantica</name>
						<description>See: 2050-snapshot/domains/borders-geopolitics.md#atlantica</description>
						<styleUrl>#__managed_style_574E0A13EB3F8CDEB5E3</styleUrl>
						<Polygon>
							<outerBoundaryIs>
								<LinearRing>
									<coordinates>
										-67.491513,44.601663,0 -67.490325,44.604371,0 -67.491275,44.603694,0 -67.491513,44.601663,0 
									</coordinates>
								</LinearRing>
							</outerBoundaryIs>
						</Polygon>
					</Placemark>
					<Placemark id="5C7726A3FC000736">
						<name>Atlantica</name>
						<description>See: 2050-snapshot/domains/borders-geopolitics.md#atlantica</description>
						<styleUrl>#__managed_style_574E0A13EB3F8CDEB5E3</styleUrl>
						<Polygon>
							<outerBoundaryIs>
								<LinearRing>
									<coordinates>
										-67.301401,44.623611,0 -67.322513,44.609069,0 -67.314153,44.597468,0 -67.261668,44.604598,0 -67.301401,44.623611,0 
									</coordinates>
								</LinearRing>
							</outerBoundaryIs>
						</Polygon>
					</Placemark>
					<Placemark id="5C7726A3FC000737">
						<name>Atlantica</name>
						<description>See: 2050-snapshot/domains/borders-geopolitics.md#atlantica</description>
						<styleUrl>#__managed_style_574E0A13EB3F8CDEB5E3</styleUrl>
						<Polygon>
							<outerBoundaryIs>
								<LinearRing>
									<coordinates>
										-67.497693,44.62146,0 -67.50743799999999,44.622813,0 -67.503872,44.617061,0 -67.497693,44.62146,0 
									</coordinates>
								</LinearRing>
							</outerBoundaryIs>
						</Polygon>
					</Placemark>
					<Placemark id="5C7726A3FC000738">
						<name>Atlantica</name>
						<description>See: 2050-snapshot/domains/borders-geopolitics.md#atlantica</description>
						<styleUrl>#__managed_style_574E0A13EB3F8CDEB5E3</styleUrl>
						<Polygon>
							<outerBoundaryIs>
								<LinearRing>
									<coordinates>
										-67.354372,44.644632,0 -67.352233,44.642941,0 -67.352233,44.644801,0 -67.354372,44.644632,0 
									</coordinates>
								</LinearRing>
							</outerBoundaryIs>
						</Polygon>
					</Placemark>
					<Placemark id="5C7726A3FC000739">
						<name>Atlantica</name>
						<description>See: 2050-snapshot/domains/borders-geopolitics.md#atlantica</description>
						<styleUrl>#__managed_style_574E0A13EB3F8CDEB5E3</styleUrl>
						<Polygon>
							<outerBoundaryIs>
								<LinearRing>
									<coordinates>
										-67.35674899999999,44.64683,0 -67.36102700000001,44.652072,0 -67.36316600000001,44.647337,0 -67.35674899999999,44.64683,0 
									</coordinates>
								</LinearRing>
							</outerBoundaryIs>
						</Polygon>
					</Placemark>
					<Placemark id="5C7726A3FC00073A">
						<name>Atlantica</name>
						<description>See: 2050-snapshot/domains/borders-geopolitics.md#atlantica</description>
						<styleUrl>#__managed_style_574E0A13EB3F8CDEB5E3</styleUrl>
						<Polygon>
							<outerBoundaryIs>
								<LinearRing>
									<coordinates>
										-67.330146,44.647671,0 -67.331317,44.652748,0 -67.334407,44.648521,0 -67.330146,44.647671,0 
									</coordinates>
								</LinearRing>
							</outerBoundaryIs>
						</Polygon>
					</Placemark>
					<Placemark id="5C7726A3FC00073B">
						<name>Atlantica</name>
						<description>See: 2050-snapshot/domains/borders-geopolitics.md#atlantica</description>
						<styleUrl>#__managed_style_574E0A13EB3F8CDEB5E3</styleUrl>
						<Polygon>
							<outerBoundaryIs>
								<LinearRing>
									<coordinates>
										-67.36934599999999,44.669147,0 -67.366731,44.664413,0 -67.350331,44.669316,0 -67.36934599999999,44.669147,0 
									</coordinates>
								</LinearRing>
							</outerBoundaryIs>
						</Polygon>
					</Placemark>
					<Placemark id="5C7726A3FC00073C">
						<name>Atlantica</name>
						<description>See: 2050-snapshot/domains/borders-geopolitics.md#atlantica</description>
						<styleUrl>#__managed_style_574E0A13EB3F8CDEB5E3</styleUrl>
						<Polygon>
							<outerBoundaryIs>
								<LinearRing>
									<coordinates>
										-67.330129,44.683851,0 -67.332981,44.682837,0 -67.33393100000001,44.677936,0 -67.330129,44.683851,0 
									</coordinates>
								</LinearRing>
							</outerBoundaryIs>
						</Polygon>
					</Placemark>
				</Document>
</kml>
