<?xml version='1.0' encoding='UTF-8'?>
<kml xmlns="http://www.opengis.net/kml/2.2">
  <Document>
    <name>Denendeh</name>
    <Placemark>
      <name>Denendeh</name>
      <Polygon>
        <outerBoundaryIs>
          <LinearRing>
            <coordinates>-135.566762,69.386054,0 -135.551666,69.407131,0 -135.521596,69.407416,0 -135.460927,69.393541,0 -135.389150,69.400051,0 -135.353383,69.397040,0 -135.320953,69.379869,0 -135.340688,69.363471,0 -135.348297,69.359361,0 -135.326243,69.354967,0 -135.280995,69.361762,0 -135.272572,69.348822,0 -135.278188,69.331529,0 -135.291575,69.315904,0 -135.307607,69.309149,0 -135.344960,69.332831,0 -135.372792,69.343695,0 -135.566762,69.386054,0</coordinates>
          </LinearRing>
        </outerBoundaryIs>
      </Polygon>
    </Placemark>
    <Placemark>
      <name>Denendeh</name>
      <Polygon>
        <outerBoundaryIs>
          <LinearRing>
            <coordinates>-133.929433,69.577867,0 -133.888336,69.571967,0 -133.928782,69.564887,0 -133.949859,69.564195,0 -134.018178,69.577867,0 -134.018300,69.582506,0 -134.016957,69.585883,0 -134.011342,69.592108,0 -133.998280,69.593573,0 -133.978424,69.603461,0 -133.901438,69.626899,0 -133.887359,69.626370,0 -133.861155,69.619452,0 -133.860178,69.617174,0 -133.858754,69.612494,0 -133.855824,69.607896,0 -133.850575,69.605780,0 -133.812734,69.605780,0 -133.830434,69.593492,0 -133.929433,69.585354,0 -133.929433,69.577867,0</coordinates>
          </LinearRing>
        </outerBoundaryIs>
      </Polygon>
    </Placemark>
    <Placemark>
      <name>Denendeh</name>
      <Polygon>
        <outerBoundaryIs>
          <LinearRing>
            <coordinates>-135.574208,69.577867,0 -135.592885,69.593655,0 -135.581044,69.609280,0 -135.536366,69.636868,0 -135.510976,69.648383,0 -135.473215,69.653388,0 -135.402943,69.654202,0 -135.411692,69.642320,0 -135.464426,69.592108,0 -135.488881,69.579250,0 -135.517974,69.572252,0 -135.547719,69.571682,0 -135.574208,69.577867,0</coordinates>
          </LinearRing>
        </outerBoundaryIs>
      </Polygon>
    </Placemark>
    <Placemark>
      <name>Denendeh</name>
      <Polygon>
        <outerBoundaryIs>
          <LinearRing>
            <coordinates>-124.959218,70.167548,0 -124.969228,70.165595,0 -124.978261,70.161363,0 -124.986195,70.155219,0 -124.992747,70.147040,0 -124.986480,70.147040,0 -125.007802,70.136176,0 -125.067779,70.146674,0 -125.096344,70.140204,0 -125.047963,70.126614,0 -125.066151,70.120795,0 -125.085764,70.119574,0 -125.105336,70.121812,0 -125.123687,70.126614,0 -125.120107,70.144192,0 -125.104970,70.157050,0 -125.084584,70.164862,0 -124.978098,70.170722,0 -124.959218,70.167548,0</coordinates>
          </LinearRing>
        </outerBoundaryIs>
      </Polygon>
    </Placemark>
    <Placemark>
      <name>Denendeh</name>
      <Polygon>
        <outerBoundaryIs>
          <LinearRing>
            <coordinates>-113.165517,70.312161,0 -113.056304,70.311347,0 -112.976877,70.301663,0 -112.946401,70.290432,0 -112.961090,70.285549,0 -112.976430,70.283840,0 -113.163401,70.283433,0 -113.207102,70.297838,0 -113.193593,70.298041,0 -113.184397,70.303168,0 -113.176137,70.309272,0 -113.165517,70.312161,0</coordinates>
          </LinearRing>
        </outerBoundaryIs>
      </Polygon>
    </Placemark>
    <Placemark>
      <name>Denendeh</name>
      <Polygon>
        <outerBoundaryIs>
          <LinearRing>
            <coordinates>-111.952707,70.325141,0 -111.880767,70.317694,0 -111.671498,70.312161,0 -112.108469,70.300930,0 -112.311513,70.346910,0 -112.322621,70.356187,0 -112.311757,70.366278,0 -112.286773,70.368964,0 -112.094553,70.354193,0 -111.952707,70.325141,0</coordinates>
          </LinearRing>
        </outerBoundaryIs>
      </Polygon>
    </Placemark>
    <Placemark>
      <name>Denendeh</name>
      <Polygon>
        <outerBoundaryIs>
          <LinearRing>
            <coordinates>-116.664052,70.497056,0 -116.610911,70.493354,0 -116.586293,70.485175,0 -116.571197,70.469794,0 -116.606679,70.478705,0 -116.752919,70.478013,0 -116.785756,70.483222,0 -116.815175,70.493720,0 -116.831939,70.510728,0 -116.790924,70.510728,0 -116.664052,70.497056,0</coordinates>
          </LinearRing>
        </outerBoundaryIs>
      </Polygon>
    </Placemark>
    <Placemark>
      <name>Denendeh</name>
      <Polygon>
        <outerBoundaryIs>
          <LinearRing>
            <coordinates>-116.263417,70.551703,0 -116.156646,70.548529,0 -116.125600,70.538072,0 -116.228627,70.538072,0 -116.247670,70.533393,0 -116.282541,70.520331,0 -116.300649,70.517646,0 -116.354237,70.519761,0 -116.453114,70.511949,0 -116.475657,70.514350,0 -116.496165,70.523830,0 -116.471832,70.537340,0 -116.443471,70.543158,0 -116.413157,70.541897,0 -116.383168,70.534654,0 -116.352651,70.533393,0 -116.297475,70.554633,0 -116.263417,70.551703,0</coordinates>
          </LinearRing>
        </outerBoundaryIs>
      </Polygon>
    </Placemark>
    <Placemark>
      <name>Denendeh</name>
      <Polygon>
        <outerBoundaryIs>
          <LinearRing>
            <coordinates>-116.722076,70.558539,0 -116.680002,70.568183,0 -116.610463,70.571031,0 -116.543609,70.565863,0 -116.509755,70.551703,0 -116.540639,70.543687,0 -116.744456,70.542426,0 -116.777333,70.551703,0 -116.750396,70.558417,0 -116.736318,70.559394,0 -116.722076,70.558539,0</coordinates>
          </LinearRing>
        </outerBoundaryIs>
      </Polygon>
    </Placemark>
    <Placemark>
      <name>Denendeh</name>
      <Polygon>
        <outerBoundaryIs>
          <LinearRing>
            <coordinates>-115.885976,70.582180,0 -115.863922,70.584703,0 -115.834788,70.581610,0 -115.815785,70.573676,0 -115.824290,70.561957,0 -115.879221,70.546210,0 -115.942128,70.542304,0 -116.064117,70.551703,0 -116.006988,70.559027,0 -115.989084,70.565375,0 -115.909576,70.574774,0 -115.885976,70.582180,0</coordinates>
          </LinearRing>
        </outerBoundaryIs>
      </Polygon>
    </Placemark>
    <Placemark>
      <name>Denendeh</name>
      <Polygon>
        <outerBoundaryIs>
          <LinearRing>
            <coordinates>-117.057240,70.571601,0 -116.917551,70.566474,0 -116.879750,70.551703,0 -116.908315,70.543158,0 -117.002594,70.551703,0 -117.221995,70.543118,0 -117.275787,70.550279,0 -117.304270,70.571601,0 -117.239735,70.592719,0 -117.215484,70.592719,0 -117.057240,70.571601,0</coordinates>
          </LinearRing>
        </outerBoundaryIs>
      </Polygon>
    </Placemark>
    <Placemark>
      <name>Denendeh</name>
      <Polygon>
        <outerBoundaryIs>
          <LinearRing>
            <coordinates>-136.444872,68.909902,0 -136.416493,68.904486,0 -136.239125,68.886420,0 -136.067616,68.885321,0 -135.881500,68.850246,0 -135.853668,68.837307,0 -135.781606,68.821601,0 -135.772043,68.813625,0 -135.758616,68.797065,0 -135.733754,68.784573,0 -135.702626,68.775051,0 -135.635650,68.762885,0 -135.518544,68.755072,0 -135.488271,68.739000,0 -135.480092,68.731350,0 -135.462066,68.718004,0 -135.443918,68.708197,0 -135.426584,68.702460,0 -135.419342,68.701402,0 -135.412262,68.698635,0 -135.410797,68.692043,0 -135.411204,68.685045,0 -135.409779,68.680976,0 -135.378774,68.674018,0 -135.291249,68.687201,0 -135.256012,68.682278,0 -135.186757,68.662421,0 -135.149037,68.660468,0 -135.162424,68.672431,0 -135.199778,68.674750,0 -135.211171,68.687201,0 -135.205149,68.688544,0 -135.190053,68.693996,0 -135.218902,68.696967,0 -135.271799,68.717108,0 -135.321685,68.726142,0 -135.335439,68.736558,0 -135.358876,68.770413,0 -135.361724,68.777167,0 -135.367909,68.782131,0 -135.397084,68.786038,0 -135.425933,68.794989,0 -135.461822,68.800930,0 -135.480336,68.811428,0 -135.495025,68.826728,0 -135.505360,68.845445,0 -135.340891,68.838609,0 -135.409535,68.853502,0 -135.570302,68.859280,0 -135.628245,68.893256,0 -135.615102,68.899644,0 -135.606068,68.911363,0 -135.824859,68.903388,0 -135.868479,68.906928,0 -136.004994,68.947903,0 -135.993560,68.965969,0 -135.971344,68.968248,0 -135.923085,68.962144,0 -135.923085,68.968329,0 -135.973785,68.995510,0 -135.990590,69.015937,0 -135.981760,69.040676,0 -135.954172,69.048407,0 -135.916493,69.039252,0 -135.847971,69.009345,0 -135.769928,68.991523,0 -135.681304,68.991523,0 -135.593821,69.005561,0 -135.519032,69.029771,0 -135.694976,69.015367,0 -135.707387,69.020209,0 -135.712229,69.027289,0 -135.715688,69.040351,0 -135.721344,69.047187,0 -135.742543,69.059312,0 -135.919423,69.093492,0 -135.936676,69.105536,0 -135.950347,69.160142,0 -135.963287,69.188910,0 -135.969106,69.207221,0 -135.967763,69.222154,0 -135.933827,69.254136,0 -135.894521,69.251654,0 -135.813222,69.215399,0 -135.787913,69.209174,0 -135.778228,69.205146,0 -135.751576,69.183987,0 -135.588043,69.124905,0 -135.472035,69.115139,0 -135.415924,69.098700,0 -135.433176,69.117580,0 -135.476226,69.130276,0 -135.593007,69.143256,0 -135.625356,69.152655,0 -135.836293,69.260932,0 -135.855377,69.290473,0 -135.837880,69.309068,0 -135.804189,69.321845,0 -135.766835,69.329088,0 -135.701527,69.332831,0 -135.682200,69.330268,0 -135.666127,69.321845,0 -135.661204,69.318183,0 -135.650868,69.312201,0 -135.645619,69.307563,0 -135.643137,69.301744,0 -135.644032,69.289008,0 -135.642486,69.283677,0 -135.628041,69.268622,0 -135.583852,69.235419,0 -135.567372,69.229071,0 -135.557037,69.238715,0 -135.569569,69.260688,0 -135.601552,69.297919,0 -135.609690,69.312161,0 -135.613149,69.321601,0 -135.612131,69.328315,0 -135.600982,69.335842,0 -135.585683,69.341742,0 -135.569325,69.344672,0 -135.515533,69.338284,0 -135.473541,69.338365,0 -135.433420,69.333930,0 -135.374094,69.299547,0 -135.339345,69.288967,0 -135.175893,69.262152,0 -135.166656,69.263007,0 -135.162709,69.266547,0 -135.162913,69.272284,0 -135.163971,69.277818,0 -135.166900,69.282050,0 -135.172678,69.283677,0 -135.186350,69.285549,0 -135.203481,69.290473,0 -135.219797,69.297065,0 -135.231028,69.304145,0 -135.239817,69.315009,0 -135.239980,69.321682,0 -135.237457,69.328274,0 -135.238433,69.338935,0 -135.244862,69.356757,0 -135.248687,69.362454,0 -135.255483,69.369615,0 -135.275990,69.400336,0 -135.282379,69.404608,0 -135.284332,69.414537,0 -135.283030,69.425971,0 -135.279408,69.434516,0 -135.267161,69.441840,0 -135.211171,69.454332,0 -135.155385,69.479722,0 -135.126617,69.482367,0 -135.108062,69.461819,0 -135.099477,69.472480,0 -135.088735,69.478461,0 -135.075673,69.481187,0 -135.060292,69.482245,0 -135.066518,69.482245,0 -135.035390,69.488593,0 -134.978993,69.478217,0 -134.950429,69.476060,0 -134.893544,69.489691,0 -134.862945,69.493394,0 -134.818918,69.482652,0 -134.811147,69.489081,0 -134.806467,69.502753,0 -134.794057,69.499579,0 -134.787953,69.493232,0 -134.784169,69.486477,0 -134.779124,69.482245,0 -134.746083,69.478095,0 -134.641347,69.482245,0 -134.533559,69.450385,0 -134.476308,69.443793,0 -134.425933,69.465237,0 -134.416412,69.497463,0 -134.450307,69.516750,0 -134.500315,69.517890,0 -134.538930,69.495917,0 -134.528879,69.485297,0 -134.525258,69.482245,0 -134.541371,69.475572,0 -134.557362,69.479315,0 -134.587310,69.495917,0 -134.576812,69.506659,0 -134.573069,69.509589,0 -134.594472,69.512885,0 -134.594594,69.527533,0 -134.584137,69.543647,0 -134.573354,69.551174,0 -134.559722,69.549221,0 -134.539215,69.539944,0 -134.525258,69.536851,0 -134.511627,69.537665,0 -134.485219,69.543687,0 -134.471262,69.544338,0 -134.491119,69.564195,0 -134.487172,69.568345,0 -134.468332,69.582261,0 -134.441640,69.591051,0 -134.427358,69.604885,0 -134.405507,69.636868,0 -134.410064,69.656928,0 -134.438791,69.681830,0 -134.497955,69.722480,0 -134.480946,69.727484,0 -134.464182,69.724189,0 -134.447133,69.718248,0 -134.429351,69.715033,0 -134.410512,69.717760,0 -134.374989,69.727118,0 -134.343007,69.722805,0 -134.328521,69.725165,0 -134.319895,69.723578,0 -134.319203,69.708808,0 -134.323476,69.696723,0 -134.330963,69.689602,0 -134.341176,69.685248,0 -134.353993,69.681545,0 -134.334788,69.673285,0 -134.255727,69.682603,0 -134.224233,69.681545,0 -134.205881,69.670111,0 -134.191151,69.655504,0 -134.174184,69.643744,0 -134.149159,69.640570,0 -134.149159,69.633124,0 -134.197011,69.620429,0 -134.219635,69.609524,0 -134.237294,69.592108,0 -134.242421,69.577216,0 -134.229400,69.578925,0 -134.207590,69.587144,0 -134.186391,69.592108,0 -134.177846,69.587795,0 -134.173940,69.568549,0 -134.165883,69.564195,0 -134.153879,69.561103,0 -134.132436,69.547431,0 -134.120920,69.544338,0 -134.091420,69.548651,0 -134.064320,69.556871,0 -134.036366,69.562242,0 -134.004506,69.558051,0 -134.011871,69.546698,0 -134.024159,69.539984,0 -134.052317,69.530707,0 -133.998280,69.530707,0 -133.985097,69.528144,0 -133.976633,69.524400,0 -133.970082,69.520413,0 -133.962961,69.517035,0 -133.942494,69.513007,0 -133.914662,69.511664,0 -133.885487,69.514594,0 -133.861155,69.523261,0 -133.866200,69.526190,0 -133.875722,69.533881,0 -133.880971,69.536851,0 -133.860911,69.543850,0 -133.818430,69.544501,0 -133.799062,69.551174,0 -133.805816,69.552883,0 -133.818186,69.557359,0 -133.825754,69.558051,0 -133.819000,69.569525,0 -133.807729,69.576117,0 -133.793609,69.578681,0 -133.778554,69.577867,0 -133.780995,69.574123,0 -133.784779,69.571682,0 -133.778310,69.562893,0 -133.770497,69.556464,0 -133.761464,69.552476,0 -133.751291,69.551174,0 -133.760243,69.539252,0 -133.786692,69.536689,0 -133.792226,69.527004,0 -133.789947,69.521389,0 -133.780263,69.508124,0 -133.778554,69.502753,0 -133.781117,69.493883,0 -133.784047,69.492011,0 -133.788442,69.491400,0 -133.818105,69.467353,0 -133.845367,69.452094,0 -134.030100,69.383205,0 -134.092193,69.344794,0 -134.100697,69.297919,0 -134.169016,69.297919,0 -134.180735,69.294623,0 -134.203481,69.280178,0 -134.213979,69.276801,0 -134.222239,69.272610,0 -134.225006,69.263129,0 -134.228993,69.253811,0 -134.240712,69.249498,0 -134.253082,69.247138,0 -134.263336,69.240912,0 -134.271718,69.232123,0 -134.278228,69.222154,0 -134.281606,69.212348,0 -134.279205,69.207709,0 -134.276438,69.203559,0 -134.278228,69.194892,0 -134.283437,69.185614,0 -134.288197,69.181586,0 -134.304677,69.173651,0 -134.312978,69.153957,0 -134.301869,69.157538,0 -134.276479,69.158026,0 -134.264556,69.160142,0 -134.246083,69.169501,0 -134.237294,69.179999,0 -134.224233,69.208564,0 -134.198110,69.236518,0 -134.162913,69.255683,0 -134.122222,69.266547,0 -134.000111,69.273139,0 -133.954579,69.286363,0 -133.906321,69.290513,0 -133.884674,69.301011,0 -133.872060,69.315863,0 -133.871083,69.325141,0 -133.869293,69.332506,0 -133.854319,69.341986,0 -133.841624,69.345404,0 -133.799387,69.345120,0 -133.785553,69.347154,0 -133.758168,69.356757,0 -133.743804,69.359361,0 -133.745920,69.354926,0 -133.749257,69.343573,0 -133.751291,69.338935,0 -133.703969,69.339260,0 -133.682037,69.343166,0 -133.661855,69.352525,0 -133.678538,69.360297,0 -133.696645,69.366197,0 -133.671376,69.388373,0 -133.631907,69.399156,0 -133.463368,69.417711,0 -133.257802,69.414008,0 -133.248402,69.411078,0 -133.236928,69.402248,0 -133.226796,69.400336,0 -133.215728,69.401597,0 -133.209706,69.404934,0 -133.204498,69.409329,0 -133.195790,69.414008,0 -133.089426,69.445054,0 -133.082834,69.444729,0 -133.074941,69.439521,0 -133.065541,69.436225,0 -133.055409,69.434556,0 -133.045522,69.434516,0 -133.052113,69.447984,0 -133.055002,69.463772,0 -133.049550,69.476874,0 -133.031321,69.482245,0 -133.007232,69.486558,0 -132.996693,69.496527,0 -132.988026,69.508124,0 -132.969838,69.517035,0 -132.983998,69.525092,0 -132.981109,69.535468,0 -132.959584,69.554592,0 -132.954213,69.568183,0 -132.963368,69.578437,0 -132.990875,69.592108,0 -132.975657,69.614325,0 -132.946889,69.634589,0 -132.887278,69.661078,0 -132.771230,69.661078,0 -132.779408,69.656928,0 -132.787099,69.652004,0 -132.793813,69.646430,0 -132.799143,69.640570,0 -132.723785,69.638007,0 -132.706370,69.643622,0 -132.687978,69.655178,0 -132.670522,69.657701,0 -132.606842,69.651801,0 -132.552113,69.633124,0 -132.530100,69.631985,0 -132.385081,69.646674,0 -132.348541,69.659857,0 -132.332997,69.684638,0 -132.351674,69.691799,0 -132.462717,69.661078,0 -132.451894,69.668891,0 -132.440094,69.675198,0 -132.431060,69.682807,0 -132.428578,69.694525,0 -132.435902,69.704413,0 -132.450510,69.707831,0 -132.467112,69.705512,0 -132.492909,69.691881,0 -132.513417,69.686510,0 -132.548411,69.681545,0 -132.555287,69.679389,0 -132.569936,69.669989,0 -132.578765,69.667873,0 -132.603505,69.669094,0 -132.627187,69.674058,0 -132.620432,69.681708,0 -132.610504,69.688218,0 -132.598744,69.692816,0 -132.586252,69.694525,0 -132.565785,69.715033,0 -132.548411,69.742987,0 -132.393178,69.752387,0 -132.343739,69.766832,0 -132.310129,69.772406,0 -132.277415,69.774319,0 -132.257232,69.770250,0 -132.283844,69.769436,0 -132.359690,69.749823,0 -132.449208,69.744208,0 -132.483795,69.742987,0 -132.483795,69.736151,0 -132.291371,69.736151,0 -132.295766,69.728420,0 -132.301910,69.722357,0 -132.309682,69.717963,0 -132.318715,69.715033,0 -132.264150,69.708808,0 -132.257476,69.709906,0 -132.241811,69.714423,0 -132.236806,69.715033,0 -132.232289,69.712348,0 -132.224924,69.703803,0 -132.167633,69.687812,0 -132.138905,69.687934,0 -132.120107,69.708808,0 -132.121409,69.718980,0 -132.099924,69.727688,0 -131.999664,69.740790,0 -131.971791,69.747992,0 -131.929311,69.770738,0 -131.839508,69.770250,0 -131.819000,69.776679,0 -131.773061,69.798407,0 -131.756418,69.811225,0 -131.764719,69.826890,0 -131.749420,69.836371,0 -131.702382,69.845404,0 -131.620107,69.876410,0 -131.451283,69.896308,0 -131.421254,69.914252,0 -131.427887,69.913764,0 -131.441803,69.914781,0 -131.448557,69.914252,0 -131.440338,69.932807,0 -131.426422,69.950629,0 -131.408315,69.961493,0 -131.387359,69.958970,0 -131.356801,69.950507,0 -131.288238,69.949042,0 -131.256744,69.942206,0 -131.240590,69.933051,0 -131.222483,69.918443,0 -131.207631,69.900946,0 -131.201527,69.883246,0 -131.204945,69.875190,0 -131.219472,69.861884,0 -131.221995,69.852851,0 -131.217763,69.841864,0 -131.209340,69.834215,0 -131.188466,69.824897,0 -131.159779,69.854682,0 -131.153676,69.865871,0 -131.179921,69.866604,0 -131.188466,69.865871,0 -131.167958,69.886949,0 -131.148834,69.892279,0 -131.099721,69.886949,0 -131.084828,69.892646,0 -131.074534,69.905992,0 -131.058095,69.934760,0 -131.027740,69.963609,0 -131.014963,69.980536,0 -131.009674,69.999661,0 -130.999013,70.012112,0 -130.946929,70.020657,0 -130.927805,70.030341,0 -130.950347,70.037421,0 -131.001291,70.028266,0 -131.023997,70.030341,0 -131.006947,70.036322,0 -130.942860,70.078803,0 -130.908599,70.094957,0 -130.893625,70.106024,0 -130.893910,70.093329,0 -130.904449,70.086005,0 -130.915435,70.080959,0 -130.917226,70.075019,0 -130.902984,70.068305,0 -130.888539,70.075385,0 -130.873891,70.086575,0 -130.859202,70.092434,0 -130.841420,70.093940,0 -130.804840,70.106024,0 -130.771474,70.107489,0 -130.760243,70.110663,0 -130.763905,70.120347,0 -130.751210,70.129706,0 -130.737213,70.133246,0 -130.722808,70.132025,0 -130.708648,70.126614,0 -130.736236,70.102769,0 -130.747060,70.089993,0 -130.742787,70.078803,0 -130.722971,70.078599,0 -130.691233,70.086371,0 -130.663889,70.098090,0 -130.657135,70.109524,0 -130.664906,70.124701,0 -130.660878,70.136461,0 -130.647125,70.141750,0 -130.625803,70.137152,0 -130.604888,70.135932,0 -130.576650,70.141425,0 -130.556020,70.150784,0 -130.557851,70.161322,0 -130.541900,70.173651,0 -130.515289,70.177191,0 -130.461578,70.174954,0 -130.482167,70.168036,0 -130.511464,70.162502,0 -130.538075,70.152899,0 -130.550404,70.133979,0 -130.541412,70.114691,0 -130.519765,70.104804,0 -130.496449,70.106024,0 -130.482737,70.120347,0 -130.523752,70.126614,0 -130.504384,70.138861,0 -130.481435,70.140123,0 -130.434641,70.133979,0 -130.419830,70.136217,0 -130.406158,70.142239,0 -130.399648,70.150946,0 -130.406361,70.161322,0 -130.385081,70.165676,0 -130.352366,70.134914,0 -130.324452,70.140204,0 -130.329742,70.119818,0 -130.326405,70.109768,0 -130.313629,70.106391,0 -130.290924,70.106024,0 -130.327260,70.093573,0 -130.338124,70.085598,0 -130.318512,70.081610,0 -130.249379,70.085598,0 -130.226145,70.090277,0 -130.181264,70.105862,0 -130.159983,70.106024,0 -130.181996,70.084662,0 -130.191029,70.072903,0 -130.194732,70.061347,0 -130.186879,70.052558,0 -130.169179,70.058783,0 -130.150502,70.070746,0 -130.107330,70.108629,0 -130.098215,70.112860,0 -130.082102,70.109524,0 -130.078603,70.101020,0 -130.084950,70.089911,0 -130.098500,70.078803,0 -130.055653,70.082750,0 -129.975413,70.101630,0 -129.953684,70.102729,0 -129.934641,70.098578,0 -129.976308,70.083726,0 -129.992502,70.075141,0 -129.982493,70.071357,0 -129.931711,70.076117,0 -129.886301,70.085598,0 -129.889475,70.089179,0 -129.891103,70.092027,0 -129.893666,70.098578,0 -129.867665,70.105170,0 -129.858306,70.106024,0 -129.864125,70.133612,0 -129.845693,70.152899,0 -129.790028,70.181220,0 -129.798818,70.187690,0 -129.808705,70.192084,0 -129.819569,70.194648,0 -129.830963,70.195461,0 -129.830963,70.202297,0 -129.815297,70.201850,0 -129.804351,70.206529,0 -129.795725,70.214993,0 -129.786936,70.225816,0 -129.775299,70.229478,0 -129.738271,70.225084,0 -129.721099,70.229560,0 -129.740142,70.243394,0 -129.728505,70.256171,0 -129.701283,70.265774,0 -129.673940,70.269924,0 -129.673940,70.263739,0 -129.680165,70.263739,0 -129.680165,70.256903,0 -129.660308,70.258002,0 -129.648508,70.251532,0 -129.645863,70.239081,0 -129.653472,70.222113,0 -129.640207,70.223090,0 -129.627065,70.221625,0 -129.615061,70.216986,0 -129.605092,70.208482,0 -129.597320,70.198228,0 -129.592030,70.195461,0 -129.609975,70.176011,0 -129.620229,70.169582,0 -129.632965,70.167548,0 -129.602895,70.162299,0 -129.544057,70.167629,0 -129.515736,70.161322,0 -129.523101,70.153876,0 -129.505442,70.148139,0 -129.470041,70.153306,0 -129.454905,70.147040,0 -129.472768,70.134670,0 -129.490346,70.126654,0 -129.499420,70.117743,0 -129.491811,70.102362,0 -129.468170,70.090766,0 -129.451080,70.104967,0 -129.436431,70.125800,0 -129.420074,70.133979,0 -129.406484,70.121161,0 -129.411529,70.100572,0 -129.425933,70.080227,0 -129.440582,70.068264,0 -129.463450,70.056830,0 -129.474843,70.052924,0 -129.488678,70.051459,0 -129.523549,70.051947,0 -129.542144,70.049872,0 -129.557281,70.044013,0 -129.509348,70.036444,0 -129.495229,70.030341,0 -129.516021,70.021064,0 -129.563547,70.009589,0 -129.599762,69.991197,0 -129.710032,69.972561,0 -129.755116,69.955959,0 -130.110666,69.869086,0 -130.194732,69.859687,0 -130.268707,69.840318,0 -130.297760,69.838568,0 -130.301381,69.850287,0 -130.319203,69.849026,0 -130.341664,69.840969,0 -130.359242,69.832343,0 -130.395741,69.807929,0 -130.414133,69.800360,0 -130.452301,69.796576,0 -130.461741,69.793280,0 -130.470204,69.788031,0 -130.478993,69.780504,0 -130.527089,69.783881,0 -130.535471,69.780748,0 -130.552561,69.766669,0 -130.571156,69.759589,0 -130.571767,69.751410,0 -130.567942,69.744086,0 -130.564687,69.742987,0 -130.572011,69.725165,0 -130.579213,69.714423,0 -130.591135,69.707709,0 -130.670562,69.691881,0 -130.770863,69.684516,0 -130.789662,69.677558,0 -130.804107,69.655260,0 -130.835764,69.632148,0 -130.845815,69.619452,0 -130.838368,69.612616,0 -130.846791,69.606187,0 -130.873158,69.599555,0 -130.897776,69.587226,0 -130.916615,69.580227,0 -130.928131,69.570746,0 -130.941151,69.565904,0 -130.975697,69.584784,0 -131.012441,69.591946,0 -131.030181,69.599555,0 -131.041168,69.610093,0 -131.039866,69.616523,0 -131.035512,69.622748,0 -131.037668,69.633124,0 -131.047963,69.643744,0 -131.057607,69.642646,0 -131.069163,69.636664,0 -131.085764,69.633124,0 -131.165924,69.636176,0 -131.184722,69.629706,0 -131.219553,69.610053,0 -131.260081,69.603583,0 -131.345530,69.605780,0 -131.341868,69.599677,0 -131.335194,69.583808,0 -131.331858,69.577867,0 -131.393910,69.577867,0 -131.402415,69.579901,0 -131.412180,69.589301,0 -131.421254,69.592108,0 -131.441477,69.590318,0 -131.482574,69.575995,0 -131.503163,69.571682,0 -131.513743,69.572211,0 -131.533803,69.576809,0 -131.544097,69.577867,0 -131.554067,69.576890,0 -131.571685,69.572577,0 -131.582590,69.571682,0 -131.668284,69.577867,0 -131.662587,69.572089,0 -131.656402,69.563707,0 -131.652577,69.554023,0 -131.653961,69.544338,0 -131.663442,69.535793,0 -131.673492,69.539700,0 -131.695546,69.558051,0 -131.727040,69.568345,0 -131.759429,69.570014,0 -131.825307,69.558051,0 -131.894154,69.536851,0 -131.917063,69.534857,0 -131.960805,69.538235,0 -131.983551,69.536851,0 -132.013051,69.527533,0 -132.078521,69.482245,0 -132.055165,69.474270,0 -132.046783,69.465033,0 -132.054514,69.457465,0 -132.096425,69.450670,0 -132.106068,69.441840,0 -132.105458,69.430854,0 -132.092193,69.420844,0 -132.117828,69.421047,0 -132.129506,69.419135,0 -132.140614,69.414008,0 -132.090972,69.394599,0 -132.078521,69.386054,0 -132.114329,69.361477,0 -132.334625,69.315741,0 -132.346669,69.307563,0 -132.340566,69.296291,0 -132.315338,69.267279,0 -132.311879,69.256334,0 -132.324859,69.249213,0 -132.343373,69.257392,0 -132.359975,69.272773,0 -132.367096,69.287055,0 -132.369700,69.294013,0 -132.375559,69.301907,0 -132.382151,69.308295,0 -132.387034,69.310981,0 -132.434804,69.304145,0 -132.442209,69.293280,0 -132.441314,69.282904,0 -132.437245,69.270413,0 -132.434804,69.252916,0 -132.446685,69.246975,0 -132.470041,69.242743,0 -132.486155,69.235907,0 -132.476389,69.222154,0 -132.482737,69.206692,0 -132.486480,69.174018,0 -132.497467,69.160142,0 -132.504954,69.191881,0 -132.507232,69.230902,0 -132.516428,69.267157,0 -132.544667,69.290473,0 -132.560536,69.293118,0 -132.582183,69.293850,0 -132.620351,69.290473,0 -132.632151,69.284613,0 -132.656809,69.266913,0 -132.668528,69.263129,0 -132.719106,69.262519,0 -132.771230,69.256334,0 -132.772043,69.236151,0 -132.796457,69.229071,0 -132.827016,69.223578,0 -132.846303,69.208564,0 -132.825795,69.204332,0 -132.833485,69.187567,0 -132.870513,69.150539,0 -132.881581,69.144273,0 -132.896555,69.138495,0 -132.907948,69.130845,0 -132.908355,69.119208,0 -132.895253,69.111965,0 -132.872792,69.110541,0 -132.832631,69.112982,0 -132.847076,69.105536,0 -132.880849,69.093695,0 -132.894114,69.085028,0 -132.899810,69.076361,0 -132.908355,69.044094,0 -132.897817,69.035224,0 -132.889068,69.020941,0 -132.883209,69.005276,0 -132.881093,68.992255,0 -132.891998,68.982733,0 -132.913686,68.985907,0 -132.929311,69.000067,0 -132.922027,69.023627,0 -132.929677,69.027737,0 -132.949330,69.044094,0 -132.929107,69.062730,0 -132.923411,69.073228,0 -132.928863,69.081610,0 -132.943186,69.082424,0 -132.968414,69.062934,0 -132.984120,69.057766,0 -133.022572,69.055162,0 -133.038075,69.057766,0 -133.084218,69.072577,0 -133.100738,69.072008,0 -133.104563,69.069078,0 -133.106760,69.063951,0 -133.108306,69.058295,0 -133.110422,69.053941,0 -133.119130,69.049750,0 -133.131459,69.048896,0 -133.155100,69.050279,0 -133.169016,69.049140,0 -133.187082,69.045152,0 -133.202748,69.037909,0 -133.209381,69.026679,0 -133.210561,69.021226,0 -133.215484,69.013129,0 -133.216868,69.009345,0 -133.214833,69.003730,0 -133.205068,68.991889,0 -133.203236,68.988837,0 -133.210846,68.978461,0 -133.220855,68.974555,0 -133.233795,68.972642,0 -133.250356,68.968329,0 -133.240712,68.961737,0 -133.209381,68.947903,0 -133.228424,68.920966,0 -133.236724,68.913764,0 -133.251332,68.906806,0 -133.283315,68.899319,0 -133.298736,68.893256,0 -133.321848,68.874945,0 -133.335439,68.867621,0 -133.353993,68.865912,0 -133.368479,68.868476,0 -133.382924,68.873847,0 -133.394683,68.882025,0 -133.401235,68.893256,0 -133.375844,68.895331,0 -133.360911,68.903632,0 -133.362904,68.911811,0 -133.388173,68.913764,0 -133.470123,68.893256,0 -133.462310,68.881659,0 -133.453684,68.871812,0 -133.442942,68.863959,0 -133.428538,68.858466,0 -133.455312,68.850531,0 -133.479115,68.849351,0 -133.491322,68.842515,0 -133.483144,68.817532,0 -133.469797,68.802395,0 -133.451039,68.791164,0 -133.408599,68.776557,0 -133.339752,68.762885,0 -133.327626,68.757270,0 -133.316477,68.750434,0 -133.304026,68.744818,0 -133.235219,68.737738,0 -133.211497,68.729560,0 -133.209381,68.715074,0 -133.174062,68.715155,0 -133.065745,68.693996,0 -132.957875,68.699449,0 -132.922027,68.693996,0 -132.922027,68.701402,0 -132.946848,68.714179,0 -132.974355,68.720282,0 -133.038075,68.721991,0 -133.003977,68.715074,0 -133.003977,68.707668,0 -133.148915,68.723822,0 -133.152496,68.728664,0 -133.153920,68.735175,0 -133.162221,68.742418,0 -133.176625,68.748440,0 -133.191233,68.752672,0 -133.206654,68.755276,0 -133.223378,68.756049,0 -133.256174,68.763861,0 -133.261830,68.779364,0 -133.250722,68.791083,0 -133.233306,68.787095,0 -133.215443,68.775214,0 -133.192454,68.766791,0 -133.166819,68.762519,0 -133.140492,68.762885,0 -133.156728,68.775621,0 -133.243520,68.800482,0 -133.271840,68.805080,0 -133.330434,68.794582,0 -133.360260,68.803900,0 -133.360260,68.811265,0 -133.354807,68.812201,0 -133.339752,68.817532,0 -133.351064,68.827541,0 -133.361236,68.833564,0 -133.388173,68.845445,0 -133.370107,68.849270,0 -133.313100,68.852281,0 -133.256744,68.864976,0 -133.236724,68.865912,0 -133.220448,68.863593,0 -133.204701,68.858710,0 -133.175282,68.845445,0 -133.169749,68.841213,0 -133.160390,68.829535,0 -133.154775,68.824937,0 -133.145375,68.822333,0 -133.124420,68.821275,0 -133.113840,68.817532,0 -133.120676,68.811265,0 -133.107533,68.805854,0 -133.093902,68.803697,0 -133.065419,68.803900,0 -133.070139,68.813666,0 -133.072865,68.817532,0 -133.037180,68.825751,0 -132.960764,68.803371,0 -132.928863,68.803900,0 -132.953359,68.828355,0 -132.963979,68.844672,0 -132.963002,68.858466,0 -132.940297,68.863267,0 -132.902455,68.857489,0 -132.864858,68.846259,0 -132.822621,68.823310,0 -132.769887,68.813218,0 -132.725697,68.790717,0 -132.709462,68.796576,0 -132.711293,68.810492,0 -132.743886,68.824937,0 -132.743886,68.831204,0 -132.705393,68.836982,0 -132.514231,68.805325,0 -132.483225,68.805406,0 -132.469553,68.814399,0 -132.467152,68.830715,0 -132.459096,68.837592,0 -132.444203,68.839016,0 -132.421132,68.838609,0 -132.414215,68.842963,0 -132.408111,68.845445,0 -132.399403,68.855048,0 -132.396230,68.859524,0 -132.393870,68.865912,0 -132.493804,68.905911,0 -132.550201,68.920111,0 -132.579416,68.906928,0 -132.483795,68.885810,0 -132.510732,68.877997,0 -132.536733,68.880601,0 -132.585601,68.893256,0 -132.601715,68.893948,0 -132.619985,68.891995,0 -132.638254,68.887030,0 -132.654530,68.878974,0 -132.644887,68.858832,0 -132.676015,68.848578,0 -132.720448,68.845160,0 -132.767934,68.847113,0 -132.784535,68.851020,0 -132.791086,68.858954,0 -132.778066,68.872748,0 -132.761220,68.876939,0 -132.743072,68.874579,0 -132.725331,68.874579,0 -132.709788,68.885810,0 -132.738393,68.887926,0 -132.779775,68.895901,0 -132.816884,68.907660,0 -132.832631,68.921129,0 -132.810902,68.937323,0 -132.762807,68.937079,0 -132.675649,68.927395,0 -132.699696,68.945461,0 -132.740387,68.960679,0 -132.784657,68.971177,0 -132.819325,68.975165,0 -132.849843,68.985785,0 -132.864654,69.009223,0 -132.858632,69.032904,0 -132.826487,69.044094,0 -132.834055,69.054633,0 -132.844960,69.058336,0 -132.873647,69.057766,0 -132.862172,69.073310,0 -132.838979,69.083197,0 -132.791656,69.091864,0 -132.661366,69.091864,0 -132.644928,69.096422,0 -132.578765,69.129706,0 -132.552968,69.136868,0 -132.507558,69.138617,0 -132.483795,69.147121,0 -132.467763,69.157538,0 -132.452789,69.170722,0 -132.448964,69.179104,0 -132.450592,69.187323,0 -132.454335,69.193305,0 -132.456532,69.194892,0 -132.447865,69.209662,0 -132.431304,69.228258,0 -132.415273,69.237860,0 -132.408111,69.225653,0 -132.420074,69.174262,0 -132.424875,69.163520,0 -132.427480,69.160549,0 -132.428578,69.157660,0 -132.428578,69.150539,0 -132.431060,69.142890,0 -132.436879,69.141303,0 -132.443715,69.141588,0 -132.449086,69.139635,0 -132.457265,69.132270,0 -132.463612,69.127834,0 -132.467885,69.122626,0 -132.469553,69.112982,0 -132.403798,69.131659,0 -132.372792,69.149319,0 -132.359690,69.177558,0 -132.357981,69.187974,0 -132.348215,69.216946,0 -132.342926,69.225653,0 -132.326975,69.233710,0 -132.307729,69.236233,0 -132.294993,69.230780,0 -132.298248,69.215399,0 -132.295766,69.205390,0 -132.309071,69.199042,0 -132.329091,69.195705,0 -132.346669,69.194892,0 -132.300893,69.181952,0 -132.284576,69.180609,0 -132.276601,69.184027,0 -132.250478,69.208564,0 -132.240549,69.213284,0 -132.226796,69.217678,0 -132.212961,69.220038,0 -132.202626,69.218817,0 -132.195790,69.211249,0 -132.200063,69.203518,0 -132.216298,69.188056,0 -132.235097,69.159084,0 -132.236155,69.148139,0 -132.216298,69.153957,0 -132.204457,69.164740,0 -132.167877,69.215399,0 -132.174916,69.225979,0 -132.175526,69.233873,0 -132.170766,69.240302,0 -132.161366,69.246080,0 -132.153472,69.248969,0 -132.144521,69.250393,0 -132.135406,69.250434,0 -132.126943,69.249498,0 -132.121571,69.246649,0 -132.120839,69.242133,0 -132.121449,69.237779,0 -132.120107,69.235256,0 -132.088206,69.233710,0 -132.031239,69.254462,0 -131.999786,69.256171,0 -131.984934,69.255561,0 -131.965891,69.259263,0 -131.953847,69.268297,0 -131.955637,69.283677,0 -131.937082,69.288316,0 -131.905100,69.313870,0 -131.880523,69.318427,0 -131.894276,69.304877,0 -131.909332,69.294623,0 -131.913442,69.287543,0 -131.894154,69.283677,0 -131.880442,69.284654,0 -131.871938,69.288642,0 -131.865956,69.293769,0 -131.859446,69.297919,0 -131.825307,69.310981,0 -131.808095,69.320380,0 -131.757924,69.371324,0 -131.715443,69.400336,0 -131.730336,69.404446,0 -131.750559,69.402248,0 -131.846425,69.377753,0 -131.856313,69.376410,0 -131.859039,69.383450,0 -131.854888,69.394355,0 -131.859446,69.400336,0 -131.866526,69.403510,0 -131.893870,69.410875,0 -131.914784,69.412584,0 -131.955556,69.399482,0 -131.976715,69.407782,0 -131.911244,69.428127,0 -131.873158,69.433539,0 -131.845774,69.428290,0 -131.853179,69.420844,0 -131.831044,69.421617,0 -131.786610,69.431952,0 -131.763539,69.434516,0 -131.647125,69.428290,0 -131.676747,69.448798,0 -131.673573,69.463690,0 -131.648671,69.472968,0 -131.613026,69.476060,0 -131.595204,69.474311,0 -131.544097,69.461819,0 -131.475942,69.457180,0 -131.455393,69.451239,0 -131.427561,69.435126,0 -131.438954,69.428860,0 -131.467152,69.421088,0 -131.489491,69.400336,0 -131.489573,69.390041,0 -131.480946,69.370063,0 -131.482655,69.359361,0 -131.491933,69.352362,0 -131.507883,69.346137,0 -131.537913,69.338935,0 -131.514882,69.335924,0 -131.476471,69.344387,0 -131.437856,69.358588,0 -131.414377,69.372992,0 -131.403066,69.396918,0 -131.402170,69.414130,0 -131.393707,69.422756,0 -131.359731,69.420844,0 -131.380238,69.454332,0 -131.367421,69.455024,0 -131.354888,69.454169,0 -131.342926,69.451850,0 -131.331858,69.448147,0 -131.331858,69.454332,0 -131.339223,69.462307,0 -131.339426,69.470201,0 -131.335072,69.478217,0 -131.328725,69.486029,0 -131.317047,69.493801,0 -131.308583,69.489325,0 -131.301666,69.480699,0 -131.294586,69.476060,0 -131.260854,69.421088,0 -131.243723,69.407782,0 -131.248280,69.429267,0 -131.270904,69.485663,0 -131.273793,69.499335,0 -131.252065,69.503852,0 -131.233957,69.483059,0 -131.221303,69.454088,0 -131.209340,69.409491,0 -131.211171,69.398424,0 -131.221995,69.386054,0 -131.236318,69.380805,0 -131.319447,69.362616,0 -131.359446,69.335150,0 -131.394114,69.323391,0 -131.407460,69.314765,0 -131.414377,69.297919,0 -131.393178,69.306586,0 -131.347808,69.317084,0 -131.325592,69.325263,0 -131.279897,69.358303,0 -131.262929,69.366197,0 -131.238596,69.369940,0 -131.218577,69.369859,0 -131.200185,69.372952,0 -131.181020,69.386054,0 -131.176381,69.388007,0 -131.171051,69.387641,0 -131.165761,69.388373,0 -131.161122,69.393541,0 -131.162221,69.395494,0 -131.164947,69.398993,0 -131.167388,69.403388,0 -131.167348,69.407782,0 -131.164377,69.415758,0 -131.164052,69.420803,0 -131.167348,69.428290,0 -131.162017,69.432766,0 -131.152699,69.443671,0 -131.147532,69.448147,0 -131.161041,69.455064,0 -131.167388,69.467515,0 -131.167144,69.482245,0 -131.161122,69.495917,0 -131.232493,69.541897,0 -131.248158,69.567613,0 -131.255442,69.575629,0 -131.256744,69.582424,0 -131.243072,69.585354,0 -131.229726,69.582587,0 -131.221791,69.575873,0 -131.208323,69.558051,0 -131.199208,69.551663,0 -131.167348,69.536851,0 -131.164703,69.535102,0 -131.162750,69.532701,0 -131.161529,69.529934,0 -131.161122,69.527004,0 -131.158762,69.522447,0 -131.152943,69.522447,0 -131.145985,69.523749,0 -131.140045,69.523261,0 -131.130238,69.520657,0 -131.121490,69.520006,0 -131.115142,69.516750,0 -131.112701,69.506171,0 -131.120595,69.460110,0 -131.125356,69.450670,0 -131.126373,69.444729,0 -131.123891,69.438178,0 -131.113840,69.428209,0 -131.112701,69.420844,0 -131.119374,69.409491,0 -131.141184,69.395982,0 -131.147532,69.386054,0 -131.146637,69.371649,0 -131.138051,69.369778,0 -131.126332,69.375230,0 -131.116119,69.382961,0 -131.107981,69.391181,0 -131.089101,69.414984,0 -131.085439,69.424547,0 -131.084055,69.438463,0 -131.080556,69.446438,0 -131.076161,69.452704,0 -131.062978,69.480902,0 -131.061757,69.489081,0 -131.068837,69.514390,0 -131.074371,69.525458,0 -131.082916,69.533637,0 -131.096018,69.536851,0 -131.106801,69.541205,0 -131.128407,69.559963,0 -131.140696,69.564195,0 -131.155629,69.565904,0 -131.173492,69.571031,0 -131.188385,69.579739,0 -131.194692,69.592108,0 -131.183339,69.606879,0 -131.157216,69.616645,0 -131.127797,69.621039,0 -131.106516,69.619452,0 -131.092885,69.610500,0 -131.086537,69.597846,0 -131.090240,69.585639,0 -131.106516,69.577867,0 -131.077748,69.556342,0 -131.052154,69.530951,0 -131.034739,69.499945,0 -131.030181,69.461819,0 -131.034535,69.442613,0 -131.043446,69.423529,0 -131.055247,69.405666,0 -131.068349,69.389797,0 -131.072662,69.382025,0 -131.076243,69.364814,0 -131.082021,69.355943,0 -131.111724,69.335191,0 -131.119537,69.325263,0 -131.096669,69.332343,0 -131.066965,69.348090,0 -131.041127,69.366848,0 -131.030181,69.382961,0 -131.024770,69.402289,0 -130.974965,69.472113,0 -130.970530,69.475287,0 -130.970448,69.478705,0 -130.975575,69.489691,0 -130.990712,69.507514,0 -130.997182,69.518378,0 -130.992909,69.523261,0 -130.989003,69.529283,0 -130.986073,69.541409,0 -130.978871,69.550523,0 -130.961903,69.547797,0 -130.947743,69.538886,0 -130.944936,69.531928,0 -130.947133,69.523342,0 -130.948232,69.509589,0 -130.946401,69.493232,0 -130.936431,69.459174,0 -130.935048,69.450507,0 -130.934560,69.437934,0 -130.938832,69.424302,0 -130.948232,69.416327,0 -130.957631,69.410631,0 -130.961903,69.404120,0 -130.967275,69.400621,0 -130.996653,69.366197,0 -131.009877,69.361721,0 -131.026682,69.358303,0 -131.042144,69.351996,0 -131.051259,69.338935,0 -131.046864,69.328599,0 -131.035024,69.316352,0 -131.022776,69.309231,0 -131.017161,69.314683,0 -131.007558,69.333808,0 -130.984609,69.358100,0 -130.957265,69.380316,0 -130.934560,69.393541,0 -130.911285,69.396226,0 -130.900868,69.385647,0 -130.900461,69.366848,0 -130.907297,69.345120,0 -130.918568,69.326483,0 -130.933665,69.310614,0 -130.992177,69.270982,0 -130.994374,69.259345,0 -130.991526,69.247789,0 -130.999745,69.232123,0 -131.017974,69.216742,0 -131.026194,69.206000,0 -131.020579,69.201117,0 -131.008046,69.197577,0 -131.006947,69.189439,0 -131.013499,69.180487,0 -131.023997,69.174465,0 -131.017161,69.152004,0 -131.011871,69.145087,0 -131.002838,69.139635,0 -130.992909,69.138373,0 -130.983754,69.141181,0 -130.975575,69.145087,0 -130.968739,69.147121,0 -130.958485,69.145697,0 -130.938832,69.140123,0 -130.927805,69.139635,0 -130.951650,69.165188,0 -130.954172,69.178778,0 -130.938303,69.197984,0 -130.931549,69.213690,0 -130.939443,69.230658,0 -130.950917,69.247545,0 -130.955068,69.263129,0 -130.945139,69.276679,0 -130.869862,69.326972,0 -130.819325,69.338528,0 -130.797434,69.352525,0 -130.809682,69.359768,0 -130.822133,69.371039,0 -130.825673,69.381537,0 -130.811391,69.386054,0 -130.792307,69.388861,0 -130.765859,69.402533,0 -130.750234,69.407782,0 -130.686838,69.418280,0 -130.661488,69.432685,0 -130.646596,69.461819,0 -130.672231,69.462307,0 -130.750234,69.454332,0 -130.534779,69.542304,0 -130.506337,69.561103,0 -130.493072,69.567694,0 -130.457387,69.579169,0 -130.447377,69.585354,0 -130.446034,69.595933,0 -130.453359,69.603013,0 -130.458567,69.610582,0 -130.451080,69.622870,0 -130.438140,69.630561,0 -130.406361,69.640326,0 -130.392730,69.646715,0 -130.379994,69.658515,0 -130.370920,69.669338,0 -130.358998,69.677558,0 -130.338124,69.681545,0 -130.338124,69.687730,0 -130.348988,69.686916,0 -130.359527,69.687730,0 -130.369862,69.690334,0 -130.379709,69.694525,0 -130.338246,69.702297,0 -130.167144,69.711737,0 -129.955230,69.754218,0 -129.899892,69.756008,0 -129.701975,69.789049,0 -129.605092,69.824897,0 -129.581410,69.826972,0 -129.508860,69.824897,0 -129.451812,69.836737,0 -129.122914,69.856106,0 -129.084625,69.869574,0 -129.043568,69.889879,0 -129.029693,69.900621,0 -129.019358,69.911200,0 -128.995513,69.942206,0 -128.965443,69.964504,0 -128.925364,69.977607,0 -128.886057,69.976264,0 -128.858388,69.955268,0 -128.890736,69.970526,0 -128.898346,69.957099,0 -128.899729,69.931586,0 -128.912994,69.910875,0 -128.944000,69.901801,0 -128.957916,69.894110,0 -128.957672,69.883246,0 -128.942983,69.865465,0 -128.937734,69.856879,0 -128.932851,69.845404,0 -129.114003,69.847724,0 -129.173695,69.832343,0 -129.132721,69.777086,0 -129.135325,69.768256,0 -129.136830,69.758246,0 -129.140452,69.746527,0 -129.158559,69.714830,0 -129.153635,69.703518,0 -129.139068,69.697089,0 -129.119049,69.694525,0 -129.042551,69.692939,0 -128.994130,69.679389,0 -128.967844,69.679185,0 -128.941518,69.682440,0 -128.919830,69.687730,0 -128.958730,69.706448,0 -128.974680,69.719224,0 -128.967641,69.732408,0 -128.940826,69.742987,0 -128.912099,69.748114,0 -128.829254,69.752021,0 -128.803293,69.758368,0 -128.778310,69.768052,0 -128.738393,69.794094,0 -128.695790,69.809394,0 -128.640289,69.848578,0 -128.600453,69.869330,0 -128.426381,69.934760,0 -128.336293,69.950385,0 -128.310374,69.962714,0 -128.319936,69.968085,0 -128.323964,69.969550,0 -128.321034,69.974066,0 -128.318593,69.979315,0 -128.315338,69.984687,0 -128.310374,69.989407,0 -128.312652,69.998969,0 -128.313466,70.015611,0 -128.317128,70.024115,0 -128.324818,70.029242,0 -128.336537,70.033881,0 -128.347239,70.039618,0 -128.351918,70.047756,0 -128.356842,70.062934,0 -128.365834,70.079495,0 -128.370229,70.097398,0 -128.361480,70.116645,0 -128.337229,70.129828,0 -128.269928,70.140815,0 -128.242991,70.150784,0 -128.226796,70.158881,0 -128.207753,70.164008,0 -128.169423,70.167548,0 -128.154897,70.170559,0 -128.125478,70.184516,0 -128.111073,70.188666,0 -127.992828,70.181464,0 -127.920969,70.203925,0 -127.886383,70.209052,0 -127.816884,70.208482,0 -127.586822,70.237698,0 -127.515207,70.222113,0 -127.544667,70.240465,0 -127.582021,70.250922,0 -127.743153,70.261868,0 -127.872222,70.271796,0 -128.032379,70.293687,0 -128.060536,70.306383,0 -128.063873,70.325141,0 -128.079905,70.331448,0 -128.092844,70.341539,0 -128.103139,70.353949,0 -128.111073,70.366767,0 -128.083119,70.367580,0 -128.006581,70.357611,0 -127.980784,70.349433,0 -127.958404,70.348212,0 -127.928293,70.385728,0 -127.906239,70.394110,0 -127.942209,70.401842,0 -128.063303,70.379788,0 -128.140736,70.374661,0 -128.178212,70.379950,0 -128.200510,70.400865,0 -128.195912,70.446967,0 -128.163442,70.495510,0 -128.118520,70.536078,0 -128.076975,70.558539,0 -128.009267,70.579047,0 -128.007476,70.581936,0 -128.008209,70.585883,0 -128.007639,70.589789,0 -128.001820,70.592719,0 -127.991526,70.592922,0 -127.978505,70.590766,0 -127.965972,70.586859,0 -127.928293,70.567084,0 -127.698394,70.500190,0 -127.445180,70.405911,0 -127.230824,70.309882,0 -127.191721,70.282213,0 -127.136464,70.252875,0 -127.124827,70.240180,0 -127.115875,70.225165,0 -127.055898,70.181220,0 -126.990793,70.109524,0 -126.928944,70.064439,0 -126.912506,70.044013,0 -126.899403,70.023586,0 -126.892934,70.016913,0 -126.884633,70.010484,0 -126.866770,70.001654,0 -126.828684,69.992987,0 -126.799916,69.983140,0 -126.783315,69.980129,0 -126.774770,69.975735,0 -126.795237,69.975735,0 -126.791656,69.950263,0 -126.785797,69.941596,0 -126.768544,69.934760,0 -126.797841,69.922065,0 -126.810170,69.911851,0 -126.805776,69.898627,0 -126.771352,69.860989,0 -126.728017,69.801988,0 -126.720041,69.785834,0 -126.713287,69.777086,0 -126.701772,69.767401,0 -126.678375,69.753811,0 -126.646067,69.729682,0 -126.275136,69.548570,0 -126.257721,69.533759,0 -126.245229,69.525336,0 -126.227366,69.517524,0 -126.208323,69.511786,0 -126.173980,69.506903,0 -126.159413,69.500190,0 -126.131703,69.482245,0 -125.938629,69.414008,0 -125.808339,69.386054,0 -125.777252,69.386542,0 -125.714467,69.394232,0 -125.685414,69.393541,0 -125.675038,69.390611,0 -125.670155,69.386705,0 -125.666127,69.381985,0 -125.658111,69.376410,0 -125.645253,69.373114,0 -125.610341,69.372992,0 -125.604726,69.368842,0 -125.598378,69.361884,0 -125.593617,69.355414,0 -125.592641,69.352525,0 -125.448842,69.319159,0 -125.424713,69.318427,0 -125.412953,69.322903,0 -125.378977,69.342922,0 -125.370107,69.352525,0 -125.378977,69.355292,0 -125.397450,69.366197,0 -125.390614,69.372992,0 -125.412017,69.380316,0 -125.454498,69.386908,0 -125.473134,69.400336,0 -125.466908,69.407701,0 -125.459543,69.414008,0 -125.430247,69.398993,0 -125.161244,69.386054,0 -125.144765,69.389960,0 -125.134511,69.399319,0 -125.126617,69.410793,0 -125.116851,69.420844,0 -125.123850,69.423407,0 -125.136098,69.431098,0 -125.143544,69.434516,0 -125.131663,69.443793,0 -125.088979,69.454332,0 -125.150990,69.454332,0 -125.150990,69.461819,0 -125.140981,69.461371,0 -125.132680,69.462470,0 -125.124989,69.464993,0 -125.116851,69.468655,0 -125.224110,69.468411,0 -125.253407,69.461819,0 -125.247222,69.448147,0 -125.261545,69.447577,0 -125.275299,69.448879,0 -125.301869,69.454332,0 -125.298655,69.458564,0 -125.296864,69.462144,0 -125.294057,69.465481,0 -125.288197,69.468655,0 -125.303619,69.473944,0 -125.465688,69.454332,0 -125.542063,69.434516,0 -125.577138,69.435370,0 -125.586090,69.431342,0 -125.594309,69.425238,0 -125.603627,69.421536,0 -125.613678,69.420071,0 -125.624013,69.420844,0 -125.614613,69.432318,0 -125.588246,69.450019,0 -125.575551,69.461819,0 -125.578765,69.465766,0 -125.580230,69.469143,0 -125.581288,69.472398,0 -125.582997,69.476060,0 -125.541656,69.480170,0 -125.500478,69.476060,0 -125.500478,69.482245,0 -125.511301,69.487982,0 -125.512563,69.492336,0 -125.507680,69.496772,0 -125.483957,69.513658,0 -125.468658,69.514960,0 -125.435292,69.509589,0 -125.308705,69.502753,0 -125.308705,69.509589,0 -125.315745,69.512641,0 -125.328521,69.520453,0 -125.336008,69.523261,0 -125.316518,69.527533,0 -125.292388,69.521308,0 -125.247222,69.502753,0 -125.182729,69.491889,0 -125.116851,69.489691,0 -125.153472,69.504706,0 -125.240793,69.517564,0 -125.274526,69.536851,0 -125.267690,69.544338,0 -125.286773,69.550849,0 -125.294342,69.551174,0 -125.294342,69.558051,0 -125.284779,69.558173,0 -125.273752,69.560777,0 -125.264638,69.566230,0 -125.260854,69.574774,0 -125.219309,69.585354,0 -125.247060,69.595038,0 -125.415883,69.603217,0 -125.438385,69.612616,0 -125.402211,69.611070,0 -125.386342,69.614732,0 -125.376943,69.626288,0 -125.394683,69.627387,0 -125.398671,69.629299,0 -125.397450,69.633124,0 -125.404693,69.633857,0 -125.409739,69.635199,0 -125.413930,69.637356,0 -125.418568,69.640570,0 -125.381988,69.684760,0 -125.370107,69.694525,0 -125.337270,69.702786,0 -125.265736,69.694159,0 -125.233551,69.694525,0 -125.143544,69.728664,0 -125.129628,69.729560,0 -125.102162,69.727118,0 -125.088979,69.728664,0 -125.084055,69.732164,0 -125.084625,69.736965,0 -125.086578,69.741889,0 -125.085846,69.746405,0 -125.078440,69.750067,0 -125.067983,69.750963,0 -125.032297,69.747260,0 -124.970123,69.733222,0 -124.967641,69.726020,0 -124.968577,69.717108,0 -124.966054,69.708808,0 -124.953928,69.695543,0 -124.947865,69.686998,0 -124.945709,69.678290,0 -124.945546,69.664455,0 -124.936920,69.649970,0 -124.917063,69.653266,0 -124.895131,69.665513,0 -124.880035,69.677802,0 -124.866200,69.699408,0 -124.861562,69.713202,0 -124.851633,69.718573,0 -124.822011,69.715033,0 -124.872426,69.740668,0 -124.926096,69.752590,0 -125.076975,69.759426,0 -125.140248,69.774156,0 -125.171498,69.777086,0 -125.221262,69.768052,0 -125.239898,69.771064,0 -125.260854,69.790758,0 -125.253407,69.797593,0 -125.265859,69.807685,0 -125.271962,69.810452,0 -125.281361,69.811225,0 -125.219309,69.845404,0 -125.202504,69.852037,0 -125.180531,69.857327,0 -125.166005,69.854885,0 -125.171498,69.838568,0 -125.163971,69.826361,0 -125.168935,69.802069,0 -125.157826,69.797593,0 -125.075307,69.797593,0 -125.064605,69.799384,0 -125.061635,69.801215,0 -125.062123,69.802924,0 -125.061635,69.804389,0 -125.030914,69.821763,0 -125.023671,69.831732,0 -125.019887,69.844184,0 -125.020741,69.856513,0 -125.027496,69.865871,0 -124.976674,69.886664,0 -124.931223,69.925279,0 -124.915110,69.935126,0 -124.897125,69.942206,0 -124.707916,69.975043,0 -124.695424,69.979438,0 -124.681752,69.972968,0 -124.659739,69.970364,0 -124.639312,69.973944,0 -124.630238,69.986274,0 -124.636098,69.998358,0 -124.650502,70.011135,0 -124.668324,70.020941,0 -124.684885,70.024115,0 -124.703603,70.016913,0 -124.723988,69.987698,0 -124.740102,69.975735,0 -124.765940,69.972235,0 -124.800364,69.974555,0 -124.833648,69.980943,0 -124.856191,69.989407,0 -124.826650,70.001695,0 -124.794749,70.010484,0 -124.814076,70.015855,0 -124.902943,70.016099,0 -124.911448,70.013617,0 -124.916900,70.008857,0 -124.919789,70.003079,0 -124.923492,69.998236,0 -124.931549,69.996243,0 -124.947133,69.998603,0 -124.974233,70.008775,0 -124.992747,70.010484,0 -125.008778,70.008246,0 -125.025258,70.003363,0 -125.055409,69.989407,0 -125.052602,69.985500,0 -125.047963,69.975735,0 -125.067860,69.977444,0 -125.091664,69.976874,0 -125.114166,69.972398,0 -125.129872,69.962714,0 -125.120595,69.961168,0 -125.114898,69.958157,0 -125.102610,69.948391,0 -125.119781,69.942613,0 -125.136627,69.943915,0 -125.153635,69.947414,0 -125.171498,69.948391,0 -125.185129,69.943345,0 -125.197906,69.936428,0 -125.209462,69.935492,0 -125.219309,69.948391,0 -125.196034,69.961371,0 -125.184885,69.973212,0 -125.187652,69.986396,0 -125.206207,70.003079,0 -125.196360,70.008979,0 -125.164662,70.016750,0 -125.129872,70.037177,0 -125.057973,70.052436,0 -125.034657,70.061347,0 -125.027252,70.067939,0 -125.018870,70.082750,0 -125.013824,70.085598,0 -125.003651,70.085354,0 -124.992502,70.083441,0 -124.983469,70.078274,0 -124.979726,70.068264,0 -124.987660,70.045559,0 -125.006703,70.040961,0 -125.029205,70.040513,0 -125.047963,70.030341,0 -125.006093,70.019965,0 -124.950999,70.018256,0 -124.896392,70.024319,0 -124.856191,70.037177,0 -124.959218,70.030341,0 -124.959218,70.037177,0 -124.947825,70.040025,0 -124.929311,70.048285,0 -124.918284,70.051459,0 -124.863637,70.057603,0 -124.853261,70.061591,0 -124.844879,70.066107,0 -124.835520,70.069810,0 -124.822011,70.071357,0 -124.818349,70.069241,0 -124.811676,70.059963,0 -124.808420,70.057603,0 -124.798980,70.058295,0 -124.782826,70.063788,0 -124.671254,70.078803,0 -124.650461,70.074856,0 -124.631744,70.064765,0 -124.595530,70.037177,0 -124.599924,70.021877,0 -124.576527,70.014838,0 -124.545562,70.018948,0 -124.527211,70.037177,0 -124.562001,70.037177,0 -124.527984,70.060981,0 -124.490712,70.054145,0 -124.452870,70.042426,0 -124.417348,70.051459,0 -124.447906,70.079576,0 -124.464996,70.086656,0 -124.486236,70.082180,0 -124.510121,70.073961,0 -124.535227,70.071967,0 -124.559804,70.075995,0 -124.582428,70.085598,0 -124.562123,70.090155,0 -124.538686,70.090644,0 -124.518219,70.093736,0 -124.506744,70.106024,0 -124.594065,70.116400,0 -124.623402,70.112860,0 -124.710601,70.092353,0 -124.740102,70.092434,0 -124.740102,70.098578,0 -124.725209,70.099311,0 -124.711049,70.102240,0 -124.684885,70.112860,0 -124.696889,70.118801,0 -124.711537,70.121527,0 -124.726674,70.121039,0 -124.746002,70.114732,0 -124.750559,70.116034,0 -124.753245,70.120103,0 -124.753774,70.126614,0 -124.750396,70.132025,0 -124.743520,70.134019,0 -124.735707,70.134955,0 -124.729848,70.137152,0 -124.702016,70.151272,0 -124.669789,70.153266,0 -124.602284,70.147040,0 -124.590443,70.149400,0 -124.567372,70.159613,0 -124.554555,70.161322,0 -124.539133,70.158515,0 -124.521067,70.149644,0 -124.506744,70.147040,0 -124.441558,70.155666,0 -124.408111,70.155422,0 -124.383860,70.140204,0 -124.428334,70.122260,0 -124.443918,70.111151,0 -124.431956,70.106024,0 -124.413157,70.102932,0 -124.391469,70.094875,0 -124.372792,70.083645,0 -124.362701,70.071357,0 -124.363189,70.056871,0 -124.370269,70.041693,0 -124.380523,70.028632,0 -124.390370,70.020453,0 -124.416860,70.014838,0 -124.477203,70.020738,0 -124.506744,70.010484,0 -124.485992,70.002875,0 -124.438791,70.002875,0 -124.417348,69.996243,0 -124.434397,69.991767,0 -124.472239,69.993557,0 -124.479400,69.986274,0 -124.486724,69.976752,0 -124.504058,69.974270,0 -124.524403,69.973538,0 -124.540883,69.969550,0 -124.487701,69.957913,0 -124.435374,69.955268,0 -124.430653,69.951483,0 -124.431711,69.943061,0 -124.435455,69.933783,0 -124.439076,69.927924,0 -124.449941,69.919827,0 -124.461171,69.918036,0 -124.486236,69.920478,0 -124.506907,69.916327,0 -124.499867,69.907172,0 -124.478342,69.898017,0 -124.455190,69.893785,0 -124.446197,69.890774,0 -124.446401,69.883979,0 -124.452138,69.873277,0 -124.443227,69.868109,0 -124.431752,69.864000,0 -124.418324,69.861151,0 -124.403717,69.859687,0 -124.425038,69.850775,0 -124.452016,69.834459,0 -124.472035,69.815334,0 -124.472564,69.797593,0 -124.491200,69.796576,0 -124.496449,69.789740,0 -124.492299,69.779120,0 -124.482533,69.766832,0 -124.481191,69.759182,0 -124.487864,69.751125,0 -124.506744,69.736151,0 -124.480336,69.720852,0 -124.414377,69.724311,0 -124.393788,69.718736,0 -124.366567,69.703843,0 -124.326080,69.697984,0 -124.285146,69.700873,0 -124.256581,69.711900,0 -124.229848,69.726996,0 -124.201568,69.732001,0 -124.074778,69.728664,0 -124.068267,69.725287,0 -124.062815,69.717922,0 -124.054758,69.711005,0 -124.040598,69.708808,0 -124.045888,69.703681,0 -124.054270,69.687730,0 -124.049143,69.686469,0 -124.039418,69.682807,0 -124.034413,69.681545,0 -124.071848,69.665839,0 -124.184641,69.633124,0 -124.209625,69.616034,0 -124.217030,69.595771,0 -124.222035,69.573676,0 -124.239858,69.551174,0 -124.268910,69.536566,0 -124.343332,69.515570,0 -124.391347,69.495307,0 -124.429107,69.473456,0 -124.439076,69.461819,0 -124.439565,69.447943,0 -124.433258,69.435858,0 -124.417348,69.414008,0 -124.498362,69.415107,0 -124.521067,69.407782,0 -124.501129,69.395941,0 -124.438466,69.369615,0 -124.422841,69.366645,0 -124.382192,69.367377,0 -124.346181,69.357367,0 -124.326080,69.354234,0 -124.158844,69.348090,0 -124.094594,69.359076,0 -124.054270,69.393541,0 -124.061106,69.379869,0 -124.038075,69.357733,0 -124.022694,69.347357,0 -124.006459,69.345120,0 -123.994211,69.352973,0 -123.999135,69.363593,0 -124.020131,69.379869,0 -124.010121,69.396633,0 -123.997914,69.403957,0 -123.983144,69.404364,0 -123.965484,69.400336,0 -123.963206,69.397528,0 -123.961334,69.392646,0 -123.956370,69.388088,0 -123.881947,69.373603,0 -123.869618,69.372992,0 -123.861684,69.374701,0 -123.850942,69.383043,0 -123.842641,69.386054,0 -123.828033,69.387681,0 -123.808827,69.387356,0 -123.796254,69.381334,0 -123.801625,69.366197,0 -123.751861,69.375800,0 -123.726959,69.377509,0 -123.697987,69.372992,0 -123.692006,69.369940,0 -123.685618,69.365302,0 -123.676869,69.361151,0 -123.663564,69.359361,0 -123.648427,69.361518,0 -123.617665,69.370917,0 -123.544749,69.377021,0 -123.382680,69.414008,0 -123.420074,69.420111,0 -123.437408,69.426337,0 -123.444732,69.437934,0 -123.447662,69.464097,0 -123.443227,69.476874,0 -123.427642,69.482245,0 -123.411366,69.484931,0 -123.355336,69.502753,0 -123.266591,69.509589,0 -123.273427,69.502753,0 -123.177561,69.495917,0 -123.165639,69.500434,0 -123.163401,69.511298,0 -123.164703,69.524726,0 -123.163564,69.536851,0 -123.159779,69.543524,0 -123.156321,69.546210,0 -123.153147,69.547797,0 -123.144602,69.556830,0 -123.137807,69.562079,0 -123.131947,69.567776,0 -123.129465,69.574774,0 -123.134755,69.589097,0 -123.158274,69.606635,0 -123.163564,69.616034,0 -123.158111,69.630072,0 -123.145090,69.639146,0 -123.129303,69.646186,0 -123.115793,69.654202,0 -123.104075,69.666449,0 -123.100453,69.675360,0 -123.104726,69.723293,0 -123.113678,69.743720,0 -123.130727,69.759508,0 -123.157338,69.770250,0 -123.077748,69.787787,0 -123.053700,69.797593,0 -123.005198,69.825019,0 -122.979726,69.834784,0 -122.950999,69.838568,0 -122.835561,69.803127,0 -122.772532,69.794867,0 -122.745839,69.824897,0 -122.745839,69.832343,0 -122.730295,69.829779,0 -122.701894,69.820787,0 -122.684397,69.818671,0 -122.646718,69.822252,0 -122.628163,69.821723,0 -122.584381,69.809149,0 -122.530263,69.813056,0 -122.481109,69.802069,0 -122.352610,69.814154,0 -122.172109,69.804511,0 -122.036041,69.818671,0 -121.643870,69.789049,0 -121.559967,69.769477,0 -121.427846,69.766832,0 -121.117604,69.695176,0 -120.807362,69.623521,0 -120.680819,69.556669,0 -120.680819,69.332357,0 -120.680819,69.117125,0 -120.680819,68.901893,0 -120.680819,68.686660,0 -120.680819,68.552870,0 -120.680819,68.419080,0 -120.680819,68.285341,0 -120.680819,68.151551,0 -120.680819,68.117574,0 -120.680819,68.083648,0 -120.680819,68.049645,0 -120.680819,68.015642,0 -120.677900,68.001819,0 -120.669606,67.996987,0 -120.656532,67.995643,0 -120.639375,67.992543,0 -120.419311,67.925131,0 -120.199247,67.857719,0 -119.979131,67.790359,0 -119.759093,67.722973,0 -119.262611,67.570940,0 -118.766156,67.418934,0 -118.269675,67.266928,0 -117.773193,67.114896,0 -117.183384,66.934235,0 -116.593575,66.753600,0 -116.003766,66.572991,0 -115.413957,66.392408,0 -114.913833,66.239213,0 -114.413708,66.086044,0 -113.913558,65.932978,0 -113.413434,65.779809,0 -113.186083,65.710150,0 -112.958629,65.640567,0 -112.731253,65.570933,0 -112.503851,65.501299,0 -112.470675,65.495847,0 -112.433881,65.496054,0 -112.396881,65.498483,0 -112.363007,65.500059,0 -112.240069,65.500059,0 -112.117156,65.500059,0 -111.994192,65.500059,0 -111.871306,65.500059,0 -111.599307,65.500059,0 -111.327385,65.500059,0 -111.055412,65.500059,0 -110.783439,65.500059,0 -110.743442,65.500912,0 -110.705769,65.500860,0 -110.669415,65.496106,0 -110.633164,65.482670,0 -110.531516,65.429702,0 -110.429869,65.376785,0 -110.328196,65.323868,0 -110.226548,65.270848,0 -110.096091,65.202997,0 -109.965634,65.135043,0 -109.835177,65.067088,0 -109.704694,64.999159,0 -109.642294,64.965880,0 -109.579792,64.932729,0 -109.516333,64.901879,0 -109.450911,64.875317,0 -109.215059,64.812013,0 -108.972878,64.778165,0 -108.727802,64.760182,0 -108.483347,64.744420,0 -107.964257,64.703493,0 -107.445090,64.662565,0 -106.925923,64.621637,0 -106.406781,64.580710,0 -105.798627,64.532805,0 -105.190473,64.484850,0 -104.582319,64.436894,0 -103.974139,64.388990,0 -103.544682,64.355194,0 -103.115225,64.321294,0 -102.685794,64.287497,0 -102.256285,64.253649,0 -102.207012,64.251660,0 -102.120350,64.247552,0 -102.037358,64.239955,0 -101.999092,64.227398,0 -101.992193,64.176031,0 -101.987826,64.127636,0 -101.986586,64.079190,0 -101.989299,64.027978,0 -101.994156,63.983330,0 -101.999479,63.938216,0 -102.003820,63.893103,0 -102.005551,63.848248,0 -102.005525,63.810937,0 -102.005474,63.773575,0 -102.005448,63.736213,0 -102.005396,63.698929,0 -102.004905,63.180692,0 -102.004363,62.662429,0 -102.003820,62.144166,0 -102.003277,61.625954,0 -102.002890,61.220088,0 -102.002451,60.814324,0 -102.002037,60.408561,0 -102.001598,60.002694,0 -102.001598,60.002023,0 -102.001598,60.001351,0 -102.001598,60.000705,0 -102.001598,60.000059,0 -102.501464,60.000059,0 -103.001382,60.000059,0 -103.501300,60.000059,0 -104.001192,60.000059,0 -104.501084,60.000059,0 -105.000976,60.000059,0 -105.500867,60.000059,0 -106.000785,60.000059,0 -106.500703,60.000059,0 -107.000569,60.000059,0 -107.500487,60.000059,0 -108.000379,60.000059,0 -108.500271,60.000059,0 -109.000137,60.000059,0 -109.500081,60.000059,0 -109.999973,60.000059,0 -110.624947,60.000059,0 -111.249948,60.000059,0 -111.874949,60.000059,0 -112.499975,60.000059,0 -113.124950,60.000059,0 -113.749976,60.000059,0 -114.374951,60.000059,0 -114.999952,60.000059,0 -115.624952,60.000059,0 -116.249953,60.000059,0 -116.874979,60.000059,0 -117.499928,60.000059,0 -118.124981,60.000059,0 -118.749981,60.000059,0 -119.374956,60.000059,0 -119.999957,60.000059,0 -120.477344,60.000059,0 -120.954730,60.000059,0 -121.432169,60.000059,0 -121.909556,60.000059,0 -122.386943,60.000059,0 -122.864330,60.000059,0 -123.341716,60.000059,0 -123.819103,60.000059,0 -123.837888,60.024967,0 -123.864966,60.038299,0 -123.895817,60.040392,0 -123.926048,60.031840,0 -123.954211,60.022900,0 -123.994519,60.016285,0 -124.025551,60.019903,0 -124.025938,60.042020,0 -124.002038,60.068685,0 -123.984055,60.083413,0 -123.980825,60.098451,0 -124.001340,60.126046,0 -124.006611,60.134469,0 -124.009660,60.143513,0 -124.013768,60.152582,0 -124.022166,60.161031,0 -124.037514,60.170979,0 -124.053094,60.180461,0 -124.068701,60.190073,0 -124.083868,60.200357,0 -124.102574,60.217177,0 -124.117922,60.236685,0 -124.131565,60.257666,0 -124.145388,60.278957,0 -124.161486,60.297302,0 -124.179159,60.313011,0 -124.195695,60.330065,0 -124.208304,60.352570,0 -124.213240,60.373705,0 -124.212619,60.392076,0 -124.209364,60.410292,0 -124.206341,60.431144,0 -124.216159,60.461323,0 -124.244995,60.477756,0 -124.282434,60.483569,0 -124.317910,60.481864,0 -124.342250,60.479616,0 -124.367003,60.479151,0 -124.391885,60.479306,0 -124.416405,60.479306,0 -124.422167,60.484215,0 -124.425345,60.495868,0 -124.427154,60.509098,0 -124.428575,60.518684,0 -124.435061,60.536512,0 -124.444595,60.553772,0 -124.457333,60.568810,0 -124.473301,60.580075,0 -124.517872,60.602735,0 -124.579057,60.640123,0 -124.619700,60.682084,0 -124.602673,60.718258,0 -124.569549,60.732159,0 -124.535571,60.744871,0 -124.504178,60.761718,0 -124.478727,60.787866,0 -124.483326,60.800320,0 -124.501516,60.817632,0 -124.522187,60.836752,0 -124.534124,60.854632,0 -124.546165,60.897162,0 -124.566474,60.938994,0 -124.598617,60.964548,0 -124.646133,60.958760,0 -124.663703,60.953851,0 -124.679852,60.954626,0 -124.696130,60.957313,0 -124.714139,60.958398,0 -124.732872,60.956435,0 -124.747419,60.954626,0 -124.761733,60.955685,0 -124.779794,60.962274,0 -124.805787,60.968165,0 -124.828163,60.961189,0 -124.848524,60.945712,0 -124.868678,60.926152,0 -124.875809,60.904345,0 -124.869763,60.881659,0 -124.868988,60.863417,0 -124.891880,60.855149,0 -124.918339,60.855097,0 -124.944719,60.856286,0 -124.971023,60.858301,0 -124.997455,60.860420,0 -125.021381,60.860006,0 -125.045618,60.856596,0 -125.069906,60.852720,0 -125.093987,60.850911,0 -125.114864,60.851531,0 -125.136723,60.852462,0 -125.158350,60.852332,0 -125.178607,60.849697,0 -125.195557,60.843573,0 -125.210362,60.834943,0 -125.224832,60.825538,0 -125.240800,60.817037,0 -125.280745,60.800682,0 -125.321776,60.787918,0 -125.364151,60.782027,0 -125.407921,60.786316,0 -125.452725,60.798305,0 -125.499466,60.811431,0 -125.546569,60.822153,0 -125.592483,60.826727,0 -125.635866,60.826468,0 -125.676225,60.827657,0 -125.715422,60.833961,0 -125.755264,60.849232,0 -125.789164,60.866673,0 -125.826035,60.883132,0 -125.864017,60.894010,0 -125.901354,60.894733,0 -125.938406,60.884734,0 -125.961324,60.868481,0 -125.976930,60.844659,0 -125.992072,60.812025,0 -126.014189,60.803472,0 -126.054290,60.805746,0 -126.093771,60.814712,0 -126.114131,60.826468,0 -126.113718,60.834375,0 -126.109584,60.842798,0 -126.106070,60.851247,0 -126.107413,60.858973,0 -126.121702,60.865691,0 -126.144362,60.866879,0 -126.168185,60.865432,0 -126.185910,60.864089,0 -126.201232,60.863986,0 -126.220688,60.862487,0 -126.237302,60.857190,0 -126.244149,60.845640,0 -126.238620,60.835150,0 -126.228000,60.829491,0 -126.219758,60.821921,0 -126.221463,60.805953,0 -126.245544,60.788538,0 -126.288513,60.779650,0 -126.334428,60.776497,0 -126.367242,60.776291,0 -126.389618,60.777040,0 -126.412356,60.779340,0 -126.434577,60.784094,0 -126.455402,60.792414,0 -126.468166,60.799183,0 -126.482016,60.805953,0 -126.496227,60.811431,0 -126.510257,60.814531,0 -126.543252,60.811741,0 -126.572760,60.799416,0 -126.600561,60.782647,0 -126.628570,60.766756,0 -126.644977,60.757687,0 -126.659576,60.749729,0 -126.674872,60.745646,0 -126.693579,60.748127,0 -126.709650,60.756033,0 -126.722983,60.766265,0 -126.736651,60.775826,0 -126.753679,60.781717,0 -126.772696,60.783680,0 -126.787889,60.782440,0 -126.802022,60.777815,0 -126.817732,60.769779,0 -126.820057,60.766575,0 -126.820135,60.762415,0 -126.821117,60.758307,0 -126.826077,60.755052,0 -126.833932,60.754897,0 -126.843079,60.757325,0 -126.851967,60.761253,0 -126.859047,60.765128,0 -126.872948,60.773500,0 -126.884523,60.781872,0 -126.892223,60.792414,0 -126.894704,60.807296,0 -126.890156,60.816185,0 -126.882818,60.824815,0 -126.880906,60.833031,0 -126.892688,60.840344,0 -126.916201,60.852332,0 -126.920697,60.865691,0 -126.917622,60.881659,0 -126.918423,60.901606,0 -126.919818,60.914112,0 -126.916072,60.922121,0 -126.909070,60.929149,0 -126.900957,60.938684,0 -126.900750,60.945686,0 -126.905349,60.954626,0 -126.911757,60.963463,0 -126.916873,60.970077,0 -126.928371,60.987389,0 -126.934391,61.000463,0 -126.936768,61.014519,0 -126.937440,61.034828,0 -126.936200,61.044207,0 -126.934572,61.052191,0 -126.936510,61.059012,0 -126.945941,61.064800,0 -126.968291,61.068650,0 -126.990899,61.065834,0 -127.013017,61.059116,0 -127.033843,61.050899,0 -127.048286,61.045060,0 -127.058311,61.042734,0 -127.068026,61.045370,0 -127.081359,61.054258,0 -127.090945,61.061545,0 -127.100014,61.070743,0 -127.102701,61.080665,0 -127.092831,61.090070,0 -127.077225,61.095548,0 -127.060533,61.099217,0 -127.044255,61.103351,0 -127.029683,61.110379,0 -127.012216,61.126967,0 -127.015782,61.135519,0 -127.026530,61.142263,0 -127.030664,61.153451,0 -127.025264,61.162288,0 -127.016970,61.169548,0 -127.009632,61.177248,0 -127.007203,61.187687,0 -127.008909,61.197479,0 -127.011492,61.206755,0 -127.014567,61.215850,0 -127.017745,61.225359,0 -127.023171,61.245306,0 -127.028391,61.264865,0 -127.035212,61.283753,0 -127.045521,61.301737,0 -127.052162,61.309075,0 -127.059448,61.316180,0 -127.065701,61.324061,0 -127.069112,61.333673,0 -127.068078,61.343336,0 -127.064357,61.351863,0 -127.061619,61.360441,0 -127.063169,61.369949,0 -127.073763,61.379096,0 -127.090325,61.384031,0 -127.107662,61.388656,0 -127.120788,61.397028,0 -127.126214,61.407725,0 -127.127842,61.419145,0 -127.128436,61.430876,0 -127.130503,61.442555,0 -127.145748,61.465189,0 -127.168305,61.474491,0 -127.194634,61.479142,0 -127.221325,61.487565,0 -127.251116,61.503249,0 -127.280985,61.516142,0 -127.312714,61.521620,0 -127.348164,61.514902,0 -127.388059,61.506479,0 -127.432681,61.505600,0 -127.477976,61.508081,0 -127.519937,61.509631,0 -127.534820,61.510199,0 -127.547946,61.512473,0 -127.560245,61.517227,0 -127.572492,61.525289,0 -127.591405,61.534384,0 -127.613368,61.537846,0 -127.636002,61.540017,0 -127.656673,61.545081,0 -127.669308,61.551179,0 -127.676206,61.556966,0 -127.680831,61.564511,0 -127.686774,61.575906,0 -127.702561,61.589678,0 -127.725635,61.596241,0 -127.750698,61.599031,0 -127.772350,61.601201,0 -127.806870,61.610865,0 -127.839607,61.626911,0 -127.869890,61.647349,0 -127.896916,61.670345,0 -127.913246,61.678871,0 -127.933219,61.681817,0 -127.954071,61.683677,0 -127.972752,61.688690,0 -127.981330,61.693987,0 -127.988332,61.700369,0 -127.994585,61.707397,0 -128.000838,61.714786,0 -128.005721,61.726362,0 -128.004765,61.739074,0 -128.002466,61.752148,0 -128.003267,61.764783,0 -128.008744,61.774628,0 -128.017684,61.785325,0 -128.027684,61.795298,0 -128.036339,61.803101,0 -128.052437,61.819431,0 -128.067397,61.835968,0 -128.084295,61.850049,0 -128.106103,61.859248,0 -128.136308,61.858343,0 -128.168269,61.850179,0 -128.198759,61.846303,0 -128.224674,61.858395,0 -128.232503,61.870384,0 -128.235268,61.882270,0 -128.236379,61.894259,0 -128.239428,61.906713,0 -128.246559,61.918366,0 -128.256481,61.928262,0 -128.267333,61.937383,0 -128.277203,61.946710,0 -128.286350,61.953170,0 -128.301491,61.961154,0 -128.317563,61.968957,0 -128.329397,61.974822,0 -128.343866,61.979473,0 -128.363322,61.984201,0 -128.381280,61.990248,0 -128.391098,61.998955,0 -128.390633,62.008929,0 -128.384742,62.015181,0 -128.379833,62.021383,0 -128.382158,62.031149,0 -128.396834,62.041278,0 -128.420812,62.049133,0 -128.446185,62.056083,0 -128.464944,62.063137,0 -128.478380,62.070010,0 -128.491816,62.076108,0 -128.504993,62.082852,0 -128.517499,62.091740,0 -128.527498,62.102980,0 -128.535947,62.113961,0 -128.546593,62.121790,0 -128.563129,62.123650,0 -128.604961,62.122694,0 -128.645501,62.123857,0 -128.684956,62.120343,0 -128.723559,62.105357,0 -128.737253,62.094376,0 -128.745909,62.082774,0 -128.753117,62.071302,0 -128.762497,62.060760,0 -128.779085,62.056884,0 -128.804122,62.059468,0 -128.829831,62.064636,0 -128.848538,62.068666,0 -128.856548,62.073472,0 -128.860604,62.082387,0 -128.862982,62.092954,0 -128.865643,62.102670,0 -128.876702,62.113728,0 -128.893755,62.117294,0 -128.912100,62.116984,0 -128.927345,62.116260,0 -128.944966,62.119594,0 -128.961658,62.126131,0 -128.978504,62.132823,0 -128.996643,62.136208,0 -129.014471,62.136414,0 -129.034134,62.135794,0 -129.053538,62.134347,0 -129.070798,62.131712,0 -129.091236,62.125562,0 -129.110072,62.118948,0 -129.130019,62.116054,0 -129.153765,62.121066,0 -129.174797,62.129800,0 -129.195649,62.138559,0 -129.216836,62.146233,0 -129.238798,62.151814,0 -129.252596,62.151943,0 -129.271355,62.151194,0 -129.287607,62.153364,0 -129.294118,62.161994,0 -129.283137,62.172924,0 -129.259159,62.181347,0 -129.233166,62.188556,0 -129.216061,62.195894,0 -129.201798,62.210518,0 -129.204201,62.215841,0 -129.216578,62.218476,0 -129.232210,62.225065,0 -129.240349,62.233308,0 -129.246033,62.242144,0 -129.252854,62.250619,0 -129.264404,62.257802,0 -129.277246,62.265218,0 -129.281690,62.272633,0 -129.283395,62.281625,0 -129.287762,62.293692,0 -129.292542,62.299919,0 -129.299880,62.308006,0 -129.306546,62.315783,0 -129.309388,62.321209,0 -129.297735,62.339348,0 -129.270657,62.355781,0 -129.239574,62.369010,0 -129.215751,62.377562,0 -129.235078,62.385856,0 -129.259314,62.391334,0 -129.282439,62.397432,0 -129.298330,62.407612,0 -129.304686,62.422986,0 -129.295513,62.427844,0 -129.282620,62.430453,0 -129.277762,62.439083,0 -129.277452,62.452881,0 -129.269494,62.457273,0 -129.255877,62.457377,0 -129.238566,62.458152,0 -129.222830,62.459650,0 -129.199473,62.462544,0 -129.178905,62.468539,0 -129.171619,62.479081,0 -129.196940,62.507167,0 -129.245439,62.523574,0 -129.297606,62.532152,0 -129.334193,62.536752,0 -129.364527,62.547604,0 -129.391373,62.564269,0 -129.418942,62.580573,0 -129.451550,62.590392,0 -129.474340,62.584139,0 -129.514130,62.571917,0 -129.551958,62.566362,0 -129.568856,62.580108,0 -129.553766,62.592976,0 -129.522399,62.599022,0 -129.495475,62.607652,0 -129.493873,62.628400,0 -129.499041,62.632456,0 -129.506276,62.634601,0 -129.513252,62.636280,0 -129.517722,62.638968,0 -129.519892,62.643463,0 -129.521158,62.647753,0 -129.522089,62.651628,0 -129.523277,62.654832,0 -129.522269,62.657649,0 -129.518833,62.661679,0 -129.516042,62.666692,0 -129.516921,62.672557,0 -129.523019,62.676640,0 -129.533147,62.679430,0 -129.543948,62.681601,0 -129.551906,62.683978,0 -129.556660,62.687802,0 -129.560510,62.692789,0 -129.564773,62.697775,0 -129.571078,62.701444,0 -129.581103,62.702995,0 -129.591516,62.702116,0 -129.601903,62.700618,0 -129.612057,62.700437,0 -129.619860,62.702168,0 -129.624201,62.705372,0 -129.625700,62.710720,0 -129.625106,62.718549,0 -129.625752,62.728109,0 -129.629834,62.732967,0 -129.634588,62.736223,0 -129.637172,62.740925,0 -129.638671,62.741390,0 -129.642210,62.743561,0 -129.645957,62.746455,0 -129.648308,62.749245,0 -129.646086,62.750589,0 -129.640944,62.753121,0 -129.635673,62.755343,0 -129.633012,62.755860,0 -129.636500,62.761544,0 -129.640531,62.765678,0 -129.646267,62.769502,0 -129.654897,62.774153,0 -129.668850,62.785264,0 -129.680994,62.799940,0 -129.692492,62.814177,0 -129.704506,62.823969,0 -129.722076,62.830635,0 -129.744736,62.839369,0 -129.764503,62.851564,0 -129.773288,62.868644,0 -129.765226,62.885257,0 -129.744969,62.888927,0 -129.721198,62.888358,0 -129.702439,62.892311,0 -129.717219,62.902104,0 -129.721043,62.909339,0 -129.717012,62.917684,0 -129.708330,62.930888,0 -129.708046,62.933678,0 -129.707969,62.939104,0 -129.707581,62.945202,0 -129.706728,62.949801,0 -129.700527,62.956623,0 -129.690089,62.962462,0 -129.679082,62.968405,0 -129.671072,62.975588,0 -129.666498,62.987060,0 -129.666524,62.995018,0 -129.663837,63.002563,0 -129.651228,63.013363,0 -129.639187,63.019668,0 -129.622548,63.027781,0 -129.607303,63.037083,0 -129.599707,63.046746,0 -129.613814,63.072197,0 -129.656086,63.075788,0 -129.704403,63.069174,0 -129.736494,63.063851,0 -129.756596,63.066280,0 -129.774166,63.073282,0 -129.791530,63.081370,0 -129.811063,63.087002,0 -129.829693,63.088811,0 -129.844679,63.091317,0 -129.848865,63.098629,0 -129.835196,63.114804,0 -129.852611,63.125295,0 -129.866874,63.144001,0 -129.879379,63.165240,0 -129.891937,63.183379,0 -129.905347,63.196918,0 -129.917723,63.204049,0 -129.932348,63.206375,0 -129.952605,63.205393,0 -129.968521,63.204747,0 -129.977358,63.207047,0 -129.983714,63.212834,0 -129.992473,63.222601,0 -130.014668,63.245752,0 -130.034357,63.261539,0 -130.058025,63.269523,0 -130.092183,63.269188,0 -130.103190,63.267095,0 -130.118641,63.263994,0 -130.133679,63.262030,0 -130.143575,63.263400,0 -130.150061,63.268102,0 -130.149802,63.269678,0 -130.147115,63.271332,0 -130.146082,63.276448,0 -130.144996,63.284975,0 -130.141121,63.297790,0 -130.135540,63.309934,0 -130.129416,63.316549,0 -130.108771,63.324662,0 -130.087429,63.333137,0 -130.065725,63.340604,0 -130.044150,63.345333,0 -130.019397,63.347865,0 -129.995290,63.349777,0 -129.971338,63.353239,0 -129.946921,63.360216,0 -129.934596,63.365177,0 -129.918886,63.373341,0 -129.906716,63.383780,0 -129.904959,63.395666,0 -129.912323,63.412512,0 -129.914390,63.426000,0 -129.909093,63.439074,0 -129.894417,63.454809,0 -129.869509,63.464240,0 -129.839382,63.469201,0 -129.822845,63.477934,0 -129.838452,63.498812,0 -129.852663,63.513746,0 -129.863670,63.531006,0 -129.874315,63.548369,0 -129.887183,63.563433,0 -129.903331,63.571676,0 -129.921522,63.574285,0 -129.939634,63.576430,0 -129.955395,63.583251,0 -129.956713,63.589090,0 -129.953535,63.597410,0 -129.951365,63.607177,0 -129.955809,63.617254,0 -129.975033,63.625057,0 -130.003971,63.627047,0 -130.033479,63.626039,0 -130.054511,63.625057,0 -130.062986,63.625316,0 -130.071693,63.626117,0 -130.080297,63.627434,0 -130.088617,63.629372,0 -130.093733,63.633274,0 -130.090788,63.638131,0 -130.085982,63.643351,0 -130.085543,63.648157,0 -130.096756,63.656942,0 -130.105567,63.661334,0 -130.106704,63.665830,0 -130.095025,63.675080,0 -130.085775,63.687896,0 -130.094508,63.697533,0 -130.111846,63.702830,0 -130.128563,63.702572,0 -130.157657,63.692857,0 -130.189929,63.680274,0 -130.222356,63.669861,0 -130.251915,63.666760,0 -130.268193,63.670843,0 -130.272844,63.677457,0 -130.275970,63.684123,0 -130.287778,63.688568,0 -130.308139,63.693942,0 -130.317957,63.703011,0 -130.315167,63.715129,0 -130.297778,63.729805,0 -130.278838,63.736988,0 -130.259150,63.738642,0 -130.238996,63.738694,0 -130.218842,63.741174,0 -130.213416,63.743861,0 -130.211891,63.747427,0 -130.211504,63.751354,0 -130.209256,63.755230,0 -130.198843,63.758796,0 -130.184503,63.758667,0 -130.169853,63.756806,0 -130.158639,63.755385,0 -130.132051,63.757452,0 -130.107893,63.766625,0 -130.097997,63.782309,0 -130.114404,63.803961,0 -130.128150,63.810524,0 -130.139570,63.810033,0 -130.150732,63.805976,0 -130.163858,63.801997,0 -130.183082,63.800215,0 -130.202538,63.801532,0 -130.222123,63.805382,0 -130.241786,63.811118,0 -130.281525,63.821531,0 -130.322557,63.830290,0 -130.362477,63.841530,0 -130.398883,63.859513,0 -130.407874,63.866696,0 -130.416349,63.874913,0 -130.424721,63.883000,0 -130.433325,63.890054,0 -130.449836,63.899149,0 -130.466837,63.905118,0 -130.484149,63.910518,0 -130.501615,63.917856,0 -130.512933,63.924832,0 -130.520891,63.930413,0 -130.529831,63.933824,0 -130.544093,63.934237,0 -130.550475,63.932429,0 -130.556212,63.929018,0 -130.562025,63.925659,0 -130.568536,63.923954,0 -130.581120,63.925556,0 -130.592308,63.930310,0 -130.603160,63.936227,0 -130.614787,63.941420,0 -130.650909,63.950102,0 -130.696539,63.959559,0 -130.739947,63.973408,0 -130.769428,63.995061,0 -130.775397,64.010589,0 -130.768783,64.018212,0 -130.757879,64.024309,0 -130.750799,64.035316,0 -130.756742,64.046711,0 -130.773950,64.051827,0 -130.794724,64.052602,0 -130.811364,64.051052,0 -130.822319,64.047874,0 -130.844075,64.042758,0 -130.862575,64.041879,0 -130.863996,64.051207,0 -130.856555,64.066736,0 -130.859345,64.077174,0 -130.869603,64.084822,0 -130.884719,64.092006,0 -130.906009,64.101359,0 -130.927791,64.113167,0 -130.941976,64.128902,0 -130.940503,64.150038,0 -130.914768,64.169262,0 -130.882006,64.181096,0 -130.872652,64.190475,0 -130.917223,64.202386,0 -130.933475,64.208407,0 -130.943449,64.218458,0 -130.950167,64.231532,0 -130.956626,64.246570,0 -130.975282,64.264424,0 -131.003574,64.272098,0 -131.034296,64.275250,0 -131.060522,64.279513,0 -131.039050,64.297859,0 -131.013160,64.311785,0 -131.003497,64.325221,0 -131.030730,64.341887,0 -131.040704,64.345168,0 -131.051530,64.348527,0 -131.061917,64.352713,0 -131.070805,64.358398,0 -131.071916,64.362583,0 -131.070056,64.367854,0 -131.067834,64.372712,0 -131.067731,64.375606,0 -131.080030,64.383202,0 -131.091631,64.388628,0 -131.102871,64.394674,0 -131.114136,64.403847,0 -131.145607,64.424130,0 -131.179765,64.429789,0 -131.215809,64.429789,0 -131.252732,64.433122,0 -131.272266,64.437204,0 -131.292523,64.441545,0 -131.312677,64.446041,0 -131.331926,64.450898,0 -131.349471,64.457461,0 -131.366756,64.464593,0 -131.384456,64.467900,0 -131.403033,64.463094,0 -131.411224,64.456479,0 -131.414325,64.448935,0 -131.415177,64.440253,0 -131.416495,64.430383,0 -131.426572,64.415862,0 -131.443883,64.410823,0 -131.463469,64.409816,0 -131.480264,64.407283,0 -131.487808,64.402994,0 -131.494165,64.397413,0 -131.500443,64.392142,0 -131.508040,64.388396,0 -131.518478,64.387078,0 -131.528839,64.387931,0 -131.539149,64.389326,0 -131.549407,64.389636,0 -131.568088,64.384597,0 -131.583203,64.375916,0 -131.598913,64.368940,0 -131.619428,64.368655,0 -131.635293,64.373952,0 -131.650176,64.381419,0 -131.665369,64.388396,0 -131.682189,64.392297,0 -131.704178,64.392504,0 -131.728104,64.390540,0 -131.752056,64.387440,0 -131.774122,64.384184,0 -131.787118,64.380980,0 -131.803758,64.377156,0 -131.818615,64.377518,0 -131.826082,64.387026,0 -131.823240,64.393021,0 -131.816522,64.403924,0 -131.809494,64.416275,0 -131.805825,64.426559,0 -131.771615,64.457151,0 -131.711774,64.489914,0 -131.681724,64.521152,0 -131.736940,64.546991,0 -131.756552,64.550531,0 -131.775129,64.552908,0 -131.793940,64.553579,0 -131.814093,64.552029,0 -131.833162,64.551642,0 -131.848717,64.555802,0 -131.863444,64.563036,0 -131.879826,64.572080,0 -131.893727,64.578642,0 -131.908403,64.584585,0 -131.923208,64.590425,0 -131.937600,64.596523,0 -131.949511,64.604403,0 -131.958271,64.614093,0 -131.966125,64.624609,0 -131.975272,64.634763,0 -131.988062,64.643600,0 -132.002376,64.650834,0 -132.015683,64.658948,0 -132.025657,64.670523,0 -132.033253,64.682150,0 -132.042529,64.690910,0 -132.053769,64.696413,0 -132.067360,64.698428,0 -132.115832,64.700030,0 -132.158672,64.705870,0 -132.199703,64.718324,0 -132.242646,64.739925,0 -132.280577,64.757753,0 -132.320600,64.768579,0 -132.361683,64.773695,0 -132.402740,64.774496,0 -132.422790,64.776150,0 -132.442996,64.780077,0 -132.463046,64.783695,0 -132.482761,64.784263,0 -132.501390,64.780516,0 -132.518211,64.775065,0 -132.535496,64.770750,0 -132.555547,64.770620,0 -132.569112,64.774961,0 -132.576011,64.782558,0 -132.580972,64.791911,0 -132.588568,64.802014,0 -132.602572,64.810437,0 -132.615311,64.815527,0 -132.619987,64.822245,0 -132.609704,64.835629,0 -132.580196,64.848833,0 -132.540044,64.856403,0 -132.502578,64.864672,0 -132.481210,64.879916,0 -132.482528,64.904979,0 -132.499220,64.924823,0 -132.513431,64.943375,0 -132.507462,64.964510,0 -132.492140,64.972985,0 -132.472012,64.975983,0 -132.451005,64.977740,0 -132.433022,64.982442,0 -132.425684,64.989031,0 -132.422377,64.997222,0 -132.418346,65.005955,0 -132.408812,65.014223,0 -132.391888,65.017324,0 -132.368788,65.017660,0 -132.347058,65.020657,0 -132.334423,65.031483,0 -132.337240,65.036857,0 -132.343493,65.049286,0 -132.350004,65.062153,0 -132.353854,65.069000,0 -132.370649,65.080937,0 -132.390027,65.084968,0 -132.410594,65.084245,0 -132.430852,65.081945,0 -132.454752,65.081170,0 -132.479066,65.083185,0 -132.503250,65.086906,0 -132.526918,65.091428,0 -132.552937,65.103055,0 -132.548855,65.118713,0 -132.533765,65.137213,0 -132.526634,65.157419,0 -132.535341,65.168994,0 -132.553583,65.180621,0 -132.574409,65.189096,0 -132.590790,65.191163,0 -132.603348,65.186176,0 -132.614045,65.178761,0 -132.626550,65.172146,0 -132.644689,65.169382,0 -132.659804,65.170441,0 -132.678821,65.171087,0 -132.692954,65.167444,0 -132.693575,65.155662,0 -132.715821,65.156437,0 -132.744605,65.163826,0 -132.771451,65.175144,0 -132.787729,65.187856,0 -132.771528,65.189303,0 -132.747421,65.189639,0 -132.725175,65.191163,0 -132.714659,65.196434,0 -132.720214,65.208785,0 -132.737034,65.213694,0 -132.756310,65.215038,0 -132.769126,65.216743,0 -132.781321,65.226200,0 -132.771141,65.229507,0 -132.751297,65.229275,0 -132.734451,65.228112,0 -132.713418,65.228577,0 -132.700293,65.233538,0 -132.689751,65.242633,0 -132.676651,65.255604,0 -132.662336,65.266456,0 -132.646652,65.274285,0 -132.629780,65.278781,0 -132.611926,65.279943,0 -132.597146,65.279117,0 -132.573763,65.279375,0 -132.554462,65.284129,0 -132.552188,65.296893,0 -132.553428,65.327021,0 -132.529864,65.352549,0 -132.496636,65.371876,0 -132.468834,65.383348,0 -132.455837,65.388412,0 -132.443228,65.393916,0 -132.430774,65.399523,0 -132.418036,65.404794,0 -132.407132,65.407946,0 -132.395867,65.410220,0 -132.384730,65.412752,0 -132.374266,65.417041,0 -132.369305,65.421382,0 -132.365533,65.426808,0 -132.361812,65.432079,0 -132.356903,65.435929,0 -132.347911,65.437298,0 -132.338919,65.435929,0 -132.330238,65.435593,0 -132.322150,65.439804,0 -132.321375,65.443422,0 -132.320910,65.450166,0 -132.320445,65.457349,0 -132.319696,65.462258,0 -132.315174,65.474298,0 -132.310756,65.482903,0 -132.304244,65.490111,0 -132.293444,65.498276,0 -132.286235,65.504426,0 -132.279362,65.513107,0 -132.275357,65.522823,0 -132.276882,65.532124,0 -132.276132,65.544733,0 -132.261870,65.552537,0 -132.243473,65.557007,0 -132.230373,65.559642,0 -132.217376,65.564112,0 -132.205387,65.569538,0 -132.193863,65.575972,0 -132.182185,65.583542,0 -132.172573,65.594549,0 -132.175622,65.603696,0 -132.185440,65.611809,0 -132.196086,65.619768,0 -132.205336,65.630284,0 -132.209935,65.639456,0 -132.213501,65.648500,0 -132.219702,65.658732,0 -132.232621,65.669067,0 -132.248124,65.675010,0 -132.264040,65.680539,0 -132.278277,65.689789,0 -132.283212,65.696610,0 -132.286545,65.704336,0 -132.289723,65.712268,0 -132.294142,65.719503,0 -132.302875,65.727074,0 -132.313701,65.733275,0 -132.324708,65.739140,0 -132.334423,65.745858,0 -132.370726,65.771490,0 -132.413178,65.791824,0 -132.457775,65.807456,0 -132.500511,65.818929,0 -132.517823,65.822391,0 -132.537098,65.826783,0 -132.555263,65.833450,0 -132.569422,65.844147,0 -132.571670,65.855309,0 -132.564461,65.867194,0 -132.553273,65.878098,0 -132.543351,65.886366,0 -132.513405,65.902851,0 -132.476999,65.912928,0 -132.439172,65.920499,0 -132.404936,65.930085,0 -132.389252,65.933573,0 -132.367393,65.936906,0 -132.346671,65.940937,0 -132.334423,65.946724,0 -132.332046,65.955639,0 -132.334733,65.967447,0 -132.341322,65.979281,0 -132.350650,65.988427,0 -132.391087,65.996644,0 -132.436846,65.986438,0 -132.481908,65.977110,0 -132.520226,65.987859,0 -132.526143,65.995559,0 -132.529295,66.004085,0 -132.533481,66.012922,0 -132.542499,66.021448,0 -132.561464,66.029303,0 -132.582729,66.031835,0 -132.604407,66.031009,0 -132.624638,66.028787,0 -132.645826,66.024549,0 -132.666651,66.017056,0 -132.686082,66.006540,0 -132.703290,65.993440,0 -132.726803,65.981503,0 -132.754553,65.976025,0 -132.781373,65.968894,0 -132.802173,65.952305,0 -132.804963,65.944141,0 -132.805273,65.935769,0 -132.806720,65.928095,0 -132.812766,65.922126,0 -132.826461,65.917010,0 -132.841989,65.913626,0 -132.857957,65.911533,0 -132.872737,65.910396,0 -132.902089,65.908355,0 -132.935549,65.907424,0 -132.967873,65.911274,0 -132.993866,65.923108,0 -132.971956,65.939645,0 -132.943766,65.958584,0 -132.918936,65.979746,0 -132.907205,66.003129,0 -132.920434,66.025531,0 -132.955419,66.029717,0 -132.996683,66.025686,0 -133.028567,66.023464,0 -133.079908,66.025841,0 -133.127372,66.023309,0 -133.174372,66.016229,0 -133.224317,66.005222,0 -133.242869,65.999228,0 -133.262274,65.991941,0 -133.281730,65.986257,0 -133.300514,65.985017,0 -133.310436,65.986283,0 -133.320668,65.987290,0 -133.330745,65.986929,0 -133.340253,65.984086,0 -133.345085,65.979591,0 -133.347075,65.973803,0 -133.348573,65.967963,0 -133.352191,65.963157,0 -133.387589,65.946957,0 -133.424641,65.944347,0 -133.462417,65.949567,0 -133.500063,65.956698,0 -133.533963,65.957034,0 -133.575278,65.955561,0 -133.611787,65.961866,0 -133.631347,65.985352,0 -133.625611,66.014989,0 -133.610237,66.036409,0 -133.608402,66.049948,0 -133.643052,66.056020,0 -133.657676,66.055968,0 -133.677442,66.056795,0 -133.695374,66.061317,0 -133.704676,66.072014,0 -133.701058,66.085217,0 -133.689457,66.099583,0 -133.675375,66.112296,0 -133.664110,66.120357,0 -133.635145,66.129969,0 -133.597912,66.139116,0 -133.567165,66.153843,0 -133.558018,66.180043,0 -133.562772,66.190792,0 -133.569697,66.198699,0 -133.575381,66.207535,0 -133.576621,66.221230,0 -133.574089,66.231203,0 -133.570059,66.240660,0 -133.566286,66.250220,0 -133.564322,66.260633,0 -133.584321,66.292750,0 -133.633466,66.303188,0 -133.688501,66.301793,0 -133.726225,66.298434,0 -133.761158,66.296677,0 -133.798933,66.298486,0 -133.819087,66.310165,0 -133.801336,66.338122,0 -133.789838,66.348379,0 -133.780614,66.357733,0 -133.772940,66.368327,0 -133.765912,66.382150,0 -133.762967,66.395482,0 -133.763018,66.409332,0 -133.763018,66.423284,0 -133.759659,66.437134,0 -133.732271,66.452973,0 -133.691007,66.445324,0 -133.651475,66.435635,0 -133.629383,66.445324,0 -133.636850,66.461990,0 -133.659691,66.479043,0 -133.683178,66.497802,0 -133.692480,66.519764,0 -133.673411,66.535784,0 -133.635300,66.548600,0 -133.600599,66.559348,0 -133.591918,66.569219,0 -133.610625,66.579011,0 -133.633130,66.583636,0 -133.656462,66.586375,0 -133.677856,66.590768,0 -133.693333,66.597847,0 -133.698914,66.605392,0 -133.701937,66.614332,0 -133.709688,66.625649,0 -133.725140,66.635029,0 -133.742451,66.638258,0 -133.759789,66.640429,0 -133.775369,66.646733,0 -133.781880,66.656629,0 -133.773948,66.663657,0 -133.761675,66.670556,0 -133.755241,66.680065,0 -133.771907,66.695723,0 -133.806297,66.711019,0 -133.834151,66.725850,0 -133.831360,66.740061,0 -133.812989,66.747967,0 -133.795239,66.754892,0 -133.779529,66.764607,0 -133.767514,66.780782,0 -133.763328,66.798610,0 -133.770021,66.808946,0 -133.783741,66.815198,0 -133.800794,66.821193,0 -133.818415,66.830288,0 -133.825547,66.838815,0 -133.830585,66.848788,0 -133.841902,66.862534,0 -133.849421,66.867624,0 -133.858129,66.870802,0 -133.867405,66.873024,0 -133.876448,66.875195,0 -133.883011,66.879122,0 -133.886215,66.885013,0 -133.888308,66.891008,0 -133.891641,66.895633,0 -133.924921,66.912428,0 -133.962696,66.922065,0 -134.002048,66.928809,0 -134.040107,66.936793,0 -134.053337,66.939506,0 -134.072302,66.944286,0 -134.087934,66.952089,0 -134.091190,66.963820,0 -134.080777,66.974310,0 -134.063620,66.981235,0 -134.044965,66.985214,0 -134.030082,66.986609,0 -133.983522,66.984904,0 -133.927504,66.982578,0 -133.873037,66.986402,0 -133.831076,67.003404,0 -133.928435,67.003352,0 -134.021013,67.003404,0 -134.113617,67.003456,0 -134.206170,67.003456,0 -134.298748,67.003456,0 -134.415640,67.003456,0 -134.532635,67.003456,0 -134.649528,67.003456,0 -134.766420,67.003507,0 -134.883363,67.003559,0 -135.000255,67.003559,0 -135.117199,67.003559,0 -135.234117,67.003559,0 -135.293364,67.003559,0 -135.423692,67.003611,0 -135.554046,67.003611,0 -135.613293,67.003611,0 -135.701815,67.003611,0 -135.798786,67.003611,0 -135.895756,67.003611,0 -135.992753,67.003662,0 -136.089776,67.003662,0 -136.107888,67.003662,0 -136.126001,67.003662,0 -136.144113,67.003662,0 -136.162200,67.003662,0 -136.167394,67.005988,0 -136.173026,67.011569,0 -136.177806,67.017951,0 -136.180390,67.022989,0 -136.185816,67.035909,0 -136.192793,67.042549,0 -136.202663,67.047820,0 -136.216512,67.056734,0 -136.221576,67.064434,0 -136.220853,67.073116,0 -136.217985,67.082366,0 -136.216512,67.091461,0 -136.217907,67.096628,0 -136.220594,67.100762,0 -136.223333,67.104922,0 -136.224806,67.110064,0 -136.222868,67.118281,0 -136.217235,67.122208,0 -136.210673,67.125309,0 -136.206073,67.130890,0 -136.203515,67.146031,0 -136.209484,67.151121,0 -136.220775,67.154919,0 -136.234289,67.166030,0 -136.237441,67.178045,0 -136.230413,67.187475,0 -136.218682,67.194452,0 -136.208037,67.199232,0 -136.190751,67.205924,0 -136.173155,67.211557,0 -136.155534,67.217396,0 -136.138222,67.224605,0 -136.129153,67.234139,0 -136.126027,67.247834,0 -136.124476,67.262716,0 -136.120239,67.275894,0 -136.110265,67.285764,0 -136.100473,67.291035,0 -136.095176,67.297185,0 -136.098586,67.309639,0 -136.104219,67.317803,0 -136.111221,67.325348,0 -136.118585,67.332583,0 -136.125226,67.340076,0 -136.137964,67.359636,0 -136.133649,67.362814,0 -136.122771,67.363951,0 -136.116079,67.377283,0 -136.123649,67.382916,0 -136.141271,67.389375,0 -136.160908,67.395421,0 -136.174292,67.399607,0 -136.191759,67.405111,0 -136.200906,67.408056,0 -136.201319,67.413508,0 -136.192457,67.426634,0 -136.181320,67.445367,0 -136.177031,67.460482,0 -136.175739,67.475365,0 -136.173827,67.493400,0 -136.169641,67.496862,0 -136.162278,67.500066,0 -136.157342,67.504200,0 -136.160650,67.509988,0 -136.166179,67.513037,0 -136.171786,67.514846,0 -136.176902,67.517274,0 -136.181062,67.522184,0 -136.185325,67.536085,0 -136.186566,67.550115,0 -136.189382,67.564248,0 -136.198270,67.578666,0 -136.221783,67.601972,0 -136.246536,67.620162,0 -136.275087,67.632461,0 -136.309943,67.637836,0 -136.330252,67.639102,0 -136.348545,67.641040,0 -136.366555,67.643778,0 -136.385726,67.647189,0 -136.394873,67.648455,0 -136.405286,67.650031,0 -136.415285,67.652718,0 -136.423321,67.657421,0 -136.426938,67.663002,0 -136.426473,67.667653,0 -136.424923,67.672252,0 -136.425259,67.677265,0 -136.425130,67.679538,0 -136.424639,67.684086,0 -136.424406,67.689305,0 -136.424949,67.693698,0 -136.427300,67.696282,0 -136.431848,67.699666,0 -136.436654,67.703516,0 -136.439961,67.707599,0 -136.444767,67.725582,0 -136.445387,67.745555,0 -136.444069,67.766045,0 -136.443294,67.785630,0 -136.444353,67.873583,0 -136.445077,67.961433,0 -136.445309,68.049283,0 -136.444689,68.137056,0 -136.443759,68.235861,0 -136.443527,68.334434,0 -136.443604,68.432929,0 -136.443837,68.531424,0 -136.444069,68.580672,0 -136.444379,68.629971,0 -136.444612,68.679271,0 -136.444689,68.728622,0 -136.444612,68.753323,0 -136.444457,68.777921,0 -136.444353,68.802571,0 -136.444405,68.860913,0 -136.444872,68.909902,0</coordinates>
          </LinearRing>
        </outerBoundaryIs>
      </Polygon>
    </Placemark>
    <Placemark>
      <name>Denendeh</name>
      <Polygon>
        <outerBoundaryIs>
          <LinearRing>
            <coordinates>-128.234609,70.660956,0 -128.201527,70.659980,0 -128.155995,70.648139,0 -128.112050,70.630805,0 -128.083730,70.613186,0 -128.093414,70.605862,0 -128.103668,70.601386,0 -128.114247,70.601142,0 -128.124745,70.606350,0 -128.118560,70.584418,0 -128.137034,70.575385,0 -128.164906,70.575019,0 -128.186838,70.579047,0 -128.222401,70.597113,0 -128.241282,70.599433,0 -128.255116,70.585273,0 -128.250844,70.582343,0 -128.246693,70.576158,0 -128.242055,70.571601,0 -128.268951,70.567043,0 -128.344472,70.544867,0 -128.317128,70.571601,0 -128.255238,70.647162,0 -128.234609,70.660956,0</coordinates>
          </LinearRing>
        </outerBoundaryIs>
      </Polygon>
    </Placemark>
    <Placemark>
      <name>Denendeh</name>
      <Polygon>
        <outerBoundaryIs>
          <LinearRing>
            <coordinates>-125.948883,71.963202,0 -125.968088,71.965237,0 -125.988433,71.970404,0 -125.996938,71.977037,0 -125.980295,71.983629,0 -125.963612,71.982815,0 -125.909088,71.964342,0 -125.948883,71.963202,0</coordinates>
          </LinearRing>
        </outerBoundaryIs>
      </Polygon>
    </Placemark>
    <Placemark>
      <name>Denendeh</name>
      <Polygon>
        <outerBoundaryIs>
          <LinearRing>
            <coordinates>-110.507069,72.593817,0 -110.495432,72.592597,0 -110.485422,72.589016,0 -110.477528,72.582709,0 -110.472320,72.573310,0 -110.542551,72.572089,0 -110.575266,72.579657,0 -110.595855,72.600653,0 -110.550364,72.602200,0 -110.527577,72.600491,0 -110.507069,72.593817,0</coordinates>
          </LinearRing>
        </outerBoundaryIs>
      </Polygon>
    </Placemark>
    <Placemark>
      <name>Denendeh</name>
      <Polygon>
        <outerBoundaryIs>
          <LinearRing>
            <coordinates>-110.397206,72.620510,0 -110.382883,72.621649,0 -110.368560,72.621039,0 -110.356597,72.616889,0 -110.348866,72.607489,0 -110.493479,72.620510,0 -110.469228,72.625393,0 -110.397206,72.620510,0</coordinates>
          </LinearRing>
        </outerBoundaryIs>
      </Polygon>
    </Placemark>
    <Placemark>
      <name>Denendeh</name>
      <Polygon>
        <outerBoundaryIs>
          <LinearRing>
            <coordinates>-110.314687,72.655219,0 -110.279897,72.648424,0 -110.303049,72.633205,0 -110.339752,72.632025,0 -110.410878,72.642239,0 -110.388173,72.648749,0 -110.364247,72.652777,0 -110.314687,72.655219,0</coordinates>
          </LinearRing>
        </outerBoundaryIs>
      </Polygon>
    </Placemark>
    <Placemark>
      <name>Denendeh</name>
      <Polygon>
        <outerBoundaryIs>
          <LinearRing>
            <coordinates>-110.003693,72.755440,0 -110.049916,72.762356,0 -110.107004,72.763658,0 -110.150217,72.755194,0 -110.189036,72.743150,0 -110.229360,72.737779,0 -110.254506,72.738959,0 -110.266754,72.742662,0 -110.262847,72.749010,0 -110.239613,72.758246,0 -110.202138,72.763739,0 -110.181793,72.768948,0 -110.170725,72.778754,0 -110.172719,72.791327,0 -110.198883,72.799221,0 -110.205434,72.809149,0 -110.230336,72.824286,0 -110.483510,72.839179,0 -110.529042,72.849270,0 -110.567942,72.867499,0 -110.608225,72.900865,0 -110.631744,72.915839,0 -110.682525,72.928778,0 -110.716705,72.945054,0 -110.745432,72.965562,0 -110.754140,72.984809,0 -110.735707,73.001370,0 -110.703725,73.009101,0 -110.390065,73.002427,0 -110.076405,72.995754,0 -110.003693,72.985053,0 -110.003693,72.935807,0 -110.003693,72.755611,0 -110.003693,72.755440,0</coordinates>
          </LinearRing>
        </outerBoundaryIs>
      </Polygon>
    </Placemark>
    <Placemark>
      <name>Denendeh</name>
      <Polygon>
        <outerBoundaryIs>
          <LinearRing>
            <coordinates>-110.003693,72.627306,0 -110.061594,72.651435,0 -110.101674,72.662909,0 -110.136586,72.658637,0 -110.175038,72.647854,0 -110.222076,72.646389,0 -110.265736,72.655341,0 -110.294260,72.675727,0 -110.196767,72.681138,0 -110.170725,72.689399,0 -110.196645,72.705146,0 -110.207509,72.718166,0 -110.197499,72.727118,0 -110.119293,72.729804,0 -110.043202,72.721137,0 -110.003692,72.710435,0 -110.003693,72.627306,0</coordinates>
          </LinearRing>
        </outerBoundaryIs>
      </Polygon>
    </Placemark>
    <Placemark>
      <name>Denendeh</name>
      <Polygon>
        <outerBoundaryIs>
          <LinearRing>
            <coordinates>-110.003708,72.496574,0 -110.041086,72.511786,0 -110.259429,72.559027,0 -110.236480,72.570136,0 -110.197133,72.572333,0 -110.097768,72.560492,0 -110.003692,72.523790,0 -110.003708,72.496574,0</coordinates>
          </LinearRing>
        </outerBoundaryIs>
      </Polygon>
    </Placemark>
    <Placemark>
      <name>Denendeh</name>
      <Polygon>
        <outerBoundaryIs>
          <LinearRing>
            <coordinates>-116.855838,69.647635,0 -116.859242,69.654202,0 -116.872467,69.660346,0 -116.920725,69.667873,0 -116.966705,69.685452,0 -117.057118,69.694729,0 -117.097401,69.704291,0 -117.143625,69.731879,0 -117.210846,69.752631,0 -117.235992,69.756008,0 -117.252065,69.764106,0 -117.265126,69.782538,0 -117.273793,69.802436,0 -117.276967,69.814927,0 -117.283681,69.829413,0 -117.328765,69.869574,0 -117.367258,69.916938,0 -117.381215,69.951239,0 -117.400299,69.966783,0 -117.442047,69.989407,0 -117.414418,70.015937,0 -117.387074,70.033677,0 -117.358062,70.046454,0 -117.299672,70.056586,0 -117.195058,70.092434,0 -116.965077,70.129055,0 -116.743520,70.145901,0 -116.511464,70.163398,0 -116.032704,70.220282,0 -115.637074,70.247992,0 -115.233510,70.263861,0 -115.051381,70.280219,0 -114.762685,70.291490,0 -114.509429,70.315253,0 -114.184722,70.315741,0 -114.038442,70.281236,0 -113.642690,70.262397,0 -113.476877,70.283596,0 -113.219635,70.259914,0 -112.993398,70.231391,0 -112.966908,70.236477,0 -112.982330,70.247260,0 -112.987416,70.250067,0 -112.964670,70.253363,0 -112.864491,70.243842,0 -112.830556,70.231513,0 -112.586252,70.200019,0 -112.550852,70.200385,0 -112.521230,70.208482,0 -112.534820,70.215074,0 -112.583323,70.222113,0 -112.558665,70.239203,0 -112.526967,70.245185,0 -112.463490,70.243842,0 -112.449534,70.241604,0 -112.418284,70.231838,0 -112.401763,70.229560,0 -112.358022,70.236151,0 -112.343129,70.236477,0 -112.343129,70.243842,0 -112.391510,70.250067,0 -112.374135,70.261664,0 -112.342356,70.267076,0 -112.169789,70.267401,0 -112.137603,70.277330,0 -112.270904,70.284369,0 -112.308949,70.297838,0 -112.260894,70.309312,0 -111.937408,70.263658,0 -111.837148,70.273505,0 -111.716379,70.261868,0 -111.637522,70.280585,0 -111.548655,70.269924,0 -111.525014,70.271470,0 -111.468129,70.282294,0 -111.445627,70.290432,0 -111.478383,70.300116,0 -111.560943,70.295111,0 -111.589589,70.312161,0 -111.563466,70.317939,0 -111.511586,70.323879,0 -111.486562,70.331977,0 -111.515614,70.352362,0 -111.566803,70.359931,0 -111.808827,70.352118,0 -111.876576,70.367377,0 -111.964263,70.374579,0 -111.981068,70.379096,0 -112.014150,70.394110,0 -112.056711,70.406684,0 -112.069407,70.414537,0 -112.074127,70.421129,0 -112.080393,70.437486,0 -112.086171,70.445258,0 -112.122385,70.479804,0 -112.143951,70.493883,0 -112.172434,70.503323,0 -112.195139,70.505805,0 -112.260854,70.503323,0 -112.281484,70.505561,0 -112.329457,70.523830,0 -112.352162,70.524604,0 -112.392568,70.511461,0 -112.411977,70.510728,0 -112.424143,70.517483,0 -112.429433,70.526597,0 -112.437164,70.534613,0 -112.456410,70.538072,0 -112.472157,70.534857,0 -112.499989,70.520738,0 -112.517486,70.517646,0 -112.537994,70.518622,0 -112.584096,70.527086,0 -112.640736,70.550605,0 -112.682200,70.562079,0 -112.725331,70.569159,0 -112.820627,70.574205,0 -112.846099,70.569892,0 -112.866567,70.543199,0 -112.888254,70.547268,0 -112.925893,70.565375,0 -113.053578,70.590237,0 -113.086659,70.609768,0 -113.105946,70.618476,0 -113.130930,70.616278,0 -113.179189,70.606350,0 -113.193023,70.610175,0 -113.204823,70.619452,0 -113.210683,70.630764,0 -113.207102,70.640530,0 -113.207102,70.647935,0 -113.362660,70.647366,0 -113.412587,70.654120,0 -113.490712,70.681830,0 -113.503041,70.683783,0 -113.515004,70.681464,0 -113.520334,70.676500,0 -113.521637,70.670111,0 -113.522328,70.663479,0 -113.525502,70.657538,0 -113.561350,70.643134,0 -113.600087,70.650865,0 -113.638295,70.666205,0 -113.687164,70.677802,0 -113.719594,70.691881,0 -113.988393,70.716213,0 -114.036366,70.709377,0 -114.144439,70.672512,0 -114.183095,70.667792,0 -114.346750,70.686510,0 -114.397328,70.679633,0 -114.506256,70.644517,0 -114.873402,70.627834,0 -115.043568,70.604153,0 -115.241444,70.611070,0 -115.495595,70.599514,0 -115.512359,70.596340,0 -115.545888,70.582221,0 -115.560699,70.579047,0 -115.580922,70.580146,0 -115.728912,70.606391,0 -116.038564,70.579169,0 -116.187489,70.598049,0 -116.207672,70.607245,0 -116.204213,70.616116,0 -116.167144,70.620022,0 -116.189768,70.633857,0 -116.233388,70.639716,0 -116.583323,70.633287,0 -116.650217,70.613227,0 -116.682851,70.608303,0 -116.988637,70.602484,0 -117.235992,70.620022,0 -117.330556,70.602688,0 -117.352651,70.613186,0 -117.345204,70.620022,0 -117.374094,70.628730,0 -117.513417,70.620022,0 -117.517486,70.618069,0 -117.517323,70.613715,0 -117.516021,70.609076,0 -117.517161,70.606350,0 -117.534495,70.602525,0 -117.550608,70.601874,0 -117.585439,70.606350,0 -117.697825,70.635647,0 -117.735829,70.662421,0 -117.708974,70.695136,0 -117.733876,70.713446,0 -117.770619,70.728949,0 -117.808990,70.739569,0 -117.873769,70.748277,0 -118.186838,70.839423,0 -118.274770,70.878404,0 -118.321767,70.906806,0 -118.411041,70.974555,0 -118.421498,70.990546,0 -118.386464,71.022203,0 -118.092234,71.096300,0 -117.798004,71.170396,0 -117.474924,71.185492,0 -117.095367,71.243801,0 -116.900054,71.240180,0 -116.852854,71.248277,0 -116.818267,71.264309,0 -116.823557,71.265774,0 -116.833160,71.269721,0 -116.838735,71.270453,0 -116.806304,71.290920,0 -116.313222,71.350653,0 -116.268788,71.363918,0 -116.103424,71.376654,0 -116.077789,71.367336,0 -116.173980,71.353664,0 -116.153676,71.346991,0 -116.126861,71.346259,0 -116.099721,71.350084,0 -116.050608,71.363959,0 -115.764638,71.367662,0 -115.728912,71.387152,0 -115.787262,71.394232,0 -115.903920,71.393500,0 -116.066314,71.419827,0 -116.205800,71.426215,0 -116.214955,71.435614,0 -116.190256,71.444525,0 -116.047719,71.444648,0 -115.742014,71.510688,0 -115.762522,71.497016,0 -115.749420,71.484809,0 -115.729604,71.483710,0 -115.612660,71.497952,0 -115.584340,71.490180,0 -115.598012,71.484036,0 -115.567860,71.472113,0 -115.489125,71.467475,0 -115.419016,71.451850,0 -115.386545,71.458970,0 -115.355458,71.470526,0 -115.324290,71.476549,0 -115.206614,71.483222,0 -115.146881,71.504625,0 -115.056752,71.524970,0 -115.109120,71.535590,0 -115.296986,71.497016,0 -115.430328,71.489447,0 -115.497670,71.494127,0 -115.556996,71.510688,0 -115.556996,71.517524,0 -115.454661,71.531195,0 -115.454661,71.538642,0 -115.608022,71.555365,0 -115.823598,71.548163,0 -115.886952,71.530463,0 -115.981068,71.527533,0 -116.044993,71.514716,0 -116.136138,71.508979,0 -116.184885,71.500312,0 -116.552805,71.479193,0 -116.634633,71.454779,0 -116.732330,71.455146,0 -116.820953,71.432563,0 -116.922109,71.427436,0 -117.048248,71.437405,0 -117.071848,71.432196,0 -117.088002,71.426337,0 -117.130849,71.416693,0 -117.167307,71.412991,0 -117.205393,71.403632,0 -117.225738,71.401435,0 -117.290191,71.404975,0 -117.367828,71.388332,0 -117.390248,71.387152,0 -117.413645,71.388902,0 -117.417226,71.394477,0 -117.411529,71.404039,0 -117.403188,71.429145,0 -117.384755,71.444403,0 -117.380605,71.452338,0 -117.393544,71.459540,0 -117.476186,71.456041,0 -117.463612,71.465277,0 -117.457834,71.467719,0 -117.448883,71.469713,0 -117.467600,71.485053,0 -117.500559,71.495754,0 -117.536692,71.502021,0 -117.564931,71.503852,0 -117.561513,71.499579,0 -117.559560,71.496283,0 -117.556711,71.493313,0 -117.550649,71.490180,0 -117.581451,71.480780,0 -117.612782,71.476549,0 -117.629628,71.472235,0 -117.631581,71.462592,0 -117.622467,71.452948,0 -117.606557,71.448635,0 -117.534332,71.448676,0 -117.498280,71.440985,0 -117.483022,71.421332,0 -117.491607,71.407660,0 -117.511383,71.392076,0 -117.534088,71.379381,0 -117.551340,71.374172,0 -117.708974,71.387152,0 -117.701527,71.393988,0 -117.713979,71.403510,0 -117.727895,71.404446,0 -117.741689,71.399319,0 -117.768056,71.380194,0 -117.782541,71.375434,0 -117.799550,71.374091,0 -117.840728,71.376166,0 -117.880116,71.385159,0 -117.901031,71.387152,0 -118.161977,71.378974,0 -118.243153,71.393378,0 -118.308827,71.432196,0 -118.308258,71.469916,0 -118.252756,71.502427,0 -118.127309,71.538642,0 -117.931508,71.545478,0 -117.783559,71.528876,0 -117.757395,71.538642,0 -117.820627,71.551581,0 -117.839345,71.558498,0 -117.762929,71.560492,0 -117.692209,71.553941,0 -117.672109,71.558743,0 -117.653717,71.572170,0 -117.691518,71.582424,0 -117.772857,71.585883,0 -117.811350,71.593248,0 -117.825185,71.603705,0 -117.831858,71.606879,0 -117.896840,71.615912,0 -117.907460,71.615546,0 -117.921213,71.613105,0 -117.927480,71.609565,0 -117.929107,71.604885,0 -117.931956,71.601020,0 -117.941721,71.600043,0 -117.956125,71.603461,0 -117.966298,71.610989,0 -117.969309,71.621731,0 -117.962229,71.634833,0 -117.943430,71.643134,0 -117.866567,71.641059,0 -117.695302,71.668362,0 -117.721506,71.677720,0 -118.076324,71.664984,0 -118.131825,71.650336,0 -118.181956,71.627387,0 -118.173899,71.607815,0 -118.204945,71.598456,0 -118.297719,71.591254,0 -118.356028,71.593248,0 -118.374908,71.590481,0 -118.409332,71.579779,0 -118.428944,71.579535,0 -118.421986,71.590562,0 -118.400746,71.603583,0 -118.394195,71.613105,0 -118.398264,71.624823,0 -118.414174,71.631985,0 -118.455678,71.641059,0 -118.461293,71.653062,0 -118.488637,71.658433,0 -118.545033,71.661526,0 -118.590688,71.669867,0 -118.606516,71.668362,0 -118.616363,71.663520,0 -118.632639,71.650539,0 -118.644032,71.647895,0 -118.657786,71.649563,0 -118.677480,71.658026,0 -118.689036,71.661526,0 -118.832997,71.662909,0 -118.863189,71.658922,0 -118.853505,71.647895,0 -118.865834,71.638414,0 -118.879262,71.630439,0 -118.893422,71.624335,0 -118.908111,71.620551,0 -118.901438,71.610541,0 -118.891469,71.603420,0 -118.867177,71.593248,0 -118.888580,71.582953,0 -118.927154,71.589342,0 -118.996897,71.616848,0 -119.011627,71.619940,0 -119.032379,71.621975,0 -119.050893,71.626776,0 -119.058949,71.637926,0 -119.093088,71.668362,0 -119.103342,71.688544,0 -119.120595,71.737006,0 -119.131256,71.754340,0 -119.137603,71.774359,0 -119.129384,71.797919,0 -119.107330,71.839667,0 -119.100209,71.881537,0 -119.092763,71.898749,0 -119.076039,71.918850,0 -119.054311,71.935289,0 -118.947865,71.991889,0 -118.825022,72.038642,0 -118.747548,72.053209,0 -118.716379,72.072984,0 -118.709828,72.081610,0 -118.706654,72.091295,0 -118.710032,72.100531,0 -118.723134,72.107815,0 -118.706410,72.126939,0 -118.678212,72.142279,0 -118.576731,72.179429,0 -118.442006,72.182847,0 -118.127838,72.227240,0 -118.105580,72.247748,0 -118.124867,72.309516,0 -118.174469,72.338365,0 -118.242055,72.346747,0 -118.428944,72.346747,0 -118.497385,72.364407,0 -118.517690,72.367174,0 -118.540598,72.373196,0 -118.565582,72.388007,0 -118.585601,72.407904,0 -118.593414,72.428697,0 -118.568674,72.477769,0 -118.512847,72.510443,0 -118.283070,72.589545,0 -118.250152,72.593817,0 -118.238433,72.597113,0 -118.226064,72.605170,0 -118.205800,72.624213,0 -118.189809,72.635443,0 -118.169586,72.641832,0 -118.127309,72.648424,0 -118.040883,72.672187,0 -118.002919,72.673774,0 -117.867299,72.701483,0 -117.808339,72.737738,0 -117.595611,72.798163,0 -117.545074,72.830634,0 -117.482004,72.852607,0 -117.455068,72.867499,0 -117.400461,72.905951,0 -117.369252,72.917792,0 -117.208160,72.922919,0 -117.110585,72.944810,0 -116.894846,72.967434,0 -116.644032,73.034980,0 -116.593658,73.060207,0 -116.495473,73.061591,0 -116.454498,73.069525,0 -116.436757,73.075507,0 -116.318959,73.093451,0 -116.200917,73.118883,0 -116.008168,73.140774,0 -115.763824,73.186713,0 -115.570424,73.201809,0 -115.399078,73.233466,0 -115.382639,73.241156,0 -115.369130,73.249579,0 -115.350982,73.257392,0 -115.332265,73.263129,0 -115.316803,73.265367,0 -115.230092,73.264228,0 -115.207875,73.268785,0 -115.126088,73.295071,0 -114.907297,73.319810,0 -114.738922,73.366400,0 -114.678700,73.377590,0 -114.584299,73.384589,0 -114.407460,73.347480,0 -114.265126,73.335679,0 -114.196645,73.308051,0 -114.022694,73.211859,0 -113.981068,73.175971,0 -113.965240,73.157294,0 -113.958363,73.140123,0 -113.961985,73.122870,0 -114.004465,73.071601,0 -114.008412,73.063056,0 -114.006988,73.051215,0 -114.004709,73.042792,0 -114.004262,73.035224,0 -114.008412,73.025784,0 -114.016469,73.017320,0 -114.034901,73.005845,0 -114.042551,72.998481,0 -114.040517,72.996975,0 -114.042633,72.984931,0 -114.046498,72.972724,0 -114.049387,72.970526,0 -114.041249,72.955715,0 -114.030832,72.945705,0 -114.024526,72.934475,0 -114.028920,72.915961,0 -114.034413,72.911811,0 -114.043813,72.907050,0 -114.052805,72.899848,0 -114.056793,72.888617,0 -114.055491,72.877916,0 -114.051340,72.871324,0 -114.036366,72.860663,0 -113.987945,72.839301,0 -113.969553,72.824530,0 -113.981068,72.809149,0 -114.023101,72.797797,0 -114.241200,72.792426,0 -114.251780,72.788967,0 -114.282786,72.765082,0 -114.336659,72.755601,0 -114.356068,72.746283,0 -114.347646,72.727240,0 -114.341420,72.718451,0 -114.338287,72.701117,0 -114.333974,72.693101,0 -114.314565,72.685777,0 -114.267730,72.696234,0 -114.248036,72.689399,0 -114.270619,72.686713,0 -114.314443,72.673774,0 -114.404775,72.657416,0 -114.426137,72.648424,0 -114.456370,72.631008,0 -114.472971,72.624335,0 -114.604237,72.607489,0 -114.598053,72.607489,0 -114.585520,72.604071,0 -114.572865,72.599270,0 -114.549672,72.586982,0 -114.557973,72.570990,0 -114.546132,72.567816,0 -114.510569,72.573310,0 -114.406239,72.559027,0 -114.360707,72.558905,0 -114.339467,72.563788,0 -114.321767,72.591783,0 -114.300893,72.598212,0 -114.255483,72.600653,0 -114.126088,72.636705,0 -113.884877,72.662055,0 -113.898549,72.648424,0 -113.856679,72.636908,0 -113.801015,72.640326,0 -113.559071,72.698920,0 -113.508778,72.703030,0 -113.557973,72.671942,0 -113.679433,72.638373,0 -113.734039,72.614244,0 -113.711659,72.607611,0 -113.685536,72.608059,0 -113.659576,72.613105,0 -113.637847,72.620510,0 -113.630727,72.625922,0 -113.625478,72.633205,0 -113.619618,72.639472,0 -113.610829,72.642239,0 -113.587392,72.644477,0 -113.479360,72.666653,0 -113.439809,72.685248,0 -113.439849,72.709906,0 -113.427235,72.722480,0 -113.420562,72.727200,0 -113.412587,72.730373,0 -113.443267,72.751899,0 -113.558583,72.754788,0 -113.604075,72.761705,0 -113.603993,72.777533,0 -113.572133,72.797797,0 -113.483795,72.840481,0 -113.390940,72.911566,0 -113.192454,72.993313,0 -113.015004,73.016018,0 -112.942209,73.004462,0 -112.858876,73.004706,0 -112.839752,73.001614,0 -112.806386,72.987982,0 -112.791860,72.984809,0 -112.534250,72.960883,0 -112.373158,72.914700,0 -112.280426,72.902533,0 -112.077301,72.898017,0 -112.009104,72.881049,0 -111.921539,72.871527,0 -111.880483,72.856635,0 -111.714223,72.830878,0 -111.647817,72.810614,0 -111.552235,72.806342,0 -111.507395,72.795478,0 -111.483795,72.783515,0 -111.466054,72.771308,0 -111.465240,72.767564,0 -111.466949,72.755601,0 -111.466054,72.752021,0 -111.456166,72.749254,0 -111.428293,72.748481,0 -111.391835,72.741400,0 -111.308420,72.737779,0 -111.219635,72.724107,0 -111.224721,72.709621,0 -111.228017,72.703070,0 -111.233306,72.696845,0 -111.213002,72.684638,0 -111.208852,72.673407,0 -111.216949,72.660305,0 -111.245717,72.627834,0 -111.253774,72.614244,0 -111.261790,72.587348,0 -111.266835,72.579535,0 -111.289296,72.565985,0 -111.493398,72.510647,0 -111.479888,72.507025,0 -111.460683,72.504869,0 -111.444000,72.500800,0 -111.438140,72.491400,0 -111.447255,72.483832,0 -111.564361,72.441148,0 -111.854644,72.381415,0 -111.887522,72.367743,0 -111.904286,72.346747,0 -111.889272,72.345771,0 -111.872711,72.341742,0 -111.843129,72.329657,0 -111.821156,72.323920,0 -111.795155,72.324449,0 -111.747222,72.333075,0 -111.688832,72.355902,0 -111.658803,72.359524,0 -111.644846,72.340522,0 -111.659983,72.324042,0 -111.721059,72.302558,0 -111.723012,72.288723,0 -111.721913,72.271552,0 -111.743764,72.254462,0 -111.771637,72.238105,0 -111.788197,72.223212,0 -111.770823,72.210842,0 -111.753326,72.207099,0 -111.734364,72.213284,0 -111.712473,72.230658,0 -111.707265,72.238918,0 -111.706207,72.245998,0 -111.703196,72.252916,0 -111.682932,72.268134,0 -111.664703,72.292141,0 -111.650706,72.295152,0 -111.618642,72.291815,0 -111.602651,72.292141,0 -111.590688,72.296129,0 -111.563344,72.309027,0 -111.480540,72.324652,0 -111.418284,72.346747,0 -111.439036,72.353827,0 -111.462026,72.351264,0 -111.507069,72.340522,0 -111.554840,72.339179,0 -111.576812,72.343492,0 -111.596425,72.354193,0 -111.606313,72.362209,0 -111.609242,72.367174,0 -111.603993,72.372545,0 -111.589589,72.381537,0 -111.573883,72.388739,0 -111.531565,72.400092,0 -111.478383,72.404486,0 -111.441314,72.412421,0 -111.407094,72.426215,0 -111.380116,72.446723,0 -111.347279,72.462307,0 -111.295237,72.470689,0 -111.241851,72.471422,0 -111.205393,72.463446,0 -111.212636,72.455512,0 -111.220570,72.450385,0 -111.238433,72.441962,0 -111.343129,72.423326,0 -111.369862,72.408189,0 -111.349721,72.406724,0 -111.302317,72.408759,0 -111.281117,72.402004,0 -111.357493,72.371487,0 -111.376698,72.354193,0 -111.352447,72.347561,0 -111.334299,72.353502,0 -111.316762,72.364814,0 -111.294749,72.374091,0 -111.279897,72.375190,0 -111.239573,72.371649,0 -111.225901,72.367174,0 -111.219553,72.361802,0 -111.203603,72.344306,0 -111.202260,72.340522,0 -111.143666,72.339057,0 -111.116689,72.332709,0 -111.089345,72.318834,0 -111.063873,72.299750,0 -111.046986,72.290351,0 -111.027903,72.285305,0 -111.031484,72.313137,0 -111.050445,72.334540,0 -111.073557,72.353583,0 -111.089345,72.374091,0 -111.086293,72.408271,0 -111.053619,72.422065,0 -111.011383,72.431057,0 -110.979482,72.450385,0 -111.002512,72.463772,0 -110.995188,72.473375,0 -110.970530,72.479804,0 -110.941477,72.483100,0 -110.787668,72.477118,0 -110.816233,72.498928,0 -110.827870,72.509955,0 -110.836049,72.524888,0 -110.729115,72.571275,0 -110.704091,72.578803,0 -110.678334,72.579169,0 -110.623362,72.559231,0 -110.591664,72.554145,0 -110.527577,72.552191,0 -110.485504,72.558295,0 -110.479156,72.555609,0 -110.482249,72.544501,0 -110.490224,72.538479,0 -110.590321,72.513495,0 -110.603342,72.504381,0 -110.593739,72.494289,0 -110.570383,72.483100,0 -110.544586,72.474026,0 -110.527577,72.470282,0 -110.512807,72.469550,0 -110.453765,72.460517,0 -110.428131,72.452094,0 -110.391428,72.444525,0 -110.362864,72.433498,0 -110.334299,72.427314,0 -110.307851,72.436184,0 -110.485707,72.480536,0 -110.534413,72.504381,0 -110.513987,72.517035,0 -110.486155,72.525458,0 -110.457997,72.529039,0 -110.436879,72.526842,0 -110.429270,72.527899,0 -110.421254,72.534003,0 -110.407216,72.548774,0 -110.394399,72.556627,0 -110.380523,72.559516,0 -110.349517,72.559027,0 -110.326568,72.554877,0 -110.286529,72.536566,0 -110.239898,72.527818,0 -110.162709,72.479682,0 -110.109527,72.459947,0 -110.085032,72.456610,0 -110.079457,72.454413,0 -110.057729,72.439521,0 -110.049631,72.439439,0 -110.013051,72.456610,0 -110.003693,72.458116,0 -110.003693,72.274142,0 -110.003693,72.153581,0 -110.003409,72.003796,0 -110.003177,71.853909,0 -110.002815,71.646428,0 -110.002557,71.518451,0 -110.002350,71.390475,0 -110.001988,71.158706,0 -110.001549,70.927015,0 -110.001161,70.695272,0 -110.000774,70.463503,0 -110.000489,70.325527,0 -110.000309,70.187577,0 -109.999973,70.000095,0 -110.162004,70.000095,0 -110.324087,70.000095,0 -110.486041,70.000095,0 -110.648073,70.000095,0 -111.111068,70.000095,0 -111.574063,70.000095,0 -112.037006,70.000095,0 -112.499975,70.000095,0 -112.499898,69.977667,0 -112.499872,69.955265,0 -112.499820,69.932941,0 -112.499768,69.910513,0 -112.537286,69.913511,0 -112.584234,69.916198,0 -112.628727,69.913924,0 -112.659139,69.902297,0 -112.615885,69.897078,0 -112.572219,69.891807,0 -112.528604,69.889119,0 -112.485247,69.891496,0 -112.467083,69.894184,0 -112.447291,69.896096,0 -112.427731,69.895062,0 -112.410213,69.888964,0 -112.398948,69.880954,0 -112.395485,69.874598,0 -112.400498,69.869482,0 -112.414554,69.865193,0 -112.427266,69.861214,0 -112.438067,69.856253,0 -112.449126,69.852067,0 -112.462587,69.850207,0 -112.490518,69.850000,0 -112.518372,69.849768,0 -112.546303,69.849484,0 -112.574234,69.849277,0 -112.600072,69.853463,0 -112.627564,69.859302,0 -112.647356,69.856201,0 -112.649940,69.833412,0 -112.699730,69.833412,0 -112.749521,69.833412,0 -112.799259,69.833412,0 -112.849075,69.833412,0 -112.864165,69.832482,0 -112.874888,69.832327,0 -112.881166,69.836616,0 -112.883285,69.849225,0 -112.883285,69.876097,0 -112.883285,69.903020,0 -112.883285,69.929944,0 -112.883285,69.956867,0 -112.881967,69.975367,0 -112.881011,69.988907,0 -112.885120,69.997226,0 -112.898762,70.000095,0 -112.916306,70.000095,0 -112.933799,70.000095,0 -112.951291,70.000095,0 -112.968835,70.000095,0 -113.040511,70.000095,0 -113.112212,70.000095,0 -113.183913,70.000095,0 -113.255640,70.000095,0 -113.503635,70.000095,0 -113.751630,70.000095,0 -113.999625,70.000095,0 -114.247646,70.000095,0 -114.825053,70.000095,0 -115.402382,70.000095,0 -115.979866,70.000095,0 -116.557221,70.000095,0 -116.694009,70.000095,0 -116.830796,70.000095,0 -116.967558,70.000095,0 -117.018795,70.000379,0 -117.123672,70.001154,0 -117.129305,69.969373,0 -117.132871,69.949064,0 -117.139434,69.911909,0 -117.143619,69.887982,0 -117.125481,69.879482,0 -117.104397,69.868862,0 -117.083261,69.858217,0 -117.062151,69.847597,0 -117.041016,69.837004,0 -116.975232,69.803905,0 -116.909422,69.770780,0 -116.843560,69.737733,0 -116.777776,69.704609,0 -116.742584,69.689080,0 -116.702458,69.672208,0 -116.664269,69.652906,0 -116.634762,69.629962,0 -116.664450,69.632959,0 -116.693595,69.634251,0 -116.722611,69.634251,0 -116.752093,69.633269,0 -116.773539,69.633476,0 -116.799454,69.635543,0 -116.825318,69.639677,0 -116.846738,69.645878,0 -116.855704,69.647635,0 -116.855838,69.647635,0</coordinates>
          </LinearRing>
        </outerBoundaryIs>
      </Polygon>
    </Placemark>
    <Placemark>
      <name>Denendeh</name>
      <Polygon>
        <outerBoundaryIs>
          <LinearRing>
            <coordinates>-115.323638,73.508694,0 -115.319081,73.488267,0 -115.320546,73.480658,0 -115.330800,73.477688,0 -115.349599,73.476549,0 -115.401275,73.467963,0 -115.416737,73.460598,0 -115.450022,73.434312,0 -115.457753,73.429877,0 -115.537262,73.424791,0 -115.557362,73.419257,0 -115.590932,73.404242,0 -115.753774,73.357489,0 -115.979848,73.324856,0 -116.218495,73.284654,0 -116.459055,73.261176,0 -116.503000,73.238023,0 -116.712717,73.201321,0 -116.768625,73.178778,0 -116.788808,73.173651,0 -116.851796,73.166571,0 -116.907053,73.141832,0 -116.983225,73.119696,0 -117.147206,73.093451,0 -117.199941,73.069525,0 -117.215484,73.066107,0 -117.390207,73.055487,0 -117.685292,72.981147,0 -117.761098,72.971747,0 -117.872874,72.929633,0 -117.988596,72.904934,0 -118.042144,72.885891,0 -118.238026,72.857571,0 -118.431060,72.808498,0 -118.461293,72.795315,0 -118.486969,72.775051,0 -118.521962,72.757717,0 -118.572987,72.751288,0 -118.717641,72.748765,0 -118.767893,72.739488,0 -118.905385,72.688707,0 -119.123199,72.637030,0 -119.144602,72.634711,0 -119.163889,72.629828,0 -119.172678,72.617906,0 -119.177602,72.603339,0 -119.185618,72.590318,0 -119.189809,72.579047,0 -119.180002,72.552395,0 -119.181874,72.538560,0 -119.193593,72.530260,0 -119.234609,72.514797,0 -119.250722,72.504381,0 -119.246246,72.485663,0 -119.262807,72.472602,0 -119.286977,72.461982,0 -119.305328,72.450385,0 -119.315500,72.433987,0 -119.326527,72.408189,0 -119.329579,72.384467,0 -119.315907,72.374091,0 -119.304799,72.370063,0 -119.313100,72.361070,0 -119.328765,72.351793,0 -119.340159,72.346747,0 -119.386383,72.335842,0 -119.436594,72.318183,0 -119.650990,72.273871,0 -119.772817,72.229560,0 -119.805653,72.223212,0 -119.830393,72.222846,0 -119.901845,72.230658,0 -119.926829,72.230455,0 -119.975982,72.224677,0 -120.176096,72.235663,0 -120.196685,72.244330,0 -120.139516,72.254218,0 -120.127797,72.264228,0 -120.153961,72.270982,0 -120.191965,72.273993,0 -120.229563,72.271226,0 -120.254750,72.260810,0 -120.261220,72.241848,0 -120.243316,72.230658,0 -120.196685,72.217027,0 -120.183461,72.204291,0 -120.177887,72.191230,0 -120.173899,72.178209,0 -120.154652,72.151435,0 -120.152740,72.139960,0 -120.158070,72.128363,0 -120.168772,72.113959,0 -120.197743,72.085028,0 -120.306549,72.017768,0 -120.349192,71.999010,0 -120.394765,71.984442,0 -120.433990,71.964301,0 -120.457387,71.929023,0 -120.410471,71.899970,0 -120.388092,71.882310,0 -120.391591,71.874457,0 -120.403432,71.863837,0 -120.406728,71.839301,0 -120.406809,71.811672,0 -120.408925,71.791815,0 -120.419911,71.764350,0 -120.421620,71.749213,0 -120.412668,71.735745,0 -120.391591,71.713324,0 -120.383372,71.701483,0 -120.382436,71.691718,0 -120.387807,71.682359,0 -120.406077,71.663275,0 -120.422597,71.634833,0 -120.515533,71.543199,0 -120.635243,71.491441,0 -120.764150,71.473293,0 -120.992502,71.428860,0 -121.205556,71.411078,0 -121.423166,71.380316,0 -121.608144,71.401435,0 -121.545277,71.419989,0 -121.537953,71.430650,0 -121.566803,71.452338,0 -121.603505,71.464423,0 -121.651926,71.469713,0 -121.700551,71.468085,0 -121.737864,71.459174,0 -121.854563,71.407660,0 -121.931060,71.360500,0 -121.980377,71.346869,0 -122.060618,71.298407,0 -122.122955,71.270819,0 -122.156077,71.261176,0 -122.233022,71.253119,0 -122.319895,71.233832,0 -122.401723,71.226020,0 -122.629547,71.174954,0 -122.671986,71.149482,0 -122.696929,71.139106,0 -122.727528,71.114081,0 -122.753285,71.099799,0 -122.797760,71.087795,0 -123.099924,71.084621,0 -123.149892,71.092963,0 -123.255279,71.130439,0 -123.352366,71.182847,0 -123.435699,71.248603,0 -123.556711,71.398139,0 -123.623525,71.462226,0 -123.669179,71.494818,0 -123.718495,71.521226,0 -123.734527,71.527167,0 -123.797922,71.538642,0 -123.808217,71.542548,0 -123.818430,71.551825,0 -123.835113,71.572170,0 -123.939524,71.653266,0 -124.064565,71.700385,0 -124.363128,71.752509,0 -124.661692,71.804633,0 -124.873199,71.855618,0 -124.968617,71.890570,0 -125.232289,71.941311,0 -125.253407,71.955715,0 -125.027496,71.963202,0 -125.011830,71.959052,0 -124.982004,71.945502,0 -124.967885,71.942694,0 -124.948069,71.944566,0 -124.940297,71.949897,0 -124.944203,71.957506,0 -124.958892,71.966620,0 -125.006703,71.978990,0 -125.271962,71.980780,0 -125.566640,71.973782,0 -125.790435,71.949164,0 -125.877553,71.964016,0 -125.808339,71.976264,0 -125.784983,71.987250,0 -125.760610,72.003852,0 -125.741567,72.024848,0 -125.730784,72.058783,0 -125.724436,72.068549,0 -125.719350,72.079657,0 -125.720204,72.093492,0 -125.732249,72.109931,0 -125.750640,72.115546,0 -125.795277,72.113959,0 -125.752065,72.147691,0 -125.690175,72.168402,0 -125.624420,72.177232,0 -125.569407,72.175442,0 -125.569407,72.182847,0 -125.629954,72.185492,0 -125.656646,72.193752,0 -125.657541,72.209621,0 -125.666086,72.212714,0 -125.671498,72.217231,0 -125.679270,72.230658,0 -125.670888,72.237454,0 -125.660268,72.254096,0 -125.650990,72.257392,0 -125.572825,72.248725,0 -125.548573,72.254218,0 -125.502349,72.274888,0 -125.490549,72.277899,0 -125.482737,72.285590,0 -125.480946,72.300360,0 -125.487375,72.310248,0 -125.503896,72.302680,0 -125.517201,72.293769,0 -125.527659,72.292222,0 -125.532379,72.298407,0 -125.528432,72.312649,0 -125.520375,72.322903,0 -125.508453,72.332913,0 -125.487416,72.346747,0 -125.472564,72.352607,0 -125.439443,72.360907,0 -125.424713,72.367174,0 -125.416412,72.374172,0 -125.390614,72.402004,0 -125.402821,72.406562,0 -125.427113,72.409898,0 -125.438385,72.415676,0 -125.415679,72.421617,0 -125.342844,72.422512,0 -125.363149,72.438870,0 -125.353831,72.448879,0 -125.308705,72.463446,0 -125.311350,72.478949,0 -125.299184,72.489081,0 -125.259145,72.500434,0 -125.220326,72.505072,0 -125.175404,72.518134,0 -125.060658,72.565619,0 -125.032704,72.568264,0 -124.972890,72.565863,0 -124.952382,72.569648,0 -124.975331,72.592719,0 -124.966054,72.607489,0 -125.038808,72.609809,0 -125.071848,72.617743,0 -125.102610,72.634711,0 -125.082672,72.639594,0 -125.059234,72.640082,0 -125.038686,72.643012,0 -125.027496,72.655219,0 -125.034739,72.656562,0 -125.048207,72.661078,0 -125.055409,72.662055,0 -125.044545,72.673041,0 -125.026438,72.672675,0 -125.005605,72.668687,0 -124.986480,72.668891,0 -124.973744,72.674506,0 -124.963043,72.682603,0 -124.945546,72.703030,0 -124.960357,72.708930,0 -125.020660,72.703030,0 -125.009429,72.717353,0 -124.989329,72.730862,0 -124.973866,72.745185,0 -124.976633,72.761705,0 -124.986236,72.769477,0 -125.007069,72.780219,0 -125.017568,72.789008,0 -125.021555,72.797593,0 -125.022694,72.817288,0 -125.027496,72.826565,0 -125.038442,72.832465,0 -125.082753,72.840237,0 -125.107900,72.854438,0 -125.118276,72.863471,0 -125.113433,72.867499,0 -125.099517,72.871731,0 -125.084340,72.879706,0 -125.068227,72.884182,0 -125.034739,72.872016,0 -124.991200,72.870022,0 -124.976633,72.864081,0 -124.951487,72.857082,0 -124.777008,72.895453,0 -124.707265,72.887926,0 -124.575754,72.908271,0 -124.524770,72.922675,0 -124.490387,72.925116,0 -124.475982,72.933051,0 -124.479237,72.939765,0 -124.527211,72.956855,0 -124.519358,72.962714,0 -124.497467,72.973538,0 -124.493072,72.977362,0 -124.500071,72.984117,0 -124.515614,72.986070,0 -124.544301,72.984809,0 -124.566762,72.987616,0 -124.594350,72.995063,0 -124.620188,73.006008,0 -124.637074,73.018988,0 -124.623402,73.025784,0 -124.719065,73.025784,0 -124.704416,73.014472,0 -124.698557,73.011542,0 -124.726308,73.008775,0 -124.754750,73.017524,0 -124.850697,73.063544,0 -124.865387,73.075507,0 -124.859934,73.090318,0 -124.849680,73.095526,0 -124.821116,73.106350,0 -124.815256,73.110826,0 -124.812408,73.121039,0 -124.805491,73.130072,0 -124.796376,73.137152,0 -124.787262,73.141832,0 -124.666412,73.154486,0 -124.643910,73.169827,0 -124.650136,73.171129,0 -124.659291,73.174221,0 -124.667836,73.178290,0 -124.671864,73.182807,0 -124.670969,73.193671,0 -124.665842,73.197577,0 -124.658315,73.199286,0 -124.650136,73.203315,0 -124.598378,73.238511,0 -124.585846,73.244289,0 -124.574127,73.251207,0 -124.540883,73.298896,0 -124.489369,73.343899,0 -124.469228,73.353176,0 -124.417795,73.363837,0 -124.403717,73.374661,0 -124.405629,73.390041,0 -124.437245,73.406684,0 -124.445302,73.419257,0 -124.434316,73.428534,0 -124.409169,73.437690,0 -124.306508,73.460191,0 -124.291819,73.468004,0 -124.314931,73.477688,0 -124.278472,73.484361,0 -124.181223,73.483954,0 -124.157297,73.504950,0 -124.170969,73.504950,0 -124.152577,73.519355,0 -124.090077,73.526679,0 -124.067942,73.539700,0 -124.068430,73.544420,0 -124.074778,73.570461,0 -124.070221,73.578070,0 -124.048411,73.586982,0 -124.040598,73.594387,0 -124.051910,73.600816,0 -124.065582,73.611151,0 -124.077016,73.623236,0 -124.081614,73.635321,0 -124.073842,73.652777,0 -124.056142,73.661851,0 -124.013295,73.668850,0 -123.917104,73.696723,0 -123.865793,73.697170,0 -123.841420,73.701117,0 -123.828359,73.717231,0 -123.848459,73.729682,0 -123.829091,73.744045,0 -123.773752,73.765611,0 -123.792348,73.780951,0 -123.822499,73.814195,0 -123.842641,73.827094,0 -123.882802,73.838772,0 -124.145334,73.851060,0 -124.185211,73.864651,0 -124.213246,73.879218,0 -124.225087,73.890448,0 -124.220082,73.903469,0 -124.197621,73.923285,0 -124.208892,73.925971,0 -124.239573,73.940090,0 -124.247548,73.945990,0 -124.261057,73.961168,0 -124.267161,73.964301,0 -124.279408,73.966132,0 -124.307037,73.975043,0 -124.354970,73.983954,0 -124.359934,73.988267,0 -124.342275,73.992174,0 -124.355824,74.007880,0 -124.389272,74.030707,0 -124.383860,74.039374,0 -124.403554,74.052965,0 -124.445790,74.064846,0 -124.465810,74.074164,0 -124.452138,74.080308,0 -124.462880,74.093085,0 -124.472564,74.108303,0 -124.452301,74.107123,0 -124.439320,74.110582,0 -124.434641,74.119615,0 -124.439076,74.135565,0 -124.449452,74.148139,0 -124.462758,74.154446,0 -124.476796,74.159003,0 -124.489369,74.166327,0 -124.496816,74.177395,0 -124.499582,74.188422,0 -124.503285,74.198635,0 -124.513905,74.207221,0 -124.531402,74.217678,0 -124.529897,74.222642,0 -124.522125,74.227769,0 -124.521067,74.238593,0 -124.545644,74.265123,0 -124.581776,74.270819,0 -124.664418,74.265937,0 -124.693918,74.275702,0 -124.672475,74.289618,0 -124.602935,74.313707,0 -124.648101,74.324937,0 -124.751373,74.316311,0 -124.787262,74.334215,0 -124.755686,74.348578,0 -124.683217,74.351711,0 -124.410024,74.373277,0 -124.231272,74.383246,0 -124.121327,74.376370,0 -124.102651,74.382636,0 -124.104644,74.398627,0 -124.086822,74.404039,0 -123.730621,74.412014,0 -123.683502,74.425971,0 -123.477406,74.426459,0 -123.303538,74.449408,0 -122.986236,74.452379,0 -122.623199,74.463080,0 -122.397450,74.478339,0 -122.116811,74.496649,0 -121.785959,74.543199,0 -121.580800,74.555854,0 -121.429514,74.530260,0 -121.277333,74.532782,0 -121.257232,74.530260,0 -121.210846,74.512356,0 -121.132395,74.509955,0 -121.011586,74.470404,0 -120.984364,74.450873,0 -120.981516,74.444729,0 -120.977528,74.423570,0 -120.968861,74.421536,0 -120.934722,74.423570,0 -120.545644,74.351284,0 -120.156565,74.278998,0 -119.980865,74.270331,0 -119.941070,74.263170,0 -119.859527,74.236518,0 -119.565582,74.238959,0 -119.518300,74.231147,0 -119.553782,74.224189,0 -119.628896,74.231513,0 -119.662221,74.225002,0 -119.647450,74.195217,0 -119.685048,74.165717,0 -119.817983,74.104315,0 -119.829457,74.091376,0 -119.833608,74.070746,0 -119.822011,74.055406,0 -119.795237,74.043199,0 -119.765248,74.035346,0 -119.736724,74.033149,0 -119.730133,74.046454,0 -119.738271,74.057074,0 -119.750722,74.066718,0 -119.757232,74.077216,0 -119.746938,74.097317,0 -119.722483,74.110012,0 -119.621205,74.134345,0 -119.579213,74.155341,0 -119.541656,74.182563,0 -119.507436,74.214097,0 -119.479888,74.226142,0 -119.443430,74.226060,0 -119.374257,74.217475,0 -119.237213,74.227281,0 -119.144358,74.209052,0 -119.124623,74.201850,0 -119.107330,74.184027,0 -119.097971,74.164293,0 -119.100657,74.152045,0 -119.134674,74.128730,0 -119.095041,74.125067,0 -119.076772,74.119940,0 -119.066396,74.108303,0 -119.069244,74.090522,0 -119.085194,74.081041,0 -119.121002,74.074164,0 -119.139638,74.067694,0 -119.149159,74.059638,0 -119.161977,74.033149,0 -119.169179,74.023342,0 -119.177561,74.014472,0 -119.184967,74.004706,0 -119.189320,73.992174,0 -119.147817,73.995266,0 -119.068959,74.018622,0 -119.024810,74.018866,0 -118.996449,74.009101,0 -118.982574,74.007270,0 -118.963368,74.012112,0 -118.951894,74.017564,0 -118.927398,74.034003,0 -118.908559,74.053168,0 -118.877675,74.077216,0 -118.861073,74.084418,0 -118.822092,74.089911,0 -118.805084,74.101386,0 -118.795522,74.127590,0 -118.815907,74.139594,0 -118.848134,74.147935,0 -118.873931,74.162909,0 -118.881744,74.173041,0 -118.883168,74.178697,0 -118.876332,74.183295,0 -118.859731,74.190172,0 -118.838490,74.195543,0 -118.792388,74.200507,0 -118.725413,74.220771,0 -118.625315,74.227118,0 -118.555776,74.241929,0 -118.456776,74.247016,0 -118.402740,74.256822,0 -118.065989,74.280707,0 -117.741241,74.256598,0 -117.416493,74.232489,0 -117.141754,74.160020,0 -116.867014,74.087551,0 -116.626698,73.994432,0 -116.386383,73.901313,0 -116.362660,73.885443,0 -116.328969,73.868842,0 -116.245676,73.861070,0 -116.182200,73.826483,0 -115.976430,73.765692,0 -115.923004,73.730048,0 -115.735178,73.683092,0 -115.646352,73.676500,0 -115.619049,73.668850,0 -115.609853,73.663520,0 -115.584340,73.641506,0 -115.568959,73.634467,0 -115.532786,73.625434,0 -115.494374,73.602729,0 -115.399403,73.567043,0 -115.356313,73.541815,0 -115.333567,73.524115,0 -115.323638,73.508694,0</coordinates>
          </LinearRing>
        </outerBoundaryIs>
      </Polygon>
    </Placemark>
    <Placemark>
      <name>Denendeh</name>
      <Polygon>
        <outerBoundaryIs>
          <LinearRing>
            <coordinates>-120.997955,75.930609,0 -120.964833,75.937201,0 -120.920888,75.941148,0 -120.882924,75.936428,0 -120.868276,75.916938,0 -120.873402,75.910468,0 -120.874989,75.901842,0 -120.873158,75.892401,0 -120.868276,75.882799,0 -120.875559,75.873928,0 -120.897694,75.837592,0 -120.902415,75.825100,0 -120.914133,75.810452,0 -120.991119,75.763007,0 -121.058705,75.739447,0 -121.092112,75.734117,0 -121.168202,75.733710,0 -121.256825,75.745836,0 -121.293446,75.759955,0 -121.252431,75.777289,0 -121.116811,75.802476,0 -121.085317,75.812201,0 -121.072581,75.814032,0 -121.053456,75.814521,0 -121.036122,75.817043,0 -121.022613,75.823472,0 -121.019399,75.832261,0 -121.032786,75.841864,0 -121.022328,75.847886,0 -120.997955,75.869818,0 -121.008697,75.878323,0 -121.046376,75.896470,0 -121.043691,75.908271,0 -121.030019,75.918280,0 -120.997955,75.930609,0</coordinates>
          </LinearRing>
        </outerBoundaryIs>
      </Polygon>
    </Placemark>
    <Placemark>
      <name>Denendeh</name>
      <Polygon>
        <outerBoundaryIs>
          <LinearRing>
            <coordinates>-117.784739,75.896470,0 -117.831614,75.866604,0 -117.839345,75.855536,0 -117.830068,75.854153,0 -117.826772,75.851549,0 -117.824452,75.847602,0 -117.818227,75.841864,0 -117.836415,75.835191,0 -117.876332,75.828070,0 -117.894602,75.821357,0 -117.887074,75.814521,0 -117.899770,75.804511,0 -117.929555,75.794989,0 -117.941721,75.787258,0 -117.951487,75.774482,0 -117.950551,75.768744,0 -117.945221,75.763495,0 -117.941721,75.752509,0 -117.937734,75.746283,0 -117.932485,75.739814,0 -117.935455,75.734687,0 -117.973297,75.730170,0 -117.987782,75.724311,0 -118.010610,75.711493,0 -118.270660,75.615912,0 -118.218007,75.608385,0 -118.202382,75.601630,0 -118.252512,75.595649,0 -118.613922,75.503730,0 -118.660797,75.502590,0 -118.707875,75.508246,0 -118.795033,75.530829,0 -118.941640,75.533393,0 -118.930491,75.545478,0 -118.912343,75.548651,0 -118.891916,75.549302,0 -118.873931,75.553900,0 -118.936513,75.562690,0 -118.964670,75.561713,0 -118.996653,75.555609,0 -119.010732,75.555569,0 -119.058949,75.568183,0 -119.093251,75.572943,0 -119.198354,75.564399,0 -119.409047,75.601630,0 -119.408803,75.606513,0 -119.407541,75.609768,0 -119.401601,75.615912,0 -119.409047,75.615912,0 -119.332102,75.660793,0 -119.052561,75.751654,0 -118.992055,75.761542,0 -118.972157,75.770331,0 -118.921783,75.804023,0 -118.842030,75.835395,0 -118.799306,75.845526,0 -118.757314,75.848090,0 -118.741282,75.873969,0 -118.686106,75.900865,0 -118.621205,75.922065,0 -118.319081,75.972235,0 -118.209381,75.968573,0 -118.174469,75.972235,0 -118.154124,75.978664,0 -118.140777,75.988227,0 -118.116444,76.016913,0 -118.087066,76.035468,0 -118.054189,76.039455,0 -118.019928,76.038886,0 -117.887074,76.067776,0 -117.889963,76.071479,0 -117.894602,76.081488,0 -117.798695,76.111640,0 -117.659739,76.125881,0 -117.626373,76.115627,0 -117.585683,76.115709,0 -117.542348,76.109320,0 -117.462514,76.088284,0 -117.482086,76.081855,0 -117.491322,76.072414,0 -117.503529,76.047309,0 -117.519276,76.031480,0 -117.537221,76.021430,0 -117.578603,76.006334,0 -117.574045,75.990302,0 -117.584096,75.978339,0 -117.601471,75.969672,0 -117.618723,75.963446,0 -117.635610,75.954657,0 -117.665679,75.932196,0 -117.681020,75.923774,0 -117.758616,75.908271,0 -117.784739,75.896470,0</coordinates>
          </LinearRing>
        </outerBoundaryIs>
      </Polygon>
    </Placemark>
    <Placemark>
      <name>Denendeh</name>
      <Polygon>
        <outerBoundaryIs>
          <LinearRing>
            <coordinates>-110.003693,76.226411,0 -110.146962,76.276313,0 -110.383616,76.300523,0 -110.375396,76.314765,0 -110.342844,76.329739,0 -110.328359,76.341498,0 -110.341420,76.345852,0 -110.356068,76.348863,0 -110.368886,76.353705,0 -110.376780,76.363227,0 -110.363515,76.371649,0 -110.369496,76.379381,0 -110.384267,76.387397,0 -110.397206,76.396715,0 -110.387074,76.402330,0 -110.381337,76.410386,0 -110.380198,76.420111,0 -110.383616,76.430854,0 -110.362904,76.431586,0 -110.356313,76.430854,0 -110.362457,76.430854,0 -110.321278,76.428778,0 -110.112782,76.453803,0 -110.048940,76.476711,0 -110.006825,76.486151,0 -110.003693,76.486151,0 -110.003693,76.464584,0 -110.003693,76.244029,0 -110.003693,76.226562,0 -110.003693,76.226411,0</coordinates>
          </LinearRing>
        </outerBoundaryIs>
      </Polygon>
    </Placemark>
    <Placemark>
      <name>Denendeh</name>
      <Polygon>
        <outerBoundaryIs>
          <LinearRing>
            <coordinates>-110.003692,75.878689,0 -110.054596,75.896470,0 -110.003692,75.911444,0 -110.003692,75.878689,0</coordinates>
          </LinearRing>
        </outerBoundaryIs>
      </Polygon>
    </Placemark>
    <Placemark>
      <name>Denendeh</name>
      <Polygon>
        <outerBoundaryIs>
          <LinearRing>
            <coordinates>-110.003693,74.852617,0 -110.019887,74.848131,0 -110.053375,74.829088,0 -110.069814,74.823635,0 -110.088206,74.827623,0 -110.081899,74.834418,0 -110.088206,74.840725,0 -110.154937,74.827867,0 -110.307851,74.852200,0 -110.376780,74.840725,0 -110.366322,74.838853,0 -110.361399,74.837348,0 -110.356313,74.834418,0 -110.370229,74.834906,0 -110.384023,74.833482,0 -110.410878,74.827623,0 -110.410878,74.820787,0 -110.339019,74.807847,0 -110.314687,74.807196,0 -110.343984,74.796576,0 -110.603342,74.786078,0 -110.646148,74.794379,0 -110.666127,74.791327,0 -110.670969,74.773017,0 -110.658559,74.759182,0 -110.634023,74.744818,0 -110.589019,74.725287,0 -110.616770,74.705308,0 -110.774037,74.683661,0 -110.836049,74.656317,0 -110.858957,74.651353,0 -110.950022,74.646389,0 -110.959828,74.639879,0 -110.967152,74.631293,0 -110.979482,74.622219,0 -111.000966,74.616360,0 -111.075022,74.615424,0 -111.156972,74.594224,0 -111.228424,74.594062,0 -111.253774,74.587470,0 -111.304026,74.563788,0 -111.322499,74.560736,0 -111.411041,74.569892,0 -111.574208,74.531968,0 -111.657541,74.501207,0 -111.948272,74.474799,0 -112.239003,74.448391,0 -112.308949,74.430365,0 -112.388295,74.424018,0 -112.437408,74.413520,0 -112.634877,74.413153,0 -113.023793,74.395941,0 -113.221059,74.404608,0 -113.452707,74.418891,0 -113.693023,74.444485,0 -113.765614,74.471137,0 -114.173492,74.566962,0 -114.174143,74.571845,0 -114.172678,74.573432,0 -114.169789,74.573676,0 -114.166086,74.574408,0 -114.192942,74.575832,0 -114.392323,74.639309,0 -114.430776,74.657904,0 -114.440663,74.668769,0 -114.439809,74.683661,0 -114.422353,74.703111,0 -114.395009,74.714667,0 -114.309926,74.732123,0 -114.234364,74.758734,0 -113.971913,74.807603,0 -113.829498,74.814032,0 -113.751861,74.834296,0 -113.626820,74.842760,0 -113.495595,74.839179,0 -113.421376,74.856757,0 -113.336171,74.862372,0 -113.257965,74.847886,0 -113.217600,74.845893,0 -113.192860,74.862372,0 -113.260162,74.876654,0 -113.329986,74.882880,0 -113.306630,74.888617,0 -113.294423,74.889797,0 -113.284088,74.889228,0 -113.207753,74.890815,0 -113.186025,74.895941,0 -113.179555,74.900865,0 -113.166127,74.917060,0 -113.110951,74.941718,0 -113.012929,74.953192,0 -112.958892,74.966702,0 -112.797841,74.985053,0 -112.697825,74.979315,0 -112.549143,74.999335,0 -112.271799,74.999335,0 -112.063059,75.007961,0 -111.908681,74.997138,0 -111.777089,74.985053,0 -111.671254,75.003974,0 -111.585805,75.006415,0 -111.555491,75.012641,0 -111.501861,75.039618,0 -111.479726,75.046780,0 -111.504872,75.058743,0 -111.554840,75.047675,0 -111.575917,75.060370,0 -111.542958,75.072903,0 -111.509185,75.071479,0 -111.441884,75.060370,0 -111.402943,75.063300,0 -111.287953,75.087714,0 -111.302602,75.098538,0 -111.322987,75.105129,0 -111.344716,75.108222,0 -111.363637,75.108222,0 -111.339508,75.115668,0 -111.291656,75.107571,0 -111.266835,75.108222,0 -111.262034,75.111274,0 -111.260976,75.115912,0 -111.261138,75.120185,0 -111.259999,75.122504,0 -111.190989,75.135443,0 -111.162587,75.136135,0 -111.151601,75.138251,0 -111.132721,75.147650,0 -111.100575,75.152737,0 -111.027903,75.177151,0 -111.068837,75.190741,0 -111.053782,75.196234,0 -111.021596,75.202338,0 -111.006744,75.211249,0 -111.013580,75.218004,0 -110.990387,75.224270,0 -110.936757,75.222846,0 -110.918040,75.232367,0 -110.924306,75.242865,0 -110.950754,75.251614,0 -111.102691,75.273342,0 -111.243520,75.266506,0 -111.250600,75.260810,0 -111.274770,75.232652,0 -111.287953,75.221829,0 -111.312164,75.209662,0 -111.372182,75.187242,0 -111.428619,75.179674,0 -111.488759,75.165025,0 -111.520660,75.163398,0 -111.572621,75.170844,0 -111.599233,75.170966,0 -111.624338,75.163398,0 -111.575754,75.156155,0 -111.561635,75.149807,0 -111.678334,75.149807,0 -111.698801,75.158637,0 -111.732900,75.184882,0 -111.753489,75.190741,0 -111.763336,75.189439,0 -111.771881,75.185858,0 -111.779897,75.181301,0 -111.897369,75.139838,0 -111.923451,75.136420,0 -112.059153,75.149807,0 -112.214589,75.127997,0 -112.346059,75.121527,0 -112.418202,75.128241,0 -112.473459,75.149807,0 -112.453603,75.158596,0 -112.429270,75.164984,0 -112.361643,75.173896,0 -112.310780,75.194159,0 -112.295277,75.205024,0 -112.317983,75.211249,0 -112.391510,75.211249,0 -112.391510,75.218004,0 -112.363596,75.218004,0 -112.349965,75.220526,0 -112.336903,75.225531,0 -112.390370,75.243557,0 -112.404897,75.246039,0 -112.421742,75.242621,0 -112.443512,75.234076,0 -112.461415,75.222805,0 -112.466624,75.211249,0 -112.461171,75.209621,0 -112.450185,75.208401,0 -112.438873,75.205146,0 -112.432485,75.197577,0 -112.436350,75.187323,0 -112.449534,75.183295,0 -112.589508,75.183295,0 -112.619496,75.191881,0 -112.632558,75.199164,0 -112.637929,75.208157,0 -112.632436,75.219468,0 -112.619537,75.225816,0 -112.604726,75.230170,0 -112.593251,75.235500,0 -112.595204,75.249905,0 -112.621327,75.264594,0 -112.654856,75.275702,0 -112.678863,75.279527,0 -112.672190,75.275946,0 -112.665191,75.273342,0 -112.665191,75.266506,0 -112.699778,75.261949,0 -112.715199,75.249416,0 -112.724721,75.229967,0 -112.740956,75.205024,0 -112.706410,75.187405,0 -112.695953,75.180243,0 -112.693512,75.172675,0 -112.700795,75.153306,0 -112.699371,75.142320,0 -112.730092,75.141547,0 -112.857086,75.109849,0 -113.022939,75.094794,0 -113.054596,75.097398,0 -113.083608,75.108222,0 -113.120758,75.141425,0 -113.138173,75.149807,0 -113.161773,75.111151,0 -113.179840,75.094631,0 -113.206451,75.087714,0 -113.349721,75.080634,0 -113.446929,75.085150,0 -113.621653,75.067288,0 -113.645985,75.070990,0 -113.651967,75.068549,0 -113.656321,75.064154,0 -113.665842,75.060370,0 -113.886627,75.058173,0 -113.957631,75.074449,0 -113.953765,75.122504,0 -113.939320,75.138170,0 -113.929026,75.144273,0 -113.912831,75.149807,0 -113.645334,75.190741,0 -113.679799,75.198798,0 -113.717193,75.197008,0 -113.866119,75.168606,0 -113.906850,75.168647,0 -113.939524,75.183295,0 -113.876088,75.249742,0 -113.836415,75.301663,0 -113.812978,75.323920,0 -113.784291,75.339667,0 -113.678578,75.359524,0 -113.601389,75.365383,0 -113.530670,75.387274,0 -113.375640,75.416449,0 -113.323150,75.416693,0 -113.323150,75.424140,0 -113.345448,75.416693,0 -113.419586,75.424140,0 -113.461537,75.418687,0 -113.476308,75.421861,0 -113.473988,75.437730,0 -113.518219,75.419257,0 -113.873931,75.373765,0 -113.898549,75.375678,0 -113.920644,75.388007,0 -113.966705,75.428900,0 -114.035512,75.465766,0 -114.070668,75.474921,0 -114.090932,75.458319,0 -114.076080,75.454332,0 -114.077626,75.445258,0 -114.085927,75.434149,0 -114.090932,75.424140,0 -114.088531,75.408840,0 -114.081044,75.402167,0 -114.069081,75.396918,0 -114.053090,75.385932,0 -114.046457,75.366441,0 -114.058217,75.346015,0 -114.090932,75.314276,0 -114.118276,75.273342,0 -114.126780,75.264716,0 -114.155832,75.242255,0 -114.195790,75.225165,0 -114.252675,75.226752,0 -114.309885,75.240424,0 -114.350982,75.259670,0 -114.351918,75.263373,0 -114.350168,75.275824,0 -114.350982,75.279527,0 -114.361928,75.284857,0 -114.494374,75.303697,0 -114.511220,75.316962,0 -114.549306,75.311998,0 -114.590159,75.297797,0 -114.615142,75.283271,0 -114.616200,75.273098,0 -114.601674,75.268297,0 -114.581939,75.267727,0 -114.546986,75.273424,0 -114.448394,75.263617,0 -114.425893,75.258368,0 -114.409413,75.249091,0 -114.385162,75.218004,0 -114.355702,75.202826,0 -114.323476,75.193915,0 -114.303293,75.181789,0 -114.310048,75.156643,0 -114.329986,75.137926,0 -114.381581,75.108140,0 -114.402903,75.091457,0 -114.440826,75.067939,0 -114.699656,75.019232,0 -114.958485,74.970526,0 -115.057688,74.966742,0 -115.154775,74.983547,0 -115.180043,74.992499,0 -115.195953,75.002427,0 -115.206370,75.016995,0 -115.214996,75.039944,0 -115.225819,75.060492,0 -115.225168,75.068549,0 -115.214996,75.081488,0 -115.200836,75.089016,0 -115.183665,75.094062,0 -115.173411,75.099514,0 -115.180287,75.108222,0 -115.183217,75.125800,0 -115.203847,75.151028,0 -115.233266,75.173570,0 -115.262807,75.183295,0 -115.254872,75.165839,0 -115.274037,75.149400,0 -115.405751,75.102932,0 -115.448069,75.100246,0 -115.524159,75.125067,0 -115.653432,75.151435,0 -115.666575,75.148505,0 -115.668202,75.140448,0 -115.652659,75.128730,0 -115.637196,75.124213,0 -115.605336,75.121487,0 -115.591176,75.115627,0 -115.605946,75.105048,0 -115.587636,75.085150,0 -115.557525,75.061510,0 -115.537180,75.039944,0 -115.543365,75.039944,0 -115.550282,75.016059,0 -115.584340,74.995429,0 -115.627065,74.980170,0 -115.660064,74.972235,0 -115.715443,74.970364,0 -115.927235,74.997870,0 -116.025502,75.026068,0 -116.166412,75.040188,0 -116.255930,75.060370,0 -116.255930,75.067288,0 -116.142161,75.083808,0 -116.084462,75.098700,0 -116.043691,75.128730,0 -116.081939,75.127387,0 -116.269683,75.100491,0 -116.308502,75.102607,0 -116.338490,75.115627,0 -116.281606,75.142524,0 -116.249664,75.162421,0 -116.246002,75.180243,0 -116.249379,75.190090,0 -116.245229,75.200181,0 -116.244049,75.208075,0 -116.256500,75.211249,0 -116.467030,75.184394,0 -116.520619,75.188788,0 -116.545481,75.185248,0 -116.595937,75.170600,0 -116.612213,75.163398,0 -116.668040,75.127183,0 -116.687896,75.122504,0 -116.767242,75.122219,0 -116.893951,75.142320,0 -116.951487,75.161851,0 -116.965403,75.159980,0 -116.988678,75.149604,0 -117.017161,75.149482,0 -117.510081,75.201117,0 -117.592681,75.227281,0 -117.646311,75.236477,0 -117.670806,75.244534,0 -117.688466,75.259670,0 -117.669097,75.268012,0 -117.660512,75.273261,0 -117.653717,75.279527,0 -117.659901,75.282050,0 -117.674875,75.293158,0 -117.651438,75.305732,0 -117.620229,75.312445,0 -117.558176,75.314276,0 -117.576731,75.336615,0 -117.554311,75.358059,0 -117.304270,75.458319,0 -117.202219,75.480780,0 -116.824859,75.479132,0 -116.447499,75.477484,0 -116.369211,75.489163,0 -116.149526,75.477200,0 -116.041900,75.484809,0 -115.589711,75.587958,0 -115.262807,75.601630,0 -115.284413,75.619696,0 -115.283518,75.627143,0 -115.272776,75.639553,0 -115.254872,75.649237,0 -115.112131,75.688300,0 -115.023915,75.693590,0 -115.002105,75.698472,0 -115.052235,75.710273,0 -115.372222,75.660590,0 -115.697499,75.645819,0 -115.774770,75.627021,0 -115.982737,75.611396,0 -116.101430,75.585761,0 -116.115631,75.577786,0 -116.476525,75.577026,0 -116.837419,75.576266,0 -117.198313,75.575507,0 -117.239003,75.582709,0 -117.249013,75.609076,0 -117.228017,75.633490,0 -116.965647,75.761379,0 -116.885365,75.789008,0 -116.523793,75.804145,0 -116.162221,75.819281,0 -115.800649,75.834418,0 -115.787506,75.840481,0 -115.776112,75.852525,0 -115.762318,75.861762,0 -115.742299,75.858954,0 -115.726918,75.854193,0 -115.578114,75.834418,0 -115.226552,75.850898,0 -114.874989,75.867377,0 -114.827382,75.879381,0 -114.805979,75.892279,0 -114.812489,75.902167,0 -114.834096,75.908515,0 -114.857737,75.910793,0 -115.277699,75.898729,0 -115.697662,75.886664,0 -115.761627,75.896064,0 -116.202545,75.868069,0 -116.218577,75.869574,0 -116.221791,75.875963,0 -116.244374,75.869534,0 -116.708119,75.899563,0 -116.723459,75.908026,0 -116.733998,75.921088,0 -116.736318,75.937445,0 -116.728505,75.954169,0 -116.713857,75.961249,0 -116.616119,75.976264,0 -116.557362,75.978420,0 -116.484975,75.972113,0 -116.461334,75.978420,0 -116.475697,75.992418,0 -116.516428,76.001451,0 -116.530263,76.013129,0 -116.521311,76.015326,0 -116.496165,76.026801,0 -116.541982,76.035346,0 -116.658315,76.019924,0 -116.701568,76.040473,0 -116.707102,76.050360,0 -116.705881,76.057807,0 -116.687896,76.075263,0 -116.646148,76.101060,0 -116.646962,76.108710,0 -116.630279,76.120429,0 -116.610829,76.123847,0 -116.590484,76.124905,0 -116.571197,76.129218,0 -116.554758,76.139472,0 -116.541086,76.150824,0 -116.526235,76.160142,0 -116.162709,76.203843,0 -115.946441,76.202094,0 -115.841135,76.184963,0 -115.671986,76.180487,0 -115.452260,76.188218,0 -115.160512,76.167060,0 -115.043080,76.164008,0 -115.040110,76.158840,0 -114.949818,76.163967,0 -114.827138,76.149319,0 -114.711049,76.154202,0 -114.666982,76.164008,0 -114.706288,76.174384,0 -114.794993,76.167955,0 -114.878326,76.177436,0 -114.975331,76.177314,0 -115.040273,76.208441,0 -115.279286,76.237047,0 -115.529368,76.237169,0 -115.779449,76.237291,0 -115.877309,76.253241,0 -115.892812,76.259589,0 -115.917388,76.281480,0 -115.926991,76.286851,0 -115.909901,76.299262,0 -115.851877,76.322252,0 -115.863393,76.332587,0 -115.897694,76.342353,0 -115.913319,76.349026,0 -115.874867,76.363593,0 -115.512318,76.456204,0 -115.021474,76.479071,0 -114.981679,76.486151,0 -114.904897,76.516750,0 -114.872426,76.520209,0 -114.700510,76.520209,0 -114.713002,76.510443,0 -114.746938,76.500190,0 -114.762563,76.492336,0 -114.450795,76.500922,0 -114.205922,76.471015,0 -114.159250,76.458808,0 -114.132639,76.445705,0 -114.115793,76.430609,0 -114.090932,76.389879,0 -114.118276,76.369452,0 -114.104604,76.363227,0 -114.122060,76.356757,0 -114.141021,76.354804,0 -114.179758,76.355780,0 -114.168772,76.344062,0 -114.150502,76.340237,0 -114.110829,76.341498,0 -114.117991,76.337388,0 -114.138783,76.322252,0 -114.135813,76.318183,0 -114.132721,76.316474,0 -114.125111,76.314846,0 -114.131947,76.314846,0 -114.083567,76.294338,0 -114.008412,76.273261,0 -113.984853,76.255927,0 -114.000966,76.243801,0 -114.034657,76.232733,0 -114.063629,76.218573,0 -114.025787,76.212063,0 -113.994618,76.199286,0 -113.963043,76.190619,0 -113.873769,76.206488,0 -113.713531,76.204983,0 -113.568227,76.234687,0 -113.519032,76.239081,0 -113.467844,76.238227,0 -113.442860,76.241156,0 -113.399892,76.257636,0 -113.354360,76.266059,0 -113.219838,76.264309,0 -113.180043,76.255316,0 -113.159006,76.253363,0 -112.994211,76.273261,0 -112.911041,76.264106,0 -112.868560,76.250312,0 -112.850209,76.228583,0 -112.830800,76.219224,0 -112.756174,76.221910,0 -112.754628,76.212388,0 -112.754628,76.204983,0 -112.619537,76.205308,0 -112.540761,76.187974,0 -112.464670,76.180650,0 -112.432485,76.170844,0 -112.425649,76.170844,0 -112.449371,76.161933,0 -112.480540,76.155463,0 -112.502797,76.144680,0 -112.500152,76.122992,0 -112.525746,76.120998,0 -112.515452,76.110012,0 -112.447174,76.079779,0 -112.437978,76.070014,0 -112.431142,76.060126,0 -112.418813,76.050727,0 -112.364613,76.033637,0 -112.118031,76.012397,0 -111.855540,75.953518,0 -111.769276,75.947414,0 -111.746205,75.937079,0 -111.726796,75.916938,0 -111.781402,75.900539,0 -112.072743,75.875637,0 -112.186106,75.848090,0 -112.162668,75.839830,0 -112.137603,75.834418,0 -112.207753,75.822414,0 -112.227040,75.814521,0 -112.196929,75.807603,0 -112.159535,75.808295,0 -112.089915,75.821357,0 -112.076772,75.826972,0 -112.064809,75.833726,0 -112.051584,75.839423,0 -112.034657,75.841864,0 -112.020741,75.840399,0 -111.994211,75.834662,0 -111.980051,75.834418,0 -111.994537,75.830634,0 -112.022369,75.826728,0 -112.035268,75.821357,0 -111.948964,75.807074,0 -111.928334,75.810492,0 -111.888092,75.825385,0 -111.867340,75.828803,0 -111.459055,75.841864,0 -111.446685,75.837592,0 -111.456288,75.828192,0 -111.475901,75.818793,0 -111.493276,75.814521,0 -111.573883,75.819078,0 -111.596425,75.814521,0 -111.458892,75.788804,0 -111.431956,75.766099,0 -111.440053,75.763129,0 -111.447865,75.757758,0 -111.451894,75.750637,0 -111.448720,75.742255,0 -111.432485,75.736029,0 -111.388254,75.739325,0 -111.369862,75.732611,0 -111.361440,75.715237,0 -111.375885,75.705024,0 -111.397532,75.695014,0 -111.410797,75.677965,0 -111.402415,75.674994,0 -111.390981,75.669176,0 -111.380971,75.661607,0 -111.376698,75.653144,0 -111.380930,75.643256,0 -111.410797,75.615912,0 -111.396596,75.614569,0 -111.384755,75.608385,0 -111.351308,75.579779,0 -111.335805,75.574856,0 -111.294749,75.574368,0 -111.294749,75.568183,0 -111.302235,75.564399,0 -111.308909,75.559882,0 -111.322092,75.547675,0 -111.297841,75.545315,0 -111.281117,75.540229,0 -111.279652,75.537909,0 -111.279530,75.534247,0 -111.278432,75.530341,0 -111.274281,75.527167,0 -111.250844,75.521877,0 -111.229360,75.522406,0 -111.208974,75.525336,0 -111.013743,75.531440,0 -110.856068,75.557440,0 -110.513580,75.573310,0 -110.431020,75.559516,0 -110.426869,75.556138,0 -110.424957,75.550849,0 -110.424550,75.543891,0 -110.418691,75.539862,0 -110.218617,75.535834,0 -110.157867,75.546942,0 -110.116078,75.540229,0 -110.068267,75.547675,0 -110.003693,75.544664,0 -110.003693,75.361809,0 -110.003693,75.141254,0 -110.003693,74.920699,0 -110.003693,74.852692,0 -110.003693,74.852617,0</coordinates>
          </LinearRing>
        </outerBoundaryIs>
      </Polygon>
    </Placemark>
    <Placemark>
      <name>Denendeh</name>
      <Polygon>
        <outerBoundaryIs>
          <LinearRing>
            <coordinates>-114.837026,76.759833,0 -114.844635,76.765123,0 -114.866770,76.762681,0 -114.878570,76.767279,0 -114.858754,76.801459,0 -114.840484,76.809394,0 -114.631581,76.861640,0 -114.434560,76.882392,0 -114.237131,76.879096,0 -114.192738,76.890815,0 -113.846059,76.898871,0 -113.734039,76.883368,0 -113.586334,76.846625,0 -113.536122,76.842353,0 -113.510365,76.836330,0 -113.484283,76.820380,0 -113.463490,76.798245,0 -113.453481,76.773505,0 -113.488515,76.767768,0 -113.556549,76.739163,0 -113.604644,76.728705,0 -113.636098,76.710842,0 -113.652170,76.705268,0 -113.673166,76.704250,0 -113.830556,76.725531,0 -114.126251,76.727607,0 -114.421946,76.729682,0 -114.510650,76.744818,0 -114.817779,76.759833,0 -114.837026,76.759833,0</coordinates>
          </LinearRing>
        </outerBoundaryIs>
      </Polygon>
    </Placemark>
    <Placemark>
      <name>Denendeh</name>
      <Polygon>
        <outerBoundaryIs>
          <LinearRing>
            <coordinates>-119.317494,76.199897,0 -119.334055,76.207343,0 -119.363596,76.225898,0 -119.379547,76.233588,0 -119.442494,76.250800,0 -119.459584,76.263332,0 -119.468495,76.278754,0 -119.480824,76.355170,0 -119.486318,76.361070,0 -119.500600,76.363227,0 -119.522613,76.361640,0 -119.528554,76.356920,0 -119.529124,76.349107,0 -119.535024,76.338365,0 -119.575917,76.320746,0 -119.671457,76.338853,0 -119.716868,76.335273,0 -119.716868,76.328437,0 -119.697621,76.328437,0 -119.677561,76.324408,0 -119.661773,76.314602,0 -119.655426,76.297431,0 -119.660390,76.277737,0 -119.673248,76.270901,0 -119.710683,76.267035,0 -119.696360,76.257025,0 -119.597157,76.202460,0 -119.577301,76.196194,0 -119.574330,76.191474,0 -119.572174,76.185858,0 -119.569163,76.181098,0 -119.564605,76.171820,0 -119.572336,76.167060,0 -119.620025,76.161770,0 -119.675282,76.165961,0 -119.703236,76.164008,0 -119.675771,76.141343,0 -119.634185,76.134263,0 -119.589467,76.131903,0 -119.552398,76.122992,0 -119.577707,76.111965,0 -119.805653,76.115627,0 -119.786855,76.105780,0 -119.761830,76.099677,0 -119.684153,76.093573,0 -119.523346,76.052558,0 -119.491689,76.036851,0 -119.477284,76.006334,0 -119.485951,75.974921,0 -119.511138,75.967231,0 -119.543324,75.974026,0 -119.595326,75.994371,0 -119.615712,75.997992,0 -119.635325,75.995551,0 -119.655426,75.985826,0 -119.703236,75.944281,0 -119.648671,75.937730,0 -119.621002,75.929633,0 -119.607004,75.916938,0 -119.626332,75.917141,0 -119.682037,75.923774,0 -119.702016,75.921780,0 -119.713612,75.916409,0 -119.737375,75.899888,0 -119.775746,75.883124,0 -119.862945,75.859117,0 -120.044342,75.842678,0 -120.080637,75.855536,0 -120.085439,75.863471,0 -120.089711,75.874701,0 -120.096995,75.884670,0 -120.110707,75.888983,0 -120.130035,75.892524,0 -120.145619,75.898139,0 -120.160878,75.898342,0 -120.179311,75.885932,0 -120.202748,75.865465,0 -120.229726,75.847602,0 -120.259674,75.832750,0 -120.292307,75.821357,0 -120.334869,75.811998,0 -120.387441,75.806708,0 -120.438791,75.810533,0 -120.477854,75.828803,0 -120.489003,75.847073,0 -120.485422,75.863674,0 -120.463531,75.896470,0 -120.461049,75.906724,0 -120.461578,75.915595,0 -120.460601,75.924302,0 -120.453684,75.934027,0 -120.437245,75.944566,0 -120.400787,75.961086,0 -120.388499,75.972235,0 -120.441640,75.978664,0 -120.449859,75.982123,0 -120.446929,75.989081,0 -120.435699,76.000190,0 -120.435658,76.006334,0 -120.460317,76.015448,0 -120.580230,76.006334,0 -120.575307,76.003567,0 -120.565175,75.995795,0 -120.559722,75.992662,0 -120.596181,75.986884,0 -120.640452,75.992133,0 -120.683746,76.006171,0 -120.717437,76.026801,0 -120.732493,76.055080,0 -120.713775,76.074408,0 -120.649159,76.102525,0 -120.672231,76.105658,0 -120.734486,76.093736,0 -120.751576,76.102525,0 -120.745107,76.123684,0 -120.716624,76.133490,0 -120.683258,76.138129,0 -120.662221,76.143500,0 -120.691640,76.159817,0 -120.794545,76.175849,0 -120.847157,76.198147,0 -120.864980,76.200995,0 -120.879954,76.198635,0 -120.947011,76.180406,0 -120.988759,76.164008,0 -121.011220,76.138861,0 -120.997955,76.102525,0 -121.013539,76.097602,0 -121.021311,76.087104,0 -121.024241,76.074123,0 -121.025299,76.061591,0 -120.986562,76.032375,0 -120.970693,76.023749,0 -120.963694,76.013251,0 -120.958811,75.995795,0 -120.952260,75.979438,0 -120.939931,75.972235,0 -120.939076,75.967841,0 -120.953481,75.958197,0 -120.973988,75.948635,0 -120.991119,75.944281,0 -121.014150,75.950385,0 -121.017323,75.964057,0 -121.005727,75.978258,0 -120.984364,75.985826,0 -121.034291,76.003567,0 -121.117787,76.000149,0 -121.203196,75.984524,0 -121.258697,75.965399,0 -121.269846,75.952623,0 -121.283844,75.920885,0 -121.299672,75.910793,0 -121.310699,75.912665,0 -121.355092,75.932440,0 -121.417714,75.937812,0 -121.436838,75.944281,0 -121.429596,75.947008,0 -121.416331,75.957953,0 -121.451243,75.965888,0 -121.468414,75.973049,0 -121.481516,75.982123,0 -121.494862,75.987616,0 -121.552887,75.992662,0 -121.685048,76.018622,0 -121.819895,76.029690,0 -121.847076,76.045233,0 -122.046376,76.033637,0 -122.098704,76.040961,0 -122.125478,76.041205,0 -122.149973,76.033637,0 -122.144683,76.032294,0 -122.134429,76.028062,0 -122.128896,76.026801,0 -122.145172,76.007270,0 -122.149037,75.997138,0 -122.139150,75.992662,0 -122.132721,75.991278,0 -122.130849,75.987779,0 -122.132232,75.983100,0 -122.135732,75.978420,0 -122.145334,75.976264,0 -122.190989,75.978420,0 -122.375315,75.937445,0 -122.425893,75.932807,0 -122.618886,75.941962,0 -122.731557,75.978420,0 -122.687489,75.980658,0 -122.641672,75.988471,0 -122.597971,76.003363,0 -122.560292,76.026801,0 -122.577789,76.025580,0 -122.609486,76.015611,0 -122.625722,76.013129,0 -122.698069,76.020657,0 -122.674672,76.026557,0 -122.601877,76.033637,0 -122.526112,76.061591,0 -122.533559,76.067776,0 -122.503977,76.084174,0 -122.482981,76.102362,0 -122.483713,76.117011,0 -122.519032,76.122992,0 -122.704905,76.115627,0 -122.686025,76.123725,0 -122.492584,76.143500,0 -122.511708,76.149482,0 -122.532623,76.151068,0 -122.574534,76.149726,0 -122.575307,76.167670,0 -122.605824,76.174262,0 -122.670155,76.177680,0 -122.770090,76.153632,0 -122.803863,76.149726,0 -122.828359,76.154283,0 -122.837758,76.152086,0 -122.841420,76.139797,0 -122.847808,76.133002,0 -122.889882,76.108710,0 -122.925404,76.097073,0 -122.963735,76.091010,0 -123.040679,76.088284,0 -123.025014,76.093695,0 -122.993398,76.100165,0 -122.979237,76.108710,0 -122.999176,76.120510,0 -123.006500,76.122992,0 -122.958608,76.132025,0 -122.951283,76.139797,0 -122.947174,76.151272,0 -122.937001,76.156968,0 -122.923695,76.158433,0 -122.910308,76.157172,0 -122.917226,76.165025,0 -122.925364,76.171210,0 -122.934478,76.175482,0 -122.944488,76.177680,0 -122.924672,76.188951,0 -122.892161,76.183173,0 -122.861724,76.182359,0 -122.831654,76.237291,0 -122.792470,76.238267,0 -122.746978,76.230170,0 -122.711090,76.231635,0 -122.725413,76.231635,0 -122.711578,76.246894,0 -122.688791,76.255072,0 -122.641265,76.265082,0 -122.634389,76.272610,0 -122.635243,76.283759,0 -122.641225,76.294501,0 -122.649648,76.300523,0 -122.634348,76.326890,0 -122.617258,76.343207,0 -122.593984,76.353827,0 -122.451405,76.381822,0 -122.403228,76.404202,0 -122.380605,76.408515,0 -121.963246,76.437323,0 -121.781402,76.425198,0 -121.553578,76.436998,0 -121.511871,76.448228,0 -121.505238,76.453599,0 -121.503000,76.459703,0 -121.503489,76.464423,0 -121.505116,76.465644,0 -121.498891,76.469631,0 -121.423695,76.500434,0 -121.408844,76.514065,0 -121.413564,76.554267,0 -121.370025,76.569729,0 -121.322174,76.577826,0 -121.313954,76.596015,0 -121.254221,76.609524,0 -121.228017,76.621161,0 -121.217112,76.640082,0 -121.213979,76.662055,0 -121.204254,76.678209,0 -121.187327,76.688178,0 -121.162709,76.691596,0 -121.146637,76.689683,0 -121.107004,76.672919,0 -121.089345,76.670722,0 -121.038971,76.684149,0 -120.919545,76.695461,0 -120.814117,76.733710,0 -120.551910,76.759426,0 -120.523997,76.768378,0 -120.512034,76.783759,0 -120.367991,76.814521,0 -120.373036,76.817776,0 -120.382558,76.825670,0 -120.388499,76.828762,0 -120.383412,76.831977,0 -120.373687,76.839545,0 -120.367991,76.842353,0 -120.384348,76.845608,0 -120.400461,76.851549,0 -120.415639,76.859687,0 -120.429433,76.869086,0 -120.369740,76.892768,0 -120.228098,76.902655,0 -120.168772,76.931789,0 -120.181508,76.934312,0 -120.188547,76.940497,0 -120.187367,76.947943,0 -120.175364,76.954047,0 -120.113515,76.965888,0 -120.093617,76.965888,0 -120.104237,76.989447,0 -120.091135,77.005601,0 -120.065419,77.015774,0 -120.038401,77.020575,0 -119.966298,77.015937,0 -119.930816,77.020087,0 -119.908681,77.041002,0 -119.922353,77.047268,0 -119.900868,77.052191,0 -119.854360,77.054836,0 -119.836659,77.065253,0 -119.833119,77.076728,0 -119.832997,77.088853,0 -119.826975,77.098578,0 -119.723744,77.116156,0 -119.650706,77.116441,0 -119.628082,77.123603,0 -119.627065,77.142524,0 -119.599273,77.151842,0 -119.425201,77.180569,0 -119.387318,77.192532,0 -119.372670,77.204169,0 -119.341420,77.239081,0 -119.329579,77.246487,0 -119.323964,77.251288,0 -119.289703,77.288804,0 -119.268178,77.296332,0 -119.229644,77.304877,0 -119.195627,77.317572,0 -119.162709,77.324897,0 -119.129058,77.328274,0 -118.966298,77.319648,0 -118.876780,77.336859,0 -118.859731,77.342678,0 -118.833160,77.357815,0 -118.820546,77.361029,0 -118.782948,77.354315,0 -118.759836,77.354315,0 -118.700266,77.364325,0 -118.439524,77.362291,0 -118.178782,77.360256,0 -118.102284,77.380357,0 -117.852366,77.390448,0 -117.852366,77.383612,0 -117.879791,77.383368,0 -117.934560,77.371405,0 -117.962229,77.370022,0 -117.934926,77.361396,0 -117.799184,77.372056,0 -117.784739,77.370022,0 -117.773305,77.364447,0 -117.753570,77.348090,0 -117.743723,77.342678,0 -117.729360,77.340399,0 -117.681752,77.342678,0 -117.663645,77.340888,0 -117.613393,77.329047,0 -117.474355,77.335883,0 -117.469309,77.333197,0 -117.461903,77.320014,0 -117.455068,77.315375,0 -117.437571,77.312934,0 -117.380605,77.315375,0 -117.320058,77.306301,0 -117.261790,77.289252,0 -117.231109,77.285712,0 -117.133616,77.301703,0 -117.039215,77.292792,0 -117.010081,77.301703,0 -117.065663,77.333645,0 -117.097279,77.343451,0 -117.139882,77.336412,0 -117.158193,77.336656,0 -117.174387,77.340562,0 -117.181386,77.348863,0 -117.173736,77.359687,0 -117.155873,77.363837,0 -117.033315,77.352932,0 -116.860219,77.318264,0 -116.813100,77.316596,0 -116.777333,77.329047,0 -116.786936,77.331204,0 -116.810862,77.342678,0 -116.769846,77.355211,0 -116.682525,77.370592,0 -116.646962,77.390448,0 -116.676503,77.397406,0 -116.746327,77.400824,0 -116.777333,77.397284,0 -116.826527,77.383490,0 -116.851918,77.384019,0 -116.852406,77.404120,0 -116.943227,77.397447,0 -116.994008,77.399563,0 -117.016265,77.414700,0 -117.034576,77.431383,0 -117.154042,77.458726,0 -117.133412,77.468166,0 -117.110097,77.474595,0 -117.064687,77.479885,0 -117.071523,77.466213,0 -117.055328,77.462348,0 -117.038442,77.463080,0 -117.003489,77.470771,0 -116.981191,77.473049,0 -116.935699,77.471381,0 -116.913645,77.474311,0 -116.756825,77.513373,0 -116.774037,77.519680,0 -116.928131,77.527655,0 -116.900746,77.536363,0 -116.406728,77.562405,0 -116.412343,77.559231,0 -116.427235,77.548163,0 -116.338490,77.540717,0 -116.353871,77.530585,0 -116.359609,77.527655,0 -116.246938,77.527045,0 -116.215688,77.522162,0 -116.100250,77.490668,0 -116.064117,77.486721,0 -116.110911,77.478095,0 -116.125600,77.472398,0 -116.086659,77.460273,0 -115.891998,77.441352,0 -115.850209,77.429348,0 -115.800038,77.431586,0 -115.776519,77.429836,0 -115.658355,77.389228,0 -115.575266,77.378079,0 -115.489613,77.353949,0 -115.447825,77.348863,0 -115.450795,77.345282,0 -115.452870,77.341986,0 -115.455678,77.338813,0 -115.460805,77.335883,0 -115.443593,77.328111,0 -115.404164,77.318427,0 -115.392568,77.307929,0 -115.458079,77.307929,0 -115.470611,77.305854,0 -115.494293,77.296454,0 -115.505767,77.294257,0 -115.508860,77.291693,0 -115.517486,77.278998,0 -115.522857,77.274400,0 -115.537099,77.269477,0 -115.682932,77.261542,0 -115.729726,77.253079,0 -115.776112,77.253323,0 -115.814524,77.240912,0 -115.851877,77.234809,0 -115.902455,77.216498,0 -115.927805,77.212348,0 -116.247222,77.195950,0 -116.274526,77.189846,0 -116.276438,77.178168,0 -116.283844,77.170722,0 -116.276438,77.164537,0 -116.301829,77.148261,0 -116.371490,77.145494,0 -116.400543,77.137274,0 -116.378733,77.128241,0 -116.304189,77.118109,0 -116.289906,77.111884,0 -116.286855,77.104438,0 -116.287343,77.095038,0 -116.283844,77.082668,0 -116.257680,77.055894,0 -116.221669,77.041653,0 -115.831370,76.972805,0 -115.778432,76.970404,0 -115.753651,76.964789,0 -115.732045,76.948554,0 -115.751047,76.933092,0 -115.907094,76.897040,0 -116.024037,76.898749,0 -116.256581,76.940497,0 -116.325795,76.945543,0 -116.365793,76.931789,0 -116.357004,76.907620,0 -116.313791,76.890326,0 -116.263092,76.877265,0 -116.174916,76.841742,0 -116.040151,76.828315,0 -115.995229,76.793931,0 -115.997467,76.783840,0 -115.997792,76.775214,0 -115.995229,76.767279,0 -115.963490,76.751776,0 -115.905588,76.712795,0 -115.892812,76.698432,0 -115.911610,76.694892,0 -115.978139,76.689683,0 -116.000234,76.682847,0 -116.009511,76.677924,0 -116.012522,76.674506,0 -116.014475,76.667060,0 -116.016347,76.664252,0 -116.049713,76.643297,0 -116.083160,76.629462,0 -116.324818,76.581732,0 -116.451324,76.579576,0 -116.497141,76.570217,0 -116.520009,76.568061,0 -116.762074,76.573147,0 -116.784088,76.569037,0 -116.804596,76.561225,0 -116.830149,76.544582,0 -116.844838,76.540269,0 -116.959788,76.555732,0 -117.007924,76.552151,0 -117.074778,76.526068,0 -117.077626,76.519599,0 -117.071523,76.506578,0 -117.057851,76.494696,0 -117.039906,76.489163,0 -117.020579,76.485338,0 -117.002594,76.478705,0 -117.010081,76.471869,0 -116.986440,76.462388,0 -116.989491,76.450751,0 -116.998525,76.436835,0 -116.993031,76.420356,0 -116.956207,76.401801,0 -116.941884,76.389879,0 -116.947987,76.376899,0 -116.943918,76.371649,0 -116.938466,76.361151,0 -116.934316,76.355780,0 -116.949208,76.346096,0 -116.968251,76.339789,0 -116.988393,76.336330,0 -117.006337,76.335273,0 -117.026275,76.331855,0 -117.136342,76.290229,0 -117.276967,76.280015,0 -117.330556,76.261786,0 -117.352447,76.259589,0 -117.571401,76.271633,0 -117.639638,76.290920,0 -117.660512,76.294338,0 -117.651275,76.316799,0 -117.676259,76.326606,0 -117.818593,76.325141,0 -117.858022,76.330471,0 -117.880238,76.349026,0 -117.866567,76.349026,0 -118.006988,76.402493,0 -118.058420,76.410386,0 -118.053375,76.415717,0 -118.046783,76.421088,0 -118.031077,76.430854,0 -118.036773,76.434149,0 -118.051584,76.445136,0 -117.990102,76.465644,0 -118.009511,76.478461,0 -118.020009,76.483059,0 -118.031077,76.486151,0 -118.010121,76.505032,0 -117.907582,76.533352,0 -117.917958,76.545315,0 -117.955393,76.568061,0 -117.942738,76.572211,0 -117.918813,76.576890,0 -117.907582,76.581732,0 -117.961293,76.592108,0 -117.976471,76.602200,0 -117.937367,76.619696,0 -117.900746,76.643215,0 -117.908599,76.647895,0 -117.918080,76.656155,0 -117.925649,76.666571,0 -117.928090,76.677924,0 -117.918568,76.693345,0 -117.899403,76.700507,0 -117.859486,76.708686,0 -117.764231,76.757066,0 -117.736236,76.780341,0 -117.773020,76.810981,0 -117.818512,76.824693,0 -117.865793,76.823310,0 -117.907582,76.808295,0 -117.956654,76.781887,0 -117.981028,76.773261,0 -118.010610,76.767279,0 -118.047027,76.764309,0 -118.339833,76.771308,0 -118.337880,76.765123,0 -118.317779,76.755561,0 -118.305409,76.743109,0 -118.307240,76.721137,0 -118.314280,76.711493,0 -118.328684,76.709947,0 -118.496653,76.718899,0 -118.488922,76.711982,0 -118.480540,76.706122,0 -118.471547,76.701483,0 -118.462473,76.698432,0 -118.466176,76.695136,0 -118.472564,76.687323,0 -118.476145,76.684149,0 -118.432973,76.669135,0 -118.385976,76.660834,0 -118.348215,76.644599,0 -118.325999,76.589789,0 -118.302113,76.567694,0 -118.305409,76.554999,0 -118.327789,76.549750,0 -118.435170,76.554999,0 -118.479848,76.545233,0 -118.490387,76.540717,0 -118.495229,76.534410,0 -118.494496,76.528876,0 -118.495188,76.522650,0 -118.504058,76.514065,0 -118.534901,76.503811,0 -118.673004,76.510688,0 -118.693512,76.520494,0 -118.729970,76.544135,0 -118.755971,76.551988,0 -118.792877,76.557685,0 -118.829213,76.559394,0 -118.853505,76.554999,0 -118.837554,76.546861,0 -118.817698,76.540351,0 -118.777740,76.533352,0 -118.825266,76.528266,0 -118.888661,76.529771,0 -118.946278,76.522854,0 -118.976430,76.492336,0 -118.942779,76.485785,0 -118.840443,76.478705,0 -118.831858,76.474351,0 -118.824818,76.467597,0 -118.820221,76.461493,0 -118.818715,76.458808,0 -118.798655,76.456122,0 -118.733388,76.458808,0 -118.704457,76.455634,0 -118.674306,76.446601,0 -118.646392,76.432440,0 -118.597076,76.387844,0 -118.594838,76.376370,0 -118.613922,76.369452,0 -118.571360,76.351630,0 -118.568959,76.345201,0 -118.579945,76.336005,0 -118.605092,76.321194,0 -118.617299,76.311428,0 -118.651601,76.291083,0 -118.692779,76.284491,0 -118.860463,76.284817,0 -118.899729,76.275092,0 -118.928578,76.253363,0 -118.936920,76.229682,0 -118.931630,76.206122,0 -118.914459,76.188951,0 -118.887603,76.184475,0 -118.901031,76.172268,0 -118.944447,76.171291,0 -118.963368,76.164008,0 -118.967437,76.152004,0 -118.961781,76.143012,0 -118.963531,76.135728,0 -118.990061,76.129218,0 -119.036936,76.128974,0 -119.058665,76.126410,0 -119.079457,76.115627,0 -119.080393,76.110785,0 -119.078521,76.103583,0 -119.075429,76.097398,0 -119.072621,76.095689,0 -119.083852,76.089586,0 -119.095326,76.088324,0 -119.120595,76.093736,0 -119.160715,76.107652,0 -119.180979,76.112047,0 -119.221995,76.109442,0 -119.244862,76.113186,0 -119.267242,76.120307,0 -119.285512,76.129218,0 -119.302561,76.149319,0 -119.303334,76.187445,0 -119.317494,76.199897,0</coordinates>
          </LinearRing>
        </outerBoundaryIs>
      </Polygon>
    </Placemark>
    <Placemark>
      <name>Denendeh</name>
      <Polygon>
        <outerBoundaryIs>
          <LinearRing>
            <coordinates>-113.686269,77.866604,0 -113.671498,77.845933,0 -113.600942,77.832424,0 -113.577016,77.815009,0 -113.604237,77.810858,0 -113.722483,77.769232,0 -114.162587,77.706732,0 -114.300689,77.713284,0 -114.479604,77.751410,0 -114.621327,77.756822,0 -114.652699,77.767890,0 -114.622874,77.774115,0 -114.516103,77.760443,0 -114.537994,77.783026,0 -114.581939,77.796454,0 -114.666982,77.808173,0 -114.798248,77.850328,0 -114.857818,77.859809,0 -115.118235,77.959662,0 -115.097076,77.966132,0 -115.069325,77.968940,0 -115.040679,77.968248,0 -114.990712,77.957994,0 -114.968332,77.956773,0 -114.947621,77.959662,0 -114.898915,77.973578,0 -114.795074,77.982856,0 -114.767323,77.990058,0 -114.741119,77.999945,0 -114.679677,78.034491,0 -114.501861,78.048407,0 -114.388824,78.076606,0 -114.327260,78.080797,0 -114.282786,78.062079,0 -114.293853,78.052314,0 -114.350982,78.034735,0 -114.331939,78.027411,0 -114.269114,78.014228,0 -114.316884,78.014228,0 -114.257802,77.989447,0 -114.114613,78.000434,0 -114.063629,77.972642,0 -114.069895,77.972642,0 -113.987416,77.937445,0 -113.974273,77.928290,0 -113.951324,77.918850,0 -113.737294,77.901679,0 -113.701527,77.890367,0 -113.686269,77.866604,0</coordinates>
          </LinearRing>
        </outerBoundaryIs>
      </Polygon>
    </Placemark>
    <Placemark>
      <name>Denendeh</name>
      <Polygon>
        <outerBoundaryIs>
          <LinearRing>
            <coordinates>-110.003693,77.931400,0 -110.123931,77.921210,0 -110.224762,77.898017,0 -110.533111,77.883918,0 -110.841461,77.869818,0 -110.903717,77.853217,0 -110.880360,77.821234,0 -110.777496,77.803656,0 -110.754140,77.784613,0 -110.719960,77.766181,0 -110.408274,77.773383,0 -110.344635,77.784857,0 -110.129506,77.781480,0 -110.107900,77.776190,0 -110.088246,77.764472,0 -110.080800,77.752509,0 -110.095570,77.746772,0 -110.090891,77.736965,0 -110.088206,77.733100,0 -110.111928,77.707668,0 -110.116078,77.705797,0 -110.110707,77.692450,0 -110.098012,77.683336,0 -110.068267,77.671617,0 -110.071848,77.668443,0 -110.078236,77.661119,0 -110.081899,77.658026,0 -110.072499,77.652004,0 -110.062408,77.647650,0 -110.051910,77.645168,0 -110.041005,77.644355,0 -110.055898,77.632025,0 -110.078236,77.624823,0 -110.123525,77.617011,0 -110.148183,77.609361,0 -110.163686,77.600165,0 -110.160797,77.592353,0 -110.107777,77.587470,0 -110.092152,77.581977,0 -110.086822,77.571479,0 -110.095570,77.554918,0 -110.113881,77.542711,0 -110.162343,77.531806,0 -110.235422,77.504218,0 -110.572621,77.455308,0 -110.709381,77.452826,0 -110.747182,77.445014,0 -110.788075,77.445746,0 -110.798980,77.443305,0 -110.828603,77.425238,0 -110.880727,77.412421,0 -111.193227,77.421088,0 -111.250966,77.432685,0 -111.281117,77.431464,0 -111.401235,77.403510,0 -111.883860,77.353176,0 -111.990834,77.329291,0 -112.109242,77.325751,0 -112.469309,77.370592,0 -112.493967,77.380276,0 -112.506337,77.388007,0 -112.534901,77.411607,0 -112.600575,77.453681,0 -112.637441,77.464057,0 -112.679067,77.460679,0 -112.728586,77.451117,0 -112.777821,77.448432,0 -112.927602,77.464789,0 -112.954986,77.471015,0 -112.966908,77.483303,0 -112.974273,77.501899,0 -112.992340,77.511054,0 -113.035064,77.518459,0 -113.165883,77.515082,0 -113.199615,77.527655,0 -113.208404,77.543687,0 -113.211781,77.561591,0 -113.219472,77.576077,0 -113.241282,77.582261,0 -113.216135,77.600409,0 -113.123525,77.614407,0 -113.089752,77.623236,0 -113.109975,77.632066,0 -113.179189,77.650580,0 -113.172353,77.650580,0 -113.190297,77.658433,0 -113.233713,77.664008,0 -113.254262,77.671617,0 -113.238149,77.674506,0 -113.219228,77.682034,0 -113.206776,77.693793,0 -113.210194,77.709540,0 -113.230865,77.723049,0 -113.233795,77.726874,0 -113.226674,77.734442,0 -113.212758,77.738349,0 -113.186025,77.739936,0 -113.267812,77.759833,0 -113.305572,77.776842,0 -113.323150,77.808173,0 -113.312123,77.838772,0 -113.282135,77.862372,0 -113.213287,77.890774,0 -113.241282,77.904975,0 -113.141103,77.922512,0 -113.085113,77.922675,0 -113.045400,77.908149,0 -113.028554,77.899359,0 -113.006093,77.896145,0 -112.981516,77.897610,0 -112.958241,77.903062,0 -112.945709,77.911078,0 -112.936513,77.921291,0 -112.924916,77.929592,0 -112.905426,77.931708,0 -112.911692,77.931708,0 -112.591298,77.973517,0 -112.270904,78.015326,0 -112.224599,78.009223,0 -112.169057,78.007880,0 -112.056304,78.024075,0 -111.950551,78.021308,0 -111.824127,78.052639,0 -111.799143,78.051744,0 -111.788197,78.038153,0 -111.774892,78.029527,0 -111.744537,78.027411,0 -111.711659,78.029242,0 -111.690663,78.032782,0 -111.639475,78.048163,0 -111.527170,78.067084,0 -111.391957,78.071967,0 -111.278066,78.090033,0 -111.206532,78.082465,0 -111.007639,78.096869,0 -111.001373,78.095160,0 -111.000315,78.090806,0 -111.000111,78.085150,0 -110.996816,78.079169,0 -110.979888,78.073228,0 -110.860504,78.068752,0 -110.822906,78.074164,0 -110.711741,78.103827,0 -110.357716,78.101569,0 -110.003693,78.099311,0 -110.003693,78.008417,0 -110.003693,77.931523,0 -110.003693,77.931400,0</coordinates>
          </LinearRing>
        </outerBoundaryIs>
      </Polygon>
    </Placemark>
    <Placemark>
      <name>Denendeh</name>
      <Polygon>
        <outerBoundaryIs>
          <LinearRing>
            <coordinates>-110.003693,78.329008,0 -110.013051,78.329006,0 -110.332428,78.285956,0 -110.586374,78.300564,0 -110.840321,78.315172,0 -110.862782,78.322740,0 -110.862904,78.339057,0 -110.888295,78.345526,0 -110.945912,78.350043,0 -111.026112,78.374905,0 -111.154612,78.390530,0 -111.218414,78.381537,0 -111.288930,78.379828,0 -111.315256,78.369940,0 -111.299387,78.358873,0 -111.279042,78.348293,0 -111.258046,78.340074,0 -111.240102,78.336371,0 -111.278676,78.321845,0 -111.411488,78.329820,0 -111.431956,78.308498,0 -111.425852,78.302802,0 -111.408315,78.300116,0 -111.404612,78.291978,0 -111.409291,78.281806,0 -111.420562,78.276516,0 -111.433990,78.274604,0 -111.778472,78.270209,0 -111.836293,78.285224,0 -111.870758,78.302232,0 -111.877553,78.308824,0 -111.890614,78.329006,0 -111.912465,78.335842,0 -111.970448,78.345933,0 -111.980051,78.350043,0 -112.028676,78.351874,0 -112.175526,78.377387,0 -112.465606,78.351874,0 -112.755686,78.326361,0 -112.777455,78.319281,0 -112.786041,78.308661,0 -112.768300,78.295396,0 -112.804433,78.307807,0 -112.839670,78.306464,0 -113.061513,78.274359,0 -113.185170,78.273586,0 -113.248280,78.284980,0 -113.295277,78.315334,0 -113.282216,78.322740,0 -113.336171,78.336371,0 -113.220774,78.363715,0 -113.223012,78.374661,0 -113.222483,78.384345,0 -113.224355,78.392401,0 -113.233795,78.398505,0 -113.214223,78.406562,0 -113.149810,78.409898,0 -113.133534,78.414537,0 -113.101796,78.427680,0 -112.780873,78.473131,0 -112.682037,78.498277,0 -112.492747,78.512030,0 -112.354604,78.540025,0 -112.150054,78.557034,0 -112.035512,78.551744,0 -111.926747,78.560696,0 -111.816029,78.548896,0 -111.420155,78.606635,0 -111.376698,78.623765,0 -111.438140,78.644232,0 -111.314361,78.648424,0 -111.294749,78.661689,0 -111.275624,78.670233,0 -111.164418,78.698920,0 -111.131703,78.691596,0 -110.979644,78.720038,0 -110.844065,78.730618,0 -110.794423,78.744289,0 -110.760121,78.749579,0 -110.740956,78.757961,0 -110.733022,78.757270,0 -110.724110,78.754055,0 -110.714670,78.753079,0 -110.426910,78.766343,0 -110.397206,78.753485,0 -110.366322,78.744127,0 -110.237660,78.727851,0 -110.136586,78.698920,0 -110.030263,78.692532,0 -110.003694,78.686917,0 -110.003693,78.670030,0 -110.003693,78.449475,0 -110.003693,78.329121,0 -110.003693,78.329008,0</coordinates>
          </LinearRing>
        </outerBoundaryIs>
      </Polygon>
    </Placemark>
    <Placemark>
      <name>Denendeh</name>
      <Polygon>
        <outerBoundaryIs>
          <LinearRing>
            <coordinates>-136.211942,69.179309,0 -136.145472,69.161380,0 -136.066838,69.128530,0 -136.021530,69.108370,0 -136.006267,69.090281,0 -136.039069,69.087009,0 -136.086984,69.090093,0 -136.119617,69.079342,0 -136.167591,69.086665,0 -136.221910,69.105685,0 -136.225314,69.120604,0 -136.177314,69.116494,0 -136.180744,69.133546,0 -136.223323,69.156873,0 -136.247742,69.171722,0 -136.211942,69.179309,0</coordinates>
          </LinearRing>
        </outerBoundaryIs>
      </Polygon>
    </Placemark>
    <Placemark>
      <name>Denendeh</name>
      <Polygon>
        <outerBoundaryIs>
          <LinearRing>
            <coordinates>-135.705953,69.508751,0 -135.591182,69.467105,0 -135.595243,69.448424,0 -135.636163,69.451327,0 -135.709874,69.474291,0 -135.767237,69.481446,0 -135.840928,69.481380,0 -135.841092,69.495736,0 -135.787937,69.505841,0 -135.705953,69.508751,0</coordinates>
          </LinearRing>
        </outerBoundaryIs>
      </Polygon>
    </Placemark>
  </Document>
</kml>
