<?xml version="1.0" encoding="utf-8" ?>
<kml xmlns="http://www.opengis.net/kml/2.2">
<Document id="root_doc">
<Schema name="Region_inuite_Inuit_Region" id="Region_inuite_Inuit_Region">
	<SimpleField name="REGION" type="string"></SimpleField>
	<SimpleField name="REGION_INU" type="string"></SimpleField>
</Schema>
<Folder><name>Region_inuite_Inuit_Region</name>
  <Placemark>
	<Style><LineStyle><color>ff0000ff</color></LineStyle><PolyStyle><fill>0</fill></PolyStyle></Style>
	<ExtendedData><SchemaData schemaUrl="#Region_inuite_Inuit_Region">
		<SimpleData name="REGION">Inuvialuit</SimpleData>
		<SimpleData name="REGION_INU">ᐃᓅᕕᐊᓗᐃᑦ</SimpleData>
	</SchemaData></ExtendedData>
      <MultiGeometry><Polygon><outerBoundaryIs><LinearRing><coordinates>-123.888528710561,69.3645501629515 -123.892199713289,69.361802163038 -123.896717710764,69.3616731638013 -123.898333704692,69.3659771639597 -123.891291707376,69.3663961634602 -123.888528710561,69.3645501629515</coordinates></LinearRing></outerBoundaryIs></Polygon><Polygon><outerBoundaryIs><LinearRing><coordinates>-115.370732828716,77.5458079425435 -115.374894833374,77.5434189429485 -115.409565818746,77.5426479489244 -115.395114813748,77.5457239466325 -115.370732828716,77.5458079425435</coordinates></LinearRing></outerBoundaryIs></Polygon><Polygon><outerBoundaryIs><LinearRing><coordinates>-131.972197412728,69.7625085731829 -131.98965442584,69.7526035755004 -131.99668942844,69.7500185763027 -132.00054742632,69.750872577803 -131.976988413288,69.7626225739597 -131.972197412728,69.7625085731829</coordinates></LinearRing></outerBoundaryIs></Polygon><Polygon><outerBoundaryIs><LinearRing><coordinates>-134.252380158014,69.6850249768737 -134.26524215714,69.6832619789516 -134.276246162539,69.6786079805682 -134.281235156253,69.6819199817437 -134.272857154072,69.6853439808929 -134.253634154502,69.6864889767235 -134.252380158014,69.6850249768737</coordinates></LinearRing></outerBoundaryIs></Polygon><Polygon><outerBoundaryIs><LinearRing><coordinates>-129.029437076238,69.690989052006 -129.037522072095,69.6926060537053 -129.042605052274,69.7061710547666 -129.037307053924,69.7062400537388 -129.029437076238,69.690989052006</coordinates></LinearRing></outerBoundaryIs></Polygon><Polygon><outerBoundaryIs><LinearRing><coordinates>-127.814033585413,70.1979628549625 -127.815162591322,70.1942238548938 -127.849456588623,70.1902568605185 -127.854027586322,70.1914078617956 -127.814033585413,70.1979628549625</coordinates></LinearRing></outerBoundaryIs></Polygon><Polygon><outerBoundaryIs><LinearRing><coordinates>-125.630158094208,69.503519460102 -125.635922097769,69.4988344613948 -125.641786088889,69.5051434622841 -125.633234074848,69.5157724611006 -125.630158094208,69.503519460102</coordinates></LinearRing></outerBoundaryIs></Polygon><Polygon><outerBoundaryIs><LinearRing><coordinates>-125.62514111714,69.4872074593357 -125.632222122952,69.482584460537 -125.632091112557,69.4885504602555 -125.641530104701,69.4936924616591 -125.636964098747,69.497987461778 -125.626672111653,69.492190459787 -125.62514111714,69.4872074593357</coordinates></LinearRing></outerBoundaryIs></Polygon><Polygon><outerBoundaryIs><LinearRing><coordinates>-125.606609052286,69.5376304567375 -125.617310057474,69.5319614585729 -125.621049067692,69.5246384592651 -125.628617064243,69.5248664605541 -125.620514051697,69.5359684597129 -125.612933047179,69.5390034582104 -125.606609052286,69.5376304567375</coordinates></LinearRing></outerBoundaryIs></Polygon><Polygon><outerBoundaryIs><LinearRing><coordinates>-111.508976308749,70.3442001949757 -111.535247301063,70.343216198717 -111.54432429627,70.3445052008797 -111.534205295464,70.3479921986667 -111.521190299795,70.3481441970431 -111.508976308749,70.3442001949757</coordinates></LinearRing></outerBoundaryIs></Polygon><Polygon><outerBoundaryIs><LinearRing><coordinates>-122.94572546509,76.3493672015707 -122.946599485838,76.342295200803 -122.966403458795,76.3482152053649 -122.963983442718,76.3537312044916 -122.955751444256,76.3544252030564 -122.94572546509,76.3493672015707</coordinates></LinearRing></outerBoundaryIs></Polygon><Polygon><outerBoundaryIs><LinearRing><coordinates>-122.496245175799,75.8448661030657 -122.497114194649,75.8377941029588 -122.516916169171,75.843714106068 -122.514503156747,75.8492301059191 -122.506266156205,75.8499231046166 -122.496245175799,75.8448661030657</coordinates></LinearRing></outerBoundaryIs></Polygon><Polygon><outerBoundaryIs><LinearRing><coordinates>-113.215262727102,70.3051534531902 -113.215887730954,70.302879453977 -113.249789708582,70.310364459032 -113.254480702053,70.3130264592349 -113.238454709496,70.3120644569273 -113.215262727102,70.3051534531902</coordinates></LinearRing></outerBoundaryIs></Polygon><Polygon><outerBoundaryIs><LinearRing><coordinates>-133.838623725889,69.3366428897238 -133.841231731983,69.3328658896011 -133.851672732154,69.3316838917549 -133.867369730441,69.3317678944852 -133.87315272679,69.3332938957708 -133.869691725333,69.3349258951359 -133.838623725889,69.3366428897238</coordinates></LinearRing></outerBoundaryIs></Polygon><Polygon><outerBoundaryIs><LinearRing><coordinates>-123.864374684852,69.3871011585971 -123.865221687062,69.3858901593159 -123.867280686493,69.3850341596464 -123.872332685877,69.3848901608156 -123.877473684797,69.3851341613004 -123.883264682642,69.3857671624564 -123.887332681181,69.3862471631676 -123.893037678036,69.3864771635491 -123.903742676601,69.386370165429 -123.906503675016,69.3860871658248 -123.903367675065,69.38823916553 -123.890229672971,69.3904281633 -123.879305679731,69.3877951613989 -123.874749680935,69.388002161138 -123.870256683435,69.3881331599564 -123.866233684093,69.3878501589765 -123.864374684852,69.3871011585971</coordinates></LinearRing></outerBoundaryIs></Polygon><Polygon><outerBoundaryIs><LinearRing><coordinates>-125.01067218691,72.5790654346436 -125.022654199991,72.5714824360096 -125.038983197986,72.5703834392386 -125.027065185187,72.5789054376447 -125.017409184355,72.5804004352293 -125.01067218691,72.5790654346436</coordinates></LinearRing></outerBoundaryIs></Polygon><Polygon><outerBoundaryIs><LinearRing><coordinates>-111.74280923879,72.3503182431618 -111.770561235518,72.3447332473436 -111.785579230705,72.3447652496181 -111.788926225869,72.3472292503851 -111.77275722776,72.349708247799 -111.74280923879,72.3503182431618</coordinates></LinearRing></outerBoundaryIs></Polygon><Polygon><outerBoundaryIs><LinearRing><coordinates>-117.740044589087,70.7089471693689 -117.745377599277,70.7005551696959 -117.750848596452,70.7012801709032 -117.758578581536,70.7102131723908 -117.743998582342,70.7119291696587 -117.740044589087,70.7089471693689</coordinates></LinearRing></outerBoundaryIs></Polygon><Polygon><outerBoundaryIs><LinearRing><coordinates>-130.873351063389,70.1273223901548 -130.894149079331,70.1148023934228 -130.901659080544,70.1136123946926 -130.904648076026,70.1164273954569 -130.880049063021,70.1271093919436 -130.873351063389,70.1273223901548</coordinates></LinearRing></outerBoundaryIs></Polygon><Polygon><outerBoundaryIs><LinearRing><coordinates>-130.232070222496,70.1041052763362 -130.256834221744,70.1020922807588 -130.260988218089,70.1034572814993 -130.251740214147,70.1077452796907 -130.236662213732,70.1100722774694 -130.235835214403,70.1089972771288 -130.232070222496,70.1041052763362</coordinates></LinearRing></outerBoundaryIs></Polygon><Polygon><outerBoundaryIs><LinearRing><coordinates>-136.120987734722,69.1051132885692 -136.148069716116,69.114803293832 -136.134966719439,69.1152832916973 -136.125470718871,69.1147952901041 -136.12113972327,69.1127282887392 -136.120987734722,69.1051132885692</coordinates></LinearRing></outerBoundaryIs></Polygon><Polygon><outerBoundaryIs><LinearRing><coordinates>-133.766205696466,69.3662828778425 -133.77343869778,69.3637358793904 -133.788636692673,69.3661078821394 -133.799146682724,69.3711888837486 -133.79602168326,69.3721508832485 -133.776138688871,69.3699368794363 -133.766205696466,69.3662828778425</coordinates></LinearRing></outerBoundaryIs></Polygon><Polygon><outerBoundaryIs><LinearRing><coordinates>-115.578136001857,77.7425779838537 -115.584346009103,77.7399149849848 -115.602444993711,77.7415709883017 -115.623943949879,77.7510459920774 -115.590024981531,77.7468799858845 -115.578136001857,77.7425779838537</coordinates></LinearRing></outerBoundaryIs></Polygon><Polygon><outerBoundaryIs><LinearRing><coordinates>-117.076188808271,71.366044070529 -117.0793238122,71.3631150716609 -117.085297815696,71.3602150722965 -117.097481813803,71.359430074171 -117.100191809913,71.3608180747181 -117.085397803558,71.3665930720905 -117.092706794853,71.3721240732723 -117.082697795762,71.3724830722607 -117.076188808271,71.366044070529</coordinates></LinearRing></outerBoundaryIs></Polygon><Polygon><outerBoundaryIs><LinearRing><coordinates>-130.862367097445,70.1069293874003 -130.870802100059,70.1049833891966 -130.872022102155,70.1023443895125 -130.889435107886,70.0958583921665 -130.893723104187,70.0985893927013 -130.881149095611,70.1063863907918 -130.867737095671,70.107965388858 -130.862367097445,70.1069293874003</coordinates></LinearRing></outerBoundaryIs></Polygon><Polygon><outerBoundaryIs><LinearRing><coordinates>-129.882841220069,70.1512332159424 -129.888825219005,70.1516512172683 -129.894930209484,70.1566192180342 -129.900300209372,70.156222219042 -129.902556207142,70.1579312197884 -129.891554196182,70.1655382181991 -129.887542199801,70.1643922168781 -129.882841220069,70.1512332159424</coordinates></LinearRing></outerBoundaryIs></Polygon><Polygon><outerBoundaryIs><LinearRing><coordinates>-117.465411535232,71.4542171354955 -117.487059531721,71.4516611389229 -117.491267529555,71.4528281396564 -117.492248519064,71.4587571395185 -117.483595522196,71.459595138396 -117.466605530438,71.457185135487 -117.465411535232,71.4542171354955</coordinates></LinearRing></outerBoundaryIs></Polygon><Polygon><outerBoundaryIs><LinearRing><coordinates>-111.724289198021,72.3794562402967 -111.732354206576,72.3725282420995 -111.744213203086,72.3712392433713 -111.752968194342,72.3747702450063 -111.732246189726,72.3816762423372 -111.724289198021,72.3794562402967</coordinates></LinearRing></outerBoundaryIs></Polygon><Polygon><outerBoundaryIs><LinearRing><coordinates>-125.132983440894,70.0449013875034 -125.134508443045,70.0432523881771 -125.148652444373,70.0411703905145 -125.146591446202,70.0387213901642 -125.150841448228,70.0372023905118 -125.160530444846,70.0382483927382 -125.16265844015,70.0409183926607 -125.153900436893,70.0453363915864 -125.141481437125,70.0464503898521 -125.132983440894,70.0449013875034</coordinates></LinearRing></outerBoundaryIs></Polygon><Polygon><outerBoundaryIs><LinearRing><coordinates>-114.166299669224,78.291954769768 -114.199368678429,78.2847747747374 -114.215679653078,78.2888417775313 -114.202272647627,78.2918087757989 -114.172820656524,78.2941297706301 -114.166299669224,78.291954769768</coordinates></LinearRing></outerBoundaryIs></Polygon><Polygon><outerBoundaryIs><LinearRing><coordinates>-113.581655714975,77.8446426585117 -113.58894470875,77.8444896590844 -113.614074695942,77.8450086636822 -113.630543672026,77.8486326660467 -113.628182663736,77.8511806657716 -113.617621667947,77.8520286640389 -113.584422704841,77.847068658488 -113.581655714975,77.8446426585117</coordinates></LinearRing></outerBoundaryIs></Polygon><Polygon><outerBoundaryIs><LinearRing><coordinates>-116.883396156945,70.5131610291375 -116.887178161265,70.5095610294631 -116.904115155595,70.510888032436 -116.9242371519,70.5076990359526 -116.925464150834,70.5090800360365 -116.902992148018,70.5152060320854 -116.895447151576,70.5155730308334 -116.883396156945,70.5131610291375</coordinates></LinearRing></outerBoundaryIs></Polygon><Polygon><outerBoundaryIs><LinearRing><coordinates>-113.516353110845,78.2747956630911 -113.518652122854,78.2717966628232 -113.541329106192,78.2723766666896 -113.56394407927,78.2759176702148 -113.565004065828,78.2788706706756 -113.524023097122,78.2774196639604 -113.516353110845,78.2747956630911</coordinates></LinearRing></outerBoundaryIs></Polygon><Polygon><outerBoundaryIs><LinearRing><coordinates>-114.909068702929,70.6066527176215 -114.920038708907,70.5998237197926 -114.924914706283,70.5994727198474 -114.930949699408,70.6037147211176 -114.922582690209,70.6112837197996 -114.911312699904,70.6092077183863 -114.909068702929,70.6066527176215</coordinates></LinearRing></outerBoundaryIs></Polygon><Polygon><outerBoundaryIs><LinearRing><coordinates>-139.4562067051,69.5561339123275 -139.481277707032,69.5527929166188 -139.500394706801,69.5522429198867 -139.5058427038,69.5540129215597 -139.499481700659,69.5558819199355 -139.472214701709,69.5575459148655 -139.4562067051,69.5561339123275</coordinates></LinearRing></outerBoundaryIs></Polygon><Polygon><outerBoundaryIs><LinearRing><coordinates>-123.913256669288,69.3888721670633 -123.923700667483,69.3895661690405 -123.962236647345,69.3963631752988 -123.929047658214,69.3955161698984 -123.913921665615,69.3918251677317 -123.913562670054,69.390249167426 -123.913256669288,69.3888721670633</coordinates></LinearRing></outerBoundaryIs></Polygon><Polygon><outerBoundaryIs><LinearRing><coordinates>-135.820344936925,68.988346230512 -135.824430939354,68.9862552303203 -135.845549933506,68.9881942344806 -135.861953930348,68.9887192381475 -135.854855928623,68.9908562364242 -135.841567928154,68.9929402341379 -135.828031930404,68.9915202320205 -135.820344936925,68.988346230512</coordinates></LinearRing></outerBoundaryIs></Polygon><Polygon><outerBoundaryIs><LinearRing><coordinates>-119.608091634405,74.1476755484349 -119.612429643455,74.1426095488197 -119.624255646749,74.1399635512695 -119.632806638772,74.141397552257 -119.636193630592,74.144005553398 -119.626641624562,74.1488585513849 -119.614375626193,74.1508425499663 -119.608091634405,74.1476755484349</coordinates></LinearRing></outerBoundaryIs></Polygon><Polygon><outerBoundaryIs><LinearRing><coordinates>-130.425977136421,70.1361343116049 -130.430256139065,70.1346023122834 -130.44249014247,70.1302213142698 -130.45701714379,70.1281383165848 -130.459748139706,70.1293513177882 -130.449905132341,70.1362333158484 -130.431045133854,70.1378963122747 -130.425977136421,70.1361343116049</coordinates></LinearRing></outerBoundaryIs></Polygon><Polygon><outerBoundaryIs><LinearRing><coordinates>-110.409554212251,76.3640371092606 -110.459579198921,76.3600011165991 -110.456806185412,76.3651121165324 -110.423445193933,76.3683021112231 -110.409554212251,76.3640371092606</coordinates></LinearRing></outerBoundaryIs></Polygon><Polygon><outerBoundaryIs><LinearRing><coordinates>-121.615560035508,76.0048309537048 -121.617713048795,75.9995959538543 -121.624693048051,75.9987729555248 -121.642632030824,76.0027409586797 -121.644515017523,76.0070729595108 -121.638313012391,76.0087909581 -121.623891018257,76.0088289554832 -121.615560035508,76.0048309537048</coordinates></LinearRing></outerBoundaryIs></Polygon><Polygon><outerBoundaryIs><LinearRing><coordinates>-125.401654112419,69.5293824218103 -125.408219121699,69.5206614229456 -125.422945118,69.5217304251667 -125.429923111514,69.5253694270939 -125.42879510839,69.5281634265934 -125.417515110651,69.5276584246939 -125.401654112419,69.5293824218103</coordinates></LinearRing></outerBoundaryIs></Polygon><Polygon><outerBoundaryIs><LinearRing><coordinates>-111.035221875548,75.2053441793129 -111.038395875294,75.204032179881 -111.053547867713,75.2043231818302 -111.077810845333,75.209678186127 -111.0731818386,75.2127221849684 -111.047726855742,75.2108071813913 -111.035221875548,75.2053441793129</coordinates></LinearRing></outerBoundaryIs></Polygon><Polygon><outerBoundaryIs><LinearRing><coordinates>-111.207337231319,72.4896691631641 -111.208969233247,72.4873351626774 -111.220781231391,72.4856941651931 -111.231364238968,72.4787681664804 -111.238811237072,72.4777821670695 -111.245910228254,72.4804381686319 -111.244653225646,72.4827261682569 -111.215145224664,72.4904481639006 -111.207337231319,72.4896691631641</coordinates></LinearRing></outerBoundaryIs></Polygon><Polygon><outerBoundaryIs><LinearRing><coordinates>-112.852292921468,70.2584543976929 -112.897112899885,70.2627184045011 -112.903164894465,70.2652054054812 -112.901484894718,70.2662954052436 -112.88001490365,70.2655714021708 -112.858797915665,70.2616503989806 -112.852292921468,70.2584543976929</coordinates></LinearRing></outerBoundaryIs></Polygon><Polygon><outerBoundaryIs><LinearRing><coordinates>-116.824068141846,70.5384380198685 -116.827647142825,70.5368880207185 -116.842059138774,70.5363710231564 -116.848583140444,70.5328060235827 -116.859204133725,70.5358900259029 -116.852443127006,70.5417330242158 -116.840097131963,70.5420470223657 -116.837512134796,70.5406500219575 -116.825944139193,70.54005502056 -116.824068141846,70.5384380198685</coordinates></LinearRing></outerBoundaryIs></Polygon><Polygon><outerBoundaryIs><LinearRing><coordinates>-128.897948133972,69.671397028838 -128.906391131043,69.6704280301887 -128.937089124778,69.6712760356429 -128.952332128416,69.6669570380097 -128.959672125924,69.6670020392733 -128.958774124354,69.669360039473 -128.933825121539,69.6742350352363 -128.904070127807,69.6731370299599 -128.897948133972,69.671397028838</coordinates></LinearRing></outerBoundaryIs></Polygon><Polygon><outerBoundaryIs><LinearRing><coordinates>-134.234403141881,69.6968959736922 -134.23637214379,69.6956279744843 -134.245820139691,69.6980549764474 -134.266710132289,69.7002529803891 -134.271285127009,69.7030739814171 -134.26247912342,69.706012979675 -134.240021132691,69.7016329753384 -134.234403141881,69.6968959736922</coordinates></LinearRing></outerBoundaryIs></Polygon><Polygon><outerBoundaryIs><LinearRing><coordinates>-123.920449683401,69.3777031687118 -123.931467681641,69.3776191703451 -123.935830672864,69.3825241708732 -123.965314655554,69.3905201756479 -123.934082665934,69.3880711706723 -123.934229668735,69.3869121707792 -123.922517678775,69.381066168939 -123.920449683401,69.3777031687118</coordinates></LinearRing></outerBoundaryIs></Polygon><Polygon><outerBoundaryIs><LinearRing><coordinates>-128.949266024525,69.7384520398136 -128.9807840335,69.7281360444364 -128.983321033976,69.7273050452044 -128.989701030617,69.7280990465124 -128.984026024179,69.7330350452935 -128.962129021269,69.7388860417181 -128.949556022772,69.7405120399791 -128.949266024525,69.7384520398136</coordinates></LinearRing></outerBoundaryIs></Polygon><Polygon><outerBoundaryIs><LinearRing><coordinates>-125.078957407893,70.0760293791563 -125.101114406874,70.0736783831592 -125.10682239975,70.0771503841026 -125.105879392627,70.0831313841615 -125.096824392709,70.0843513825939 -125.092495397706,70.0823353819756 -125.078957407893,70.0760293791563</coordinates></LinearRing></outerBoundaryIs></Polygon><Polygon><outerBoundaryIs><LinearRing><coordinates>-134.108293779577,69.2710759350467 -134.113846781912,69.2691159364142 -134.139726781849,69.2670319408092 -134.144303776668,69.2696339415392 -134.136062772992,69.2730589398414 -134.125550771789,69.2744789384279 -134.110228775811,69.2737469353587 -134.108293779577,69.2710759350467</coordinates></LinearRing></outerBoundaryIs></Polygon><Polygon><outerBoundaryIs><LinearRing><coordinates>-130.110671252404,70.1010022547624 -130.11234725958,70.0963162546339 -130.115995269136,70.0893352549986 -130.110959274818,70.0850092543018 -130.120283278745,70.0821182557655 -130.127459255249,70.0953702572905 -130.118451251406,70.1002912562783 -130.110671252404,70.1010022547624</coordinates></LinearRing></outerBoundaryIs></Polygon><Polygon><outerBoundaryIs><LinearRing><coordinates>-113.729275767636,78.3304756990175 -113.780804744788,78.3283847076637 -113.821402736724,78.3248677140783 -113.829361721693,78.3272257155406 -113.794111728317,78.3310017102222 -113.740308750491,78.3328167015981 -113.729275767636,78.3304756990175</coordinates></LinearRing></outerBoundaryIs></Polygon><Polygon><outerBoundaryIs><LinearRing><coordinates>-133.814086416129,69.5548278933681 -133.820037417987,69.553585894599 -133.845336412988,69.5533488989682 -133.849486407486,69.5568569003468 -133.847153404448,69.5587959000712 -133.829240402825,69.561358896347 -133.823209408388,69.5587608952758 -133.814086416129,69.5548278933681</coordinates></LinearRing></outerBoundaryIs></Polygon><Polygon><outerBoundaryIs><LinearRing><coordinates>-139.309216744144,69.5397908850887 -139.313646747319,69.5378688853098 -139.325925744937,69.5384948873002 -139.336072739227,69.5422568897217 -139.351118732532,69.5447958929521 -139.353835729913,69.5469408928534 -139.348341728983,69.5479108918035 -139.316770738278,69.5434688859082 -139.309216744144,69.5397908850887</coordinates></LinearRing></outerBoundaryIs></Polygon><Polygon><outerBoundaryIs><LinearRing><coordinates>-132.238341364939,69.7632556201783 -132.255980367615,69.7596386234206 -132.280227361806,69.7606926275345 -132.286484356994,69.7637046291418 -132.282836354728,69.7652996280336 -132.239594365387,69.7645066204751 -132.238341364939,69.7632556201783</coordinates></LinearRing></outerBoundaryIs></Polygon><Polygon><outerBoundaryIs><LinearRing><coordinates>-111.626269266359,70.3441692125035 -111.650402258872,70.3414752160516 -111.668798257328,70.3376312190053 -111.678998251267,70.3396452210478 -111.679738246818,70.3433452205211 -111.630489262809,70.3457182133107 -111.626269266359,70.3441692125035</coordinates></LinearRing></outerBoundaryIs></Polygon><Polygon><outerBoundaryIs><LinearRing><coordinates>-118.157817940979,77.4042064067592 -118.163012950165,77.4010394077514 -118.18231094431,77.3999414109175 -118.193779954086,77.3951814128446 -118.208212938602,77.397699415838 -118.204945929202,77.4005674151997 -118.192133922181,77.404908412664 -118.166770928798,77.406441408891 -118.157817940979,77.4042064067592</coordinates></LinearRing></outerBoundaryIs></Polygon><Polygon><outerBoundaryIs><LinearRing><coordinates>-125.313748254884,72.501955485498 -125.337611292057,72.4787244884642 -125.340150281722,72.4833324893579 -125.331868257795,72.4972484881196 -125.318678249158,72.5035734858736 -125.313748254884,72.501955485498</coordinates></LinearRing></outerBoundaryIs></Polygon><Polygon><outerBoundaryIs><LinearRing><coordinates>-112.958497220787,78.0721815643971 -112.962376224716,78.070770565395 -112.973403230774,78.0667425671645 -112.99875621856,78.0666425713293 -113.007636200468,78.0704045726662 -113.000985187694,78.0739055718047 -112.965928207682,78.0748215662361 -112.963403210453,78.0739225652909 -112.958497220787,78.0721815643971</coordinates></LinearRing></outerBoundaryIs></Polygon><Polygon><outerBoundaryIs><LinearRing><coordinates>-134.283078141413,69.6915239827742 -134.296460139215,69.6914099851579 -134.313260144961,69.6871069876819 -134.322649144134,69.6869769896881 -134.327044139738,69.6888619906105 -134.324706134881,69.6921949904012 -134.315963136258,69.6923559883472 -134.304139132676,69.6960419861568 -134.291319136589,69.6950349843602 -134.283078141413,69.6915239827742</coordinates></LinearRing></outerBoundaryIs></Polygon><Polygon><outerBoundaryIs><LinearRing><coordinates>-110.389687777438,77.7870781458959 -110.398122779007,77.784996147029 -110.41528077372,77.7842471502141 -110.439194751028,77.7866521540458 -110.446948737005,77.7888941551831 -110.440698733786,77.7911991544287 -110.422456742881,77.7919611514368 -110.396419765225,77.7900091473368 -110.389687777438,77.7870781458959</coordinates></LinearRing></outerBoundaryIs></Polygon><Polygon><outerBoundaryIs><LinearRing><coordinates>-136.058942864367,69.0177802743651 -136.062823866471,69.0161402747242 -136.071273865823,69.0158872761963 -136.080793861067,69.0177642778459 -136.091125851547,69.0240602803711 -136.088776848938,69.0267062793588 -136.074112853078,69.0247922775198 -136.062789859099,69.0209772752659 -136.058942864367,69.0177802743651</coordinates></LinearRing></outerBoundaryIs></Polygon><Polygon><outerBoundaryIs><LinearRing><coordinates>-115.286730748277,75.6398558684945 -115.297033749323,75.6379868699432 -115.314998733276,75.6411898736626 -115.328135712402,75.646126875849 -115.330584695851,75.6520158763534 -115.309046711949,75.6491328725608 -115.286730748277,75.6398558684945</coordinates></LinearRing></outerBoundaryIs></Polygon><Polygon><outerBoundaryIs><LinearRing><coordinates>-124.386034819825,69.9134002578231 -124.397453838312,69.898196259599 -124.40190283848,69.897379259583 -124.412889825771,69.9039092618206 -124.396547818113,69.9128592592929 -124.386034819825,69.9134002578231</coordinates></LinearRing></outerBoundaryIs></Polygon><Polygon><outerBoundaryIs><LinearRing><coordinates>-110.627817527933,77.8174511845889 -110.641070547894,77.8103321863599 -110.654033537712,77.8104931886023 -110.662864523986,77.8122701892867 -110.66990650248,77.8172451908453 -110.655205498297,77.8209601887556 -110.634649511688,77.8206101857245 -110.627817527933,77.8174511845889</coordinates></LinearRing></outerBoundaryIs></Polygon><Polygon><outerBoundaryIs><LinearRing><coordinates>-112.567828051335,70.2403483549044 -112.618848016739,70.252913362718 -112.617414011595,70.2553863620365 -112.61050201517,70.2558283607265 -112.60067502222,70.25250235979 -112.580525033782,70.2497323571008 -112.567828051335,70.2403483549044</coordinates></LinearRing></outerBoundaryIs></Polygon><Polygon><outerBoundaryIs><LinearRing><coordinates>-122.662406370637,76.0924021416918 -122.670575383477,76.0877541422542 -122.708093358548,76.0903411493381 -122.728083341165,76.093904152627 -122.725175338382,76.0959341525753 -122.710180338655,76.0965361497143 -122.693110355738,76.0939801468349 -122.662406370637,76.0924021416918</coordinates></LinearRing></outerBoundaryIs></Polygon><Polygon><outerBoundaryIs><LinearRing><coordinates>-113.475474179573,78.2639846554849 -113.48049519517,78.2591166562237 -113.497871191785,78.2574996592748 -113.508557176964,78.2591626612901 -113.498050164249,78.2643356595053 -113.506037144125,78.2678676604694 -113.496464133617,78.2725756589976 -113.481306148509,78.2709666563127 -113.475474179573,78.2639846554849</coordinates></LinearRing></outerBoundaryIs></Polygon><Polygon><outerBoundaryIs><LinearRing><coordinates>-135.730746082283,68.890782209946 -135.735782084202,68.8894462106007 -135.760084079001,68.8909952150851 -135.774506072721,68.8947722180523 -135.774110067855,68.897289217902 -135.759871070851,68.8976712154388 -135.740602076668,68.8947792121687 -135.730746082283,68.890782209946</coordinates></LinearRing></outerBoundaryIs></Polygon><Polygon><outerBoundaryIs><LinearRing><coordinates>-113.363195294711,78.2507636366998 -113.383541294427,78.2479626396948 -113.403417262008,78.2536086430488 -113.394120229949,78.2624136419102 -113.380173245713,78.2610086396607 -113.363195294711,78.2507636366998</coordinates></LinearRing></outerBoundaryIs></Polygon><Polygon><outerBoundaryIs><LinearRing><coordinates>-115.299861608567,70.5765677786954 -115.301233614321,70.5727237787766 -115.316728622656,70.5627667809997 -115.325891620556,70.5613567828372 -115.332437615591,70.5630807838212 -115.321293607677,70.5717547822756 -115.312366605628,70.5756837811618 -115.299861608567,70.5765677786954</coordinates></LinearRing></outerBoundaryIs></Polygon><Polygon><outerBoundaryIs><LinearRing><coordinates>-110.087868503206,72.6144249944468 -110.095421500594,72.6130299959911 -110.116810490389,72.6143029993328 -110.130725476951,72.618568001509 -110.147632463638,72.6214520033944 -110.148514459761,72.623947003806 -110.142463460919,72.6248850026253 -110.120899478993,72.6201999997524 -110.094113495354,72.6175839959409 -110.087868503206,72.6144249944468</coordinates></LinearRing></outerBoundaryIs></Polygon><Polygon><outerBoundaryIs><LinearRing><coordinates>-118.944286112034,74.0450594337185 -118.947842116234,74.0425874345115 -118.962147109368,74.0426344362884 -118.987321082808,74.0509424411517 -118.985280079393,74.0531164408905 -118.973415079833,74.0543454389398 -118.962386086873,74.0527744366866 -118.944286112034,74.0450594337185</coordinates></LinearRing></outerBoundaryIs></Polygon><Polygon><outerBoundaryIs><LinearRing><coordinates>-124.649011725851,74.2314704250645 -124.651333729498,74.2294174255834 -124.67476872656,74.2267704292822 -124.685029721428,74.228388431052 -124.696699704298,74.2331944331832 -124.694001699571,74.2357414329784 -124.684718701924,74.2368954315231 -124.649011725851,74.2314704250645</coordinates></LinearRing></outerBoundaryIs></Polygon><Polygon><outerBoundaryIs><LinearRing><coordinates>-131.052157254329,69.9805974170446 -131.065842279008,69.9622454192541 -131.073117294404,69.9509914193993 -131.078687284137,69.9571184206592 -131.075132273105,69.9650224207907 -131.055503251042,69.981010417686 -131.053451252938,69.9813804176139 -131.052157254329,69.9805974170446</coordinates></LinearRing></outerBoundaryIs></Polygon><Polygon><outerBoundaryIs><LinearRing><coordinates>-119.701006640334,74.1304495640775 -119.750004651126,74.1174095717767 -119.75504464129,74.119934573025 -119.741500633397,74.1263815704043 -119.724324629263,74.1311585677418 -119.710002629946,74.1325545651834 -119.701006640334,74.1304495640775</coordinates></LinearRing></outerBoundaryIs></Polygon><Polygon><outerBoundaryIs><LinearRing><coordinates>-129.878097265215,70.1216992143922 -129.884415268664,70.1194712148464 -129.892793266509,70.1198912168477 -129.901079258755,70.1240112181225 -129.889264240915,70.1365232164151 -129.880141240869,70.137309214888 -129.884459249949,70.1312662154083 -129.878097265215,70.1216992143922</coordinates></LinearRing></outerBoundaryIs></Polygon><Polygon><outerBoundaryIs><LinearRing><coordinates>-129.769286064965,70.2660691995285 -129.776977067429,70.2637652011097 -129.809859068959,70.2585712068338 -129.824186077029,70.2519332094691 -129.832733074107,70.2525732101942 -129.832823069886,70.255351210742 -129.824158067332,70.2584112095581 -129.799835064433,70.2642552048167 -129.7720970641,70.2675272001547 -129.769286064965,70.2660691995285</coordinates></LinearRing></outerBoundaryIs></Polygon><Polygon><outerBoundaryIs><LinearRing><coordinates>-110.349184345123,72.6402520341077 -110.356485351053,72.6349790349088 -110.362626345781,72.6356280364911 -110.384570340054,72.6330030392394 -110.393061335852,72.6345510406856 -110.391024330138,72.6384270402085 -110.372966329899,72.6423940376458 -110.357743336926,72.642937035482 -110.349184345123,72.6402520341077</coordinates></LinearRing></outerBoundaryIs></Polygon><Polygon><outerBoundaryIs><LinearRing><coordinates>-128.326217855564,69.9433019369479 -128.327285858657,69.9411709363874 -128.333954856472,69.9410579376297 -128.348023850038,69.9440099406091 -128.379837843186,69.9430329460353 -128.386094840896,69.9450109474449 -128.367661835627,69.9503579439303 -128.350737845157,69.9470919408004 -128.338316848262,69.9463609393675 -128.326217855564,69.9433019369479</coordinates></LinearRing></outerBoundaryIs></Polygon><Polygon><outerBoundaryIs><LinearRing><coordinates>-125.160562633366,72.8376174688789 -125.163385636926,72.8355044696519 -125.172100637464,72.8345584707253 -125.195124625726,72.8369234745313 -125.198071629253,72.8340934753225 -125.207520629069,72.833086477079 -125.214072619253,72.8375034786049 -125.206958612949,72.8418594773839 -125.196542612594,72.8427144752097 -125.160562633366,72.8376174688789</coordinates></LinearRing></outerBoundaryIs></Polygon><Polygon><outerBoundaryIs><LinearRing><coordinates>-125.716810977138,72.0610595427721 -125.722678005162,72.0458845431718 -125.729668004607,72.0443215444285 -125.73625499758,72.0472825452711 -125.735264974646,72.0610905458269 -125.724820971358,72.063897543653 -125.716810977138,72.0610595427721</coordinates></LinearRing></outerBoundaryIs></Polygon><Polygon><outerBoundaryIs><LinearRing><coordinates>-135.426469403983,69.4014311758191 -135.429822406632,69.3997681768879 -135.438231403019,69.3999981782445 -135.444824399317,69.4028961795223 -135.462937396188,69.4034311830468 -135.464645390116,69.4069861835725 -135.448595386687,69.4107241805221 -135.439223387774,69.4111291788733 -135.426469403983,69.4014311758191</coordinates></LinearRing></outerBoundaryIs></Polygon><Polygon><outerBoundaryIs><LinearRing><coordinates>-138.580383230478,69.2584647389989 -138.58944723552,69.2539867400852 -138.593015234204,69.2550317413072 -138.59608421993,69.2645457422849 -138.606232200391,69.2763867447143 -138.598340201048,69.2767837429691 -138.585420215311,69.2678267407521 -138.580383230478,69.2584647389989</coordinates></LinearRing></outerBoundaryIs></Polygon><Polygon><outerBoundaryIs><LinearRing><coordinates>-124.609618795909,74.2062854167158 -124.61140880891,74.201914417277 -124.644029824876,74.1901264229933 -124.650706814997,74.1934074240087 -124.648769801607,74.1984964234909 -124.616403789871,74.2079104184251 -124.609618795909,74.2062854167158</coordinates></LinearRing></outerBoundaryIs></Polygon><Polygon><outerBoundaryIs><LinearRing><coordinates>-135.280716407079,68.697574122554 -135.284591407687,68.6959501231759 -135.295838404756,68.6963611248784 -135.314499397701,68.7002061283258 -135.324935389662,68.7054251305625 -135.322968386099,68.7085441299757 -135.293337397251,68.7036101245318 -135.280716407079,68.697574122554</coordinates></LinearRing></outerBoundaryIs></Polygon><Polygon><outerBoundaryIs><LinearRing><coordinates>-118.03634005141,72.769669252232 -118.038540058164,72.7663502525944 -118.045796057714,72.7653362540651 -118.070135064277,72.7566702573685 -118.084754063225,72.7548602594819 -118.090749057873,72.7559742610527 -118.093571049508,72.7599952613429 -118.088295048153,72.7618352604303 -118.061407055342,72.7639542556903 -118.051991047758,72.7698902549489 -118.03634005141,72.769669252232</coordinates></LinearRing></outerBoundaryIs></Polygon><Polygon><outerBoundaryIs><LinearRing><coordinates>-115.492627582314,70.5479518083443 -115.496349583308,70.5461958089788 -115.527826577698,70.5422378145389 -115.549776569194,70.5419618181054 -115.553645567863,70.5434048180278 -115.548681560141,70.5485548174284 -115.527741571365,70.546791814819 -115.518296568564,70.5500348127691 -115.507602576304,70.5484628109856 -115.498463577604,70.5498888096146 -115.492627582314,70.5479518083443</coordinates></LinearRing></outerBoundaryIs></Polygon><Polygon><outerBoundaryIs><LinearRing><coordinates>-130.275467226763,70.09629328398 -130.292066229382,70.0917772860507 -130.296981226174,70.0933172871963 -130.297807218863,70.0985982879533 -130.305174217323,70.0983692893542 -130.30662721373,70.1010552890377 -130.296419211579,70.1035492879166 -130.293228205237,70.1076842871596 -130.28741320653,70.1082862864096 -130.279068212913,70.1041742847188 -130.275467226763,70.09629328398</coordinates></LinearRing></outerBoundaryIs></Polygon><Polygon><outerBoundaryIs><LinearRing><coordinates>-111.227839337567,72.4196391654462 -111.245769356223,72.404670167747 -111.256973353052,72.4038771698179 -111.263420344181,72.4076771704211 -111.253779333291,72.4157411693076 -111.239358331998,72.421570166952 -111.230295335324,72.4214321652999 -111.227839337567,72.4196391654462</coordinates></LinearRing></outerBoundaryIs></Polygon><Polygon><outerBoundaryIs><LinearRing><coordinates>-118.695638785781,76.4812554654876 -118.700705795223,76.4771504670643 -118.721624799134,76.4731224701261 -118.752689782562,76.4738004752845 -118.747975774948,76.476967474797 -118.720416766808,76.4842384705474 -118.702779771919,76.484445466982 -118.695638785781,76.4812554654876</coordinates></LinearRing></outerBoundaryIs></Polygon><Polygon><outerBoundaryIs><LinearRing><coordinates>-115.722700514095,70.5391928450201 -115.726581518238,70.5363008455412 -115.753659506441,70.5381468499517 -115.772436501901,70.53619485257 -115.783932497341,70.5370778550224 -115.781497492845,70.5395508540945 -115.768275495943,70.5409168521093 -115.767031492663,70.5445418520686 -115.753626498842,70.542709850383 -115.728909507384,70.5431828462426 -115.722700514095,70.5391928450201</coordinates></LinearRing></outerBoundaryIs></Polygon><Polygon><outerBoundaryIs><LinearRing><coordinates>-131.475050257256,69.9260444906333 -131.513382299024,69.894793495776 -131.518676299441,69.8935494963608 -131.520644295228,69.8958544973074 -131.487655257183,69.9244564926416 -131.477934255167,69.9274704906137 -131.475050257256,69.9260444906333</coordinates></LinearRing></outerBoundaryIs></Polygon><Polygon><outerBoundaryIs><LinearRing><coordinates>-129.652740082334,70.2711051797763 -129.690381080302,70.2684281859131 -129.711794073939,70.2687861899542 -129.724275075171,70.2664291919329 -129.751386072901,70.26459019603 -129.750245067585,70.2676651960285 -129.703233070765,70.2720671883947 -129.681960072149,70.2733191842704 -129.661207079414,70.2729211808014 -129.655466080406,70.2716901796526 -129.652740082334,70.2711051797763</coordinates></LinearRing></outerBoundaryIs></Polygon><Polygon><outerBoundaryIs><LinearRing><coordinates>-128.977312071996,69.7017850433647 -128.987354067428,69.703295044913 -129.00328105623,69.7088650483038 -129.02003703726,69.7203770511516 -129.035994028141,69.7245520546791 -129.034899023744,69.7264660543915 -129.026565024733,69.7271680530735 -129.006424040224,69.7197670490107 -128.977312071996,69.7017850433647</coordinates></LinearRing></outerBoundaryIs></Polygon><Polygon><outerBoundaryIs><LinearRing><coordinates>-125.127264085053,72.6150224557976 -125.134774108775,72.6026094568995 -125.12740011807,72.5980234555709 -125.132466119954,72.5966674560593 -125.141944114474,72.5975364580818 -125.156760096682,72.6050434605272 -125.153668086919,72.6102544605767 -125.136425080081,72.6163884575703 -125.127264085053,72.6150224557976</coordinates></LinearRing></outerBoundaryIs></Polygon><Polygon><outerBoundaryIs><LinearRing><coordinates>-124.33371188799,69.8749482482085 -124.335465895044,69.868716248189 -124.356186896691,69.8639842516755 -124.346809903729,69.8610632503576 -124.348818907186,69.8584922500135 -124.365493907411,69.8561652531656 -124.371057904902,69.857142254031 -124.368873901313,69.8590332541297 -124.372978895313,69.8621082546246 -124.346672885348,69.8736442504754 -124.33371188799,69.8749482482085</coordinates></LinearRing></outerBoundaryIs></Polygon><Polygon><outerBoundaryIs><LinearRing><coordinates>-112.406998769694,70.4943153313254 -112.43428476475,70.4904773355578 -112.457926770013,70.4807893385698 -112.468099762522,70.4821773403438 -112.46240675573,70.4893113393874 -112.450899759675,70.490539337976 -112.428583755853,70.4976043345542 -112.411241766049,70.4960703320674 -112.406998769694,70.4943153313254</coordinates></LinearRing></outerBoundaryIs></Polygon><Polygon><outerBoundaryIs><LinearRing><coordinates>-116.219581010007,71.4286199340395 -116.222107014527,71.4259199343111 -116.23452301192,71.4240489363798 -116.275246998143,71.4241799424834 -116.277908993457,71.4255839431437 -116.271111993049,71.4282149418682 -116.252767992337,71.4315959393511 -116.222772002903,71.4313959343814 -116.219581010007,71.4286199340395</coordinates></LinearRing></outerBoundaryIs></Polygon><Polygon><outerBoundaryIs><LinearRing><coordinates>-114.006414636501,72.7416696001881 -114.006692640981,72.7398376006243 -114.017112645529,72.7357096023075 -114.047702639274,72.7322316071074 -114.074416639404,72.72588361106 -114.090964633717,72.7245706136726 -114.099044628958,72.7259746145732 -114.047166630751,72.7359006072578 -114.012657635734,72.7419746017857 -114.006414636501,72.7416696001881</coordinates></LinearRing></outerBoundaryIs></Polygon><Polygon><outerBoundaryIs><LinearRing><coordinates>-125.002778464541,74.2949614897447 -125.014364465287,74.2917434914979 -125.033988465081,74.2895834948554 -125.084037442166,74.292482503936 -125.079772438267,74.2951615032916 -125.055269445447,74.2950924992932 -125.038521440188,74.3001044958004 -125.02920545208,74.2960754947543 -125.015181455016,74.2968764918185 -125.002778464541,74.2949614897447</coordinates></LinearRing></outerBoundaryIs></Polygon><Polygon><outerBoundaryIs><LinearRing><coordinates>-125.363358073175,69.5637534160718 -125.363474075748,69.5619154160782 -125.380077073035,69.5603954190071 -125.393693080581,69.553264421142 -125.410425077861,69.5522024243501 -125.418365072022,69.5546584255859 -125.403017066017,69.5625484233596 -125.394335065141,69.5642344217752 -125.363358073175,69.5637534160718</coordinates></LinearRing></outerBoundaryIs></Polygon><Polygon><outerBoundaryIs><LinearRing><coordinates>-115.423595534156,70.5986247988635 -115.426195538435,70.5954827990101 -115.45721853975,70.586730803553 -115.463777533574,70.5884568051028 -115.483921529073,70.5870138073954 -115.483341523644,70.5904248082905 -115.468166524099,70.5949258052285 -115.423595534156,70.5986247988635</coordinates></LinearRing></outerBoundaryIs></Polygon><Polygon><outerBoundaryIs><LinearRing><coordinates>-116.314943188692,70.6253669394068 -116.317953190106,70.6233609402011 -116.340380195439,70.6145709436636 -116.346659193589,70.6137469449498 -116.357697182896,70.6186919463174 -116.357348178568,70.6214229464662 -116.336559177683,70.6281899433136 -116.317446185486,70.6272289402265 -116.314943188692,70.6253669394068</coordinates></LinearRing></outerBoundaryIs></Polygon><Polygon><outerBoundaryIs><LinearRing><coordinates>-124.602669522205,70.0799362983309 -124.611689527046,70.0759982993935 -124.612289529923,70.0732362994591 -124.631594522928,70.0751513024414 -124.647011522601,70.0726113056011 -124.650413516834,70.0752513064844 -124.648126513437,70.0792103060719 -124.635963507915,70.0839333041619 -124.605760520622,70.0814462982704 -124.602669522205,70.0799362983309</coordinates></LinearRing></outerBoundaryIs></Polygon><Polygon><outerBoundaryIs><LinearRing><coordinates>-113.036588842425,70.2678074260564 -113.052455841967,70.2644344288595 -113.042751850912,70.260453427335 -113.04620685132,70.2578194276137 -113.056055850575,70.2565464290671 -113.072122839643,70.259590431188 -113.080645830554,70.2653574330323 -113.059088832528,70.2696844292792 -113.038625838476,70.2701564266807 -113.036588842425,70.2678074260564</coordinates></LinearRing></outerBoundaryIs></Polygon><Polygon><outerBoundaryIs><LinearRing><coordinates>-135.603543455099,69.3494532062756 -135.607619455816,69.3475982067085 -135.622251449729,69.3500022093434 -135.631804441298,69.3551302110229 -135.625138426728,69.3660692103107 -135.617811428979,69.3663752090666 -135.610581433224,69.3634462081765 -135.603543455099,69.3494532062756</coordinates></LinearRing></outerBoundaryIs></Polygon><Polygon><outerBoundaryIs><LinearRing><coordinates>-137.210082749159,68.9997144798626 -137.21244875255,68.9966004806512 -137.223327754032,68.9947944820765 -137.228226759199,68.9899574827679 -137.241394757781,68.9907884856013 -137.260467759216,68.9875074881358 -137.264801753441,68.9916124897384 -137.26141574939,68.9939844891922 -137.223954745355,69.0003404825611 -137.210082749159,68.9997144798626</coordinates></LinearRing></outerBoundaryIs></Polygon><Polygon><outerBoundaryIs><LinearRing><coordinates>-135.62554647802,69.3317222094175 -135.632889484449,69.3268102102717 -135.629762492107,69.3204152097253 -135.63780349187,69.3199202112122 -135.655560477182,69.328724213999 -135.660554469046,69.3338362157166 -135.657287465967,69.3368862154583 -135.650512466096,69.3374452142517 -135.637283472376,69.3332782116029 -135.627288471772,69.3352772100077 -135.62554647802,69.3317222094175</coordinates></LinearRing></outerBoundaryIs></Polygon><Polygon><outerBoundaryIs><LinearRing><coordinates>-117.078907107367,77.5037772268724 -117.082587114792,77.5011452279383 -117.119549072455,77.5076602348026 -117.148096054377,77.5091332395709 -117.15736703922,77.5120702412152 -117.153063028274,77.5154192405175 -117.138856033375,77.5165182381075 -117.106474058374,77.5140082326707 -117.095538071009,77.5117962299201 -117.097276077888,77.5094542304054 -117.078907107367,77.5037772268724</coordinates></LinearRing></outerBoundaryIs></Polygon><Polygon><outerBoundaryIs><LinearRing><coordinates>-135.327238343228,69.4520601608048 -135.34762636185,69.4372591632171 -135.362351355745,69.4410671661661 -135.344129335332,69.4569131637452 -135.338148336219,69.4570501626688 -135.329878340173,69.4549741610693 -135.327238343228,69.4520601608048</coordinates></LinearRing></outerBoundaryIs></Polygon><Polygon><outerBoundaryIs><LinearRing><coordinates>-111.675500254076,72.357986232569 -111.681133255211,72.3551862334959 -111.691056257853,72.3523032348957 -111.724748258617,72.3424932401581 -111.730956260012,72.3406822415996 -111.741734251612,72.3425972430581 -111.73405624952,72.3467862417997 -111.715883249541,72.351113239052 -111.694500241777,72.3595732355341 -111.677338249212,72.3604672335346 -111.675500254076,72.357986232569</coordinates></LinearRing></outerBoundaryIs></Polygon><Polygon><outerBoundaryIs><LinearRing><coordinates>-116.138674413839,70.5096669107233 -116.141094417215,70.5069659108698 -116.15122541298,70.5078059124803 -116.160243418469,70.5017929136729 -116.169254415786,70.5007929155646 -116.190065406125,70.5033879188591 -116.191187402075,70.5052339192492 -116.176133405993,70.5054559162089 -116.169102407896,70.506942915061 -116.170154403658,70.5092399156364 -116.185772398051,70.509933918378 -116.188929395099,70.511811918644 -116.170246398186,70.5135729156261 -116.161014403982,70.5111479138824 -116.153879403161,70.5133209135225 -116.142229407231,70.5135959112168 -116.138674413839,70.5096669107233</coordinates></LinearRing></outerBoundaryIs></Polygon><Polygon><outerBoundaryIs><LinearRing><coordinates>-110.402195105795,76.4039311090259 -110.415539108171,76.4011381110659 -110.438650099133,76.3994371147333 -110.481355074006,76.3999171208738 -110.516877063519,76.3972771264347 -110.522096054935,76.3992091273151 -110.505737056392,76.4020541249279 -110.482413068918,76.4021981214265 -110.441180080235,76.4062581152471 -110.413042092392,76.4061581102213 -110.402195105795,76.4039311090259</coordinates></LinearRing></outerBoundaryIs></Polygon><Polygon><outerBoundaryIs><LinearRing><coordinates>-110.00223572708,75.8825070347129 -110.028281705946,75.885070038116 -110.047434672602,75.8934400419185 -110.035461672564,75.8968960400438 -110.011195681236,75.8978800357251 -110.002237682021,75.8990060347725 -110.00223572708,75.8825070347129</coordinates></LinearRing></outerBoundaryIs></Polygon><Polygon><outerBoundaryIs><LinearRing><coordinates>-113.99277947821,76.3195796768797 -113.993847485329,76.3170476765218 -114.036389454831,76.3199016835095 -114.050696441507,76.3221356863634 -114.054186426222,76.3266366867222 -114.046623418975,76.3299796857778 -114.028443428039,76.3305586831909 -114.014202441964,76.3285446806327 -113.99277947821,76.3195796768797</coordinates></LinearRing></outerBoundaryIs></Polygon><Polygon><outerBoundaryIs><LinearRing><coordinates>-113.979645930989,75.4186636500426 -113.983828952212,75.4089886506339 -113.992839964271,75.403092651845 -114.006291959264,75.4025886545958 -114.014751929122,75.4120176558981 -114.005020912666,75.4213556541563 -113.98621691929,75.4221876514468 -113.979645930989,75.4186636500426</coordinates></LinearRing></outerBoundaryIs></Polygon><Polygon><outerBoundaryIs><LinearRing><coordinates>-112.724551000382,70.2348553785496 -112.734739996785,70.234749380088 -112.77967696588,70.2452243869781 -112.78355996037,70.2481003872567 -112.763295972856,70.2458953846369 -112.756931967185,70.250709383837 -112.745394971945,70.2511363818494 -112.740107976699,70.2484443808043 -112.739055985076,70.2429123809119 -112.724683997177,70.2366853783188 -112.724551000382,70.2348553785496</coordinates></LinearRing></outerBoundaryIs></Polygon><Polygon><outerBoundaryIs><LinearRing><coordinates>-113.433028288095,78.242011647688 -113.445852289169,78.2402266501701 -113.474036271294,78.2407306546144 -113.4780942592,78.2427296550326 -113.472283240104,78.2485116543761 -113.488383216172,78.2528466573009 -113.454098215761,78.2574466523098 -113.434042265707,78.2481536484039 -113.433028288095,78.242011647688</coordinates></LinearRing></outerBoundaryIs></Polygon><Polygon><outerBoundaryIs><LinearRing><coordinates>-112.075399660082,78.601798440834 -112.092928661942,78.5979854434409 -112.159362630765,78.5962224540958 -112.171486613655,78.5986034560814 -112.165319603502,78.6016234550967 -112.152602611323,78.6015164530135 -112.127374607038,78.6067724495471 -112.094219631058,78.6051814437677 -112.087680636467,78.6048664431386 -112.075399660082,78.601798440834</coordinates></LinearRing></outerBoundaryIs></Polygon><Polygon><outerBoundaryIs><LinearRing><coordinates>-133.955537653101,69.3763389119079 -133.997848672227,69.3576989190054 -134.004101671068,69.3583259202839 -134.005157666736,69.3614089206546 -133.99198665661,69.3705399183524 -133.968504645798,69.3792449144974 -133.960296645602,69.3798789127169 -133.955537653101,69.3763389119079</coordinates></LinearRing></outerBoundaryIs></Polygon><Polygon><outerBoundaryIs><LinearRing><coordinates>-133.91201664682,69.3856159048648 -133.916291648879,69.3824109052981 -133.96620367344,69.3605619135757 -133.973203667986,69.3635519144928 -133.948515657429,69.3733399110813 -133.934297644261,69.3844869079599 -133.923309640551,69.3879579064584 -133.913820641533,69.3885149048641 -133.91201664682,69.3856159048648</coordinates></LinearRing></outerBoundaryIs></Polygon><Polygon><outerBoundaryIs><LinearRing><coordinates>-119.613714664668,74.1328365495417 -119.624078674211,74.1279465509697 -119.681511663144,74.1226065605965 -119.693901669047,74.1178755627483 -119.706981669413,74.1162815646217 -119.715762665246,74.1167765660634 -119.702852648178,74.1254975637596 -119.690472648779,74.1272585617548 -119.666104658578,74.1275185580349 -119.632873658952,74.1323715528374 -119.613714664668,74.1328365495417</coordinates></LinearRing></outerBoundaryIs></Polygon><Polygon><outerBoundaryIs><LinearRing><coordinates>-110.395179050478,76.4249191085345 -110.396934055186,76.4226371088536 -110.415456043357,76.4234621118066 -110.51151693278,76.4441981270576 -110.508826925929,76.4467171262946 -110.484339944419,76.4447941224315 -110.437563006615,76.4322431149723 -110.405154038123,76.4280611101427 -110.395179050478,76.4249191085345</coordinates></LinearRing></outerBoundaryIs></Polygon><Polygon><outerBoundaryIs><LinearRing><coordinates>-117.249060259628,77.4381732536561 -117.250627269002,77.4356012540386 -117.262986270666,77.4333962556843 -117.285722248248,77.4359292596988 -117.298046225574,77.4403992620323 -117.289323215017,77.44502326076 -117.292675204514,77.4469832612293 -117.313509185448,77.4498152648737 -117.313141174034,77.4525852652171 -117.296092183578,77.4524012621331 -117.252552231634,77.445412254329 -117.264637235017,77.4427652561288 -117.249060259628,77.4381732536561</coordinates></LinearRing></outerBoundaryIs></Polygon><Polygon><outerBoundaryIs><LinearRing><coordinates>-116.045884371689,70.5615398960492 -116.053269374164,70.5577788975291 -116.060258373025,70.5567558986303 -116.098392358661,70.5582659046274 -116.104318354,70.559959905818 -116.10191435148,70.5624329053185 -116.090045352493,70.5640639030067 -116.083344349239,70.5678339021911 -116.078077354529,70.5663849019019 -116.058742358151,70.5674438989608 -116.045884371689,70.5615398960492</coordinates></LinearRing></outerBoundaryIs></Polygon><Polygon><outerBoundaryIs><LinearRing><coordinates>-135.296476446827,69.3843191520813 -135.299294449192,69.3816891526016 -135.303238453845,69.3780021535054 -135.313355452584,69.3787961547655 -135.32688844322,69.3837011580169 -135.338562425142,69.3942751604534 -135.333957421929,69.3972511593193 -135.318602432258,69.392018156014 -135.296829439662,69.3894241525056 -135.296476446827,69.3843191520813</coordinates></LinearRing></outerBoundaryIs></Polygon><Polygon><outerBoundaryIs><LinearRing><coordinates>-133.852615708739,69.3477448922983 -133.854568717851,69.3413738924636 -133.872907720586,69.3380308958792 -133.895325723154,69.3335608998937 -133.903868719231,69.3348049016077 -133.905668715786,69.3376969019016 -133.89967470901,69.3417159006233 -133.86895870735,69.3478658952889 -133.852615708739,69.3477448922983</coordinates></LinearRing></outerBoundaryIs></Polygon><Polygon><outerBoundaryIs><LinearRing><coordinates>-116.270996351334,70.5214769318439 -116.286128356631,70.5155479338852 -116.314408349344,70.5134599384299 -116.326625343929,70.5140909408419 -116.349991329065,70.5183029447589 -116.347750329423,70.519866943933 -116.322771340817,70.5174569398804 -116.310916341526,70.5193329378342 -116.30605733532,70.5251849376482 -116.301135336282,70.5262529367178 -116.295314341867,70.5236599359005 -116.278856345055,70.5241019334816 -116.270996351334,70.5214769318439</coordinates></LinearRing></outerBoundaryIs></Polygon><Polygon><outerBoundaryIs><LinearRing><coordinates>-122.91645743948,76.0386301839241 -122.922077445196,76.0364411845806 -122.941652443923,76.0346241884565 -122.978819418746,76.0378881952552 -122.992629405038,76.0410791981345 -122.983137388136,76.0472361959946 -122.966208385318,76.0507751930949 -122.951680409892,76.0438781910067 -122.91645743948,76.0386301839241</coordinates></LinearRing></outerBoundaryIs></Polygon><Polygon><outerBoundaryIs><LinearRing><coordinates>-114.15433278403,72.6267096218777 -114.158449788731,72.6222686227755 -114.175213792818,72.6166006250051 -114.190961787784,72.6155256279708 -114.202478778763,72.6184306295642 -114.199637772853,72.6219256289498 -114.210655762794,72.6257636308095 -114.204271760588,72.6275186297167 -114.162622777206,72.6290126234949 -114.15433278403,72.6267096218777</coordinates></LinearRing></outerBoundaryIs></Polygon><Polygon><outerBoundaryIs><LinearRing><coordinates>-117.002758305252,69.6473910404547 -117.002852308279,69.6448750400011 -117.045252295415,69.6443030468779 -117.056032291191,69.6457810487557 -117.061123284997,69.6480750492924 -117.066254277379,69.6521460502331 -117.050733279265,69.6561930476314 -117.041399281456,69.6559150459467 -117.018387295841,69.6494970423516 -117.002758305252,69.6473910404547</coordinates></LinearRing></outerBoundaryIs></Polygon><Polygon><outerBoundaryIs><LinearRing><coordinates>-130.585996113156,70.1307633400135 -130.597413116948,70.1267803415727 -130.608690115034,70.1274443437471 -130.606215107506,70.1315493431241 -130.612076104682,70.1334873442141 -130.628632100153,70.133807347555 -130.649626102777,70.1299013513942 -130.659131096032,70.1334563529758 -130.685564089821,70.1331353574096 -130.686704087944,70.1351423577425 -130.62048209552,70.1387443462266 -130.587249110518,70.1330063398617 -130.585996113156,70.1307633400135</coordinates></LinearRing></outerBoundaryIs></Polygon><Polygon><outerBoundaryIs><LinearRing><coordinates>-129.050050073208,69.6909750552939 -129.09483406324,69.691416064007 -129.107453056514,69.6941640661313 -129.099868050407,69.6992140648262 -129.095486051389,69.6995180637621 -129.08119305283,69.7005100617634 -129.076629048629,69.7035400609376 -129.066484049143,69.7045850593109 -129.054536063987,69.697641057014 -129.050050073208,69.6909750552939</coordinates></LinearRing></outerBoundaryIs></Polygon><Polygon><outerBoundaryIs><LinearRing><coordinates>-111.353940105376,78.0897143074162 -111.364611106976,78.0875933095843 -111.368048123337,78.0818783098172 -111.375249130819,78.0788573107912 -111.389407127252,78.0778433129214 -111.413432093043,78.0826723170401 -111.446129083716,78.0803753221183 -111.449064068603,78.0844493229969 -111.427709062238,78.0884853193208 -111.400502070739,78.0907443152247 -111.357603095065,78.091742308518 -111.353940105376,78.0897143074162</coordinates></LinearRing></outerBoundaryIs></Polygon><Polygon><outerBoundaryIs><LinearRing><coordinates>-115.371310227336,71.483528799725 -115.373233238174,71.4769597993254 -115.384671238685,71.4733058015704 -115.401521235165,71.471335804239 -115.410143227663,71.4751448054773 -115.423892223257,71.4744878081482 -115.437560213449,71.4781568097641 -115.435052210544,71.4801648098233 -115.441703203528,71.4830168106157 -115.441934198587,71.4857568105012 -115.427507204107,71.4861758088456 -115.409187218747,71.4803708059672 -115.401371221764,71.4799958041757 -115.371310227336,71.483528799725</coordinates></LinearRing></outerBoundaryIs></Polygon><Polygon><outerBoundaryIs><LinearRing><coordinates>-114.475131587442,77.7446678012094 -114.486440594482,77.7414398031359 -114.514927566035,77.7450718075591 -114.585031505792,77.7500998193755 -114.604269461388,77.7597888226864 -114.594926452364,77.7631698213836 -114.583832461396,77.7624668198849 -114.562844496275,77.7562338160408 -114.536894520444,77.7535328114312 -114.510240558463,77.7472698066685 -114.475131587442,77.7446678012094</coordinates></LinearRing></outerBoundaryIs></Polygon><Polygon><outerBoundaryIs><LinearRing><coordinates>-128.14446898253,70.5393859222637 -128.159516992374,70.5328849249422 -128.17222299225,70.5304129269476 -128.20309598925,70.5284069321018 -128.206739980766,70.5319089331403 -128.20403897424,70.5366549331737 -128.188780971553,70.5410949299504 -128.153119977418,70.5417209239363 -128.14446898253,70.5393859222637</coordinates></LinearRing></outerBoundaryIs></Polygon><Polygon><outerBoundaryIs><LinearRing><coordinates>-116.052597430124,70.5192418973927 -116.057858432392,70.515906898292 -116.091228427254,70.5118799032791 -116.108980420946,70.5119319060107 -116.111484418633,70.5135649060044 -116.091363420221,70.5157639033649 -116.088970419988,70.5182269028625 -116.091868413549,70.521920903602 -116.10683940657,70.5223839060033 -116.114732401776,70.5245599071549 -116.109552399473,70.5274439063802 -116.0856714071,70.5270709020751 -116.057536421615,70.5229718982021 -116.052597430124,70.5192418973927</coordinates></LinearRing></outerBoundaryIs></Polygon><Polygon><outerBoundaryIs><LinearRing><coordinates>-115.701509491507,70.5604788416875 -115.722691495261,70.5521928456667 -115.735057491399,70.5519568469005 -115.747134484822,70.5535358492495 -115.761181483317,70.5512778511877 -115.766535481327,70.5520558521892 -115.761693477008,70.5567558513281 -115.7365304746,70.5642938475956 -115.738542466242,70.5688948481622 -115.733830469759,70.5683528470091 -115.72954647587,70.5650798464448 -115.702479487065,70.5630038421057 -115.701509491507,70.5604788416875</coordinates></LinearRing></outerBoundaryIs></Polygon><Polygon><outerBoundaryIs><LinearRing><coordinates>-111.052970059294,72.6292731412365 -111.057864066018,72.6249091414773 -111.096436078522,72.6072621473591 -111.110840074063,72.6066741497284 -111.119524063597,72.6095511504656 -111.107371055894,72.6171721487785 -111.091666058041,72.6200481468864 -111.070750047248,72.6316151432856 -111.060128050897,72.6321721421464 -111.052970059294,72.6292731412365</coordinates></LinearRing></outerBoundaryIs></Polygon><Polygon><outerBoundaryIs><LinearRing><coordinates>-116.197313363727,70.530623919869 -116.202526367474,70.5275119205205 -116.2241323634,70.5244219244943 -116.228182370409,70.5196999251436 -116.235682366877,70.5198149263968 -116.237350370225,70.5175559261508 -116.232167373021,70.5154279259467 -116.237125373675,70.5141369263371 -116.251417367467,70.5145809287517 -116.267787369342,70.5095749314483 -116.273972359876,70.5144579321317 -116.254747359679,70.5203259289091 -116.25219335472,70.5241629286323 -116.243854356745,70.5251779269329 -116.234104350867,70.5316389257261 -116.233845346744,70.5337349256908 -116.225980354266,70.5310599249319 -116.210093358241,70.5321889217661 -116.197313363727,70.530623919869</coordinates></LinearRing></outerBoundaryIs></Polygon><Polygon><outerBoundaryIs><LinearRing><coordinates>-135.266158103538,69.6216011566192 -135.280380105533,69.6179991589119 -135.294219099709,69.6210741612696 -135.306347097787,69.6205861634887 -135.341692090314,69.622989170186 -135.374480079704,69.6266291759588 -135.372818073348,69.6318481754771 -135.268677100417,69.6233551571829 -135.266158103538,69.6216011566192</coordinates></LinearRing></outerBoundaryIs></Polygon><Polygon><outerBoundaryIs><LinearRing><coordinates>-135.144776337395,69.4732771284502 -135.160597341725,69.4688611317188 -135.178709357434,69.4564781346007 -135.193235361084,69.4519841364428 -135.198272360224,69.4524951370477 -135.198455354252,69.4564321379033 -135.193390337025,69.469082137004 -135.183778332723,69.4743151357263 -135.146729336577,69.4747741292929 -135.144776337395,69.4732771284502</coordinates></LinearRing></outerBoundaryIs></Polygon><Polygon><outerBoundaryIs><LinearRing><coordinates>-133.551803480859,69.5381048457603 -133.555038484536,69.5357618462615 -133.58391147502,69.5388148522356 -133.592026475745,69.5372498534078 -133.600859478796,69.5343518542078 -133.590225491474,69.5269278527244 -133.580002498843,69.5237088505962 -133.598998494745,69.5228608537567 -133.612612482295,69.5309408561084 -133.61503447232,69.5375928574204 -133.606538466964,69.5423768558917 -133.589782463701,69.5452228532685 -133.568509470901,69.5440708493292 -133.554458475513,69.5405998464983 -133.551803480859,69.5381048457603</coordinates></LinearRing></outerBoundaryIs></Polygon><Polygon><outerBoundaryIs><LinearRing><coordinates>-112.548821676462,70.523162352906 -112.575369671436,70.5195083569832 -112.606531659022,70.5208293617018 -112.63315863791,70.5279313654655 -112.62538663925,70.5308683644651 -112.599683645982,70.531807360864 -112.585561652408,70.530852358872 -112.548821676462,70.523162352906</coordinates></LinearRing></outerBoundaryIs></Polygon><Polygon><outerBoundaryIs><LinearRing><coordinates>-115.954766159744,71.3931748915719 -115.95711615987,71.3918458917118 -115.990999153613,71.3896498970183 -116.011681153332,71.3849579001842 -116.032358145089,71.3850489032169 -116.040597138296,71.3872299050906 -116.054161118222,71.3967749073646 -116.053757114311,71.3994979074973 -116.04677111836,71.3984829056651 -116.032155135789,71.3911979035537 -116.018012141977,71.3902979015493 -116.012049140677,71.3920209006229 -116.031304127337,71.3968819038283 -116.023737124301,71.3997199020662 -115.9980351416,71.3949978984644 -115.985443141543,71.3979878959849 -115.977281150043,71.395355895089 -115.954766159744,71.3931748915719</coordinates></LinearRing></outerBoundaryIs></Polygon><Polygon><outerBoundaryIs><LinearRing><coordinates>-134.047164762699,69.2899279246725 -134.05346576684,69.2852289259275 -134.068039773824,69.2796599283597 -134.075638771831,69.2801399295353 -134.074674761786,69.2872579295008 -134.069715733949,69.3075669295387 -134.062360722516,69.315676928629 -134.055953727179,69.3141129278332 -134.047164762699,69.2899279246725</coordinates></LinearRing></outerBoundaryIs></Polygon><Polygon><outerBoundaryIs><LinearRing><coordinates>-135.886824867973,69.0313222436508 -135.889538871486,69.0293922440601 -135.914169861718,69.0336942485722 -135.928587850683,69.0392952512604 -135.958268840564,69.0438582573175 -135.96165383621,69.0481832579912 -135.959195831275,69.05105225704 -135.944409833504,69.0509682548493 -135.906995846859,69.0448422475396 -135.886824867973,69.0313222436508</coordinates></LinearRing></outerBoundaryIs></Polygon><Polygon><outerBoundaryIs><LinearRing><coordinates>-135.283814374628,69.4346421519357 -135.290543378784,69.4313241526778 -135.312697377927,69.4302411566004 -135.327847382546,69.4259071594485 -135.347718380314,69.4252591629396 -135.349962373106,69.4290731639283 -135.345594367966,69.4329871630292 -135.332795365703,69.4366641612243 -135.325393356651,69.4429511601014 -135.305331360846,69.4423031566538 -135.289779366761,69.4389011532679 -135.283814374628,69.4346421519357</coordinates></LinearRing></outerBoundaryIs></Polygon><Polygon><outerBoundaryIs><LinearRing><coordinates>-124.535488102695,74.0872904000009 -124.537752106098,74.0842994000039 -124.550083112777,74.0810494023165 -124.552378125722,74.0745264021895 -124.572964117532,74.0753804058618 -124.59410309383,74.0830254098272 -124.584008078053,74.0903574087166 -124.585158063462,74.0968724088888 -124.580270058453,74.0998174081843 -124.564034059368,74.1017024048409 -124.552894062576,74.1008624032348 -124.56734207401,74.0953394057764 -124.559442085934,74.0907304041435 -124.535488102695,74.0872904000009</coordinates></LinearRing></outerBoundaryIs></Polygon><Polygon><outerBoundaryIs><LinearRing><coordinates>-111.740440813987,75.0846562868143 -111.744257829114,75.078170286636 -111.748079843028,75.0716932876358 -111.763110833648,75.0719372901549 -111.773391825655,75.073524291735 -111.796826811528,75.0740962953197 -111.807269800282,75.0765462965485 -111.798176793438,75.0813752953457 -111.783121782424,75.0901482932422 -111.765056786262,75.0916522907383 -111.751275800751,75.0892492880126 -111.740440813987,75.0846562868143</coordinates></LinearRing></outerBoundaryIs></Polygon><Polygon><outerBoundaryIs><LinearRing><coordinates>-124.80625764299,69.961878330475 -124.80841464663,69.9599783308787 -124.815280642796,69.9606733315195 -124.822908643692,69.9592763326692 -124.818052648038,69.9562313318947 -124.831070651869,69.9526083338648 -124.858413648971,69.9501203389451 -124.860709645763,69.9511893391832 -124.849780638981,69.9574903372664 -124.862098632294,69.960985339773 -124.867998623231,69.9653653407445 -124.864030617288,69.9703003402685 -124.851829618196,69.972071337655 -124.845772623613,69.9695213367479 -124.832405625657,69.969500335208 -124.828690632056,69.9657313342967 -124.80625764299,69.961878330475</coordinates></LinearRing></outerBoundaryIs></Polygon><Polygon><outerBoundaryIs><LinearRing><coordinates>-115.927961587577,75.5908589729685 -115.932387591711,75.58843997335 -115.993998581919,75.5821079838676 -116.02197557331,75.5808489879514 -116.033627562577,75.5821309903442 -116.03669655593,75.5847859910569 -116.019900547471,75.5903169882204 -115.992127551526,75.5940869834611 -115.966853556781,75.5952609793096 -115.944177571647,75.5940789759152 -115.927961587577,75.5908589729685</coordinates></LinearRing></outerBoundaryIs></Polygon><Polygon><outerBoundaryIs><LinearRing><coordinates>-115.606295530953,70.5562438269093 -115.610956533882,70.5529018278333 -115.643656520827,70.5539628323245 -115.651110524482,70.5502168340118 -115.66509552212,70.5484248363278 -115.671107522578,70.5451138370712 -115.665582532533,70.5411298361539 -115.651971536366,70.5406578339118 -115.647677541882,70.5376138330285 -115.65368754596,70.5343018342991 -115.66636954434,70.5320288358231 -115.675203539113,70.5324108373578 -115.686357530898,70.5353558391047 -115.688067521808,70.5417648393771 -115.68385751678,70.5467078389231 -115.63153951592,70.5610358311392 -115.617094517929,70.5614558285788 -115.610208526982,70.5581338272519 -115.606295530953,70.5562438269093</coordinates></LinearRing></outerBoundaryIs></Polygon><Polygon><outerBoundaryIs><LinearRing><coordinates>-111.760352244897,70.3213422329417 -111.766864244524,70.3202202337901 -111.796102230823,70.3222962384271 -111.805905221632,70.3254402399634 -111.821117215486,70.32672924176 -111.820621210635,70.3301472422672 -111.836295198127,70.3360362444474 -111.846966190783,70.3366852459384 -111.867248185434,70.3351902489159 -111.877528180097,70.3369682502032 -111.877499178217,70.3390282500955 -111.859404181928,70.3401562479086 -111.846729183131,70.3433302455777 -111.820271192471,70.3429722416691 -111.814250198023,70.3406752408937 -111.807509211448,70.3326102398555 -111.792447220065,70.3308702381896 -111.779631231835,70.3246302356361 -111.760352244897,70.3213422329417</coordinates></LinearRing></outerBoundaryIs></Polygon><Polygon><outerBoundaryIs><LinearRing><coordinates>-125.121945223082,72.5449304532658 -125.123991226436,72.5428724529744 -125.152608230823,72.5372034584028 -125.164147218603,72.5412004607143 -125.184279208247,72.5442524635038 -125.191242197145,72.5483944654131 -125.183790176213,72.5608084638897 -125.174908168734,72.5648514627513 -125.15473517293,72.5660414598659 -125.151653178712,72.564409458569 -125.161500179003,72.563127460637 -125.167534182702,72.560267461344 -125.157346199505,72.5526214590343 -125.148388207073,72.5488764575566 -125.121945223082,72.5449304532658</coordinates></LinearRing></outerBoundaryIs></Polygon><Polygon><outerBoundaryIs><LinearRing><coordinates>-131.715594308526,69.8635975303737 -131.76681432298,69.847811539717 -131.774046327595,69.8443715409137 -131.839033361162,69.813480551165 -131.861360367509,69.8069645547089 -131.88619738115,69.7946725586053 -131.892180378471,69.7956345595561 -131.873719366531,69.8051325568799 -131.768843318595,69.8511535401753 -131.732832305347,69.8630555337147 -131.717453304938,69.8655585314243 -131.715594308526,69.8635975303737</coordinates></LinearRing></outerBoundaryIs></Polygon><Polygon><outerBoundaryIs><LinearRing><coordinates>-119.121873808627,71.5602734075326 -119.134072809283,71.5566254099253 -119.136893819499,71.5502554100078 -119.152678820978,71.546831412541 -119.17070580298,71.5538724160266 -119.176513791057,71.559776416898 -119.172277780053,71.5675134159675 -119.159395771375,71.5748074146771 -119.139291768811,71.5805054116702 -119.134245772647,71.5800484103467 -119.145669786593,71.5682154123285 -119.139158796381,71.5641264106867 -119.121873808627,71.5602734075326</coordinates></LinearRing></outerBoundaryIs></Polygon><Polygon><outerBoundaryIs><LinearRing><coordinates>-116.698823190679,70.5332650002845 -116.707096188246,70.5326850009133 -116.725077177913,70.5370120040598 -116.737955170651,70.5380790061173 -116.753879167261,70.5362240089858 -116.754812171989,70.5339590084433 -116.739108177381,70.5337680060872 -116.725648183266,70.531777003869 -116.719860190753,70.5285110033258 -116.737244188539,70.525765006242 -116.752261183815,70.5259550083056 -116.760204176238,70.5283290097828 -116.772560173659,70.5277950112038 -116.781147167665,70.5306330129889 -116.798112160531,70.5317460156839 -116.797115155561,70.5347000154195 -116.784411155385,70.5384220139072 -116.771488160185,70.5378050119639 -116.769309158921,70.5389180113148 -116.774510152418,70.5414890119427 -116.755801155387,70.5437710088184 -116.742313163221,70.5420090073325 -116.725796167815,70.5429470047426 -116.698823190679,70.5332650002845</coordinates></LinearRing></outerBoundaryIs></Polygon><Polygon><outerBoundaryIs><LinearRing><coordinates>-119.464702502891,74.2280505264902 -119.471514507512,74.2254115278784 -119.492586500331,74.2251055315223 -119.527619477215,74.2294405372354 -119.542522467566,74.2312775399306 -119.596673438236,74.2346965493525 -119.636474424749,74.2345745555485 -119.628641421076,74.2380155542959 -119.616992421121,74.2397315521847 -119.569030434232,74.2406475443553 -119.500673472861,74.2350405324833 -119.478214485974,74.2331855288486 -119.464702502891,74.2280505264902</coordinates></LinearRing></outerBoundaryIs></Polygon><Polygon><outerBoundaryIs><LinearRing><coordinates>-117.271951981327,70.5457090920957 -117.278393985623,70.542359092353 -117.280167991635,70.5373620929783 -117.320193973999,70.5411460994823 -117.322863957443,70.5513850999378 -117.336832959656,70.5467691017452 -117.349834956071,70.5466541038422 -117.360481946363,70.5504001057641 -117.356918944687,70.5521861058043 -117.340556952677,70.5515831031191 -117.332924951821,70.5528801016195 -117.326403947379,70.5573811002446 -117.305205954522,70.5571830967933 -117.303752954136,70.5583110969623 -117.313900947602,70.5597690988735 -117.310235946173,70.5627000979362 -117.30198794617,70.5630730967166 -117.295319952648,70.560967096078 -117.289897967565,70.5520340944972 -117.271951981327,70.5457090920957</coordinates></LinearRing></outerBoundaryIs></Polygon><Polygon><outerBoundaryIs><LinearRing><coordinates>-113.22064763589,77.6452785929515 -113.234437641364,77.6416555952332 -113.250099624509,77.6439365978035 -113.260721619245,77.6437835990924 -113.263744631424,77.6398705992376 -113.288070631842,77.6358566029089 -113.316131553006,77.6534736080777 -113.310364536477,77.6588146082042 -113.30031253569,77.6607746065915 -113.272588549739,77.660949601707 -113.250083574853,77.6573945980765 -113.22064763589,77.6452785929515</coordinates></LinearRing></outerBoundaryIs></Polygon><Polygon><outerBoundaryIs><LinearRing><coordinates>-115.517102612676,70.5205918123252 -115.517672616028,70.5171828125092 -115.526719616203,70.5162128141849 -115.561747598189,70.5193798192523 -115.56804057826,70.5308998203644 -115.577824571358,70.5338208224879 -115.612573559218,70.5346908271732 -115.635469546901,70.5369348316441 -115.62753354197,70.543632830372 -115.619691540255,70.5455398285768 -115.604702552643,70.540932826706 -115.595988550386,70.5439618252568 -115.567514562821,70.5422968208609 -115.563047568355,70.5403908199004 -115.567667570034,70.5372778205995 -115.565468576579,70.5340428200387 -115.552052589468,70.528320817759 -115.517102612676,70.5205918123252</coordinates></LinearRing></outerBoundaryIs></Polygon><Polygon><outerBoundaryIs><LinearRing><coordinates>-136.119290696401,69.1317632894588 -136.122726699341,69.129636289973 -136.140273690329,69.1342212937235 -136.14343269386,69.1327702940007 -136.129350708406,69.1228292909986 -136.1297147148,69.1187022905678 -136.137404714269,69.1172532923005 -136.192186674967,69.1401023031612 -136.18702767542,69.1416813022987 -136.136627678371,69.1432532931851 -136.126235682685,69.1417972909604 -136.119290696401,69.1317632894588</coordinates></LinearRing></outerBoundaryIs></Polygon><Polygon><outerBoundaryIs><LinearRing><coordinates>-124.823150444527,74.3256024591605 -124.825183453041,74.32238945945 -124.834883451032,74.3207344605833 -124.863410438277,74.3221924658865 -124.873115439668,74.3205364678756 -124.875726448077,74.317041468202 -124.860922468079,74.3101054649672 -124.869014478055,74.305978466409 -124.867139492491,74.2997464662163 -124.883308487173,74.3002124687092 -124.900305487208,74.298021471616 -124.92723346662,74.303125476958 -124.93025246058,74.3052614775844 -124.918938458495,74.3070394758131 -124.88681447186,74.3063304691318 -124.884354465084,74.3090984695845 -124.915099425373,74.3214754755676 -124.90666042379,74.3235114738295 -124.845613432376,74.3279744629986 -124.830229438138,74.3274404600824 -124.823150444527,74.3256024591605</coordinates></LinearRing></outerBoundaryIs></Polygon><Polygon><outerBoundaryIs><LinearRing><coordinates>-113.605041888498,78.3179696788521 -113.610367900287,78.3140186796622 -113.645998886963,78.3127966855295 -113.664943866792,78.3152546881204 -113.678840828917,78.322342691233 -113.696454825247,78.3211676936806 -113.724550845734,78.3118356976347 -113.741617832096,78.3122567012533 -113.750563805196,78.3180547020524 -113.768407783149,78.3205267056262 -113.735088786795,78.3249067004821 -113.702798798628,78.3260876950147 -113.681367800399,78.3291556915797 -113.660122808462,78.3296976879107 -113.649212838623,78.3246156861453 -113.617505845582,78.32736268124 -113.618005861667,78.3225716810333 -113.605041888498,78.3179696788521</coordinates></LinearRing></outerBoundaryIs></Polygon><Polygon><outerBoundaryIs><LinearRing><coordinates>-134.649584403029,69.4777260397102 -134.651826405504,69.4757800399158 -134.660050404532,69.4751090417832 -134.735977386986,69.4802820552637 -134.750944378313,69.483471058515 -134.757994370951,69.4880400601928 -134.752440371493,69.488643058812 -134.729677379834,69.4852260550572 -134.693878385589,69.485667048361 -134.684921388918,69.4837440467911 -134.674866390139,69.4840810443428 -134.681579376781,69.4921080458155 -134.678678372088,69.496792046116 -134.662946367246,69.5007210435367 -134.65225136731,69.5010120412924 -134.651853375442,69.4963640413288 -134.662977381154,69.4910090432838 -134.667175386193,69.4864010435953 -134.649584403029,69.4777260397102</coordinates></LinearRing></outerBoundaryIs></Polygon><Polygon><outerBoundaryIs><LinearRing><coordinates>-124.579232664063,74.2657184133538 -124.585000678264,74.2591794149501 -124.611483690133,74.2504824194254 -124.610835683223,74.2535724191536 -124.618268675683,74.2567844205033 -124.630663671749,74.2561204222586 -124.635371677913,74.2529544230484 -124.657866674754,74.2510934274569 -124.674789660452,74.255051429757 -124.707791642757,74.2585464358663 -124.713913630307,74.2621104378672 -124.711068616311,74.2689154375596 -124.694403611506,74.2731874343822 -124.666412631258,74.2686174292001 -124.671180634411,74.2663904301474 -124.686650630457,74.2662074328555 -124.69059963517,74.2640394336325 -124.677178646364,74.2610034310039 -124.657327647199,74.2629104273207 -124.633577659949,74.2608584233602 -124.603272664397,74.2618664177393 -124.601425659969,74.2652994177213 -124.579232664063,74.2657184133538</coordinates></LinearRing></outerBoundaryIs></Polygon><Polygon><outerBoundaryIs><LinearRing><coordinates>-117.703552716468,70.6314941621378 -117.71148372238,70.6253981635868 -117.719590716741,70.6275121648599 -117.740593685123,70.6433651687788 -117.760814668652,70.6498801715765 -117.77037866579,70.6508571733677 -117.766425654445,70.6594851727006 -117.756563652154,70.6635151711446 -117.749645652053,70.6641551699678 -117.743745660235,70.6593261691719 -117.72609267285,70.6557921663984 -117.712901690291,70.6468211638126 -117.703552716468,70.6314941621378</coordinates></LinearRing></outerBoundaryIs></Polygon><Polygon><outerBoundaryIs><LinearRing><coordinates>-115.67034909279,77.7056509976284 -115.67709309244,77.7041249986388 -115.700725080587,77.704034003044 -115.725757058013,77.7066580072157 -115.746648031192,77.7116630108099 -115.759499984624,77.7219020133185 -115.81345491816,77.7323080229608 -115.832428863034,77.7440110263129 -115.817145869298,77.7455070239755 -115.803874882233,77.7428450212344 -115.783143929017,77.7341690178106 -115.72554299729,77.7229320079353 -115.707725037111,77.7155540045244 -115.67034909279,77.7056509976284</coordinates></LinearRing></outerBoundaryIs></Polygon><Polygon><outerBoundaryIs><LinearRing><coordinates>-111.567800343625,70.3019632036565 -111.586974336695,70.3015142068261 -111.594825331496,70.3026802080855 -111.64441930428,70.310265215826 -111.650768298048,70.3135062167527 -111.66793428543,70.3169482186902 -111.695729272649,70.3192132232489 -111.712592260551,70.323563226012 -111.71155225668,70.32650022558 -111.694296266179,70.3232872230276 -111.648061286928,70.3217232161865 -111.623641297513,70.3208922125121 -111.607337298479,70.3245912103382 -111.599949301229,70.324288209053 -111.604647306174,70.3187482099318 -111.600407313527,70.3153612090549 -111.604299315877,70.3120792095603 -111.586269331891,70.3053822071471 -111.571078338804,70.304077204527 -111.567800343625,70.3019632036565</coordinates></LinearRing></outerBoundaryIs></Polygon><Polygon><outerBoundaryIs><LinearRing><coordinates>-111.938791854303,75.8312373348065 -111.944918858923,75.8291323358883 -111.981670848537,75.8254093415471 -112.030855837368,75.8204113496898 -112.054171826037,75.8206023525709 -112.061785806408,75.8262103546618 -112.049905797924,75.8322753521067 -112.031741799476,75.8347543497977 -112.005929796794,75.8412173455201 -111.992944800634,75.8415833442308 -111.980238815002,75.8385393420277 -111.950716839462,75.8352193370238 -111.938791854303,75.8312373348065</coordinates></LinearRing></outerBoundaryIs></Polygon><Polygon><outerBoundaryIs><LinearRing><coordinates>-115.315373594726,70.5819027810262 -115.319194597137,70.5796967822021 -115.353251604323,70.5655447875348 -115.357950603569,70.5660937877979 -115.371079604259,70.5615627900512 -115.380725602834,70.5612947916458 -115.38522859855,70.5629807921797 -115.385037583875,70.5718767920967 -115.365673585801,70.5767377886439 -115.353526579326,70.5833437876667 -115.354371576178,70.5863277871314 -115.37202556723,70.5873567901316 -115.373154565052,70.5887457901658 -115.364511563316,70.5910867888332 -115.324406576349,70.5927957829417 -115.315373594726,70.5819027810262</coordinates></LinearRing></outerBoundaryIs></Polygon><Polygon><outerBoundaryIs><LinearRing><coordinates>-122.909973520931,76.0120861818144 -122.928434547436,76.0012221847278 -122.939491548691,75.9996441867275 -122.948774542669,76.0012231883174 -122.935234520253,76.0101861860463 -122.942696510948,76.01185818769 -122.958616511057,76.0093161903392 -122.969360507348,76.0094081923163 -122.97519550175,76.0114081929869 -122.964475480063,76.0192821921489 -122.970152476193,76.0201281924942 -122.992673472157,76.0183741969349 -123.00211044746,76.0260181984768 -123.018670431473,76.0290552017085 -123.011659426376,76.0317932004508 -122.978901438695,76.032029195195 -122.95570245494,76.0291461909783 -122.932834465592,76.0285751864726 -122.922725477637,76.0251711852926 -122.925962503014,76.0165651850128 -122.909973520931,76.0120861818144</coordinates></LinearRing></outerBoundaryIs></Polygon><Polygon><outerBoundaryIs><LinearRing><coordinates>-134.650372348533,69.514545041208 -134.658964360366,69.5062670425135 -134.672242359692,69.5047410453021 -134.679948363364,69.50103404621 -134.685515362372,69.5018210474672 -134.691800351207,69.5079760487977 -134.709776351935,69.5062520517993 -134.715654347454,69.5091430533855 -134.703887347299,69.5103030512335 -134.697358345035,69.5129200497517 -134.705778321465,69.5270650521139 -134.694959317315,69.531742050349 -134.680712315711,69.5339160474165 -134.664657317392,69.5343520450629 -134.658140328856,69.5272630436943 -134.662339334326,69.5226550443645 -134.689424337433,69.5184670486869 -134.688567340389,69.5161090488135 -134.68237534265,69.5152770476741 -134.668244343668,69.5172220450159 -134.652403345665,69.5172080420941 -134.650372348533,69.514545041208</coordinates></LinearRing></outerBoundaryIs></Polygon><Polygon><outerBoundaryIs><LinearRing><coordinates>-136.526687957144,68.9086273537188 -136.546370957605,68.9072993567263 -136.561734965005,68.9004553592924 -136.578933962402,68.9006163621894 -136.597763955482,68.9031563663478 -136.613405943656,68.9108313694978 -136.636215930217,68.9181643732171 -136.628752928081,68.9210163717578 -136.611466928737,68.9210933691013 -136.598495936034,68.9181553665139 -136.572432940104,68.9177903619649 -136.556059946467,68.9137603590529 -136.534622953968,68.9113203548954 -136.526687957144,68.9086273537188</coordinates></LinearRing></outerBoundaryIs></Polygon><Polygon><outerBoundaryIs><LinearRing><coordinates>-129.762206122792,70.2301901976489 -129.779480119602,70.2305472000946 -129.799913129017,70.221232203959 -129.799790141403,70.2131452032486 -129.805832144332,70.2116272042565 -129.824294139713,70.2116812078493 -129.83069114497,70.2069052087983 -129.840469134973,70.2125652109618 -129.834424117052,70.2244902099413 -129.824601119109,70.2253062080675 -129.817552112563,70.2301292070071 -129.800123111757,70.2320882039481 -129.782457089394,70.2493312016436 -129.770184089723,70.2507581990827 -129.763397093292,70.2493231979257 -129.771835097502,70.2460351993613 -129.772265103165,70.2416181999295 -129.762206122792,70.2301901976489</coordinates></LinearRing></outerBoundaryIs></Polygon><Polygon><outerBoundaryIs><LinearRing><coordinates>-130.165588227011,70.1107962647591 -130.171250233372,70.1048912652504 -130.185377234052,70.1033202681868 -130.194705236813,70.1004212692115 -130.215468233483,70.0998192729871 -130.231063236922,70.0946772756357 -130.235932247569,70.0885192765445 -130.239549251928,70.0839562772382 -130.24360625169,70.0839342774506 -130.247359245055,70.0877942785031 -130.262845242557,70.0868102808428 -130.260589250351,70.0826362807922 -130.247101257849,70.0790822784666 -130.227675260733,70.0796012744248 -130.215516269996,70.075960272399 -130.217545270324,70.0746792728004 -130.237640263398,70.0766632767359 -130.256696262057,70.0754732793 -130.270478255187,70.0783112818103 -130.273696257193,70.0767162826007 -130.286131253594,70.0770972847077 -130.294112256823,70.0742742857403 -130.298983251113,70.0769842868408 -130.29649224722,70.0799202871091 -130.278471245119,70.0842922836251 -130.278061242654,70.0858412837813 -130.276917235208,70.0901822841202 -130.2702802333,70.091753282526 -130.266722228709,70.0952262819954 -130.258957231297,70.0959422806379 -130.247268237578,70.0932032784732 -130.218733223815,70.1058682742278 -130.188936223396,70.1086532684732 -130.17103722325,70.1120792661117 -130.165588227011,70.1107962647591</coordinates></LinearRing></outerBoundaryIs></Polygon><Polygon><outerBoundaryIs><LinearRing><coordinates>-135.351303424954,69.3935971626323 -135.355696427832,69.3910711634174 -135.370117423025,69.3927201661466 -135.400194411644,69.398601171317 -135.414338399505,69.4051471747803 -135.415938394649,69.4089311744068 -135.404861396126,69.4087871724794 -135.392944409032,69.4016691703482 -135.385605408092,69.4019581692242 -135.395994382846,69.4184531715644 -135.384522372939,69.4265931700942 -135.387497361451,69.4332241705495 -135.38052335943,69.4356041696385 -135.37007036165,69.4354971672128 -135.360734376062,69.4255111654684 -135.362993386189,69.4189421658331 -135.37411638189,69.4204821677002 -135.37739638824,69.4160421683599 -135.374863393679,69.4129071675622 -135.363250399378,69.4094971655139 -135.354430418229,69.3977541633261 -135.351303424954,69.3935971626323</coordinates></LinearRing></outerBoundaryIs></Polygon><Polygon><outerBoundaryIs><LinearRing><coordinates>-134.152664191568,69.6715109581519 -134.157975193053,69.6702159595983 -134.175646189346,69.6708409625445 -134.1953431914,69.6674149658259 -134.210619201222,69.6595569686519 -134.222806195067,69.6630819707361 -134.208330186809,69.6693679678936 -134.211301184315,69.6714049689106 -134.222353178499,69.6732359714205 -134.230210184114,69.6684689719632 -134.234817188563,69.6656679732937 -134.251541180562,69.669466975789 -134.290100179648,69.6655619832464 -134.299331176413,69.6670489842701 -134.296813173317,69.6694369845657 -134.263441172535,69.6722759784351 -134.252821170553,69.6748689766518 -134.234878165294,69.6814149736206 -134.232665155468,69.688456973299 -134.221953154298,69.6898839718048 -134.199539177936,69.6762439672909 -134.160902187652,69.6736419600534 -134.152664191568,69.6715109581519</coordinates></LinearRing></outerBoundaryIs></Polygon><Polygon><outerBoundaryIs><LinearRing><coordinates>-123.791732745179,69.3561111463733 -123.799950748568,69.352235147107 -123.809361748792,69.3508321492178 -123.832260740398,69.3518011526209 -123.851228727195,69.3583611562245 -123.86193271378,69.3655421579697 -123.865505708385,69.3698901586436 -123.851021705257,69.37483415664 -123.837770709268,69.3735971541659 -123.825244706363,69.3785101522252 -123.813421710383,69.3779231506095 -123.812744723419,69.369028149792 -123.794572740369,69.3601541470027 -123.791732745179,69.3561111463733</coordinates></LinearRing></outerBoundaryIs></Polygon><Polygon><outerBoundaryIs><LinearRing><coordinates>-115.421869564553,70.5769287980802 -115.424999566752,70.5747067983285 -115.435716567555,70.5721748005091 -115.44476757567,70.563453801352 -115.453394575157,70.5611118025811 -115.461217564592,70.5674208039784 -115.46717455953,70.5686808048806 -115.47936456064,70.5654918074767 -115.462365579888,70.5567248038413 -115.466890581187,70.5543068047189 -115.50059256046,70.5615618103519 -115.508806545294,70.5696958118814 -115.52569953694,70.5711598143853 -115.52546753514,70.5725258146273 -115.485125537511,70.5799638079102 -115.425692560003,70.5785977984881 -115.421869564553,70.5769287980802</coordinates></LinearRing></outerBoundaryIs></Polygon><Polygon><outerBoundaryIs><LinearRing><coordinates>-115.913034294584,77.615396034883 -115.924266299377,77.6123730371955 -115.939403290241,77.6127020392297 -115.97125825493,77.6183320445554 -116.001023245128,77.6159970497314 -116.020973210442,77.6232990533687 -116.043514199022,77.6234290574166 -116.057525180755,77.6256040596051 -116.064767165359,77.6290900611471 -116.105303123845,77.6352550678618 -116.108828108513,77.6382670688697 -116.096514114315,77.6389780665845 -116.073837138196,77.635980062844 -116.022129163868,77.635414054565 -116.004425192505,77.6303490512399 -115.971515215117,77.6288690455335 -115.930004255836,77.623230038239 -115.917539275893,77.6198660360423 -115.913034294584,77.615396034883</coordinates></LinearRing></outerBoundaryIs></Polygon><Polygon><outerBoundaryIs><LinearRing><coordinates>-111.432090232038,72.4320601961002 -111.436311233294,72.4295121972915 -111.454999227784,72.4281612000026 -111.461266234658,72.4239962011475 -111.449525254015,72.4143451986673 -111.454465257742,72.411560199319 -111.476580255351,72.4076692029785 -111.488674247478,72.4079882047603 -111.495112240391,72.4113302063063 -111.502578238375,72.4107902073809 -111.533333245847,72.3979192114862 -111.538688242763,72.398536212856 -111.541261238468,72.4010162126446 -111.534784227684,72.4092792116251 -111.49477222542,72.4206622062132 -111.446573203407,72.4455491987692 -111.441377204514,72.4462961979112 -111.437725215507,72.4411011970145 -111.444954215609,72.4385141985054 -111.445375221241,72.4357841983714 -111.432090232038,72.4320601961002</coordinates></LinearRing></outerBoundaryIs></Polygon><Polygon><outerBoundaryIs><LinearRing><coordinates>-134.380034087901,69.7189070010737 -134.40333709033,69.7135880049145 -134.403959100101,69.7083090046835 -134.409207104903,69.7044560056381 -134.427416097399,69.706707009225 -134.441835103962,69.7017780113832 -134.449751094407,69.7073480132206 -134.465516090553,69.7078210155967 -134.483566077865,69.7144500198308 -134.482027076291,69.7162130195929 -134.469375075888,69.717541016932 -134.416732068399,69.7282750078116 -134.409485069274,69.728077007088 -134.402982078263,69.7223620059388 -134.382492084334,69.7206680019749 -134.380034087901,69.7189070010737</coordinates></LinearRing></outerBoundaryIs></Polygon><Polygon><outerBoundaryIs><LinearRing><coordinates>-135.208022343396,69.4643601397672 -135.216398350519,69.4574391408514 -135.235548359319,69.4499621441825 -135.251267361642,69.4471461464317 -135.301422353101,69.4480851558805 -135.310378347297,69.4515881572255 -135.307648344575,69.4532811571232 -135.286118346897,69.4543951531732 -135.276673345224,69.4564081515188 -135.267531332016,69.4665261505106 -135.231734331693,69.470074143905 -135.214449332977,69.4704931405399 -135.210463335258,69.4691121407236 -135.208022343396,69.4643601397672</coordinates></LinearRing></outerBoundaryIs></Polygon><Polygon><outerBoundaryIs><LinearRing><coordinates>-128.949526110955,69.6779660376931 -128.961426116781,69.6736030397929 -128.971358116179,69.6721140414204 -128.987260105422,69.67768304396 -128.994019097641,69.682146045855 -129.014573085969,69.6876770494108 -129.026521055489,69.705928052204 -129.038559043291,69.713099054559 -129.038651040033,69.7160890542946 -129.028609042815,69.7145870527491 -129.000855066802,69.7023040471975 -128.978651078296,69.6975580433648 -128.953127105434,69.6828420389776 -128.949526110955,69.6779660376931</coordinates></LinearRing></outerBoundaryIs></Polygon><Polygon><outerBoundaryIs><LinearRing><coordinates>-111.087656926384,72.6990501469024 -111.103408934917,72.6886671491872 -111.103698942857,72.6841131494307 -111.12769294046,72.6795641530903 -111.149436951259,72.6684341558637 -111.15921894956,72.6669761574884 -111.165596941271,72.6694181582633 -111.173732920041,72.6809471597004 -111.165840913333,72.6858051584141 -111.148681915395,72.6898331561511 -111.143394903867,72.6976241550316 -111.123109905465,72.7012251521065 -111.105293903559,72.7066261493359 -111.090548915249,72.7047111475238 -111.087656926384,72.6990501469024</coordinates></LinearRing></outerBoundaryIs></Polygon><Polygon><outerBoundaryIs><LinearRing><coordinates>-134.275116009972,69.7803909848318 -134.282851012872,69.7783089859263 -134.299163006512,69.7804529891645 -134.319199002971,69.7805049928151 -134.342178993872,69.7853579971345 -134.36349398912,69.7868690008184 -134.367872991436,69.7848170015225 -134.359009003774,69.7771119996052 -134.365690007639,69.7731210006172 -134.357559017409,69.7679999991803 -134.36883302688,69.760113001382 -134.378312029816,69.7572140027031 -134.398252998017,69.7764550062824 -134.401321993577,69.7794150074889 -134.371199979205,69.7928880024587 -134.35882397971,69.793529000503 -134.338634987697,69.789774996461 -134.282804002989,69.7850229860614 -134.275116009972,69.7803909848318</coordinates></LinearRing></outerBoundaryIs></Polygon><Polygon><outerBoundaryIs><LinearRing><coordinates>-110.237598400268,72.6362760169368 -110.239753403261,72.6339870179959 -110.255607400884,72.6311790197735 -110.262925406876,72.6256860206621 -110.27508840414,72.6251670229774 -110.299736384536,72.6295930264363 -110.321100374497,72.6299360295064 -110.32757738241,72.6235350310085 -110.332866381191,72.6228250317148 -110.341473371553,72.6264190333957 -110.344035363487,72.6309500332469 -110.335001341914,72.6453320320777 -110.318062342393,72.6503750293593 -110.316700349407,72.6454310294994 -110.297861365645,72.6401430261859 -110.301247359524,72.6443870273296 -110.297708355056,72.6468960266247 -110.284028358652,72.6478720242044 -110.249253387108,72.6400840189046 -110.237598400268,72.6362760169368</coordinates></LinearRing></outerBoundaryIs></Polygon><Polygon><outerBoundaryIs><LinearRing><coordinates>-133.903048773784,69.297893899939 -133.913115782497,69.2897299013297 -133.942854789191,69.2814369059588 -134.038283801231,69.2634169229175 -134.078538798378,69.2613259300298 -134.088439794366,69.2624169317311 -134.097307787627,69.2669109329055 -134.028670784638,69.2760129211791 -134.00346378866,69.2764699168023 -134.000290787994,69.2765239159194 -133.98274278677,69.278880913128 -133.94548078064,69.2878609065811 -133.928636769555,69.2965199040784 -133.915741766066,69.3012579022093 -133.904969764895,69.3031189006444 -133.903048773784,69.297893899939</coordinates></LinearRing></outerBoundaryIs></Polygon><Polygon><outerBoundaryIs><LinearRing><coordinates>-113.856441849371,78.2913057192998 -113.865687877418,78.2831647202972 -113.865806908627,78.2747197197869 -113.873262923345,78.27072172083 -113.890869916688,78.2697607238795 -113.92287387927,78.2740407289491 -113.927809861354,78.2780687302538 -113.908402864697,78.2802047272981 -113.908254854147,78.2827237272838 -113.954064786251,78.2933967346144 -113.996362754075,78.2950057416864 -114.004688733389,78.298980743763 -114.000442720909,78.3024677427705 -113.977109733179,78.3032997393428 -113.970792718578,78.3072817379092 -113.931146746713,78.3067707318983 -113.89516378615,78.3011867256906 -113.886429815006,78.2960807237244 -113.864201834851,78.2939227199673 -113.856441849371,78.2913057192998</coordinates></LinearRing></outerBoundaryIs></Polygon><Polygon><outerBoundaryIs><LinearRing><coordinates>-123.906967256488,69.6905541722938 -123.931559268526,69.677300176106 -123.94170626917,69.6756461772737 -123.966050263259,69.6756541818557 -123.966478260439,69.6774761813798 -123.940584262858,69.6793371771657 -123.935715262965,69.6810701769837 -123.942238256898,69.6836351781964 -123.957020256125,69.6820781807649 -123.962457254223,69.6828401807131 -123.964401250248,69.6855341812321 -123.969736248508,69.6858381824906 -123.994152251528,69.6776141862944 -124.001003248424,69.6787891875614 -124.008607241886,69.6831541891137 -124.006899235691,69.6870821887347 -123.983186230355,69.6955201854551 -123.975793225561,69.7005251842291 -123.951899221629,69.708276180012 -123.948624222335,69.7083681791 -123.947397226028,69.705888179003 -123.955843230244,69.6997171803443 -123.945434246396,69.6917741787302 -123.929444253381,69.6881051755161 -123.921304252921,69.6899271741445 -123.933060248217,69.6923471763052 -123.93521024623,69.6938181768768 -123.944008234242,69.69981617807 -123.934664226959,69.7078411770816 -123.926414225872,69.7092151753236 -123.922695234192,69.7045151748569 -123.915833236821,69.7033321737643 -123.910203243133,69.6989151726407 -123.906967256488,69.6905541722938</coordinates></LinearRing></outerBoundaryIs></Polygon><Polygon><outerBoundaryIs><LinearRing><coordinates>-116.694734226009,70.5086059988759 -116.694987230002,70.5063259990915 -116.719012232989,70.498879002764 -116.716442235524,70.4974820023761 -116.701394241196,70.4977510001352 -116.697489244314,70.4961099993328 -116.69846524831,70.4933869990906 -116.711436251337,70.4871690013489 -116.74313724138,70.4879160062041 -116.772669231667,70.4886020114496 -116.794935219049,70.4909290145409 -116.804867212458,70.4937820164076 -116.806523206096,70.4974440168889 -116.797374205654,70.5000700152376 -116.763315217965,70.499429009878 -116.76233821285,70.5021530094739 -116.775975209679,70.5023200120415 -116.777706204862,70.5053020120752 -116.788446199594,70.5070270138028 -116.76740519753,70.5122380106737 -116.734735211155,70.51115500566 -116.732487218235,70.5067980050862 -116.722329222864,70.5059890031735 -116.711167224167,70.5081250016655 -116.694734226009,70.5086059988759</coordinates></LinearRing></outerBoundaryIs></Polygon><Polygon><outerBoundaryIs><LinearRing><coordinates>-124.98147428586,70.1767593647752 -124.984032287024,70.1739293651262 -124.995414288379,70.1712663673751 -124.997644294893,70.1672983677231 -125.00492729392,70.1668343685907 -125.014808290445,70.1683373706521 -125.026031287856,70.1675053718673 -125.03617527985,70.1699163739387 -125.046680284526,70.1665903761041 -125.052482280518,70.1680013770534 -125.047850274335,70.1729603757422 -125.028755265713,70.1816043727825 -125.036769260159,70.1836263748404 -125.045744265178,70.1796663759282 -125.061458263131,70.178003378694 -125.06962626736,70.1736093795786 -125.072236283013,70.1624613806106 -125.0857402673,70.1710143828043 -125.10263926306,70.1711363852029 -125.090363273494,70.1660553837187 -125.104455270221,70.1658113856594 -125.113802264068,70.1677873875427 -125.117006257305,70.1717933879426 -125.108169251003,70.1785003869523 -125.090585249043,70.1829763837559 -125.051461250317,70.1877163772698 -124.999971265503,70.1859753682741 -124.991516272596,70.1835193668456 -124.98147428586,70.1767593647752</coordinates></LinearRing></outerBoundaryIs></Polygon><Polygon><outerBoundaryIs><LinearRing><coordinates>-136.064177644052,69.1736262810613 -136.074414642852,69.1739312833306 -136.078323644287,69.1722832835643 -136.074890648394,69.1695742829906 -136.078536654943,69.1653782831443 -136.091494655957,69.1637462858658 -136.110838635103,69.1767242901375 -136.129590625965,69.1816062932646 -136.132386616937,69.187511293893 -136.139267610728,69.1913192953132 -136.16520859865,69.1961013004097 -136.16420059439,69.2002003004384 -136.141798595653,69.2011292965957 -136.124632591151,69.205090293469 -136.110486599452,69.2015952907885 -136.086089602738,69.2010312866871 -136.085388612317,69.1947742855664 -136.066866633986,69.1813702820149 -136.064177644052,69.1736262810613</coordinates></LinearRing></outerBoundaryIs></Polygon><Polygon><outerBoundaryIs><LinearRing><coordinates>-111.603224339848,70.2949142094731 -111.620760335893,70.2925632122597 -111.615185342939,70.289124210832 -111.625965339958,70.2874982129804 -111.657436328852,70.2869422171104 -111.659138332515,70.2840272177049 -111.704127312077,70.2856062240344 -111.730200307565,70.282982228229 -111.762730292144,70.2852032335195 -111.809804277949,70.2827152401782 -111.814196268458,70.2877042413944 -111.811559268102,70.2894362404918 -111.784588274719,70.2927252367539 -111.762537283863,70.2916182333823 -111.701825298214,70.2974622236741 -111.693569301603,70.2982552223243 -111.659205314897,70.2973322179316 -111.632709319201,70.3010792136623 -111.603224339848,70.2949142094731</coordinates></LinearRing></outerBoundaryIs></Polygon><Polygon><outerBoundaryIs><LinearRing><coordinates>-110.432108430605,72.5681300461019 -110.439474432671,72.5646730467403 -110.443135434766,72.5625990478844 -110.457513431505,72.5618360498642 -110.475932418761,72.5646810529029 -110.519242398201,72.5648650590981 -110.538615381287,72.5702050623367 -110.550057357488,72.5812760638289 -110.567134342242,72.5859440666966 -110.559814338938,72.5898580654233 -110.54856234016,72.591980063769 -110.480677374514,72.5894460533991 -110.460898400835,72.5781930506907 -110.432108430605,72.5681300461019</coordinates></LinearRing></outerBoundaryIs></Polygon><Polygon><outerBoundaryIs><LinearRing><coordinates>-110.30877942665,72.60224902776 -110.337883429155,72.5927650319485 -110.353112423873,72.5929100341752 -110.371709405717,72.5982740371374 -110.403641391686,72.5978620418902 -110.423556381574,72.5998000447907 -110.439778368136,72.6033400475823 -110.450992349569,72.6116940493754 -110.475288341125,72.6106400532325 -110.483185330915,72.6146850544905 -110.47810432482,72.6183550534504 -110.456818333286,72.6189420504433 -110.446189339062,72.6177570483371 -110.416138359428,72.6144020442338 -110.398143359768,72.6188280409686 -110.366098375598,72.6180950363227 -110.352251384459,72.6158980343191 -110.347194401141,72.6079620334539 -110.311402415344,72.6079250280868 -110.30877942665,72.60224902776</coordinates></LinearRing></outerBoundaryIs></Polygon><Polygon><outerBoundaryIs><LinearRing><coordinates>-134.003006303758,69.6103399294911 -134.005875307519,69.6087379293576 -134.017899315039,69.6020079318373 -134.018845322993,69.5962709321044 -134.028612330055,69.590167933236 -134.045270332877,69.5861089358238 -134.133561311638,69.5925259517178 -134.164502307376,69.5916549579529 -134.168104303756,69.5937299580555 -134.163892299052,69.5981019578762 -134.156221296959,69.6001769559709 -134.141493298431,69.6004219536331 -134.117950295172,69.6049909495242 -134.066315304386,69.6034049403954 -134.051882307357,69.6043589379517 -134.04639929757,69.6111939367657 -134.026258303084,69.6090119333693 -134.01647930018,69.6125759319646 -134.006012300984,69.6135449302801 -134.003006303758,69.6103399294911</coordinates></LinearRing></outerBoundaryIs></Polygon><Polygon><outerBoundaryIs><LinearRing><coordinates>-116.542238324158,70.4758619740422 -116.544465327161,70.4742899748427 -116.556878324441,70.4730919770832 -116.57162031584,70.4753349788796 -116.613925303831,70.4749829858737 -116.625964304667,70.4710389873351 -116.637729294667,70.4755179894177 -116.655116283593,70.4784779928306 -116.704973267969,70.4777450002023 -116.71839326203,70.4797290023517 -116.706874258796,70.4836430002678 -116.703518258507,70.4847870000538 -116.67268626678,70.4859929951895 -116.663525265658,70.4886099934815 -116.666772261973,70.490021994233 -116.68602925984,70.4886719975763 -116.687040255194,70.4918749977819 -116.67560225043,70.4965139959691 -116.659852256256,70.496993993524 -116.641581262648,70.4956209904886 -116.609399281013,70.4906469854431 -116.603577280132,70.4937609844999 -116.586499284809,70.4939969819513 -116.578487298561,70.4865959804522 -116.569217304728,70.4841929787325 -116.552250311465,70.4835129763704 -116.548350316399,70.4818659755816 -116.552806318121,70.4787379762589 -116.542238324158,70.4758619740422</coordinates></LinearRing></outerBoundaryIs></Polygon><Polygon><outerBoundaryIs><LinearRing><coordinates>-136.099427678937,69.1473272867096 -136.104873682522,69.1434592873655 -136.112106680803,69.1431472890196 -136.13292067235,69.1476702926726 -136.151551667088,69.1495482963517 -136.186584663976,69.1492643019304 -136.232422637011,69.1640363110804 -136.217576633269,69.1672023089649 -136.222383630483,69.1697503095335 -136.242142623657,69.1721303131772 -136.248977619673,69.1740843149188 -136.254930618254,69.1757783156606 -136.265839604354,69.1841623175836 -136.262037598805,69.1871913173911 -136.253604600977,69.1872293157252 -136.235275610195,69.1828433123389 -136.206361616356,69.1806823070686 -136.190948623261,69.177135303872 -136.164491646981,69.1624262987474 -136.143860661914,69.1542242950234 -136.132994665587,69.1522872925025 -136.126938665938,69.1528962913205 -136.146926649897,69.1626782961159 -136.144376645483,69.1657752954032 -136.128172652758,69.1610222923056 -136.101408673016,69.1504322874408 -136.099427678937,69.1473272867096</coordinates></LinearRing></outerBoundaryIs></Polygon><Polygon><outerBoundaryIs><LinearRing><coordinates>-135.773116083,68.8873182172223 -135.785036082408,68.8863402201475 -135.796128073476,68.8920172219547 -135.826876066308,68.8934442273216 -135.863402056238,68.8979382345563 -135.954851017508,68.9168742514575 -135.978516004367,68.9248082561336 -136.029234980075,68.9371612656752 -136.034057973563,68.9411052663556 -136.031526968911,68.9441952661129 -136.025513968912,68.9448052650283 -135.993665989033,68.934834259188 -135.930955011227,68.9236802471648 -135.909473027295,68.9151572432866 -135.869996033795,68.9130522356601 -135.79118406673,68.8977482214541 -135.773116083,68.8873182172223</coordinates></LinearRing></outerBoundaryIs></Polygon><Polygon><outerBoundaryIs><LinearRing><coordinates>-136.038239847314,69.0323752713099 -136.047652856757,69.025029272378 -136.055388855265,69.0249672733414 -136.106214834769,69.0345272834501 -136.114580830657,69.0377232849134 -136.115189820694,69.0442082853726 -136.129561794131,69.0613132882481 -136.123687788195,69.0663112872051 -136.11602778662,69.0677522861781 -136.091764790857,69.0671962816522 -136.062408802255,69.0617572770636 -136.054001824293,69.0474902744911 -136.039458837713,69.0388912712942 -136.038239847314,69.0323752713099</coordinates></LinearRing></outerBoundaryIs></Polygon><Polygon><outerBoundaryIs><LinearRing><coordinates>-125.250291865372,69.7317594006586 -125.253165865698,69.7302874010467 -125.263244863499,69.7308534031901 -125.269613871672,69.7232994041312 -125.269456873666,69.7217424036824 -125.268920881224,69.7164474040003 -125.293257873563,69.7183404073517 -125.310578871076,69.7165844103395 -125.323267866834,69.7170504132842 -125.345123858833,69.7194764170585 -125.349593866017,69.7145094174028 -125.346126874809,69.7073004165136 -125.356286870369,69.7103754183214 -125.36652485336,69.7203154203115 -125.38162484991,69.7200024226507 -125.367515840791,69.7280664205082 -125.364795830742,69.736642420452 -125.376258815808,69.7440204221352 -125.371912814085,69.7471484221461 -125.346665813058,69.7512614180859 -125.332764820368,69.749003415021 -125.34030982735,69.7432434162467 -125.339158832174,69.7393894160558 -125.328920838498,69.736085414121 -125.311118843165,69.7362614113532 -125.288749846195,69.7388854076889 -125.273433848034,69.7385044050555 -125.250291865372,69.7317594006586</coordinates></LinearRing></outerBoundaryIs></Polygon><Polygon><outerBoundaryIs><LinearRing><coordinates>-133.535172535181,69.5022158413295 -133.547607546525,69.4937558430824 -133.572202548243,69.4897958474519 -133.591888556896,69.4813418506536 -133.601898556322,69.4799068528546 -133.638825543913,69.4850958596158 -133.644194538785,69.488695860355 -133.62600751693,69.5056038576581 -133.611556506726,69.5141728555618 -133.594744502762,69.5184058525897 -133.584259503669,69.5181928508227 -133.565948509741,69.5165288482683 -133.548415517537,69.512133844324 -133.537019529029,69.5074418420849 -133.535172535181,69.5022158413295</coordinates></LinearRing></outerBoundaryIs></Polygon><Polygon><outerBoundaryIs><LinearRing><coordinates>-135.984512682572,69.1547352662434 -135.990643691139,69.147686266633 -136.004347695673,69.1426352692449 -136.011948693912,69.1430322706204 -136.037324680549,69.1505692762436 -136.038192672497,69.1563842761121 -136.041854668203,69.1591222771474 -136.058029648737,69.1712382806503 -136.045364633663,69.1832542789422 -136.057450612337,69.1965602812161 -136.056778605734,69.2013662811869 -136.043609602109,69.2050582786982 -136.031431602086,69.2062802772743 -136.023559606936,69.203335275568 -136.010557639053,69.1828352726277 -135.995574651875,69.1751442689286 -135.984710670216,69.1637382666148 -135.984512682572,69.1547352662434</coordinates></LinearRing></outerBoundaryIs></Polygon><Polygon><outerBoundaryIs><LinearRing><coordinates>-124.513590015813,73.6900273828267 -124.522742018204,73.6881653839285 -124.530571028188,73.6831153851415 -124.548710027014,73.6801163881324 -124.565166008048,73.6868983912856 -124.575314009026,73.685205393375 -124.594632000579,73.6861133963879 -124.604606999871,73.6851373980756 -124.607064003215,73.6833063992594 -124.5818050142,73.681421394145 -124.565385033308,73.6755783915303 -124.548802042022,73.6739893884361 -124.555758044891,73.6715863898722 -124.567133043517,73.6712133912843 -124.649101993772,73.6825134063635 -124.672030966695,73.6916374103459 -124.694229960796,73.6911494146554 -124.704072941357,73.697946416292 -124.701280928708,73.7040204163736 -124.697777913102,73.7116114156637 -124.689776912345,73.7129224145033 -124.645684933352,73.7098644068509 -124.627238952904,73.7036994027442 -124.607375964627,73.7004713995325 -124.513590015813,73.6900273828267</coordinates></LinearRing></outerBoundaryIs></Polygon><Polygon><outerBoundaryIs><LinearRing><coordinates>-136.101533760761,69.0877492842914 -136.106232762853,69.0856892855969 -136.116605762133,69.0855292875162 -136.14773775199,69.0899002927773 -136.184570736259,69.0977813000875 -136.200211724951,69.1054873031922 -136.220183713874,69.1104253069002 -136.225066705179,69.1159713079629 -136.239271692631,69.1240663110909 -136.267883677952,69.1317413162614 -136.271881670338,69.1363193169614 -136.270737662229,69.1424823171406 -136.26060366227,69.1435813159484 -136.210815684784,69.1322983055949 -136.194078697802,69.124073302316 -136.171020709228,69.1187482985213 -136.164153717666,69.1133232970296 -136.128312737628,69.1013452897988 -136.104233757403,69.0906552849109 -136.101533760761,69.0877492842914</coordinates></LinearRing></outerBoundaryIs></Polygon><Polygon><outerBoundaryIs><LinearRing><coordinates>-116.124745372736,70.5411309086994 -116.126628384941,70.5325009091823 -116.132447379739,70.5348679102207 -116.145882371586,70.5366749118108 -116.151985363607,70.5420079127231 -116.173120356079,70.5425659166527 -116.203615357052,70.5345999209068 -116.210472355587,70.5344699223945 -116.23322634167,70.5382389261184 -116.234812346327,70.5345919262877 -116.244069344552,70.5338449277342 -116.249932338795,70.535979928241 -116.260296337314,70.5352249301414 -116.277896327664,70.536621933102 -116.275112336535,70.531799932591 -116.301339330281,70.5299079365316 -116.306557325378,70.5318069373284 -116.308457315736,70.5382169375052 -116.320371306125,70.5413519400585 -116.298612309928,70.5455939366055 -116.284207313199,70.5458369337138 -116.249363334152,70.5402979286951 -116.243654331847,70.5420379274228 -116.278383310608,70.5484849334978 -116.297389303392,70.5496749365864 -116.305294302955,70.5468299373758 -116.326813301705,70.5444109408526 -116.337681296323,70.5450219425775 -116.347401286615,70.5492629438275 -116.321237293372,70.5504759400578 -116.324872288126,70.5541769406032 -116.286578299362,70.5538479347028 -116.298959287901,70.5590299364404 -116.294002288645,70.5598839359927 -116.287411295188,70.5579609341902 -116.281198295171,70.5583279336024 -116.278222294531,70.5601039329512 -116.265012304977,70.5564889310616 -116.205842328941,70.5535519215742 -116.198673334924,70.550933920305 -116.190540338829,70.5503549189813 -116.180071340385,70.5517899171228 -116.144899355502,70.5487369123248 -116.142082364253,70.5443649113689 -116.135164364049,70.5449389106034 -116.124745372736,70.5411309086994</coordinates></LinearRing></outerBoundaryIs></Polygon><Polygon><outerBoundaryIs><LinearRing><coordinates>-135.763153060738,68.9036132166379 -135.771882062392,68.9010882177255 -135.782000062537,68.9014022197586 -135.856705031065,68.9157982338159 -135.899732022311,68.9201692417014 -135.942352002553,68.9302802497671 -135.968582993643,68.9335052539464 -136.013075971575,68.9460172630285 -136.018051967905,68.9474072634812 -136.024748961566,68.9514502654029 -136.021606960468,68.9529012646911 -136.008498960512,68.9535942621683 -136.002698952501,68.9599722617885 -135.990829948512,68.9639622593061 -135.97996494928,68.9638472576847 -135.929823993269,68.9374502477505 -135.889206017074,68.9239922402305 -135.881241018702,68.9231082389354 -135.864839019589,68.9240752352492 -135.824907028315,68.9214752286692 -135.80837803525,68.9190182251711 -135.763153060738,68.9036132166379</coordinates></LinearRing></outerBoundaryIs></Polygon><Polygon><outerBoundaryIs><LinearRing><coordinates>-112.62095996345,70.2903143626241 -112.635755969946,70.2819063647773 -112.634882982563,70.2736283650324 -112.642952981426,70.2716213662799 -112.645199984915,70.268722366713 -112.657881978193,70.2693943680916 -112.663196979551,70.2675253694161 -112.728056945755,70.2750403793158 -112.733678937653,70.2788923798615 -112.755481925928,70.2830803828792 -112.762590918639,70.2865293841597 -112.756276919656,70.2872313836653 -112.736737930123,70.2844923805747 -112.747370910628,70.296539381891 -112.741909905836,70.3011553812605 -112.737728906116,70.3017273806574 -112.715007910515,70.3048103773947 -112.683757926457,70.3025813724263 -112.65001294824,70.2952263677132 -112.623624960084,70.2927013630458 -112.62095996345,70.2903143626241</coordinates></LinearRing></outerBoundaryIs></Polygon><Polygon><outerBoundaryIs><LinearRing><coordinates>-124.386537568037,73.9062373671147 -124.389496578808,73.900377367959 -124.409973597994,73.889710370482 -124.413843614118,73.8821353711488 -124.422037621359,73.8782363725615 -124.434562617283,73.8780303745241 -124.442744612046,73.8792823767388 -124.454390603529,73.8810593787124 -124.513455539604,73.9012243894148 -124.529686501462,73.915574392708 -124.526782489069,73.921434392658 -124.515274488048,73.9227463904121 -124.41661853719,73.9155833731129 -124.404838551656,73.9103193708769 -124.386537568037,73.9062373671147</coordinates></LinearRing></outerBoundaryIs></Polygon><Polygon><outerBoundaryIs><LinearRing><coordinates>-134.730652072725,69.6938290632979 -134.732817075327,69.6921040638531 -134.816007053853,69.6976130785767 -134.82560705322,69.6970100804149 -134.834197069681,69.6859470816705 -134.844633073015,69.6821560829558 -134.890897065985,69.6827350913489 -134.91082806792,69.6799430951461 -134.927808074843,69.6735190979806 -134.924316081965,69.669621096964 -134.909654085845,69.668324094233 -134.909744088427,69.6653250938095 -134.940247082683,69.666835099656 -134.946106074445,69.6713301011022 -134.956144072474,69.6725881025973 -134.961015068653,69.6749461037551 -134.952681056003,69.682790102389 -134.958192053309,69.6837961036391 -134.971753055003,69.6817971058099 -134.973830052005,69.684452106145 -134.968365047581,69.6876101050303 -134.939225039318,69.6958871004111 -134.912703036233,69.6999240959043 -134.825853043636,69.7034950808894 -134.796053048655,69.7031670749707 -134.778886054229,69.7015410719594 -134.758498060337,69.699604068034 -134.730652072725,69.6938290632979</coordinates></LinearRing></outerBoundaryIs></Polygon><Polygon><outerBoundaryIs><LinearRing><coordinates>-135.642012540971,69.2857782100445 -135.644011550302,69.2780422103759 -135.649733553696,69.2753492115295 -135.661405554976,69.2738992127891 -135.669493551605,69.274799214549 -135.688829539916,69.2813682184955 -135.705704533109,69.2845792216987 -135.72012052261,69.2920422246598 -135.745057508137,69.2977562291475 -135.74885450622,69.2995722297566 -135.747041492991,69.3084672301432 -135.76483047992,69.3172562334298 -135.763201472991,69.3210942331843 -135.743178472109,69.3237192303556 -135.694412480892,69.3218042213422 -135.681501492909,69.315349218061 -135.661314504135,69.3091922151917 -135.642012540971,69.2857782100445</coordinates></LinearRing></outerBoundaryIs></Polygon><Polygon><outerBoundaryIs><LinearRing><coordinates>-135.97685293965,68.9715232572143 -135.986129945121,68.9676322591418 -135.998780941634,68.9680672614573 -136.011216932018,68.9737892638764 -136.026659927992,68.9752922663688 -136.073715921289,68.9747592748717 -136.088226911398,68.9817322772387 -136.10658389973,68.9875222816146 -136.112731898447,68.989459282711 -136.123746874114,69.0052372852839 -136.120941867658,69.0106232847654 -136.113203866761,69.0123022837067 -136.097121871841,69.0091582808143 -136.071213876109,69.0080452760801 -136.056731877229,69.0089062734464 -136.03898387375,69.0130502699971 -136.024336874636,69.0127452676605 -136.013230886362,69.0068622653385 -136.009399894161,69.0004382644441 -136.011321902273,68.9957002649125 -136.025314912368,68.9865152662994 -136.021485915926,68.9833172657757 -136.006134922036,68.9815932625913 -135.979600933545,68.975818258546 -135.97685293965,68.9715232572143</coordinates></LinearRing></outerBoundaryIs></Polygon><Polygon><outerBoundaryIs><LinearRing><coordinates>-135.391923321845,69.4602391725798 -135.401277328447,69.4554481743892 -135.411438342138,69.4458431752445 -135.415785341649,69.4449271763119 -135.428450337119,69.4474671784813 -135.446607333968,69.4480021817789 -135.453856336224,69.4449341828459 -135.450028341011,69.4417231818477 -135.425230347689,69.4399061774458 -135.420105351604,69.4366271764687 -135.423566356564,69.4347421772627 -135.434568357399,69.4321091788461 -135.472335356487,69.4297911854695 -135.506301362674,69.4226351916956 -135.518766360591,69.4226191940735 -135.526659355196,69.4255871950046 -135.534059333505,69.43867919715 -135.50935131332,69.4546471932236 -135.498291313755,69.4558901910727 -135.482788309888,69.4612841887655 -135.474500307386,69.4622151874899 -135.463151316239,69.4581341849884 -135.451813318302,69.4570581828856 -135.443464315784,69.4595981816206 -135.441222310933,69.4631681811039 -135.454608309042,69.4641311838114 -135.455976304943,69.4669761846036 -135.439681305971,69.4681661813812 -135.420991297314,69.4747581785208 -135.407941300724,69.474506175718 -135.391923321845,69.4602391725798</coordinates></LinearRing></outerBoundaryIs></Polygon><Polygon><outerBoundaryIs><LinearRing><coordinates>-124.953344325543,70.1538793597576 -124.975223331079,70.1469283635829 -124.999971336759,70.1390403675537 -125.015083339321,70.1342253694201 -125.016838344255,70.1309683701921 -124.999497346393,70.1315413671202 -124.984650354708,70.129053364696 -124.981995359481,70.1268563638655 -124.990165363846,70.1224683648918 -125.000307363217,70.1203023673005 -125.00970536126,70.1202193681515 -125.02167435362,70.1243993707268 -125.035814347524,70.124383373133 -125.04119734458,70.1267263740422 -125.044563333811,70.1337083751135 -125.040078327922,70.1368353738885 -125.044810325788,70.1391933749118 -125.066361323525,70.1368723782576 -125.091567313614,70.1378583827538 -125.104646314309,70.1365073846669 -125.108781315144,70.134531385641 -125.099044319955,70.1334863838353 -125.099323322059,70.1321053837815 -125.108522320779,70.1313413859771 -125.106064325893,70.1275273851481 -125.110603333687,70.1223383859488 -125.090204334663,70.1239423824431 -125.086066337696,70.1230293812474 -125.0830083395,70.1223553816328 -125.092219342912,70.1192943827132 -125.116611340079,70.1175633869602 -125.112420344987,70.114726386213 -125.095229351629,70.1134743830904 -125.09008834578,70.1166253821541 -125.07775834745,70.1181813803867 -125.062898351158,70.1179913777506 -125.056648356717,70.1149923761463 -125.057864361453,70.112207376933 -125.068790360958,70.110468378001 -125.099898354643,70.1087433835854 -125.11441835048,70.1100863863144 -125.124476340025,70.1145493881283 -125.131135326151,70.123484389082 -125.146335313322,70.1293733921161 -125.147132310078,70.1320963925542 -125.135391300931,70.1402753905259 -125.113434294763,70.1481103873169 -125.075234293422,70.1558013808645 -125.066437302476,70.1510553788893 -125.058830304588,70.1504003777389 -125.046133303545,70.1531083759551 -125.024713309171,70.1535893720916 -125.010059304256,70.1588843696647 -124.999971310428,70.1571523675121 -124.980989318099,70.1538873647535 -124.955141323198,70.1554273596473 -124.953344325543,70.1538793597576</coordinates></LinearRing></outerBoundaryIs></Polygon><Polygon><outerBoundaryIs><LinearRing><coordinates>-135.200651307587,69.4893461391329 -135.207184311914,69.4850961401201 -135.232193315859,69.480716144876 -135.267789313421,69.4776191508828 -135.30406032616,69.4671661571419 -135.32029732166,69.4676011594936 -135.334258308631,69.4746061625017 -135.343689307417,69.4758651645248 -135.355499297206,69.4815491667796 -135.373136292443,69.4818311698013 -135.380341289258,69.4833791711552 -135.382749276796,69.4927401716257 -135.37803827106,69.4959441713652 -135.362565286026,69.4893311684999 -135.349336290082,69.4865221660579 -135.316361291842,69.4881631597802 -135.310992287665,69.4913291592595 -135.321638283475,69.4940001613885 -135.340194265937,69.5040251651581 -135.363555255043,69.5092351689451 -135.360730253637,69.511158168989 -135.342469254236,69.5122261656788 -135.320416252098,69.51585716163 -135.307146253469,69.5160491597607 -135.29435625128,69.5181161572997 -135.280655254367,69.5178181549532 -135.277434261362,69.5132561535934 -135.281737267089,69.5095631545182 -135.320906258906,69.5103491622877 -135.330369260644,69.5083271635279 -135.329054263234,69.5068701635048 -135.303146269542,69.50590215864 -135.299819276213,69.5015591576174 -135.291028277574,69.5006141561638 -135.275602274674,69.5041461537608 -135.26908627617,69.5040171517385 -135.255630284475,69.5002631498408 -135.239975287621,69.4984701466338 -135.216142290139,69.4987601422297 -135.2071842979,69.4952581402929 -135.200651307587,69.4893461391329</coordinates></LinearRing></outerBoundaryIs></Polygon><Polygon><outerBoundaryIs><LinearRing><coordinates>-120.841603998745,76.7493148465546 -120.859762011011,76.7445458496118 -120.866800020076,76.7398008504619 -120.849099048869,76.7334148474291 -120.850280058442,76.7312868471357 -120.879489044785,76.7311118528545 -120.893319043715,76.7295398544478 -120.914551058178,76.7225358581638 -120.924674058515,76.7213688597476 -120.950559034441,76.7255188643198 -120.969433030286,76.7239468682324 -121.029227992104,76.7286238782597 -121.112687969634,76.7245108928263 -121.159542922811,76.7327829011923 -121.155730907461,76.7376119006528 -121.145616910363,76.7387798989106 -121.125140920408,76.737412895751 -121.07655996354,76.7306148871922 -121.062733967651,76.7310188844733 -121.047384963496,76.7342928817302 -121.026346971438,76.7345668781529 -121.022495955574,76.740555877556 -121.033843929359,76.7465368795871 -121.029183923613,76.7493078790448 -120.964468917365,76.7587898684401 -120.93051894537,76.7547778622741 -120.914918953972,76.7543348593972 -120.901259953639,76.7561198573407 -120.900274936176,76.7608048568395 -120.885248945405,76.7610248546552 -120.87452095362,76.7592028522859 -120.861863979918,76.7528078500032 -120.841603998745,76.7493148465546</coordinates></LinearRing></outerBoundaryIs></Polygon><Polygon><outerBoundaryIs><LinearRing><coordinates>-113.230187469055,77.1024925767029 -113.242256485531,77.0950165785755 -113.257368492422,77.0909045812289 -113.350453462295,77.0844585960479 -113.372970449465,77.084570599221 -113.39035843995,77.0858156025228 -113.420027415435,77.0879436068467 -113.458458376458,77.0930406133698 -113.473060357621,77.097144615843 -113.466666355018,77.0995256151431 -113.39642035627,77.1104506035771 -113.385407347927,77.1145026019567 -113.334407319727,77.131721594076 -113.305229328354,77.1335445899785 -113.277778352786,77.1309975848835 -113.25202238765,77.1238475810031 -113.234704442836,77.1106345779551 -113.230187469055,77.1024925767029</coordinates></LinearRing></outerBoundaryIs></Polygon><Polygon><outerBoundaryIs><LinearRing><coordinates>-122.596860525969,76.0493031282042 -122.628188520136,76.0475631337702 -122.646822534009,76.0406821364666 -122.661762528964,76.040086138943 -122.670759521548,76.0423901408885 -122.681803517784,76.0417731425374 -122.691154519998,76.0393851442992 -122.693193529195,76.036463144327 -122.699620557296,76.026986145237 -122.711345563075,76.0230581472181 -122.726268559291,76.0224561497138 -122.737809548485,76.0243861525336 -122.733374538767,76.0288401516543 -122.741944529037,76.0306951530407 -122.760959531244,76.0272921559898 -122.775503510286,76.0323201593468 -122.78207950926,76.0329981603854 -122.791650499794,76.0339751616392 -122.792088519727,76.0274131615084 -122.820585515959,76.0258121665477 -122.845520514485,76.0225321710269 -122.861033516575,76.0195491734539 -122.855747529545,76.0161001727343 -122.860456534918,76.0139631732379 -122.875903536706,76.0119191760525 -122.909862493651,76.0219201819721 -122.902942482156,76.0267661809796 -122.905965456654,76.0338451821795 -122.896392450832,76.0369591803461 -122.872968456674,76.0378211764169 -122.85872544964,76.0421311738546 -122.840968451977,76.0438411713907 -122.817437466319,76.0425961667028 -122.778566495498,76.0370341600485 -122.773851490985,76.0391481589616 -122.816921451365,76.0470671670282 -122.817170441679,76.0503251672172 -122.834759432143,76.0514381699005 -122.835417407549,76.0591211708337 -122.813405405203,76.0624711671062 -122.789349418167,76.0617091625594 -122.774115417234,76.0630351600851 -122.764809426624,76.0614481579572 -122.754207449241,76.0554981562988 -122.699902470979,76.0545591463481 -122.676861485063,76.0528051425653 -122.66920748749,76.0539341413186 -122.668288476515,76.0570241408401 -122.690695465875,76.0581071449697 -122.698922449976,76.0616251464571 -122.679070452745,76.063196142994 -122.596860525969,76.0493031282042</coordinates></LinearRing></outerBoundaryIs></Polygon><Polygon><outerBoundaryIs><LinearRing><coordinates>-133.920530744366,69.315006903522 -133.922227753797,69.3090939040236 -133.950742774812,69.2916749082236 -133.963685778207,69.2880979102521 -133.97668277752,69.2856779123096 -133.994704776689,69.2849769152185 -134.0120077708,69.2869979185306 -134.018142765486,69.2904009201993 -134.015473761026,69.294405919491 -134.030853749751,69.3002439222527 -134.037721737392,69.3073989241562 -134.038987730103,69.3139689247747 -134.027695709661,69.3285399232808 -134.018567702179,69.334917921267 -134.005037701615,69.33706991955 -133.986113699543,69.340740916137 -133.961181698406,69.3433259115607 -133.946102700168,69.3432879091996 -133.938992706932,69.3405189074731 -133.935121726651,69.3275259063507 -133.928742734634,69.3220249050148 -133.920530744366,69.315006903522</coordinates></LinearRing></outerBoundaryIs></Polygon><Polygon><outerBoundaryIs><LinearRing><coordinates>-135.575241319379,69.445057204736 -135.57953132251,69.4427532054232 -135.588698321356,69.442784207092 -135.60446230777,69.4503212101072 -135.60968230647,69.4514732111413 -135.622434298517,69.4542812134974 -135.654645277739,69.4663892204608 -135.691252259764,69.4759492267035 -135.761900234227,69.4859122404584 -135.794004233613,69.48460724586 -135.82180921605,69.4934432515735 -135.823854209651,69.497929252092 -135.815860201814,69.5028112503156 -135.795031194591,69.5100212474452 -135.775574193061,69.5124632435679 -135.757172196894,69.5124172397849 -135.757158199813,69.510265240471 -135.757126208763,69.504803239839 -135.752105212128,69.5026892385349 -135.734389216447,69.5010642360768 -135.725129211568,69.5042682342427 -135.716475214016,69.5044972327766 -135.707657214778,69.5035732309931 -135.690335229026,69.4964252279919 -135.66632223179,69.4972262228524 -135.661605236601,69.4944352227445 -135.675111239028,69.490543224364 -135.672578242712,69.4887962245303 -135.646650257171,69.4818772193483 -135.632448262042,69.4797322167852 -135.60608126486,69.4799382120791 -135.609388279686,69.4692732120748 -135.601761285611,69.4656332106432 -135.597138299886,69.4566152087853 -135.580136310593,69.4503972061889 -135.575241319379,69.445057204736</coordinates></LinearRing></outerBoundaryIs></Polygon><Polygon><outerBoundaryIs><LinearRing><coordinates>-110.001828715899,72.5088169809452 -110.001830734015,72.4990669809625 -110.027626717191,72.5018009845921 -110.03422171254,72.5025019854981 -110.042115696371,72.509978987091 -110.119845645816,72.5203479982422 -110.135385625139,72.5282440006377 -110.183513591813,72.5355290079352 -110.22369055227,72.5492170144093 -110.235491534162,72.5569000161696 -110.22963353145,72.5607910155488 -110.219787534209,72.5612940144165 -110.200716546361,72.5595620108076 -110.172210569856,72.5517340064603 -110.147185582574,72.5520780033354 -110.137248588019,72.5505290014485 -110.136363590405,72.5487210011634 -110.131344611785,72.5384970006782 -110.122956616346,72.5376199988608 -110.114678618231,72.5390239978126 -110.108475599386,72.5520159972564 -110.061403620126,72.5515209897021 -110.044557632394,72.5481789876312 -110.037411648759,72.5409309863451 -110.020462665617,72.5348509836117 -110.01722967457,72.5300899830326 -110.001831690041,72.5246859805202 -110.001834695961,72.521098981211 -110.004653699071,72.519446981625 -110.001833704089,72.5165369810105 -110.001828715899,72.5088169809452</coordinates></LinearRing></outerBoundaryIs></Polygon><Polygon><outerBoundaryIs><LinearRing><coordinates>-135.835937923037,68.9972502332377 -135.850127922497,68.9948852358343 -135.865204923991,68.9932742386483 -135.894653925031,68.988848243399 -135.925934935265,68.979900248493 -135.941284933098,68.9800222512686 -135.961273923978,68.9845382549137 -135.963987926321,68.9826012552316 -135.957048935876,68.976010254635 -135.967637933835,68.9768032559202 -135.975326924973,68.9815872579491 -135.976334916008,68.9885592583039 -135.979093911078,68.9912072589562 -135.991574892271,69.0031932614276 -135.993743879178,69.0136752618009 -135.988265867231,69.0223812615422 -135.989916854646,69.0309942626076 -135.980316848103,69.0371822606541 -135.967683845281,69.0397462583628 -135.953796860411,69.0311762555286 -135.918184868009,69.0286062492599 -135.905076873667,69.0260662467542 -135.873504898473,69.0105562406619 -135.87024590056,69.0095462402388 -135.839311917648,68.9999662340325 -135.835937923037,68.9972502332377</coordinates></LinearRing></outerBoundaryIs></Polygon><Polygon><outerBoundaryIs><LinearRing><coordinates>-111.5417499199,75.8840782734698 -111.549609924678,75.8805932747692 -111.563323921395,75.8786392767015 -111.620897899751,75.876258285788 -111.629775903529,75.8734442870695 -111.623809910876,75.8712232859342 -111.602087924072,75.8698352830583 -111.593253938526,75.8671792817838 -111.594791943672,75.8651202817309 -111.635696955133,75.8526382878404 -111.654846951583,75.8499522907946 -111.699565928893,75.8494942978139 -111.74981392192,75.8432923054705 -111.770213910031,75.8426213085625 -111.86611385164,75.8468623243183 -111.878416816694,75.8581163260362 -111.864949799631,75.8662493239658 -111.851571798236,75.8698123221892 -111.830532802291,75.8723143193371 -111.71040285672,75.8749233004511 -111.67264687082,75.8769072942072 -111.662225873705,75.8774642928647 -111.581300893715,75.8857582798313 -111.552451908107,75.8867182754614 -111.5417499199,75.8840782734698</coordinates></LinearRing></outerBoundaryIs></Polygon><Polygon><outerBoundaryIs><LinearRing><coordinates>-112.904193862017,70.2894964062516 -112.908756862317,70.2878184064333 -112.929844855861,70.2876134100408 -112.94008184462,70.2920774113013 -112.952653838007,70.293174413306 -112.969966838455,70.289634416231 -113.001811825489,70.2897724209651 -113.011865824949,70.2878194224172 -113.019082826093,70.2839354235289 -113.049192815022,70.2853774284404 -113.100184785647,70.29207543643 -113.172991751489,70.2985394467285 -113.19020473981,70.3025204495278 -113.193228732372,70.3062824503289 -113.209729724477,70.3079454531154 -113.210576723861,70.3098064532145 -113.201868723641,70.3118134519382 -113.171801740315,70.3076554464963 -113.143941746118,70.3101874426437 -113.13670074661,70.3117904412104 -113.137601743145,70.3134154418053 -113.148074742394,70.3123854432187 -113.164766735984,70.3133774462083 -113.170065728079,70.3162914463693 -113.166674726756,70.3186944462303 -113.152056734684,70.3175434443172 -113.14770073323,70.3185504431872 -113.150655728384,70.322533444097 -113.114500737843,70.3254854384719 -113.036447772069,70.3204274264624 -112.999874792171,70.31533842103 -113.007709793044,70.3117074217056 -113.001162801483,70.3085174209714 -112.997221803957,70.3079214205427 -112.99139980531,70.3070524198589 -112.975603811096,70.3076704167402 -112.967586818919,70.3048854153519 -112.933896830131,70.3040014105825 -112.932847840089,70.2984924101107 -112.932109843404,70.2961584099868 -112.924503847389,70.2943034091777 -112.911871854063,70.2934194068559 -112.904193862017,70.2894964062516</coordinates></LinearRing></outerBoundaryIs></Polygon><Polygon><outerBoundaryIs><LinearRing><coordinates>-115.76961043285,70.5849388530251 -115.773297436097,70.5823598531696 -115.775002435515,70.5811618535723 -115.808871439609,70.5705798589207 -115.814737448356,70.5636158595635 -115.82982245019,70.5590818621493 -115.850557443166,70.5578468652149 -115.854932445327,70.5560918664611 -115.851947456327,70.5487438656057 -115.871309457721,70.5429238688202 -115.894549449317,70.5430838718634 -115.909976447109,70.5406108748108 -115.926798438061,70.5424888772416 -115.94761843519,70.5405578808825 -115.951439431548,70.5424418813384 -115.963663426979,70.5430988833358 -115.97492542508,70.541007884943 -116.006349414744,70.5412908896705 -116.022807415145,70.5363158928226 -116.064471401461,70.536758899046 -116.06606539587,70.5399788994178 -116.080769387609,70.5424879013764 -116.062793385115,70.5485838990657 -116.058925380693,70.5517118986854 -116.041820379568,70.5564588954361 -116.032122383127,70.5572128936717 -116.013256391937,70.5550838914102 -115.970453382761,70.5714798843598 -115.958767386066,70.5717478824323 -115.952954391616,70.569366881731 -115.936313395746,70.5706868795717 -115.924685407824,70.565932877559 -115.916997408342,70.5669488757643 -115.930567395372,70.5724198786993 -115.933557382667,70.5799868789154 -115.930764377924,70.5849618785978 -115.922215378268,70.5870968766496 -115.920261386759,70.5818168766936 -115.893688390367,70.585250872748 -115.880628393656,70.5854878700761 -115.875948402227,70.5801628697648 -115.846643414831,70.5789798651393 -115.837842425076,70.5738148640789 -115.823588430972,70.5728838615092 -115.816439418146,70.5837018602108 -115.805649418788,70.5869368583842 -115.787510420742,70.5889048561141 -115.770480428666,70.5881508530882 -115.76961043285,70.5849388530251</coordinates></LinearRing></outerBoundaryIs></Polygon><Polygon><outerBoundaryIs><LinearRing><coordinates>-133.805300368834,69.586955893391 -133.810395393318,69.5708198935649 -133.825807389328,69.5718038962268 -133.840577381721,69.5752898989627 -133.8528903786,69.5758469008944 -133.866943382031,69.573030903762 -133.87600837774,69.5747649056324 -133.884290376963,69.5741309062647 -133.885970378623,69.5721469071463 -133.87499738524,69.5696519046276 -133.87318738707,69.5674019047139 -133.879774388905,69.5661959053732 -133.887606388243,69.5664639072105 -133.8940243823,69.5694159078363 -133.904524379143,69.5696139105812 -133.910033372021,69.574367910905 -133.920775370406,69.5741219135599 -133.930296382205,69.5659139143273 -133.925615390768,69.5595969135729 -133.884064403878,69.5553469060999 -133.872697407714,69.5529969037815 -133.867387416435,69.5491819028447 -133.903181411271,69.5491359092177 -133.918503411874,69.5463979119989 -133.938325408073,69.5464969154728 -133.952820411169,69.5427739176705 -133.967805409182,69.5432549204662 -133.982146393877,69.5527299234606 -134.010238380321,69.5586669281732 -134.012893376359,69.5612689291803 -134.015531371319,69.5638619293798 -134.003601366448,69.5677519281066 -133.99995235376,69.5774799280964 -133.959730332003,69.597659921281 -133.946946327484,69.600565919197 -133.93278331835,69.6087149170536 -133.925004318018,69.6096149157606 -133.912717323387,69.6076769135482 -133.893906321129,69.6106599103575 -133.881743322115,69.6110489074258 -133.861635328339,69.6088529043882 -133.85443133424,69.6060749022649 -133.850632344054,69.5993459014049 -133.831923361463,69.5893438982776 -133.811309365772,69.5894198943858 -133.805300368834,69.586955893391</coordinates></LinearRing></outerBoundaryIs></Polygon><Polygon><outerBoundaryIs><LinearRing><coordinates>-135.410294075766,69.6264991822624 -135.416305086995,69.6189771832317 -135.425219088886,69.6153071848144 -135.444503091672,69.6135891883046 -135.452269094104,69.6110111894976 -135.456681110932,69.5980951900095 -135.45323112761,69.5879861890044 -135.471086145479,69.5730321911114 -135.508039155999,69.5625651973196 -135.53506416225,69.5566382017959 -135.545333161647,69.5558052043683 -135.55818115252,69.5611152060683 -135.571672146614,69.5634502085497 -135.579283137952,69.5687072104737 -135.592744131257,69.5726512130904 -135.603484117135,69.581303215513 -135.599091108305,69.5868342154829 -135.577864101741,69.5930832110126 -135.557571091734,69.6016882078951 -135.521469061972,69.6251262027543 -135.500717049914,69.6346241991497 -135.484145048695,69.6376531965368 -135.479033061178,69.6297641947756 -135.471832068297,69.6266061938258 -135.46287507019,69.625888192234 -135.459044067128,69.6277971910664 -135.439057055846,69.6377521878934 -135.429306053773,69.638842186607 -135.41816805956,69.6370811845005 -135.411360066591,69.6330231834453 -135.410294075766,69.6264991822624</coordinates></LinearRing></outerBoundaryIs></Polygon><Polygon><outerBoundaryIs><LinearRing><coordinates>-116.318492324097,70.5294719395176 -116.320796333558,70.5222109397921 -116.333813329038,70.5219429414691 -116.347221321947,70.5239639438378 -116.361898320881,70.5214399464668 -116.376621311596,70.5239339482389 -116.395150306883,70.5232859514985 -116.405069301366,70.5259339530033 -116.417323294429,70.5263299547774 -116.431230284926,70.5299459573236 -116.437800287181,70.5266199584868 -116.429712291595,70.5255139568583 -116.413597301327,70.523314954765 -116.408571309385,70.519820953826 -116.410929309857,70.5173499537164 -116.37185132155,70.5183949475234 -116.354588333314,70.5144959450118 -116.353318343085,70.5083239446725 -116.374308333907,70.5097659484539 -116.380280336584,70.505752948861 -116.394512331842,70.5066379506841 -116.396383328852,70.508026951548 -116.38573032698,70.5112999494778 -116.388286325686,70.5127029498022 -116.403314319484,70.5126879524868 -116.412662321878,70.5089419537502 -116.420159319574,70.5090489551551 -116.424626315308,70.511618956298 -116.43575431305,70.509948958033 -116.442752304255,70.5141519590886 -116.47875529109,70.5157859645979 -116.484232280118,70.5213329655787 -116.501262274793,70.5217979684357 -116.506495269721,70.5236889692295 -116.470746279566,70.5254749636993 -116.468446276291,70.5274969628744 -116.476847267794,70.5314859649956 -116.49287926667,70.528968967438 -116.502207259989,70.5309229685975 -116.527601251996,70.5301289728019 -116.534562251106,70.5290839739033 -116.548315257896,70.5226599760294 -116.555078252049,70.523201976664 -116.563384244394,70.5280989781481 -116.574598244419,70.5257419802572 -116.577814240309,70.5273439806604 -116.584931231452,70.5308919815327 -116.572311224488,70.5393829802417 -116.572305216185,70.5453109803156 -116.578534213816,70.5447079807249 -116.592960220295,70.5382849828566 -116.620639214003,70.5354539875555 -116.639756206832,70.5357059901317 -116.659167194601,70.5393679940208 -116.684740190962,70.5369569971865 -116.694280186742,70.5373079994791 -116.726051161431,70.5468220045427 -116.742722140975,70.5570540073424 -116.741204141398,70.558396007038 -116.695642151525,70.5619349996475 -116.670367160406,70.5613869959293 -116.662682150667,70.5688109944203 -116.585255178104,70.5691759823889 -116.583413179793,70.5673299817379 -116.590603183591,70.5644609831036 -116.570116190826,70.5639659799239 -116.56828119305,70.5621199789919 -116.580410195195,70.5579449809213 -116.582988202291,70.5534219818348 -116.561313210849,70.551543977991 -116.54734021926,70.5481639757355 -116.533703224832,70.5477529734297 -116.50723022812,70.5517279698527 -116.494189233538,70.5520099672394 -116.483421239187,70.5504919654734 -116.489907239955,70.5478449663774 -116.509249235762,70.5462889699788 -116.509419236926,70.5449229699947 -116.497975244787,70.5433959675202 -116.498325247961,70.5404439685225 -116.516130241359,70.5402299709603 -116.518619245618,70.5366149709905 -116.514116251516,70.5342719701994 -116.494946257885,70.5344689676154 -116.489437256893,70.5358199668679 -116.480852257615,70.5379259655192 -116.450097267934,70.537726960546 -116.443012274609,70.5342109595498 -116.434846278692,70.533867957568 -116.423646279825,70.5359879562292 -116.396594293396,70.5335619519323 -116.398304295393,70.5308459521671 -116.388837299836,70.53002995089 -116.380272299013,70.5328679488916 -116.362500304535,70.5328449464015 -116.362224308145,70.5296489462724 -116.348804316895,70.5276329440782 -116.342259315625,70.5307319432777 -116.318492324097,70.5294719395176</coordinates></LinearRing></outerBoundaryIs></Polygon><Polygon><outerBoundaryIs><LinearRing><coordinates>-113.615731167034,77.1325146405181 -113.624234188617,77.1241536415653 -113.66634721436,77.1090786476467 -113.684479217907,77.1051186507824 -113.701635213834,77.1043786532354 -113.721899191876,77.1067726564227 -113.738273184239,77.1067276593371 -113.756688184338,77.103675662522 -113.832716153075,77.1014636742905 -113.847388122582,77.1082916774003 -113.884398084211,77.1144946834123 -113.896349061557,77.1193096850115 -113.899045039898,77.1253896860484 -113.901384019563,77.130646686629 -113.892357985814,77.1429066851761 -113.87667897874,77.1479796828565 -113.840963976199,77.1545416772916 -113.815022982268,77.156806673042 -113.772167000438,77.1577616660151 -113.717213034071,77.1564026572633 -113.696640056152,77.1533286536935 -113.631296127467,77.1423036431569 -113.620906141701,77.1388176410431 -113.615731167034,77.1325146405181</coordinates></LinearRing></outerBoundaryIs></Polygon><Polygon><outerBoundaryIs><LinearRing><coordinates>-124.08409440673,73.5721753035819 -124.086779411847,73.5696363039514 -124.12910840397,73.5677363115022 -124.140180405312,73.5652793130392 -124.171224395301,73.5656073186482 -124.205847381223,73.5680103246856 -124.224747377375,73.5668653281562 -124.285976376822,73.5583733383729 -124.307979371589,73.5569853420776 -124.322094365889,73.5587703446917 -124.332232347763,73.5642723464909 -124.345384328966,73.5713973491889 -124.343252304941,73.582613348958 -124.35396223543,73.6131073516059 -124.35073121746,73.6213393515695 -124.331745211681,73.6269773485821 -124.326845202544,73.6325083477636 -124.340782182376,73.6385433506895 -124.341294177357,73.6417943509589 -124.328906169375,73.6464713488511 -124.320504170999,73.6473263466704 -124.311624175354,73.6458613459612 -124.308770183133,73.6427713450199 -124.318691210169,73.6291073463264 -124.307545225995,73.6242843439011 -124.278438242226,73.6207753384533 -124.222491281197,73.6098183285536 -124.152425319991,73.6024643160625 -124.140751337155,73.5969713139177 -124.112995360264,73.5893503091781 -124.101421389637,73.5784393067588 -124.08409440673,73.5721753035819</coordinates></LinearRing></outerBoundaryIs></Polygon><Polygon><outerBoundaryIs><LinearRing><coordinates>-135.657471075471,68.9022481974356 -135.665682079634,68.8994641990569 -135.718157068521,68.9025532080115 -135.73214706926,68.9012422104632 -135.742754064287,68.9034312132253 -135.807007029243,68.9221602252584 -135.819886026423,68.9234192271668 -135.877791006351,68.9330702379999 -135.930742984273,68.9430342477787 -135.935060975597,68.9497182490322 -135.933763968414,68.9544942486939 -135.955108952986,68.9634582532773 -135.962859944599,68.9696312551214 -135.959779940213,68.9724692540586 -135.944922947171,68.9689012519646 -135.936402951067,68.9668542504122 -135.932053944128,68.9712342493252 -135.924559942618,68.9738352482268 -135.908128944077,68.9748032450944 -135.894515940324,68.9782372429582 -135.884994932372,68.9857972415054 -135.879058931274,68.9861722406605 -135.872086936586,68.9828072391887 -135.850569934845,68.986728235879 -135.843397937462,68.9854252343283 -135.832395942774,68.9825322319392 -135.808456965274,68.9690212267047 -135.765686987374,68.9561112191987 -135.749054001461,68.9482932153626 -135.732850025169,68.9333462123488 -135.721223034564,68.9274092094298 -135.694672048462,68.9204292048568 -135.681412060706,68.9123182022216 -135.657471075471,68.9022481974356</coordinates></LinearRing></outerBoundaryIs></Polygon><Polygon><outerBoundaryIs><LinearRing><coordinates>-116.847425116671,70.5505610242224 -116.851246119335,70.5467300245091 -116.865991122076,70.5430300268914 -116.885958116074,70.5419710301248 -116.897614111824,70.5413450320246 -117.00452908197,70.5388950489241 -117.026638067578,70.5436940526849 -117.040896059889,70.5447550550305 -117.043795060539,70.5429620550275 -117.03738206994,70.5385680540473 -117.041050073281,70.5358730543571 -117.066316063339,70.5361410591824 -117.056948060551,70.5412830575802 -117.058789055096,70.5435800574307 -117.070234048766,70.5455180595504 -117.075379042312,70.5489880601283 -117.146004045584,70.5317240716348 -117.16934603661,70.5305940752073 -117.187653029023,70.5321430778519 -117.192301024717,70.5337840791902 -117.178788021418,70.5397960764431 -117.177845018817,70.5427480766641 -117.19086001502,70.5424210786828 -117.202385020056,70.5357060804978 -117.209954017022,70.535095081402 -117.222717010888,70.5377200836207 -117.221705993391,70.5495620838749 -117.212973997595,70.5476530823906 -117.20809299792,70.5487440818692 -117.224480980968,70.5571060843381 -117.231416980853,70.5560320855861 -117.236872990273,70.5481120864538 -117.262240995126,70.5392380905101 -117.264817991642,70.5410850900324 -117.261360980644,70.5497140899739 -117.275636969227,70.5545900924156 -117.283312962085,70.557206093413 -117.285502951528,70.5638350945522 -117.302155937329,70.5694600971655 -117.303981933031,70.5722050973219 -117.272608933364,70.5789720925971 -117.259660928322,70.5863740901747 -117.252673927415,70.5878990887338 -117.180100951645,70.587189077317 -117.159762962449,70.5847100742882 -117.139893971019,70.5847400712397 -117.13743697525,70.5815280701637 -117.117632982717,70.5808650671979 -117.10844499136,70.5764470657938 -117.103100007082,70.5675050652885 -117.116346004937,70.5649120673336 -117.126389009951,70.559769068558 -117.115535015564,70.5587470666101 -117.108097016067,70.5604860655975 -117.101552014852,70.562019064677 -117.08165002186,70.5625010609704 -117.078638029446,70.5581380612286 -117.041139033075,70.5638970553345 -116.991021047066,70.5654000469693 -116.988748054214,70.5605940464953 -116.973109062357,70.5595110440931 -116.957301066718,70.560242041794 -116.953531071841,70.5567860410856 -116.946176077857,70.5551080394791 -116.916462081696,70.5579610354734 -116.86274010497,70.5546110262158 -116.864128114396,70.547792026853 -116.856354113119,70.5502100256229 -116.847425116671,70.5505610242224</coordinates></LinearRing></outerBoundaryIs></Polygon><Polygon><outerBoundaryIs><LinearRing><coordinates>-110.001837527294,72.6225249814621 -110.006678522584,72.6235159821566 -110.0140705007,72.6340469838715 -110.038936471275,72.6446459873119 -110.089183426213,72.6585469955447 -110.099831425265,72.657820996796 -110.118556430079,72.6502379998571 -110.136119420666,72.6503890024184 -110.140286417289,72.6515120032899 -110.146943410463,72.6532980037435 -110.149744419645,72.6482840042205 -110.159425421445,72.6436920060497 -110.178475414343,72.6431510086865 -110.18821941497,72.6399220097925 -110.177348425846,72.6361010081723 -110.188745422264,72.6353680097907 -110.204996408555,72.639846012189 -110.224748402883,72.6383820156048 -110.237505379599,72.6483310176942 -110.252177367244,72.6514430201704 -110.26569534647,72.6609350215211 -110.283294336563,72.6615290245498 -110.288834328993,72.664910025013 -110.272396326565,72.6711350228388 -110.241748342797,72.6696920186259 -110.223552345934,72.6722870157144 -110.193041357226,72.6733400108067 -110.190142353619,72.6763070105382 -110.182578353882,72.6779390099448 -110.160172368885,72.675446005859 -110.133395385418,72.6724690023183 -110.126551387279,72.6731790007094 -110.123597384643,72.6752390003488 -110.146813365614,72.6810520043369 -110.168389349869,72.684372007046 -110.176224338655,72.6879730091098 -110.174073336157,72.6903620084249 -110.147891348001,72.6905130044955 -110.120132374164,72.6825339997632 -110.106613371243,72.6875979978135 -110.089819376239,72.6883459957854 -110.090851366428,72.6940309954743 -110.109168361976,72.6930469989062 -110.120910345185,72.6984550006993 -110.136935341709,72.6974780029745 -110.15725034,72.6925960054562 -110.172433316198,72.7032320082304 -110.190958301248,72.7061080115497 -110.191112296928,72.7090680109056 -110.172687297854,72.7139350080464 -110.125345297527,72.7264180008438 -110.111331301682,72.7276449993731 -110.12118031002,72.7196110004381 -110.117905319809,72.7153010001097 -110.108753321965,72.7160249983147 -110.08236831763,72.725234995036 -110.060242323223,72.727362991362 -110.033306338451,72.7249669872706 -110.020113350931,72.7211539857359 -110.005111375847,72.7107389828421 -110.001840379269,72.710156982661 -110.001837527294,72.6225249814621</coordinates></LinearRing></outerBoundaryIs></Polygon><Polygon><outerBoundaryIs><LinearRing><coordinates>-128.087338923163,70.5864059135985 -128.089186929409,70.5812479138103 -128.094817932772,70.5789819149534 -128.109497929499,70.5792949170773 -128.11526492215,70.5822709190434 -128.122023903823,70.5927529204423 -128.132795893958,70.5981999220734 -128.139405889963,70.5990319236359 -128.129284918878,70.5818359210647 -128.12769992394,70.5791199209837 -128.116653937473,70.5729939183569 -128.12655794946,70.5642119199898 -128.129774969629,70.5497849203128 -128.206832949261,70.5535459337398 -128.222029937552,70.5580849361906 -128.230299919435,70.5687279385339 -128.243543909778,70.5719789406642 -128.247710902128,70.5766009412662 -128.237867874698,70.5945919405493 -128.243283866114,70.5996199415089 -128.246318864939,70.6007259416386 -128.249816865836,70.5995209421664 -128.250471880888,70.5902809421624 -128.267119896218,70.5781659447494 -128.266417901228,70.5735889445775 -128.257232918158,70.5655319427239 -128.241163934175,70.5575899398468 -128.235703944973,70.5516459389892 -128.236874948279,70.5481369388306 -128.246215951539,70.5458249404952 -128.285002947402,70.5429479475151 -128.300413953116,70.5373419495371 -128.319704949824,70.5356699528978 -128.332806954951,70.5310919554766 -128.340836964908,70.5244699566206 -128.341810978842,70.5145129558487 -128.329499995989,70.5056939534863 -128.337535997743,70.5036799546841 -128.347015989216,70.507798957121 -128.352858974805,70.5160249583207 -128.349504959185,70.5267969581317 -128.289426870393,70.5906249495295 -128.279173841059,70.6107119484406 -128.282818826584,70.6194569493177 -128.275554802714,70.6351649481464 -128.258940802237,70.6389579455817 -128.247604803821,70.6391099435768 -128.234892808507,70.63687394115 -128.155059858838,70.61690092644 -128.137098873778,70.6108809232285 -128.111434891822,70.6015579183299 -128.092449913524,70.591676914395 -128.087338923163,70.5864059135985</coordinates></LinearRing></outerBoundaryIs></Polygon><Polygon><outerBoundaryIs><LinearRing><coordinates>-135.257263521635,69.3359491427352 -135.261123538067,69.3243901438639 -135.265699543455,69.3198271441431 -135.27203455268,69.3129081447385 -135.281370562422,69.3042711463901 -135.293397568646,69.2987171480243 -135.299606569058,69.2980381489806 -135.302181568121,69.2988091499854 -135.311400557832,69.3043551517911 -135.320237552055,69.3094591535844 -135.338667532059,69.3205381573018 -135.355301524863,69.3250391604785 -135.358961521152,69.3261531613802 -135.391417497939,69.3399461673807 -135.406342481107,69.3490871707478 -135.413695480348,69.3501771718785 -135.424867481161,69.3471041739482 -135.469377461159,69.357395182265 -135.517077450474,69.3604541910718 -135.524642445018,69.3641021922649 -135.526015431819,69.3729441930783 -135.541412429886,69.3721661961861 -135.575059414496,69.3790622017727 -135.583177408519,69.3829622033945 -135.589934398273,69.3900192051765 -135.583512392515,69.3942822042069 -135.558915387749,69.3996461997234 -135.513440396225,69.3988001920773 -135.506986399207,69.3970601901427 -135.505219409545,69.3891181899397 -135.48314242051,69.3842201861217 -135.476793419784,69.3852571846822 -135.469605414582,69.3897131840243 -135.457002412753,69.3915671812581 -135.44445940988,69.3948011792667 -135.429489410961,69.396061176308 -135.372648426728,69.3898651664045 -135.358493431744,69.3877601632815 -135.349320439821,69.3833271613464 -135.340058447633,69.3791241602648 -135.328320451866,69.3775521575191 -135.317244460721,69.3730131554564 -135.311354469449,69.3671371543621 -135.294570476187,69.3636681507001 -135.28869647343,69.3665731501644 -135.281479474114,69.3666341486556 -135.276641478092,69.3642831478708 -135.257263521635,69.3359491427352</coordinates></LinearRing></outerBoundaryIs></Polygon><Polygon><outerBoundaryIs><LinearRing><coordinates>-111.650801307518,70.3057092165982 -111.663722301414,70.3054052182728 -111.694026292077,70.3046942229676 -111.705868286321,70.3058622244664 -111.723991283236,70.302688226965 -111.772101264574,70.3032302343041 -111.801739254878,70.3021162392135 -111.82622225321,70.2962042428062 -111.848933249191,70.2934262459567 -111.889330232558,70.2945552523448 -111.948150227962,70.2814872608586 -111.961102219178,70.2833622627793 -112.014136206624,70.2771602708647 -112.017079198886,70.2825472718117 -112.012180189277,70.2910682706546 -112.155875109466,70.3107442927204 -112.167293101997,70.3132332944035 -112.169914093266,70.3197482949646 -112.183606080391,70.325111296554 -112.185537075161,70.3281252974144 -112.195030069062,70.3303152982756 -112.217655063245,70.3297883020931 -112.233670049656,70.3349603045093 -112.252416043081,70.3338243073835 -112.292671016732,70.3419573130822 -112.301677006325,70.3477853146167 -112.323406993129,70.3522483181717 -112.316999990545,70.3552163174177 -112.301667995003,70.3562623146981 -112.283162993594,70.362915312102 -112.268054998487,70.3632733094989 -112.232655013589,70.3610453041586 -112.207905016484,70.3658523006197 -112.189265026571,70.3644712972931 -112.18761703003,70.3611982975376 -112.178784037774,70.3590382961515 -112.156455046994,70.3581162927702 -112.118276064544,70.3565372865261 -112.098918081437,70.3491602836469 -112.061481101793,70.3429252782267 -112.008152131182,70.3374482702418 -111.996317144048,70.3301162681769 -111.985209151851,70.3267072666551 -111.920137184339,70.3218912568873 -111.913594189151,70.3191142561347 -111.917753192699,70.3153222567403 -111.916740199456,70.3119052567215 -111.903255205799,70.309547254906 -111.864474223654,70.3075712487139 -111.842975238366,70.3028252454964 -111.811183243128,70.3082192406338 -111.788036249467,70.3103552365557 -111.746127262492,70.3113712311863 -111.707044280107,70.3102642246349 -111.683783285245,70.3125462209816 -111.671989293568,70.3093182193365 -111.65150730397,70.3075712165907 -111.650801307518,70.3057092165982</coordinates></LinearRing></outerBoundaryIs></Polygon><Polygon><outerBoundaryIs><LinearRing><coordinates>-138.851575741484,69.5725908032892 -138.857482744175,69.5702718036376 -138.876569743705,69.5700188074497 -138.890899747887,69.565701809995 -138.914915746532,69.5642368141503 -138.926085741573,69.5664488160088 -138.917342738916,69.569583815101 -138.92041073492,69.5726748157238 -138.928480732264,69.5743228170102 -138.985364723693,69.5748938271769 -139.000317728236,69.5705838298939 -139.05560276862,69.5410648385631 -139.09646380037,69.5158658450631 -139.105663800886,69.5157128461043 -139.108108788874,69.5235788473152 -139.122844777317,69.5295678498937 -139.137955777013,69.5293858526932 -139.143964771659,69.5316898543042 -139.162869760312,69.5389138574551 -139.184141741826,69.5499238619765 -139.200681740566,69.5493218659502 -139.20999073627,69.5512288668933 -139.229599705596,69.5711028716285 -139.248974702811,69.5721938754707 -139.253510697173,69.5748558762528 -139.242308687384,69.5825088747503 -139.245833681254,69.5865208755937 -139.254302683158,69.5842788772779 -139.263959692536,69.5774888787364 -139.26931470729,69.5671278786769 -139.28030170965,69.5651908807873 -139.316299733292,69.5478018864285 -139.319214731688,69.5486578869319 -139.324202727959,69.5501148878034 -139.318234719838,69.555424886981 -139.236543659569,69.6017888743027 -139.192624634657,69.6211968674824 -139.162369627198,69.628682862152 -139.145065615627,69.6368138588712 -139.1358506143,69.6379578579035 -139.124646613415,69.639347855748 -139.102902616159,69.6386308519672 -139.083601620225,69.6379898479653 -139.059082632534,69.6314428438647 -139.012039640926,69.628025834727 -138.962506656263,69.6217698260126 -138.942108666526,69.6171758215074 -138.877641710086,69.5918248084751 -138.851575741484,69.5725908032892</coordinates></LinearRing></outerBoundaryIs></Polygon><Polygon><outerBoundaryIs><LinearRing><coordinates>-120.826100638037,75.9046418128007 -120.841760658691,75.8957458153554 -120.8453166999,75.8814178149362 -120.858549718219,75.8731088178936 -120.866502776221,75.8525248184151 -120.91591389692,75.8036598253821 -120.928073923093,75.793610826529 -120.9374099404,75.7858828281261 -120.966847976537,75.7697998324529 -120.995117024028,75.7488958370943 -121.041477050436,75.7340408443159 -121.071001049672,75.7297758491648 -121.140663016909,75.7318748613816 -121.156285005987,75.733636863799 -121.20476195483,75.745377873229 -121.251638923257,75.7490098815068 -121.266418917101,75.7501698838126 -121.281063895932,75.7552278864324 -121.281854867435,75.7651988871007 -121.272513856158,75.7698528861931 -121.250982852544,75.7746678819958 -121.23406083511,75.7827308796074 -121.213747830912,75.7867828756799 -121.141763838978,75.7936338640416 -121.075030833484,75.8046358523561 -121.067598826229,75.8082598513811 -121.082989800738,75.8153998545705 -121.079925789749,75.8185748539297 -121.072626792711,75.8189338530169 -121.054494822044,75.8107698491378 -121.036619831909,75.8097918465047 -121.016788821458,75.8168188425624 -121.019023799803,75.8241438434832 -121.007587772129,75.8344658421039 -121.023733735167,75.8448198450665 -121.023020724381,75.8485728448378 -120.998370717312,75.8544398410257 -120.991990709464,75.8582398396838 -121.001037660779,75.873817842001 -121.000104648346,75.8787098421091 -120.998896628736,75.8850798417972 -121.020944597298,75.893288846169 -121.010908578165,75.9007498452539 -121.021238548896,75.9097598469425 -121.016877527229,75.9171848468833 -121.002951514522,75.9234468439428 -120.994551489989,75.9329168436063 -120.978192482317,75.9374338401384 -120.953734483646,75.9402548366225 -120.918039494634,75.9422238302686 -120.897994518553,75.9364558263678 -120.883642521817,75.9364638237167 -120.855846522723,75.9410498193355 -120.844668550853,75.9320688170844 -120.838736619868,75.9095998154281 -120.826100638037,75.9046418128007</coordinates></LinearRing></outerBoundaryIs></Polygon><Polygon><outerBoundaryIs><LinearRing><coordinates>-110.002317777877,76.2388730426535 -110.012172775962,76.2386390439209 -110.033371755812,76.2408520476107 -110.042171744054,76.2440180491617 -110.051644698826,76.2590170505274 -110.069435664374,76.2680740534327 -110.122958604517,76.2795180626018 -110.136219603307,76.2765120648765 -110.16181256505,76.2859870688119 -110.176243554172,76.2861630706307 -110.18665251604,76.298203072679 -110.198394504261,76.3011170744924 -110.215751491273,76.3015130775712 -110.233723494294,76.2968820801184 -110.260140462729,76.303162083973 -110.316443452683,76.2965550923568 -110.329069439476,76.2980950948091 -110.337325417718,76.3053510964717 -110.366364392987,76.3072741006309 -110.35789439139,76.3098210995837 -110.328335396824,76.3135900950832 -110.329638386216,76.3181370957018 -110.301793360809,76.3323810912648 -110.314085325454,76.3418960938288 -110.305656323258,76.3453440926131 -110.307934306672,76.3498900925478 -110.322672291589,76.3532480955115 -110.382514260062,76.3525391047332 -110.396187246881,76.3543001068148 -110.355299246496,76.3626781003566 -110.341294238311,76.3691180985057 -110.377923121073,76.4035881046637 -110.359545094771,76.4164121020932 -110.375470072145,76.4213641053826 -110.365479045422,76.4330601034654 -110.357047050175,76.432320102797 -110.353165069456,76.426857102108 -110.313123078384,76.4314180959323 -110.292929105595,76.4256140921947 -110.291036080887,76.434928092621 -110.265253112514,76.4277420885458 -110.246804124771,76.4278100854434 -110.217363110603,76.437491080675 -110.165126132165,76.4413300731146 -110.100995162663,76.4419930635181 -110.082741161811,76.4457010607221 -110.042847136496,76.4624630543574 -110.01785413521,76.4684440510787 -110.010382121249,76.474395049539 -110.01550810655,76.4789350506752 -110.002386112317,76.4792950488251 -110.002317777877,76.2388730426535</coordinates></LinearRing></outerBoundaryIs></Polygon><Polygon><outerBoundaryIs><LinearRing><coordinates>-110.00184432067,72.7444969833602 -110.007320316438,72.7446289836417 -110.026619303139,72.7472909865383 -110.034508293382,72.7522659878525 -110.03323628306,72.7581849881805 -110.038681276452,72.7597579882891 -110.054742271917,72.7583309908797 -110.071649275134,72.7525329933582 -110.084969277177,72.7479689953485 -110.11870226371,72.7471460003531 -110.136140263599,72.7429810034972 -110.181335270642,72.7270810101387 -110.206450264019,72.7237780136897 -110.22180425658,72.7241670160293 -110.225029250181,72.7271040164678 -110.219262243156,72.7337340153654 -110.221696236959,72.7362210156817 -110.233347227273,72.7388990177269 -110.203737230437,72.7444990136761 -110.182330236403,72.745957009835 -110.162026233265,72.7540130067502 -110.14375323552,72.757049004376 -110.1280612285,72.7657610022617 -110.139719218965,72.7684390035539 -110.142962209509,72.7718420041782 -110.139360203702,72.7766340042124 -110.148006193829,72.7802340055411 -110.152253178158,72.788186006281 -110.173856165587,72.7894520092599 -110.181711158178,72.79260201074 -110.155182156511,72.8004520067661 -110.150809149995,72.8052510056925 -110.161233133046,72.8131710078149 -110.183635119383,72.814430011403 -110.20098509845,72.8218610134971 -110.22656408333,72.8244700173045 -110.258248066021,72.8259130222738 -110.298225053062,72.824119028557 -110.359118024829,72.8240280378186 -110.392612004987,72.8277120430106 -110.410363994759,72.8296570453076 -110.478237943304,72.8408660561292 -110.507328919325,72.8484270598132 -110.53336989343,72.8562320640187 -110.542299879109,72.8620910656389 -110.53876387474,72.8666620655088 -110.548541858166,72.8734290668754 -110.57139583575,72.8791970699657 -110.665193722603,72.9202190847389 -110.700508682456,72.9347610905423 -110.704730656454,72.9481570910536 -110.707490651706,72.9510340919928 -110.71579063314,72.959687093161 -110.70035560271,72.9796000914743 -110.664298592989,72.9953220857854 -110.628500606177,72.9955680801549 -110.573182612736,73.0052560718596 -110.411011690712,73.0030440477878 -110.407290686223,73.0055700469496 -110.400313688093,73.0060260462966 -110.377036697172,73.0075600426073 -110.330598731917,72.9998400352143 -110.256460768277,72.9970240238247 -110.208636800458,72.9908820168844 -110.175955816221,72.9910280117307 -110.153991830354,72.9877170087874 -110.115066850319,72.9871980022527 -110.067453875163,72.9839779952703 -110.001853918537,72.9763559851668 -110.00184432067,72.7444969833602</coordinates></LinearRing></outerBoundaryIs></Polygon><Polygon><outerBoundaryIs><LinearRing><coordinates>-113.442158335988,76.7937846018008 -113.445256393575,76.7747806014815 -113.455058411156,76.7677776027409 -113.477051415872,76.7614826063499 -113.478326434848,76.755981606231 -113.488239439749,76.7526176076237 -113.531925437208,76.7457436145599 -113.5435934448,76.7416606167813 -113.544052469297,76.7336646166222 -113.547994475767,76.7303996171412 -113.565671471537,76.7296536195344 -113.576681472009,76.7267376216693 -113.585777503279,76.7146986223323 -113.597179515839,76.7099386241296 -113.653391489873,76.7085346331743 -113.683758458688,76.7132646387212 -113.697014478104,76.7048576404375 -113.709524475553,76.7039106424904 -113.750820411308,76.7175826490271 -113.775923387579,76.7212536537786 -113.867567331254,76.7244266680855 -113.889247320401,76.7238086716911 -113.922003325011,76.7177346773244 -113.980422294858,76.7169036863924 -114.007384288131,76.7143476907819 -114.02737029715,76.7089536936061 -114.010835328834,76.7014916909419 -114.021332336761,76.6974176928866 -114.033017330588,76.6967396948917 -114.042382324127,76.6979376960301 -114.087189247974,76.7149197040172 -114.111062228316,76.7176737075273 -114.137080196014,76.723580712453 -114.164026180362,76.7237477163815 -114.222228131895,76.7304087259934 -114.251827116855,76.7296067313546 -114.270834122958,76.7244347339966 -114.334035096244,76.7229687449886 -114.350403075934,76.7267617470811 -114.375767068205,76.7253427510469 -114.397227053797,76.7267467550914 -114.436587012318,76.7332697614243 -114.516188951223,76.7405707745217 -114.538315937646,76.7410357780712 -114.556144939131,76.738151781004 -114.577816929079,76.7374807846378 -114.603535895685,76.7444917892726 -114.640340878789,76.7441867952172 -114.655276870405,76.7441037975903 -114.676444840723,76.7496038018027 -114.694192826677,76.7515188040529 -114.761982794456,76.751220815682 -114.792797770498,76.7533038203894 -114.809950755884,76.7561348234765 -114.835007720045,76.7636038278285 -114.843869691784,76.7704998298673 -114.839355645998,76.7861568289995 -114.812399610576,76.8009198250358 -114.802159582819,76.8125768239441 -114.79361357228,76.8161858228274 -114.717579554779,76.8340378106141 -114.710582527999,76.8440248100517 -114.696101521587,76.8479838073957 -114.67008053473,76.8482978031621 -114.656030533061,76.8508758016719 -114.63219151269,76.8616647976661 -114.597699530757,76.8610017920095 -114.538349551482,76.8644487823985 -114.575804524012,76.8667077881217 -114.582607513222,76.8686297895214 -114.580515507765,76.870957789768 -114.536889517331,76.8752747823221 -114.514269533216,76.8741307782168 -114.515493544975,76.8695367786887 -114.485985563793,76.8687587737523 -114.419294589124,76.870780762832 -114.371524601086,76.8749317556784 -114.303164594748,76.8879327450117 -114.274106610513,76.8879457399931 -114.253506621192,76.8879557366585 -114.202872649672,76.8873147277913 -114.155066667622,76.888908720207 -114.13380469114,76.8858797165668 -114.100933704603,76.8869477116437 -114.088339712287,76.8854897091717 -114.063607707225,76.8924407058745 -114.041453705012,76.8953567019431 -114.025265717885,76.8951956993604 -114.01195373484,76.8917856967669 -113.9759707485,76.8926696916431 -113.928435795271,76.8864366829933 -113.911646800309,76.8874286803683 -113.891581791339,76.8934946777081 -113.804791836126,76.8932046634165 -113.781984865472,76.8883446598715 -113.762257870247,76.889594656802 -113.732749886168,76.8887256513586 -113.631708030906,76.8600776345861 -113.593725068984,76.8545466278512 -113.557285139934,76.838021621512 -113.507002186798,76.8313136132546 -113.466228214461,76.8292396062612 -113.45213223308,76.8258136044195 -113.445081246011,76.8225026026794 -113.459903267937,76.8122176048982 -113.442158335988,76.7937846018008</coordinates></LinearRing></outerBoundaryIs></Polygon><Polygon><outerBoundaryIs><LinearRing><coordinates>-113.541155843604,77.8160096509261 -113.558497855005,77.8098066530755 -113.586149845573,77.8084716579312 -113.599872851527,77.8043746598298 -113.605307883356,77.7951666606392 -113.622424898995,77.7885056629425 -113.66504390245,77.7807616693562 -113.685780933061,77.7692496724782 -113.709977934056,77.7645256762951 -113.731222959661,77.7546016791723 -113.740786965733,77.7512506808654 -113.862963978461,77.7291637002878 -113.883056994103,77.7224427033929 -113.897504989161,77.7208247059123 -113.94909596289,77.7208787139886 -113.980494964774,77.7157817188581 -113.996721941369,77.7189337215675 -114.056114936831,77.7112967314502 -114.157194910368,77.7033617472605 -114.223101875197,77.703132758172 -114.23652487001,77.7030867606121 -114.278018839659,77.7048577668802 -114.334495764177,77.7170797771035 -114.35030874015,77.7215887793455 -114.351173721857,77.7263727798978 -114.415208643221,77.7382047914488 -114.457383598375,77.7438197980583 -114.4865515557,77.7517398030328 -114.511887526046,77.7555998073468 -114.517690509567,77.7591478088878 -114.492431501763,77.7657938042997 -114.503102475131,77.7706228063309 -114.500370470322,77.7733928065328 -114.556624359517,77.7949758164604 -114.641224282555,77.8029628306262 -114.692258206297,77.8156898393302 -114.709307175153,77.8224408423284 -114.748197124966,77.8294608489048 -114.81297599322,77.8553848610887 -114.859571944136,77.862236868608 -114.871128924057,77.8661198708308 -114.876575910505,77.868522871466 -114.870768897542,77.8725288706983 -114.872044896063,77.87358187146 -114.874263886707,77.8754278717089 -114.896428861662,77.8786468753865 -114.947854771895,77.8956688845376 -114.96142872187,77.9061518871644 -114.999324679587,77.9124678932813 -115.063564538491,77.9402009052721 -115.08030250138,77.9474029082279 -115.082294448944,77.9608549095076 -115.070660452345,77.9617769072112 -115.05948946766,77.9590379055392 -115.051988472087,77.9594209045082 -115.044784462931,77.9627689030586 -114.999959494187,77.9612888950837 -114.984604503828,77.9607848929468 -114.963817515443,77.960860889462 -114.942991523875,77.9609378862277 -114.939058524795,77.9619378857696 -114.904939542656,77.9617008795367 -114.889363545435,77.9636158771587 -114.889729532627,77.9668048777115 -114.907081516002,77.968749880486 -114.913776502677,77.9713598815255 -114.877090517345,77.9727708753177 -114.869727508993,77.9758918747806 -114.878239488929,77.9800728763629 -114.84768949353,77.9829568707475 -114.825222498653,77.9845588672876 -114.802762506031,77.9861608642079 -114.788735506364,77.9886858617443 -114.73197648401,78.0018998523088 -114.724565477337,78.0050128511113 -114.723948444289,78.0134818518026 -114.714826442892,78.0152668503378 -114.639373432643,78.0290448379026 -114.581610459537,78.030578828943 -114.556228454491,78.0356298243966 -114.516521467123,78.0381848183405 -114.491507465417,78.0416108140778 -114.458494431485,78.0547878092751 -114.442304431363,78.0580978064583 -114.398500419362,78.0670637995606 -114.366480415361,78.0724327949648 -114.331809430324,78.0741967892349 -114.310481443788,78.0734327858621 -114.304049458406,78.0712597844841 -114.303165475353,78.066414784631 -114.297944588888,78.0377967821268 -114.303014601457,78.0340427825065 -114.316239591417,78.0340427850152 -114.337640566794,78.03777378858 -114.355439555421,78.0381477919837 -114.354074576565,78.0322267913665 -114.331167620812,78.0248647869288 -114.30295465152,78.0205687823405 -114.248072700348,78.0156037731793 -114.229921725242,78.0115737698352 -114.204475742414,78.0107797658748 -114.162996782107,78.0065687590738 -114.113147834296,78.0001147502044 -114.090253869158,77.9950257464931 -114.071425878586,77.9946677432597 -114.035236933071,77.986367737097 -114.026751955178,77.9814827355287 -114.036795969159,77.9762957370273 -114.023436997783,77.9701237344946 -114.031450004806,77.9681637363094 -114.038576015261,77.9639277372016 -113.998655082548,77.9513627297111 -113.994462126103,77.9404687290538 -113.981284144328,77.937492727047 -113.922037201783,77.9311677169687 -113.910720222573,77.9272457145783 -113.91955022931,77.9245917163956 -113.935832221016,77.924324719206 -113.911232260532,77.9171317143644 -113.886699300584,77.909958709998 -113.851982341401,77.9044647040079 -113.836561352244,77.9040377017591 -113.821051352089,77.906334699781 -113.804798372018,77.9036256968032 -113.724460435317,77.8985226836537 -113.707494461072,77.8937676801012 -113.682009514178,77.8834386763321 -113.683473534961,77.8783956762357 -113.651897564368,77.8752366707245 -113.646438578548,77.8721246696565 -113.652842596405,77.8656386705207 -113.650188628381,77.858146670091 -113.668317653395,77.8480536726429 -113.660662681661,77.841782670735 -113.644757720077,77.8335726679958 -113.569534790298,77.8260726559374 -113.550495818658,77.8211126521836 -113.541155843604,77.8160096509261</coordinates></LinearRing></outerBoundaryIs></Polygon><Polygon><outerBoundaryIs><LinearRing><coordinates>-117.437839507091,76.0952912393727 -117.442586513006,76.0919112403088 -117.476200521455,76.0838862458135 -117.482976539843,76.0774462468944 -117.468759601249,76.0579152437655 -117.471507619008,76.0511562439047 -117.486132627757,76.0467532461277 -117.503441635644,76.0404142488607 -117.503033641837,76.0390412488925 -117.500474667409,76.0303972482299 -117.507488687484,76.0227982490582 -117.550530700513,76.0116742564338 -117.555632713575,76.0057542566065 -117.541486766625,75.9896712540319 -117.545665787519,75.982171254104 -117.576068809062,75.9691702588777 -117.590892851974,75.9523242607495 -117.605907860782,75.9472122631028 -117.639895857983,75.9421242687467 -117.65076789837,75.9267972705338 -117.713573886329,75.9209072809275 -117.726139895669,75.9165662823708 -117.739157932477,75.901840284433 -117.755139933873,75.8985142869955 -117.774387945265,75.8911602897828 -117.773397970246,75.8831412896721 -117.782135001211,75.8708582909818 -117.806400995689,75.8688602944546 -117.823509001385,75.8643342971312 -117.824106013788,75.8590242971641 -117.796543057864,75.847565292128 -117.805719070184,75.8424082939397 -117.794025099703,75.8338482918364 -117.798352103315,75.8316202919694 -117.822170095313,75.8305442965632 -117.862686085433,75.8274853029107 -117.873526118298,75.8142023042654 -117.865773148245,75.8059633029671 -117.871512152236,75.8029953031583 -117.887902152923,75.8005613065894 -117.887413166183,75.7950513063407 -117.89613817691,75.7908253075227 -117.920804168933,75.7897043115332 -117.928908171746,75.7875683125025 -117.923310185306,75.7829363118492 -117.935078203976,75.774453313611 -117.924557230772,75.7663193117562 -117.936655241658,75.7614913134231 -117.926069260062,75.7563643112581 -117.93252627057,75.751519312495 -117.928151278907,75.7489103115533 -117.896362308738,75.7427083059858 -117.896546320809,75.7383193063447 -117.91091631922,75.7373443080013 -117.937527313275,75.7351083123148 -117.954536308655,75.7336733154427 -117.963411324847,75.7266783166036 -118.000610333004,75.7186373230941 -118.004042341102,75.7150573233475 -117.996718358793,75.7091153215407 -117.999245370426,75.7055673221937 -118.008898381369,75.6999143238304 -118.032580378813,75.6974273275342 -118.036136385761,75.6940693277889 -118.028442402395,75.6890573268848 -118.033557408989,75.6851893276429 -118.054426399193,75.6857913313434 -118.080775400069,75.6815953355049 -118.091746406248,75.6781933370867 -118.084349427093,75.6706323354206 -118.099098430449,75.6673213376841 -118.118123422251,75.6679923413767 -118.133962418871,75.6664743435613 -118.140557439492,75.6574783445444 -118.115376469249,75.6512763402938 -118.128191469111,75.6494153421449 -118.1327914629,75.6508573426506 -118.167091459407,75.6461193483708 -118.18603445717,75.6451663518023 -118.196326459501,75.6422503535653 -118.179518479211,75.6375823508919 -118.174169491991,75.6334083498557 -118.185795504523,75.6281363514845 -118.199903499813,75.6269083533884 -118.211593515381,75.6202483556275 -118.224921512275,75.6192713578966 -118.248708498751,75.6202173613777 -118.245453516843,75.6134343611877 -118.191288556117,75.6083463514179 -118.184690564746,75.6051333505527 -118.194125573364,75.6008543517778 -118.223809560194,75.6008923568937 -118.238519560041,75.5991753595091 -118.252463564878,75.5947273614526 -118.277187598502,75.5792703655273 -118.316892606019,75.5701393720351 -118.367741642146,75.5492793793726 -118.429969630874,75.543862389497 -118.447377643427,75.536263393076 -118.460793631415,75.5385073950583 -118.476262625485,75.5381323973565 -118.483254642518,75.531631398874 -118.510613635937,75.5296334033305 -118.522850636223,75.5270694051183 -118.544992687379,75.5052114082219 -118.555624695851,75.5001764103462 -118.575547691247,75.4996204131416 -118.613608647317,75.5087144198623 -118.631089638951,75.5100864228025 -118.671096625395,75.5091794293447 -118.703408605881,75.5106434351704 -118.715476592598,75.5136194375279 -118.724415564279,75.5231794388942 -118.74606254088,75.5280694433502 -118.758088517402,75.5352034456544 -118.769599506318,75.5372704478915 -118.810845489765,75.5381334545612 -118.830606471923,75.5414824579432 -118.851769462678,75.5413144614253 -118.87885247361,75.5332804661227 -118.892799468634,75.5334014683413 -118.906726453645,75.5362864706899 -118.91314043752,75.5417944720457 -118.906644423532,75.547372470869 -118.907381415817,75.5498824715528 -118.899100416911,75.5513764698849 -118.927694385805,75.558167474554 -118.95626035505,75.564949479766 -118.964996365817,75.5599754814653 -118.975208361427,75.5600134831769 -119.005252328058,75.5675434883305 -119.040441300771,75.5716264942883 -119.072625284565,75.5725864999506 -119.149749262589,75.5700535127248 -119.166107263713,75.5668195161296 -119.191215254296,75.5669175197391 -119.223026220889,75.574120526001 -119.253293203173,75.576302530776 -119.270242179346,75.5820485340197 -119.30333516774,75.5815595395017 -119.330269139864,75.5882655446789 -119.374718098157,75.5960715521042 -119.39306707776,75.6010605560624 -119.403412047636,75.6105515579046 -119.399291035319,75.6157775568109 -119.396984026317,75.6186845573992 -119.343808983583,75.6426945486323 -119.315942939106,75.6616675441595 -119.305890934823,75.6650315425397 -119.211094885178,75.6966105279452 -119.19686888448,75.6990445253071 -119.166538895813,75.6998605203538 -119.161259887099,75.7030815193665 -119.168753869864,75.7085425204519 -119.163608866861,75.7106105196504 -119.103867861076,75.7218715102947 -119.081709848933,75.7292575061551 -119.071868826503,75.7382055056409 -119.014978789589,75.7594774959353 -119.003542788437,75.7620244943239 -118.969884803511,75.7608574885375 -118.954634801217,75.7647094861169 -118.948059787682,75.770295485485 -118.950742752902,75.7826474855584 -118.943410748455,75.784332484627 -118.925415761278,75.7827464814132 -118.915320755599,75.785927479892 -118.909638743987,75.7914744793903 -118.910954722287,75.7990354802156 -118.880864690554,75.8145604754825 -118.808264663746,75.8343134631431 -118.799221639112,75.8448264626144 -118.80131763058,75.8479784628407 -118.792692625814,75.8506254615413 -118.741001643436,75.8524564523676 -118.73373063605,75.8557294509929 -118.753413612216,75.8611844548941 -118.749049604582,75.8645794541784 -118.720405599517,75.8698674498419 -118.713125595116,75.873154447985 -118.715981564634,75.8831864490638 -118.681767547372,75.8944554440387 -118.581512502689,75.9251184280045 -118.555361502699,75.9286594232423 -118.554006493293,75.9324044234513 -118.520854505582,75.932527417504 -118.507841505666,75.9344114158736 -118.472648481965,75.9475104101274 -118.387558475733,75.9629673964737 -118.363025459827,75.9721913924199 -118.345531457193,75.9760673896328 -118.318076462981,75.9777843849273 -118.288182489485,75.9726793797726 -118.239200504319,75.9749613712718 -118.229129514589,75.9725723697626 -118.216620522711,75.9723453675572 -118.20660551874,75.9745563659883 -118.182066525784,75.9763813619763 -118.168281539036,75.9741223590251 -118.152616542447,75.9749303563612 -118.14408153799,75.9780123548475 -118.139933520234,75.985070354775 -118.144783512323,75.9867413555645 -118.142470506321,75.9891293553673 -118.116019488279,75.998621351144 -118.110180466055,76.0075843502431 -118.112876440426,76.01646535144 -118.105021418287,76.0252843502417 -118.082680408337,76.0323043469184 -118.022701406803,76.041840336976 -117.97489742312,76.0433353289252 -117.942771425372,76.0470143235884 -117.924512422418,76.0499663202185 -117.914700416846,76.0542233190971 -117.904524401366,76.0610353178016 -117.888224403964,76.0625313149992 -117.870096398049,76.067314311709 -117.862571382727,76.0738003106897 -117.869400356691,76.0818413117473 -117.859014346712,76.0868163108946 -117.823886331524,76.0967953048803 -117.799213303698,76.1098643010617 -117.785016299303,76.1133432991852 -117.702606304085,76.1247102851089 -117.693912306,76.1250162842461 -117.65932531774,76.1261912777382 -117.622901342566,76.1230862720441 -117.592155380137,76.1149222668415 -117.546102409501,76.1116582585724 -117.498382454315,76.1038372507422 -117.448523491712,76.0988402413501 -117.437839507091,76.0952912393727</coordinates></LinearRing></outerBoundaryIs></Polygon><Polygon><outerBoundaryIs><LinearRing><coordinates>-110.002686605469,78.6924911155307 -110.002712063767,78.322437102276 -110.015005054075,78.3231951044136 -110.020496057486,78.3209081055578 -110.0112490776,78.3170621040668 -110.044644075745,78.3117371089696 -110.061765051922,78.3155741116352 -110.071893045414,78.3157661128568 -110.078281059843,78.3105081141217 -110.104183042453,78.3111191182004 -110.141102027215,78.3087381241712 -110.167621036411,78.3027411280377 -110.20878502653,78.2978361338102 -110.23039805479,78.2872991371249 -110.252585051103,78.2842641406022 -110.271962043158,78.2833251436395 -110.282739037684,78.2827991452419 -110.327079030697,78.2769471520479 -110.366283007404,78.2765811577732 -110.425360941559,78.2847751677194 -110.467241901702,78.2884741744533 -110.54380984283,78.2908861863774 -110.586121790653,78.297980193172 -110.619899765489,78.2987371985333 -110.637564763594,78.2961492009731 -110.675891737502,78.2973332071078 -110.707831699384,78.301506212508 -110.779756584958,78.3193512243748 -110.796766571447,78.320396227343 -110.816919562051,78.319611230423 -110.827190553488,78.3206932315849 -110.829801540364,78.3234092326615 -110.819618515138,78.3316642314569 -110.830611481239,78.338204233405 -110.853747452284,78.3426362366813 -110.871955436582,78.3439102400937 -110.892175425993,78.3433302429782 -110.909421403087,78.3457412461608 -110.917940382971,78.3502432475714 -110.916106338196,78.3614132476456 -110.925985310539,78.3675002494953 -110.952729270401,78.3728102537212 -111.012393212318,78.378836263576 -111.031519208497,78.3762782661492 -111.050636206783,78.3737182694048 -111.076623177274,78.3773122737936 -111.0820481498,78.3832012749429 -111.100559128625,78.3858182777617 -111.129636092488,78.3908692819289 -111.149997076821,78.3907312854207 -111.196163083593,78.382248292518 -111.230439082405,78.3774652980051 -111.250850069201,78.3777853013434 -111.274535052278,78.3773953050713 -111.280921057803,78.375077306147 -111.238820169798,78.3530502982813 -111.242116197951,78.3457412987009 -111.215043242462,78.3388672944247 -111.222330251403,78.335174294719 -111.209700290536,78.3268362928546 -111.214543307782,78.3220212937374 -111.24156729103,78.3220662973436 -111.29421023866,78.3271703066729 -111.317996219644,78.3279183102626 -111.354911202201,78.32652331604 -111.384684174478,78.3292613208611 -111.401232172353,78.3273243230226 -111.40916718924,78.3213493243628 -111.404134205071,78.3184203237346 -111.41810723319,78.3085403257632 -111.41395725266,78.3042363243357 -111.382120304848,78.2958153194024 -111.383114331186,78.2887503188254 -111.403253368246,78.2758563215693 -111.428028377081,78.270201325997 -111.450248365837,78.2691273294218 -111.486740332967,78.2724983349598 -111.563932285221,78.2723153474644 -111.57079327977,78.2723003487251 -111.60759923871,78.277015354521 -111.62712823948,78.2736733574574 -111.704788189742,78.2750773695976 -111.740335172448,78.2734153755982 -111.785880131656,78.276672382963 -111.802618105153,78.2815393854856 -111.843033957404,78.3128433935886 -111.855683862708,78.3348313958721 -111.87007683938,78.3388053987508 -111.920769787985,78.3435814067693 -111.947219760645,78.3468704114494 -111.981095716158,78.3533324165485 -111.988767706669,78.3547984184249 -112.01548667611,78.3579714226222 -112.054117629644,78.3637534286472 -112.138801541459,78.3727344428233 -112.160461527055,78.3734354464458 -112.221899519197,78.3657604556197 -112.286153502076,78.3605504661668 -112.364040454602,78.3601914783399 -112.398141447886,78.3566424840126 -112.402820462322,78.3529434849563 -112.397765471152,78.3509514836875 -112.410868472184,78.3492124859079 -112.462017436901,78.3504784940814 -112.483492439874,78.3463744972067 -112.499436427803,78.3468855003439 -112.508999412753,78.3488235015261 -112.515452415849,78.3476175027116 -112.583734383706,78.3454825135378 -112.597279383324,78.3436435157814 -112.618533378788,78.3407595192638 -112.65439836063,78.3398895247084 -112.674686381649,78.331901527734 -112.69928237043,78.3311615322124 -112.697245385613,78.3279955309832 -112.707890386467,78.3258215328872 -112.735970354016,78.3293605379043 -112.758975351923,78.3270345410444 -112.748132365511,78.3246615392225 -112.721109383525,78.3247615353973 -112.705710401602,78.3221975322354 -112.702489418717,78.3188175318117 -112.735108414618,78.3147805371394 -112.74177442415,78.3106005376651 -112.731940459804,78.3038795362219 -112.69706951177,78.2960895304067 -112.706433513883,78.2934725312849 -112.751196459244,78.3004615387821 -112.763871436103,78.305321541427 -112.778178371406,78.3195115442352 -112.79814239179,78.3108435474678 -112.814470396993,78.3070145493611 -112.840228406107,78.3009805531202 -112.860965433427,78.2913735566567 -112.877211429744,78.2893515587223 -112.938175390668,78.2901835693566 -112.987620404092,78.2792965769047 -113.015521391021,78.2787095813403 -113.030647388938,78.2761755835853 -113.046456391532,78.2735205860394 -113.067414383776,78.2723385890992 -113.116210350195,78.2739785977294 -113.136143355855,78.2696076002972 -113.176146335988,78.2683876070973 -113.176732301861,78.2770466076654 -113.21485023981,78.2870266140153 -113.242002180934,78.2974866187347 -113.270351123565,78.3083866232929 -113.248199090757,78.3196416204116 -113.258021074918,78.322013621942 -113.272456068944,78.32135662447 -113.283019057515,78.3225856264766 -113.30877900599,78.332032631042 -113.310969989748,78.3361286314393 -113.295800990979,78.3377696287095 -113.283325977721,78.3435506272824 -113.26850297132,78.3465046243888 -113.227197977384,78.3513946181539 -113.204243966801,78.3571786146698 -113.19666395459,78.3616096132573 -113.199140908017,78.3725206141118 -113.178234886668,78.381240611153 -113.183419836491,78.3934866127427 -113.148901875697,78.3884196065564 -113.145408865485,78.3917086062946 -113.153074850977,78.3943416076718 -113.182958810698,78.3989636128225 -113.205787770826,78.4061816162305 -113.199761764972,78.4085476155177 -113.145028786507,78.4113166070921 -113.132822800988,78.4087446049384 -113.113162819565,78.4076396015503 -113.104000767908,78.4214406008888 -113.082694755511,78.4281305977992 -113.069940747163,78.4321365950614 -113.051589756285,78.4316935923265 -113.034035758939,78.4337385894784 -113.007219757793,78.4388645857982 -112.995473736248,78.4449465836408 -112.974137748012,78.4459005806775 -112.958455766687,78.4431305775184 -112.942294781624,78.4424215747711 -112.930654760399,78.4489445734723 -112.900211758846,78.4536515687018 -112.836691765892,78.4621805587678 -112.797760760247,78.4692615529694 -112.773542775714,78.4684075491086 -112.751671792648,78.4677505447391 -112.738969787819,78.4710995427554 -112.728187752639,78.4810185421435 -112.714732756757,78.481856539524 -112.696053775235,78.4804845364666 -112.680647774487,78.4824915344229 -112.628563750422,78.4960645259439 -112.607339775438,78.4937975225335 -112.59318075374,78.5003285205008 -112.527362769646,78.5063105104828 -112.498638791877,78.5059355053902 -112.458097789938,78.5125284996004 -112.42908979551,78.5153424946993 -112.412868788019,78.5189364919452 -112.367610792064,78.5253294850267 -112.342561767887,78.5347064817188 -112.289591769575,78.5427704731215 -112.216788783113,78.5498654620922 -112.178179800915,78.5516204550686 -112.143582823464,78.5510404498721 -112.014966884862,78.555900429455 -111.93056194312,78.5534824158163 -111.912615926086,78.5604624131929 -111.890930939653,78.5611114099475 -111.883492951271,78.5586694082962 -111.886013967677,78.5545504086207 -111.862436995399,78.5517954052119 -111.833551006864,78.5526893999628 -111.803451060077,78.5445633948961 -111.784763058122,78.5483623924969 -111.751546077545,78.5486453867285 -111.734159078697,78.5504923838295 -111.716733080115,78.5523453812595 -111.697393088638,78.5531843782598 -111.682723095332,78.5544433758734 -111.674167087146,78.5574723751197 -111.649418072377,78.5656423711561 -111.620907081737,78.5667723666744 -111.612371076865,78.5700303655238 -111.589691035146,78.583184362513 -111.573882040494,78.5843353596543 -111.540895052498,78.5867373548034 -111.533466043193,78.5899883537531 -111.503384039791,78.5952233492196 -111.471746072292,78.5924993438789 -111.439973081976,78.5950083386482 -111.403888113319,78.5929943328826 -111.393907108874,78.5951073311227 -111.396972065975,78.6055603319052 -111.383769057888,78.6090693304215 -111.388999044143,78.6124423314468 -111.380196038692,78.6147843298736 -111.360063037764,78.6183393272852 -111.339922034577,78.6218943239485 -111.34179099291,78.6323463247541 -111.384047949607,78.6359253312147 -111.394207924434,78.6408613333053 -111.38303389678,78.649361331278 -111.365345902334,78.6500543290418 -111.334290901917,78.6553043244166 -111.323217903822,78.6561963223239 -111.280657915847,78.6596223159966 -111.27665590275,78.6632913151285 -111.258846900317,78.6675043122059 -111.247219908045,78.6673503102116 -111.228625919111,78.6670223074689 -111.212750920282,78.6691673056407 -111.205959908934,78.6736503043124 -111.199185892232,78.678123303589 -111.175597888701,78.6828383002666 -111.157453858105,78.6925042970868 -111.139001867782,78.6933062943917 -111.107841882658,78.6946332892017 -111.08548987366,78.7002342865114 -111.079894873095,78.7016292850149 -111.049839886754,78.7027202807656 -111.024845885058,78.7065042763984 -110.97899093037,78.7031242694435 -110.95891391744,78.7089302661228 -110.939653916351,78.7124472638687 -110.890926945824,78.7134022555211 -110.845541972535,78.7134022489874 -110.823641980079,78.714881244983 -110.805277983201,78.7177322419284 -110.795223977436,78.7200312407815 -110.779448972735,78.7239842380311 -110.770070943979,78.7324452368609 -110.73402996263,78.7330772315912 -110.721763953037,78.737457229829 -110.713336889408,78.7538832294556 -110.691793885446,78.7589882261468 -110.672302923609,78.7524782227242 -110.626558961906,78.7506402154542 -110.609989977766,78.7486652125025 -110.590602977799,78.7526172094428 -110.560142998246,78.751609205202 -110.531405015717,78.7524162004748 -110.50312303138,78.7532111958255 -110.491766025219,78.7562181945097 -110.460419038102,78.7579341892936 -110.455895082319,78.7481691883742 -110.441926088844,78.7484581858265 -110.410260067649,78.7585831810209 -110.396475069734,78.7609031794745 -110.38480807558,78.7609471777901 -110.376053103927,78.7550661762693 -110.358555115518,78.7551271731234 -110.352479131518,78.7526481723694 -110.370750134184,78.7484881746083 -110.362804153343,78.7458191735038 -110.334612208109,78.7363281687122 -110.331097263886,78.7236021676283 -110.31714827218,78.7238761653131 -110.309457256767,78.7289121644752 -110.295689257517,78.7312311621236 -110.275988262671,78.7324371595262 -110.252552285994,78.7309251553264 -110.222349299753,78.7319261506849 -110.19289833568,78.7279281461071 -110.193832349412,78.7251881461149 -110.214496348862,78.7214811492929 -110.210831358298,78.7194521486403 -110.191811379918,78.7175751459154 -110.178558413645,78.7116161433493 -110.165868423682,78.7109681416756 -110.166159414673,78.7137911417766 -110.186487370779,78.7206561449426 -110.177303371422,78.7222821435916 -110.165615382721,78.7216261417356 -110.125238449755,78.7110601346943 -110.131274495852,78.6985241351176 -110.117231510429,78.6972051333995 -110.085685544088,78.6945571277986 -110.069587542145,78.696875125648 -110.008984596443,78.6938471162199 -110.002686605469,78.6924911155307</coordinates></LinearRing></outerBoundaryIs></Polygon><Polygon><outerBoundaryIs><LinearRing><coordinates>-110.002719559596,77.916598089893 -110.109675500386,77.9137121065366 -110.126858501992,77.9104761086282 -110.111271531786,77.9052891057974 -110.11763853622,77.9029921073627 -110.145706528855,77.9001851117479 -110.169185536028,77.894408114612 -110.187667521576,77.8945761175806 -110.212639506215,77.8945001213784 -110.257937448273,77.9039081291772 -110.29710942071,77.9042211353121 -110.373636401832,77.8968811469997 -110.38310140608,77.893425148411 -110.369481440043,77.8868791459817 -110.379144436407,77.8857051472101 -110.462877381626,77.8871911605799 -110.477652388778,77.8827971630251 -110.498015382848,77.8802031659344 -110.582346344382,77.8773201791366 -110.634910333614,77.8718331870171 -110.670646310802,77.8714291923965 -110.690420292543,77.8736101962398 -110.765074250635,77.8720862073322 -110.815304243206,77.866127214936 -110.824880242783,77.8647072166305 -110.856381222214,77.8652122218937 -110.887284218902,77.8611762268515 -110.894349227685,77.8572472274601 -110.864444294245,77.8437642221083 -110.876358315613,77.8355022237951 -110.862609344571,77.8295282217866 -110.853312362501,77.825912220364 -110.841239383252,77.8229442182577 -110.832340392129,77.8209452166354 -110.786530432257,77.8173212093863 -110.777624446517,77.8150942073728 -110.752073482454,77.8090822031931 -110.697182578555,77.7916111944604 -110.695693591204,77.7879711942381 -110.703829601618,77.7838361952653 -110.728150599209,77.7800681986021 -110.731064607323,77.7773131995853 -110.706922637116,77.7733541955484 -110.676840653774,77.7737191909775 -110.662850659808,77.7737951888066 -110.629374719998,77.762801182388 -110.607739735569,77.7615351792118 -110.564044751853,77.7651521722269 -110.531784768479,77.7650751674233 -110.501064773038,77.7697671631922 -110.457931803598,77.7685921561356 -110.426035806876,77.7725901508993 -110.394785828242,77.7720401461027 -110.358965863003,77.7683021403571 -110.34399386762,77.769271138182 -110.327348855489,77.775939135712 -110.2973648658,77.7776411314788 -110.27858885175,77.7849951282128 -110.263497861506,77.7857521264544 -110.236579878137,77.7846901222336 -110.202493933804,77.7754661161967 -110.190566942003,77.7741461145579 -110.175655945368,77.7762441121453 -110.167556925358,77.7833241114104 -110.156912926354,77.7849511091584 -110.121259955562,77.7832341038704 -110.065883015003,77.7758860948033 -110.044013045207,77.7702550912633 -110.028441084482,77.7618790883896 -110.032267108063,77.754356089254 -110.020621166625,77.7393630871407 -110.027799180326,77.7338790882201 -110.040544181863,77.7320250894436 -110.068390166334,77.7314910937936 -110.068081182443,77.7267080941401 -110.045281210469,77.7219840902582 -110.039721228247,77.7188180895079 -110.033146239771,77.7163320882922 -110.06481824242,77.7091820925694 -110.071998255993,77.7043910934729 -110.088827317777,77.6838530960829 -110.077632349572,77.6759100940774 -110.045016403498,77.6664430880559 -110.042576419753,77.6614450881487 -110.050678438675,77.65457908901 -110.071638446918,77.6490700919302 -110.072486456581,77.6456360924082 -110.050671496739,77.6375120882884 -110.049347514549,77.6331940882519 -110.047315567529,77.6177130872611 -110.058843569413,77.6151810893576 -110.083208557763,77.6141960931228 -110.119898560097,77.6070330981842 -110.128112569039,77.6029040991644 -110.127783584519,77.598129099399 -110.112479619195,77.591346097035 -110.087693652822,77.585815092952 -110.066232680901,77.5810090890006 -110.050893733547,77.5680390860704 -110.05513977098,77.5562130868687 -110.102712796615,77.5401460938358 -110.123047820636,77.5284720967861 -110.159418826101,77.5206151022971 -110.177757845439,77.5116721041061 -110.204910839906,77.5083991083431 -110.207663858416,77.502922108767 -110.251030869577,77.4912031154088 -110.257167873142,77.4895391165715 -110.279213860102,77.4890051192471 -110.295354835111,77.4934991220231 -110.305910829354,77.4939201243352 -110.323564829682,77.4911201268851 -110.348759856767,77.4780431304433 -110.377045842126,77.4770201342648 -110.391490845683,77.4739991365868 -110.409282835786,77.4732441395398 -110.425210820066,77.4749991418936 -110.448332807155,77.4751271453462 -110.448999820982,77.4710231459598 -110.418163852528,77.4668271402703 -110.413653866274,77.4634321398023 -110.427849876968,77.4579081418294 -110.443561869105,77.4576111440716 -110.455312853852,77.4598391459504 -110.462034833063,77.4643621475801 -110.479784829413,77.4633781504714 -110.47618684448,77.4586111495226 -110.481152852067,77.455628149787 -110.508622831341,77.4575571547927 -110.551697804641,77.4580301610587 -110.579686797268,77.454712165801 -110.598161800399,77.450760168309 -110.622196790439,77.4499511716385 -110.613947821822,77.4413451704195 -110.624348816859,77.4406131723815 -110.650064786652,77.4457171760055 -110.672033774642,77.4453801796903 -110.708276769656,77.4413221856584 -110.766558745334,77.4378201947629 -110.782694722525,77.4413761969952 -110.798410714722,77.4412831997083 -110.808093731121,77.4346242010952 -110.791722788536,77.4203721977624 -110.802874791279,77.4173421995651 -110.834154777718,77.4164812041834 -110.852490779968,77.4125062071948 -110.861084797378,77.4058532077925 -110.869179797807,77.4037552093828 -110.881652791734,77.4032272112525 -110.91927577203,77.4032282176672 -110.970708710733,77.4126962259132 -110.996925694139,77.4132222300641 -111.02691168265,77.4107522341963 -111.050980670772,77.4108272381367 -111.078635643535,77.4140622428729 -111.125993611099,77.4160162505442 -111.138634600901,77.4166262520108 -111.175158533547,77.430030258496 -111.190087518324,77.4317472606808 -111.212024508982,77.4313662641036 -111.238778502527,77.4282072687924 -111.285882478706,77.428085275905 -111.299951480091,77.4243462784804 -111.29374850671,77.4182352768685 -111.297286518317,77.4141162775379 -111.32264551739,77.4091412810291 -111.31736954354,77.4023442797685 -111.341315534744,77.4017112838233 -111.387989514333,77.3995212912538 -111.430060506424,77.3948662978674 -111.46652550548,77.3881913035531 -111.488519513177,77.382545306736 -111.493174519682,77.3793183072867 -111.521316503662,77.3790813117646 -111.537265489428,77.3807753142798 -111.559023482387,77.3799053173173 -111.570214482028,77.3782193195654 -111.584365500254,77.3698963214106 -111.601137488286,77.3704383237976 -111.631457490132,77.3651583290694 -111.680506461101,77.3654093369578 -111.720017475014,77.3538893422299 -111.723868478808,77.3522563433906 -111.740546469672,77.352333345448 -111.763219441686,77.3564523494213 -111.784195427807,77.3571783524311 -111.85824141982,77.3471303641553 -111.87254443476,77.3406143663938 -111.889156424066,77.3404543694254 -111.92442940616,77.3398823748937 -111.994719408953,77.3277813851267 -112.016308400286,77.326652388804 -112.042377367312,77.3318553929229 -112.087702335121,77.3345794004497 -112.121024316151,77.3346934055143 -112.160542278853,77.3392784122262 -112.22581221571,77.3470074232248 -112.285874170163,77.3499914326041 -112.343712103178,77.3609614423923 -112.370583076139,77.3643034463552 -112.445946017219,77.3695834590107 -112.458547979834,77.3783334615824 -112.467444968378,77.3805074623768 -112.473269915898,77.3954854643683 -112.496709880788,77.401367467789 -112.50880185295,77.407828470048 -112.516670813216,77.4182284718353 -112.531455776068,77.4269414746622 -112.553755758881,77.4280314777702 -112.572400739598,77.4312364810269 -112.568746732956,77.4333344809061 -112.575783720279,77.4362114815969 -112.550806688121,77.4492884782772 -112.569326644259,77.4600074814176 -112.618556590546,77.4673854896595 -112.655371569996,77.4673844959238 -112.672396571597,77.4642104985808 -112.702635597977,77.4515155024395 -112.729177604304,77.4447935069494 -112.75922358079,77.4471445114647 -112.769622564371,77.4507595137388 -112.787084530421,77.4568255164809 -112.80447051396,77.458885519315 -112.834363491053,77.4605405240643 -112.869356458552,77.4653245301753 -112.886083450658,77.4647905325727 -112.905835438925,77.4641575356529 -112.913206398333,77.4752345371113 -112.949182350517,77.483191543842 -112.957773333041,77.4874115446482 -112.93579831772,77.4952395414089 -112.953390275686,77.5050345443404 -112.935376245658,77.5157695424502 -112.944388224133,77.5213615439324 -112.972009207288,77.5218885483017 -113.03914114935,77.5273515594662 -113.080469125134,77.5277035664282 -113.10124911698,77.5265045692786 -113.14589211384,77.5203945766028 -113.171282099118,77.5204925802194 -113.177105091064,77.5222325816782 -113.174787082341,77.5250015814827 -113.180679070603,77.5269705823751 -113.183261028829,77.5388025828004 -113.172718012926,77.5457915816609 -113.175981925488,77.5701595832989 -113.17288291149,77.5738525824227 -113.151752924928,77.5741585795696 -113.145900919284,77.575836578069 -113.171311885347,77.5825505827427 -113.170181872151,77.5857625827299 -113.127468848868,77.5989155758782 -113.137160809477,77.6097255781543 -113.145333793171,77.6121215792185 -113.123417788452,77.616989576338 -113.124904746053,77.6288375768826 -113.104042729355,77.6373375730943 -113.136030698008,77.640761579147 -113.154487670603,77.6453025820648 -113.157743657194,77.6488945824841 -113.142766640726,77.6557305800702 -113.148207625183,77.659530581651 -113.186147611201,77.6578515872844 -113.210963581012,77.6620645921277 -113.250551547552,77.6656035979341 -113.203451525127,77.6790535914382 -113.188967503593,77.6874775891021 -113.180285472039,77.6974105883843 -113.194942418236,77.7099755904422 -113.195435377571,77.7218325913994 -113.210484342722,77.7286915941521 -113.246104226288,77.7562486008336 -113.292454112383,77.7797696092646 -113.294935059246,77.7941056097213 -113.287376040997,77.8008266086987 -113.285400989056,77.8147746092719 -113.293164948252,77.8253776102427 -113.291532906405,77.8370436109475 -113.275304840484,77.8576426089981 -113.239902793278,77.8754276038877 -113.197769776854,77.8865135974126 -113.181737745126,77.8976815951303 -113.203638692734,77.9083255989773 -113.200599680046,77.9124765981988 -113.188229667154,77.9181205968416 -113.167947659301,77.922965593398 -113.147526667773,77.9239275901342 -113.142679676405,77.9224095891765 -113.150225683935,77.9186485901833 -113.13864869865,77.9165265888227 -113.097744715346,77.9182205818336 -113.068656717348,77.9229515774059 -113.04605972553,77.9239425739924 -113.028188742306,77.9225845705735 -113.020839754358,77.9199375693462 -113.038770777997,77.9108585718473 -112.986121800633,77.9133305637629 -112.977322803259,77.9140295625921 -112.913466820264,77.9192585517207 -112.886531819198,77.9230585475996 -112.870113804854,77.9303355455554 -112.856383804197,77.9318855432595 -112.819469821557,77.9325795372863 -112.791206825932,77.9368055332604 -112.71682381114,77.9518575214585 -112.700720802145,77.956840519082 -112.673140807873,77.9599075144827 -112.657477805879,77.9626015120544 -112.624523827859,77.9620825068787 -112.617508821481,77.9644465056894 -112.620309813462,77.9666905059089 -112.636333794113,77.9692385090479 -112.629749781428,77.9731835086375 -112.616241781056,77.975860506176 -112.586954795221,77.9768905009775 -112.480115786362,77.9954374843879 -112.436606807192,77.9968414779428 -112.4201688025,78.001122475308 -112.399619794399,78.0065914724064 -112.387749795669,78.0074084701864 -112.345302832541,78.0044484638025 -112.32412286374,77.9987574596017 -112.32366487283,77.9969324600912 -112.301813902624,77.9928364562065 -112.26775192332,77.9925234507381 -112.249117915803,77.9970404474534 -112.201703948197,77.9959404400979 -112.19573294337,77.9985044392466 -112.202241921114,78.0027684405155 -112.197312914936,78.0050974393794 -112.176675924398,78.0059964365268 -112.169560922219,78.0083454352502 -112.174640907367,78.011246436009 -112.167398906022,78.0131524347838 -112.149875913039,78.0133364323128 -112.107467931334,78.0151214255449 -112.089218920763,78.0216754231797 -112.060669933828,78.0217444186479 -112.045402908256,78.031921416192 -112.033744905667,78.0338524147634 -112.008459922577,78.0338674101324 -111.99138894217,78.0312954078631 -111.978208967296,78.0264054051596 -111.96184197763,78.0266864028289 -111.933155993076,78.027181398332 -111.920174997461,78.0274053962782 -111.888075021962,78.0263353910732 -111.856568012277,78.0332333861532 -111.819146979865,78.0488273804554 -111.806200982288,78.0500873788216 -111.785781985763,78.0525523752218 -111.773272996442,78.0505913730467 -111.764912034749,78.0420143715013 -111.740275077405,78.034491367693 -111.697097096649,78.0362213605761 -111.66827511193,78.0373763563147 -111.653604124308,78.035454353825 -111.60590814311,78.0390323464202 -111.543081116759,78.0559383367339 -111.459907108744,78.0711663238506 -111.422594126398,78.0721273178372 -111.34075018558,78.070686305373 -111.320175188705,78.0728913014199 -111.29944417173,78.0807722988063 -111.266440169303,78.0867842937476 -111.263013169788,78.0874022932716 -111.215142181532,78.0918272858297 -111.175580199064,78.0929952797957 -111.139778232284,78.0900502740752 -111.122126244998,78.0901712712007 -111.09747523861,78.0951072671655 -111.063302259199,78.0955502618144 -111.037216262635,78.0984422579726 -111.009743278655,78.0995182538259 -110.988611294098,78.0985112501586 -110.959117332702,78.0929942453821 -110.947005398834,78.0773542429022 -110.927993416794,78.0754162399161 -110.878318448999,78.0750122319308 -110.860488462423,78.0735242292889 -110.845218500686,78.0663222262724 -110.804563521082,78.0672222199339 -110.788829539907,78.0648032177967 -110.765851549723,78.0660622142388 -110.752970545143,78.0688622124951 -110.743809529349,78.0750502107879 -110.746985499135,78.0830072113814 -110.744835463718,78.0925762119491 -110.710717446053,78.1027682061292 -110.682378452192,78.1060942024725 -110.596299500082,78.1074131882 -110.544849512684,78.112198181005 -110.330378642441,78.1128391470186 -110.30848564658,78.115424143475 -110.285296662137,78.1159581399901 -110.219731716623,78.1120831293288 -110.189002724651,78.1151431252209 -110.18235372695,78.1153491239137 -110.148171745134,78.1164161186994 -110.084004784682,78.1161421082481 -110.00272984225,78.1142840962788 -110.002738256156,78.000917092546 -110.002719559596,77.916598089893</coordinates></LinearRing></outerBoundaryIs></Polygon><Polygon><outerBoundaryIs><LinearRing><coordinates>-115.338668661793,77.3126069291235 -115.344931665877,77.3104099295636 -115.400479634087,77.3109669394858 -115.442400627259,77.3070299455802 -115.511373649594,77.2901009565259 -115.520770667472,77.2836929578157 -115.508450693019,77.2775729556423 -115.511953705412,77.2740559561426 -115.505131711072,77.2728429554608 -115.512857718639,77.2694549565405 -115.542423724466,77.2639539612932 -115.586583697716,77.2649769681184 -115.665057674537,77.2596739813258 -115.706275670234,77.2547839883424 -115.76639064369,77.2544709983832 -115.787609641242,77.2512050015499 -115.794109653523,77.247612002739 -115.79696268687,77.2367870022529 -115.808120706713,77.2300880044528 -115.828141706993,77.2266170075271 -115.845785703837,77.224580010194 -115.901424678795,77.2238840191437 -115.935697653511,77.2260060258276 -115.959479644072,77.2258690291766 -115.977618651305,77.2208260317178 -115.971489680898,77.212960031146 -115.978584691445,77.2086640319748 -116.020392676713,77.2073680390981 -116.05624968707,77.1986630444917 -116.084254678486,77.1968010490595 -116.181450632124,77.1965790654717 -116.202782609734,77.1996930692106 -116.220386599954,77.1996920723077 -116.237082606543,77.19603807496 -116.257859593238,77.1961820780853 -116.265470601656,77.1930010794399 -116.283643601283,77.1902320825356 -116.278607628905,77.1827930810861 -116.278425659001,77.1747740808896 -116.267671671266,77.1720740790478 -116.23636668902,77.1715170733263 -116.228930701261,77.1691980722932 -116.224597717848,77.1649560713327 -116.231592729154,77.1606520724085 -116.237269737155,77.1577450734662 -116.260933725004,77.1575790770069 -116.266739718087,77.1587990779852 -116.276002727801,77.1548770800867 -116.266617749965,77.1489410776298 -116.267901767506,77.1436460784211 -116.277147777139,77.139725079501 -116.297233771389,77.1387260828198 -116.358124706594,77.1483390930577 -116.372123717282,77.1437170950676 -116.386114723238,77.1390990975631 -116.387990743645,77.1330800974531 -116.380421757104,77.1305390964876 -116.346010769655,77.1316920909074 -116.337212809713,77.1211480889061 -116.331165819718,77.1194690880683 -116.270285861528,77.1153650778274 -116.248851871394,77.1157010739648 -116.240182884532,77.112955072752 -116.244460894114,77.1093910733279 -116.252361912692,77.1029980743895 -116.272774923422,77.0969480775855 -116.268789981404,77.0798650763817 -116.264474997456,77.075623075584 -116.250284016413,77.0720990725369 -116.25520402855,77.0678410733259 -116.207007086498,77.0581140651041 -116.203311097271,77.0549940639867 -116.23050510579,77.0483170687225 -116.233634117552,77.0445630692849 -116.224771133709,77.0413520672287 -116.205121157284,77.0370730642227 -116.114708228858,77.0284360482102 -116.099725248501,77.0251620455045 -116.091334265688,77.0207980445947 -116.067304287753,77.0177550404537 -116.062096295212,77.0158850394262 -116.054779307573,77.0132600381064 -116.035488324622,77.0114670346712 -116.011194336081,77.0118640302258 -115.997743367774,77.0035100280231 -116.00238840277,76.9926150281308 -115.992154420862,76.9885170265964 -115.973392426214,76.9896930236959 -115.955682418949,76.9949580211209 -115.933201430348,76.9948350173367 -115.902402467613,76.9882890118515 -115.885511478988,76.9871150086012 -115.853211493678,76.9877030036513 -115.838136492884,76.9901440013668 -115.824603498971,76.9895709990248 -115.816331511061,76.9872519974105 -115.826487528569,76.9810409990657 -115.827599538028,76.9775319990837 -115.829263553926,76.972268999399 -115.81865057689,76.9672629967662 -115.795219601492,76.9630359931746 -115.740880625288,76.9641649837947 -115.732769650851,76.9579479828934 -115.707063692451,76.9489599776834 -115.706547709154,76.9437119780769 -115.741852767956,76.920380983107 -115.765215776977,76.9142999865214 -115.802678777571,76.9080889927121 -115.855893752727,76.9072040009809 -115.876297762179,76.9014220042498 -115.892382762418,76.8991780072159 -115.918351751444,76.8985140114517 -115.934793741431,76.8990030145296 -115.968297705084,76.9052520203601 -116.000955686365,76.9057860252514 -116.031161652039,76.911415030481 -116.076000624432,76.9139110377767 -116.113066583535,76.9209590448696 -116.129857544528,76.9299160479732 -116.165760505918,76.9365320539285 -116.185262495428,76.9369370571233 -116.19680749386,76.9357080588137 -116.208882482683,76.9374550607386 -116.226577451236,76.9440850645699 -116.245676437627,76.9456410671767 -116.291363433184,76.9398280749776 -116.315756421504,76.9398570793152 -116.33434640445,76.9423300826902 -116.341465422092,76.9366230834299 -116.351213434246,76.9301760845708 -116.349683452304,76.9253930839253 -116.298581530181,76.909357074792 -116.299853533999,76.9079450757884 -116.296198564172,76.8991030741295 -116.305858570357,76.8963100761133 -116.278924597722,76.8913120714158 -116.275615637213,76.8792430701556 -116.18077476686,76.8542720535067 -116.17387278884,76.8487330522869 -116.131325801211,76.8503120452946 -116.101190823443,76.8485880400399 -116.042959880141,76.8391270302124 -116.003528940947,76.8268680232595 -115.965583975551,76.8214350169502 -115.954918996753,76.8162080149458 -115.9539530236,76.8082120148406 -115.973520055328,76.795097017478 -115.964449100503,76.7829520152428 -115.981565101386,76.7790680177737 -115.98655111994,76.7729810188319 -115.980547135024,76.7690130177294 -115.965886151482,76.7657240148254 -115.92411717062,76.7663500081675 -115.917289179002,76.7646950070337 -115.902163303441,76.7279590036523 -115.914995312533,76.7230230049886 -115.91811931637,76.7218180053106 -115.913045331432,76.7175980046956 -115.885961360392,76.7132660002417 -115.88556039242,76.7022709993274 -115.867698422082,76.6963129966149 -115.875210431152,76.6912989977373 -115.885698430829,76.6903469993457 -115.966219405813,76.6859520123365 -115.978638409866,76.6828770140056 -115.99824248301,76.6562270170086 -116.026899513917,76.6419450214118 -116.046649552934,76.625833023678 -116.05862356615,76.6200190259361 -116.066813571989,76.6165860272526 -116.084378572284,76.6140530297449 -116.107102560883,76.613900033871 -116.139022552275,76.6123510385781 -116.149952552207,76.6104440405183 -116.180247553056,76.6057290451972 -116.229719548577,76.59979305315 -116.272793528544,76.5988320605476 -116.281628531794,76.5967560623447 -116.278917560806,76.5876550611788 -116.288995568923,76.5841680632482 -116.319665563427,76.5803310680419 -116.382407538513,76.5792710786792 -116.427529532305,76.5747840860804 -116.444991535993,76.5703900884163 -116.465211529666,76.5693600921739 -116.477900535318,76.5653230937471 -116.48946853444,76.5647660959015 -116.520220507077,76.5687031006873 -116.591420478953,76.566888112705 -116.62062545672,76.5697111177177 -116.656898440824,76.5691151239164 -116.67738142207,76.5724181273799 -116.689422409554,76.5743631292431 -116.711086398636,76.5741821336242 -116.765069392159,76.567994141993 -116.778002409193,76.5609511442219 -116.783183449174,76.5470271441498 -116.791756458618,76.5428701456694 -116.812406447795,76.5427101489647 -116.828355434239,76.5447631523843 -116.848779421179,76.5459821558572 -116.901434372413,76.5535831641936 -116.908111373937,76.5531541658189 -116.931896366609,76.5515151692397 -116.953445350835,76.5529261734915 -116.979016334814,76.5544451774034 -116.966731368582,76.544945175163 -116.969288382292,76.5407331755086 -117.012190359194,76.5414821826812 -117.022221358127,76.5400401842024 -117.029359371831,76.5352181851131 -117.024445493176,76.4970021832112 -117.0177145171,76.4903201821465 -116.992919537943,76.4864891780402 -116.971751562268,76.4820791741336 -116.966439576004,76.4778901731577 -116.974407587888,76.4728091740801 -116.987296586937,76.4712681762427 -116.988161598588,76.4675691762384 -116.956103633665,76.4611971706114 -116.947286653611,76.455956168888 -116.978835701791,76.4352351737226 -116.966848756369,76.4190691714612 -116.907759881896,76.3866591603559 -116.906136893068,76.3837211591538 -116.914651907387,76.3779451612265 -116.936586912397,76.3717581645674 -116.92520499652,76.3459251616804 -116.961368996073,76.3409061675488 -117.012914013404,76.3269051753923 -117.049049062628,76.304635181251 -117.073672070166,76.2983481849455 -117.110299066927,76.294426191391 -117.150312074891,76.2862631978269 -117.186305065508,76.2830592032311 -117.229868052025,76.2811972111003 -117.246830039971,76.2820372134622 -117.263542049872,76.2773602164053 -117.276819083988,76.263367217676 -117.294660083896,76.260728221432 -117.309222080695,76.2590952233214 -117.339795055174,76.2633912285436 -117.411445020008,76.2649462405813 -117.509291960521,76.2702942575833 -117.513607954556,76.2705322580736 -117.595449875503,76.2857362725967 -117.631475847099,76.289116278259 -117.634741840899,76.2913062793796 -117.617318822868,76.2994852767167 -117.614715804574,76.3064822765625 -117.623696784154,76.311684278404 -117.646433759989,76.3155292820598 -117.656254737357,76.3220902839456 -117.669202724828,76.3242042861792 -117.704795707739,76.3250582921634 -117.718716686891,76.3287292944318 -117.731527688464,76.3273702966228 -117.741591696147,76.3231062985005 -117.784624688165,76.3186503055665 -117.828388632529,76.3311863131061 -117.848803604559,76.3373813173005 -117.846943596087,76.3406763170638 -117.830080588909,76.3449343144171 -117.819632577272,76.3501293127023 -117.824442567348,76.3531803133676 -117.877756512141,76.3635413229442 -117.881383472067,76.3756183239729 -117.89405845247,76.3802423262263 -117.907718447755,76.3803413283745 -117.921571439181,76.380448330792 -117.936536426918,76.3824633333297 -117.958138384855,76.3934413375492 -117.98545434968,76.4010103419195 -118.006283323704,76.4060383462956 -118.039130303259,76.408341351559 -118.041277290037,76.4117133518942 -118.012296293047,76.4154983470311 -118.005888274809,76.4224023467746 -118.000720219473,76.440544346534 -118.016035192135,76.4476023493445 -118.016839180017,76.4519503492245 -117.99717916655,76.4581613460948 -117.993353149504,76.4645153456512 -117.994521124539,76.4725273461803 -118.009971099165,76.4782113487479 -118.010050089101,76.4814303494846 -118.009027080218,76.4844593495851 -117.97749907089,76.4922333438268 -117.974786046377,76.5003893437668 -117.966359034712,76.5057463424159 -117.949856030662,76.5093093401851 -117.939689007634,76.5181743385294 -117.897025995353,76.5288563319138 -117.892821987819,76.5315953306628 -117.895342971629,76.5355853316778 -117.922830928882,76.5461513369219 -117.950217864384,76.5627063420581 -117.946292849925,76.5674443417069 -117.893085838502,76.5789413321997 -117.886913828924,76.5832913317843 -117.891827815393,76.5863513323316 -117.927572794519,76.5878983392058 -117.937361782394,76.590767340615 -117.941563753423,76.5989243411849 -117.938536729876,76.6066213416799 -117.913102689418,76.6229253379356 -117.905496661293,76.6328363364338 -117.887457656264,76.637367334007 -117.882059649763,76.639854332508 -117.899120626301,76.6446843363112 -117.920294540757,76.6684813402334 -117.921466509786,76.6781103413931 -117.895425477904,76.6921163373752 -117.875205473098,76.6964803336511 -117.840206484636,76.6981203275545 -117.831003478986,76.7009593259257 -117.831112452947,76.7090163268289 -117.800887452447,76.7134873219073 -117.786212441983,76.7187973191829 -117.77317039844,76.7346503179568 -117.747928394857,76.739175313496 -117.751392355843,76.7510233140443 -117.75506934634,76.7536623153693 -117.731896334616,76.7599493112656 -117.728973326973,76.7632683114805 -117.748577297504,76.7688303145116 -117.726651285658,76.7755373112689 -117.721184269478,76.7812433101959 -117.72450023097,76.7928713110776 -117.710398235222,76.7944813093448 -117.69344724724,76.7928633056045 -117.671886250833,76.7949773022757 -117.671755243685,76.7966323029381 -117.703344226735,76.7969363080365 -117.736692194407,76.8025903140502 -117.761838177793,76.8040623183475 -117.769482166823,76.8065733195854 -117.758650154325,76.8117533182209 -117.782725125055,76.8178643219352 -117.782226107071,76.8234043221857 -117.838506074241,76.824533331652 -117.852908072155,76.8233573344211 -117.872438087412,76.8160403372869 -117.876340097751,76.8126833382177 -117.892641104015,76.8082203402124 -117.891999118539,76.8041013398748 -117.875710138309,76.8007373374284 -117.873681148462,76.7975783369222 -117.908334164753,76.7872103426956 -117.91982719223,76.7769253445492 -117.935094201397,76.7724923463525 -117.926756230502,76.7642523445548 -117.929639241248,76.760934344839 -117.958035233681,76.7597443501305 -117.990979232681,76.7547073556548 -118.007013226346,76.7546323578794 -118.057819184548,76.7600263672855 -118.081376183574,76.7575933708632 -118.170463099178,76.7710053865539 -118.191938076667,76.7742253905037 -118.214717058195,76.7764743939212 -118.262059028217,76.7794194019436 -118.292584018664,76.7783524071752 -118.299250022774,76.7762704082006 -118.311237089703,76.753724409457 -118.284472104178,76.7528324055132 -118.267839124257,76.7490404021605 -118.258329145281,76.7438434002168 -118.262107156789,76.7404794011277 -118.268460169834,76.7349634019304 -118.247104201472,76.7285703983571 -118.28656425905,76.7050564036269 -118.300730260363,76.7022564060489 -118.319565247383,76.7034314095996 -118.342229197755,76.7162184139701 -118.38536913895,76.7280434215495 -118.427851125391,76.7269914287879 -118.438397127833,76.7247634306039 -118.442798135312,76.7209174310557 -118.436087161533,76.7140124293844 -118.448537173354,76.7087254313842 -118.434175190164,76.7053234288809 -118.416359208138,76.7027364257575 -118.415354218379,76.699776425854 -118.437376223059,76.6952984292337 -118.440944231735,76.6917124300982 -118.457493244132,76.6851214321192 -118.437967267293,76.681442429162 -118.417986314568,76.6697174253216 -118.380113364226,76.6595544182595 -118.322792418533,76.6500864082406 -118.311596443915,76.6438004057068 -118.324985473676,76.632493408212 -118.300911528706,76.6188374035885 -118.303441551469,76.6106724033924 -118.313520569351,76.6034024050558 -118.307605590668,76.5983364039268 -118.306555592677,76.5974284031643 -118.322436628847,76.5839474055952 -118.294707702068,76.5646744008551 -118.298649733992,76.5541694006213 -118.306171738568,76.5520494021031 -118.318605733519,76.5513704040268 -118.36712770085,76.5542234122545 -118.392825697334,76.5526214165344 -118.404842707317,76.5468764188355 -118.419055704521,76.5458914208594 -118.433698708216,76.5426024238368 -118.459362704369,76.5409714279975 -118.465329714965,76.5366064284022 -118.478262712716,76.5352104304808 -118.483563720858,76.5313204313594 -118.45645877863,76.5175634267072 -118.458798785351,76.5151764261534 -118.478376785652,76.5119254299707 -118.486301787746,76.5104774308588 -118.495911805102,76.5027474323212 -118.546308797056,76.4983454413767 -118.564427789804,76.4988414443867 -118.606136751531,76.5048994513062 -118.632094732751,76.506699456118 -118.67269969472,76.5139474631713 -118.693111665662,76.5205624668786 -118.710178655902,76.5211284701135 -118.750163633507,76.5224534762747 -118.872390553817,76.5303884974419 -118.886066550554,76.5300995004704 -118.896871554076,76.527145501937 -118.907608592194,76.5128875031105 -118.918075600346,76.5094765051307 -118.949121619724,76.4988185103455 -118.957492635846,76.4924945108136 -118.947567650139,76.4896485090845 -118.931367656309,76.4891215063307 -118.916194692954,76.4802405036839 -118.89522571044,76.4771205001496 -118.873600719896,76.4772574966364 -118.860268720406,76.4793864936168 -118.842326726751,76.4791494906293 -118.816722747466,76.4764334864964 -118.789315759719,76.4767844816687 -118.78021776864,76.475060480343 -118.788787779302,76.4703454810237 -118.77607280186,76.4648214795576 -118.789151817553,76.4581004807578 -118.782001829559,76.4549114795215 -118.770427825674,76.4581234782657 -118.759213828208,76.4590084762409 -118.669078883247,76.4541184600372 -118.657705890553,76.4525314585349 -118.649477898618,76.4513864569325 -118.636791934832,76.4414834548407 -118.613995967686,76.4340224503602 -118.610018988863,76.428186449297 -118.615404016477,76.4187564496628 -118.584047068288,76.4058614447047 -118.585857073786,76.404184444274 -118.577241077574,76.4045034428481 -118.565282096613,76.3998804405233 -118.572744121836,76.3906024413237 -118.546988163951,76.3800364368934 -118.572610183616,76.3700874414364 -118.586547204259,76.3617254428617 -118.603268201722,76.3604064462682 -118.60857820694,76.3581254470239 -118.589436227542,76.3536764429746 -118.571966248114,76.3491074403615 -118.563731254891,76.3486794389435 -118.566518238882,76.3526924398873 -118.578076227889,76.3556154417224 -118.571257222676,76.3579034400004 -118.556982230994,76.3570644383169 -118.534966281249,76.3437974338001 -118.566622265965,76.3436894392742 -118.573341268847,76.3419354402963 -118.56898327816,76.3402254391296 -118.553924284242,76.3403484370872 -118.538968288887,76.3404394346128 -118.525015309031,76.335664431864 -118.530928324311,76.32990343294 -118.54736632659,76.3267604350012 -118.553764345248,76.3202904362466 -118.57042335318,76.3145844386848 -118.59869935171,76.3116854435665 -118.60638735744,76.3086244444378 -118.591801377017,76.3043224424747 -118.614124386474,76.2984174457584 -118.628537414275,76.286569447845 -118.67940540747,76.2811754561328 -118.699485401609,76.2806414598019 -118.736578378764,76.2822194658635 -118.827176353013,76.2780394819338 -118.843501360443,76.2734854838218 -118.860298368638,76.2682124865699 -118.8978843599,76.2662894929108 -118.919012342937,76.2686924964623 -118.935742333797,76.2689605001314 -118.937008336958,76.2679915000256 -118.931980348199,76.2649554992041 -118.905492368926,76.2618344939608 -118.900787379062,76.2592484937195 -118.908816395443,76.2530914942813 -118.915380408738,76.2480624955443 -118.920976440261,76.2365274962302 -118.905127469101,76.2290734927013 -118.923172503823,76.2145174957378 -118.886029561524,76.2014314888321 -118.887504578511,76.1951384893505 -118.871067602216,76.1895534859387 -118.851909647464,76.1771474820831 -118.88104867378,76.1646974868941 -118.900310659831,76.166016489872 -118.916142653782,76.1651624925777 -118.935296663882,76.1593264963688 -118.94174067476,76.1546874969346 -118.936238749413,76.1313564951898 -118.951114757911,76.1263814974938 -118.968303751161,76.1261535002803 -119.012363715061,76.1313335084332 -119.02581071425,76.1298755103153 -119.050627758273,76.1115575136257 -119.052956775628,76.1052335142606 -119.036561812414,76.0954905109965 -119.03747882323,76.0913105111926 -119.057590819382,76.0898075141006 -119.078947809929,76.0901035177592 -119.098906792793,76.0925295213121 -119.126298741041,76.1068965268451 -119.141148723186,76.1102315297261 -119.169122702975,76.1130155341469 -119.207946698717,76.1093455407608 -119.232129657923,76.1189975453699 -119.269805609944,76.1299305524673 -119.291087572636,76.1394595565195 -119.30946050884,76.1583425600742 -119.30674638007,76.2016685610799 -119.332132355949,76.2059415650929 -119.354130307886,76.2189105692146 -119.352535291328,76.2247555693812 -119.337579299148,76.2242145672548 -119.334867284852,76.2298665668719 -119.339489275614,76.2322175677844 -119.351628267527,76.2328815691671 -119.359410253578,76.2355655712365 -119.372112236233,76.2396635730993 -119.419834202587,76.245095582007 -119.446585131659,76.2643375865794 -119.462685078803,76.279625590626 -119.474034999544,76.3029645929053 -119.458095974005,76.3144855905641 -119.458146951915,76.3211915906202 -119.47063692035,76.3301565938155 -119.505196906513,76.3290955992513 -119.539827895444,76.3280346051939 -119.539444929074,76.3173536053697 -119.548219932568,76.3146916064974 -119.564677925552,76.3144626088813 -119.593027903681,76.3183686139739 -119.617980899336,76.3164006183831 -119.642102919971,76.3068316222319 -119.625342957685,76.2962046186829 -119.624907000711,76.2825716181935 -119.614867034063,76.2730496163687 -119.617412042096,76.269937616403 -119.635549034691,76.269402619508 -119.650464023176,76.2710886228313 -119.655296048905,76.2625326225568 -119.660099073293,76.2540296229857 -119.640811125399,76.2386486196874 -119.61532315929,76.2318576150457 -119.615196178418,76.2251676149154 -119.593286202669,76.2205296105426 -119.565533257185,76.2066596055459 -119.558845275983,76.2002356041085 -119.561351312393,76.1878746039719 -119.544332341569,76.181878601305 -119.543979378412,76.168245600378 -119.560179394435,76.1613166027475 -119.576068381855,76.1632016061747 -119.589165359962,76.1691216083952 -119.587223351202,76.1717546082605 -119.575565348282,76.174325605759 -119.572805334384,76.1797576055903 -119.591656299771,76.1882186099107 -119.616987286159,76.1896906137151 -119.627772284657,76.1885386152508 -119.629969292176,76.1849766158794 -119.608117329433,76.1764316120905 -119.612419343593,76.170457612093 -119.625376352787,76.1657426143732 -119.671421336442,76.165177621918 -119.689021335909,76.1628056250541 -119.679545355398,76.1578926236559 -119.681791360018,76.1557016238689 -119.680927377214,76.1506586232588 -119.613999443411,76.1373156113711 -119.586216462823,76.1350186064158 -119.544017479072,76.1354155995067 -119.532905497971,76.1307835977138 -119.531829522537,76.122735596928 -119.541310535616,76.1172655982091 -119.548412539141,76.1151065993002 -119.560741533628,76.1148166019336 -119.578458521008,76.1166166044523 -119.604209513349,76.1162196093377 -119.654083476325,76.1210336178835 -119.717286445922,76.122963628902 -119.750697430275,76.1224446346973 -119.77404642962,76.1201476387835 -119.783956426384,76.1191716405981 -119.805561431142,76.1145406436055 -119.808554436973,76.1120846440662 -119.800499446136,76.1103536430041 -119.680902528554,76.0999846219302 -119.653880562407,76.0921186165179 -119.56825562358,76.0830466018155 -119.564306629815,76.0815976015344 -119.58467063819,76.0765686038476 -119.58236864862,76.0734416037141 -119.519544706461,76.0624475925128 -119.490688761505,76.0472425869925 -119.482190780582,76.0427495853459 -119.466844897924,76.0043195815388 -119.469304943328,75.9891905814063 -119.478963961262,75.981386583166 -119.501508968397,75.9755785869552 -119.487344995765,75.9678515839351 -119.492755007295,75.9634565848489 -119.515570003301,75.9620305889869 -119.536344974643,75.968324592517 -119.544145930808,75.9830185940941 -119.559731901991,75.9899755970651 -119.621317858421,75.9970646082095 -119.634569855472,75.9955676105698 -119.638920862342,75.9923726105282 -119.625591890489,75.9846136085376 -119.635754910819,75.9763206094545 -119.660820931348,75.9662176132861 -119.697262944102,75.9560876201373 -119.700604956885,75.9515386203528 -119.695124973316,75.9466866192536 -119.646565029408,75.9337546098109 -119.612392050969,75.9312916044603 -119.595330078092,75.9248516014188 -119.594350094151,75.9195786009205 -119.602317103707,75.9148426020055 -119.614747101994,75.9136136036547 -119.619246090763,75.9167796047297 -119.626487072676,75.9218996064688 -119.64207805245,75.9263086090752 -119.685971027326,75.9290406172841 -119.712568021238,75.9276596216693 -119.728283026316,75.9244256240502 -119.731435038377,75.919664623987 -119.717392071181,75.9096316216479 -119.719823089314,75.9025816215701 -119.710863113286,75.8955696196481 -119.717266142475,75.8848816204358 -119.799368155966,75.8687836340802 -119.88888215623,75.8564996491793 -119.929992159706,75.8493436561706 -119.999958144591,75.8447276680072 -120.017578142013,75.8435686711166 -120.061282116657,75.8462226787045 -120.070752099938,75.8499706804522 -120.081079045122,75.8673346826852 -120.096046000296,75.8807926859731 -120.096091976416,75.889595685474 -120.102536956984,75.8955536875569 -120.125821924678,75.9023766912847 -120.136991902104,75.9095156941205 -120.149412893327,75.9108066959349 -120.162768906339,75.9046406978644 -120.176245925621,75.8961496998229 -120.197891021754,75.8599327026273 -120.217597041245,75.8497697053548 -120.221883076751,75.8368227059011 -120.244348111097,75.8216567090466 -120.26141412289,75.8155377122696 -120.276251124315,75.8125397147184 -120.306119117377,75.8109227196811 -120.352176093645,75.8129587278227 -120.396948041088,75.8254787359145 -120.42377402645,75.8258447401746 -120.456661000757,75.8303317463371 -120.466231988391,75.8340607475509 -120.479800953919,75.8440867504456 -120.483485884863,75.8668757524222 -120.456491805412,75.8978287488753 -120.455695784515,75.9052817487283 -120.466680760946,75.9119647504183 -120.466176749416,75.9161627512236 -120.449333745153,75.9201907475575 -120.446302687454,75.9393397480266 -120.428924659192,75.9524477451861 -120.411854641191,75.9611217431678 -120.389925635648,75.9660807394557 -120.379416624208,75.970971737662 -120.384120614401,75.9733067383048 -120.402603611234,75.9724517420316 -120.41099860045,75.9746107431819 -120.413213585822,75.9798527440517 -120.443571546821,75.9879457499566 -120.426495499845,76.0063647473933 -120.434834485102,76.0104997487784 -120.47198144673,76.0177027554236 -120.474302456046,76.0145737558679 -120.464620472381,76.0108587537494 -120.468788479989,76.0076457543525 -120.483245477733,76.0065007568441 -120.51941345498,76.0085387629822 -120.551633449621,76.0068057689304 -120.553838469195,75.9999707693089 -120.541503497545,75.9917307663142 -120.54406551722,75.985352767003 -120.553612525876,75.980493768164 -120.571870518297,75.980569771732 -120.620528464282,75.992203780504 -120.684361362314,76.0177317918487 -120.701765322906,76.02851979558 -120.723342220197,76.0609148003684 -120.711945209274,76.0658587984642 -120.682948212943,76.0681637938339 -120.680464203492,76.0722127934095 -120.708855185101,76.073899798724 -120.713288177505,76.0757847995175 -120.650614162678,76.0889457889291 -120.643262150921,76.0941637876062 -120.645942133045,76.0998397883045 -120.627690109987,76.1095057853996 -120.629118100699,76.1124597864081 -120.636524091858,76.1144427873541 -120.647893090825,76.1141217892779 -120.65987209231,76.1110157912282 -120.665118104246,76.1071267915685 -120.678546127898,76.0971387940378 -120.702696148104,76.087655797678 -120.722348126489,76.091607801967 -120.72912010251,76.0987108032073 -120.728653081988,76.1063928033116 -120.72042103499,76.1223388024805 -120.703740024876,76.1279927993816 -120.669707021919,76.1337667941851 -120.649188030677,76.1335547902428 -120.640559025703,76.1360567887139 -120.636361984835,76.1499347882622 -120.642605967034,76.1552217900969 -120.651915959014,76.1570987915444 -120.681845954426,76.1545497966154 -120.704804943022,76.1553288006663 -120.723617923593,76.1593188041477 -120.720591916478,76.1615468040606 -120.657751934064,76.1642627929381 -120.650790927613,76.1664447914823 -120.65635892016,76.1685047927222 -120.682130904206,76.1703117971555 -120.6822578925,76.1740207974203 -120.690073884255,76.1764397987019 -120.70092687734,76.1766298010682 -120.708997880656,76.1746298025397 -120.713231902066,76.1667718023584 -120.723721905583,76.1653388042562 -120.745195892766,76.1666588080948 -120.75432087934,76.169488810002 -120.774690868055,76.1706098133605 -120.790821853793,76.1729608158896 -120.802332844546,76.174638818101 -120.824353810271,76.1824278226622 -120.837681804131,76.1828408246556 -120.862725791383,76.1834328290764 -120.875065786673,76.1837248314378 -120.887796785852,76.1826638335113 -120.903332789041,76.1791388356841 -120.949917777241,76.1766828440887 -120.952716789379,76.1730578441034 -120.94429280808,76.1676578427254 -120.948965824665,76.1616298433515 -120.958671826809,76.1593028448553 -120.975117819236,76.1592118476337 -120.984263824829,76.1573728494479 -120.987967843929,76.1502318494618 -121.015935849607,76.1442358544888 -121.021501862229,76.1393208556548 -120.998137900592,76.1299908505428 -121.001645913734,76.1249398510146 -121.026966917178,76.1204698555471 -121.023945932086,76.1157388546436 -121.000815962597,76.1089488504074 -120.992410984237,76.1035478489394 -120.991442003623,76.0966278485548 -120.998302014835,76.0921178494989 -121.025598025364,76.0854508541951 -121.029642040227,76.0799038545425 -121.015440086121,76.0664308512583 -121.020775108022,76.0589608524275 -121.00923412535,76.0544068496168 -120.96301718253,76.0406208413165 -120.95041620716,76.0347218390115 -120.952985238085,76.0239198390119 -120.930029263333,76.0182898351846 -120.939092279027,76.0118108367493 -120.920780301055,76.0071278329304 -120.924481311693,76.0034568335129 -120.939260309454,76.0015818355149 -120.940369322307,75.9971178356015 -120.918018361295,75.9863518317106 -120.923375377272,75.9800588321845 -120.907147414677,75.9708488295843 -120.90863744207,75.9610298294193 -120.899058462692,75.955217827725 -120.91011346598,75.9523628296537 -120.943633458874,75.9500368349126 -120.963316465145,75.946061838113 -120.98484646053,75.9443138415175 -120.994796452829,75.9459168432326 -120.987843424097,75.9560098429728 -120.997646395645,75.9643658451545 -120.995472374487,75.9721388450524 -120.965657332535,75.9905488396568 -120.966598310366,75.9974758408449 -120.983817281169,76.0054638438171 -120.996208267082,76.0076468458314 -121.008771268537,76.0065708485347 -121.010790274562,76.0043808487498 -120.993760297628,75.9977738454265 -120.996336302519,75.9962558456811 -121.031986289765,75.9963778521075 -121.047650296226,75.9921278542798 -121.061509288674,75.9926088566354 -121.048442275148,75.9988268549063 -121.054579261665,76.0027108562692 -121.063816258346,76.0022678571722 -121.080759265646,75.9972398608938 -121.111564263433,75.9938668655223 -121.115176282319,75.9878858662493 -121.153578263944,75.9878478726534 -121.149059282219,75.9824928714663 -121.153617293511,75.9787918726335 -121.167594294986,75.97599987446 -121.223677271144,75.9764718848534 -121.23617427185,75.9742218864206 -121.232779311789,75.962296885536 -121.236456323999,75.957002886495 -121.237959330425,75.9548268860773 -121.259711341806,75.9476948900249 -121.264948376401,75.9358078905675 -121.270127415507,75.9216098909058 -121.262944444867,75.9131178892251 -121.265018457635,75.907671889695 -121.279338451578,75.9076478917378 -121.295930440007,75.9103028947821 -121.306577415315,75.9172078966234 -121.338825373434,75.9269809033234 -121.352205335265,75.9381729053605 -121.378806332853,75.935662909836 -121.410173311449,75.9387299156291 -121.425113287593,75.9449569184903 -121.423633270873,75.94991491828 -121.400922271361,75.9536219143745 -121.392918266488,75.9565899132879 -121.425340234398,75.961929919074 -121.4390442114,75.968903921985 -121.464940192641,75.9710859268603 -121.461324175831,75.9780219262976 -121.481654151425,75.9837359298444 -121.477482144693,75.9855819290485 -121.469711133905,75.9899299278757 -121.484013121996,75.9919909303252 -121.500111114591,75.9928069331373 -121.530322109714,75.9910379384269 -121.535520080327,76.0003149394508 -121.563293050816,76.0056479448418 -121.58839703292,76.0090189490809 -121.608411023331,76.0098589525569 -121.631361000317,76.0140319567884 -121.653376970212,76.0215169616553 -121.674925958852,76.0229819652414 -121.725545952777,76.0180299734625 -121.768315917182,76.0248959813262 -121.784463906897,76.0256899846302 -121.801681891234,76.0287569872482 -121.805865874728,76.0334339882882 -121.788877860184,76.0403689857296 -121.805714848208,76.0429929889541 -121.825038845344,76.0408109917357 -121.834698833749,76.0440459939188 -121.887740820584,76.0417340031983 -121.932337804065,76.0408030108871 -121.9668728117,76.0340980170343 -121.977223808626,76.0337850186644 -121.990722798059,76.0358600208922 -122.006606793458,76.0352570232809 -122.024462796477,76.0315110266188 -122.038295795044,76.0307780291251 -122.054560780214,76.0327170319734 -122.075394783742,76.0290400356281 -122.096195788413,76.0253700392435 -122.114253811422,76.0155430420362 -122.104966828186,76.0106750399363 -122.106649848908,76.004053040041 -122.122406860799,75.9980790425643 -122.125590870411,75.9941720434281 -122.10305090041,75.9874510385952 -122.116071925373,75.9774270406345 -122.127911926479,75.9756330423582 -122.143207913586,75.9776010459095 -122.144419903998,75.9810270459953 -122.154724895102,75.9828120476939 -122.174530888917,75.981287051014 -122.180142917649,75.9716570513477 -122.211849911874,75.9694770574835 -122.224585924457,75.9634190592905 -122.241902923599,75.9613060622811 -122.269751950149,75.9497700662854 -122.287960950023,75.9476020696749 -122.299125956261,75.9430330716829 -122.317941955635,75.9415530745427 -122.357791976693,75.9295590810485 -122.36130298419,75.9260960820902 -122.352666013884,75.9169870799192 -122.349272000674,75.92229607998 -122.338697005192,75.9224330775094 -122.305487042164,75.9135060715579 -122.309293059347,75.9072370724257 -122.290549090136,75.8993850688755 -122.300610117023,75.8894980702634 -122.298983154041,75.8762840689494 -122.297739166957,75.8728500692179 -122.314474187367,75.864001071642 -122.335921183129,75.8623510750087 -122.382658149285,75.8684180839006 -122.417704131636,75.8690510897888 -122.436483117826,75.8717520933524 -122.45953408468,75.88004509718 -122.481072070678,75.8825931014651 -122.474486057193,75.8878641002394 -122.483069042616,75.8908941018563 -122.509726022313,75.89478410656 -122.567504006808,75.8929681172398 -122.614995966248,75.9005911256121 -122.649920962027,75.8979371314957 -122.665907952344,75.8996061348903 -122.682309930263,75.9039631373826 -122.658897935245,75.9053671337447 -122.653696928956,75.9080071330251 -122.671944906293,75.9130571360177 -122.659318907121,75.9149341336311 -122.658532895717,75.9191841340343 -122.647577887379,75.9228311324976 -122.64245288379,75.9245311311452 -122.638255846856,75.9374991315941 -122.633484804296,75.9522491312686 -122.66697378369,75.9554151369609 -122.677890768221,75.9587721394079 -122.67719574268,75.9681641395177 -122.689322727933,75.9707591415666 -122.712720716803,75.9720171451803 -122.71322571045,75.9745571458886 -122.642377719401,75.979227133257 -122.631578712712,75.983103132134 -122.610773720036,75.9835601279075 -122.613359706047,75.9883211284576 -122.628317686701,75.9928681317089 -122.613330675374,75.9974381289929 -122.598361677048,75.998972126491 -122.608984642539,76.0091341285165 -122.624389641354,76.0080431309358 -122.642047628477,76.0103321341612 -122.654627621633,76.0103311366513 -122.680072599549,76.0156881416888 -122.70573859047,76.0151991460689 -122.70914157763,76.0187401465361 -122.640547585744,76.023973134602 -122.614587601627,76.0221431298391 -122.599666604653,76.0227381277552 -122.596896599139,76.0259261271659 -122.580183595431,76.0287191242596 -122.57251758656,76.0328841233842 -122.575375563392,76.0399791236843 -122.557032570777,76.0400481203821 -122.549615553812,76.0465341191249 -122.529982555191,76.0483191165238 -122.503057546235,76.0547041112284 -122.498503524322,76.0622041109487 -122.503204509561,76.0661411122134 -122.509502505047,76.0676661131891 -122.51074048799,76.07203911365 -122.489124489686,76.0748611099826 -122.483260478732,76.078920108808 -122.494931466164,76.0820181108897 -122.481207450138,76.0890741094402 -122.486723441011,76.091806110383 -122.482227421239,76.0983591095011 -122.459512406503,76.1052031059501 -122.446633398601,76.1101091037194 -122.467010376717,76.1141371074472 -122.470247355209,76.1216751086253 -122.493121346354,76.121126112781 -122.506493357413,76.1157241149427 -122.51710835518,76.1156091168457 -122.537055328793,76.1222321202963 -122.555690311056,76.1254061235267 -122.565379308534,76.1253441256265 -122.580433311536,76.1217061283483 -122.558801331237,76.1184631240236 -122.555757339652,76.1162891232516 -122.567371338183,76.1151901251859 -122.585233326911,76.1165411287588 -122.591950341952,76.1103301299876 -122.604697340584,76.1093911321202 -122.614224331482,76.1112001334249 -122.632014327877,76.1104521361115 -122.651954322687,76.1099351402754 -122.671940314925,76.1094151437799 -122.691368311161,76.1083311473303 -122.707525296946,76.1109411496973 -122.714801282281,76.1154491512436 -122.70846727847,76.1169671507564 -122.696720282131,76.1169221485029 -122.688463280568,76.1194861471217 -122.681783259965,76.1256951459112 -122.652152265986,76.1273361406726 -122.646731265069,76.1288081397639 -122.614186295539,76.1233611337314 -122.607621292372,76.1246511328791 -122.606189280717,76.1282371327261 -122.612660273346,76.1309231338296 -122.603886265028,76.1339741322247 -122.564634262799,76.1398711259276 -122.557597243093,76.146799124899 -122.573215234048,76.1478141280441 -122.581334225054,76.1501701290371 -122.565473225128,76.1518651264502 -122.52257123919,76.1524671186143 -122.525892229169,76.1558701197493 -122.561025217478,76.1549781259684 -122.570160209579,76.1568621276254 -122.558862204416,76.1593501252975 -122.537992209664,76.1605771216915 -122.537573205824,76.1616751222558 -122.56869118908,76.1627971272119 -122.567181185516,76.1643311276284 -122.53795118912,76.1666741219042 -122.537440180259,76.1692291219751 -122.56339817439,76.1681311265549 -122.608772121691,76.1797431348862 -122.638387121004,76.1769421398522 -122.656478133904,76.1703441434634 -122.737529137504,76.1590751575248 -122.756200150837,76.1531311601676 -122.760428170349,76.1454031608294 -122.772243179283,76.1414821624267 -122.786355176294,76.1409241647949 -122.809930162149,76.1426561689195 -122.824529162481,76.1407481713401 -122.83035617662,76.1349581729828 -122.812295193931,76.1324641693787 -122.808994201942,76.1300681687402 -122.825656196502,76.1291381719854 -122.841419204888,76.1242771739004 -122.842599228618,76.1164951741099 -122.848547235695,76.1135811754959 -122.859205237351,76.1125211767761 -122.894995251124,76.1032511830519 -122.921293268984,76.0942781875579 -122.965103256805,76.0922641947053 -122.980921275203,76.0845741977799 -122.995676274083,76.0837351994035 -123.016094261532,76.0846812033276 -123.020613257032,76.0862982045261 -123.017771248264,76.0890382037101 -123.01214423457,76.0944982029364 -122.981029242943,76.095567197542 -122.973980237545,76.0983071966853 -122.996746229139,76.098657200807 -123.006968214872,76.1011152030996 -123.004111210103,76.1031512019832 -122.988743210595,76.1044411993793 -122.977979214222,76.1053411979601 -122.969996208751,76.1081331960093 -122.980449196827,76.1108191981789 -122.972414187309,76.1145501965142 -122.990214172762,76.1177542003772 -122.95622517581,76.1199201947658 -122.952915172928,76.1215081942859 -122.964965145881,76.1287781965217 -122.954296145656,76.1298551946228 -122.941228154933,76.1284721921166 -122.927466140786,76.1353471896307 -122.934768119436,76.1407721911636 -122.929323101824,76.1471731910688 -122.942525086277,76.1506451931831 -122.941656076464,76.1537341927462 -122.890773094161,76.1547251842867 -122.875878093615,76.1564961810854 -122.873583084685,76.1601361813183 -122.916464038669,76.169900189 -122.921110023924,76.173609190335 -122.913352006977,76.1796591889286 -122.918483995515,76.1828791900853 -122.944664974909,76.1865561945983 -122.949270957601,76.1912091958842 -122.923561972312,76.190592191538 -122.907336997191,76.1835121882247 -122.892582006701,76.1824661853695 -122.880954019485,76.1796051832635 -122.833991048592,76.1756841745568 -122.833809041239,76.1785061748683 -122.856484998073,76.1896301798083 -122.854673989144,76.192773179606 -122.830142009468,76.1887681746585 -122.823016004817,76.1915071731417 -122.827650971315,76.2022411741601 -122.843055946261,76.2079251777775 -122.826953947032,76.2095281752483 -122.817433906472,76.2238551736112 -122.822565893589,76.2270831744923 -122.820077886753,76.2295551741978 -122.796920889294,76.2320111707799 -122.800217867328,76.2383741717459 -122.790557874246,76.2374671691625 -122.775280886653,76.2360161669091 -122.750169882699,76.2395111623339 -122.731636890368,76.2398621588181 -122.690140885178,76.2465541517271 -122.677575877767,76.249826149886 -122.621243843321,76.2678701406818 -122.619799831277,76.2714481404423 -122.627632817145,76.2754611422841 -122.624311807936,76.2791531414485 -122.639355788588,76.2834711441821 -122.640430775343,76.287622145003 -122.621532762624,76.2935501416201 -122.624115752482,76.2962131424791 -122.640842733826,76.3002111456836 -122.621212732173,76.3033921425535 -122.617451721932,76.3066341418522 -122.622988699425,76.3133411426586 -122.6200116863,76.3184151426518 -122.612980659362,76.3274401416048 -122.61513764915,76.3302481418652 -122.620394626371,76.3370911434488 -122.615890615211,76.3406091429723 -122.59865560809,76.3452781395063 -122.580995611382,76.3464681362792 -122.569818599719,76.3512831351493 -122.539605602933,76.3538461298621 -122.538209596775,76.3564921298187 -122.558455574666,76.3610021333426 -122.553425561857,76.3650151329194 -122.537318563459,76.3668231299888 -122.525076593183,76.3593001271978 -122.515351591332,76.3605211258257 -122.509420573923,76.3666861252927 -122.489952591026,76.3639921208571 -122.480741591199,76.3647251197225 -122.470970564453,76.3741241185471 -122.455661553571,76.3798471161995 -122.432066558859,76.3811051118127 -122.411884550136,76.3859111081448 -122.415887526588,76.3931741091868 -122.391323530218,76.3944861050311 -122.38526052701,76.39644010425 -122.41344550275,76.40078910933 -122.389437508739,76.4018261051756 -122.370891526861,76.3990721017354 -122.356920526091,76.4000490994694 -122.338695515882,76.4059240962456 -122.321643525168,76.4047040930487 -122.329209495478,76.4136520947103 -122.319221495434,76.4146440926236 -122.309215500424,76.413537091111 -122.293118548526,76.4008490881184 -122.279874551735,76.4015440857056 -122.267177541245,76.4059460833761 -122.250254541625,76.408007080894 -122.226710538026,76.4125080764808 -122.196830543596,76.4145370711948 -122.185563536039,76.4183900697048 -122.162828545838,76.4174830659333 -122.146397543127,76.421136062602 -122.129656548176,76.4213040597398 -122.10651256892,76.4178400559828 -122.080711572766,76.4189470512419 -122.051402570472,76.4237150460963 -122.027092554741,76.4317420421773 -122.009776552859,76.4345030389959 -121.968128564092,76.4357010319429 -121.963467563381,76.4371050311855 -121.989398529459,76.4446280358165 -121.990499512978,76.4490140368336 -121.96834952125,76.4487480323874 -121.922184566494,76.4408350242475 -121.899299574908,76.440851020556 -121.884108597184,76.4362580174183 -121.869907605342,76.4348840150549 -121.829606615649,76.436463007698 -121.789393663336,76.4273149999644 -121.764422683348,76.4239209953602 -121.741838686458,76.4252869920368 -121.726312701101,76.4235029892496 -121.692333706595,76.4254459827107 -121.678403691268,76.431962980763 -121.650506695025,76.4340539762031 -121.633519692148,76.4372339730732 -121.616403695762,76.4380889703707 -121.562334728878,76.4354119607825 -121.530906739108,76.4358079547144 -121.500237737391,76.4398139500525 -121.49924769298,76.4536599503758 -121.472432696622,76.4559029460298 -121.463547692206,76.4582009441331 -121.481282674525,76.4624499471984 -121.473843660036,76.4674699461192 -121.478548647886,76.4704979469835 -121.496205633996,76.4724219503109 -121.495500631736,76.4738569499276 -121.491305628576,76.4749609497705 -121.46980664445,76.473176945681 -121.471951629325,76.47757094644 -121.446347638403,76.4778909417066 -121.430295626021,76.4833309392195 -121.407474589901,76.4979349358109 -121.380354576904,76.505539931145 -121.380664563128,76.5092409312737 -121.395568542028,76.5136349344583 -121.379022538432,76.517464931301 -121.375466531728,76.5201969314551 -121.394526516066,76.5225389340437 -121.394167495088,76.5288249347272 -121.378717473882,76.5372639319269 -121.400241445363,76.5434199360484 -121.39517043735,76.5466939354944 -121.398079395784,76.558876937076 -121.38343536806,76.5693609348302 -121.34596837756,76.5711619275217 -121.32673637794,76.5737119244547 -121.307423377481,76.5762719215616 -121.310602363631,76.5798429222461 -121.292926364467,76.5813919189931 -121.29205535367,76.5849169192442 -121.304297337981,76.5885249215961 -121.299347333814,76.5908529205879 -121.27883232585,76.5949109169598 -121.256854337183,76.5949719131074 -121.24648633372,76.5968649111535 -121.243363312347,76.6035249109709 -121.261047288653,76.6087279148093 -121.254412275073,76.6136869133302 -121.235380272695,76.6171509102611 -121.212402280435,76.6173259064458 -121.201869303941,76.6122369045667 -121.174905301743,76.6158378993654 -121.191796248909,76.6303799030692 -121.180876236191,76.6350799019124 -121.190828150428,76.6599529039706 -121.184783060708,76.6883629043418 -121.163695056404,76.691918900935 -121.1454550597,76.6930028978122 -121.073836139366,76.6782238843477 -121.062211136781,76.679925882242 -121.037937161066,76.6764158779874 -121.026917150087,76.6811078761106 -121.018212138797,76.6849978750998 -121.00307514093,76.6861738719934 -120.981140157814,76.6841608688 -120.967756159311,76.6850138659433 -120.949694178123,76.6816648629932 -120.936117182544,76.6822908600635 -120.933987168183,76.6867998601769 -120.940592152947,76.6909108619157 -120.92991314413,76.6948868599087 -120.907579159401,76.6935898560156 -120.906795137879,76.6996628558102 -120.889701149161,76.698593852969 -120.867572170934,76.6940398486705 -120.857843162658,76.697961847818 -120.860123125845,76.7087638485311 -120.838510118606,76.7141668445265 -120.834577095419,76.7213148441985 -120.817021084299,76.7267468416445 -120.787576083251,76.7313408359382 -120.769526051098,76.7432958335964 -120.756023041907,76.7476288312458 -120.722150047982,76.7500448260303 -120.676759057789,76.7532828177882 -120.660472079075,76.7484448145384 -120.654960095061,76.7442488134699 -120.632811064079,76.7564028104091 -120.622069066931,76.7568838085994 -120.599262107484,76.7479268036511 -120.581128115454,76.7480328008859 -120.551458075342,76.7632687967022 -120.524661080776,76.7651527918393 -120.52366605771,76.7723857914256 -120.514262057696,76.7732637902342 -120.493494080182,76.7690747862174 -120.481876074602,76.7721417844263 -120.488641051818,76.778107785797 -120.476354058026,76.778306783473 -120.476300049028,76.7811987837212 -120.489473031041,76.7847917866364 -120.489592021824,76.7873397868817 -120.47229902141,76.7897197837125 -120.432510032352,76.7919247770196 -120.403174027533,76.7969137717091 -120.386236009075,76.8046057690174 -120.371853009026,76.8068547666852 -120.362032993059,76.8121507656081 -120.339871985953,76.8172857620541 -120.34364597224,76.8205957623108 -120.361875949915,76.825372766002 -120.363170909851,76.8366707661471 -120.342874900703,76.8428817627631 -120.339431876828,76.8497487624838 -120.367127863165,76.8499377673402 -120.385125850154,76.8519447707933 -120.39815583344,76.8553257730464 -120.412941796406,76.864419775673 -120.420954752878,76.8763587778648 -120.415657738212,76.8809987769023 -120.400489727498,76.8860557747832 -120.382499731465,76.8877657717846 -120.350170744693,76.8882307657512 -120.324928752367,76.8886127619149 -120.300946751123,76.8917317576226 -120.273944735743,76.8998427535954 -120.230219745108,76.9026357453946 -120.214411714353,76.9144307437128 -120.200986707817,76.9180077411355 -120.165411709681,76.9220517352662 -120.154620693498,76.9276137336887 -120.165452628486,76.9456867357552 -120.155634613825,76.951204734787 -120.140915604944,76.9557577318254 -120.08517961146,76.9604037225067 -120.073735609219,76.9627397204419 -120.071301588739,76.9697887207223 -120.088202516699,76.9878397245814 -120.086508490841,76.9957817246298 -120.073197474071,77.0021307218858 -120.01809646686,77.0115907134593 -119.999374454836,77.0176937101598 -119.988642428996,77.0260027082459 -119.963239434635,77.027741704137 -119.950199483918,77.015548700963 -119.935503481479,77.0177696990785 -119.91774745189,77.0289156966524 -119.910588435902,77.0340666951323 -119.889238437875,77.0370256917845 -119.879692425839,77.0418106899038 -119.897420397385,77.0471046934413 -119.900880381163,77.0513616937816 -119.894605373338,77.0550856932926 -119.875765367535,77.0586326897225 -119.857108372053,77.0598536872908 -119.826445388461,77.0590146817019 -119.820241381795,77.0615786803299 -119.819010358003,77.069031680177 -119.782658366794,77.071427674387 -119.774331357565,77.0752276733289 -119.804477333371,77.077950678474 -119.804460323066,77.0804996787877 -119.783196321683,77.0836656746001 -119.77793731441,77.0860456741901 -119.790406278346,77.0951786771353 -119.786262266258,77.099045676027 -119.77724023727,77.1084306750033 -119.765416226835,77.1130616726705 -119.756082229177,77.1141206717435 -119.724507231545,77.117707666273 -119.701366237954,77.1186296621039 -119.683288252908,77.1168076588555 -119.677209244271,77.1195916583936 -119.642704251482,77.1218796521709 -119.638212236465,77.1266866519725 -119.623289241028,77.1275036487735 -119.617313237385,77.1291286478471 -119.615688197637,77.1414496483032 -119.612608188584,77.1441126472389 -119.585552181009,77.1493376431998 -119.551723193087,77.1499726373799 -119.503460207506,77.1520846289835 -119.47865517093,77.1655446252529 -119.436870150045,77.1773146185375 -119.396652150879,77.1818706115157 -119.37049414024,77.1884246076756 -119.368627100557,77.2007386074457 -119.35146407075,77.2108706055177 -119.336314064472,77.2142196023877 -119.330012050406,77.2195446017286 -119.347258023426,77.225586605135 -119.334960991771,77.2352986034458 -119.319571992617,77.2370396005553 -119.3044890259,77.2297525976783 -119.298549016332,77.2330725964658 -119.294276010936,77.2354515960083 -119.302479942007,77.2540825985439 -119.296369914364,77.2623995975788 -119.267309898694,77.2708905929876 -119.274809859043,77.2805485945629 -119.246388836562,77.2906965903025 -119.221347815686,77.2996385857771 -119.214626797747,77.3059015850142 -119.179807774657,77.3166585789731 -119.134675766399,77.3250285716569 -119.07083478777,77.326920561481 -119.000661827801,77.3246475487317 -118.996726812753,77.3291725487003 -118.974691817324,77.3306665443929 -118.953505823757,77.3319035408233 -118.918242848933,77.3300185348142 -118.897439852302,77.3309635313211 -118.876638858533,77.3319105279727 -118.874388850735,77.334526527295 -118.845321858167,77.3364965224847 -118.831589850798,77.3406775198946 -118.814981852409,77.3424235175433 -118.807753845209,77.345452516654 -118.812167794885,77.3584445180384 -118.78171381485,77.3572245119182 -118.773635809419,77.3591155114503 -118.759087814617,77.3594065083166 -118.741534837697,77.3556455054923 -118.688250830784,77.3643964963033 -118.670834846539,77.3627484935624 -118.676451860092,77.3574844942845 -118.626535873172,77.3613074860975 -118.524652917548,77.3618554681041 -118.495417933898,77.3607874636976 -118.458179960295,77.3588414567289 -118.405099970107,77.3627264480012 -118.382209984031,77.36166544421 -118.327193997094,77.3658304346992 -118.303288002723,77.3677914306416 -118.272944023712,77.365128425321 -118.251973060325,77.3577744211676 -118.198337102127,77.3533474125144 -118.151788116752,77.3560424044916 -118.107571142588,77.3545163964768 -118.0973261392,77.3564613948546 -118.098557090817,77.370468396037 -118.08326307534,77.3758163930733 -118.062949082974,77.3769323899751 -118.041971096878,77.3755503863382 -118.00153914305,77.3688133794364 -117.985203148441,77.3695673764926 -117.960161133891,77.3761373726232 -117.901316134149,77.3838053626459 -117.882649136906,77.3862323597675 -117.858295149205,77.3860933556262 -117.843518160234,77.3844913528958 -117.836770190373,77.3775723512532 -117.825852197946,77.3769993492679 -117.816967209259,77.3746643479415 -117.797745237506,77.3696153446019 -117.751154272001,77.3660293359138 -117.728733296517,77.3623663319781 -117.709271323701,77.3567673292418 -117.690397351957,77.3512623252436 -117.671555383859,77.3457653221202 -117.626116434909,77.337304313826 -117.613493464166,77.3307883115588 -117.598225478453,77.3282773088874 -117.586011471393,77.3321083070045 -117.560290483403,77.3329023029643 -117.539608506232,77.3284832989333 -117.519197519891,77.3277372955819 -117.512089505265,77.3330162944356 -117.500011501551,77.335450292865 -117.481631506008,77.336242289224 -117.471499514949,77.3351752875818 -117.46032252003,77.3357482859095 -117.441247535017,77.3338012827459 -117.429505605532,77.3153152796881 -117.422054615932,77.3134702782289 -117.393761636121,77.3118072739975 -117.348125655107,77.3125012663724 -117.339550673692,77.3088462640688 -117.304794692652,77.3085182586148 -117.263087737922,77.30034725104 -117.229279793993,77.2896352445749 -117.214126808358,77.2871092424039 -117.196690815592,77.2876212396009 -117.178934808603,77.292740236662 -117.154567816661,77.2939162324005 -117.148696802379,77.2980052318548 -117.151799792166,77.3013542325014 -117.107477807606,77.302430225122 -117.091656804688,77.3056502222564 -117.086260808461,77.305551221597 -117.082129808584,77.3054662204352 -117.072880814907,77.3057412193221 -117.05801282934,77.3036512166475 -117.056859840791,77.3000032159392 -117.049332854249,77.2979282145729 -117.014888867624,77.2980122088412 -117.018924861886,77.2994992098658 -116.998488855513,77.3042572065472 -116.981559850809,77.3081982036192 -117.019344785394,77.3210752108261 -117.050211761487,77.3236242160873 -117.125673648726,77.3460022294226 -117.135056679464,77.3356182305772 -117.147692672363,77.3357092331547 -117.165183634338,77.3436902358445 -117.168785613331,77.3495642367287 -117.155311570947,77.3635192354316 -117.124760578029,77.3650982300905 -117.009014692045,77.349168209834 -116.935580748977,77.343926196933 -116.89574480489,77.3333511898182 -116.875321822649,77.3307191868686 -116.84677787595,77.3195891814032 -116.823723887079,77.3195501780522 -116.797543881718,77.324890173692 -116.78542487336,77.3292421713145 -116.773309866055,77.3335971696271 -116.766247858278,77.3358541683009 -116.775310844368,77.3388141703427 -116.774346836558,77.3411871697356 -116.732847833492,77.3487241635864 -116.73628480218,77.3564391638641 -116.714919783903,77.3648301610763 -116.696859776358,77.3699191579891 -116.67204479272,77.3687681537248 -116.634715769093,77.3805771477686 -116.649650741744,77.385551150592 -116.664641719487,77.3905421536345 -116.699864697503,77.3914041591203 -116.710114679313,77.394570160921 -116.723053678474,77.3932891630591 -116.743101676046,77.391587166649 -116.74991568793,77.3870401677383 -116.760250689372,77.3849101694927 -116.813253673877,77.3820501777366 -116.827637662794,77.3832551802824 -116.833504649219,77.3860791815419 -116.825114621006,77.3950291810428 -116.842636605223,77.3979761838137 -116.860201585564,77.4009341867024 -116.88516057813,77.398629190828 -116.975786540989,77.3969662056887 -116.9753624822,77.4137432067421 -116.990422442426,77.4229512092332 -117.016388412652,77.4274912135322 -117.014228362033,77.4413322144367 -117.02904835607,77.4413692165312 -117.044303368931,77.4351812188727 -117.057940365078,77.4350212210076 -117.062847351701,77.4378672219201 -117.051406343629,77.4416442206729 -117.056733328277,77.4451612216545 -117.080140317557,77.445405224903 -117.107162279029,77.4515172301624 -117.135376256587,77.4543692351777 -117.141769243319,77.4578632363117 -117.137060235193,77.4605262359139 -117.105653242296,77.4628152303316 -117.090465231995,77.4673842279825 -117.081916207151,77.4759002264337 -117.067406205264,77.4781572246284 -117.050044217449,77.4775012210235 -117.037972228744,77.4750992192735 -117.036320242135,77.4723892193671 -117.045289252791,77.4680032200984 -117.023112281151,77.4628902164789 -117.003895285576,77.4643632134807 -116.971370280259,77.4701092080734 -116.942079294453,77.4707112025442 -116.92975530858,77.4678582007364 -116.920117317453,77.46765919904 -116.887051308526,77.4743351940501 -116.850755314598,77.477417187731 -116.838685311611,77.4802711855338 -116.831718301526,77.484606184968 -116.85203926836,77.4902361885476 -116.848447260972,77.4930881882765 -116.811116279815,77.4927531820492 -116.798648274364,77.496772179987 -116.774551271853,77.5008861760556 -116.769488264334,77.503090175244 -116.775398249454,77.5059061763219 -116.754345226786,77.515213172822 -116.708590253023,77.5150911652154 -116.709020235771,77.5194411655336 -116.764221201038,77.5211331750212 -116.868690152421,77.5198451926695 -116.894276127952,77.523492197091 -116.907082101446,77.5288711990339 -116.873622090061,77.5369191936683 -116.855049096371,77.537897191096 -116.814384129784,77.5339821836521 -116.763842157499,77.5330821754316 -116.738359168013,77.5340281712903 -116.691998184765,77.5357361629384 -116.646706191891,77.5401781560958 -116.545186233975,77.5431291385144 -116.505818227964,77.5506061325434 -116.447439242786,77.5546811227501 -116.398385263981,77.5555041144575 -116.393748284441,77.5501191132539 -116.386188296091,77.5480121119617 -116.387542306647,77.5447771119748 -116.374959312789,77.545105109765 -116.348563338444,77.5416641051007 -116.336450334544,77.544732103809 -116.321514342062,77.5446551008196 -116.313923368216,77.5386730997811 -116.296696382349,77.5363540969374 -116.289650391787,77.5351720952739 -116.242813436934,77.5292600869776 -116.221205456562,77.5267110838533 -116.199661477213,77.5241710799889 -116.140611554848,77.511224069523 -116.118534576828,77.5076610659118 -116.048268658103,77.4952090531854 -116.04365367608,77.490510052437 -116.064529711792,77.4780670556874 -116.087158716143,77.4737860592428 -116.086411743882,77.4656000585245 -116.075293770727,77.4592070571089 -116.043938794684,77.4572770515871 -116.002269832492,77.4523560445299 -115.960227855355,77.4527070370992 -115.914303900806,77.4455940294413 -115.885474917931,77.4449240247443 -115.856979949737,77.4408050200048 -115.821916968095,77.4402860136901 -115.808496989326,77.4367160112214 -115.790341015173,77.4321140083181 -115.731874077442,77.4227529982346 -115.704425111808,77.416305993628 -115.683702152015,77.4085549894442 -115.650751184348,77.4036109844156 -115.610064270783,77.3851019767305 -115.58686429994,77.3806079728747 -115.538953342543,77.3748559643997 -115.507978390962,77.3650429587552 -115.474116422105,77.3621689529168 -115.461310437314,77.3594749508331 -115.450519472364,77.3501129485419 -115.422123529034,77.3388679432788 -115.429372541552,77.3343509446916 -115.460810521524,77.3345419500118 -115.459883538406,77.3304519495088 -115.43624757679,77.3225179452426 -115.437835602701,77.3149269457343 -115.426152610578,77.3145059438312 -115.415068605282,77.3175049417306 -115.40093960715,77.3185209392815 -115.385727622403,77.317260936773 -115.36924764454,77.3132939342083 -115.348923650509,77.3144379308775 -115.338668661793,77.3126069291235</coordinates></LinearRing></outerBoundaryIs></Polygon><Polygon><outerBoundaryIs><LinearRing><coordinates>-110.002101235262,74.8367700124121 -110.011402254908,74.8271110142727 -110.024259258084,74.8229670160756 -110.040813248122,74.8233650182566 -110.052341231334,74.8274220201982 -110.057121212094,74.8356090214947 -110.066816202981,74.8378530222205 -110.128474179966,74.8342130321334 -110.212378128126,74.8386610452265 -110.221218118667,74.8406760461654 -110.275699076745,74.8475030544442 -110.287871071967,74.8469920565 -110.311997071327,74.8427880601448 -110.340720059078,74.8421920645989 -110.356971058235,74.837791066909 -110.327467097563,74.8269960622342 -110.329956099687,74.8251630629774 -110.341253095699,74.8248820642327 -110.362301079623,74.8270570678299 -110.368296080888,74.8256680684356 -110.3722360904,74.819954068801 -110.384353088257,74.8189850711467 -110.373586104688,74.814476069158 -110.279500184811,74.799430054666 -110.388128129612,74.7991490708593 -110.414723129304,74.7944560753558 -110.436596139296,74.7850100784808 -110.446979134258,74.7845000801916 -110.457568123251,74.7867200813905 -110.459497118594,74.789214081966 -110.444219113963,74.7938530794528 -110.453085105557,74.7960810809526 -110.466801105054,74.7937320833887 -110.479475106394,74.7891080846341 -110.535442087651,74.7867280937963 -110.540939085105,74.7864980944827 -110.574097087385,74.7781070987876 -110.592375074858,74.7786861023817 -110.603397077094,74.7756581039241 -110.629361067926,74.7748181077866 -110.637877066615,74.7729501090592 -110.636440081524,74.7665791087365 -110.614700114492,74.7560031047586 -110.593458136478,74.75088510205 -110.547880243436,74.713340093805 -110.554359250357,74.708061094905 -110.580724249387,74.7031240990791 -110.655255227585,74.6960751102119 -110.695209223915,74.6892171158918 -110.746896222093,74.6790921238739 -110.757580230176,74.6735531255017 -110.763318252223,74.6614451258984 -110.771666255383,74.6586541277517 -110.795432250632,74.6550751313904 -110.810456255728,74.6501911336921 -110.84382124366,74.6481321384724 -110.86012623738,74.6475611412703 -110.863820249097,74.6416161415657 -110.874019244567,74.6404031429605 -110.925858216877,74.6423031509016 -110.935248214784,74.641549152092 -110.943600214445,74.6392131540311 -110.947457223014,74.6350791538037 -110.943037243354,74.6259991536431 -110.948440254028,74.6202621544846 -110.957564257403,74.6172321552103 -110.973523255137,74.6139221577406 -111.030834233292,74.6116571665649 -111.071445225908,74.6063231723865 -111.092289226812,74.6009141756195 -111.109251239225,74.5918891780697 -111.120898241628,74.58882918047 -111.138923232017,74.5889061826564 -111.16247521415,74.5921241868585 -111.194157198929,74.5916291915321 -111.215221196045,74.5884861945701 -111.224114200119,74.5855331957356 -111.230047200943,74.583564197261 -111.244357226671,74.5679481992497 -111.257617230626,74.5644142007315 -111.260819228752,74.5635672010161 -111.269226229457,74.5613482026941 -111.306210210258,74.562606208589 -111.344679194168,74.562027213769 -111.370734173406,74.5647422184858 -111.391142166907,74.5636362215367 -111.423253173174,74.5542142261765 -111.441076167313,74.5531302289098 -111.466305174242,74.5437692328586 -111.487876176259,74.5389932358815 -111.520897190504,74.5247652406618 -111.539034191755,74.5202482434846 -111.583029176883,74.5172882503622 -111.600364178387,74.5132292533556 -111.618169188984,74.5049962557975 -111.6291071946,74.4999392574015 -111.642157198616,74.4959252594461 -111.683228187578,74.4911502655161 -111.801268151858,74.482766283499 -111.859819138386,74.4759292929472 -111.892592118328,74.4782782983264 -111.933101105798,74.4759743038127 -111.980353109795,74.4633183111906 -112.048461099887,74.4535823222137 -112.070293093719,74.4519343250402 -112.125101074981,74.4491803341243 -112.145461070559,74.4468303367621 -112.165100066888,74.4445563397179 -112.211086043945,74.4448623468754 -112.245235036075,74.4409863521099 -112.253700039697,74.438537353623 -112.279089042044,74.4311743573363 -112.313406031694,74.4284283625543 -112.375321024224,74.4191213720976 -112.400366016537,74.4169463767295 -112.691155916925,74.4025804221407 -112.848368850581,74.3996194463878 -112.967221797139,74.3997044657298 -113.029894771917,74.3990934748236 -113.159497699996,74.4048234957272 -113.173535696854,74.4032064981596 -113.198107685949,74.4029995024535 -113.228111662475,74.4074795065278 -113.301816623979,74.4100195187747 -113.332933607539,74.412231523656 -113.444705538001,74.4201355411903 -113.469648522332,74.4226995458856 -113.534794477509,74.4293605560293 -113.690437360793,74.4502645809855 -113.732053325773,74.4587865883747 -113.747495305259,74.4650955903482 -113.759417285075,74.4710235928151 -113.779713263964,74.4763175965554 -113.839017223083,74.4835436052765 -113.956734108627,74.5112456248753 -113.991988074616,74.5195086311372 -114.018329048773,74.5256726355184 -114.05666600181,74.5390096416198 -114.244588796486,74.5933686733826 -114.273471759696,74.6034696777694 -114.362103650544,74.6343616932401 -114.391114609797,74.6464926976096 -114.422900535859,74.6720517039838 -114.420299489036,74.6929097036725 -114.368870464153,74.7130666961188 -114.314521457612,74.7273256872118 -114.28065045874,74.7326586823472 -114.214740437681,74.7546846718908 -114.194173432318,74.7610856692644 -114.16897143669,74.7639156648334 -114.135408449789,74.7651066596023 -114.084189430696,74.782204651592 -114.065205431395,74.7855846485121 -114.028916447231,74.7865826431054 -113.981979440329,74.7983106360284 -113.885792457238,74.808982620474 -113.820566481248,74.812591610366 -113.719839494269,74.8262565938289 -113.623688524244,74.8320085788233 -113.596599530507,74.8350455748931 -113.576110519123,74.8429725719684 -113.561459524568,74.8437035698054 -113.497305572591,74.8360145586548 -113.483272578499,74.8358225566969 -113.456768587587,74.8379125523687 -113.376728590603,74.8521655398426 -113.359510595484,74.8531635368711 -113.324375588857,74.8624725316692 -113.32752658307,74.864472532292 -113.317714571198,74.8713125315445 -113.309049562827,74.8773575301639 -113.297354554,74.8828125284386 -113.249838553587,74.8920975206309 -113.231071542575,74.9008715180469 -113.21862454164,74.9036025161814 -113.191209533578,74.912980511619 -113.166396530261,74.9188845082724 -113.151883534556,74.9205015054904 -113.140193517084,74.9298335044298 -113.099371508343,74.9421614979176 -113.051778504257,74.952315490569 -112.98821051161,74.9615714810224 -112.896207522191,74.9749224660781 -112.840450535261,74.9812854575581 -112.744141573646,74.9839094422205 -112.623989605393,74.9943774237487 -112.531121644371,74.9970934088065 -112.48941565759,74.9999924020747 -112.469433663025,75.0013803997806 -112.363502702812,75.0051273824074 -112.309345734052,75.0033413746062 -112.223185770701,75.0046993610409 -112.16296579448,75.0076903509956 -112.138079804025,75.0086673472897 -112.105256813836,75.0104063420025 -112.073993828212,75.0116953373375 -112.025574854397,75.0102003294041 -111.985354877658,75.0081643233717 -111.934883910155,75.0045313155928 -111.909747924366,75.0031433114658 -111.875012940553,75.0035863055901 -111.854681955576,75.001274302743 -111.845769967812,74.9979543012297 -111.824883989563,74.9926382979572 -111.796465008763,74.9912722932975 -111.773642013986,74.9932702898422 -111.758840021133,74.9938812877496 -111.736957034845,74.9920052843751 -111.719740050028,74.9883492813413 -111.696676059929,74.9890602777289 -111.670681065142,74.9919432733484 -111.651593065615,74.9964602704079 -111.63730206295,75.0000612690965 -111.619626063461,75.0032722658839 -111.59682806925,75.005684262357 -111.58072607235,75.0084382599441 -111.571369067559,75.0119782587295 -111.560582059954,75.0168232567407 -111.539196070553,75.0179222531621 -111.529614067006,75.020179251914 -111.517149062778,75.0250392500234 -111.516277053782,75.0297632503568 -111.513881042703,75.0353702499869 -111.524477027864,75.0391152516701 -111.529665022692,75.0403442528733 -111.540121009568,75.0432282541081 -111.547914989085,75.050002255787 -111.56335697719,75.0528342581685 -111.56877496817,75.0553522586603 -111.563295954799,75.0622782587315 -111.53397695862,75.0660402540428 -111.516201960881,75.0692432515094 -111.490097964677,75.0725322468765 -111.458314982624,75.0715942424631 -111.450967997324,75.0673822407442 -111.435321015144,75.0632632387115 -111.414975029513,75.0609052350681 -111.406672031414,75.0609972335915 -111.391654040136,75.060721231998 -111.37717704002,75.0638812294657 -111.363749050199,75.0631642271461 -111.34873905882,75.0628892252445 -111.349006052305,75.0646062249511 -111.356253040854,75.0683902264566 -111.369947027563,75.0708232288119 -111.368558026409,75.0725562284682 -111.353456033707,75.0718532255337 -111.331656046049,75.0707932226288 -111.305255056813,75.0723502182628 -111.286024053467,75.0772632156138 -111.270361045922,75.0838552130208 -111.26800103151,75.0903162126545 -111.275434015605,75.0953902138202 -111.294397998767,75.0994862167724 -111.320042977207,75.1035152214142 -111.34242595521,75.1080022244939 -111.359565939981,75.1108322274885 -111.350165936022,75.1147922262936 -111.330296942415,75.1158522229251 -111.307832964988,75.1109312193528 -111.289231977938,75.1094062164485 -111.255649997495,75.1080332112355 -111.242700997522,75.110733209447 -111.232058985899,75.1176982074306 -111.235894977262,75.1210932085956 -111.238333964182,75.1262202092466 -111.235319959269,75.1283942081479 -111.177601972861,75.1336731996915 -111.147977979654,75.1369621950486 -111.132624967994,75.1465451932034 -111.099813972327,75.1511381879993 -111.09395796135,75.1571951874595 -111.082852955796,75.161590185922 -111.066364960377,75.1634591831028 -111.042950970551,75.1636661796992 -111.030147964996,75.1680751772113 -111.009260959486,75.1746901746871 -111.003192951302,75.1794651735297 -111.017052936452,75.1827771762638 -111.043059909721,75.1889721803986 -111.056813897251,75.1914201818459 -111.05375489336,75.1935961816396 -111.042141895923,75.194557179803 -111.012025909587,75.1952591750037 -111.000980903099,75.2005011740413 -111.000227888418,75.2073751738652 -111.000044859446,75.2185281736696 -111.000549851558,75.2223811744092 -110.98260185034,75.2264021712745 -110.959081863651,75.2266001674511 -110.933774877978,75.2259591638541 -110.913784884049,75.2274171606339 -110.896014876509,75.2331391578138 -110.881588871883,75.2388381558376 -110.881916866375,75.2414101561789 -110.889131852768,75.2452081575208 -110.902859842832,75.2472371596049 -110.918224831169,75.2488251617732 -110.92971782935,75.2465821635597 -110.936333829222,75.2456751648698 -110.949900819397,75.2464141671081 -110.95343381433,75.2476721672967 -110.952091810615,75.2502521669695 -110.955734801155,75.2523651678091 -110.964486792516,75.2548671695623 -110.978006786091,75.2551811715379 -111.00191576596,75.2575451749184 -111.015728755556,75.2599941772801 -111.02431974808,75.2612071783055 -111.034894734239,75.2645421802279 -111.031933729084,75.2675701795639 -111.029088718999,75.27146217993 -111.036185709338,75.2739711809462 -111.049717702882,75.2742761828614 -111.06145769893,75.2737421844709 -111.074693696626,75.2719041864236 -111.099483693529,75.2682501906405 -111.13068169143,75.2623821950513 -111.140536691135,75.2605741970723 -111.153635691218,75.2578811986717 -111.167097685014,75.2577512005422 -111.177317675972,75.2585152025541 -111.1817476559,75.265762202971 -111.196975651161,75.2660452056107 -111.216993642404,75.2645642085375 -111.22825664595,75.261024210768 -111.230724658331,75.2549892109674 -111.225039672744,75.2507562096564 -111.216051686846,75.2469872084955 -111.218974691148,75.2439492088135 -111.226608699196,75.2387312098696 -111.245874704779,75.2325362123032 -111.264988741054,75.2143332152782 -111.285157757165,75.203400217521 -111.299330763567,75.1972502201279 -111.322133761673,75.1927332234235 -111.351483760578,75.1872782276588 -111.375042773812,75.177170231817 -111.427213770924,75.168036239103 -111.450211765437,75.1652152430237 -111.454877769973,75.1630162435487 -111.462746773098,75.159935244924 -111.475693772604,75.1572192468197 -111.487468766343,75.157516248408 -111.492909757407,75.1600342498993 -111.501841743284,75.1633682507272 -111.509599725627,75.1697152520164 -111.523491713119,75.1725692545743 -111.535494704503,75.1741482562797 -111.550479698337,75.1735532585393 -111.558551696131,75.1717452597571 -111.56975169956,75.1686162620404 -111.586475690986,75.1684252640917 -111.596143692875,75.1661672653741 -111.595622700605,75.1631762658462 -111.552509736874,75.1559362583626 -111.540376750925,75.1535032568139 -111.536383760364,75.1496812559969 -111.552431763062,75.1456372585164 -111.555261769286,75.1426092587466 -111.570440757815,75.1432952612129 -111.590990741257,75.146064264286 -111.608434723662,75.1501532670633 -111.625286713559,75.1508172701325 -111.65255471742,75.14406527378 -111.669405706495,75.1447292771375 -111.673205676891,75.1567002774395 -111.680282667807,75.1587602787739 -111.684079659405,75.1612862794414 -111.677931656707,75.1643672784212 -111.683634643876,75.1681602791983 -111.708156595019,75.1833192834446 -111.715631581996,75.1875232852848 -111.727587573859,75.1886672871952 -111.74346457866,75.1837532894508 -111.748017582964,75.1811222898147 -111.743966594041,75.177315289416 -111.743337600302,75.1738892889398 -111.749013612344,75.1682352899877 -111.756349621837,75.1625662909277 -111.777845616483,75.1610182940581 -111.806658598689,75.1628112988512 -111.812948600885,75.1605912993248 -111.827101606663,75.1556933019345 -111.827717618727,75.1501083019061 -111.844503609911,75.1503293045409 -111.8540396112,75.1476363052754 -111.85346361718,75.144638305366 -111.850824631534,75.1395193046455 -111.856844636455,75.1360083061053 -111.887050622795,75.1364903105643 -111.914412602078,75.1395713150145 -111.963062577004,75.1402283226537 -111.992460550661,75.14499732694 -112.018009532798,75.1472313316263 -112.028033527153,75.1471013329475 -112.061514510629,75.1470793379516 -112.079433508941,75.144691341431 -112.092084510812,75.1410913434274 -112.102969516836,75.1370773441494 -112.109296515912,75.1352693455142 -112.129128511169,75.1341403484662 -112.143788507719,75.1322243511431 -112.161227510358,75.127685353351 -112.188372495039,75.1285713577874 -112.283056450526,75.12889037283 -112.37209541375,75.1251973870441 -112.394778398232,75.1273943906046 -112.412661378729,75.1321723936158 -112.441587310526,75.155494398258 -112.4379973008,75.1596523975474 -112.431225300655,75.1613383970979 -112.396397319779,75.1607823914686 -112.392783321659,75.1607213908629 -112.349225309272,75.1743093844868 -112.325407285903,75.1887663804635 -112.287898271505,75.2020263748032 -112.28087826176,75.2071373740208 -112.28494325257,75.2095943745797 -112.294136245898,75.2108373763393 -112.335717231165,75.2086953831626 -112.379173206011,75.2113113900957 -112.39445520748,75.2074583924711 -112.416217201836,75.2046503959135 -112.40560521588,75.2009213936161 -112.404413231671,75.1952363932227 -112.412915253024,75.1846233947043 -112.420496253667,75.1824723960196 -112.443602240075,75.1836623997307 -112.47283322146,75.1851734042252 -112.49325021368,75.1846624074002 -112.519158209777,75.1806484111558 -112.535968203711,75.1799554138463 -112.550695190853,75.182029415955 -112.607222122961,75.1994714258304 -112.610875100757,75.2078554263344 -112.60445406742,75.2232354253043 -112.569926059281,75.2330774207229 -112.554912044747,75.2421884179448 -112.599621965569,75.2659604261987 -112.628984955087,75.2648534307999 -112.640798957937,75.2614904325122 -112.66956894331,75.2617574369595 -112.703415022939,75.2215574413269 -112.7094290721,75.2009354417415 -112.695688119374,75.1838004392022 -112.674084170141,75.167243435486 -112.690072201986,75.1512604373865 -112.672826232772,75.141936434456 -112.676021234952,75.1402904349672 -112.697942227612,75.1388234383266 -112.729666225311,75.1335604431919 -112.773810233674,75.1205754498943 -112.80446622756,75.1181034550509 -112.812195223237,75.1174774566891 -112.844773219553,75.112412461418 -112.867990227567,75.1054314646579 -112.905997209647,75.1046074707487 -113.00886418936,75.0931394871864 -113.038201176006,75.0933464915646 -113.053370159705,75.0972054944669 -113.087452105398,75.1126175002129 -113.089015073822,75.1258235003313 -113.110814042814,75.1345895038017 -113.102791030516,75.1415715028811 -113.107211019227,75.1449215039374 -113.119209008772,75.1465455056324 -113.131002020079,75.1404195076442 -113.144658060324,75.1207895092865 -113.138644070248,75.1181485085218 -113.148561113418,75.0978995091226 -113.165612128506,75.0882495119161 -113.199726123552,75.0828785170158 -113.228276118496,75.0801015219308 -113.321970085823,75.0755005361058 -113.360728063978,75.0777825428744 -113.446475025632,75.0766905562486 -113.480647021475,75.0719525618104 -113.515955991977,75.0776985676006 -113.533679983438,75.0775975706178 -113.54810298061,75.0752715723372 -113.564642989805,75.0678865748318 -113.578305991434,75.0660255773864 -113.591981978518,75.0673675791648 -113.622063959513,75.0702215845398 -113.637681955921,75.0690145865093 -113.642970966449,75.0627445874934 -113.639278979113,75.0591665865123 -113.649883982332,75.0559915886785 -113.679780968516,75.0551905932012 -113.703616952756,75.0579305972984 -113.718216927023,75.0654075992516 -113.733495926093,75.0630576016611 -113.745374933241,75.0582586040379 -113.762798924952,75.0572286067094 -113.795063906324,75.0584186117805 -113.826108899465,75.0555186169894 -113.903981865056,75.0550996296876 -113.929162823073,75.0678406335105 -113.934942797921,75.0771566351123 -113.937973786202,75.0820546353467 -113.929746698377,75.1187746346923 -113.904954646569,75.1453176312289 -113.884933645081,75.149834627984 -113.829073653099,75.1575246196902 -113.833224617153,75.1705096201982 -113.877070596799,75.1707776274593 -113.902572573983,75.1752936319724 -113.910008554799,75.1819986331069 -113.908157540705,75.1874236328856 -113.905320522808,75.1958006324768 -113.881395496208,75.2111296291967 -113.810064284705,75.3098536201253 -113.80296726205,75.3191306194058 -113.743992234366,75.3419656106953 -113.622767262307,75.3536225915116 -113.580426265614,75.3603445841704 -113.544764253781,75.3715055794405 -113.473593260725,75.3821565682772 -113.453587255909,75.3881825652559 -113.450221252849,75.3891985649689 -113.429911233385,75.4007495615701 -113.414372234594,75.403534558878 -113.431316213077,75.4089455623354 -113.448248189923,75.4143525645568 -113.462174183455,75.4154745671975 -113.464878173695,75.4186245671517 -113.460558173726,75.4193795670704 -113.47436315578,75.4231395689355 -113.488105141014,75.4268795713891 -113.577849155,75.4044735857436 -113.684651143426,75.3885506017234 -113.75679913028,75.3814626134508 -113.859824096355,75.3748936303063 -113.872090087911,75.3764796319562 -113.891609050989,75.386834635323 -113.903997003037,75.4032676374789 -113.924496982753,75.4078906410171 -113.933002947363,75.4205106426643 -113.954930892239,75.4381266470429 -113.957652854244,75.4524616475665 -113.968975837905,75.456581649433 -113.994986829668,75.4552556536299 -114.02093082064,75.4539336576569 -114.030734818658,75.4532786595755 -114.0462718371,75.4422226614737 -114.060358905548,75.4126896630383 -114.050967936325,75.4032826618076 -114.052589950986,75.397079661816 -114.016985033303,75.3708426554931 -114.013009052169,75.3640676546125 -114.02158909332,75.3456116550075 -114.04475710193,75.3389736588035 -114.043545119439,75.3323666579661 -114.045390132517,75.3268426585812 -114.061062143836,75.3194436605781 -114.052769169149,75.3104696592592 -114.090015255938,75.2694856644205 -114.095467298931,75.2501766648777 -114.135063328178,75.231063670451 -114.147192352166,75.2186976720205 -114.166846345999,75.2185066753743 -114.171695341167,75.218986676536 -114.20298432041,75.2220846813958 -114.257645269323,75.2327966901662 -114.287891223597,75.2453996960861 -114.31688416655,75.2621467009599 -114.327120133455,75.2738037029001 -114.356575094616,75.2836767075841 -114.492994996716,75.2977977305976 -114.514847988614,75.297690734016 -114.53169798172,75.2976077360035 -114.536585982332,75.2961277369267 -114.552948994354,75.2888947397534 -114.577499992743,75.2844477434695 -114.582883009503,75.2767787443001 -114.555042026997,75.2744377400706 -114.537691045742,75.2711807368633 -114.529237044779,75.2727447354626 -114.485012066179,75.2723697280042 -114.425900103968,75.2679757187245 -114.387193146854,75.2574017123152 -114.38103216378,75.2525107108141 -114.385417200803,75.2364057117032 -114.379991229832,75.2257837099592 -114.355370283746,75.2087257059045 -114.325575330928,75.1947487005424 -114.28282138159,75.1819686931071 -114.267377410431,75.1731566908899 -114.267864421466,75.1692576904328 -114.31978749961,75.1272886977685 -114.328283513762,75.1203916988976 -114.342324548554,75.103859700856 -114.368332547537,75.099167705309 -114.374396565258,75.090797705822 -114.435076611078,75.0601737148903 -114.449841613775,75.0566407175977 -114.472567606307,75.0556717206096 -114.516484583265,75.0569537281723 -114.539634585436,75.0520787320124 -114.580790607346,75.0353467379348 -114.600206609029,75.0300917410866 -114.67182159749,75.0222317525567 -114.757039594361,75.0080717658121 -114.784009596793,75.0019307700328 -114.800927618244,74.9900827721459 -114.835511613547,74.9855807778187 -114.863746616882,74.9782557823021 -114.913754605385,74.9749607905852 -114.994341596053,74.963790803346 -114.999966592696,74.9637678041473 -115.02606358199,74.9636768085644 -115.052625562529,74.9662028130497 -115.085197531592,74.9729238179305 -115.094909529131,74.9729008193532 -115.110893503984,74.9800498229322 -115.149742471147,74.9868248288066 -115.164194445252,74.9944618319784 -115.168513428719,75.0000378321767 -115.180179387575,75.0151078347899 -115.198361287989,75.0526288387138 -115.195414257656,75.0655218390438 -115.20256423721,75.0724328396531 -115.164908187866,75.0990448342566 -115.159104148071,75.116134833869 -115.160875126512,75.1252448343397 -115.17574308188,75.1404278370321 -115.172822067221,75.146873836938 -115.172397063989,75.147835836864 -115.192324032944,75.1576238405413 -115.22336702131,75.1563808456406 -115.240733015666,75.155684848437 -115.254552005278,75.1566998507 -115.262917016792,75.1507568520344 -115.26742604448,75.1396488519552 -115.27886505607,75.1324858534504 -115.385996090773,75.0994268701565 -115.407234081038,75.0990908738433 -115.422631069184,75.1018838767652 -115.451122035417,75.1105038814144 -115.509554976506,75.1224288910912 -115.529053979718,75.1189228943324 -115.548586980051,75.1154098978605 -115.558171984772,75.1105658987445 -115.585691975724,75.1102679031819 -115.593961979543,75.1066059044887 -115.568150011993,75.0981519001038 -115.562046025748,75.0942008988766 -115.564942034531,75.090455899744 -115.571199044383,75.084098900217 -115.528232131811,75.0567018927374 -115.519207152336,75.0509408909937 -115.510761209862,75.0282678890892 -115.519736247187,75.0113068902667 -115.533589259444,75.0040518926506 -115.545963262399,74.9999928939469 -115.567896272675,74.9927978976904 -115.58942027125,74.9892269010353 -115.631665289415,74.9738389075073 -115.651987291376,74.9696039104931 -115.677329283385,74.9688959146633 -115.711243249603,74.9759529205298 -115.727259244329,74.9761819231094 -115.734149235796,74.9778219245809 -115.760052203731,74.9867029287267 -115.78015418558,74.9902569319117 -115.857120148108,74.9921569453717 -115.874241134239,74.9948739474145 -115.888478113233,74.9999919503067 -115.907855090425,75.0069589534319 -115.941933068465,75.0098569597456 -115.979770031789,75.0172279663321 -115.997491006322,75.0251859686104 -116.019588980661,75.0309449728704 -116.036078968517,75.0332179758605 -116.225275822642,75.0591600070113 -116.240730803659,75.0637290098768 -116.237337794526,75.0679640094942 -116.19834678869,75.0780950038052 -116.149372799028,75.0820919951527 -116.122346791724,75.0893249910253 -116.084193796997,75.0936809851249 -116.053996792079,75.1019139806272 -116.045192780926,75.108130978893 -116.067593761024,75.112282983019 -116.085043749514,75.1133729855571 -116.094392751767,75.1103369869338 -116.122824742117,75.1092679918089 -116.269013692326,75.1036920159793 -116.280058682001,75.1063310181466 -116.296730628305,75.1248630207575 -116.292353619759,75.1288910207938 -116.275763619177,75.1316920175189 -116.266188612921,75.1361170163318 -116.239326580462,75.1534510121376 -116.23345354814,75.1678470118372 -116.214701526628,75.1796500090512 -116.224342514158,75.1830290106038 -116.246629500772,75.1846470143581 -116.299355516461,75.1688150227133 -116.316723511584,75.1676030258081 -116.325595499309,75.1712280268425 -116.320253483222,75.1789630259256 -116.301144476867,75.1841360233564 -116.263971491082,75.1856610174748 -116.303780457453,75.1921310242247 -116.343885422377,75.1986470308947 -116.442056436482,75.1765670465011 -116.456763433388,75.1754240488499 -116.473963415498,75.1794670516681 -116.485415396417,75.184617053996 -116.498764385503,75.1865090564428 -116.527848373835,75.1861430611177 -116.551179374403,75.181863064943 -116.566017376037,75.178628067201 -116.578411385829,75.1727300688634 -116.576439411998,75.1631550678116 -116.581416420372,75.1586300690654 -116.596397419096,75.1566560711918 -116.606684420334,75.1553050732787 -116.602821432292,75.1510630725379 -116.608118439333,75.1472240725811 -116.634575439262,75.1427010773405 -116.64312249105,75.1199350783876 -116.651810493725,75.1175840795721 -116.690993478828,75.1172340857812 -116.733301445968,75.123207092824 -116.829624388317,75.1296931092654 -116.85914835894,75.1367501145603 -116.883540341356,75.1389251183271 -116.912339296207,75.1515201236096 -116.932339288768,75.1519781268047 -116.952293279083,75.1524361299619 -116.96390028173,75.1488731319134 -116.980072279506,75.1471791347303 -116.996283272905,75.1473241376978 -117.043080229442,75.1563121455936 -117.067645212224,75.1586921496181 -117.138795179272,75.1608581614867 -117.290981090317,75.1700671875481 -117.382735025281,75.180946202604 -117.422593993703,75.185661209599 -117.483604940042,75.1968232201244 -117.546800862761,75.216630231706 -117.627368784388,75.2348872452083 -117.645445760158,75.2413572483811 -117.653801741497,75.2465752502664 -117.654444726658,75.2525342504216 -117.634418688238,75.2700582477614 -117.625417684291,75.2733772464398 -117.647227645368,75.2847762500493 -117.646592632404,75.2900892500101 -117.646337623998,75.2928622502074 -117.620933614798,75.3009122461988 -117.592209613339,75.3063212414577 -117.569967620498,75.3071142380415 -117.562205613161,75.311326236997 -117.555033606153,75.3152132357661 -117.539995591051,75.3233722328569 -117.554724575275,75.3269892359169 -117.56436055131,75.3344592379384 -117.562667532326,75.3411962375691 -117.549358513731,75.3515562356686 -117.524822503106,75.3597952320656 -117.366839390109,75.4272002075885 -117.333380369888,75.4410482023939 -117.301910347472,75.4540421971798 -117.261407332463,75.4671571912281 -117.231153323656,75.4739321857881 -117.188961339417,75.4755951795028 -117.145558339945,75.4818801716656 -117.092749365894,75.4808971635731 -117.076534364348,75.484879160697 -117.062225366918,75.4855901579339 -117.034122393066,75.4810031531397 -116.918930435309,75.4834141345756 -116.859355465043,75.4816831241338 -116.801061487554,75.4824151142544 -116.784803501164,75.4810951117337 -116.737690516069,75.4821411037538 -116.712744533229,75.4799511001776 -116.685131542417,75.4815150955218 -116.650398561506,75.4798590898402 -116.565833600992,75.4792880752433 -116.525574613176,75.4812240683833 -116.461083642412,75.4804620579547 -116.362456675314,75.484842041414 -116.329306690181,75.4844680361678 -116.294490697563,75.4882590308568 -116.267393706325,75.489075026171 -116.208873758011,75.4795690158212 -116.165751771859,75.4813010087013 -116.150516787349,75.4780810064202 -116.127099802076,75.4769280028481 -116.08745480458,75.4822159956766 -116.056367813292,75.4842619907922 -116.046705819541,75.4831619891335 -116.028857823444,75.4841389864772 -116.012235822281,75.4878239839202 -115.970848842867,75.4874039770462 -115.940064842788,75.4921799723408 -115.933975833186,75.4969329712139 -115.939256815603,75.5025179720612 -115.93506081035,75.5053879720834 -115.90327582998,75.5039909666939 -115.897247829056,75.5048519653452 -115.905931813341,75.5098809672228 -115.882318810657,75.5144419632821 -115.855494796025,75.5241329590303 -115.787017797026,75.5352019481726 -115.652235762989,75.5714269272468 -115.580113758757,75.5855039157724 -115.546525772616,75.5866249095565 -115.529981785206,75.5845419066595 -115.520158786152,75.5852589053321 -115.50857578475,75.5883179032713 -115.464621798071,75.5910718967782 -115.437533801143,75.5945288923275 -115.387467795237,75.6047608845033 -115.362973798189,75.6079098805424 -115.329603807268,75.6096818746494 -115.306939804075,75.6150678719095 -115.28414380831,75.6179358676187 -115.281916794469,75.6237198673172 -115.254029783859,75.6322108629007 -115.241738768837,75.6405258611699 -115.192212758169,75.6527558538355 -115.171274738982,75.6626668504705 -115.17860272544,75.6670618515144 -115.164772725923,75.6694648494011 -115.144623740927,75.6676718458305 -115.120882737736,75.673064842785 -115.096568724214,75.6816708389217 -115.090670710776,75.6877668378878 -115.116968686252,75.6920468424601 -115.143232662421,75.6963198469605 -115.171398672752,75.6880648515476 -115.210093669318,75.682984856979 -115.246069676959,75.6736148630555 -115.263468674839,75.6708908656313 -115.316000664591,75.6658938747792 -115.399171658398,75.6546108873905 -115.462296634656,75.65296889809 -115.503069618609,75.6509789050082 -115.550680596868,75.65202391233 -115.566980595952,75.6490709148872 -115.593392586948,75.6481329194851 -115.609718574341,75.6495369225126 -115.635225567066,75.6486289259484 -115.694260562553,75.6395649361668 -115.718355562001,75.6358499397841 -115.762389549307,75.6330419469166 -115.768686554599,75.6305779481079 -115.772954576228,75.6215209478074 -115.780861574447,75.6206219495102 -115.801439558318,75.6232609527202 -115.825260547549,75.6228339568427 -115.840869548218,75.6205749595006 -115.864126562499,75.610748962896 -115.893501548983,75.6103909674832 -115.910073553831,75.6062559700579 -115.956282549453,75.6003739774134 -116.054746521652,75.5939029941416 -116.073393523956,75.5903869973123 -116.080833541276,75.5826039978662 -116.094833554982,75.5750819999434 -116.114510550422,75.5738450030083 -116.131755532049,75.5772320063152 -116.153995512974,75.5813980099561 -116.181371501133,75.5808340145891 -116.244804492308,75.5727710247319 -116.344949478062,75.562684041098 -116.395765457977,75.5611500497496 -116.527939390572,75.5640030712691 -116.585432368961,75.5629140813658 -116.66867732216,75.5672010946953 -116.7201673004,75.5669571035957 -116.739679290063,75.5672611068873 -116.777273259876,75.5722661129161 -116.814127249195,75.5703961189107 -117.020575149956,75.573578154238 -117.08677011749,75.5748451646102 -117.12558609133,75.5783771717241 -117.147841080879,75.5785531751486 -117.189782074389,75.5741581818599 -117.200196066534,75.5763401838521 -117.210245055603,75.5778351859478 -117.21698504193,75.5817491869497 -117.19664294638,75.6208121846632 -117.175384882766,75.6481871818797 -117.1248398168,75.6799701742491 -117.076652784343,75.6992501670067 -116.981430678579,75.7528991526465 -116.95644966955,75.760362148578 -116.941403646862,75.7707221469993 -116.876497613156,75.7930151360569 -116.826004622293,75.7985161284295 -116.787660635025,75.8004151216164 -116.746757652103,75.8010041151872 -116.692814673117,75.8017591060361 -116.389717813046,75.800407055609 -116.328614835336,75.8017440451045 -116.23981985803,75.8077930304642 -116.217886865387,75.8088760273578 -116.088195927609,75.8077860057957 -116.047670942366,75.8091589990693 -116.017009950788,75.8116309942511 -115.97078095113,75.8188859862489 -115.933569944509,75.8274839803676 -115.907072947836,75.8309709760765 -115.816800978002,75.8343579616697 -115.801779991427,75.8322539593931 -115.788922996138,75.8328249571292 -115.780495992615,75.8349009556581 -115.76439794317,75.8552639534253 -115.750483938262,75.8597569510182 -115.729355946962,75.8607879476357 -115.714325958353,75.858665945207 -115.699426981587,75.8526529428513 -115.663031016079,75.8467489368371 -115.654527030348,75.8423929351253 -115.64456003935,75.8410499334932 -115.61717104818,75.8426899283152 -115.592085061575,75.8410579246258 -115.579780057194,75.8450469230649 -115.566304064737,75.8442539205886 -115.483828098727,75.8463979065971 -115.461092108673,75.845841903082 -115.435339131818,75.8426138989396 -115.39461815253,75.8415838918056 -115.380903157549,75.8423928897622 -115.366784152136,75.8466488875939 -115.361891150256,75.8483668867448 -115.342514155167,75.8490918836548 -115.345712147708,75.8522108844137 -115.324308148153,75.8548138807158 -115.316111140221,75.8598338794961 -115.290856152236,75.8600008759312 -115.206725208165,75.8538438613845 -115.190873202385,75.8585818588334 -115.178245208662,75.8575218572147 -115.164047204339,75.8617628553526 -115.137497214396,75.863320850816 -115.123093208387,75.8671038481555 -115.098757220897,75.8672418445074 -115.077871236973,75.8643118411939 -115.027176263642,75.8641518322801 -114.99995928446,75.8607258279197 -114.979788299908,75.858184824622 -114.955742309947,75.8589788206294 -114.879727322076,75.868309808829 -114.809259314204,75.8825227974971 -114.783615309656,75.889053793717 -114.771601292764,75.8968747914599 -114.777554282056,75.9001697928787 -114.806834239479,75.9102557979852 -114.832221234538,75.9078448019854 -114.865733212243,75.9093638072577 -114.914095193246,75.9079968151731 -114.973513184537,75.9013528250708 -114.999965161252,75.9053118289284 -115.014915159329,75.9038018317173 -115.031828171495,75.8967668341583 -115.067200157745,75.8959208401916 -115.122308146139,75.8904658490768 -115.12979114255,75.8901458502875 -115.238562104026,75.8853378674309 -115.489178990491,75.8847359087826 -115.527146968917,75.8855899149081 -115.601665914826,75.8925779276614 -115.636024902932,75.8922659336338 -115.647544902465,75.8899999352597 -115.670579895518,75.8889319386401 -115.693372878681,75.8915329428827 -115.721143860502,75.8926239472612 -115.748926850556,75.8916559521169 -115.763798849712,75.8891919546521 -115.780427846825,75.8885119572136 -115.791574834336,75.8902669590436 -115.836683820285,75.8881389663646 -115.88961281008,75.8825609750676 -115.944008811447,75.8741839833429 -116.036568774786,75.8711489992377 -116.085916745809,75.8741160075932 -116.119527732278,75.8736200129302 -116.153846718189,75.8726430186423 -116.180844696197,75.8760000231943 -116.205736681943,75.8768860274916 -116.215758681384,75.876389028464 -116.249810671219,75.8746960345044 -116.32154762462,75.8790280464759 -116.409561599015,75.874383060919 -116.468260563939,75.876985070943 -116.5119145324,75.8814180781692 -116.539151520652,75.8812880828292 -116.565453502917,75.8830190867261 -116.595003478853,75.8873980920532 -116.65495344247,75.8903901020756 -116.701630399278,75.8985981098046 -116.719403381572,75.9019551136893 -116.721982372506,75.9050911138965 -116.709515347842,75.915575112513 -116.713429314199,75.9267061129482 -116.706508297005,75.9333511120942 -116.714604266327,75.9434281142621 -116.711837255699,75.9471831136329 -116.690566248794,75.9535751105649 -116.685706234933,75.9587781093293 -116.691911221276,75.9634111107376 -116.685288212216,75.9670571098783 -116.653824210761,75.9721461044523 -116.615796226901,75.9737640982155 -116.591419239143,75.9724360944282 -116.582207234072,75.9766090929652 -116.568319237817,75.97725709079 -116.551879253097,75.9747630877248 -116.535537253768,75.9761820846679 -116.522450249672,75.9802410825714 -116.493949249808,75.9838570782492 -116.447848254659,75.9902650703793 -116.434670254985,75.9922570686739 -116.440142246604,75.9936990694669 -116.44041223164,75.9998870694959 -116.455225216121,76.0028920720488 -116.50184318779,76.0049450805691 -116.510696170654,76.0092780823574 -116.503643160474,76.0140770807087 -116.525091144641,76.0171000845415 -116.546667125334,76.0201430880817 -116.562564107661,76.0233390913065 -116.591598085718,76.0261380955111 -116.643698057965,76.0275501044161 -116.660456038769,76.0323191070826 -116.675513989866,76.0465541109127 -116.672382968841,76.0551381103021 -116.658444954808,76.0613031083599 -116.672790933675,76.0668341102725 -116.669518926433,76.069695110415 -116.664372910697,76.0762721090744 -116.651823902306,76.0814741073136 -116.631985867134,76.0965361044231 -116.605154840668,76.1092761008188 -116.60692680832,76.1200101009855 -116.605035798852,76.1237421007194 -116.57367780872,76.1260530956809 -116.517004797376,76.1387490865201 -116.505628784713,76.1445920850981 -116.505361770738,76.1496510854665 -116.494241766266,76.1522760832785 -116.476631773846,76.1534890805717 -116.413822761348,76.167703070517 -116.360761770175,76.1729140617139 -116.328805763258,76.1800230570406 -116.319441766129,76.1805200550997 -116.263426788378,76.1818860457436 -116.242417791882,76.1840900421417 -116.212618772153,76.1957100375003 -116.103104811888,76.1999210201083 -116.082484810513,76.2030110160864 -116.048415821197,76.2041780110292 -116.035310832854,76.2029340088011 -116.007035866394,76.1961370040865 -115.989619872946,76.1959310010328 -115.978040872131,76.1978459988369 -115.953467882034,76.1987459950278 -115.890476916169,76.1976939844588 -115.860611935269,76.1955119796934 -115.820317954365,76.1956709727904 -115.778125986229,76.1917419659364 -115.727093015959,76.1894239568594 -115.640516051293,76.1912079427178 -115.547439102339,76.1892479276931 -115.529663101317,76.192452924573 -115.497391101058,76.1976169193548 -115.462430113739,76.198952913857 -115.391046164059,76.1938639021026 -115.353437192584,76.1890728952817 -115.257886230637,76.1923228800388 -115.224621248616,76.1908418742291 -115.171120294975,76.1845698656198 -115.117484344377,76.1755528562935 -115.055746396365,76.1676268463426 -114.999962438765,76.1624218365164 -114.987051449613,76.161216834662 -114.960037463846,76.160698829939 -114.939325464803,76.1639258268886 -114.91731747542,76.1639708229649 -114.898251483782,76.1641768199542 -114.840216535474,76.1554258107357 -114.753678565657,76.1592027965573 -114.757484535788,76.1689537970346 -114.770948528894,76.1691057998562 -114.809433495716,76.1744238059268 -114.862195469166,76.1746078147717 -114.911355431468,76.180115822657 -114.958716406834,76.1810918305411 -114.967237394468,76.1831828320729 -114.978589357103,76.1945958343785 -115.001723333467,76.1995408382502 -115.010450319323,76.2020958396451 -115.01798629748,76.2087858413001 -115.036329280199,76.2113348442076 -115.073624256016,76.2132118503747 -115.098247227358,76.219260854217 -115.121855213066,76.2205358585643 -115.134904205541,76.2218328608041 -115.146997186045,76.2254348624315 -115.256559124237,76.2296758808114 -115.273474096933,76.2354428842008 -115.322698084532,76.2312708917969 -115.357938071208,76.2304078979512 -115.447404015737,76.2345969125704 -115.589853945237,76.2364959354842 -115.672278908024,76.2355279491261 -115.703793890195,76.2370009546208 -115.756685852524,76.240883963735 -115.799858815778,76.2466289712714 -115.819450791311,76.2513809746893 -115.832251781049,76.2530289768908 -115.856425760237,76.2561259806006 -115.863010748089,76.2598509817466 -115.872211690191,76.2772529843284 -115.89966764761,76.2881999889367 -115.899708627339,76.2943959891546 -115.884641625782,76.2973189870917 -115.878941611395,76.3036579854329 -115.844308612927,76.3082429798897 -115.829544596479,76.3159729785639 -115.805503591375,76.3225549745431 -115.801457581838,76.3263329740125 -115.8035885661,76.3308569737889 -115.829483538256,76.3363649788754 -115.844288528678,76.3368919815676 -115.860479528225,76.3341759839607 -115.868918506859,76.3396689852712 -115.871634479107,76.3494639859766 -115.871778460016,76.3558729859643 -115.819509455996,76.3645869779707 -115.793023429634,76.3785709738122 -115.773563423896,76.3827439710609 -115.744478430851,76.3851019661207 -115.729484422552,76.3905339636406 -115.677994434903,76.3950649549953 -115.673035424621,76.3990869543721 -115.678763404025,76.4051219561815 -115.643574401111,76.4112939506841 -115.62256838259,76.4207619474626 -115.582507391331,76.4249729406667 -115.590860383811,76.4261409423007 -115.588974369971,76.4305429417924 -115.562953375233,76.4334879370426 -115.530645371556,76.4397899322488 -115.487966381315,76.4426809255057 -115.478866377598,76.4463439239662 -115.481472350848,76.4542939248174 -115.468132353637,76.4550789224903 -115.440570363076,76.4569099180307 -115.427479370638,76.4560779158888 -115.420413388798,76.4512179147794 -115.413032395724,76.4500209130027 -115.370429420623,76.4487769061194 -115.294799439396,76.4547128939536 -115.271315437539,76.4591678905951 -115.241967451883,76.4591828853895 -115.208663454814,76.463631880279 -115.163712469407,76.4660728723331 -115.150044454492,76.4730158710114 -115.134238455549,76.4749918677347 -115.092361483512,76.4732058608722 -115.071575473725,76.4796448574609 -115.055366478351,76.4807048550357 -115.033319511927,76.4725118517514 -115.002169521937,76.4752818466703 -114.956667517461,76.4836348387964 -114.925101527738,76.4854888344263 -114.907776525226,76.4886248314699 -114.887400507138,76.4986888280414 -114.881433487911,76.5056838278169 -114.897196435517,76.5202028303619 -114.883484443617,76.5202788278597 -114.85077548447,76.5123138225446 -114.82525650321,76.5099028184524 -114.802837506837,76.5121628151479 -114.784707511617,76.5139918116534 -114.754718523311,76.5150998065987 -114.694622561541,76.5120477967093 -114.681790567614,76.5118717952257 -114.675500582763,76.5083477934456 -114.680441584587,76.5059517947114 -114.646884619577,76.500479789136 -114.613418653877,76.4950257832785 -114.60599666176,76.4935827818547 -114.571188680241,76.4922647759983 -114.549896690844,76.492936773012 -114.520966687449,76.4992527684253 -114.490642700569,76.4994277635426 -114.477459701068,76.5008397609617 -114.428266697192,76.5107647536627 -114.409903710876,76.5088587506663 -114.398808726778,76.5054247484944 -114.403535750308,76.4970937491162 -114.398374760596,76.4937747479126 -114.373945781741,76.4912947443401 -114.361102798783,76.4883577417582 -114.342302807065,76.4878157390321 -114.288868823018,76.4916307303424 -114.281242833319,76.4894947286453 -114.288085847862,76.4841007294504 -114.28416985532,76.4814387290427 -114.259461879361,76.4780427246306 -114.196958926276,76.4728707146895 -114.181341932375,76.4729457121467 -114.163534941621,76.4723817091296 -114.150518969784,76.4660107071156 -114.114153006913,76.4598467003863 -114.112408028509,76.4521177004689 -114.080640075631,76.4422156950044 -114.084136085499,76.4382626952103 -114.044696166959,76.4173046881168 -114.054705192336,76.4068306890672 -114.055178245095,76.3885416891817 -114.078161261498,76.3791886924729 -114.079069268898,76.3762056926216 -114.070984284396,76.3724746909658 -114.073741293468,76.3692176914177 -114.062315320594,76.3614426895915 -114.05832633357,76.3583226885159 -114.092857327934,76.3544546944607 -114.113817327525,76.3506236973433 -114.118692334711,76.3472066982082 -114.129210338201,76.3444347000266 -114.139736338883,76.3416597013169 -114.125087365054,76.3357776988149 -114.092745393345,76.3318326931194 -114.087876402463,76.3289576930612 -114.094381409086,76.3254006939919 -114.120084400069,76.324218697643 -114.128029410426,76.319267698968 -114.131154416767,76.3171546992397 -114.112641457408,76.3056266960841 -114.0563215296,76.2907186866549 -114.049144560412,76.2810296850412 -114.026808596897,76.2720876813672 -113.998996617487,76.2696536765015 -113.990277615376,76.2723316755234 -113.965005631117,76.2716666708711 -113.955588650144,76.2665946690164 -113.960543678068,76.2555316699872 -113.962766689589,76.2506876698436 -113.974309701871,76.2449886720126 -114.00011668974,76.2444996759385 -114.002361693383,76.2426226762217 -113.991353711132,76.2384956747822 -114.000865717194,76.2353446759276 -114.031751708913,76.2329246803304 -114.029770734239,76.2242816801517 -113.965294823087,76.2038036690059 -113.968125832019,76.2000056693394 -113.936315864338,76.1945276642368 -113.902407886197,76.1933906588311 -113.882638881658,76.1973566555022 -113.862221879963,76.2023086524434 -113.844852887367,76.2019506495006 -113.786571908196,76.205528640103 -113.736818941356,76.2027826321881 -113.687253962213,76.2036746236855 -113.655843966253,76.2074216189912 -113.564810968868,76.2231756050155 -113.550814951214,76.2307286032462 -113.542720943082,76.2356646017648 -113.526205944863,76.2382275988982 -113.477674965121,76.2397465912584 -113.454732980666,76.2375495873551 -113.443881980041,76.2391745855129 -113.422857992127,76.2388915826052 -113.39646098081,76.247719578021 -113.388478962236,76.2565385776495 -113.382117959238,76.2577815762254 -113.358944972612,76.2574775730212 -113.349011969191,76.2596985708998 -113.339247959569,76.2657935699726 -113.322343961622,76.2672125667967 -113.27163898621,76.268257559052 -113.264564984516,76.2704315576219 -113.238874003869,76.2680965535464 -113.22821899792,76.2712485516996 -113.163648051285,76.2640385418075 -113.149758081962,76.255583538643 -113.118608092592,76.2576675339798 -113.105288108961,76.2546765316823 -113.082410106526,76.2589045282917 -113.073673111463,76.2585825268465 -113.063760131853,76.253944524926 -113.047753125208,76.2587515226705 -113.021479143304,76.2575535184927 -113.004601145936,76.2591775158067 -112.998563140635,76.2617715148445 -113.010079127198,76.2652515169536 -113.016497116091,76.2676705175018 -113.009501113699,76.2702865171315 -112.978948123553,76.271195511858 -112.946549159967,76.2650605067624 -112.895234189632,76.2637554986541 -112.851214232208,76.2570884911181 -112.829018265309,76.2491984871558 -112.833666317472,76.2297354877389 -112.828628326269,76.2271054865746 -112.809299342391,76.2253154836198 -112.789895355669,76.2235184806907 -112.76201837313,76.2232284759139 -112.751971360053,76.2290734743131 -112.740559364171,76.2294624726316 -112.705885415241,76.2171634668716 -112.703755431866,76.2124014665529 -112.685858456064,76.2065204633422 -112.667942482741,76.2006304606959 -112.585162524463,76.2010114468084 -112.543449553136,76.1986014403139 -112.504940596517,76.1893004342636 -112.484397614559,76.1872864302481 -112.444315632033,76.1875764239786 -112.428716651457,76.1838384219265 -112.409963674853,76.1793444186295 -112.387941711751,76.1705024151753 -112.394549720165,76.1658564159101 -112.412771708859,76.1661914189748 -112.424835697521,76.1679694209059 -112.42394870721,76.1643754201436 -112.417549712721,76.1638194194224 -112.423211718359,76.1613154200292 -112.428337722325,76.1590424209747 -112.482420709879,76.1535564291785 -112.491847764193,76.1322184299308 -112.481375793211,76.1239164287335 -112.466034818247,76.1175754259389 -112.469852818493,76.1157304267983 -112.497348808919,76.1148304304104 -112.500924822687,76.109520430913 -112.493833841706,76.1034544295244 -112.483098849626,76.1022264282366 -112.443467913922,76.0865324216958 -112.425919928001,76.0844874185478 -112.41281294434,76.0810084166076 -112.418217956874,76.0754624168981 -112.3990429812,76.0702364135854 -112.393410996421,76.0662004127181 -112.387639010904,76.0614854122964 -112.37962702061,76.0595404108519 -112.377886030476,76.0559084105428 -112.396028040047,76.0490484132881 -112.395270048295,76.0459144129371 -112.3883520585,76.0432274114729 -112.326531106201,76.0373844013888 -112.303832123266,76.0351603977497 -112.281134142453,76.0329353939412 -112.258031161564,76.0309373904878 -112.234921176313,76.0289383869336 -112.215582192601,76.0268933839288 -112.189441228368,76.0192253797069 -112.146904249326,76.0190433725812 -112.107579288374,76.0112913660599 -112.08838330575,76.0096893631813 -112.060307314743,76.0109253589671 -112.011090354817,76.0053173507691 -112.003426361726,76.0047303495083 -111.984370387572,75.9987793459619 -111.979421419152,75.9876623452563 -111.919991490209,75.9721303355945 -111.843156567884,75.958358322783 -111.849229571739,75.9555583237807 -111.836370589529,75.9520493221128 -111.735991650018,75.9476163061146 -111.725165662536,75.9447563038473 -111.72219369707,75.9329383032418 -111.685761743752,75.9228132974466 -111.683310751209,75.9194252967835 -111.697602771027,75.9096912992744 -111.72378577415,75.9039683028619 -111.73157978022,75.9002383043378 -111.749919774752,75.8980033072073 -111.836419739703,75.8948203204223 -112.006143688072,75.8815693472688 -112.040030694635,75.8729773524633 -112.093807686134,75.8659673605021 -112.127926687964,75.8589703656396 -112.156562700822,75.8481293701116 -112.18780669292,75.8457033746893 -112.189067700429,75.8427203745299 -112.152178725856,75.8402013684666 -112.119937761515,75.8328333636862 -112.113287773626,75.8293383627441 -112.10848978094,75.8268053619454 -112.11434478605,75.8237073626997 -112.121662791963,75.8202893638792 -112.13818978949,75.8179853661658 -112.153973783824,75.8177793685287 -112.184097771444,75.8164753730345 -112.209640760704,75.8164363776769 -112.21632676361,75.8136673781125 -112.200022777475,75.8115003756159 -112.181639787078,75.810852373261 -112.17282179549,75.8094793716894 -112.172096802773,75.8062063709152 -112.167869811735,75.8035803702143 -112.154540819969,75.8037643688265 -112.137832825129,75.8051683657381 -112.131012822428,75.8073493648566 -112.119645833409,75.8054123628838 -112.113330837666,75.8042913617421 -112.102547842937,75.8050463601252 -112.096430829929,75.8104863594971 -112.093554824235,75.8141023589141 -112.082769827596,75.8148353571723 -112.070507834998,75.8143993553581 -112.060739837785,75.8142233537072 -112.054991836488,75.815788353015 -112.046623840763,75.8164973518607 -112.039091846627,75.815398350066 -112.032898851776,75.8148813495618 -112.025810852488,75.8158643480339 -112.017631852873,75.8174583470626 -112.009010859298,75.8169703458844 -111.998934869369,75.8152993443608 -111.988550880787,75.8121713428268 -111.973375896753,75.809371339896 -111.962457901948,75.8095023383084 -111.950214910166,75.8090513360991 -111.945698913156,75.8085313356264 -111.934022920608,75.8071823332884 -111.904794936177,75.8069373286798 -111.88563094269,75.8083563260518 -111.873064938411,75.8123933237953 -111.857387929766,75.8191383218678 -111.846486918144,75.825531320326 -111.840707915607,75.8270873198153 -111.834799915485,75.8282693188627 -111.793991920683,75.834626312006 -111.776266929079,75.8345863092203 -111.743495964079,75.8279333037439 -111.734817968825,75.8271403024121 -111.720248978033,75.827301300532 -111.707003982262,75.8280492983926 -111.694852989383,75.828185296455 -111.685027993955,75.8277042945374 -111.67735000403,75.8257062934999 -111.666090012637,75.8240432919015 -111.637780032015,75.8222732870971 -111.619402044513,75.821579284225 -111.590370054545,75.822501279811 -111.580240049362,75.8270642782268 -111.573306042563,75.8301692771201 -111.556717035,75.8372112749365 -111.542358034146,75.8407672730565 -111.452398069894,75.8438792583686 -111.432225089918,75.8399582554505 -111.418336113408,75.8343812531743 -111.417397119715,75.8318022527162 -111.416758123603,75.8300632533043 -111.437341145167,75.8182602560928 -111.455377145424,75.81444525874 -111.54459910337,75.8136212724865 -111.555115093467,75.8150712742082 -111.574095077426,75.8176652774389 -111.591643069062,75.8168332800998 -111.600391074279,75.8133242816834 -111.590581089924,75.8102262799715 -111.545375119002,75.8067772728972 -111.460412215789,75.7863762583877 -111.425134233653,75.7864602531367 -111.409919247124,75.7840872508971 -111.407595257858,75.7809222502006 -111.415427261325,75.7774272517343 -111.382044313381,75.764960246106 -111.388858317683,75.7607952468283 -111.421999322379,75.7529832517614 -111.434895347943,75.7401042537726 -111.428947357948,75.7380982524204 -111.414434377726,75.7332232499189 -111.377667392979,75.7349092441658 -111.336278425099,75.7302632381655 -111.32572343626,75.7276152359256 -111.311207489851,75.7099602336651 -111.323695507246,75.7002722350038 -111.366155519413,75.6873772418639 -111.376909536314,75.6788552431287 -111.362902579985,75.6648552403832 -111.345774613903,75.6545102372878 -111.350053632207,75.6458122382057 -111.337990657815,75.6386262357221 -111.343902666359,75.6349262368493 -111.371436668977,75.6283032410248 -111.383560675439,75.623184243065 -111.391049701143,75.611496243352 -111.357820720774,75.6101902379447 -111.353899726536,75.6084062380704 -111.364563741453,75.5996482389941 -111.328144774492,75.5949632331715 -111.324159780818,75.59270423258 -111.334074812122,75.5784912339009 -111.323306828533,75.5735702325153 -111.285599850976,75.572295226136 -111.257571859191,75.5748132221724 -111.25613687012,75.5709532213745 -111.295697879679,75.5592192272451 -111.310963877528,75.5572652298538 -111.315061885191,75.5538172304253 -111.300477908072,75.5475612276313 -111.267527926117,75.5471582230251 -111.248965940448,75.5450282200705 -111.24089995805,75.5393972182718 -111.252992968834,75.5321202203203 -111.222825001216,75.5259312156245 -111.192666030457,75.5197442101225 -111.171160034372,75.5226512071183 -111.136564049649,75.523154202016 -111.104266054931,75.5275041969178 -111.052370079754,75.5283591888303 -111.00549811056,75.5255121815549 -110.978260120152,75.5266271770882 -110.949481129173,75.5302511728211 -110.921468114,75.5406951685581 -110.896594111251,75.5470201653758 -110.875884115901,75.5496671619777 -110.82107214463,75.5498041535041 -110.804065145268,75.5531081505656 -110.786906126638,75.5639271484027 -110.777982124789,75.5660321467395 -110.71968114845,75.5684431378913 -110.694124162569,75.5690531343574 -110.646753205891,75.5613551266853 -110.621975220555,75.5603631225958 -110.598276230041,75.5611801189391 -110.558431238273,75.5654981127455 -110.49642826682,75.5676501035692 -110.46754826808,75.5723490994198 -110.451162274946,75.5733410965175 -110.434604287277,75.5722810937589 -110.417837305566,75.5684880910305 -110.411303338031,75.5565490899322 -110.390008359668,75.5515370871005 -110.374814387413,75.5438690837611 -110.364360405728,75.5384450824427 -110.346331407916,75.5414890798947 -110.297028434507,75.5414810723173 -110.279834435616,75.5436020699635 -110.268865443786,75.5434190680009 -110.246566470178,75.537590064116 -110.218218483728,75.5367960597206 -110.191009491131,75.5396340556423 -110.169255497843,75.5419910525997 -110.133319529834,75.5364310468998 -110.108673544533,75.5362920431733 -110.095065548213,75.5377040406205 -110.081682540842,75.5432200387085 -110.064367547503,75.5437320362418 -110.045105560179,75.542205033182 -110.002190578506,75.5445480264811 -110.002152222746,75.2782620215157 -110.002114866343,75.0006630158436 -110.002101235262,74.8367700124121</coordinates></LinearRing></outerBoundaryIs></Polygon><Polygon><outerBoundaryIs><LinearRing><coordinates>-115.284968725941,73.4812398170861 -115.292407733756,73.4750748185986 -115.30202373503,73.4727318204246 -115.308930735442,73.4718128213788 -115.317374732704,73.4706888222018 -115.319495737168,73.4676518225048 -115.327510740173,73.4653558238854 -115.343096736923,73.4639818265714 -115.355206730629,73.4640898282384 -115.362892720852,73.4675218299048 -115.386971729043,73.4585728333886 -115.405017724323,73.4573518361322 -115.418006728029,73.4533088380108 -115.438024741144,73.4421848410121 -115.440033747704,73.4389198418654 -115.433769757618,73.4349908408146 -115.441006771004,73.4262998414574 -115.455672777478,73.4203728434201 -115.531849749882,73.4180768557073 -115.536709751956,73.4170768569742 -115.557921750897,73.4127038599684 -115.58541575696,73.4047708647662 -115.590016773177,73.3956988645438 -115.612937784633,73.3842398688259 -115.625816789653,73.3801738702103 -115.635220787431,73.3796548719769 -115.650896786869,73.376655874338 -115.676475775376,73.3765408789215 -115.691967777326,73.3730858813371 -115.70413778775,73.3651508824 -115.717063784588,73.3633738850977 -115.719196798822,73.3564378853313 -115.726230800737,73.3539278866614 -115.759781796579,73.349663891428 -115.791550809413,73.3367548960381 -115.801284809198,73.3350678982293 -115.816097800635,73.336197900034 -115.853800785147,73.3365939066396 -115.891521795481,73.3227849123962 -115.950018780839,73.3192829219312 -116.008815783034,73.3065959306333 -116.042404772567,73.304794936253 -116.073042770993,73.2996609410176 -116.090718762541,73.2999879440161 -116.189032743819,73.2907259596677 -116.19486275199,73.2854919611564 -116.224577755252,73.2782979657755 -116.309814747367,73.2648329795386 -116.349539732214,73.264602985972 -116.371134727977,73.2629399888845 -116.397029732084,73.2544709929836 -116.417696728442,73.2535939960473 -116.459587715282,73.251816003681 -116.471959715917,73.2490930053284 -116.486440730957,73.2382590072447 -116.505752730953,73.235054010791 -116.530645732221,73.2282030144953 -116.601210725481,73.2185670256374 -116.636120716577,73.2166220309549 -116.648044717757,73.212976033799 -116.658195729811,73.2052700346512 -116.682213730732,73.2002720388033 -116.708053735543,73.192216043212 -116.729053754795,73.1785970458261 -116.737028758573,73.175095046687 -116.769114748777,73.1741410523597 -116.797018755098,73.1655360562364 -116.832557747613,73.1616900625198 -116.864904751236,73.1542900679005 -116.915351765319,73.136102075688 -116.955625771357,73.1253970815144 -116.966092781699,73.1188050830348 -116.979258780028,73.1164630852562 -116.997917775792,73.1157530889135 -117.06077177024,73.1064760989681 -117.115623762538,73.0983661073742 -117.149701764813,73.0917591127534 -117.194524770346,73.0794381199523 -117.200261785358,73.0714121210305 -117.212561806825,73.0571521226509 -117.22158080972,73.0544981238777 -117.243277795064,73.0570831276082 -117.267943789774,73.0558781317432 -117.308728788001,73.0487371385297 -117.35126977423,73.0470351455486 -117.364552775043,73.0451291475015 -117.405806754326,73.0473631537749 -117.435421747936,73.0450211586653 -117.46121675105,73.0379961631436 -117.470988761292,73.0320821647212 -117.467596766384,73.029930164153 -117.464756771612,73.0272841636428 -117.474288777971,73.0225291647966 -117.497875768435,73.0224841690133 -117.517804781272,73.0115601718674 -117.550324775189,73.00884417692 -117.568520778605,73.0041901802911 -117.607966784227,72.9931271864817 -117.628895795638,72.9828351899393 -117.63736379532,72.9808741908964 -117.679591784491,72.9788751973809 -117.699049785519,72.9753042010798 -117.713102789184,72.9703442026731 -117.733915808738,72.9568182061333 -117.756646802561,72.9551712096364 -117.76235080352,72.9538422107527 -117.778458805712,72.9501052135847 -117.80019681983,72.9386002168786 -117.830871815842,72.9340752219355 -117.853141822751,72.9253022249643 -117.856246834042,72.9189532258463 -117.869329840849,72.9137952273881 -117.931868833474,72.9058002377289 -117.959861836636,72.8976832422535 -117.980049837227,72.8942732457465 -118.010229847176,72.8828282504209 -118.024269850318,72.8796852522269 -118.061737837681,72.8780372583407 -118.136487835316,72.8652892706004 -118.167383825588,72.864594276138 -118.175204826786,72.8630992768909 -118.196628836726,72.8531582804589 -118.203862839332,72.8505332811891 -118.249935829214,72.8475342889701 -118.291586839507,72.8346042952698 -118.351765834965,72.8258763057026 -118.360374837369,72.8229443069308 -118.364913846096,72.8167503074589 -118.379048850888,72.8110353094551 -118.419928848737,72.8043223161599 -118.436963854874,72.7982413187304 -118.449843871846,72.7872783209036 -118.452137901768,72.7710583213111 -118.460936904409,72.768578322653 -118.505116910645,72.7566153295196 -118.673009864032,72.7493833573947 -118.727199866675,72.7375803662386 -118.799700882135,72.7168053777831 -118.871709879268,72.7052403892523 -118.906036895452,72.690194394716 -118.935376900887,72.6816043995694 -118.977140917163,72.6647964061284 -119.012801918635,72.6579524116992 -119.034018916264,72.6552444153851 -119.083551910594,72.6488964233061 -119.111740916072,72.6412514278486 -119.133478931314,72.6290904314509 -119.154224936476,72.6220484344137 -119.152946972746,72.6020434340352 -119.166118988251,72.5912254356762 -119.165359019486,72.5748914353227 -119.149237057529,72.5572514322472 -119.150502083846,72.5431154319595 -119.166054089407,72.5379494347203 -119.175592095917,72.5316934362921 -119.192887101569,72.5258494389539 -119.21172410582,72.5194714421241 -119.222175122006,72.5080954431065 -119.219083162508,72.487726442759 -119.224623169661,72.4825984427553 -119.244690173795,72.4774174466758 -119.252949178676,72.4730694477766 -119.270080203832,72.4546524500094 -119.277173233012,72.4388294506144 -119.298018265756,72.4162914539183 -119.315068317669,72.3844934564865 -119.303039342025,72.3740404538991 -119.284490364191,72.3641604502995 -119.292545374347,72.3582084520475 -119.308080370008,72.3573994540132 -119.324795371395,72.3532954575367 -119.383789394381,72.329903466214 -119.451162392053,72.3187414775197 -119.515531379143,72.31301248856 -119.541218381093,72.3074884925177 -119.566514392678,72.2973644964046 -119.633072400788,72.2799315068971 -119.720563432707,72.2453865208021 -119.753454454076,72.2278845257623 -119.778969459274,72.2197885302037 -119.813077450611,72.2185985353176 -119.85226242992,72.2231685421016 -119.878965413881,72.2262815467751 -119.911491400483,72.2274785522206 -119.991608377257,72.2271665658503 -119.999967372909,72.2277005668691 -120.116219320965,72.2351705871486 -120.136420315971,72.2347185904387 -120.161566312176,72.2312095941179 -120.171582309366,72.2313775959686 -120.180696312906,72.2281645978209 -120.19157131483,72.2243275992874 -120.183515318855,72.2237095982513 -120.18421133002,72.2174245973792 -120.172249352718,72.2065435957412 -120.167705379759,72.1929255948534 -120.156104409173,72.1776295920543 -120.128666436618,72.1685575873662 -120.121757448628,72.1633995862728 -120.122139469343,72.1515815860083 -120.149371495639,72.1306005901281 -120.159931513872,72.1182035914753 -120.157310529563,72.111421591002 -120.154607542642,72.1032505904461 -120.157911559842,72.0938035905987 -120.169115569983,72.0862285921362 -120.220831595245,72.0612736005715 -120.235734624718,72.0426036030604 -120.254741635628,72.0331736057767 -120.290974642303,72.0225076113632 -120.312376650947,72.0133916144583 -120.32210965834,72.007272615901 -120.338502665175,71.9999936190279 -120.39316768683,71.9782726276866 -120.422025706925,71.9614726322198 -120.435234719017,71.9516006340665 -120.441440743032,71.9367766348762 -120.433368780744,71.9172836331549 -120.392973848221,71.8859566256721 -120.382962880614,71.868965623066 -120.387426892291,71.8600696241193 -120.406048914018,71.8451546268191 -120.427069989769,71.796579629852 -120.440834040098,71.7646266312097 -120.447763079544,71.7409226315091 -120.443603092131,71.7339036306245 -120.432952105642,71.727380628799 -120.39043914772,71.7113056210685 -120.375281166963,71.7020886188354 -120.376771182283,71.6925206187424 -120.412597231219,71.6579226238977 -120.441780313135,71.6035696278259 -120.471329356418,71.5713276321291 -120.492294388631,71.5483706357581 -120.505342397734,71.5405366372401 -120.550476417693,71.5208526442093 -120.572914420649,71.5142986483172 -120.702423440904,71.4772726693932 -120.724823445572,71.4713916727367 -120.767805442897,71.4637226793636 -120.831419437575,71.4551706905708 -120.855575432537,71.4533546941682 -120.880111435254,71.4481136984199 -120.969071425647,71.4365477128643 -121.084753422356,71.4186487320084 -121.094970419803,71.4172527332396 -121.230207417407,71.3943637552288 -121.319846412445,71.3801127703522 -121.393006394607,71.3778617827005 -121.406783387068,71.3797387850544 -121.421805371,71.3859267877158 -121.432736355723,71.3935327898847 -121.443824346881,71.3965857914018 -121.496833329185,71.3981878010219 -121.54581431006,71.4016498088008 -121.572130303937,71.400849813567 -121.606040286621,71.403588818939 -121.623604276433,71.406770822082 -121.63053827008,71.4105458235852 -121.62727526589,71.4128658229414 -121.588647285995,71.4070068161345 -121.551544297629,71.4072668101063 -121.536874298405,71.4097378074406 -121.519807293863,71.4158798046239 -121.515268286327,71.4203878044594 -121.51886927688,71.4252258046341 -121.532718261884,71.4327868069705 -121.541053224798,71.4529428095069 -121.549591216201,71.4580628109108 -121.564421202445,71.4619688135278 -121.575058202432,71.4611458153509 -121.590966194803,71.4623038175153 -121.628213174882,71.4677288246721 -121.648885170462,71.4669898279565 -121.723024167716,71.4541328396906 -121.77197317654,71.440919848122 -121.828727189905,71.4227998571792 -121.904229216774,71.39208386897 -121.926545242272,71.3742148726676 -121.978560279357,71.3410818807345 -122.027939330281,71.3011408879087 -122.072061339989,71.2879198949436 -122.12651734715,71.2731489039883 -122.201592349346,71.2591569164294 -122.26042035238,71.2461029261081 -122.371904346645,71.2307369449704 -122.435198346015,71.2200489555049 -122.455068347035,71.2162789588556 -122.493407347636,71.2089779647072 -122.59415636516,71.179314981073 -122.643996379455,71.1621949896599 -122.691956404163,71.1391609967049 -122.715097417753,71.1255360004682 -122.742729438999,71.1092230051441 -122.748672458052,71.095888005378 -122.786737468837,71.0814610115195 -122.863625447203,71.0826580243604 -122.878860437668,71.0850840272782 -122.920852427722,71.0840010343192 -122.947112423189,71.081635039043 -122.977958412002,71.0846420444183 -123.008173402831,71.0844660494017 -123.027322402577,71.0817810523375 -123.088951385683,71.0804770630731 -123.102018391726,71.0756330651496 -123.132410381051,71.0763490703368 -123.141235376231,71.078211071881 -123.144562365069,71.084062072226 -123.140555358255,71.0884870723135 -123.146451350492,71.0931490733159 -123.163803335779,71.0987040766203 -123.185552321211,71.1050660800103 -123.210892312915,71.1049660843 -123.22302230379,71.1090330868182 -123.232520274895,71.1238810882548 -123.243477257915,71.1323030905471 -123.282081217221,71.1510640976213 -123.322380185107,71.1643011051956 -123.362671137993,71.1866311120325 -123.36904612907,71.1901561133947 -123.375526117341,71.1970831141577 -123.388308112825,71.1972521170418 -123.395444103797,71.2007311177772 -123.404859086375,71.2112441196071 -123.422887067726,71.2190411233107 -123.427335050447,71.2294321241666 -123.424738038692,71.236788123928 -123.438993033091,71.2371461260719 -123.445618019737,71.2445231280119 -123.441856006733,71.2530471272422 -123.452538982491,71.2658021291052 -123.462791976129,71.2671601313679 -123.466884971298,71.2695781319599 -123.459424966255,71.2743171309802 -123.456929954989,71.2821301302609 -123.466544943613,71.286921131899 -123.470494928873,71.294504133329 -123.479133898497,71.3110361350808 -123.50128786129,71.3301401389534 -123.498733840026,71.3438881392624 -123.507407806189,71.3630771409242 -123.526055778934,71.3758711444324 -123.52949776762,71.3814941456156 -123.528057748735,71.3938391452739 -123.55204771842,71.4078761497818 -123.565472704482,71.412950152675 -123.57970967964,71.4252491553336 -123.613907563129,71.4883061621589 -123.627875548,71.4957371649754 -123.656982526076,71.5032511702897 -123.693429507283,71.5083101764846 -123.702939504317,71.508990178517 -123.74960147055,71.520411186575 -123.780869456202,71.5246681914408 -123.790135442801,71.5301371937947 -123.806923442618,71.5281311967255 -123.809402439882,71.52943619716 -123.814658406439,71.5477931985277 -123.86189730691,71.5984062076095 -123.888120257701,71.6221652125934 -123.952869177292,71.6575032247385 -124.002137129876,71.6770192338001 -124.02979210915,71.6856632393263 -124.050726085655,71.696306242801 -124.060156077216,71.699030244824 -124.072607071099,71.7007312461448 -124.102369055963,71.7047902520789 -124.135763031782,71.7128242574911 -124.153410006535,71.7244512610771 -124.193137977568,71.7341332681441 -124.276229927175,71.7504132834882 -124.381308870888,71.7665263014897 -124.39805386139,71.7686483048483 -124.415347852998,71.770845307987 -124.510811815326,71.7780173245652 -124.558663790126,71.7844413324382 -124.583485781539,71.7844253370015 -124.596328775348,71.7858903393229 -124.7470686683,71.82335136632 -124.796065638276,71.8328883751968 -124.831113622023,71.8373363814221 -124.895813569845,71.8571193933808 -124.946988521048,71.8754594026038 -124.972173506259,71.8808694071147 -125.002041489241,71.8847674124073 -125.06585444084,71.9029334238024 -125.094312425031,71.9068614288542 -125.13743439533,71.9174134365646 -125.169592362888,71.9303534427246 -125.201624340283,71.9382644487205 -125.221882316228,71.9483734530197 -125.265592285507,71.9579714606743 -125.273237271323,71.9655014618352 -125.270416266492,71.9684694613061 -125.241919296922,71.9555154560475 -125.229009295512,71.9588874539985 -125.212133298225,71.9591844515601 -125.200096294016,71.9629914493628 -125.198980309612,71.9550274487792 -125.173272317278,71.9553704439947 -125.170063313428,71.9568414439986 -125.183797304525,71.9605274463544 -125.17636129956,71.9648684455059 -125.180812291917,71.9672414460509 -125.192500291019,71.9668834483467 -125.191196285468,71.9696684476379 -125.202896279674,71.9715824504433 -125.198957273944,71.9753584497167 -125.188506276711,71.9750014480177 -125.170957289226,71.9709794444033 -125.155684295174,71.9693934420726 -125.148151304144,71.9666534403538 -125.155454313915,71.9595744418278 -125.14880932322,71.9549814402586 -125.137854328778,71.953035438139 -125.112957335217,71.9535774337812 -125.098203333803,71.9562854314619 -125.092061334044,71.9574144303737 -125.087958325112,71.9630224299821 -125.092185317332,71.9670044310932 -125.111317307995,71.9691564338345 -125.10503030493,71.972552433291 -125.088363305631,71.9735134302308 -125.055593332825,71.9633204244991 -125.046093336515,71.9636104220666 -125.030057331822,71.9688894200034 -125.017562333498,71.9690424180291 -124.993177343571,71.9665784132068 -124.987935350541,71.9639904127926 -125.001126355029,71.9590324144053 -125.001602366063,71.9535314149498 -124.996672375662,71.949571413484 -124.974425386315,71.9468094095974 -124.945883392022,71.9474364047333 -124.931437398939,71.9460394021039 -124.919307399219,71.9473134001619 -124.9067653947,71.9520293977627 -124.913457389258,71.9545693994905 -124.918501388384,71.9541864000227 -124.92433837213,71.9610994012456 -124.95170636026,71.9637094063527 -124.97554734519,71.9691634104737 -124.999966331527,71.9722244144446 -125.009343329269,71.9733994164006 -125.060503313982,71.9741304251039 -125.090321298136,71.9773344306983 -125.114309295323,71.9761444345361 -125.14501127926,71.9797764406619 -125.16489827448,71.979617443333 -125.172140268926,71.9814464446086 -125.198830265688,71.9794794494059 -125.24679924846,71.9816384579825 -125.282587240685,71.9813864644643 -125.359554219842,71.9808224776191 -125.504058194838,71.9734135023349 -125.677792176889,71.9583765326865 -125.739156169337,71.9530285431449 -125.777973163048,71.9521665499724 -125.891605122016,71.95810157015 -125.930449103898,71.9613295769615 -125.973752092255,71.9625565845376 -126.010946068963,71.9692545911962 -126.004232052119,71.9791055905958 -125.985859047538,71.9849875867487 -125.977759046014,71.9875815859342 -125.961860048394,71.988595583181 -125.960136053335,71.9859115829621 -125.991469061597,71.9765795878875 -125.982159076459,71.9693555864939 -125.961531090304,71.965502582215 -125.941650098451,71.963677578645 -125.903466106901,71.9643195721544 -125.853106127188,71.9598865628738 -125.831142133351,71.9596775598274 -125.827163135696,71.959634558598 -125.818323132804,71.9617635570431 -125.809972116612,71.9714295561414 -125.813863113446,71.9740395570911 -125.820350112063,71.9735895580505 -125.830328124482,71.9643265596508 -125.834791114525,71.9705755606464 -125.819099104832,71.9767625578874 -125.801764097848,71.9835985549106 -125.779209074342,71.9999945513448 -125.770475076528,71.9995135496496 -125.808585110664,71.9758175560776 -125.802260114699,71.9746635552109 -125.793240105185,71.9804625539177 -125.781148103901,71.9838435514834 -125.773083088803,71.9923495502198 -125.754221079468,71.9999945475636 -125.740644064382,72.0107215451832 -125.724974065113,72.0128125419683 -125.722747057122,72.0170305417532 -125.73064904658,72.0222415438882 -125.728528037426,72.0273985437702 -125.713039031865,72.0330215408339 -125.711326007888,72.0452295413213 -125.701598008232,72.0463195394274 -125.692375017495,72.0438255375125 -125.690445006361,72.0491965374892 -125.698455997286,72.0536905389881 -125.696926986764,72.0595045391808 -125.686583985132,72.0615945372268 -125.68990997844,72.0649895379045 -125.693630974005,72.0669415386515 -125.700475953586,72.0757385398201 -125.697932944623,72.0821105396121 -125.665117940658,72.0890065344719 -125.645106942433,72.0898155305811 -125.628942943337,72.0931175277253 -125.635031938049,72.0947135295323 -125.670293929534,72.0937515355021 -125.690203921706,72.095316538546 -125.702699921146,72.0946905409201 -125.706867911962,72.0983455414249 -125.705648899399,72.105309541732 -125.69127189925,72.1067755395714 -125.699778894756,72.1089805403503 -125.728238873783,72.1163285464091 -125.747981861665,72.1193265495611 -125.763850859558,72.1181585529962 -125.773181868097,72.1116655537983 -125.781348856655,72.1170905552517 -125.784427844465,72.1236825564112 -125.773472824877,72.1350505545864 -125.748027823064,72.1408405502717 -125.701366794374,72.1619585429099 -125.685435768395,72.1780115404508 -125.660849744144,72.1946505371346 -125.654948732919,72.201715535563 -125.659017710241,72.2127105368245 -125.665501661809,72.2379095390707 -125.662307644936,72.2469345384871 -125.649359629152,72.2579895370172 -125.633642621104,72.2652605341653 -125.631307628719,72.2602635333429 -125.613981635296,72.2591655306883 -125.604567646707,72.2557245288771 -125.584384655501,72.2532215251459 -125.574946655226,72.2547475239082 -125.570804646248,72.2603025224818 -125.553234644867,72.2639415197289 -125.520291648468,72.2660695146463 -125.508550647023,72.268899512552 -125.502858630376,72.2783075119098 -125.510024611853,72.2870575129041 -125.521723602278,72.2906665154214 -125.531947608113,72.2858065169711 -125.541547604159,72.2866375187047 -125.509300578456,72.3052925131994 -125.501658539551,72.3255565126242 -125.484173514746,72.3419365097418 -125.476818512305,72.3449275091302 -125.465108503129,72.349939507197 -125.447236476852,72.3668235042297 -125.439250476262,72.3686085034291 -125.422779474393,72.3725545006849 -125.408197469192,72.3760474980995 -125.396617460926,72.3829294964278 -125.390369443018,72.3921994951292 -125.382659440994,72.3956854943867 -125.396471429087,72.3991014963277 -125.410277420305,72.4025134990877 -125.416844429845,72.3960675004695 -125.424532430928,72.3943805010524 -125.423883403482,72.4089605017769 -125.41432438888,72.4180395005854 -125.40417937865,72.4247994984991 -125.381053379979,72.4273404947617 -125.366799356034,72.4418884930243 -125.358190346117,72.4478094911039 -125.341124344535,72.4513724888948 -125.317621344563,72.4547664842294 -125.266684362796,72.4521954758739 -125.255205359743,72.4550424734876 -125.259808355314,72.457490474814 -125.27944835206,72.455850478008 -125.291615343356,72.4588424798989 -125.318035308965,72.4738554852681 -125.316028295978,72.4801654845878 -125.305391294088,72.4822334835343 -125.299376286347,72.4867494820091 -125.274563288354,72.4904804779209 -125.248279277997,72.4985754739294 -125.227040267871,72.5078984702664 -125.211016263868,72.5118284676863 -125.199152252738,72.5194264659151 -125.189137253962,72.520034464388 -125.167146257768,72.5213724603385 -125.148771257074,72.5235994575446 -125.144832248918,72.5295884566993 -125.132008250468,72.5301754543475 -125.131369242739,72.5337704545472 -125.119947240471,72.5358904524307 -125.119708233439,72.5399274528636 -125.114862231787,72.5415064514559 -125.096826243286,72.5389804485126 -125.092395234076,72.5435894474635 -125.096469227235,72.5463194483718 -125.071995229702,72.548808444269 -125.084588219733,72.5522554471164 -125.055884204623,72.5647534420115 -125.046285211053,72.562005439913 -125.058181219023,72.5560784420706 -125.055644224013,72.5541644418848 -125.037219220251,72.5589774381371 -125.017047225125,72.5601594351716 -125.025846213629,72.5646234370159 -125.013722210263,72.5677364344569 -125.011530204791,72.5705124346072 -124.999966207102,72.5703234325229 -124.995472221363,72.5649894314052 -124.986743224161,72.5640504294693 -124.976354219746,72.5682014285258 -124.965297223461,72.5681554264726 -124.969699232699,72.5626174268767 -124.95738123624,72.5629144247267 -124.944981228818,72.5674614230239 -124.943318225645,72.5696354228754 -124.942106223513,72.571229421869 -124.939497218942,72.573564421495 -124.973269194262,72.5821244281828 -124.98780417584,72.5894274310175 -124.976194163034,72.5974444286435 -124.952152153644,72.6048224251927 -124.949545151093,72.6071564250555 -124.956002139277,72.6125204262514 -124.966892131424,72.6149394281874 -124.990603126846,72.6132364320584 -125.000755129889,72.6105294337498 -125.021118127281,72.6086294376474 -125.051861103316,72.6171974426197 -125.06810209264,72.6194014460676 -125.080898072856,72.6273204482357 -125.0867870455,72.6414584501528 -125.07838003998,72.6452124488598 -125.074668056867,72.6377364473453 -125.057328069659,72.6334934439847 -125.049762055351,72.6419474431414 -125.046401047657,72.6457084429718 -125.035970042879,72.6498584413845 -125.016302044635,72.6516974380934 -125.001441049178,72.6510254350866 -124.999966045155,72.6529784348721 -124.998228043282,72.6552904349365 -124.999967039172,72.6567714349323 -125.001775035196,72.6583034352763 -125.023206031131,72.65750243915 -125.029376019662,72.6633704405841 -125.039359009669,72.6656214419746 -125.044340996246,72.6727624432492 -125.057610989791,72.6742724456174 -125.056277985081,72.6762634459645 -125.048380979185,72.6797434441843 -125.032565980248,72.6814984417894 -125.023176986665,72.6799034400813 -125.014918996057,72.6760964384968 -125.002387001756,72.6745244358318 -124.99086201861,72.6688554337188 -124.968074017774,72.6716484300809 -124.952450008316,72.6788124274583 -124.947938001745,72.6834194265905 -124.955950965925,72.6999754287928 -124.951114964149,72.7024934280689 -124.965950953604,72.7053534304627 -124.980838942593,72.7082244333666 -124.97779295688,72.7016534327198 -124.997095936191,72.7093764362964 -124.999962928179,72.7125034364884 -125.00092892702,72.7135484368148 -124.993678913979,72.7212094354075 -124.986150912846,72.7225214343899 -124.96395289892,72.7321044308333 -124.953305877962,72.7447464296001 -124.963236845743,72.7590364319061 -124.999966794846,72.7793064387906 -125.005343789369,72.782274439503 -125.006089761905,72.7951834407446 -125.022777741957,72.8037364434897 -125.022190716583,72.8160504440002 -125.030262681875,72.831667445662 -125.042256662924,72.8394254480075 -125.083699634947,72.8478714553767 -125.104244606837,72.8585984599985 -125.103168640593,72.8427154585661 -125.111266633227,72.8453544607654 -125.125880603267,72.8578964634379 -125.125865589509,72.864739463921 -125.105012568371,72.8784654605716 -125.085454559391,72.8850044573808 -125.073684561305,72.8859504549699 -125.047411565318,72.8880714505236 -125.025967577362,72.8848444466256 -124.996866596033,72.8794034411441 -124.967441614294,72.874452436027 -124.946904623367,72.8730344325018 -124.942766619292,72.8754904319072 -124.925061620872,72.8771374284114 -124.909809626422,72.8762374262244 -124.891737616808,72.8835774235881 -124.872591616939,72.8862784195388 -124.843805620822,72.8880944148098 -124.833521630888,72.8856144132274 -124.835984633898,72.8830674137824 -124.830980639982,72.8811054121111 -124.819987639358,72.8822114102331 -124.803498633386,72.8887044076345 -124.791813632264,72.8908094056527 -124.746631636134,72.8948543977372 -124.72742165086,72.8904823941131 -124.730249655579,72.887430394561 -124.724606666448,72.8838673940086 -124.714145666418,72.8846993918217 -124.698061662067,72.8890243892772 -124.663686668175,72.891725383573 -124.627683660152,72.8997283774882 -124.591175666631,72.9018723712376 -124.567940657347,72.9107463673377 -124.558119648558,72.915390365465 -124.54827564287,72.9200463635879 -124.530789632498,72.9282233612256 -124.519939631258,72.929536359674 -124.500554646561,72.9252333557914 -124.474201636668,72.9330843515745 -124.453794637784,72.9353653477808 -124.452924627757,72.9415463482572 -124.437037626046,72.9444223449139 -124.441456620002,72.9466643457226 -124.459752611525,72.9473743496098 -124.476271591609,72.9550343529827 -124.505885573695,72.9602753582345 -124.509564566997,72.9625803583939 -124.4913975502,72.9736353558495 -124.505275536472,72.9783253583717 -124.51916052419,72.9830183609836 -124.539196515781,72.9838193643643 -124.534437502391,72.9910143639742 -124.546175487083,72.9959883659615 -124.558349482037,72.9978653678826 -124.587738475455,72.9965303736752 -124.60278146649,72.9988953762647 -124.645290417018,73.0172533843418 -124.660160403001,73.0216193869169 -124.675069390447,73.0259943894903 -124.689081378233,73.029849391703 -124.703047381103,73.0256973943477 -124.719639392483,73.0182733972964 -124.718326398452,73.0150783967444 -124.695981413708,73.0109423927939 -124.69747742219,73.0072873923758 -124.706104422614,73.0061443944203 -124.714480415971,73.0073723960601 -124.795994346545,73.0301924105686 -124.83149527621,73.0583814179696 -124.838995263589,73.0635704196379 -124.85563223596,73.0745194228882 -124.863502214058,73.084741424043 -124.859921190958,73.0965744242765 -124.849780182705,73.101373423144 -124.837047181442,73.1042574204227 -124.815394179622,73.1083694162608 -124.797587170377,73.1155724139038 -124.782534144889,73.1295034119443 -124.783055127689,73.1379404118302 -124.769001095427,73.1543514100855 -124.762340093016,73.1577014089959 -124.753642089935,73.1588454073377 -124.745531096475,73.1571214062486 -124.736022099215,73.1573894043108 -124.723518109058,73.1552984021634 -124.717395103745,73.1583654009222 -124.696605103293,73.1613873980235 -124.68750308882,73.1691603965013 -124.681172085841,73.1720063953402 -124.684221077592,73.1753023961331 -124.675663064296,73.1827943949776 -124.673533059936,73.1857853943379 -124.669691045995,73.1922093939506 -124.644519030131,73.2037983894626 -124.614820026464,73.2096203842972 -124.580971996141,73.2286933796764 -124.55921398302,73.2378953756858 -124.549532967562,73.2456763742673 -124.540520932237,73.2637953735809 -124.504594937325,73.2665343674482 -124.542648915231,73.2723483743926 -124.55656188947,73.2821143772067 -124.553815876726,73.2889193770788 -124.526318841246,73.3088933727748 -124.515684803398,73.3285313709992 -124.475750753841,73.3574393650967 -124.45935371932,73.3753833626802 -124.444031716893,73.3791213605701 -124.430979705039,73.3867203581736 -124.420939711507,73.3841953564557 -124.416970727406,73.3779013553447 -124.378139730862,73.3819523489807 -124.387657724206,73.3833553503598 -124.389098719099,73.3858353508036 -124.375612709682,73.3917863485111 -124.38645369557,73.3973263510811 -124.392458693332,73.3975863513248 -124.396992685317,73.3998273525056 -124.387447683478,73.4028943512072 -124.379518661412,73.4131343498797 -124.384057656052,73.4153853508287 -124.395554659033,73.41264535324 -124.40796567079,73.4052373544554 -124.40442163872,73.4213893544183 -124.399495632705,73.4241123536305 -124.373906642578,73.4231973493111 -124.361384643919,73.424836347557 -124.367570631335,73.429788348264 -124.388252627362,73.4289493515675 -124.392801620547,73.4311993529881 -124.38037559441,73.4455363512154 -124.368402593782,73.4469003495564 -124.354920605157,73.443902346349 -124.3550225968,73.446719346827 -124.341442590687,73.4517313447868 -124.343286584526,73.4546453452799 -124.360723568474,73.4592313485122 -124.358705561504,73.4624433477401 -124.34248956433,73.4645863449133 -124.33932255724,73.4683473447519 -124.32284854669,73.474749341704 -124.30759054748,73.4770513389434 -124.307808532449,73.4836213399615 -124.288884518682,73.4927853371345 -124.269310519494,73.4949283333811 -124.244546533819,73.4922893290402 -124.209357527856,73.4991093226643 -124.20205352501,73.5020003218981 -124.192836516285,73.5064333202527 -124.180839517406,73.5087223184193 -124.170559500871,73.5174653167724 -124.158348499741,73.5195403151383 -124.137268510672,73.5173213108227 -124.118969515607,73.5172443077159 -124.108349511675,73.5210743055615 -124.079370517425,73.5229443010008 -124.06389251077,73.5278262980446 -124.054134493714,73.5372252965922 -124.060060479266,73.5425822987039 -124.076282473955,73.5433753012667 -124.065061447076,73.5575812996208 -124.070723421296,73.567507301298 -124.059694414477,73.5727702988377 -124.058695394091,73.5817662990866 -124.041027385346,73.5879772963338 -124.015031388847,73.5907462913697 -124.038806347532,73.6057602968055 -124.037545333909,73.6117182965182 -124.057854310973,73.6194172999869 -124.048115287135,73.6325772991113 -124.049502215262,73.6644223000941 -124.046396211413,73.6665293002187 -124.026180216108,73.6672762960055 -124.012407221619,73.6659182935586 -123.985963220142,73.6708632893726 -123.969365212795,73.6774542866961 -123.95733019005,73.6891122850665 -123.948296189541,73.6902262828712 -123.941151197936,73.6869382817136 -123.936824202686,73.6849382810466 -123.915796209538,73.6857322779247 -123.896888219847,73.6833212743335 -123.896332213696,73.686411274013 -123.908365203688,73.6895472761394 -123.920163198926,73.6896532788954 -123.928448193874,73.6914082798209 -123.922397184787,73.6958322791881 -123.909435183463,73.6981612766786 -123.886616188184,73.6988472727312 -123.884895175702,73.7053012727684 -123.866604179752,73.7063692696598 -123.849826195932,73.7007462669019 -123.839793196995,73.7016922645926 -123.827038187004,73.7079862623524 -123.817233174522,73.7157232610936 -123.841685156438,73.7196282654276 -123.847222146776,73.7229942671644 -123.839381136028,73.7301202655755 -123.84630012483,73.7331572670719 -123.846539114855,73.7380682666707 -123.828663089612,73.7517712639593 -123.819788087988,73.7540382627564 -123.800243092827,73.7537712599031 -123.75876811777,73.748698252059 -123.746725120575,73.7493072494997 -123.776560084896,73.7601262553202 -123.774791077332,73.7647042548858 -123.758203075378,73.7677472523033 -123.758204068719,73.7705632527743 -123.803511027407,73.7826402614107 -123.812438012867,73.7878822626522 -123.813059000165,73.7932382632935 -123.804747999745,73.7952292615517 -123.783365012342,73.7920312576304 -123.78417300123,73.797609258276 -123.791125986246,73.8034612595041 -123.80318498924,73.8000352614795 -123.813086987756,73.799806262967 -123.817460977819,73.8027892638294 -123.810371958614,73.8117312630039 -123.811825930025,73.8254792638637 -123.830849926647,73.8241442667131 -123.845139916347,73.8259592699455 -123.851706907702,73.8294922711952 -123.849339904203,73.8305992704817 -123.873960889793,73.8335592747882 -123.885648891816,73.8315682774051 -123.89180888728,73.8327742777401 -123.908806851957,73.8459042814888 -123.942215832941,73.8501222871022 -123.95769382864,73.8494962901827 -123.96779083307,73.8466732918752 -123.979098831405,73.8461022939527 -124.022416810934,73.8482013016902 -124.099212775623,73.8544863153127 -124.12693475383,73.8588503202065 -124.179359706496,73.8724913297834 -124.194095686405,73.8801363327669 -124.190837676829,73.8848363318995 -124.176635671614,73.8896123300996 -124.185533655244,73.8946243317927 -124.176964625545,73.9091043305878 -124.170150614296,73.9154683294542 -124.159440611994,73.9176423274861 -124.152962605012,73.9216333268882 -124.158998597912,73.9235553282937 -124.185692593122,73.9221223325987 -124.190315587029,73.9234323332535 -124.189036580845,73.9275233334564 -124.180344573505,73.9309633322629 -124.184585567995,73.9327793329921 -124.199344565872,73.9321913353538 -124.200838556785,73.9356103358638 -124.20775554492,73.9402873368161 -124.236001515401,73.9495573422525 -124.245095475052,73.9656003442578 -124.262247444264,73.9766033479414 -124.281222427976,73.981355351274 -124.318314424165,73.9772813577078 -124.323592419035,73.9792573591425 -124.31190640189,73.9885653571368 -124.315448390553,73.9923123578738 -124.299351388476,73.9960503552956 -124.29844338224,73.9987053545658 -124.303748372971,74.0016193564112 -124.332817352786,74.0070583616051 -124.34158233921,74.0108973631508 -124.336747328875,74.0157183621839 -124.358642309435,74.0216703663428 -124.351716292529,74.0297033659199 -124.368369290512,74.0292083683468 -124.373248284844,74.0307403689251 -124.37234427727,74.0333953693402 -124.348737268065,74.0409723653989 -124.350514255914,74.0455493661281 -124.37485623641,74.0513323697938 -124.37657422819,74.054032370426 -124.366882221441,74.058261369299 -124.401213192225,74.0663773750358 -124.419451181543,74.0693063788565 -124.442848170138,74.0704453832167 -124.450836161097,74.0733973845754 -124.447784151093,74.0773873839959 -124.429736153859,74.0791573810485 -124.431421148551,74.0809193810138 -124.440341144814,74.0821543829955 -124.425411137557,74.0862903807051 -124.427558130717,74.0894333806147 -124.451494114884,74.0928893853843 -124.457714103367,74.0966823868 -124.451907091961,74.102273385842 -124.457323081689,74.1061273866166 -124.454655074023,74.1096133863292 -124.441148079114,74.1098803839556 -124.431215061742,74.1183553828049 -124.436760053164,74.1205473839956 -124.431113045848,74.1254283828127 -124.415546039135,74.1298393804341 -124.434664025919,74.1327073834393 -124.429735020332,74.1356523830427 -124.406952024233,74.1370483785408 -124.404827019364,74.1393153782957 -124.420977003199,74.1435723815937 -124.43925498328,74.1500343848651 -124.436820964073,74.1591513846214 -124.44412694777,74.1640413861558 -124.470587933761,74.1673223909459 -124.477182925164,74.1696713928055 -124.473701919462,74.1732193918778 -124.458057914344,74.1766993895142 -124.460556911236,74.1783993896384 -124.476250900205,74.180329392159 -124.467360891621,74.1854423913936 -124.472640879373,74.1900113917454 -124.478728864903,74.1945203932616 -124.492018855912,74.1966273958072 -124.495644845822,74.200365396905 -124.485855841519,74.2036623946888 -124.498772822624,74.2107413977956 -124.514715810587,74.2128924005805 -124.528642762496,74.2316674037739 -124.524391753155,74.2362164025558 -124.508567745002,74.2413583998942 -124.503581700199,74.2603163997797 -124.507007690946,74.2638344012268 -124.516538689551,74.26291940267 -124.536512703324,74.2548924054465 -124.544844701118,74.2545334074091 -124.550621696043,74.2559994088038 -124.540152673087,74.2666414066219 -124.554727653564,74.2726604093658 -124.553011639791,74.278909409964 -124.542273641975,74.2803894078718 -124.541988635269,74.282762407511 -124.567044619035,74.2861504121684 -124.57311063771,74.2772304134397 -124.605125637268,74.2735154187186 -124.612650627255,74.2767434197679 -124.624505620953,74.2773004222342 -124.637075631702,74.2723874243893 -124.656183625472,74.2714784279178 -124.686673594986,74.2803514328691 -124.692046583697,74.2849054340842 -124.683770574735,74.2897514331985 -124.655364574707,74.2927484279608 -124.650046560656,74.2997304277464 -124.618194552091,74.3072074218909 -124.622268545001,74.3098704229059 -124.633589542493,74.3087024250595 -124.636339540109,74.3101894251367 -124.629235534379,74.3130744246884 -124.640105517405,74.3188274267572 -124.64764449803,74.3255874284577 -124.655518491649,74.3273704289434 -124.642756481431,74.3330104276486 -124.652471473762,74.3349024296237 -124.674967493963,74.3240914324733 -124.66019450883,74.3197354295213 -124.660034515046,74.3169194295125 -124.683429512384,74.3149894339354 -124.700751501052,74.3175154367776 -124.701633491056,74.321924437306 -124.683814484528,74.3263044347057 -124.696702475554,74.3284084364411 -124.710397478829,74.3253564391856 -124.716872497398,74.3170504401491 -124.724246502228,74.3139294412843 -124.74990649957,74.3125394452572 -124.76316848664,74.3153484482537 -124.761568479063,74.31900144822 -124.75185547846,74.3206434459711 -124.732799486806,74.3199104430895 -124.713498463633,74.3321474397641 -124.722259451796,74.3348104417292 -124.730191452697,74.3340014426511 -124.734732464507,74.3280204437064 -124.747327465966,74.3266314451457 -124.757660457234,74.3282414478298 -124.763823446757,74.331805449131 -124.761743434512,74.3376104488043 -124.765779426649,74.3399144490009 -124.775900421071,74.341296451227 -124.742369421025,74.3453764453219 -124.726234416236,74.3493754422823 -124.705735414895,74.3525034394307 -124.671133426849,74.3528764332335 -124.651599427162,74.3552264297457 -124.623986414568,74.36357242479 -124.614561415216,74.3637794232193 -124.606458421719,74.3617654216845 -124.59459142572,74.362145419571 -124.511878436968,74.3687534054039 -124.460481444257,74.3714683962678 -124.395437458875,74.3748873849432 -124.365061456183,74.3796173798997 -124.313112462063,74.3846753709453 -124.276370472815,74.384660364455 -124.247351471372,74.3890393590764 -124.19554849173,74.3870033506091 -124.163127483615,74.3951363449742 -124.139595478654,74.398881340494 -124.121942485308,74.3996293376607 -124.028379495642,74.4070153218692 -124.007830503268,74.4074883176208 -123.994223512211,74.4051303151918 -123.960309523163,74.4053363090319 -123.898412547425,74.4027422982684 -123.883218551312,74.4042452958957 -123.859230539877,74.4112722918124 -123.839697543577,74.4128282884899 -123.746340569722,74.4149042718399 -123.723922572025,74.4161932683144 -123.673310582047,74.4190922587446 -123.533163621237,74.4225482349455 -123.502867622395,74.4257292297812 -123.485812630876,74.4242722265538 -123.419390635064,74.4319252152483 -123.33980064826,74.4366542007857 -123.293352655099,74.4403781936317 -123.274934655387,74.4432161901404 -123.262489651986,74.4458951883463 -123.235628655542,74.4481061829146 -123.194818663014,74.4497861760189 -123.184798662313,74.4518521742409 -123.16767366892,74.4522501717862 -123.139074686975,74.447741166437 -123.106034702548,74.4468391607649 -123.033994719381,74.4493281484498 -122.903618738835,74.4589941255638 -122.883244741244,74.4606231217281 -122.86281274366,74.4622591184061 -122.840932752123,74.4622291146147 -122.826193761371,74.4603451117886 -122.792510780944,74.4577731062133 -122.739545800411,74.4571020970031 -122.669573813,74.4609770847289 -122.627954827884,74.4614650774041 -122.576242842349,74.4620530685939 -122.55461084773,74.4634790648487 -122.478759860181,74.4684850520408 -122.442926863986,74.4725360459151 -122.358644891166,74.4729710308375 -122.316018896044,74.4762370239474 -122.295427905556,74.4756030197756 -122.253334910399,74.479524012869 -122.219186900013,74.4888010073646 -122.198485902614,74.4911970037878 -122.187856906781,74.4899610016546 -122.160689913241,74.4908779970414 -122.091492911672,74.502197985708 -122.05873591724,74.5048239801094 -122.036247912886,74.5098509758307 -122.023313910589,74.5127349741327 -121.964019921243,74.5171289640417 -121.946021902504,74.5261019608312 -121.941609896293,74.5303209602984 -121.929443897136,74.531494958071 -121.912789906024,74.5303669556189 -121.886102903869,74.5351739506304 -121.871377920744,74.5299699479207 -121.864821903361,74.5380339469523 -121.851165904448,74.5395209447487 -121.81361691818,74.5395899381218 -121.805709916437,74.5408189374399 -121.763902916678,74.5473339302472 -121.533526970977,74.5578238908569 -121.460947002974,74.5556038778699 -121.443236017391,74.5519348743777 -121.393618062627,74.5416278660547 -121.385811067726,74.5400098645482 -121.34601108882,74.5370948571944 -121.318618089617,74.5411708526811 -121.308895090314,74.5417038511745 -121.296853092696,74.5423678490712 -121.287102097866,74.5417108471105 -121.262770111116,74.5400558429294 -121.21927113603,74.5356998353759 -121.178028181441,74.5240038276132 -121.163100189028,74.5227288258392 -121.135799196593,74.5233088211085 -121.114221203948,74.523758817518 -121.103981212334,74.5217598149104 -121.070517261323,74.5063788094118 -121.022325351246,74.4759918000019 -120.959171427305,74.4543097885747 -120.944703457274,74.4438267858183 -120.928805477871,74.4377857822002 -120.912835498165,74.4317177791241 -120.749047634945,74.3984317503449 -120.693485671769,74.3920837407315 -120.674607685905,74.3886737377309 -120.663046699713,74.3846377353796 -120.634151727619,74.3767187300055 -120.625396737036,74.3743217288557 -120.61729574337,74.3726587275591 -120.598810762037,74.3685247237359 -120.591384769345,74.3665927225219 -120.545389794148,74.3624977141773 -120.474566871681,74.3404387016371 -120.458162883605,74.337364698983 -120.391325937913,74.3248076873158 -120.374007949303,74.323373684042 -120.337921957098,74.3245326779025 -120.314964968636,74.3236256736601 -120.290393992419,74.3179256695987 -120.266490024133,74.3082596653766 -120.237964054592,74.2992796598801 -120.196348080887,74.2940536524025 -120.113268137977,74.2835856384785 -120.078408166622,74.2751476318296 -120.062677177672,74.2733846289879 -120.04253818478,74.2739346263759 -119.999965193146,74.2764286186782 -119.98910219766,74.277063616926 -119.971119208762,74.2744836136699 -119.94089421806,74.2752846085215 -119.92818722229,74.2754526061517 -119.917057236952,74.2716076047209 -119.900132268494,74.2604076016795 -119.879852281729,74.258164598141 -119.866334290205,74.2555485953429 -119.845544308212,74.2515275919732 -119.828575313515,74.251664588671 -119.812012333284,74.2459955858476 -119.740758369543,74.24138057347 -119.723507378789,74.2410595704551 -119.706750379443,74.2427995679174 -119.690562388745,74.2415015647487 -119.674725394706,74.2420355621396 -119.662371403895,74.2400905604698 -119.644612424859,74.233780557061 -119.611445484826,74.21294555088 -119.626076534437,74.1884255527626 -119.663291578246,74.1634985581331 -119.66871458176,74.1606915588251 -119.676600588982,74.1566095602776 -119.75435061663,74.1317685725294 -119.773049631458,74.121598575577 -119.793392675179,74.0989845788978 -119.753831695381,74.0962075719789 -119.750697677402,74.1055765712969 -119.731671670033,74.111367568603 -119.716547674101,74.1128015657754 -119.709727681184,74.1101305651925 -119.70768368877,74.1069945643883 -119.749598706242,74.0926455710378 -119.742587715345,74.0893255697349 -119.691857698939,74.1047595613659 -119.685715694972,74.1083005604898 -119.688387679103,74.1151285611433 -119.681849675292,74.1177225597863 -119.629078684375,74.1226125517038 -119.612488680939,74.1257345483581 -119.596141673233,74.1318365462444 -119.580363654973,74.1427705435003 -119.560447646834,74.1499715405039 -119.546143646029,74.1527425381704 -119.499103610239,74.1757975307487 -119.491692590485,74.1853965299502 -119.498897561952,74.1966105311818 -119.496034540877,74.2066815316215 -119.476730528564,74.2149975278535 -119.447137527172,74.220560523806 -119.437381516757,74.2265705217086 -119.424854520137,74.2269305194227 -119.393859556856,74.2156835142218 -119.360789572283,74.2144635088578 -119.339469577859,74.2156915053747 -119.297052579666,74.2225274981832 -119.275442585841,74.2233064940129 -119.268542587196,74.22316049364 -119.255814603311,74.2191324905445 -119.221285607381,74.2223514849137 -119.186950629848,74.2190864794017 -119.136673651219,74.2174684704376 -119.109857669555,74.2134944659121 -119.085693686398,74.2099084622562 -119.097390686528,74.2088794637982 -119.095995694579,74.2052544638163 -119.071359706388,74.2038364593819 -119.067370713551,74.2014774587581 -119.078739736964,74.1896524604416 -119.062912760077,74.181832457399 -119.073201765478,74.1778954590268 -119.07455577371,74.1732194588087 -119.055869795231,74.1676114560544 -119.071221802059,74.1609044580216 -119.068602814777,74.1566394574064 -119.045826835804,74.1512164533979 -119.039644848325,74.1466524521743 -119.03950285941,74.140885452336 -119.060322865368,74.1362394557792 -119.064552875863,74.1307384562217 -119.048378896695,74.1236274533951 -119.021008924138,74.1161744481647 -119.048023000616,74.0774774518585 -119.055245006391,74.0741504533304 -119.099575002878,74.0681854604111 -119.109372008488,74.0635764623791 -119.104392038111,74.0513394607308 -119.121469067029,74.0353184635928 -119.131272105887,74.0156944644706 -119.120238122426,74.0113614626686 -119.132855122742,74.0086984642411 -119.137995127316,74.0047614652986 -119.114466144752,74.0019304608783 -119.103172156606,73.9985284590308 -119.07805215786,74.0013054547324 -119.055095158968,74.0049074514579 -119.05157613816,74.0143064511664 -119.042477131029,74.0200274498413 -119.033366131389,74.0215994480271 -119.018670142614,74.0181214454173 -119.014461168926,74.0070044444474 -119.003051186009,74.001992442252 -118.987290197183,73.9994814398397 -118.964062204718,73.9998494354458 -118.940807204152,74.0043734322108 -118.92678419675,74.0089354297756 -118.908177164874,74.0268564271821 -118.859830145995,74.0442674195285 -118.855418133449,74.0495394187451 -118.848755111496,74.0609144179768 -118.839810100174,74.0684674169513 -118.826122095768,74.072304414074 -118.796983096797,74.0770724098153 -118.786425093231,74.0805364080401 -118.789372059037,74.0940174089749 -118.772907035666,74.1074394064134 -118.764170001986,74.1239714060077 -118.771037983583,74.1312794069742 -118.791115967905,74.135231410462 -118.80289496295,74.1351634122056 -118.823978952862,74.1365364161994 -118.848131922337,74.1458364198716 -118.862725900226,74.1532604228058 -118.863485883189,74.1601424230208 -118.844505881866,74.1637584200162 -118.857356863093,74.1696484223745 -118.834781862285,74.174347419142 -118.826973843045,74.183922417575 -118.814707839195,74.1874714157528 -118.792308850509,74.1868454119484 -118.758299835252,74.1994264064135 -118.740482831775,74.2036684040347 -118.697859835906,74.2090013967803 -118.686925835212,74.212014394867 -118.692918824777,74.2149823960013 -118.682642818207,74.2191163943913 -118.666369824225,74.2202913917046 -118.655810830864,74.218217389378 -118.640094836378,74.2189033869515 -118.614842828948,74.2264563828993 -118.533370846347,74.2322773699745 -118.526209846537,74.2332003679962 -118.48519985184,74.2384883615181 -118.448177860639,74.2405323558924 -118.419481870271,74.2409763507745 -118.413114872278,74.2411513495605 -118.406565875434,74.241326348413 -118.400754871487,74.2436923476367 -118.307842875861,74.2579733326487 -118.296436878178,74.2585833309667 -118.250956890064,74.2610333230271 -118.2127458948,74.2656183163107 -118.166572892346,74.2742013092041 -118.140983895068,74.2770923051933 -118.067238916375,74.2805642929495 -117.895920010988,74.2688152635079 -117.860578034412,74.2647032581581 -117.682094140352,74.248254227339 -117.640323162888,74.2461942205674 -117.622278163803,74.2489642175262 -117.608277175086,74.2465142148005 -117.594996186948,74.2438052133318 -117.574950194597,74.2427372096931 -117.530268227124,74.2366342021169 -117.51118123615,74.2357561986719 -117.439296284903,74.2276781867677 -117.38942030603,74.226113178228 -117.381403315682,74.2236571773805 -117.367404335125,74.2177431746812 -117.363320336418,74.2170721736338 -117.312037375869,74.2085581654028 -117.129719547556,74.1642771337256 -117.107034575978,74.155663129803 -117.096613588272,74.151703128256 -117.045820648358,74.1334161193062 -117.04155065376,74.1318821190071 -116.952852745111,74.1063701034736 -116.902307803859,74.0900350944908 -116.88560082283,74.0838250920014 -116.846312870627,74.069184084761 -116.824101897795,74.0608990808263 -116.808977912245,74.0571140783346 -116.760677958811,74.0449990702283 -116.70609601699,74.0280840609952 -116.620244096591,74.0062800466346 -116.605068120844,73.9985430432381 -116.599124144646,73.989113042278 -116.562079180208,73.9789130362145 -116.508068253374,73.95483502681 -116.395080375504,73.9187470073133 -116.349184436974,73.8989559994514 -116.324849461285,73.8924339954057 -116.319729471289,73.8882449945026 -116.301884520219,73.8679739907907 -116.285211529385,73.8676149878321 -116.267635536318,73.8670509852264 -116.251051552827,73.8630149820536 -116.236670571911,73.8563779794189 -116.156727652645,73.8331009666198 -116.110121710116,73.8142169585401 -116.055888770559,73.7964879489181 -116.000029839981,73.7732629395006 -115.961848888454,73.7573409327649 -115.944857918249,73.7477959300989 -115.898749969517,73.7309339220663 -115.833797031996,73.7137309110175 -115.766139114162,73.687210899109 -115.738223138883,73.6805198945807 -115.727218145215,73.679870892697 -115.694838162289,73.6779628875927 -115.684288169243,73.675995886016 -115.658946175929,73.6779178818447 -115.627415198894,73.6722338765172 -115.61316720405,73.6728978746518 -115.593182219637,73.6700668706742 -115.580287235629,73.6640478691302 -115.573932249945,73.6580588679167 -115.570401259281,73.6551898668053 -115.578927275419,73.6455468681491 -115.578206289036,73.6393898682545 -115.560844312877,73.6300658650042 -115.501021381175,73.6083748553209 -115.334875570968,73.5477378271571 -115.315564600997,73.5368578231987 -115.309299625715,73.5262908219429 -115.314542673246,73.5007478222575 -115.302753701396,73.4896928204767 -115.288191713569,73.4857258180145 -115.284968725941,73.4812398170861</coordinates></LinearRing></outerBoundaryIs></Polygon><Polygon><outerBoundaryIs><LinearRing><coordinates>-110.001616331407,70.000483971645 -110.010203326578,70.000483973397 -110.021314322786,70.0004819745912 -110.029647318243,70.0004819759144 -110.040755316447,70.0004839777237 -110.049089310965,70.0004829788935 -110.060202308197,70.0004819802902 -110.07131130473,70.0004829820104 -110.079646299935,70.0004829827588 -110.087981297327,70.0004819844853 -110.099091292669,70.0004829864251 -110.107422290252,70.0004829870681 -110.118533284264,70.0004829893623 -110.12964828125,70.0004819902155 -110.137980277643,70.000481992152 -110.14631327553,70.0004819930538 -110.157424269428,70.0004819946585 -110.168537265468,70.0004819961282 -110.176869263263,70.0004809970815 -110.185203259676,70.0004809983999 -110.196312254685,70.0004820002171 -110.204646252248,70.0004810017558 -110.215755248396,70.0004810030839 -110.22408924309,70.0004800044036 -110.235200239494,70.0004810059852 -110.243536236938,70.0004810070265 -110.25464623342,70.0004800083868 -110.265757229277,70.0004800105395 -110.274088224521,70.0004800120995 -110.282425220403,70.0004810126266 -110.293533216868,70.0004810146797 -110.304646212633,70.0004810159899 -110.312978209362,70.0004800176539 -110.321310206994,70.0004800186104 -110.332425202352,70.0004810206477 -110.343534199037,70.0004800217067 -110.351868194941,70.0004790233604 -110.360202192742,70.0004800240811 -110.371312187337,70.0004790262815 -110.382424183894,70.0004800273923 -110.390758181427,70.0004790288204 -110.401870175096,70.0004780302791 -110.412977170575,70.0004790319798 -110.42131316957,70.0004780329488 -110.432422162945,70.000479034654 -110.440758160447,70.0004780365717 -110.451867156249,70.0004780376703 -110.460199153764,70.0004780387233 -110.471314150476,70.0004780408659 -110.482424145719,70.0004780423828 -110.49075714214,70.0004780434071 -110.499091139729,70.0004780446787 -110.510202133715,70.0004780463753 -110.521313129291,70.0004770484883 -110.529648127701,70.0004770492542 -110.540755122574,70.0004770512885 -110.549090118155,70.0004770518772 -110.557426116149,70.0004780536459 -110.568535112554,70.0004780552999 -110.576871109392,70.0004780561248 -110.587979103761,70.0004760577613 -110.599091099552,70.0004780594785 -110.607422096295,70.0004770610286 -110.615759093207,70.0004770618426 -110.626870089435,70.0004770640592 -110.637976084993,70.0004760650528 -110.646315081789,70.0004760665418 -110.657422078082,70.0004760686729 -110.665756074028,70.0004760695634 -110.67408907218,70.0004750706527 -110.685204068235,70.0004770721715 -110.693533064797,70.0004760734983 -110.704647059051,70.0004760748606 -110.712977057352,70.000476076122 -110.724088053179,70.0004770779556 -110.735203048549,70.0004750796264 -110.743534044919,70.0004750810903 -110.754647040669,70.0004760824044 -110.762978039403,70.0004750839515 -110.774090032968,70.0004750857298 -110.78242303017,70.0004750863763 -110.793536026467,70.0004750885152 -110.801869022838,70.0004740891553 -110.81020202114,70.0004750907402 -110.821312015056,70.0004750927866 -110.832422011299,70.000475094546 -110.840756007323,70.0004740949714 -110.849091006096,70.0004750961139 -110.860202000487,70.0004750981006 -110.868536997023,70.0004740994535 -110.879642994044,70.0004731006437 -110.887978989464,70.0004741025536 -110.899091986029,70.0004731037508 -110.910200983094,70.0004741053659 -110.918535978455,70.0004731070955 -110.92964697499,70.000474108766 -110.937978970924,70.0004741098397 -110.949087967584,70.0004731112019 -110.95742196302,70.0004741124922 -110.968536960514,70.0004721138987 -110.976869957654,70.0004721157548 -110.985198954131,70.0004721170008 -110.996311948705,70.0004731183036 -111.007423946504,70.0004731203521 -111.018536940431,70.0004721221549 -111.026866937202,70.0004721233527 -111.037980933391,70.0004721245737 -111.046311929773,70.0004731262359 -111.057425926461,70.0004711272233 -111.065756923215,70.0004711289228 -111.076867919887,70.0004711305633 -111.085199914703,70.0004711314533 -111.09631191029,70.0004721332235 -111.104643908228,70.0004711347621 -111.115755904966,70.0004701363548 -111.126868899445,70.0004701381192 -111.13520189699,70.0004701387925 -111.146309893658,70.000470140968 -111.154644890977,70.0004701420783 -111.162978885673,70.0004691432908 -111.174089882142,70.0004701445677 -111.182424879071,70.0004701456999 -111.193534874985,70.0004701479662 -111.20186987232,70.000468148603 -111.212976868375,70.0004691501156 -111.22408886256,70.0004691522077 -111.232425859895,70.0004691532305 -111.240757856964,70.0004681547522 -111.25186585155,70.0004681562066 -111.26297884896,70.0004671584471 -111.271312846456,70.0004681591363 -111.282421841357,70.0004681610081 -111.29075583831,70.0004691618523 -111.299089836007,70.0004681636587 -111.310200830993,70.0004681651277 -111.318534828665,70.0004671659238 -111.32964682368,70.0004681678356 -111.340758819471,70.0004671695701 -111.349088815981,70.0004671710774 -111.357423813338,70.0004661717307 -111.368532808558,70.0004661736046 -111.379646805439,70.000467175275 -111.387978802853,70.0004661764301 -111.399088797343,70.0004661787827 -111.407424793362,70.0004651793263 -111.41853579067,70.0004651813679 -111.426868787762,70.0004651826711 -111.435202783018,70.0004661834687 -111.446313781115,70.000464185662 -111.454643777055,70.0004651863218 -111.465755772944,70.0004641886472 -111.47409076988,70.000465189569 -111.485199764521,70.0004651908285 -111.496312760851,70.0004641930084 -111.504643757654,70.0004641942717 -111.51297975454,70.0004631957794 -111.524089749963,70.0004631970971 -111.535200745859,70.0004641989703 -111.546311743339,70.0004642000337 -111.554643738829,70.0004632015896 -111.565756736027,70.0004632029838 -111.574089731694,70.0004632044449 -111.585201726975,70.0004632065535 -111.596309724307,70.0004622081082 -111.604644719951,70.0004622091348 -111.612978717713,70.0004622099122 -111.624087712387,70.0004612124457 -111.635202708172,70.0004612134281 -111.643533705306,70.0004622153836 -111.65186970371,70.000462216375 -111.662981698373,70.0004622181424 -111.674087693563,70.0004622191989 -111.682423691923,70.0004602211115 -111.693536686965,70.000460222211 -111.701868684321,70.000460223844 -111.710202680922,70.0004612246405 -111.721310678286,70.0004602267139 -111.729643673787,70.0004602275187 -111.740759669735,70.0004602295846 -111.751868665478,70.0004592307011 -111.760198662908,70.000460232685 -111.771309658691,70.0004592341428 -111.779644654968,70.0004582355238 -111.790757651735,70.0004602364484 -111.799087647674,70.0004592381283 -111.810200644689,70.0004592395686 -111.818532640188,70.0004592410502 -111.826868637769,70.000458242798 -111.837978633878,70.0004592439944 -111.846309630819,70.0004572450314 -111.857425627577,70.0004582472595 -111.86575762294,70.000458248429 -111.87686961949,70.0004572502653 -111.885202615275,70.0004582510137 -111.896314612776,70.0004562525347 -111.907421607024,70.0004572548996 -111.915756605861,70.0004572554209 -111.924090602821,70.0004562572517 -111.935199597078,70.0004562587652 -111.943536593698,70.0004572598668 -111.954645590581,70.00045626131 -111.962976587691,70.0004572625417 -111.974091584067,70.0004562647889 -111.982423580806,70.000455265631 -111.993535574712,70.0004552673866 -112.001820573539,70.0004552686832 -112.01297956852,70.0004552704929 -112.024087564386,70.0004552721553 -112.032421561447,70.0004562731691 -112.040755558683,70.0004552744012 -112.051869553475,70.0004552764388 -112.062979549838,70.0004562774804 -112.071314547025,70.0004552792612 -112.082424542002,70.0004552806205 -112.090755539042,70.000456281729 -112.099091536334,70.0004552834818 -112.110203532966,70.0004552851914 -112.121310529385,70.0004552868718 -112.129647525577,70.0004552878488 -112.140756522242,70.0004552893999 -112.149088519685,70.0004552905196 -112.16020351391,70.000455292658 -112.168536511657,70.0004552938757 -112.179646507479,70.0004552950119 -112.18797950298,70.0004542966038 -112.196309502407,70.0004552980698 -112.207421496652,70.0004552996469 -112.215756495384,70.0004553011385 -112.226868489014,70.0004553027547 -112.237981486621,70.0004553039768 -112.246312482465,70.0004553057011 -112.257426477528,70.000455306985 -112.265757475048,70.0004553081498 -112.276866472862,70.0004543103249 -112.285199469576,70.000455311667 -112.293532464573,70.0004553122659 -112.30464346175,70.0004563142023 -112.315754457453,70.0004553159504 -112.324088453386,70.0004553173799 -112.332422451281,70.0004553180167 -112.343535447345,70.0004553203024 -112.354643442979,70.0004563213847 -112.365756438484,70.0004553232427 -112.376866434293,70.000455325304 -112.385201431793,70.0004543262912 -112.396312426519,70.0004553282072 -112.404643423495,70.0004543295049 -112.412980420947,70.0004543308087 -112.424092418343,70.0004553317847 -112.435198413772,70.0004543339577 -112.443531410653,70.0004553347741 -112.454645407625,70.0004553371048 -112.462978404114,70.000455337904 -112.474092398824,70.0004553394364 -112.482422395108,70.0004553411072 -112.490756394205,70.0004553427075 -112.501867390326,70.000456344178 -112.501858508878,69.9073853440858 -112.516278500109,69.9091343459197 -112.583462477652,69.9078443564777 -112.611498469795,69.9073023599444 -112.646366450452,69.9110643659907 -112.650746455429,69.9075543667413 -112.571795499159,69.8953403539457 -112.568486505417,69.8908683535046 -112.581014508316,69.8846733560461 -112.581385514584,69.8812553561707 -112.566686517972,69.8814083537379 -112.560788524034,69.8789063529142 -112.566220524867,69.8763503534911 -112.569671531557,69.8693773539221 -112.567950537729,69.8656543537747 -112.561055541408,69.8642963532637 -112.563464532716,69.8700713528447 -112.560054529325,69.8747553523733 -112.543912529727,69.8796703501081 -112.544407526121,69.8824383500598 -112.556890516699,69.8851773520391 -112.55942151372,69.8879853528478 -112.561377508107,69.8901523531834 -112.545405505816,69.8966753507831 -112.529623509834,69.8981623481601 -112.521886516206,69.8951343473112 -112.515508515063,69.8985673455712 -112.506217518288,69.898460344216 -112.49424252479,69.8961943427423 -112.492480539396,69.8867343421358 -112.480384538592,69.8892673403949 -112.463910546714,69.8886633383122 -112.451568550791,69.8898163363886 -112.464385537337,69.895790338531 -112.451054537695,69.9001083363119 -112.440963539234,69.9004293350741 -112.440496548153,69.8933023349208 -112.434494551796,69.8933183334237 -112.431640545327,69.8982463330905 -112.409435555462,69.8967443296215 -112.395911560143,69.8973923277689 -112.374304560738,69.9025423243622 -112.354255567658,69.902717321385 -112.336584577619,69.8995363187961 -112.332911581802,69.8983613180392 -112.324473587405,69.8956453170763 -112.322033592682,69.8928063164307 -112.328832590741,69.8923713177886 -112.342114579495,69.8967673193812 -112.353619575021,69.8983383211541 -112.360629572551,69.8972243227132 -112.368270576418,69.8920063238089 -112.393063567203,69.8915553272461 -112.387816577338,69.8870083262857 -112.36887758278,69.8879103233099 -112.373064586855,69.8830253241033 -112.362393589888,69.8830873226263 -112.358493596315,69.8806463224468 -112.345187598916,69.8806083201952 -112.347560602419,69.8772593206153 -112.367223598622,69.876159323189 -112.372531597857,69.8740693247226 -112.368216610761,69.866568323832 -112.392728597408,69.8690863271341 -112.408093598313,69.8646163297482 -112.428553588545,69.8651433326142 -112.430195592654,69.8619913331714 -112.405727614385,69.8507763290754 -112.45134560038,69.8494873365617 -112.452412596324,69.8525003364544 -112.460308593379,69.8527913377584 -112.482252588028,69.8506243412989 -112.48366858497,69.8525083407944 -112.469257580938,69.8604503392217 -112.465281583523,69.8582463381339 -112.456349588445,69.8570023369253 -112.449201585191,69.8629213355691 -112.452246578737,69.8660123364157 -112.46350057393,69.8662033377348 -112.479611572609,69.8635873407086 -112.500492576727,69.8540343440858 -112.506725573397,69.8554083447905 -112.506618570083,69.8579243441347 -112.493909569577,69.8625023427386 -112.478664561355,69.8731683405347 -112.479873556302,69.8757323405099 -112.492422555566,69.8739003427903 -112.49892756364,69.8656623430549 -112.514416557347,69.8650823455556 -112.522444561291,69.8605643468548 -112.518530570351,69.8537743463392 -112.525547573329,69.8503643475091 -112.541224569924,69.8491063498143 -112.547809559454,69.8536993506783 -112.560337558418,69.8518593521727 -112.566203564726,69.8456573532793 -112.572119561554,69.8458703542743 -112.574599550969,69.8530653550395 -112.580909548077,69.8542023552767 -112.586509547444,69.8532643568272 -112.591299549894,69.8483963569854 -112.596038551205,69.8481063582855 -112.602636541029,69.8526993588247 -112.608351538193,69.8535923595575 -112.612250538407,69.8516693601612 -112.618961537151,69.8514483615892 -112.620534533957,69.8528833616899 -112.605674533064,69.8580783598729 -112.599858524779,69.8663413582536 -112.590825526989,69.8676223574674 -112.590038525959,69.8679813572256 -112.583876525371,69.8708033561226 -112.590520515596,69.8774563575851 -112.599424512895,69.8766323589669 -112.607821522702,69.8664013601272 -112.617086525641,69.8621523611785 -112.621672520684,69.8646003616615 -112.606216511606,69.8761903592142 -112.610524505807,69.8795553601637 -112.620930500995,69.8803783620029 -112.628000510604,69.8701013631344 -112.638404505397,69.8709263648018 -112.630848502829,69.8761523634099 -112.631605495487,69.8803023639283 -112.639118492935,69.8796533645547 -112.646922496099,69.8758163656721 -112.648211501545,69.8715053655041 -112.656466502226,69.8683703667637 -112.650853510309,69.8626713660583 -112.642797512184,69.8651263646938 -112.635039516449,69.8643953639344 -112.643454520107,69.8585133648636 -112.640036532138,69.8499133647005 -112.644672535531,69.8454983650071 -112.651869527699,69.8491843664778 -112.6518695483,69.8337823668744 -112.657438545992,69.8337813675931 -112.665773542214,69.8337823690321 -112.674104540654,69.8337823693443 -112.679661539315,69.8337803709106 -112.687993534518,69.8337813718985 -112.693547533448,69.8337813726888 -112.701884529624,69.8337823740735 -112.710214526956,69.8337803751951 -112.715769525416,69.8337813758796 -112.724106521789,69.8337813772715 -112.732438518645,69.8337803783018 -112.737993518225,69.8337803795608 -112.746326513214,69.8337803811578 -112.754660509984,69.8337803819435 -112.760215508437,69.8337803829996 -112.768550505891,69.8337813840026 -112.776883502813,69.8337803850076 -112.785217500243,69.8337803861671 -112.79077449878,69.8337813870409 -112.799104496118,69.8337813889218 -112.807438492372,69.8337803896138 -112.812995490865,69.8337803909165 -112.818547487962,69.833780391946 -112.826883485663,69.8337803926696 -112.833294483701,69.8337803941844 -112.840771480854,69.8337793952001 -112.84910447758,69.8337803959543 -112.854662474272,69.8337803975716 -112.862993470991,69.8337793989129 -112.871325467703,69.8337793997175 -112.876884465713,69.8337794003375 -112.885217463821,69.8337804014857 -112.88522525024,70.0004524023165 -112.89379524525,70.0004524034125 -112.902129243937,70.0004514046971 -112.910464239715,70.0004524063422 -112.918793238434,70.0004514074147 -112.927129233936,70.0004514085368 -112.935459230144,70.0004524098625 -112.943795228837,70.0004514109797 -112.952126225107,70.0004524121134 -112.960463221799,70.0004524136412 -112.968794220305,70.0004514150019 -112.977127216316,70.0004524159142 -112.985464212266,70.0004514177312 -112.993796208863,70.0004514184856 -113.001898207272,70.0004514200223 -113.010463203587,70.0004514215404 -113.018796201659,70.0004514220387 -113.024348200547,70.0004514234825 -113.032683197533,70.000451424554 -113.041017193944,70.0004504261668 -113.04935118895,70.0004504269449 -113.057681186229,70.0004504283738 -113.066017185343,70.0004514296374 -113.074352180137,70.0004504311868 -113.082684177438,70.0004514323707 -113.091020175935,70.0004504333942 -113.099351172521,70.0004504351424 -113.107682169474,70.0004504357439 -113.116015165727,70.0004514376276 -113.124351163429,70.000449438616 -113.132684159872,70.0004494397564 -113.141018156626,70.0004504411776 -113.149351153727,70.0004494425275 -113.157685149708,70.000450443372 -113.166018148028,70.000449444867 -113.171575147644,70.0004494460451 -113.179904144272,70.0004494471652 -113.188238138995,70.000448448354 -113.196574137853,70.0004494498933 -113.204905134608,70.0004494504695 -113.213240131044,70.0004494519971 -113.221571129011,70.000449453166 -113.229907125246,70.0004484548786 -113.238239121908,70.0004494564238 -113.246571119651,70.0004494574337 -113.254908115716,70.0004494586494 -113.263240112344,70.0004484598685 -113.271572110871,70.0004484613494 -113.279906106613,70.0004484628496 -113.288240103758,70.0004484640395 -113.296573101936,70.0004484651602 -113.304907097228,70.0004484662384 -113.313240096204,70.0004474673356 -113.321571093358,70.0004474689501 -113.329906090214,70.0004474701871 -113.338241086745,70.00044747126 -113.346571084268,70.0004474724782 -113.354907081733,70.0004474737602 -113.363239078267,70.0004484751786 -113.371574074791,70.0004464759007 -113.379907070903,70.0004474778053 -113.388239067946,70.0004474784739 -113.396571064968,70.0004464801048 -113.404904061651,70.0004464812596 -113.413242060077,70.0004464829764 -113.421575056223,70.000445483934 -113.429904053894,70.0004474854107 -113.438237049565,70.0004464867943 -113.446572046757,70.0004464883414 -113.454907044808,70.0004464888589 -113.463241042292,70.0004454900872 -113.471572038319,70.0004464919342 -113.479907034951,70.0004454932765 -113.488238031842,70.0004464938196 -113.496574028846,70.0004454959241 -113.504905027439,70.0004454963812 -113.513238022902,70.0004464982876 -113.521574021211,70.0004444988861 -113.529906018008,70.0004455006402 -113.538239015195,70.000444501784 -113.546573010594,70.0004465031122 -113.554905009176,70.0004455043202 -113.563239006222,70.0004455055065 -113.571573004158,70.0004455068497 -113.579907999247,70.000445507972 -113.588241997808,70.0004445097468 -113.596570994444,70.0004435104699 -113.604905992435,70.000444512182 -113.613236989455,70.0004445131904 -113.621571985044,70.000443514674 -113.629904982445,70.0004455158469 -113.638239980201,70.0004435174813 -113.646571976424,70.0004445186849 -113.654903973625,70.0004445201428 -113.663240970086,70.0004435207019 -113.671572966517,70.0004425227645 -113.679906963289,70.0004435235147 -113.688239960747,70.0004435246587 -113.696573957921,70.0004435259269 -113.7049079556,70.0004435275888 -113.713235953002,70.0004425285326 -113.721570949574,70.0004435295788 -113.729905945694,70.0004435314834 -113.738241944083,70.0004425323323 -113.746571941833,70.0004425335683 -113.75490793791,70.0004435349695 -113.763237933805,70.0004425362497 -113.771569931345,70.000442537329 -113.779906928317,70.0004415387962 -113.788239925497,70.0004425401247 -113.796570922075,70.0004425414068 -113.804904920192,70.0004425423115 -113.813237917986,70.0004425439476 -113.821570914933,70.0004425454392 -113.829903912204,70.0004415466204 -113.838238907611,70.000442548395 -113.846571905935,70.0004405487947 -113.852129902586,70.0004405501746 -113.860459901763,70.0004405516314 -113.868795897452,70.0004415523868 -113.877129894942,70.0004405538913 -113.885461890721,70.0004415549594 -113.89379288823,70.0004415560812 -113.902128887035,70.0004405577134 -113.910459882674,70.0004405589172 -113.918792880201,70.000441560124 -113.927130876532,70.0004415612587 -113.935461874228,70.0004395630725 -113.943795871927,70.0004415638266 -113.952128868114,70.0004405656776 -113.960462864698,70.0004405671673 -113.968795861962,70.0004395678224 -113.977129858814,70.0004395691342 -113.985460855332,70.000440570394 -113.993794853726,70.0004405716144 -114.001939851735,70.0004385728211 -114.007681849171,70.0004395735648 -114.016017844593,70.0004395749721 -114.024348843027,70.0004395762962 -114.032685839497,70.0004405781068 -114.041016837692,70.0004395788215 -114.049348834799,70.000439580475 -114.057681830546,70.0004395820474 -114.066013827911,70.0004395831621 -114.074352826447,70.0004395844807 -114.082686821866,70.0004405860029 -114.091013818247,70.0004395867188 -114.099349816121,70.000440588222 -114.107682814315,70.0004405896263 -114.116016811208,70.0004395902894 -114.124352807962,70.0004395917362 -114.132682804264,70.0004405930137 -114.141018800255,70.0004395943675 -114.149348798582,70.000439595828 -114.157685795798,70.0004395968444 -114.166017793512,70.0004405986803 -114.174349790074,70.000440599567 -114.182681786538,70.0004406008808 -114.191018784297,70.000439601764 -114.199351780873,70.000440603229 -114.207683777938,70.000439604806 -114.216017774651,70.0004396060123 -114.224352773321,70.0004406068558 -114.232681770537,70.0004406088473 -114.241016765432,70.0004406100167 -114.24934976419,70.0004396111449 -114.257684760793,70.000439612735 -114.266016758945,70.0004406134999 -114.27435175566,70.0004396147956 -114.282683752395,70.0004406167754 -114.291015750074,70.0004416174579 -114.299351747386,70.000440619102 -114.307683742618,70.0004406199528 -114.316015741645,70.0004396217044 -114.324348738992,70.0004406230086 -114.332681733926,70.0004406238955 -114.341014731303,70.000440625122 -114.349348728391,70.0004406268792 -114.357682724951,70.0004406282738 -114.366016723169,70.0004396295332 -114.374350719425,70.0004396310647 -114.382680716225,70.0004396322872 -114.391017713611,70.0004406328387 -114.39935171155,70.0004396344148 -114.404904708576,70.0004396357364 -114.413240706127,70.000439636698 -114.42157170447,70.0004396375553 -114.429904700724,70.0004416391263 -114.438240697955,70.000440640163 -114.446573694672,70.000440641506 -114.454906692418,70.0004406425733 -114.463239689536,70.0004406444739 -114.471572684708,70.0004406454855 -114.479907682788,70.0004406473365 -114.488240680824,70.0004396485494 -114.496570678626,70.0004406496556 -114.504904674793,70.0004396509402 -114.513240671835,70.0004406523085 -114.521570669642,70.0004406534088 -114.529906664385,70.0004406544412 -114.538237662131,70.00044065557 -114.546573659747,70.0004396574472 -114.554906657328,70.0004416580522 -114.563237654851,70.0004406599062 -114.568794653197,70.0004406603037 -114.577126649026,70.0004406616334 -114.585459646565,70.0004406634607 -114.593793642486,70.0004416647032 -114.602126641126,70.0004406659128 -114.610460639145,70.0004406673115 -114.618795636163,70.0004406682501 -114.627129631567,70.0004406698768 -114.635458628613,70.000440670857 -114.64379462593,70.0004406721312 -114.652130622407,70.0004406733678 -114.660461621886,70.0004416752035 -114.668792616957,70.0004416760562 -114.677128613636,70.0004406774545 -114.685460611212,70.0004406785498 -114.693793608915,70.0004416799887 -114.702125606653,70.0004416816592 -114.710463603645,70.0004406829607 -114.718797600604,70.0004416840295 -114.727129597625,70.0004406852613 -114.735459596056,70.0004416866941 -114.743793593162,70.0004406881115 -114.752127588826,70.0004406892159 -114.760462586132,70.0004416903952 -114.768793582559,70.0004416921633 -114.777127580573,70.0004406924902 -114.785458578359,70.0004406940597 -114.793795574231,70.0004416955425 -114.802126570648,70.0004406966242 -114.810458567822,70.0004416986966 -114.818795565816,70.0004406994599 -114.827128563523,70.0004407009551 -114.835460560752,70.0004407018153 -114.84379455645,70.0004417034545 -114.852128554059,70.0004417045647 -114.860462551658,70.0004417060632 -114.868796548642,70.0004417070901 -114.877125546725,70.0004417085919 -114.885460542947,70.0004417097423 -114.89379454057,70.0004407111899 -114.902125537037,70.0004407127671 -114.910462533321,70.000441713957 -114.918792531064,70.0004417150345 -114.927129528427,70.0004417158666 -114.93546052611,70.0004407177828 -114.941016524556,70.0004407185746 -114.949350520288,70.0004417202222 -114.957682518044,70.0004417209976 -114.966016514123,70.0004427220434 -114.974348511519,70.0004407234852 -114.982682510509,70.0004407250811 -114.991016505819,70.0004407267151 -114.999351503904,70.0004417275871 -115.007680501449,70.0004407285706 -115.016016496912,70.0004417303812 -115.02435149452,70.0004407311444 -115.032681492207,70.0004407326102 -115.041018490607,70.0004417341984 -115.049349486454,70.0004407350516 -115.057681482381,70.0004417364324 -115.066018481868,70.0004407382552 -115.074350479199,70.0004407393693 -115.082684474374,70.0004417403079 -115.091016473283,70.0004407421441 -115.096572469711,70.0004417432274 -115.104906466467,70.0004417443696 -115.113239465187,70.0004407454099 -115.121573461654,70.0004397461984 -115.129903458889,70.0004407477817 -115.138239454975,70.0004417489364 -115.14657445334,70.0004407506271 -115.154904449656,70.0004407515583 -115.163239447451,70.0004397531155 -115.171571443935,70.0004407544062 -115.179908442165,70.0004407557158 -115.188240439018,70.0004407567394 -115.196572435488,70.0004407579767 -115.204904432148,70.0004397598085 -115.213238429463,70.0004407610992 -115.221571428166,70.0004407617346 -115.229905426091,70.0004407635299 -115.238239422506,70.000439764888 -115.246572420285,70.0004387661982 -115.254907415561,70.000439767222 -115.263238414341,70.0004397688323 -115.271573409714,70.0004397703176 -115.27990340755,70.0004387711045 -115.288240405244,70.0004397729342 -115.296570401384,70.0004387735922 -115.304907398395,70.0004387756666 -115.31323939552,70.0004387770143 -115.321572394815,70.0004397781514 -115.329904389821,70.0004387794062 -115.338238388846,70.0004387805742 -115.346571384134,70.0004397822706 -115.354905383238,70.000438782826 -115.363239379639,70.0004377847984 -115.371574376663,70.0004387859246 -115.379904374091,70.0004397865153 -115.388239370147,70.000439788147 -115.39657436848,70.0004387893345 -115.404905366131,70.0004387911569 -115.413241363234,70.0004387917044 -115.421572359772,70.0004377931745 -115.429904356767,70.0004377947365 -115.438237352958,70.0004387965212 -115.446574350051,70.0004377976029 -115.454907348596,70.0004387991282 -115.46323934568,70.0004378001653 -115.471573342309,70.0004378010291 -115.479908338909,70.0004388028442 -115.488237337831,70.0004378036982 -115.496572334853,70.0004388047443 -115.50490533199,70.0004368062764 -115.513237329824,70.0004388080206 -115.521572325204,70.0004378088674 -115.529903322666,70.0004378106378 -115.538239319624,70.0004378118354 -115.546571318209,70.000437813298 -115.554908314819,70.0004378147871 -115.563240310542,70.000436815725 -115.57157330781,70.0004378170389 -115.579905305911,70.000436818281 -115.588239303858,70.0004368197794 -115.596572299719,70.0004368212592 -115.602127298698,70.0004368220928 -115.610460294707,70.0004368236101 -115.618796293353,70.0004368242617 -115.627126291201,70.000436825751 -115.635461287397,70.000436827323 -115.643791283867,70.0004368281019 -115.652128280172,70.0004368296354 -115.66045927968,70.0004368307195 -115.668795275253,70.0004358323235 -115.677127272188,70.0004358332102 -115.685461270672,70.0004378347186 -115.693793267146,70.0004368358051 -115.702126265503,70.0004368370538 -115.710460261549,70.0004368388693 -115.71879425981,70.0004368403873 -115.727127256135,70.0004358417161 -115.735462252734,70.000436842732 -115.743796251528,70.000435843892 -115.752126247164,70.0004358451488 -115.76046124624,70.000435846663 -115.768794241853,70.0004368478339 -115.777129239071,70.0004358492017 -115.785461237484,70.0004358500104 -115.793793235088,70.0004358520808 -115.802130231021,70.0004358528259 -115.810462228488,70.0004348547013 -115.81879522607,70.0004358557376 -115.827129221619,70.0004358573329 -115.835463221254,70.0004358586285 -115.843796216217,70.0004358600118 -115.852125215591,70.0004348612227 -115.860460211554,70.0004358620224 -115.868796207581,70.0004358635812 -115.877126206585,70.00043586442 -115.88546120344,70.0004348659622 -115.89379220009,70.0004348673045 -115.902129196168,70.000434868872 -115.9104611949,70.0004358700819 -115.91879319339,70.0004358717633 -115.927125189883,70.0004348730608 -115.935462187491,70.0004338741112 -115.943796183536,70.0004348755989 -115.952130180895,70.0004348771177 -115.960459179114,70.0004348781933 -115.968792175493,70.0004338795765 -115.977128171359,70.0004348807794 -115.985462170451,70.0004338814882 -115.993792166322,70.0004338832558 -116.002128163071,70.0004338850487 -116.010458161024,70.0004338860032 -116.018795157298,70.0004338873542 -116.027127155146,70.0004348884943 -116.035458153171,70.0004328898054 -116.043795150172,70.0004328912302 -116.052129148037,70.0004338922834 -116.060461143672,70.0004328937959 -116.068795142237,70.0004328951983 -116.077129137981,70.0004328965151 -116.085463136821,70.0004328980628 -116.09379213302,70.0004328994831 -116.102128130446,70.000432900063 -116.110461129002,70.0004319015017 -116.118792124816,70.0004319028879 -116.127128121984,70.0004319042094 -116.135460118807,70.0004329053586 -116.143796115382,70.0004319067694 -116.152128114376,70.0004319080843 -116.160461111561,70.0004319093746 -116.168793107719,70.0004319108236 -116.177125106352,70.0004309125227 -116.18268210455,70.0004319128103 -116.191014101668,70.0004309144661 -116.199348099613,70.0004309157317 -116.20768309401,70.0004309168249 -116.216018093597,70.0004309180595 -116.224348090269,70.0004309199129 -116.232683086574,70.0004309212931 -116.241019085648,70.000430922553 -116.249350080625,70.000430923287 -116.25768107908,70.0004299249401 -116.266018075979,70.0004299263236 -116.27434907308,70.0004289272136 -116.28268206935,70.0004289286012 -116.291014069051,70.0004289305112 -116.29934906605,70.0004299312411 -116.307681062346,70.0004289327773 -116.316016060292,70.0004289343094 -116.324350055623,70.0004289352001 -116.332684054804,70.0004279364762 -116.341014050583,70.0004279379904 -116.349349048544,70.0004279396852 -116.357685045359,70.0004279403425 -116.366017044315,70.0004289421659 -116.374348039554,70.0004279433731 -116.382684037568,70.0004269446607 -116.39101603442,70.0004279457306 -116.399349031945,70.0004279471295 -116.407682029456,70.000427948803 -116.416015026286,70.0004279498977 -116.424348024368,70.000426951463 -116.432682021933,70.0004269524317 -116.44101701879,70.0004269539972 -116.449351015036,70.0004269555725 -116.457681011993,70.0004269565949 -116.466015010789,70.0004259577876 -116.474352006637,70.0004259588255 -116.48268300436,70.0004259603137 -116.491014002604,70.0004259613962 -116.49934999866,70.0004259631807 -116.507683995465,70.000425964276 -116.516014994606,70.0004249656973 -116.524347990061,70.0004249670183 -116.532680987507,70.0004249686132 -116.541013986274,70.0004249696289 -116.549348982352,70.0004249708858 -116.557683980757,70.0004259725967 -116.566017977257,70.0004249736389 -116.574347974536,70.0004259747029 -116.579903972755,70.0004239760223 -116.588239969256,70.0004249774297 -116.596571966168,70.0004249789397 -116.604906965077,70.0004229799282 -116.613237962314,70.0004229813596 -116.621571959037,70.0004249820561 -116.629902955051,70.0004239835961 -116.63824095215,70.0004239850359 -116.646574950578,70.0004239869455 -116.654907946781,70.0004239877381 -116.663236943772,70.0004239889282 -116.671569943287,70.0004229900853 -116.679904940165,70.0004229921621 -116.68823993742,70.000422992909 -116.696569933119,70.0004229940642 -116.704904931596,70.0004219960011 -116.713236927685,70.0004229968764 -116.721571924819,70.0004209982118 -116.729903923174,70.0004219996516 -116.738235919934,70.0004210007666 -116.746569918128,70.0004220025258 -116.754906915551,70.0004210032526 -116.763239911298,70.0004210050146 -116.771573909147,70.0004210060155 -116.779902907644,70.0004210076962 -116.788236903468,70.0004210089652 -116.796571902606,70.0004210101081 -116.802124900785,70.00042101137 -116.810459896946,70.0004200127608 -116.818794893101,70.000420013709 -116.827127890527,70.0004210148527 -116.835462889162,70.0004200165813 -116.843794885638,70.0004200180856 -116.852127881952,70.0004210188114 -116.860459879784,70.0004200206341 -116.868791877329,70.0004200217013 -116.877125874939,70.0004210228376 -116.885457873114,70.0004190241427 -116.893791869182,70.0004190256601 -116.902125867374,70.0004190270633 -116.91046186516,70.0004200282952 -116.918795862093,70.0004180295894 -116.927126859088,70.0004190309768 -116.935462855462,70.0004190324523 -116.943793852706,70.000419033306 -116.95212485032,70.00041803512 -116.960461848034,70.0004180364187 -116.968794846551,70.000419037626 -116.977127842162,70.0004190390497 -116.985459840962,70.0004180405641 -116.993792837465,70.0004180416843 -117.002126833934,70.0004180433851 -117.010459832061,70.0004170443685 -117.018793830223,70.000417045592 -117.027129825901,70.0004180474059 -117.035459823394,70.0004170484986 -117.043793821103,70.0004160491373 -117.052125818053,70.0004160512455 -117.060461816227,70.0004160523795 -117.068792812324,70.0004160538706 -117.07712581062,70.0004170545593 -117.085461806189,70.0004150559533 -117.093794803791,70.0004150575508 -117.102127800929,70.000415058831 -117.110460798562,70.0004150606444 -117.118795795931,70.0004150613029 -117.120292805106,69.9944050611886 -117.122313813708,69.9863190623291 -117.123656820537,69.9809290623017 -117.125675831809,69.972844061913 -117.127024839003,69.9674550620677 -117.129041848299,69.9593700630676 -117.131061858453,69.9512840630069 -117.13240686677,69.9458940630463 -117.134424875652,69.9378080636634 -117.135768884403,69.9324190639433 -117.137790892675,69.9243330637585 -117.139132901005,69.9189440643301 -117.140478907265,69.9135530645855 -117.142496916587,69.9054680641815 -117.144515928242,69.8973830647666 -117.14653293792,69.8892990645425 -117.121641962229,69.8772250608657 -117.091771991437,69.8627130556513 -117.067516015847,69.8509100519806 -117.037671045011,69.8363650474091 -117.033808047218,69.8344820470516 -117.003883077707,69.8198680414314 -117.000726081285,69.8183240411868 -116.982797097503,69.8095570380794 -116.963277117328,69.7999990348319 -116.93488914479,69.7860820299287 -116.916059162693,69.7768380277383 -116.892916183537,69.7654610234631 -116.872941204735,69.7556290198825 -116.846008230946,69.7423560157292 -116.833054243058,69.7359660135333 -116.810433265916,69.7247910098904 -116.788159288395,69.7137750068703 -116.773317301667,69.7064290044067 -116.745120328361,69.6924480000062 -116.718337355513,69.6791519955116 -116.6946183788,69.667354991256 -116.686026385893,69.6630789897652 -116.66131041027,69.6507669864838 -116.651278420036,69.645763984503 -116.634795436917,69.6375389818554 -116.633000438472,69.6366409816226 -116.628110445521,69.6321429811008 -116.641355440427,69.6318999826899 -116.646177439105,69.6323559836939 -116.65323143646,69.633715984664 -116.659005430361,69.6350709852966 -116.662536429333,69.6355289860254 -116.666068429492,69.635868986817 -116.668647426893,69.6357629871926 -116.673807425694,69.6352119878009 -116.680255424927,69.634325989054 -116.683796425055,69.6344469895023 -116.687312421454,69.6360199897852 -116.689508415544,69.6398359900137 -116.691115413989,69.6402879909031 -116.693046412785,69.6404029911984 -116.69851541243,69.6405249920104 -116.704320409919,69.6398629925651 -116.713332407366,69.6399879944259 -116.720395404063,69.6412329950467 -116.72329040197,69.6415749958071 -116.729729401952,69.641471996985 -116.734246399467,69.6410319973944 -116.736829400133,69.6403619975405 -116.738775400158,69.6391299979595 -116.741710403695,69.6357729988369 -116.746230403647,69.6348829994879 -116.750728401713,69.6351150003849 -116.754899399443,69.6365770010148 -116.756493395731,69.6378120013903 -116.757443394083,69.6391580010351 -116.759688391753,69.6402830015195 -116.764503389556,69.6414100025762 -116.766754387493,69.6417480023715 -116.770618386165,69.6417540031844 -116.774806386093,69.6413120043474 -116.781596387077,69.6384040051739 -116.787073387336,69.6377400053673 -116.789966386323,69.63819100658 -116.792857384764,69.6389790068898 -116.794779381575,69.6399920074926 -116.796043378041,69.6424590073217 -116.798284374109,69.6440300073489 -116.801171372911,69.6450440084507 -116.805997370683,69.6457200089105 -116.808895368787,69.6457220091626 -116.811807370126,69.6442700093392 -116.813103373086,69.6429270101499 -116.816981372116,69.6413600107565 -116.821482369264,69.6421510112858 -116.825653366067,69.6440600123012 -116.829019363071,69.6451390125584 -116.823920361564,69.6487390115531 -116.834955350558,69.6535210133692 -116.852189348024,69.6504300162748 -116.858951338369,69.6570070172422 -116.865739333837,69.6596350184214 -116.884160328711,69.6581290216284 -116.895230321901,69.6600650231833 -116.903513313918,69.6641780243881 -116.91852030878,69.6650400266662 -116.942090292239,69.6723800302783 -116.961817286205,69.6719300341752 -116.968876280365,69.6736070349487 -116.979128275088,69.6762320362676 -116.986843261695,69.6849820375585 -116.997293256011,69.6855550395322 -117.020747255,69.6803520433556 -117.027200251384,69.6815650441513 -117.027606247356,69.6843050443084 -117.008214250613,69.6881880415947 -116.999966247614,69.6922000402156 -116.999690243788,69.6951600394799 -117.004178239937,69.6963500406215 -117.030484233208,69.6959610451266 -117.03987522338,69.7010810459996 -117.061427214067,69.7024620495681 -117.094738191095,69.7121740548246 -117.132547174559,69.715767061364 -117.142133165863,69.7190640624192 -117.14636414825,69.7309580635031 -117.153410142598,69.7333080646854 -117.164569138908,69.7337880660762 -117.174381136139,69.7342160680327 -117.189374118187,69.7437140700725 -117.22203409429,69.7547620754851 -117.222902084444,69.7602390759254 -117.205806091364,69.759835073232 -117.196988091326,69.7629400721273 -117.226291075147,69.7671140769453 -117.239025064377,69.7724770781906 -117.240724058901,69.7759180787139 -117.233011055128,69.7815410775789 -117.235555051755,69.7827000785295 -117.250204048869,69.7810210802417 -117.259259044755,69.7831660817129 -117.264744035691,69.788690082615 -117.246341030605,69.7960290797412 -117.237192022767,69.8030020783877 -117.242075015832,69.8078400798595 -117.283817982192,69.8226090861381 -117.299433961704,69.833924088533 -117.304768951522,69.8417280899828 -117.291791936141,69.8552790879966 -117.305439917485,69.8668070904513 -117.3349038318,69.9222340952876 -117.363337786287,69.9496171005124 -117.381297769541,69.9582151026843 -117.392686742877,69.974725105288 -117.399490730258,69.9816211060148 -117.383305733225,69.9844441032156 -117.385113728579,69.9869621040955 -117.393840726727,69.9859011054679 -117.404422723515,69.9869081065145 -117.400960722406,69.9887021061439 -117.386865724385,69.9901661043162 -117.372400719449,69.9964231018013 -117.37477371447,70.0003141019146 -117.377476702188,70.008545103263 -117.364773693831,70.0177691009628 -117.364449664647,70.0394141007689 -117.332413674573,70.039345095692 -117.326738671639,70.043625094992 -117.311055657277,70.0562370923899 -117.277688658155,70.0641260876098 -117.229639663096,70.0714030797999 -117.215251663012,70.0755840776445 -117.202647658161,70.082299075988 -117.187869660618,70.083062073769 -117.163295661276,70.0887380694866 -117.134472669878,70.089349065099 -117.12192166711,70.0951460630225 -117.103379665448,70.1004190600794 -117.087834668701,70.1020740574797 -117.060366675863,70.1022340531911 -117.043434678301,70.1043320505115 -117.018175679056,70.1095280466111 -116.980839675623,70.1218720410779 -116.967962677758,70.1233220383133 -116.954197677328,70.1270370363733 -116.941277678393,70.1289450346316 -116.855618699757,70.1340940209533 -116.831499707164,70.1338050174004 -116.782084716631,70.1382230091699 -116.770691712259,70.1444630072854 -116.755520713446,70.1483770053245 -116.733155716566,70.1503760012071 -116.706326725405,70.1502609969869 -116.675694730381,70.1541979926833 -116.644779741468,70.1544809872928 -116.624979743118,70.1574169849313 -116.594142745786,70.1629329796585 -116.572551751586,70.1637809762664 -116.531917754511,70.1723479692711 -116.477119767863,70.1754689610392 -116.444618766824,70.1829919560256 -116.430248770622,70.1850669535241 -116.397302781582,70.1850519481076 -116.350720788208,70.1918949415034 -116.335832790514,70.1925889392762 -116.31536380281,70.1895529359033 -116.296974805763,70.1913219325568 -116.244401822788,70.1921319239746 -116.223995827059,70.1938709210696 -116.162892827373,70.2079699116213 -116.144037825953,70.2129139084924 -116.117204829756,70.2170499049012 -116.076663843804,70.2179958979985 -116.036464852559,70.2212218920148 -115.965588862525,70.2314448801962 -115.878006891512,70.2311028671596 -115.843812904675,70.2298208617799 -115.810418912934,70.2322018559988 -115.772855915112,70.2397458508724 -115.751245925153,70.2388238471385 -115.685223940983,70.2436368362994 -115.629680950251,70.2492298276913 -115.598252954265,70.2557138226285 -115.525530979636,70.2545708116532 -115.497928984209,70.2581418069738 -115.472718990374,70.2594838032769 -115.444456002157,70.2589267988175 -115.439382006361,70.2570047981003 -115.423311006406,70.260109795573 -115.394374016898,70.2595367909689 -115.384683014799,70.2648247891043 -115.357603021989,70.2651907856103 -115.278570039983,70.2727127729325 -115.210727066369,70.2704017619117 -115.188982068891,70.2747427589165 -115.171391073247,70.2748257566117 -115.157309070678,70.2816017541756 -115.149133071724,70.2818847528256 -115.140126077639,70.2794107511852 -115.099957080131,70.2881397454287 -115.091916084865,70.2877357438983 -115.085104090666,70.284394742901 -115.066412099465,70.2830807396075 -115.051922103335,70.2845917377941 -115.039739100034,70.2882077358607 -115.015980109791,70.2885967321865 -114.999970110924,70.2912147290997 -114.995030111551,70.2920227292419 -114.984211116103,70.2920087273817 -114.958262132754,70.2861867229838 -114.940389140018,70.2841877202924 -114.909728150123,70.2853327156412 -114.864640157591,70.2909317088661 -114.835629169047,70.2904977035651 -114.727994192515,70.3005526873654 -114.67351820867,70.3020086784004 -114.593867225399,70.3103716662461 -114.564684228189,70.3169706619621 -114.545123231703,70.3196876590825 -114.535685235984,70.3194586576191 -114.46427425374,70.3236326463941 -114.418560273413,70.3218006393692 -114.345555295857,70.3238386282343 -114.276767321331,70.3220606171833 -114.19239535564,70.3203116039445 -114.174303367732,70.3164056010713 -114.121850387424,70.3145525933013 -114.085722410367,70.3067325878657 -114.086085421408,70.2994305878264 -114.077349429411,70.2962185856876 -114.045179446244,70.2919235812252 -114.030508457342,70.288094579036 -113.997880468629,70.2885665738155 -113.991800473905,70.2856595727181 -113.986296478778,70.283225572501 -113.958990491214,70.2813265680731 -113.94285749216,70.2836235650798 -113.934610500192,70.2813355643084 -113.88942952145,70.2777855573617 -113.861127530895,70.2772135526349 -113.855409531806,70.2784275520039 -113.799381552214,70.2777405430454 -113.777979565741,70.2739335398726 -113.778308560729,70.278054539526 -113.772031561239,70.2787855387607 -113.739699574473,70.2780845338277 -113.729251571903,70.2818985323268 -113.691502590667,70.2785105268791 -113.682306601867,70.2720725250936 -113.634008625354,70.2676775179229 -113.623693630001,70.2682875159064 -113.610074625654,70.2738275142997 -113.599757627952,70.2744375125248 -113.57726164101,70.2723925092095 -113.572972643663,70.2706685083477 -113.564295647159,70.2701795073488 -113.536228652126,70.2739115030232 -113.497774659808,70.2784654966151 -113.460835669637,70.2823794914599 -113.39777569245,70.2825004813429 -113.3561567079,70.2809824754577 -113.311186719315,70.2843864684662 -113.297801724949,70.2837374664226 -113.28310273997,70.2780154642052 -113.26777274643,70.2770764614363 -113.249301747523,70.2801524592218 -113.237248759212,70.2747344572893 -113.211550773585,70.2720954527982 -113.20789978603,70.2632834523346 -113.200895790911,70.2616874511169 -113.17122880155,70.2611924467299 -113.180956794239,70.265167447913 -113.175082793965,70.2668074467902 -113.156094799632,70.2668834442236 -113.105839830442,70.2577134366997 -113.024832876373,70.2461784244288 -113.021638882917,70.241912423416 -113.015719888205,70.2389744232145 -113.001494896167,70.2366714205154 -112.996457900486,70.2353594199318 -112.987413903552,70.2362064185247 -112.978077908726,70.2333754172383 -112.957501919769,70.2320094135666 -112.946997922422,70.2332614122932 -112.954855913585,70.2364964131403 -112.948879915394,70.2363504127886 -112.928645923867,70.235847410005 -112.922697925201,70.2377094086299 -112.927736918412,70.2413114093746 -112.949399905362,70.2436364124584 -112.990762879637,70.2527924186693 -112.991320874837,70.2555534193665 -112.968708885917,70.2541194158289 -112.962636881537,70.2587284148834 -112.950352887921,70.2567134127274 -112.916624917387,70.2445974077795 -112.889126935531,70.2390974036309 -112.865134945983,70.2378313995927 -112.848178947997,70.2402343972036 -112.802205967191,70.2377543903228 -112.794766972961,70.2354363890741 -112.793171981905,70.2294303886527 -112.78474099132,70.2259363879533 -112.754620008159,70.2203203826343 -112.712513025784,70.2186363764726 -112.683043034385,70.2199023719075 -112.664442044396,70.2187953690572 -112.665366053523,70.2112723698031 -112.661373057249,70.2088403692885 -112.649383061081,70.2104803664815 -112.630644069274,70.2098223639887 -112.607741081953,70.2051233607126 -112.582142096651,70.2026143567736 -112.56888409789,70.2039793548677 -112.522908121526,70.1995923472961 -112.526823116376,70.2022463479659 -112.498458121944,70.2064973437958 -112.488561120371,70.2100373428883 -112.493100111932,70.2150113435473 -112.50782510038,70.2198943451733 -112.56910606408,70.2296373548398 -112.57013305924,70.2328803553417 -112.56389406125,70.2333443539756 -112.546968070671,70.2311393515104 -112.550975059264,70.2379223522664 -112.54075106063,70.2403023505176 -112.53405606366,70.2400653500119 -112.521308079826,70.2320633472434 -112.515225076951,70.2352743468488 -112.52266906837,70.2396623480642 -112.544895050025,70.2466363510641 -112.532764056267,70.246437349399 -112.506877071017,70.2425303454867 -112.481883091183,70.2336203415788 -112.456984106678,70.2288293379712 -112.435490115848,70.2282803348575 -112.48128408536,70.237716341498 -112.495490075745,70.2421253439425 -112.496402073146,70.2435303436191 -112.487342074471,70.2443543425479 -112.473766083235,70.2422563404351 -112.446958103411,70.2348793363633 -112.426244114189,70.2318423333087 -112.404964123186,70.2306063299216 -112.413929114628,70.2343663312256 -112.46594107998,70.245644338948 -112.471853074636,70.2483743403467 -112.458842080631,70.2488263380011 -112.382251129694,70.2322073262386 -112.377680133848,70.2312163261868 -112.33723314941,70.2306513197431 -112.331718141216,70.2373193185829 -112.32428514437,70.2372743175633 -112.317911156188,70.2317733169345 -112.301311164238,70.2286383147231 -112.293506165739,70.2297203133249 -112.2980831578,70.2344743134358 -112.312026145107,70.2395703156114 -112.32534313689,70.2428873181534 -112.366016108234,70.2530143240576 -112.373366098936,70.2576293255165 -112.371303098107,70.2598493250097 -112.352079108209,70.2584533223673 -112.345389117878,70.251801321312 -112.33674812205,70.2518303198387 -112.326781115475,70.2591333182158 -112.320599117056,70.25936031742 -112.308646129217,70.2543413154574 -112.30440713031,70.2548683151084 -112.303260122546,70.2605593148932 -112.298800123255,70.2617633139577 -112.268192135007,70.2599493097141 -112.259344135161,70.2621373081023 -112.274337124824,70.266129310624 -112.279352115644,70.2715833113646 -112.276309117219,70.2726213108534 -112.258132124093,70.2721773075146 -112.251522120913,70.2758263072454 -112.219982141105,70.2705223021359 -112.177909148711,70.2767402958812 -112.174190143836,70.2798082947959 -112.164281146705,70.281043293503 -112.154218151265,70.2806612917336 -112.141244160777,70.2767332897895 -112.115024171749,70.2759712862431 -112.097896183993,70.2723392837809 -112.092177185297,70.2720562828415 -112.079195190363,70.2714002811588 -112.082991186407,70.2742992809058 -112.099150172962,70.2788092840137 -112.128728156508,70.2838202879195 -112.161901138501,70.288283293511 -112.248709096105,70.2949673068126 -112.258198087066,70.299217308277 -112.271855083484,70.2990333099536 -112.275794083114,70.2973483105686 -112.266896092138,70.2933503092778 -112.277036088416,70.2934953110068 -112.292060077463,70.2974853128164 -112.28052307553,70.3016433114293 -112.247027088676,70.3022383063385 -112.188329113203,70.2989882970304 -112.183614115914,70.298720296997 -112.147512134651,70.294845291037 -112.146091136904,70.2929612910239 -112.161754132754,70.2928622930976 -112.158839136081,70.2913752929245 -112.132228146876,70.2896882885392 -112.10897616483,70.2839972856176 -112.082224176841,70.2806852810576 -112.056439186071,70.2806162771739 -112.006366222368,70.2679202701382 -111.985514232382,70.2673492669753 -111.96888723362,70.2703702644799 -111.968409229646,70.2737882638261 -111.962958227801,70.2758712636655 -111.92425424757,70.2718502571756 -111.913806259081,70.2666252561866 -111.902646264081,70.2655022542619 -111.884868273266,70.2638862513208 -111.873738274753,70.2666622496768 -111.876699263413,70.2738872506934 -111.871955260183,70.2778252496236 -111.853055262991,70.2814402469349 -111.832112272512,70.281073243736 -111.815031283185,70.2774192408253 -111.804234287476,70.2772212397807 -111.790763287025,70.2808152369491 -111.772107297665,70.2777782343959 -111.754877302963,70.2784642318193 -111.716562321936,70.2753292263337 -111.69255632557,70.2798682223628 -111.682074330878,70.2787562212081 -111.682125338449,70.2727972206711 -111.676069343594,70.2707142204281 -111.659268349014,70.2721022171758 -111.642446354094,70.2716512152147 -111.62430736057,70.2729792119849 -111.604726351848,70.2841102098102 -111.598216353825,70.2852252088573 -111.564152374323,70.2797002032305 -111.55269238592,70.2737282015086 -111.530832396678,70.2721401987614 -111.503809408444,70.2717131940608 -111.49386440974,70.272910192965 -111.487887403644,70.2781671920896 -111.500340392269,70.2851101940452 -111.496502390124,70.286323193067 -111.418691427613,70.2814871815414 -111.412261426517,70.2842031803684 -111.407330423554,70.2865211798758 -111.416735415852,70.2905801809807 -111.436770403956,70.2934881847022 -111.464252391882,70.294623188723 -111.535755368381,70.2925331986702 -111.549450357489,70.2960732014335 -111.521563363178,70.2997581966124 -111.516413363662,70.3009111959803 -111.518361361844,70.3030551966817 -111.570302334992,70.3081742040639 -111.575633327156,70.3122862051361 -111.587414318398,70.3155202064354 -111.585265316991,70.317726206364 -111.529830337608,70.3166051985606 -111.523337333979,70.3213881976547 -111.493054347976,70.3203731927432 -111.484540343607,70.3250651913728 -111.472552347237,70.3261791898454 -111.466380345877,70.3300471887156 -111.466564327656,70.3426821890205 -111.497745308993,70.34694619332 -111.503345302549,70.3522261943022 -111.512178294451,70.3541941955357 -111.55425028005,70.3529342023165 -111.581892260949,70.3595732065948 -111.594967259432,70.3573522080014 -111.602014257629,70.3567192093559 -111.61848024341,70.3622052117431 -111.634925241545,70.3601152139632 -111.648883235293,70.3611382165291 -111.659634225507,70.3654702181048 -111.666958219982,70.3659982191627 -111.685614220263,70.3614642221952 -111.709715211905,70.3608312249055 -111.688917228421,70.3540342225488 -111.690822229243,70.3525002224753 -111.707553222047,70.3534022252324 -111.740703194951,70.3638992298062 -111.748107197522,70.3602982315086 -111.81802816878,70.3613582418696 -111.823421169288,70.3614432427251 -111.839603163662,70.3600162447197 -111.856116155847,70.3615792470778 -111.861188152637,70.3626932480752 -111.858671147742,70.3660352476323 -111.862012143238,70.3682322481988 -111.911860117449,70.3740692561665 -111.929316112996,70.3729172587123 -111.994070075024,70.3832022678484 -111.999950064573,70.3880162689986 -111.989453068449,70.3887562672619 -111.986592065195,70.3911662669259 -111.994314050249,70.400635268132 -112.008906039986,70.4039462702286 -112.039341028729,70.4048772751467 -112.047505022377,70.4070202765749 -112.048227017008,70.4109412767618 -112.028012012364,70.4202572736949 -112.036298999394,70.4281382749895 -112.056150981126,70.436226277973 -112.0609319708,70.4423672786697 -112.053401967618,70.446433277166 -112.044324953719,70.4591522760971 -112.065504941317,70.4633942794585 -112.079320927451,70.4691842816268 -112.073528912279,70.4815822807739 -112.082560894654,70.4922252823713 -112.088047889392,70.4942632824928 -112.11125088489,70.4905542861263 -112.116293881236,70.4918892868314 -112.116733876435,70.4967192869958 -112.159741840658,70.5097812934667 -112.176922837343,70.5076662965433 -112.231625815221,70.5083153042716 -112.264080808941,70.5056153092291 -112.282171799576,70.5069663119594 -112.285192796425,70.5082243129697 -112.280856793346,70.511963311902 -112.287228789402,70.5131603132442 -112.294176785615,70.5135263139342 -112.289730775656,70.5216753133107 -112.297086766051,70.5265203150799 -112.305082762961,70.5272753161475 -112.316674760946,70.5254053176729 -112.338407751107,70.5261913206466 -112.35046274991,70.5250233230534 -112.361891749856,70.5215453247435 -112.377532757211,70.5113453264994 -112.402395747937,70.5108643303884 -112.409353735106,70.5191263314125 -112.407345733675,70.521118331134 -112.396727734545,70.5221103293562 -112.393184726486,70.5288543290126 -112.401531718187,70.5328223303124 -112.427601704046,70.5372553341403 -112.446756699035,70.5353553375239 -112.465325704097,70.5266263401069 -112.483813703884,70.52246934312 -112.518300687338,70.5241473481051 -112.525194686745,70.5218733490204 -112.531774684971,70.522788350145 -112.536753671058,70.5309833507417 -112.543661665578,70.5330513520542 -112.548230671072,70.5272593530823 -112.578408653557,70.5317533572291 -112.60541663057,70.5420753612376 -112.616720628867,70.5410993634164 -112.625348623459,70.542083364202 -112.632876608933,70.5510403658292 -112.65897958202,70.5622483698019 -112.671365576506,70.5622093713496 -112.7034485722,70.5585013765361 -112.721681562345,70.5595853794328 -112.741877547576,70.5655363824447 -112.755353541578,70.5664513840226 -112.776324533501,70.5653303880631 -112.794567526343,70.5664073905601 -112.805321517628,70.5695113919804 -112.821873512557,70.5693813944885 -112.836848511628,70.5653003971128 -112.839093514723,70.5624013972617 -112.833369534881,70.5494003964506 -112.837042538203,70.5463173966854 -112.844251535963,70.5451813977759 -112.877787519749,70.5479064032614 -112.889369510756,70.552864404869 -112.889036506001,70.5562904045483 -112.877759501482,70.561859403256 -112.88511149605,70.5648494042274 -112.913904486074,70.5628294091135 -112.924945479049,70.5654214104916 -112.903989481889,70.5684514074155 -112.903864477876,70.5711904071625 -112.922284465827,70.5756604096674 -112.95756644897,70.5779954157543 -112.986993438638,70.5784994202505 -112.991419438433,70.5774994201617 -113.005466431419,70.5788734226654 -112.989148430866,70.582916420604 -112.988549429857,70.5849534202297 -113.01814841321,70.5872884246473 -113.044450395315,70.5938574290418 -113.065276384944,70.5956734316768 -113.071201375099,70.6013564330832 -113.062906375639,70.6038354317898 -113.063687372602,70.6059184314052 -113.076230367407,70.6054084338295 -113.085943360203,70.6075444350528 -113.096636347602,70.6141594369441 -113.099980344053,70.6162264377917 -113.123196334045,70.6169664407353 -113.138569339543,70.6089944429927 -113.146333337948,70.6083224449113 -113.146687312697,70.626403444268 -113.152768309124,70.6268234460194 -113.171199308691,70.6226044482737 -113.181086304816,70.6217724497688 -113.18628830191,70.6228484510345 -113.179219297997,70.6283484494922 -113.182439268329,70.6485744499021 -113.193812262344,70.649849451767 -113.201532270268,70.6420824535268 -113.212126269835,70.6387554545722 -113.220202267557,70.6394654555978 -113.226513257765,70.6440054570178 -113.236784258614,70.6418154585374 -113.247730252097,70.6421504606011 -113.251317248677,70.6440964606656 -113.242586247812,70.6481704594308 -113.244923239725,70.6521304598197 -113.270428230975,70.6522294633731 -113.286882234524,70.6451944666917 -113.302480223455,70.6486504688482 -113.308233209873,70.6577444696468 -113.32254220327,70.6584094716061 -113.334059202068,70.6567084736011 -113.346640206651,70.6486284756415 -113.36604219696,70.6508254784844 -113.382336193378,70.6492614809961 -113.387815194147,70.6469114818407 -113.401249188688,70.648231483453 -113.412335168728,70.6581734855121 -113.445842141553,70.6694644910811 -113.452525128998,70.6764594919653 -113.461863124572,70.6771254935827 -113.474194124105,70.6744234954835 -113.482204126747,70.6703184966604 -113.492070118401,70.6747274981001 -113.501841115259,70.6743324994206 -113.507877115031,70.6724545005149 -113.508969121651,70.6683735008356 -113.504996133024,70.6600265000449 -113.514347139396,70.653449501774 -113.561106135932,70.6436235083814 -113.576285130125,70.6436155106374 -113.607296105344,70.6541215158243 -113.667057066593,70.6656795250622 -113.681131056228,70.669967527507 -113.686642038012,70.6806405278101 -113.698877027483,70.6848445298996 -113.701863024397,70.6858755305038 -113.760226986027,70.6980435394272 -113.769487984064,70.6969305415452 -113.811860966861,70.6988065479176 -113.828610940767,70.7118385502165 -113.844286936239,70.7127305529206 -113.856301932841,70.711692554811 -113.867570936406,70.7053835563353 -113.874956933526,70.7062675577615 -113.876673926897,70.7104265573686 -113.899678918218,70.7096935616606 -113.954575893509,70.7141655701052 -113.97799088242,70.7145705731892 -113.988107881903,70.712784575352 -114.000598884751,70.7069555766788 -114.023347882464,70.7043685803207 -114.06047588311,70.6937105862117 -114.072827886443,70.6883325881351 -114.109224880058,70.683358593869 -114.126413880626,70.6778715960276 -114.131547887048,70.6736675972129 -114.148814884971,70.6706915994471 -114.197022865374,70.6710366074571 -114.240327840905,70.6776266137325 -114.272990827692,70.6796106191956 -114.283549819455,70.6817026210573 -114.289517814682,70.6827696215635 -114.296791816044,70.6811296226861 -114.300371820223,70.6775666234026 -114.305224817024,70.6774606245467 -114.307717811379,70.6816336244901 -114.331368799741,70.6838306278422 -114.359942799942,70.6765526323379 -114.37818279404,70.675186635365 -114.390147783477,70.6802756372686 -114.399576782963,70.6782236387504 -114.396297789131,70.6743156381152 -114.418658780155,70.6761866416409 -114.43293177661,70.6740266440372 -114.438547780555,70.6705176447732 -114.431485790263,70.6650926434486 -114.434265798133,70.6587676438488 -114.447847796201,70.65658664608 -114.471584786227,70.65830964993 -114.487428789681,70.652077652551 -114.489263794287,70.6468736526585 -114.495295796952,70.644508653174 -114.489778802289,70.6414026530055 -114.497018802302,70.6397556539003 -114.510570796481,70.6407696553683 -114.54356079351,70.6347196603481 -114.557542790742,70.6336816630369 -114.579364779391,70.6346666663966 -114.594678772095,70.6370856688002 -114.608751773354,70.6323996710553 -114.630946771027,70.6283576742578 -114.658634758105,70.630835679003 -114.65925876189,70.6278846791448 -114.652301768803,70.6249766780823 -114.656693766795,70.6237106783475 -114.680607759352,70.6245046822804 -114.691835746332,70.6300136839858 -114.698725744943,70.6299436849616 -114.706147746146,70.6273816861629 -114.722910740803,70.6261666891829 -114.741548749857,70.6158756915894 -114.754787745741,70.6150366932102 -114.75905773978,70.6176456941351 -114.747034737431,70.6226206923078 -114.749391732812,70.6244966930966 -114.765705730401,70.6221316954429 -114.772448728561,70.6227496966284 -114.776783723082,70.6251286974224 -114.76816971985,70.6301816959475 -114.789554717611,70.626555698669 -114.79744271097,70.6283357006927 -114.792547708195,70.6321036995817 -114.799652702677,70.6343157012277 -114.812220698992,70.6334617028189 -114.840952701228,70.6240697071431 -114.851597701161,70.6224827092358 -114.875325690971,70.6241527128362 -114.891795692247,70.6174477150536 -114.904848688997,70.6175077169138 -114.917443682305,70.6198437191398 -114.927570681473,70.617325720471 -114.954310670889,70.6176837253052 -114.959430681647,70.6091307258749 -114.954801688869,70.6046917247547 -114.961673691343,70.6011887262583 -114.97502268958,70.5996557282088 -114.988564683422,70.6006397299188 -114.994189678512,70.6035007309773 -114.976353673589,70.6104127281055 -114.977460671875,70.6118017280753 -114.990411666346,70.6123117301023 -114.999970667798,70.6075977317852 -115.006375673052,70.6044477331638 -115.01753366741,70.6035467344474 -115.026759674105,70.5984957359923 -115.04082867019,70.5967497383142 -115.081134654935,70.5978327449903 -115.091683647799,70.6001127467146 -115.110111630045,70.608024749092 -115.160237612938,70.6081617571475 -115.179086607457,70.6064997599291 -115.187626611894,70.6012037617791 -115.190866614617,70.5985327616516 -115.220422601002,70.6021037665044 -115.254838589039,70.6016697715541 -115.271317588204,70.5978927748608 -115.282688593277,70.591965776017 -115.283941597542,70.5887987766744 -115.290734592721,70.589164777444 -115.310429573693,70.597991781079 -115.321659571997,70.5966267823573 -115.345521562432,70.5975497862338 -115.362187552006,70.6003877885239 -115.362346541471,70.6072397886824 -115.368145536661,70.6094067895446 -115.379215533571,70.6089407920637 -115.388186536326,70.6047827934752 -115.448284517779,70.6027518023394 -115.480043514314,70.5976578070431 -115.512124502241,70.5987258119854 -115.52639350178,70.5955738148107 -115.526889506993,70.5926128147166 -115.521038509835,70.5906828133958 -115.537109507048,70.5889278161149 -115.545932515306,70.5813448177925 -115.537384528416,70.575027816418 -115.544759528281,70.571968817214 -115.571864522664,70.569739822011 -115.589517514391,70.5707568244702 -115.599130505739,70.5748058260742 -115.598644502077,70.577767826172 -115.578370500178,70.5842298227186 -115.573365493931,70.589606822387 -115.578232486055,70.5933468228378 -115.586786480639,70.5955588240086 -115.598565477706,70.5948648260075 -115.615657477572,70.5910718291112 -115.628655472023,70.5913088304024 -115.637310474232,70.5887308318385 -115.642542472012,70.5890198323364 -115.649548469025,70.5894098343027 -115.654729462526,70.5913318347286 -115.653192456309,70.5965508351192 -115.659411448587,70.6005328361472 -115.68601343096,70.6058058396222 -115.695423432768,70.6027838414768 -115.71848442188,70.6045618452364 -115.742945418487,70.6017998486693 -115.766352415804,70.5969698523128 -115.785371407295,70.5982138554263 -115.815136406895,70.5921178599127 -115.821630400326,70.5945138612528 -115.818910397306,70.5987928609058 -115.831301393863,70.5985498629359 -115.853144390392,70.5948178666032 -115.867547385294,70.5948408683985 -115.874010379919,70.5974588694877 -115.901180372869,70.5947268736948 -115.932903362741,70.5936588785347 -115.957454362117,70.5899588826954 -115.987894352281,70.5881818871577 -115.990793353467,70.5870908884129 -115.981351358823,70.5860208861881 -115.949098369218,70.5861738809599 -115.941433376878,70.5823988803221 -115.947307378869,70.5797648810896 -116.024789367636,70.5700928932362 -116.0603643532,70.5704348990245 -116.067050350455,70.5716778993857 -116.059887348817,70.5738458985064 -116.062009342522,70.5782098986429 -116.057613341802,70.5801858981857 -116.027386350899,70.5806128939517 -116.022235347669,70.583038892787 -116.054131335952,70.5853738982294 -116.060579328766,70.5882118986955 -116.056644324134,70.5917968986432 -116.059870322161,70.5932168988509 -116.098619304925,70.5956579046829 -116.102734317,70.5859229053272 -116.113506319447,70.5824429069513 -116.130701314351,70.5820249101893 -116.17416929441,70.5849769165084 -116.182817287564,70.5869299185852 -116.188316278752,70.5918049196083 -116.186799271613,70.5979319192569 -116.194865260957,70.6042109207648 -116.19204425304,70.6098639201495 -116.172670249692,70.6159529166677 -116.126955267643,70.6138769097217 -116.110780270261,70.6165929074121 -116.102734268138,70.6201089063423 -116.110131255868,70.62615290713 -116.106493247601,70.6324769064582 -116.122040241621,70.6343159094374 -116.140034235751,70.6334529124896 -116.201807223046,70.6289289219406 -116.223126215515,70.6287999249114 -116.269680189203,70.6351929324662 -116.29231718091,70.6355209365298 -116.361858158497,70.6344759469374 -116.383068158578,70.6297679509661 -116.412274151729,70.6269839550006 -116.468614134093,70.6268549640896 -116.481481127736,70.6284039665718 -116.487123126665,70.6271149674852 -116.504215120265,70.6277999703516 -116.507481117234,70.6292119705242 -116.520045107046,70.6332549726944 -116.528248104285,70.6335919735246 -116.543826105024,70.6296999759825 -116.56996409601,70.6293579807896 -116.581369098414,70.6258629822732 -116.569924102957,70.62389398046 -116.57457410956,70.6193919809123 -116.589502110897,70.6150379835247 -116.611226108217,70.6112149870953 -116.645038099478,70.6095969921736 -116.70690408956,70.602402001651 -116.8535710388,70.6034870257023 -116.90185902536,70.6008530332527 -116.911738021312,70.6011670345717 -116.92509901529,70.601579036664 -116.941951006371,70.6045010392001 -116.93537999261,70.6153570387862 -116.96057899312,70.6104060425815 -117.231921895421,70.614350085952 -117.251968892369,70.6124880896857 -117.29098188859,70.6053400954119 -117.305781892205,70.6004650976487 -117.318055887068,70.6012650993599 -117.319259882499,70.6033250997755 -117.309337880707,70.6073310982963 -117.32438287356,70.6079251012547 -117.323421868418,70.6113371006065 -117.336078859398,70.6160061031652 -117.330172853954,70.6211871015262 -117.332065850794,70.6232531024861 -117.338807844765,70.6246871031463 -117.359552840849,70.6228191064344 -117.370852829428,70.6274801085612 -117.387514829039,70.6251161108277 -117.400164831397,70.621354113222 -117.404560832982,70.617753113886 -117.396523853384,70.6062931128063 -117.387138859804,70.6034771109396 -117.364368866124,70.6053251075762 -117.357224876073,70.6002521063477 -117.351189877093,70.599909104704 -117.342887881711,70.5994421036763 -117.337028888582,70.5955121027705 -117.327541893934,70.5942921009449 -117.318557893637,70.5951160996971 -117.316247902706,70.5898600996258 -117.320520904534,70.5878451003565 -117.328789903102,70.5872361015326 -117.334761911584,70.5811461023291 -117.344583910464,70.5782701035461 -117.366555905219,70.5775621074352 -117.381807904618,70.5751891097292 -117.392741898139,70.5755091115897 -117.411709890225,70.578179114482 -117.435574865142,70.5886391187705 -117.435936859954,70.5929651186359 -117.425706849844,70.6013031174915 -117.415130850138,70.6050881155984 -117.418358831871,70.6167311164067 -117.410240823642,70.6241761151365 -117.412737815994,70.6273891149877 -117.427398803586,70.6332091176904 -117.439050799623,70.6335391196386 -117.425223815485,70.6256721171768 -117.43219282896,70.6152581179473 -117.439202829964,70.6132671192627 -117.454990824772,70.6131751219234 -117.46719881783,70.6150981241803 -117.479202806773,70.6197511260643 -117.483351791792,70.6286701269328 -117.502352781144,70.6317831298439 -117.514230780445,70.628922131669 -117.517868785848,70.6259851323812 -117.493202807052,70.6159981277438 -117.492129814882,70.6118851281765 -117.506950816896,70.6060881305764 -117.510235827092,70.5985951304318 -117.51651082614,70.5970551313819 -117.557445808735,70.5998841384921 -117.562083803787,70.6021971393287 -117.557612799253,70.6074001384093 -117.577502791382,70.6073321418755 -117.609583777886,70.6096271465365 -117.616273771081,70.6121841476448 -117.602449774772,70.6136701460521 -117.593251772226,70.6179291444526 -117.606808763926,70.6203091468698 -117.634818751963,70.6221161513483 -117.672838728764,70.6297451568848 -117.679542723046,70.6310961586954 -117.678600717549,70.6351861583094 -117.701832691515,70.6481021617844 -117.707619681297,70.6542981626525 -117.688152664516,70.6687321600045 -117.700858653097,70.6745151622079 -117.697776646511,70.679734161842 -117.661195624175,70.7026981559146 -117.663110620682,70.704987156484 -117.676269617098,70.7039421590862 -117.694710608665,70.7065821615824 -117.702663596477,70.7116481629491 -117.71772158929,70.7133491658279 -117.742083570517,70.7208041699407 -117.753054566643,70.7217871717156 -117.75635156151,70.724312172021 -117.748902551428,70.7333691704396 -117.754342545962,70.7347721716718 -117.769433556844,70.724626174273 -117.773547556056,70.725114174708 -117.776782547677,70.7287751756431 -117.780955549138,70.728120176015 -117.793964557913,70.717957178259 -117.807107554999,70.7171341800079 -117.81374554616,70.7217341815826 -117.812585533472,70.7299201809629 -117.797929534978,70.7327891789233 -117.79771453145,70.7364281789808 -117.805886523905,70.7383041803734 -117.808116526887,70.7355881805507 -117.826616519072,70.7379841832581 -117.825755513576,70.7409371838118 -117.844606494936,70.7494821861056 -117.850198495489,70.7481461869473 -117.901272459705,70.7616661956769 -117.948267422405,70.7749182037861 -117.998874390957,70.7863542121285 -118.100083316542,70.813294229099 -118.138347285182,70.8259972350583 -118.174425247919,70.8423252416346 -118.195720233497,70.8476572444036 -118.24882717431,70.8754272542434 -118.295739113328,70.9056642615584 -118.303787096149,70.9145672633974 -118.329912073211,70.9246832676566 -118.341310061092,70.9306112694077 -118.354587047066,70.9375162721496 -118.373467006821,70.9582982752435 -118.38542400807,70.9551482774662 -118.393043004497,70.9567662779084 -118.37971600549,70.9592292765293 -118.390726991303,70.9645002782784 -118.391978983316,70.9692852782688 -118.409347973969,70.9720692810271 -118.414077964314,70.9775482822423 -118.406027948522,70.9904942807913 -118.406496934425,70.9984672816076 -118.402228932776,71.0009542809526 -118.38471193709,71.0022592775216 -118.382434927511,71.0086292776457 -118.369469913612,71.0208742754372 -118.324663894339,71.0427942684567 -118.316177893702,71.0450362674061 -118.285887900735,71.0459982623637 -118.271287906428,71.0464572596695 -118.260729907065,71.0480132582552 -118.222343899111,71.0621882525131 -118.211780898386,71.0635152502052 -118.183259890128,71.075227245917 -118.164796889312,71.0806052432503 -118.140800890622,71.0836802389875 -118.094604886443,71.0964372320791 -118.044663878602,71.1128012235555 -118.023962873755,71.1192942210568 -117.998470877265,71.1230322170328 -117.981317875551,71.1283962142647 -117.958671877755,71.1307762103743 -117.925790873474,71.1406022054949 -117.907302875873,71.1439142023153 -117.869112884268,71.1468731963303 -117.847734884026,71.1512911928915 -117.825404877986,71.1598051894824 -117.811025874338,71.1644981871159 -117.789705876533,71.1675431834321 -117.745841887489,71.169991176081 -117.681648909785,71.1704641659575 -117.656585909255,71.1762021616851 -117.643812911215,71.1772471598457 -117.61566392136,71.1763611551576 -117.524825940853,71.1838681412543 -117.498405944431,71.1879811364249 -117.469551941496,71.1961751322111 -117.451724943712,71.1985331287361 -117.43829594762,71.1986471267467 -117.417427959777,71.1946031232573 -117.391264970332,71.1950691193222 -117.368386972193,71.1985181159682 -117.353011966024,71.2052091132457 -117.337294968813,71.2073521105869 -117.284031981175,71.2105191025317 -117.267257978951,71.2165070994065 -117.257609984461,71.213693098079 -117.216461998159,71.2153550911688 -117.214656002981,71.2119230907303 -117.224940008201,71.2074660928661 -117.209549013835,71.2057280899008 -117.200721024821,71.2017750885202 -117.193682027519,71.2014770877369 -117.188938020033,71.207123086287 -117.193009008462,71.2134170880037 -117.195765999612,71.2176600877427 -117.207590994301,71.2198260896543 -117.20088399093,71.2236340891585 -117.182947992346,71.2264180860917 -117.14162500152,71.2296610796352 -117.068231005499,71.2425850677525 -117.030321013397,71.2465210617905 -117.006318020739,71.2458210576128 -116.997676034427,71.2402660564329 -116.982439044767,71.23691605342 -116.963258048631,71.2376180510518 -116.929514053534,71.2422650451008 -116.891727063953,71.2448050396264 -116.88647806286,71.2456130386451 -116.872293064695,71.2477800367117 -116.864832061804,71.2513350352697 -116.84444007063,71.2499700318408 -116.811416065847,71.2605210263212 -116.775698075782,71.2630690208702 -116.774689071502,71.2657860211537 -116.814913054714,71.2673870271976 -116.816570045774,71.2717360276366 -116.810915037821,71.2780470269496 -116.795946032704,71.2851570250016 -116.754097029053,71.2976460182785 -116.687527033226,71.3084650073994 -116.638805047224,71.3119659998585 -116.610336056541,71.3122949949817 -116.598632054486,71.3151089935593 -116.600352049543,71.3185429937597 -116.590003046983,71.3218319918093 -116.531807049726,71.3324749825617 -116.518800052683,71.3341229803208 -116.476305070107,71.3326579741715 -116.464388066813,71.3368229723286 -116.450037071965,71.3377779696469 -116.445047064805,71.3433999686825 -116.437675064435,71.3453529679968 -116.357752081765,71.3522339555328 -116.241413094417,71.3694989364596 -116.233555098108,71.3696069353114 -116.229632103339,71.367049934671 -116.211838110613,71.3664259320451 -116.207650113422,71.3662729314155 -116.193495111498,71.3706209294359 -116.173348114119,71.3719179257388 -116.148444117654,71.3765649217611 -116.108666131871,71.375512916089 -116.07915114904,71.3725589108253 -116.084666151261,71.3689969116315 -116.156970137283,71.3618859227914 -116.18524312335,71.3634429276116 -116.186963126651,71.3614209278821 -116.163171141013,71.358330923763 -116.157817154646,71.350966922918 -116.142310159469,71.3498229204656 -116.12933016469,71.350998918415 -116.107887161953,71.3563699150184 -116.090812167119,71.358238912113 -116.073131170343,71.360167909728 -116.055293175021,71.3603519067882 -116.030381191098,71.3554089032031 -116.018978196887,71.3554609006026 -116.008643196403,71.3578038988837 -115.968638195331,71.3678818929428 -115.902002216046,71.3700098826786 -115.858020233218,71.3686068751289 -115.79523824717,71.3732678660831 -115.742982271021,71.3701108572214 -115.734290273097,71.3708728558646 -115.706629270893,71.3786018517418 -115.695527265485,71.3852468500958 -115.694138257723,71.3893208497408 -115.701957250109,71.3937848511122 -115.71262324323,71.3957828525647 -115.720650237811,71.3972948540418 -115.738192228217,71.3991848566976 -115.805101200177,71.4005368673449 -115.928498170055,71.3922968869203 -115.935405166436,71.3937758882842 -115.938933157867,71.398620888944 -115.928226153419,71.4032298866942 -115.932756147384,71.4062658875929 -115.961207143166,71.4023908926951 -115.972762132324,71.4062118946906 -116.010318108829,71.4129479001684 -116.033877100646,71.4130869037103 -116.051090088563,71.4174499066585 -116.080020072001,71.4199449116269 -116.112266046884,71.4290849168313 -116.155276032394,71.4283609237537 -116.177163029775,71.4252629276901 -116.194934022238,71.4259799297644 -116.202333015823,71.4292759315473 -116.201268011634,71.4317639308917 -116.192314010805,71.4343719294995 -116.141961018012,71.4413689214261 -116.034707047725,71.4456709048437 -116.01426705237,71.4483109016412 -115.989998045494,71.4572758976385 -115.935341042042,71.4725808893118 -115.907425050843,71.472366884742 -115.843947057932,71.4838648749776 -115.79785506357,71.48947986789 -115.785816062661,71.492928865769 -115.787179054117,71.4977338659812 -115.781723052782,71.5003748650247 -115.735087055925,71.5089338572951 -115.725741059372,71.509002856174 -115.721148066051,71.5064168553222 -115.738937061882,71.5044248581228 -115.742359061099,71.5040428584575 -115.744808062446,71.5022658593149 -115.738023068086,71.4998698577241 -115.715081077025,71.4997108545222 -115.713347081611,71.4971778537404 -115.726498079826,71.4958048560635 -115.746421071541,71.4968188593035 -115.751206073514,71.4939428600522 -115.743601080356,71.4922178586026 -115.708652095724,71.4909448532381 -115.700367092943,71.4933088518061 -115.68188010122,71.4923098490452 -115.621622103463,71.5047068395745 -115.588581109005,71.5089048348429 -115.582177111121,71.5085678330864 -115.581534119149,71.5039978328977 -115.56729113086,71.4991918307152 -115.549564141712,71.4979638278347 -115.552387144716,71.4941408285612 -115.577746138075,71.4927678327612 -115.585169143659,71.4872068333905 -115.582140152575,71.4839638331178 -115.53574017089,71.4826818259565 -115.524822179276,71.4795238241436 -115.50801018169,71.4812698211298 -115.495904188834,71.4808208195697 -115.422691231847,71.4692228076212 -115.425747239288,71.4642718080724 -115.421096248701,71.458259807552 -115.413530256132,71.4565198058628 -115.338358284018,71.4562467936648 -115.336213277161,71.4600837936938 -115.326885275486,71.4640047922836 -115.330790270212,71.4661337930799 -115.355035260438,71.4668197969797 -115.363819253724,71.4697197979772 -115.358353251664,71.4721227968642 -115.340781253586,71.4740677950162 -115.308497267086,71.4741377897113 -115.300925263648,71.4762727881804 -115.290223257008,71.4835897864237 -115.284373259477,71.4841527861151 -115.281832268961,71.4786377851153 -115.264588273428,71.47875978288 -115.26095926886,71.482795782422 -115.244447268797,71.4865737795683 -115.173050293785,71.4883657681711 -115.163322286762,71.4940947663739 -115.165873284711,71.4957427666484 -115.159752282068,71.4976737665554 -115.135070289198,71.4990087623208 -115.128863287299,71.5013887614355 -115.116603275593,71.5125357590557 -115.118392272339,71.5143967600314 -115.129175268176,71.5143807613284 -115.145052274072,71.5067217637295 -115.15708327484,71.504006765298 -115.168399268826,71.5049057673484 -115.170274264926,71.5063167682336 -115.15838826126,71.5120017661166 -115.156207257142,71.5158307657194 -115.140498257231,71.5189437634172 -115.115609263569,71.5211797594735 -115.093547270859,71.5200497556808 -115.047952275565,71.5286937492208 -115.039338272927,71.5321657478653 -115.048290267256,71.5341717490663 -115.095994255137,71.5294427563666 -115.127655245225,71.5293967615887 -115.138709241853,71.5280227629847 -115.224040244456,71.5069197767575 -115.268648236156,71.502769783702 -115.298812236952,71.495147787923 -115.321292231156,71.4939797914724 -115.355539210419,71.49895579726 -115.38433220008,71.4985888014037 -115.396789190915,71.5010998035697 -115.400001192015,71.5006268040481 -115.415978187812,71.498268807174 -115.41260619218,71.4970638063344 -115.394004198403,71.4967198031786 -115.388023203967,71.4940958021939 -115.393451206967,71.4919208033744 -115.405696201908,71.4916918053326 -115.423911192328,71.4940878078661 -115.453418181088,71.4937138128087 -115.472941163465,71.5009078157222 -115.485430142767,71.5113908180079 -115.499659130305,71.5162048206701 -115.515534124615,71.5158088225634 -115.536755127803,71.5095838256534 -115.544625124204,71.5097208269483 -115.549755117698,71.5132298280466 -115.534591114649,71.5177458257098 -115.448100119576,71.5341578120535 -115.434868119764,71.5366678099474 -115.437306110339,71.5430908107937 -115.457789105229,71.5411838137378 -115.471643094971,71.5441748166361 -115.493760085731,71.5452588198414 -115.502001081031,71.5474558209411 -115.538425058491,71.5531238270769 -115.571635046475,71.5525738319281 -115.597194033845,71.5546188365738 -115.613037021948,71.5587708384545 -115.609902012845,71.5644078388763 -115.62385701189,71.5628298408458 -115.646723001373,71.5639128444815 -115.685961990638,71.5618528504563 -115.92893095783,71.5275958883511 -115.956300955675,71.522559893539 -115.978526946761,71.5229108969494 -116.008912945438,71.5167769016727 -116.039619941427,71.5131529059483 -116.117089920403,71.5088579186966 -116.131708918899,71.5060359212974 -116.154254916123,71.5018009244586 -116.190590905616,71.5013899307051 -116.207199905078,71.498588933295 -116.228240895519,71.4982619360603 -116.249123887191,71.4991459394394 -116.264230871476,71.5066149417246 -116.287973858797,71.5087509461275 -116.306520857101,71.5056619493166 -116.49161683057,71.4819879783142 -116.526367821125,71.4792479837658 -116.549309823437,71.4733959873216 -116.630133801188,71.468491000518 -116.671319782307,71.4714970070654 -116.683663781122,71.4700560085748 -116.711279787317,71.4603660135719 -116.7392677764,71.459787017594 -116.754747778094,71.4558720200805 -116.78692778848,71.4432690250893 -116.809317781803,71.441246029139 -116.821425788739,71.4352430303439 -116.826212786126,71.4351120318522 -116.890977766302,71.4332880420237 -116.896555774474,71.4278870430827 -116.902381772328,71.4268130436516 -116.910590765309,71.4303130453658 -116.92562776013,71.4300230473292 -116.934464750584,71.4344420486947 -117.03132471127,71.437965064478 -117.084766702903,71.4323590734273 -117.093881702154,71.4295360750282 -117.131311710343,71.4162060801576 -117.142768707318,71.41586408275 -117.154669698512,71.4184810839957 -117.160041703705,71.4144370847143 -117.156336715029,71.4082570848375 -117.188150712051,71.4037790892313 -117.203179705905,71.4032360915717 -117.215813697217,71.4056320937078 -117.239959674178,71.4149560980923 -117.250604669323,71.4157420996881 -117.295907660721,71.4120491072863 -117.311907660248,71.408555109809 -117.320311669399,71.4020241109953 -117.320579673643,71.3988421103598 -117.308253687182,71.3928161088656 -117.315011691269,71.3887791099671 -117.33943968904,71.384355113615 -117.346136690581,71.3831331144458 -117.389520671545,71.3844151219985 -117.409670668695,71.3820801250516 -117.414556665293,71.3832631255771 -117.403459661812,71.3883971243801 -117.404352650685,71.3950121246625 -117.416129624561,71.4083041265513 -117.3949686104,71.4229211230214 -117.390776600141,71.4306191229485 -117.398563580958,71.4404761241027 -117.390383578241,71.4442751228373 -117.367974579969,71.4472661191989 -117.355897571457,71.4549031177331 -117.340537571435,71.4588711151158 -117.323891558194,71.4696441128557 -117.331046557152,71.4697051134516 -117.371239567518,71.4535071195767 -117.374728569007,71.4521031205249 -117.381860566127,71.452392122021 -117.388106562211,71.4547201223771 -117.386375556474,71.4583441224723 -117.379723553481,71.4610221216018 -117.368150555103,71.4625181194191 -117.362222553061,71.4649671185887 -117.365725552,71.4659131192085 -117.386453542914,71.4663091228253 -117.415495541037,71.4610911271864 -117.450628529932,71.4602441324998 -117.456942525025,71.4618831339505 -117.470552520841,71.4617691360569 -117.473912516756,71.4645241365098 -117.453011520755,71.4664081333715 -117.440439515693,71.4715351311027 -117.414520522749,71.4733741268073 -117.409963518921,71.476525126731 -117.427255513773,71.4752961289707 -117.440712506647,71.4772261315673 -117.465311503603,71.4740151349924 -117.483186497345,71.4743811385529 -117.490097489091,71.4776241395306 -117.479608483712,71.4836811377694 -117.48077347837,71.4871071377869 -117.491191466732,71.4915101395386 -117.51661746413,71.4869321438313 -117.526556461439,71.4881451458763 -117.531266450873,71.4922801461508 -117.526926436358,71.5024811459419 -117.540444429845,71.5039531482758 -117.546611420058,71.507867148803 -117.557366418328,71.5079501509676 -117.570447415916,71.5055391529042 -117.552094430415,71.5015351497701 -117.547562441589,71.4949041489621 -117.566462455885,71.4813921517618 -117.578172457372,71.4778451537021 -117.585338455566,71.4778981554824 -117.580727452423,71.4821861543291 -117.591517448196,71.4815831560033 -117.601197453686,71.4764181576858 -117.6124914453,71.4787761598761 -117.619677443836,71.4783711606508 -117.635087447248,71.4730241631175 -117.617731483067,71.4549251593792 -117.617377492235,71.4496851599434 -117.61312449321,71.4492041586915 -117.60243149806,71.4486711574072 -117.565209494321,71.4590921513006 -117.560965496889,71.4583751506472 -117.558450505377,71.4535761505053 -117.471633559157,71.4383411354599 -117.469740565333,71.4351361352779 -117.490463571211,71.4257431385731 -117.4931205923,71.4122241385983 -117.501764610753,71.3989801405948 -117.512476622342,71.3892831415086 -117.519823624434,71.3863841431988 -117.517074627794,71.3849951420516 -117.503542632906,71.384887140421 -117.507993635501,71.3824161411375 -117.553775622634,71.3802731482763 -117.554795630806,71.3759541484211 -117.56206663073,71.3739631493277 -117.576987624123,71.3745281519985 -117.589502611905,71.3789451541849 -117.608605602429,71.3809071569696 -117.621714588591,71.3871471598485 -117.637818576735,71.3913591617133 -117.647048574117,71.3918771635659 -117.661083579771,71.384698166142 -117.677482573179,71.3845841685934 -117.697302565619,71.3867651719643 -117.701995555073,71.3913501730081 -117.717500544605,71.3941801754922 -117.717411543278,71.3955391755517 -117.717310539309,71.3971401750349 -117.709961536728,71.4005051738592 -117.713273528962,71.4043971744425 -117.702178524731,71.4104631730341 -117.704214522511,71.4120721733931 -117.723618517983,71.4099281765116 -117.752168526133,71.3985061809681 -117.756133534703,71.3921681813663 -117.744772558514,71.3800281790957 -117.765979566448,71.3712931829327 -117.810148550288,71.3711241901201 -117.82966153355,71.3785261934186 -117.828811528158,71.3807921928556 -117.812951528864,71.3838821905593 -117.816355524436,71.3866361910597 -117.846252512319,71.3872761956521 -117.851830508489,71.389580196824 -117.837203503078,71.395867194411 -117.85853049232,71.3971331983079 -117.871460491233,71.3953871999086 -117.878250498428,71.3888252013678 -117.887740501901,71.3847892027623 -118.003654478855,71.3756492214982 -118.030685468091,71.3764732255124 -118.077401441171,71.3830812338935 -118.085320440046,71.3822572351629 -118.104610437915,71.3802502379998 -118.154420417296,71.3818452458646 -118.182068404068,71.3853772507209 -118.203166384336,71.392525254014 -118.233050373164,71.3942342591622 -118.247803356438,71.3999882613314 -118.271346318971,71.4196412660041 -118.271091306502,71.4266982659105 -118.276635299212,71.4312662670054 -118.286622293347,71.4317552682785 -118.293632284258,71.4354252693917 -118.292778277851,71.4395152698126 -118.30631523968,71.4606622719634 -118.304587227263,71.4700482722285 -118.277535210247,71.4858642682793 -118.231219204171,71.4981922607865 -118.21569318996,71.5101852580246 -118.158202179046,71.5297322494398 -118.077028178898,71.5461892365699 -118.052460183084,71.5490272316502 -118.03510418424,71.5512172295121 -118.013529191941,71.5515592254577 -117.999233197938,71.5498972234069 -117.980378199615,71.5532092206079 -117.968883205587,71.5531472188961 -117.916967238537,71.5426182100479 -117.876152255883,71.5403382035532 -117.850136261668,71.5429161985946 -117.835137268123,71.5414581966852 -117.824251270422,71.5432131949507 -117.812772275087,71.5429161931185 -117.792887286709,71.5391481895987 -117.790121290082,71.5373161895808 -117.798008286642,71.5375911904926 -117.802439288434,71.5355701908162 -117.800532297361,71.5314641909485 -117.795577300818,71.5302981896173 -117.77828530523,71.5313191874761 -117.765357312169,71.5299081851231 -117.756176316643,71.5289091838631 -117.734360316305,71.5330811803513 -117.726810310152,71.5389491785308 -117.732947298008,71.5439991801637 -117.749528294044,71.543197182959 -117.755819289597,71.5459671838342 -117.760971271803,71.5555511842764 -117.773173265035,71.5558641866584 -117.795136270111,71.5494021905762 -117.802956263365,71.5508121915193 -117.802780260287,71.5537721915521 -117.792619260496,71.555298190198 -117.795228253885,71.5596401907062 -117.778672256566,71.5599911874803 -117.748231261195,71.5636601830404 -117.738931265927,71.5629201809502 -117.736014286149,71.5522091806948 -117.694598288345,71.558983173817 -117.672172294202,71.5608761706556 -117.660422292045,71.5644311682982 -117.64687528066,71.5732111664348 -117.659745275855,71.5744411685492 -117.663711264635,71.5796981689076 -117.670077258723,71.5813381702538 -117.711066245102,71.5820711771891 -117.730777244191,71.5778811806574 -117.749613241134,71.5759511835652 -117.761058234604,71.5771641850042 -117.763767230552,71.5799111854737 -117.753761215659,71.590089184089 -117.759195206253,71.5953531849117 -117.76707520265,71.5960861862721 -117.77663520396,71.5929651882185 -117.772582212975,71.5886161871501 -117.779267215142,71.5852431883751 -117.800211210408,71.5842371912868 -117.80804520684,71.5856561927649 -117.807109201453,71.5892871926318 -117.790651195145,71.5951861903026 -117.778381193197,71.5995721878799 -117.778247189055,71.6018461883006 -117.811236174785,71.604554193196 -117.841109150996,71.611330198492 -117.86547214022,71.6139762031427 -117.875140124641,71.6215452047457 -117.860429121239,71.626459202213 -117.860964117329,71.6296472023079 -117.883727119838,71.6227272059155 -117.892197132898,71.6132282072916 -117.914094133739,71.6083462107725 -117.919290135573,71.6056442115185 -117.909501149132,71.6001282098468 -117.921951148622,71.5965662119348 -117.934901145388,71.5968642138337 -117.945581136095,71.5991982155296 -117.95792311386,71.6110932174377 -117.954649101459,71.6185772170613 -117.938226089701,71.6289532148553 -117.930269071279,71.6425562134897 -117.919189066525,71.6470422124028 -117.901391081914,71.6423962089623 -117.884048087101,71.6425182062135 -117.853373088863,71.6484842012891 -117.825751092847,71.6512761971766 -117.815372088605,71.6557621955118 -117.804413089374,71.6577381931985 -117.770936094702,71.6613931878368 -117.720969109212,71.662660179616 -117.697657114058,71.6654671760122 -117.676325112643,71.6707771730448 -117.673838104335,71.6755371726345 -117.682389098795,71.6774151737775 -117.691817095491,71.6770261756087 -117.713242100014,71.6703421788748 -117.737131092934,71.6700441830582 -117.748925094195,71.6664821843102 -117.766000080799,71.6709131876155 -117.77680207611,71.6716701889044 -117.826738058252,71.6712961971188 -117.840645057539,71.668419199298 -117.903563037153,71.6683362099491 -117.907723032359,71.6715392107176 -117.899375023451,71.6785442090545 -117.906459013849,71.681314210412 -117.92903101307,71.6787122141837 -117.951043013077,71.6729212176824 -117.968508011206,71.6709682207354 -117.983666004769,71.6715012225938 -118.009430987537,71.6768742269837 -118.022436981531,71.6771632295136 -118.03122198253,71.6751632303747 -118.042032003256,71.6611102326075 -118.055953005644,71.6570892344998 -118.086260992859,71.6581432389935 -118.100845993391,71.6552592417011 -118.129723981979,71.6558472465166 -118.118440995779,71.6496512445658 -118.116640008795,71.6414572446134 -118.121188016003,71.6364752448436 -118.131420016343,71.6337902464618 -118.169746008444,71.6319122530175 -118.177873011613,71.6273962541236 -118.179476016499,71.6235442540304 -118.170432032835,71.6155402522841 -118.154913051597,71.6072852502504 -118.162286055036,71.6034472510729 -118.189859054127,71.599022255952 -118.269826026229,71.5991142687867 -118.2879790271,71.5953152716099 -118.30351204101,71.5835512735052 -118.315086040126,71.5819942753804 -118.335191029214,71.5836642787221 -118.351466010515,71.5923632821275 -118.362915002729,71.5946752842393 -118.380951998707,71.5938272867881 -118.405634999923,71.5873122906023 -118.409516015253,71.577766291119 -118.417444012018,71.5773392923021 -118.423159009686,71.5789492934293 -118.440446004977,71.5783162961561 -118.441102999334,71.5805902959313 -118.42794099329,71.5878302944725 -118.436474983987,71.5914922958775 -118.429215983314,71.5935212947428 -118.409753989551,71.5941402913606 -118.403207986402,71.5961702901635 -118.398514969199,71.608436289334 -118.378870965172,71.614518286983 -118.375839957507,71.6190582859605 -118.391365934718,71.6302492893123 -118.397810931441,71.6318602903145 -118.405164934035,71.6273352910069 -118.422469928483,71.6276182938124 -118.425282924462,71.6301282949207 -118.417212918509,71.6348812930231 -118.422181912796,71.637848293954 -118.456001895057,71.6418162999253 -118.46673888537,71.6454863017387 -118.463622871628,71.6536653012388 -118.475044858601,71.659157303751 -118.491647853145,71.6598823060349 -118.538846853337,71.6499953135988 -118.548235848663,71.6504763148355 -118.556092841223,71.6543593164891 -118.5537698306,71.6611793162172 -118.562361819613,71.6648333176348 -118.596329808998,71.665596323016 -118.609399810132,71.6624383255282 -118.615381823439,71.652215326649 -118.618356826134,71.6508343263598 -118.622666825762,71.6488203272266 -118.637135822873,71.647484329547 -118.65084581748,71.6481933321652 -118.657308811783,71.6504823331467 -118.665087792399,71.6609583341174 -118.678785786654,71.6625683366752 -118.737329764948,71.6633463462934 -118.751075762697,71.6620033482222 -118.766297763146,71.6583873510622 -118.793683741076,71.666146355828 -118.812470732974,71.6677633585836 -118.860960730006,71.6587083666923 -118.864595734989,71.6559843674193 -118.859579748024,71.6493843658181 -118.846603757617,71.6459673641312 -118.848793762547,71.6427763647326 -118.842316769672,71.6393673634648 -118.845221774405,71.6361863636054 -118.877763777614,71.627114368781 -118.878515789842,71.62006536928 -118.888657799155,71.6121073705055 -118.887955805638,71.6082393703519 -118.873557818997,71.6041353678283 -118.867155841296,71.5909443669035 -118.850599850667,71.5895623640006 -118.849895855146,71.5868303638522 -118.867896847109,71.5868463670668 -118.879402838476,71.5904943681861 -118.887326839694,71.5884563700369 -118.886626845551,71.5852673698578 -118.87152085275,71.5832153672979 -118.873686854222,71.5813913676969 -118.885924849231,71.5820853691873 -118.90102483887,71.5848243718703 -118.902459834099,71.5875563719328 -118.895239832774,71.5907373711063 -118.899542826871,71.5943763721438 -118.991035745903,71.624428387832 -119.023520714057,71.6369413931801 -119.051001680394,71.6519493976352 -119.067679648919,71.6667274008551 -119.070601637646,71.6742334015852 -119.074294610711,71.6894694022084 -119.083033590581,71.6990144041393 -119.086746558857,71.718117404974 -119.104284514036,71.7403954079599 -119.105100487755,71.7558594091979 -119.122774425752,71.7892694122254 -119.112012390118,71.8124704108672 -119.098276368,71.8286224087054 -119.112242331267,71.8472604115191 -119.105736316421,71.8570344107813 -119.081250290169,71.8775724068475 -119.053328258272,71.9009334030289 -119.040205234168,71.9182144013087 -118.900019140465,72.0001383795733 -118.816736121094,72.0261623662489 -118.730191122443,72.0433893519929 -118.730902120228,72.0447403525105 -118.666760088808,72.0750893420898 -118.653896074885,72.0863123406656 -118.654383052772,72.0987253409132 -118.653135029617,72.1121373405697 -118.643670013942,72.122735339218 -118.597387992328,72.1434183318973 -118.583741980136,72.1532993305949 -118.575635962397,72.1651993291379 -118.564526956556,72.169884327553 -118.537237954683,72.1767353232402 -118.508908943156,72.1889193183424 -118.464316967254,72.1841663111284 -118.442946975152,72.183580307215 -118.427017979399,72.1848003048638 -118.308570987553,72.2035382855631 -118.26136698315,72.2145022782992 -118.206936995566,72.2186512689058 -118.132916020203,72.2197892574581 -118.108429024912,72.2220622530651 -118.092895015983,72.2287602506879 -118.079345004515,72.2394962488795 -118.077760950414,72.269921249404 -118.079939942562,72.2728052493056 -118.065764910325,72.2946092478147 -118.09060788055,72.3065802519623 -118.093239873025,72.3103712521598 -118.096167867063,72.3132262529057 -118.089407852212,72.3225032522215 -118.094202840862,72.3275692527844 -118.118208815909,72.3377392571797 -118.143186794184,72.3437272610565 -118.18550376097,72.3539662684163 -118.259396746649,72.3484742801847 -118.290832737365,72.3468252860289 -118.297844737198,72.3464522869227 -118.337538722878,72.3468932932165 -118.370861704243,72.3497012986091 -118.413468680932,72.3557443063233 -118.433757675542,72.3538603089564 -118.446785668803,72.3555463117023 -118.501944611936,72.3768633209306 -118.527505577168,72.3908323260056 -118.540907534772,72.4120653279778 -118.538886514889,72.4227533284504 -118.527134431488,72.4716653270896 -118.48741838561,72.5039383209502 -118.469808374245,72.5142063184843 -118.40322034416,72.5424283079634 -118.388252342461,72.5461203057598 -118.371589345072,72.5480513034379 -118.32917433091,72.5640572961218 -118.299981312663,72.578988291737 -118.294203308362,72.5827032908443 -118.269700309914,72.5859002868069 -118.213104302602,72.6016092778715 -118.196605284364,72.6145562754892 -118.175773274308,72.6235512721497 -118.160025254964,72.6380692702875 -118.151328253551,72.6391522682622 -118.108498262961,72.6429302613965 -118.087456262138,72.6470952583204 -118.0447012541,72.6602782514628 -118.011244236662,72.6767132463334 -117.997818233246,72.6807562440319 -117.971190235155,72.684693239676 -117.921022253836,72.6848382310491 -117.883483253412,72.6917652256267 -117.864859245363,72.6994782228086 -117.857759242764,72.7023172212028 -117.830059248928,72.7042092172275 -117.796396240845,72.7160122112299 -117.774946219565,72.7307282083822 -117.754928213937,72.7373352054129 -117.696302205662,72.753862196069 -117.691579201138,72.7569361952437 -117.681555193037,72.7634521939193 -117.665595189917,72.7673421908468 -117.609307195813,72.7761551819943 -117.596136189881,72.7810761796274 -117.580878180423,72.7897571772665 -117.525696159258,72.8108991688185 -117.504305133034,72.8297051660594 -117.47621910903,72.847633162022 -117.454519102018,72.8561111578684 -117.433898095394,72.8636181546237 -117.414043075486,72.8777551517312 -117.337920040939,72.9102411399677 -117.319516037571,72.9160321374389 -117.264877041366,72.9246611282901 -117.238510047155,72.9268581238018 -117.155774075509,72.9289861108166 -117.149403073992,72.9300241095587 -117.062498080023,72.9441220958844 -117.014442074956,72.9556210883407 -116.95675509637,72.9562380788579 -116.879827110637,72.964677066181 -116.842639107339,72.9727410604516 -116.80421211585,72.9762500536155 -116.777862109099,72.9847340497978 -116.767095106412,72.9881910485581 -116.762634094454,72.9959260473762 -116.752137092076,72.9988400461522 -116.739395094112,73.0002290444819 -116.715439106441,72.9992830399894 -116.704536106594,73.0012970385784 -116.687184098306,73.0083550358114 -116.669942078206,73.022981032599 -116.601675085258,73.0323570223045 -116.567007076517,73.0432440170336 -116.557502067217,73.0504700154526 -116.548482065159,73.0533160141435 -116.525329071123,73.054383010544 -116.509147076641,73.0551920079611 -116.496158080225,73.0561140055033 -116.456160099286,73.0545669988368 -116.428062107991,73.0551079945582 -116.4006881109,73.059280989809 -116.355565107211,73.0700379831326 -116.329306097153,73.0808199785097 -116.299112094097,73.0878229739319 -116.29359909007,73.0916839729095 -116.236485082209,73.1062629644677 -116.170307102419,73.1103599533192 -116.144191093502,73.1199579490731 -116.076013124452,73.1172189386493 -116.032247134505,73.1202849317494 -115.962118127256,73.1386499205036 -115.934084129435,73.1436929154023 -115.868652142012,73.1501859057498 -115.79917814615,73.1627288945131 -115.752014141047,73.1738598873579 -115.70880714528,73.1809538798391 -115.641013164825,73.1837698693398 -115.563580168808,73.1979298569587 -115.512703172795,73.2071998486856 -115.479458177304,73.2116478435512 -115.415616189356,73.2170188334725 -115.368140189643,73.2282788261755 -115.32192217474,73.2454378191579 -115.29312615482,73.2604768145088 -115.27342815821,73.2626798117949 -115.262815160396,73.2639178094332 -115.232039166785,73.2675248046996 -115.18607819377,73.2633677976119 -115.158072203457,73.2628017927953 -115.129819201503,73.2707067879288 -115.10461519339,73.2805707847377 -115.09640518807,73.2844627832097 -115.071423190162,73.2881467797411 -114.999969205439,73.295913767967 -114.969361208704,73.2992397630225 -114.946812207211,73.3055887595009 -114.933110205082,73.3098537576131 -114.892864217238,73.3109587511025 -114.759298217994,73.3385707306044 -114.719209203903,73.3551787239921 -114.686537214785,73.355353719263 -114.693408195179,73.364318720054 -114.68881819215,73.367408719182 -114.67679219058,73.3697817177403 -114.627747208856,73.3712927093817 -114.602318221204,73.3692097055122 -114.585755228476,73.3698657027758 -114.564992226766,73.3749696997266 -114.497421256854,73.3734976893703 -114.418326306034,73.3656696759076 -114.376196332157,73.3610086691028 -114.323575371162,73.3514476608912 -114.308674381747,73.3487406581035 -114.228370451215,73.3305886453362 -114.168455508555,73.3135306358151 -114.121369565251,73.2936396280393 -114.120255568842,73.292526627567 -114.133077562155,73.2929086296495 -114.166739532305,73.3011026346822 -114.165908539381,73.2983936346789 -114.115171592746,73.2816246267061 -114.086674641264,73.2611246212777 -114.026688714707,73.2367246112685 -114.007421750374,73.2216496081775 -113.986851782212,73.210251604966 -113.965873826737,73.1915656014395 -113.967139847312,73.1789786010327 -113.951591874987,73.1678545983099 -113.939635897185,73.1592945965407 -113.929901926007,73.1467365947858 -113.923553007868,73.1032875935248 -113.948759041615,73.080566596478 -113.948606073895,73.0627665967982 -113.961102084808,73.0540315978869 -113.956162102688,73.0457305976201 -113.945180142396,73.0272375954868 -113.944189148194,73.0236135947929 -113.952531151673,73.0197675960894 -113.97335715037,73.0158615991118 -114.009191157959,73.0040676052909 -114.014235170477,72.9968716058692 -114.005980203666,72.9810866040247 -114.007832209484,72.9764786047087 -114.017896217993,72.970535605435 -114.019545235003,72.9595416056063 -114.012648254965,72.9514856044467 -113.981293294337,72.9364775994637 -113.98221730945,72.9284675990576 -113.987871316425,72.9235385998251 -114.005601324488,72.9144516027065 -114.009161341221,72.9047776035871 -114.002906363802,72.8932876022061 -114.00595840467,72.8703926027294 -113.926598522677,72.8231895892599 -113.936394537674,72.8136065904853 -113.954720539632,72.8084405932069 -113.959372538614,72.8071375942493 -113.979539535831,72.8046035971458 -114.137589478803,72.800811622061 -114.169927462886,72.8032156274788 -114.202660456383,72.7987516324037 -114.218046459448,72.7931216351954 -114.25108849346,72.7683346398468 -114.254767501389,72.7622986403071 -114.276780490043,72.763801643115 -114.285210486337,72.7630466448801 -114.294272492965,72.7576536464487 -114.319367490645,72.7538216505319 -114.339932498848,72.7450796531953 -114.345774513186,72.7360306538741 -114.315818556262,72.7176146487832 -114.310221575794,72.7088556484254 -114.316123589517,72.7000276483467 -114.311194598688,72.6962736479181 -114.300247609049,72.6928946464905 -114.285942615277,72.6912076443438 -114.265494622541,72.6921776410774 -114.20217163163,72.701751630811 -114.201913643024,72.6953656308469 -114.193460650794,72.6926126290181 -114.198030655367,72.6897586302366 -114.221405641569,72.6910026334649 -114.232512639854,72.689583635471 -114.258292655591,72.6750116396074 -114.274917651102,72.6741346422608 -114.298540638732,72.6762776452074 -114.345648627937,72.6721036533499 -114.358497627763,72.6688086551333 -114.38030863985,72.6568296588173 -114.399183642379,72.650634661223 -114.425554640174,72.6465226651995 -114.430223658058,72.6363526661469 -114.440233667726,72.6287836672684 -114.461982660071,72.6273036704986 -114.482819651128,72.6278926743793 -114.487847646433,72.6293646753017 -114.514497642319,72.6263736794464 -114.545853641276,72.6186836837496 -114.568634647325,72.6105346872935 -114.567071663753,72.6028126874255 -114.547446676981,72.5985496840712 -114.545403687899,72.5942616836248 -114.569613685186,72.590103687005 -114.570793690961,72.5862046873545 -114.571539700879,72.579628687491 -114.565888709541,72.5772026861538 -114.556710724657,72.5708916851124 -114.567449732785,72.5635296867222 -114.526815744136,72.5653006800426 -114.502777742491,72.5716556761027 -114.485303749459,72.5718846736374 -114.446360774876,72.5665216673216 -114.409150787101,72.5670386614841 -114.394320796174,72.5658276595509 -114.371223817476,72.5598076555837 -114.356134824424,72.5576866532409 -114.34403283002,72.5579986510694 -114.301584820547,72.5721056444005 -114.280564814725,72.5813136413948 -114.284933807169,72.5832596422563 -114.29049780492,72.5840306427964 -114.321351799458,72.580283647475 -114.314184795701,72.5836186469707 -114.31202979419,72.5846176466842 -114.288128797669,72.5891116428346 -114.251939788993,72.6014416373239 -114.236434801788,72.5979546342762 -114.226458805405,72.5977486332611 -114.212370804795,72.6019816305807 -114.151879809981,72.6123886216055 -114.1318098008,72.6226956184386 -114.117499797629,72.6262436163791 -114.089194805381,72.6289916116482 -114.050560799088,72.641564606021 -114.034083786729,72.6513216035079 -114.020205793841,72.6509716016585 -114.00454079703,72.6524885991163 -113.98377980156,72.655036595723 -113.951454805352,72.6601405908186 -113.881663827846,72.6626895795243 -113.865808828201,72.6664815772948 -113.85303583173,72.6674585753067 -113.839799838977,72.666626572771 -113.828840839608,72.6687015712503 -113.825265843669,72.6667325705354 -113.840356854853,72.6570275730937 -113.849602857735,72.6543125746256 -113.878097849172,72.6520455791997 -113.883575855749,72.6466745795014 -113.872373868591,72.6419145778444 -113.850961882374,72.6389925746966 -113.803053901185,72.6400995668805 -113.78690990017,72.642746564162 -113.74691789813,72.6539235585956 -113.712961909264,72.6558235526197 -113.677141910576,72.6625605470794 -113.654531905072,72.6701285438502 -113.62973191334,72.6720425401906 -113.609854911187,72.6784135371675 -113.564041916287,72.6853405297053 -113.486589909392,72.7075275183895 -113.469672909069,72.7106165154444 -113.459418915628,72.7094725134607 -113.460464925586,72.7042015134371 -113.472458928923,72.6998445156216 -113.483220924863,72.6985175175871 -113.492578924318,72.697364519157 -113.501668925814,72.6937485204788 -113.49665093706,72.6888425189919 -113.500190945165,72.6844335201247 -113.538931948464,72.673568526119 -113.553425956962,72.6639025278372 -113.56321595527,72.6632385293671 -113.60472195462,72.6545795361343 -113.621048957217,72.6494285384444 -113.633809952735,72.6484615399859 -113.666056965414,72.6336055452217 -113.700266954475,72.6328435502467 -113.711621955285,72.6293945519301 -113.708856970672,72.6214755521183 -113.70567298247,72.6149295514357 -113.691550990661,72.6134265490934 -113.661119003552,72.6138765437478 -113.650827004355,72.6154715423779 -113.645653999134,72.6192395421988 -113.64666999181,72.6233215423679 -113.63443199054,72.6263265400618 -113.629782979334,72.6353235393456 -113.598620000076,72.6298525348392 -113.578962006218,72.6307375316056 -113.556673005925,72.6364675276374 -113.512158992421,72.6547545210337 -113.50113199219,72.6565935195628 -113.481875001446,72.6560905167076 -113.432457996372,72.6703575086653 -113.429703999855,72.6693725084113 -113.419894009969,72.6658325069496 -113.410914012393,72.6667015057279 -113.410517003511,72.6715005056621 -113.396448998327,72.6768115033552 -113.396741985085,72.6845555041179 -113.387274972552,72.6931925020954 -113.402775955112,72.7003935052584 -113.408803941332,72.7064285056816 -113.406037923853,72.7174305051949 -113.399240912564,72.7244115043613 -113.385124909595,72.7297215021042 -113.381002902749,72.7350475022474 -113.383658891669,72.7397835024491 -113.397027879091,72.7442925045012 -113.426419860716,72.7482455091275 -113.471526845325,72.747071516017 -113.504882823669,72.7513815219223 -113.540261809623,72.7513045268036 -113.560722795787,72.753150530428 -113.577156783213,72.7573555328929 -113.581000775373,72.7604685340495 -113.577735738956,72.7815175330685 -113.564842730285,72.7886425314059 -113.553182731241,72.7913975300548 -113.531844722217,72.8018955262258 -113.485849708413,72.819061519516 -113.428606662154,72.857437511003 -113.361757597121,72.9087525014436 -113.335037582052,72.9238894971895 -113.296667568568,72.9392544913421 -113.273102550229,72.9550014880028 -113.242544545704,72.9642714832392 -113.214402533322,72.9773704797352 -113.207260532153,72.9802474784553 -113.178288538692,72.983085474027 -113.170701537952,72.9848704725759 -113.163492539284,72.9865654711383 -113.103524531303,73.0043574618738 -113.070709537229,73.0077124569466 -113.035003552414,73.0086144515225 -112.995870574522,73.0045484451161 -112.966238585945,73.0046394410629 -112.942923602527,73.0014114368581 -112.903879620368,73.0012054308611 -112.890327627282,72.9998544288511 -112.851232657733,72.9918894230402 -112.809863682969,72.9878314161419 -112.788886692251,72.9881974128912 -112.77505069593,72.989128410577 -112.744611715075,72.9850914057042 -112.740914730033,72.9783174049409 -112.725114746163,72.9733504024882 -112.611305802257,72.9686583852764 -112.573521827285,72.9624403792656 -112.477257890529,72.951011363396 -112.462583903041,72.947365361284 -112.44536792486,72.9383003589234 -112.38203597948,72.9231113487091 -112.360895004959,72.9134133452994 -112.332527030975,72.9065543403759 -112.294421055337,72.901436334369 -112.27044906604,72.9017933309653 -112.250102083938,72.8961783276175 -112.208169103025,72.8956523216014 -112.194297116145,72.8915333186925 -112.176995125725,72.8899603165319 -112.05802317418,72.8918692981856 -112.013254199089,72.8879312907885 -111.938937266184,72.8679812794607 -111.902633290701,72.863220273568 -111.886070310661,72.8559252711637 -111.874854319647,72.8533392689325 -111.83943834139,72.8490142638351 -111.831466346944,72.8472902622125 -111.816986369527,72.8381422603972 -111.797698387539,72.8329242574819 -111.765094411211,72.8281022523654 -111.762213412152,72.8276742515639 -111.712764434868,72.8271402437529 -111.691156463291,72.8160242401934 -111.673594478883,72.8116762373897 -111.651887488987,72.8107972348949 -111.648929493424,72.8089212344108 -111.558465540687,72.8036952203985 -111.534141557392,72.8003302165856 -111.479963605479,72.7861332078882 -111.455055629762,72.7777622037454 -111.420501656742,72.7719871983757 -111.407624670856,72.7673481967669 -111.401201687223,72.758766195062 -111.4043686944,72.7532651956211 -111.421252700699,72.7469401985981 -111.422137706464,72.7416981981676 -111.413885719285,72.7370061974919 -111.392855733628,72.7348401935868 -111.375810742369,72.7330851911898 -111.346804754155,72.7342981870753 -111.30619275931,72.7413161809905 -111.290909764711,72.7419281778562 -111.276664777341,72.7382051762787 -111.229964807002,72.7322921691642 -111.21150482699,72.724967166212 -111.185214840902,72.7229451622425 -111.182618846309,72.7202371613736 -111.188065856735,72.7140411624389 -111.187338866748,72.708457161643 -111.183984873361,72.7047501613399 -111.193464888345,72.6935041628586 -111.198481929219,72.6695641629416 -111.180590940128,72.6667701606172 -111.173427948859,72.6641151592927 -111.169731960473,72.6582331590111 -111.174867972444,72.6493061591794 -111.176012015311,72.6247171593771 -111.180852021438,72.6201171599992 -111.19633502257,72.6154171627318 -111.198754031833,72.6097041630423 -111.212388038584,72.6020661648617 -111.229043080064,72.5739061670217 -111.255111098363,72.5556711711455 -111.286272096144,72.5492091755588 -111.332233083083,72.5462341825979 -111.372066091307,72.5301131885155 -111.396227105089,72.5166471916227 -111.410786106027,72.5117111942083 -111.453797102425,72.5041882009625 -111.461746102046,72.5011362015496 -111.470185130437,72.4824292026587 -111.451522134523,72.4857791995188 -111.437527123683,72.4950331976677 -111.417810121887,72.5009371949493 -111.409980138945,72.4926071934781 -111.389415149026,72.4914621905709 -111.385335155686,72.4890061901073 -111.398857173817,72.4756621917804 -111.467706195647,72.4455402019124 -111.512390192622,72.4348002090926 -111.538989198633,72.4254842125112 -111.541277198314,72.424683212769 -111.550881206995,72.4172892144114 -111.56908719827,72.4182132169319 -111.591165195841,72.4140862202778 -111.599046187591,72.4167172214418 -111.613399179993,72.4170072242574 -111.610153194082,72.4095312235428 -111.617739199795,72.4042042243837 -111.633795200102,72.4003752268137 -111.663539192943,72.397506231132 -111.668319186947,72.3994982324656 -111.689341178977,72.3990102355272 -111.697929178665,72.397538236451 -111.713617177348,72.3948432388165 -111.747120185793,72.3812712445186 -111.761677185124,72.3778452465215 -111.771457181358,72.3777382482 -111.763183173839,72.383294246748 -111.769677165939,72.3866192480845 -111.782158164472,72.3844142500133 -111.792140174896,72.3762592509919 -111.796312179751,72.3728492513169 -111.811207182553,72.3665082537106 -111.844209177581,72.3608482585641 -111.88148018236,72.348510264097 -111.873125197111,72.3427042634977 -111.837710204232,72.3470462574391 -111.823441209198,72.3470072552173 -111.846597220642,72.3357782591421 -111.862742216758,72.333282261796 -111.858838223063,72.3314212609757 -111.850659230196,72.3275302591443 -111.824001246443,72.3246912551773 -111.830929249608,72.3207322562029 -111.828323257174,72.31826125603 -111.822244258935,72.3176562554151 -111.778686262584,72.3277822486889 -111.763798275081,72.3231962465063 -111.73395228624,72.3242562414283 -111.706714290254,72.3280182374033 -111.681541279905,72.3415302338563 -111.681152274301,72.343940234132 -111.689857269886,72.3443992347479 -111.671433267665,72.3500742322275 -111.643151277378,72.3520122282234 -111.626383286166,72.3503572256645 -111.595989303633,72.3473422203511 -111.59116331131,72.3449012199514 -111.606758316009,72.337883222475 -111.585497338473,72.3301782188437 -111.581283344324,72.3265842180208 -111.586135349663,72.3235702192356 -111.618633339533,72.3197622235394 -111.683585341765,72.3028562337585 -111.728134322487,72.3038492407346 -111.71850533282,72.2991932387615 -111.694903348417,72.2963022352509 -111.688884368594,72.2849952339306 -111.680376378531,72.281508232492 -111.675422382772,72.2794722325983 -111.660895394959,72.2771532297349 -111.641604398669,72.2782982272453 -111.626617386598,72.2894062249253 -111.615824387039,72.2927172235277 -111.600786392999,72.2922142208035 -111.594922413246,72.2815932199645 -111.585208416464,72.2817072187208 -111.565401411973,72.2905882152292 -111.549266395166,72.3048862131688 -111.528871394294,72.3094472097865 -111.501158408184,72.3095392061379 -111.478309409745,72.3125312020174 -111.461542423541,72.3102191996572 -111.439653422654,72.3150101960774 -111.427780417099,72.3221971949455 -111.399204419648,72.3277431901045 -111.389239416052,72.3321761890736 -111.387568412919,72.335167188539 -111.381187395261,72.3466031882759 -111.388930388648,72.3485641895232 -111.411477378268,72.3487701929134 -111.42328237596,72.34705319455 -111.435948382634,72.340080196166 -111.453265385721,72.3344271984886 -111.467355382257,72.3331382005947 -111.485603380768,72.3290552039598 -111.499718377606,72.3279872059329 -111.508063370962,72.3291692071733 -111.495244369228,72.3341832048741 -111.493334364283,72.3369372049095 -111.499478359784,72.3380052057247 -111.546897349618,72.3333582132989 -111.562382336394,72.3370442150927 -111.568824316551,72.3462982164732 -111.567948300711,72.3570102161918 -111.578407288128,72.362343218493 -111.567368277477,72.369987216193 -111.537959272238,72.3810272123846 -111.493251274923,72.3904122051925 -111.453947273891,72.4013201999528 -111.432061283202,72.4008851962587 -111.421031284055,72.4030521944566 -111.368897268268,72.4270551871316 -111.36841525362,72.4357081862973 -111.354503252369,72.43926918448 -111.322924265562,72.4402851799084 -111.311210263768,72.4433661777372 -111.299395256775,72.4513931766374 -111.272517260578,72.4549101726838 -111.248438259349,72.4624401689707 -111.216133269395,72.4641261639237 -111.204171284514,72.4583271620756 -111.180053294554,72.4587931581275 -111.173900296609,72.4577171572543 -111.171167307593,72.4534141571884 -111.202191316405,72.4401471611782 -111.264893310536,72.4274601707461 -111.309186316377,72.4126661774766 -111.345126315692,72.4043271824592 -111.350803316981,72.4013061835274 -111.343014323508,72.3991171825101 -111.320153327245,72.4032201790645 -111.302670336552,72.4018091762316 -111.281998340785,72.4054401734317 -111.272976342422,72.4055321715934 -111.269329353732,72.3998791717765 -111.256212363985,72.3970561688952 -111.25292436997,72.3945841684212 -111.262428382289,72.3853911702461 -111.352898384023,72.361464183366 -111.354784386702,72.3582601843816 -111.33956839574,72.3565981820604 -111.337765411739,72.3475181817093 -111.330622419729,72.3441841803731 -111.342399418771,72.3422391819732 -111.344895424292,72.337890181908 -111.338455433689,72.3340921816213 -111.325501437284,72.3356081788379 -111.3214344375,72.3360901786437 -111.315676438055,72.3381951777583 -111.312861425121,72.3464121772272 -111.299653424808,72.3490591757809 -111.278160418395,72.358154171968 -111.267941419643,72.360763170375 -111.256729423104,72.3613271686809 -111.227796440845,72.3577501649958 -111.202485449597,72.3598251604426 -111.186741466376,72.3531571586011 -111.166948479408,72.3506161549313 -111.167263484696,72.3465191555599 -111.176501489641,72.3416511564618 -111.173283495344,72.3396381561738 -111.148644499892,72.3429561520086 -111.154818510933,72.3352661533604 -111.153412519118,72.3291321530976 -111.14882752408,72.3282701518147 -111.127048522083,72.335075148921 -111.120210512205,72.3415061480056 -111.113558514467,72.3424821469535 -111.093029511133,72.3506261435944 -111.072435505299,72.3587951405512 -111.060745455571,72.391884139801 -111.048197444988,72.4017861372398 -111.022653440483,72.409981134141 -110.967196447245,72.4206991258778 -110.94819644503,72.4270091225209 -110.936958434947,72.4357531215044 -110.938979426503,72.4411921213515 -110.968251370875,72.4663621259852 -110.938791361697,72.4791871219868 -110.928429361831,72.4815521203092 -110.904879374052,72.4803851170495 -110.868699387144,72.4815891111093 -110.863857395461,72.4782181101516 -110.867119404989,72.472503111148 -110.848505420749,72.4671931077674 -110.831994426256,72.468460105514 -110.813814420767,72.4765701031966 -110.795068423364,72.47830209995 -110.776047436758,72.476860097385 -110.74352246538,72.4675520924202 -110.731347472137,72.4664990899134 -110.721664474498,72.4681690890877 -110.7264984639,72.4717710893789 -110.74962844717,72.4772870932275 -110.75981443343,72.4815290949941 -110.764360418029,72.4906000950539 -110.796953386431,72.5001291004869 -110.801911378811,72.5048661014811 -110.777606343282,72.5305390976081 -110.752810349954,72.5332260939062 -110.744671351856,72.5355600931094 -110.723748322453,72.5577840902702 -110.673324317705,72.5729360823892 -110.620666344792,72.570122074969 -110.610571355504,72.5672290729411 -110.603167369413,72.5597680714381 -110.587510388878,72.5535050688911 -110.577506396303,72.5517490677424 -110.556335403125,72.5528020646866 -110.494668450669,72.5393130549509 -110.477975460028,72.5391920525415 -110.47223645469,72.5439990519945 -110.491864429319,72.5534370545571 -110.492258420611,72.5591190552098 -110.480114423813,72.5591960535243 -110.464560440242,72.553832050806 -110.43222146471,72.5469740461782 -110.429744471434,72.5437990452656 -110.438617475329,72.5403350466317 -110.444224484002,72.5334780477809 -110.443300487543,72.5309820470839 -110.421806504646,72.5270150436725 -110.384719546235,72.5108800385495 -110.378580501824,72.5386360378132 -110.369731499599,72.542548036823 -110.363346491118,72.5496370353967 -110.34159249476,72.5538470318991 -110.311228506672,72.5537870276419 -110.296596517497,72.5502230251989 -110.279628557094,72.5323400226716 -110.264069574002,72.5253670199967 -110.228235597719,72.5214470147543 -110.197560621941,72.5143130103756 -110.137995690895,72.4891120013969 -110.114228710052,72.4823909975322 -110.107623719426,72.4794379961323 -110.101097726523,72.4765309952603 -110.088875763072,72.4574729931266 -110.078930772065,72.4545599922409 -110.060069778835,72.4548649891464 -110.053178786599,72.4526129878605 -110.043534814585,72.4392399864297 -110.026126823679,72.4377139840424 -110.021472830983,72.4347749828738 -110.026443845076,72.4239799840213 -110.001825835988,72.4360379799466 -110.00180650542,72.0199269770626 -110.00177629196,71.5008809741928 -110.001752010591,71.0005199717891 -110.001718350275,70.7532609716365 -110.001682688154,70.5004829711461 -110.001652015906,70.2477049713487 -110.001616331407,70.000483971645</coordinates></LinearRing></outerBoundaryIs></Polygon><Polygon><outerBoundaryIs><LinearRing><coordinates>-120.681632244546,67.9999936155767 -120.951154410588,68.0000013873226 -121.220649104453,68.0000010147956 -121.490143709257,68.0000006405134 -121.759638224759,68.0000002345938 -122.029132917506,67.9999998602076 -122.298627522868,67.9999994872784 -122.568122037006,67.9999990807926 -122.837616731525,67.9999987073962 -123.107111335748,67.9999982999467 -123.376605849807,67.9999979271783 -123.646100546113,67.9999975544737 -123.915595148959,67.9999971807279 -124.185089751542,67.999996773149 -124.454584356026,67.9999964003226 -124.724078960955,67.9999959936079 -124.99357356605,67.9999956531707 -125.263068169408,67.9999952463868 -125.53256268354,67.9999948722854 -125.802057377922,67.9999944657085 -126.071551982358,67.999994090906 -126.341046497174,67.9999937185118 -126.610541188461,67.9999933445099 -126.880035792416,67.9999929374092 -127.149530306734,67.9999925636976 -127.419025000273,67.9999921554236 -127.688519604087,67.9999917822265 -127.958014119125,67.999991408358 -128.227508811541,67.9999910007878 -128.497003416741,67.9999906273798 -128.766498018359,67.9999902531522 -129.035992624158,67.9999898792885 -129.305487134965,67.9999894711523 -129.574981830524,67.9999890975984 -129.844476433669,67.9999886902417 -130.113970946384,67.999988349206 -130.383465639226,67.9999879413118 -130.652960244146,67.9999875675172 -130.922454756059,67.9999871602246 -131.191949447788,67.9999867851885 -131.461444053444,67.9999864109936 -131.730938566439,67.9999860369873 -132.002457797172,67.9999795201683 -131.999971270837,68.4166625327476 -133.768303993105,68.4166628436037 -133.838959984996,68.4139438558463 -133.788498053683,68.368197845841 -133.767096079012,68.3507298411459 -133.752643089964,68.3436468388985 -133.740405098299,68.3387638357297 -133.735539106303,68.3322938354218 -133.734986111549,68.32902883497 -133.738269113769,68.3256638351893 -133.746263120859,68.3203168367709 -133.757936127684,68.3139608381075 -133.776050131732,68.3083758416843 -133.79556413413,68.3037078446594 -133.813980136311,68.2999988482932 -133.821337137634,68.2984198484838 -133.835878141318,68.2943288515435 -133.843064142251,68.2918128529282 -133.849060144001,68.2897988534787 -133.854677148945,68.2854428545443 -133.856720153569,68.2825818548654 -133.854998156639,68.2798038542383 -133.846943162274,68.2771638526632 -133.83897516502,68.2750138515573 -133.834247172814,68.2694808507382 -133.836214177088,68.266146850115 -133.847660184685,68.2588378526235 -133.850342193613,68.2522018527182 -133.84964019847,68.2479888521926 -133.839617208049,68.2411838499783 -133.83024721226,68.2381098483488 -133.820103226123,68.23035784628 -133.768304250276,68.2166628367473 -136.448232890759,68.216663311265 -136.448234890108,68.2166633112553 -136.448322891085,68.216663310762 -136.464306889606,68.2166633139924 -136.448321528655,67.7088812909927 -136.448637528951,67.7090572908389 -136.449170527204,67.7091732908508 -136.449835527864,67.7094062905936 -136.449921526893,67.7094822909799 -136.450076528204,67.7095062910307 -136.450579527432,67.7096612907266 -136.451082528645,67.7097772914173 -136.451546526046,67.7100092917713 -136.451972526351,67.7102802909501 -136.452397524775,67.7106282916405 -136.452823524638,67.7108992914962 -136.453248524684,67.711169291908 -136.453674525249,67.7114792913697 -136.454138523473,67.7117112918147 -136.454563522536,67.7119822918876 -136.455028523605,67.7122142919231 -136.455453522594,67.7124852921449 -136.455879523272,67.7127562925794 -136.456304522697,67.7131042926574 -136.456730523504,67.7133752925112 -136.457155521633,67.7136842922042 -136.457619521427,67.7139552921874 -136.458045521708,67.7142252925985 -136.458509520047,67.7144582932753 -136.458550519298,67.714470292975 -136.458780520294,67.7143032931632 -136.459283521883,67.7143422930433 -136.459708520948,67.7146122932618 -136.46017351955,67.7148442934233 -136.460675519199,67.7149992933269 -136.461178519013,67.7151542938691 -136.461797520031,67.7152702933524 -136.46226151851,67.7154632938866 -136.462764518651,67.715618293587 -136.46322851771,67.7158502935989 -136.463693517747,67.7160442939535 -136.464157517251,67.7162372943144 -136.464660518113,67.7163922942301 -136.465124517843,67.7166242937726 -136.46566651698,67.7168952938722 -136.466091517068,67.7172042940508 -136.466125516915,67.717214294209 -136.466576517155,67.7175392943739 -136.467297514345,67.7182602945241 -136.46825851497,67.7188382944977 -136.469076513776,67.7194632949914 -136.470182512948,67.7194632954389 -136.471240512238,67.7197032952036 -136.472345512499,67.7197032949442 -136.473403511512,67.7197992953573 -136.474509511988,67.7199432955621 -136.475471511791,67.7202802959509 -136.476432510488,67.7207612962036 -136.477154509447,67.7216262958521 -136.477730508206,67.7224442964086 -136.478355507564,67.7233092968681 -136.478933505883,67.7241262972107 -136.479173504191,67.7252322967013 -136.478933503805,67.7262902970213 -136.478548502398,67.7272522967017 -136.478067501405,67.7282132971269 -136.477586500579,67.7291752962773 -136.476786499253,67.7297272964498 -136.476647498991,67.7302212971661 -136.47604849939,67.7305212965026 -136.475086498154,67.7310982960647 -136.474461498538,67.7319642964126 -136.474365496213,67.7330222963501 -136.474365494441,67.7341272968463 -136.474990492502,67.7349452965927 -136.475711490811,67.7356662965812 -136.475951489826,67.7367722967476 -136.476769489103,67.7374932970042 -136.477315490325,67.7377672968498 -136.47773048948,67.7379742972555 -136.477749488836,67.7379932970596 -136.478452488616,67.7386952975595 -136.479077486468,67.7395132972859 -136.479798485686,67.740234297425 -136.48003848588,67.7403302972913 -136.480288485353,67.7406082978757 -136.480559484581,67.7410332980182 -136.480907485913,67.7414202979484 -136.481332484354,67.7418072980177 -136.48175848388,67.7420782975293 -136.482183482082,67.7423492979335 -136.482648483521,67.7425422977004 -136.483112482108,67.7427742979035 -136.483576481799,67.7429682980141 -136.48407948234,67.7430842989153 -136.484582481395,67.7431612985083 -136.485046483143,67.7433542985757 -136.485549481837,67.7435092991376 -136.486013482228,67.7437032986961 -136.486477480986,67.7438962989173 -136.486492482058,67.7439052990733 -136.486866480633,67.7444652985916 -136.487251479202,67.7454272992943 -136.487347477975,67.7464842992319 -136.487731476106,67.7474462997961 -136.488068474359,67.7484082992818 -136.488308473115,67.7495142997598 -136.488789473058,67.7504752997366 -136.489270471879,67.751437299905 -136.489895469385,67.7523992995872 -136.490376469377,67.753360300288 -136.490857466938,67.7543223004349 -136.491674467716,67.7548993001731 -136.492636465682,67.7552833007377 -136.493597465699,67.7556203004585 -136.494703465751,67.7558603009746 -136.495665464183,67.756245300986 -136.496024465834,67.7563713011149 -136.496303463766,67.7563913012734 -136.496806465438,67.7564293012314 -136.497270464033,67.7566233015304 -136.497734464434,67.7568163014853 -136.498198464402,67.7570103014951 -136.498573464271,67.7571973014486 -136.498662462731,67.7572423013534 -136.498776462864,67.7572983018945 -136.499127462,67.757474301551 -136.499591462614,67.7577063015523 -136.50009446179,67.7578223017181 -136.500597462749,67.7579773022862 -136.501100461901,67.7582093023037 -136.501564461243,67.758441302187 -136.502028460063,67.7586733020353 -136.502492460475,67.7588663027824 -136.502995460155,67.7589823028331 -136.503459461131,67.7591763025318 -136.503924459494,67.7594083028178 -136.504349458025,67.7596793026649 -136.504813459442,67.7599113023067 -136.505316458858,67.760066302383 -136.50581945822,67.7602203032019 -136.50602245878,67.7604453026634 -136.506339457588,67.7605723028853 -136.507301457893,67.7610533027933 -136.508022456543,67.7617743034475 -136.508359456506,67.7627363034512 -136.508214453858,67.7637943034224 -136.508118451857,67.7649003032753 -136.507878451592,67.7659573036873 -136.507397450785,67.766919303781 -136.506949450431,67.7673673031458 -136.506579449603,67.7674963028603 -136.50561845005,67.767977303002 -136.505281448042,67.7690833033251 -136.505281446531,67.7701413037414 -136.505522444079,67.7712463031447 -136.505858443945,67.7722083035213 -136.506243441693,67.7731703034617 -136.506820440321,67.7739873035559 -136.507445439844,67.774853304238 -136.508407440511,67.7753333042306 -136.509224439616,67.7759113042979 -136.509384438472,67.7759903044583 -136.510185437931,67.7763913040853 -136.511147437034,67.7768723046785 -136.512013437638,67.7774973049262 -136.512830436543,67.7780743046002 -136.513455434186,67.7789403050648 -136.513745435176,67.7793513053382 -136.513878433595,67.7798163045986 -136.51408543417,67.7802973052143 -136.51422243309,67.7807783054984 -136.514428432267,67.7813293056334 -136.514841431365,67.781673305695 -136.515180429909,67.7819553054648 -136.515590430942,67.7820893054423 -136.516092430483,67.7822043057087 -136.516605429853,67.7822883055011 -136.517096429842,67.7824343054366 -136.517588429913,67.7825283061652 -136.517750430217,67.7825813059814 -136.517867429076,67.7825673058837 -136.518417429327,67.7826353061438 -136.518528429861,67.7826353058884 -136.518985429046,67.7832673065669 -136.519465427791,67.7842293059381 -136.519930427487,67.7848863064512 -136.520042426512,67.7850463066409 -136.520764424982,67.78576730719 -136.521629423573,67.7863923065806 -136.522591424075,67.7868733069974 -136.523408422517,67.7874503076934 -136.524274421424,67.7880753077185 -136.525235420045,67.7885563076086 -136.526197420799,67.789133308097 -136.527014419563,67.7897583079437 -136.527880418361,67.790335307675 -136.528697418801,67.7910563084805 -136.529178416359,67.7920183078919 -136.529033415727,67.7931243085031 -136.528958415037,67.7932743083987 -136.528553415178,67.7940853085629 -136.527735414052,67.7946623085961 -136.526629412187,67.7949033078222 -136.525572413979,67.7952873079947 -136.524906411853,67.7956203074331 -136.524734411648,67.7957723076621 -136.524466412177,67.7960083076811 -136.523601411358,67.7965863074418 -136.52326441049,67.7975473080194 -136.522927409422,67.7985093069204 -136.523167407715,67.7996153081806 -136.52388940643,67.8003363076533 -136.524610407074,67.801057307907 -136.525187404566,67.8018743085445 -136.52581240403,67.8027403082434 -136.526293402977,67.803702308072 -136.526629401956,67.8046633087465 -136.527082398987,67.805255308407 -136.527254400013,67.8054813084845 -136.527976398876,67.8063463086227 -136.528697398152,67.8070673092394 -136.529755398977,67.8074043091782 -136.53086139804,67.8072603093483 -136.531822396642,67.806923309422 -136.532880396744,67.8066833096794 -136.533986397333,67.8066833097971 -136.535044398697,67.806683310137 -136.536246398519,67.8066833099211 -136.537303396932,67.8069133109668 -136.53746739721,67.8070493107244 -136.537948396595,67.807324310706 -136.538361397109,67.8076683103614 -136.538842395607,67.8078743107991 -136.539392395689,67.8080813104211 -136.539874395893,67.8083563106879 -136.540355394668,67.8084933107987 -136.540836394204,67.8086313115241 -136.541387395096,67.8086313108407 -136.541937394657,67.808631311017 -136.542487394413,67.8085623118637 -136.543037394638,67.8085623112958 -136.543587393725,67.8085623115064 -136.544137393622,67.8085623119741 -136.544688393647,67.8084933114315 -136.545238395589,67.8084933118885 -136.545788393634,67.8084933116507 -136.546338393869,67.8084933124066 -136.546888395484,67.8084933121612 -136.547439392822,67.8084933123602 -136.547989394723,67.8085623124078 -136.548470394177,67.8088373122921 -136.54895139268,67.8089753123127 -136.549433394003,67.8092503125403 -136.549914392468,67.8093873124495 -136.550396392308,67.809525312835 -136.551152391433,67.8098003134554 -136.551634392708,67.8099373129643 -136.552115391629,67.8100753130098 -136.552596390041,67.8102133132402 -136.553078389734,67.810350313294 -136.553559390801,67.8105563129728 -136.554453391447,67.8105563137666 -136.555003389889,67.8106253140399 -136.555485389336,67.8107633139616 -136.555746389168,67.8108373139934 -136.556063389005,67.811024314176 -136.556530389492,67.8112583143959 -136.55668338938,67.8113433142271 -136.556998389037,67.8115173139464 -136.557440389785,67.8117773143433 -136.557855387927,67.8120893144632 -136.558245389074,67.8124533142211 -136.558635387627,67.8127903137975 -136.559102386488,67.8130503148102 -136.559492386393,67.8133883148304 -136.559959385434,67.8137773144906 -136.560227384558,67.8140093146532 -136.560349384757,67.8141153149405 -136.560791385047,67.8144013147385 -136.561058383508,67.8146183148114 -136.561206385835,67.8147393148939 -136.561570383891,67.815102315223 -136.561704383529,67.8152273152791 -136.561960384099,67.8154663145857 -136.561986382891,67.8154763150525 -136.562427383415,67.8156483152164 -136.562817382525,67.8159863153803 -136.563233383051,67.8163233149757 -136.563674381544,67.816583315069 -136.564038381759,67.816947315789 -136.564324380969,67.8173623158143 -136.564636379879,67.8177783156939 -136.564896379709,67.818220315843 -136.564947378089,67.8187393156384 -136.565129377957,67.8192333156335 -136.565233379369,67.819726315897 -136.56523337765,67.8202463162034 -136.565233376356,67.8202513160769 -136.565480377626,67.8208673160263 -136.565816375178,67.8218293160452 -136.565816373834,67.8228863166255 -136.565816372948,67.8232133164973 -136.565672373012,67.8238483157807 -136.565528370042,67.8249543159883 -136.565287370546,67.8260113165259 -136.564710369561,67.8268773163876 -136.564359368347,67.8274173160212 -136.56408536794,67.8278393162355 -136.563508367336,67.8286563161906 -136.562883364989,67.8295213157669 -136.561921365411,67.8300993159046 -136.561065364481,67.830441315348 -136.560823364657,67.8304593159331 -136.560306364025,67.8304383152057 -136.55979036503,67.8303733152428 -136.559273365354,67.8303523152198 -136.558756365312,67.8302873146683 -136.558240364447,67.8302443148218 -136.557724364984,67.8302443148052 -136.557207365632,67.8301793144562 -136.556734366354,67.8300073143173 -136.556239365107,67.8298573145248 -136.555658366289,67.8296633143842 -136.555141366774,67.8296203141381 -136.554625367091,67.8295983147187 -136.554109367088,67.8296413140208 -136.553635365769,67.8298133140273 -136.553140367239,67.8299643138132 -136.552667366528,67.8301583140895 -136.552475366642,67.8301823140251 -136.552257366438,67.8302463141043 -136.552017365458,67.8302863137479 -136.551951365189,67.8302973138589 -136.551741366425,67.8303323133798 -136.551254365137,67.830446313718 -136.550738366357,67.830532313138 -136.550251365713,67.8306473134064 -136.550158366487,67.8306693136486 -136.549763367521,67.830762313577 -136.54927636629,67.8309343129973 -136.548674365932,67.8311923135104 -136.548187366142,67.8313063129316 -136.547671365666,67.8313643135337 -136.547155364757,67.8314503130873 -136.54666736499,67.831565313301 -136.546180365015,67.8316793125844 -136.54566436607,67.8317083131945 -136.545148365922,67.8317373122743 -136.544661365642,67.831908312435 -136.544173365063,67.8320523121335 -136.543686364133,67.8322243124306 -136.543199364505,67.8323963124539 -136.542683364605,67.8324533123896 -136.542195364857,67.8325973123541 -136.541679364005,67.8326543122323 -136.541163365048,67.8326823118097 -136.540618364714,67.832768312497 -136.54010336536,67.8328543117263 -136.539615363236,67.8329693116767 -136.53924636471,67.8330923116089 -136.538987364963,67.8331283121294 -136.537881364475,67.8333683111666 -136.536823365405,67.8334643114919 -136.53586136391,67.8339453112013 -136.534996364441,67.8345703111471 -136.534274362765,67.8352913107001 -136.533457362354,67.835868310829 -136.532736361213,67.8365893106122 -136.532111359457,67.8374553109714 -136.531970360379,67.838231310849 -136.531630359298,67.8387533108551 -136.53129435623,67.8397153103785 -136.53129435689,67.8408213106775 -136.531534355112,67.8418793110698 -136.53191935289,67.8428403108015 -136.532399353083,67.8438023108643 -136.532976350292,67.8447633111678 -136.533697349973,67.845485311737 -136.534346348795,67.8458093113159 -136.534563349115,67.8461103118306 -136.535284346669,67.8468313115638 -136.536102347356,67.8474083119758 -136.537207346236,67.8475523115913 -136.538265345634,67.8477933124465 -136.539371344765,67.8477933122322 -136.540429345992,67.847889312265 -136.541535346695,67.8479853125295 -136.542593345252,67.8479853131846 -136.543699345696,67.8478893126449 -136.544756346023,67.8478893137138 -136.545862344523,67.8478893134442 -136.546920346211,67.8478893135587 -136.54802634458,67.8479853142572 -136.549083346215,67.8479853141652 -136.550190344902,67.8479853144215 -136.551247345557,67.8479853147433 -136.551454344024,67.8479673147493 -136.551903345193,67.8480513143397 -136.552424344924,67.8480843146335 -136.552946344338,67.848149314446 -136.553467343557,67.8482143153545 -136.553988343551,67.8482793152164 -136.554509344655,67.8483123153354 -136.555031344533,67.848344315189 -136.555552343893,67.8483123157312 -136.55607334359,67.8482473153824 -136.556660344074,67.8481813152633 -136.557181344257,67.8481493158645 -136.557702344357,67.8481493153991 -136.558224342766,67.8480513160024 -136.558745343247,67.8479863162467 -136.559266342936,67.8479863158336 -136.559787342134,67.8479533159789 -136.560309344534,67.8479533162483 -136.56065434225,67.8478893160841 -136.560830344653,67.8478563163579 -136.561090343752,67.8478563156926 -136.561849344019,67.8475523162393 -136.561966343555,67.8475523168168 -136.562643344635,67.8475523165245 -136.563604343332,67.8478893164719 -136.564566343107,67.8482733171848 -136.56538334195,67.8488513172505 -136.566105340947,67.8495723173046 -136.566585339058,67.8505333176068 -136.566585337797,67.8516393169404 -136.565960337972,67.8524573170475 -136.565143337082,67.853081317083 -136.564518335678,67.8538993167265 -136.564037333801,67.8548613173626 -136.563556333822,67.855822317188 -136.563114332719,67.8561613174025 -136.562739331771,67.8564473165847 -136.562634332988,67.8565173172704 -136.562485333447,67.8568593167383 -136.562278332389,67.8573323170948 -136.562307331279,67.8578343162309 -136.562810331577,67.8579233171767 -136.563312330458,67.8578943166414 -136.563564331849,67.857894316887 -136.563815330343,67.8579533168816 -136.564318330574,67.8580713173227 -136.564820330078,67.8581013173678 -136.565323330747,67.8581603173079 -136.565826329176,67.8581603171888 -136.56632933034,67.8582193172566 -136.566831330343,67.8583373180207 -136.567334330079,67.8584553178979 -136.567837330808,67.8585443177935 -136.568339329475,67.8586033178872 -136.568849328582,67.858603318148 -136.568872328669,67.8586033183791 -136.569374329315,67.8586033183364 -136.569831329494,67.8586303185964 -136.570261328626,67.8587813188249 -136.570764328532,67.8588993187058 -136.571267328759,67.8589883188544 -136.571769328048,67.8590473189498 -136.572272329209,67.8591353189096 -136.574313325976,67.859697319061 -136.574815327712,67.8597863190972 -136.574895326697,67.8598053192785 -136.5753183275,67.8599043190011 -136.575791327209,67.8601113188869 -136.576235326622,67.8603483198215 -136.576294324896,67.8608503193439 -136.576248325265,67.8609713192043 -136.576116324647,67.8613243200032 -136.576412324197,67.8617673194207 -136.576856323945,67.8620333192267 -136.577831324571,67.8622703199738 -136.578364323369,67.8623583200522 -136.578866322437,67.8624183197033 -136.579369322293,67.8624773198297 -136.579872322969,67.8624773196918 -136.580374322718,67.8625063200361 -136.580877323131,67.8625953203113 -136.580909323172,67.862597320561 -136.581491321561,67.8631793202765 -136.581731320744,67.8642373203772 -136.581491318946,67.8653423207794 -136.58086631813,67.8661603203514 -136.580144317428,67.866881320902 -136.57942331681,67.8676023205893 -136.578846317337,67.8684683202349 -136.578462314957,67.8694293204278 -136.578221313226,67.8704873197772 -136.577885312505,67.8711603199856 -136.577885312138,67.8713053206009 -136.577885312685,67.8714633196647 -136.577885309783,67.8725073202718 -136.577885308895,67.873565320393 -136.578606309562,67.8744303202993 -136.579568308092,67.8747663199918 -136.580674307633,67.8748633207635 -136.581731306978,67.8748633209478 -136.582837306177,67.8748633209855 -136.583895306429,67.8747663210499 -136.585001307015,67.874766321337 -136.586059305931,67.8746223215256 -136.58702030704,67.8742863220609 -136.588126307257,67.8741413225123 -136.589184308187,67.8739013223922 -136.590290308059,67.873661322466 -136.591051308503,67.8733943225116 -136.591251308749,67.8733243223126 -136.592309307437,67.8732283225486 -136.593415307973,67.8732283231163 -136.594473306604,67.87346832298 -136.595579306978,67.8737093230413 -136.596636306629,67.8738053233384 -136.597742306972,67.8739493238531 -136.598800307366,67.8739493242825 -136.598970306388,67.8739493238814 -136.608500302509,67.8761763259995 -136.609282303257,67.8764493258014 -136.609610301978,67.8764943256976 -136.609859302252,67.8765933255466 -136.610965300851,67.8768343259146 -136.612023300683,67.8770743265084 -136.613690300493,67.8773343270273 -136.61457130101,67.8774113266503 -136.615629300355,67.8775553271419 -136.616735300469,67.8777963274553 -136.617792298705,67.8779883276808 -136.61889830071,67.8778923277332 -136.619956299831,67.8779883276624 -136.621062299585,67.8779883284215 -136.622120299071,67.8779883278842 -136.623226297882,67.8779883284661 -136.624284298266,67.8777473287423 -136.625389299399,67.87750732896 -136.625918299626,67.8773223292396 -136.626830299095,67.8771563293107 -136.626914300638,67.8771503289932 -136.627383299041,67.8770083287541 -136.627887297997,67.876966329171 -136.627948299581,67.8769303292828 -136.628148298592,67.8768163293973 -136.628637300262,67.8766883291645 -136.628782299999,67.876676329704 -136.629148299111,67.87664632945 -136.62953530059,67.8766783294453 -136.629658299651,67.8766883293373 -136.629800297955,67.8768803295657 -136.629956298914,67.8770933294877 -136.630008297376,67.8774063293886 -136.629950297766,67.8778303296291 -136.630054297187,67.8780363295182 -136.630054297378,67.8782433292719 -136.630105298126,67.8783693297943 -136.630275297627,67.8788583295717 -136.630438296033,67.8792743295082 -136.630594296837,67.8794183296055 -136.630906295256,67.8798433293823 -136.631218294839,67.8802693300107 -136.631530295098,67.8806663300856 -136.63165529547,67.8808243299741 -136.631672294263,67.8808643303621 -136.631927292365,67.8813183299806 -136.631954293099,67.8818143303657 -136.631927291609,67.8823103300781 -136.631899291348,67.8828213306589 -136.631900291309,67.8828403307157 -136.63192729103,67.88333133068 -136.631927289241,67.8840123300397 -136.631984289002,67.8845223299679 -136.632040287533,67.8850333303094 -136.632097288059,67.8855433298354 -136.632183287277,67.8859313304696 -136.632579286755,67.8859973303164 -136.633089287466,67.8860533309235 -136.633600288196,67.8861393304741 -136.634110286899,67.8863093304665 -136.634592287402,67.8864503310458 -136.635103287291,67.8865363310216 -136.635613286081,67.8865923313951 -136.636124286473,67.8866493312138 -136.636748287272,67.8867623310695 -136.637258287476,67.8867623313145 -136.637768285783,67.8868473316968 -136.638392286449,67.88698933173 -136.638903286569,67.8870183315942 -136.639262285155,67.8870783320508 -136.639670283445,67.8878933314878 -136.640221284338,67.8882823315183 -136.640462283972,67.8883223321757 -136.640854284771,67.8885183320411 -136.640916282894,67.8885493319736 -136.641398282177,67.8887473318286 -136.641909282519,67.8888043320582 -136.642419282019,67.8888043319806 -136.642929283275,67.888861331876 -136.643525284018,67.8888893326081 -136.644035282714,67.8890033325784 -136.644546282163,67.8890593321793 -136.645056282917,67.8890883323432 -136.645567281387,67.8891733328907 -136.646077281304,67.8892583333452 -136.646587282052,67.8892863333236 -136.647098281379,67.8893433335809 -136.647693280476,67.8893433330526 -136.648167281983,67.889343333666 -136.649142280909,67.8894313331738 -136.650104279888,67.8898163339497 -136.651065281766,67.8901533339729 -136.652171278897,67.8903933343014 -136.653229279435,67.8906333343969 -136.654190279049,67.8911143343387 -136.655152276841,67.8915953346168 -136.656114276557,67.8920763351261 -136.656979274704,67.892797334976 -136.657460275807,67.8937593351794 -136.657941274672,67.8947213354987 -136.658277272488,67.8956823351299 -136.65827727132,67.8967883357374 -136.658373269811,67.8978463354438 -136.659239269054,67.8984713351157 -136.660297267444,67.8985673357189 -136.661403269649,67.898711336086 -136.662461268986,67.8989523362032 -136.663566266757,67.8991923364045 -136.664624268218,67.8991923366054 -136.665730266676,67.8992883371045 -136.666788265944,67.8994333371006 -136.667894267543,67.8995283372875 -136.668952266307,67.8997693372405 -136.670057265618,67.9000093375286 -136.671115265944,67.9001543379552 -136.672221265935,67.9002503381846 -136.673279263929,67.9004903380865 -136.674385264444,67.9007313388608 -136.67529826239,67.9012123385412 -136.675202261852,67.9023173386075 -136.674577260306,67.9031353383819 -136.673856260546,67.9038563380601 -136.673461260066,67.9041583380417 -136.672988261039,67.9043473381923 -136.672585259792,67.9046493379406 -136.672080260056,67.9048513384031 -136.671425259614,67.9051543381614 -136.671022258481,67.9054563382866 -136.670669258045,67.9058593382049 -136.670423256663,67.9061873378966 -136.670366256479,67.9062633379755 -136.670165258444,67.9065653379523 -136.670064256043,67.9070693378386 -136.670064256602,67.907573337389 -136.67006425461,67.9081783379174 -136.670215254268,67.9086823384301 -136.670366254634,67.9091873381621 -136.670518254404,67.9096913383945 -136.671022253963,67.9099433382468 -136.671476253809,67.9102453382715 -136.671879252612,67.910548337982 -136.672332251926,67.9108003388122 -136.672736251009,67.9111533382551 -136.673190250741,67.9114053386309 -136.673593251187,67.9117073384001 -136.673996251053,67.9120603389728 -136.674349249593,67.9124633383899 -136.674752248509,67.9127663387174 -136.675055248574,67.9131693393863 -136.67545824817,67.9135223394495 -136.675509246906,67.9140263394719 -136.675371248475,67.9142333393123 -136.675264248406,67.9145643391814 -136.675107245929,67.915083338681 -136.674776246087,67.9154603388772 -136.674368245448,67.9157593386706 -136.673943245224,67.9160263386149 -136.673519244543,67.9162933386953 -136.673079245557,67.9165453386448 -136.67262324423,67.9167963386019 -136.672136244894,67.9169223387824 -136.671680242891,67.9171583387322 -136.671208243,67.9173313383659 -136.670564243597,67.917567338179 -136.670377242776,67.9176153381079 -136.670165244098,67.9178573386856 -136.670072242864,67.9183213382715 -136.670417242162,67.9185133380681 -136.670767241485,67.9189653390039 -136.671416240164,67.9197953388589 -136.671553239901,67.9200243389249 -136.671957240262,67.9206973384664 -136.672498238076,67.9216703393276 -136.672677237382,67.9226803384408 -136.67340123547,67.9232383390303 -136.673471236757,67.9232933394685 -136.673940234277,67.9241953392584 -136.674112234408,67.9251583395638 -136.674120233806,67.9252043391032 -136.674373232932,67.9261783389638 -136.675094230584,67.9268993393 -136.675995230633,67.9273683398006 -136.676132229863,67.9274023398482 -136.677005229634,67.9276203400736 -136.677979229049,67.9279093402453 -136.678880228988,67.9283423399035 -136.679602227598,67.9290633408146 -136.680152226542,67.9293933403434 -136.680503227376,67.9296043410509 -136.680918227526,67.9297963402206 -136.681513226426,67.9300723409313 -136.682306225741,67.9306863410016 -136.682875226092,67.9311303409283 -136.683135224387,67.93133534082 -136.683220225392,67.9313663408893 -136.684109223533,67.9316953410693 -136.68501122446,67.932128341663 -136.686021223661,67.9324163414144 -136.686922223276,67.932849341619 -136.687388222217,67.9338633418682 -136.687504220761,67.9340013419769 -136.687559220818,67.9340663417668 -136.687734221441,67.9341703422403 -136.688004220727,67.9343293423829 -136.688449219492,67.9345923423001 -136.688934219857,67.9347743423508 -136.689419219225,67.9349153424434 -136.689904218902,67.9350573423664 -136.690248219212,67.935482342215 -136.69051121808,67.9359273428136 -136.690592217323,67.9364323422702 -136.690491217915,67.9369783428754 -136.690208215542,67.9374033429642 -136.689824217119,67.937726342443 -136.689518216016,67.9380603426964 -136.689518214363,67.9389073429507 -136.689807212765,67.9398813425168 -136.690240212943,67.9407113431783 -136.690314211493,67.9407603426225 -136.690450212291,67.9410023429707 -136.690875211808,67.9412853431361 -136.691360211476,67.9414473433447 -136.69182521084,67.9416493431566 -136.692270209947,67.9419123430816 -136.692436209585,67.9420523431123 -136.69287220849,67.942586343387 -136.693438208948,67.9431523430036 -136.69359320923,67.9433073436421 -136.694315208028,67.94413634401 -136.695108207044,67.9447493442206 -136.695892205514,67.945126344067 -136.696010206497,67.94518334432 -136.697091205006,67.9451103439338 -136.698065205623,67.94565134388 -136.697993205,67.9456513444321 -136.697704202946,67.9466613443938 -136.697606204542,67.9470423443937 -136.697452202609,67.9476343444751 -136.697380200491,67.9487163443753 -136.697560199232,67.9497983444006 -136.697560197956,67.9508803445111 -136.697740196847,67.9519623442245 -136.698461196252,67.9526833442597 -136.698861194923,67.9530823450081 -136.699183196266,67.9534043449645 -136.699205194055,67.9537433450694 -136.699252194258,67.9544373446869 -136.698570194293,67.9548463446805 -136.697848191951,67.9555673448555 -136.696947191689,67.956109344215 -136.696117191257,67.9567583443653 -136.695324191201,67.9573713438485 -136.69514719008,67.9580343445574 -136.695036189062,67.9584533445102 -136.694675187348,67.9594623443071 -136.693954188452,67.9601843444439 -136.69305218729,67.9607243442665 -136.692259187067,67.9613383440315 -136.691610185301,67.9621673443839 -136.690889185298,67.9629603439437 -136.690235183576,67.9631543437324 -136.687709179917,67.9656813434138 -136.687132180191,67.9662573437809 -136.68692917975,67.9665633431947 -136.686742181301,67.966675343158 -136.685948179906,67.9672883429811 -136.685147179577,67.967914342791 -136.685119178314,67.967937342879 -136.684611179498,67.9680683428371 -136.684214177916,67.9680063427237 -136.683710178555,67.9680063424277 -136.683623177738,67.9680013426003 -136.683508178127,67.9678043429435 -136.683133180431,67.967470342481 -136.682664179312,67.9672933423745 -136.682164180073,67.9672513425873 -136.681663180513,67.9672623427214 -136.681314180006,67.9672903428466 -136.680830179568,67.9672103421896 -136.680330180551,67.9671583419656 -136.679829180274,67.9670743419923 -136.679361179729,67.9668973419094 -136.678860179842,67.9668143420281 -136.678556181965,67.9667823417521 -136.678360180103,67.9667623417806 -136.677860180428,67.9666993415442 -136.677669181131,67.966679341568 -136.67766118126,67.9666793421496 -136.677157181437,67.9666533416393 -136.676653181345,67.9666533418977 -136.676149181224,67.9666003409886 -136.675645182268,67.9665733415835 -136.675259182423,67.9665533410217 -136.674902181773,67.9664143414868 -136.674398183087,67.9663083408772 -136.673788181535,67.9662023407371 -136.673284181203,67.9661223406883 -136.672780181565,67.9660433405282 -136.672143182728,67.9659103403168 -136.671665183139,67.965751339964 -136.67116118409,67.965618340646 -136.67068418399,67.9654593406297 -136.670180184993,67.9653263402624 -136.670102184798,67.9653223401553 -136.66975718441,67.9652323401856 -136.668675183717,67.965232340004 -136.667593183544,67.9652323396448 -136.666511184432,67.965124340062 -136.665502183755,67.9649443395187 -136.665138185404,67.9648493392124 -136.664682184278,67.9648263391863 -136.664156184583,67.9647363388175 -136.664053183781,67.9647233390173 -136.663656185756,67.9646723385458 -136.663155184605,67.9646463389328 -136.662655184183,67.9646083387925 -136.662154186983,67.9645443389806 -136.661449186968,67.9644673387688 -136.660949186577,67.9644033388944 -136.660423185738,67.9643643390218 -136.660348186438,67.9643623384244 -136.659922185979,67.964351338206 -136.659358186389,67.964300337791 -136.659026187107,67.9642323379807 -136.658857186574,67.9641983386602 -136.658357187474,67.9641333381501 -136.657857186518,67.9641203375757 -136.657215186838,67.9641203378433 -136.657022185959,67.9641203379966 -136.656809187789,67.9640793378916 -136.656305188166,67.9640793377926 -136.655641187328,67.9640263372373 -136.655330187193,67.9639963370455 -136.65504418782,67.9640783378181 -136.654070187099,67.9643313372586 -136.653169187594,67.9648003373009 -136.652267185381,67.9653403369648 -136.651365186637,67.9657733369228 -136.65035618453,67.9661343368765 -136.649690184454,67.9663313369004 -136.649538185291,67.9663953369984 -136.649065185581,67.9665783362789 -136.648603185938,67.966770336539 -136.648131184742,67.9669443360466 -136.647553183332,67.9671083360005 -136.647071184802,67.9672713363509 -136.646618185169,67.9674833363359 -136.646155183287,67.967696336391 -136.645702184244,67.967917336102 -136.645249183341,67.9681293361804 -136.644941181677,67.9685243360333 -136.644968183198,67.9688273356585 -136.644989181807,67.9690743356706 -136.645365179954,67.9694113359573 -136.645469181002,67.9694333357876 -136.64585718167,67.9695173356309 -136.646271179791,67.9698063361107 -136.646656181456,67.9701343362675 -136.647051179109,67.9704613364886 -136.647138178258,67.971030336144 -136.646773178535,67.9714403367834 -136.646691178193,67.9715523367114 -136.646420178369,67.9719823366825 -136.646052176777,67.9723263363108 -136.645720176808,67.9727193360493 -136.645254177403,67.9731243363624 -136.644836176855,67.9734193361077 -136.644296175774,67.973824335788 -136.643976175623,67.9742303361708 -136.643645173924,67.9746103359589 -136.643493173835,67.9748203356657 -136.643350174801,67.9750163357317 -136.642957172919,67.9755313359425 -136.642723173094,67.9758533360353 -136.642662172989,67.9759373355454 -136.642429173445,67.9763913355731 -136.64213417204,67.9767963361072 -136.641680171256,67.9770303354301 -136.64135717169,67.977209336001 -136.641304170709,67.9772773355303 -136.640403172685,67.9777453354192 -136.639393171055,67.9779983349599 -136.638419171554,67.9782863354163 -136.637338172143,67.9784673349103 -136.636256171132,67.9786473345278 -136.635246170322,67.9788993344273 -136.634272171225,67.9791883342555 -136.633191169374,67.9793693340244 -136.632109171194,67.9794413337086 -136.63102717075,67.9796213342244 -136.629945171563,67.9796213337741 -136.628863170926,67.9796213336725 -136.627781170797,67.9796213333975 -136.626700170269,67.9796933331785 -136.625618171342,67.9795123325319 -136.624536171385,67.9794413331467 -136.624050170341,67.9794083324893 -136.623863171218,67.9794153323213 -136.623353171938,67.9794333325507 -136.62284417129,67.9794703323789 -136.622334170546,67.9794703323633 -136.62158817265,67.9795063323353 -136.621078171224,67.9795423324515 -136.620587171514,67.9796523323537 -136.619932170853,67.9797243322779 -136.619404172109,67.9797793313773 -136.61889417174,67.9797973315306 -136.618385171871,67.9798153312396 -136.618069171889,67.9798263318857 -136.617948173079,67.9798333316477 -136.617438172876,67.9799243316787 -136.616965172884,67.9800883314824 -136.616456171185,67.9801793313266 -136.615946171903,67.9802163312224 -136.615467172251,67.9802333313037 -136.615458171325,67.9802343312037 -136.61509117206,67.9803613307758 -136.614842171146,67.9803783308229 -136.614836171725,67.9803793311414 -136.614326171751,67.9805073313326 -136.613817170917,67.9805983304609 -136.613307170974,67.9805983309623 -136.612797170784,67.9806343305245 -136.612306171507,67.9807433310379 -136.611796170739,67.9807983305219 -136.611287172456,67.980834330429 -136.611061171037,67.9810043303909 -136.610833171091,67.9810633303443 -136.610760169039,67.9821453304482 -136.610824168393,67.9830273307066 -136.610531168289,67.9834883303378 -136.61038816725,67.9840113308833 -136.61048316728,67.9845353304933 -136.610721165994,67.9850103301792 -136.610959165159,67.985534330967 -136.611193163953,67.9860023303273 -136.611193163621,67.9862923303137 -136.611193164358,67.987325330854 -136.61119316396,67.9873743305631 -136.611373161909,67.988456330215 -136.611734159022,67.9892853307388 -136.611843159855,67.9893573310384 -136.612816159857,67.9897183309507 -136.613826160166,67.990006330999 -136.614727159246,67.9904393312754 -136.614989157674,67.990517331777 -136.615312157915,67.9905343317711 -136.615809158313,67.9906173317665 -136.616324158193,67.9906823319403 -136.616968158697,67.9908473317432 -136.617428158417,67.9910503318583 -136.617925158064,67.9911603319473 -136.618422157137,67.9912433326561 -136.619039156666,67.9913533319239 -136.619180156649,67.9913823326183 -136.619848157582,67.991449332295 -136.620858155957,67.9916293330091 -136.621832156127,67.9919903321875 -136.622841154312,67.9921703328478 -136.623815154405,67.9925313327986 -136.624897154833,67.992603333577 -136.625077153923,67.9927113331058 -136.625546153836,67.9934323334568 -136.625633154491,67.9936143334918 -136.625647153864,67.9936433335984 -136.625978151991,67.9943343341323 -136.626339152625,67.9953083337372 -136.626808149171,67.9962093337102 -136.626988148595,67.9972913340172 -136.627060147051,67.9983733337042 -136.627241146476,67.9993823340813 -136.627529144826,68.0003563337969 -136.627955143435,68.0007043345529 -136.628050144141,68.0008233346011 -136.628315143944,68.0012483338568 -136.628607142208,68.0016723347273 -136.629085141917,68.0018853344254 -136.629562141678,68.0020973343342 -136.630040141541,68.0022833348003 -136.630199141294,68.0023163343556 -136.630544142375,68.002389334527 -136.630644141986,68.0024333348619 -136.631021141442,68.0026013351853 -136.631525141134,68.0026543352321 -136.632003140835,68.0028133345559 -136.632342140357,68.0028673351858 -136.632640140945,68.0029993347091 -136.632670141302,68.0030113348547 -136.632780140049,68.0030543355839 -136.633038139802,68.0031053348314 -136.633568140439,68.0032643348011 -136.634073140879,68.00334433566 -136.634576140769,68.003556335695 -136.635080138874,68.0036893358479 -136.63558513947,68.0038213355493 -136.635635139127,68.0041483354947 -136.635770137779,68.0041933358551 -136.635558138277,68.0046703355598 -136.635240136886,68.0050683354413 -136.634974137403,68.005493335215 -136.634709136988,68.0059443351224 -136.634391135386,68.0063683356117 -136.633993135951,68.006686335893 -136.633648135506,68.0070853352152 -136.633303135292,68.0074823356609 -136.633038135265,68.0079073355094 -136.632772133475,68.0083313352057 -136.632534132809,68.0088093349343 -136.632321133725,68.0092863355538 -136.632295133501,68.0097913354575 -136.632242131077,68.010295335341 -136.632215131539,68.0107993356211 -136.632179129031,68.0112513353462 -136.632217131104,68.0114633354629 -136.632470129242,68.0124373358075 -136.632938127902,68.0133383357072 -136.633660126387,68.0140593362068 -136.634149125084,68.014310335931 -136.634275126167,68.0145453355985 -136.63452512618,68.014636335556 -136.634739124983,68.0147283362636 -136.634794125641,68.0147283363482 -136.63494612428,68.0147913360928 -136.635397126262,68.0150163361005 -136.635904125374,68.015129336507 -136.636383123864,68.0152983361443 -136.636890123479,68.0154113362277 -136.637397124127,68.0154393361407 -136.637904122896,68.0154393365186 -136.638411123246,68.0154953363874 -136.638919123016,68.015523336908 -136.639426125162,68.0155233368787 -136.640046123724,68.0155233372177 -136.640553124432,68.0154673371843 -136.641060124388,68.0154393373103 -136.641567122625,68.0154113372284 -136.642074124375,68.0154113367924 -136.642582122926,68.0154113373612 -136.643089124777,68.015495337509 -136.643596122719,68.0155523377647 -136.644187123076,68.0156643381152 -136.644694122536,68.0157213374772 -136.645202122537,68.0158333382192 -136.645709121818,68.0158613380987 -136.646216123216,68.0159183378542 -136.646291122597,68.0159223385355 -136.646526122626,68.0159743382312 -136.6470331228,68.0160873380199 -136.647484121692,68.0163123382382 -136.64799112151,68.0163973386318 -136.648611121305,68.0165663388888 -136.649090122039,68.0167353387398 -136.649597121694,68.0169043384932 -136.649696120843,68.0169313391533 -136.649766120556,68.0169603382888 -136.650245120719,68.0171583385438 -136.650724120266,68.017355339305 -136.651203120544,68.0175243388684 -136.651710119746,68.0176083392577 -136.652217120198,68.017637339635 -136.652724120685,68.0177213393739 -136.653153118612,68.0177453395806 -136.653905119697,68.0178883389859 -136.654424118106,68.0179823395533 -136.654943120366,68.0180303398165 -136.655509118884,68.0180773395106 -136.656027119243,68.0180773399073 -136.656593119248,68.0180773399236 -136.657159118788,68.0181713397946 -136.657702119081,68.0182163403574 -136.657997118683,68.0182163405469 -136.658502117853,68.0182923405238 -136.659008118007,68.0183173407255 -136.659514119359,68.0183683405204 -136.660019118856,68.018419340564 -136.660525117526,68.0184443412054 -136.661031117222,68.0184693403875 -136.661511117704,68.0186463406099 -136.662017116546,68.0187473408307 -136.662523117003,68.018848341346 -136.663028117329,68.0189753409096 -136.663509116537,68.0191523415323 -136.663989116414,68.0193543416226 -136.66444411605,68.0196073415601 -136.664925116648,68.0198603414247 -136.665456113877,68.0201383416413 -136.665886113254,68.0204423416102 -136.665974114564,68.0205183413101 -136.666121113515,68.0205773419457 -136.666592112976,68.020859341975 -136.666881113999,68.0210323417101 -136.667017112438,68.0212373417685 -136.667347112847,68.0216143423707 -136.66763011292,68.0220393417635 -136.668054111232,68.0223223419962 -136.668432112443,68.0226523422553 -136.668998111537,68.0229823426812 -136.669422110676,68.0232653427277 -136.669894109394,68.0235483422753 -136.670218110487,68.0236363430585 -136.67041310901,68.0236893424653 -136.670790108463,68.0240673428926 -136.671262108618,68.0243033427686 -136.67153810914,68.0245183423778 -136.671639108645,68.0246333426446 -136.671922108831,68.0248213430258 -136.672063107666,68.0249163429453 -136.672535108912,68.0251993432835 -136.672912107193,68.0255293427289 -136.673290107473,68.0258593436686 -136.673761107273,68.0260953430682 -136.674280106489,68.0262833434829 -136.674752105299,68.026472343918 -136.675120104868,68.0265063435832 -136.67581510583,68.026248343759 -136.676825106632,68.0258873433909 -136.677726106015,68.0254183437795 -136.678558107751,68.0251103440482 -136.678973108689,68.0250773443283 -136.680041107364,68.0250773445515 -136.680270106186,68.0249633442285 -136.680694106976,68.0246803448763 -136.681166107198,68.0244443444066 -136.6816851063,68.0243973445468 -136.68220410761,68.024350345353 -136.682723107999,68.0243503445608 -136.682817107336,68.0243503449136 -136.683336106808,68.0242083447377 -136.683854107857,68.0241143453691 -136.684373107727,68.024114345159 -136.684892108552,68.0240673451268 -136.685600107908,68.0241143450763 -136.686118107137,68.024255345419 -136.686543106659,68.0245383460951 -136.687015107679,68.0247743456859 -136.687533105773,68.0250573461985 -136.687958106235,68.0253403461578 -136.688335104674,68.0256703457733 -136.688618105035,68.026142346335 -136.688901104749,68.0265663462472 -136.689184103612,68.0269913464926 -136.689372103883,68.0273393464194 -136.689859102426,68.0280893464697 -136.690376101587,68.028950346158 -136.690874100695,68.0294213463569 -136.691150100857,68.0296823462718 -136.691667099439,68.0306713467355 -136.692441096972,68.0314033472553 -136.693302097074,68.0319623474881 -136.69424809601,68.0323923467739 -136.695324095828,68.0326083476225 -136.696400096066,68.0326083480729 -136.697476095436,68.0326083477027 -136.698552096213,68.032909348096 -136.699541094586,68.0333393486772 -136.70048809421,68.0336833484548 -136.700795094851,68.0338683485218 -136.700928094421,68.0339713483643 -136.701046093188,68.0340183485604 -136.701400093308,68.0341603480239 -136.701919092501,68.0343483485281 -136.702244092807,68.0345113489764 -136.702390091473,68.0345853486007 -136.702815091689,68.0348673493778 -136.703286091702,68.0351503487565 -136.703664090707,68.0354813491018 -136.704135091315,68.035669348946 -136.704607089309,68.0358583490283 -136.705126089128,68.0359523492785 -136.705644090208,68.0360463494231 -136.705838090863,68.0360643494618 -136.706138088603,68.0362643494628 -136.706614089088,68.0364543493389 -136.707089088451,68.0366923493748 -136.707518089241,68.0369783492978 -136.707994087813,68.0371683498681 -136.70851708882,68.0372163498115 -136.709041088695,68.0372633496473 -136.710088086837,68.037263350184 -136.710611088027,68.0372633506909 -136.711134087254,68.0372633501649 -136.711658087533,68.0372633503711 -136.712181088423,68.0372633507158 -136.712705088702,68.0372163506292 -136.713228087463,68.0372163503748 -136.713752087274,68.0372163508408 -136.714275088122,68.0371683513382 -136.714799087643,68.0370733510559 -136.715275087084,68.0368833509164 -136.715726087338,68.0368013509055 -136.716938088709,68.0368013516029 -136.719073088049,68.036801352223 -136.721824086811,68.0370513524855 -136.722778085557,68.0373413524785 -136.72372408504,68.037900352361 -136.724585083614,68.0385463529694 -136.72544508369,68.0392773525526 -136.726435083117,68.0397083530852 -136.727382083699,68.0400523536875 -136.727674082408,68.0400753535155 -136.727859081955,68.040181353154 -136.728551082744,68.0403703536116 -136.72905408281,68.0404333534872 -136.729557081032,68.0406213539697 -136.730060080172,68.0407473539638 -136.73056308193,68.0408733542562 -136.731066081948,68.0410623540583 -136.731569080132,68.0410623542202 -136.732072081112,68.0410623544125 -136.732575080465,68.0411253548823 -136.733079080367,68.0411873547082 -136.733582080471,68.041313354271 -136.734210079002,68.0413763547114 -136.734714080033,68.0413763548491 -136.735217080112,68.0413763546387 -136.735720081025,68.041376354982 -136.736223081373,68.0413763551443 -136.736726080627,68.0414393548954 -136.737229078721,68.041565355249 -136.737732079353,68.0416283556518 -136.738235078633,68.0416913556515 -136.738738078666,68.0416913559557 -136.739241080097,68.0416913555555 -136.739744079001,68.0416913554979 -136.74024807914,68.0416913561266 -136.740813078137,68.0417533556917 -136.740919079632,68.0417673561736 -136.741152079439,68.0418603556277 -136.742227078379,68.0420753565223 -136.743303078366,68.0423763567416 -136.744293077995,68.0427193562742 -136.745455077174,68.0429353565618 -136.74644807656,68.0432133563577 -136.746594076181,68.0433173575415 -136.746662076192,68.0433263572775 -136.747165075419,68.043451357461 -136.747731076767,68.0435143574108 -136.748234076501,68.0436403569724 -136.748737075906,68.0436403571765 -136.749177075071,68.0439543578904 -136.749618075357,68.0442063579254 -136.749995074679,68.044583357321 -136.750261074207,68.0449563580205 -136.750294075039,68.0450863578572 -136.750309072496,68.0451493578831 -136.750561073127,68.0455903574221 -136.750749073333,68.0460933578164 -136.750749072736,68.0465963579889 -136.750561071864,68.0470993580488 -136.750184069503,68.047476357752 -136.749743070305,68.0477283581399 -136.749303070022,68.0480423578431 -136.748863069469,68.0482933576286 -136.74836007047,68.0484193572153 -136.74785707052,68.048545357523 -136.747354070219,68.0487343573498 -136.746850069464,68.0487343576454 -136.746347069072,68.0488603576195 -136.745593068993,68.0489223567006 -136.745182069173,68.0489743571644 -136.745024068518,68.049045357278 -136.744164069378,68.049605356777 -136.743303068978,68.0501213566011 -136.742227067476,68.0503363564913 -136.741152067259,68.050551356832 -136.740076066495,68.0505513561848 -136.739086067422,68.0507673559061 -136.738139066083,68.0511113556035 -136.73715006688,68.0515413556165 -136.736203066078,68.0519713553666 -136.735213065432,68.0524023551506 -136.734267065759,68.0528323555965 -136.733277065427,68.0533483552286 -136.732330064297,68.053779355274 -136.731470065339,68.0543383548022 -136.73060906392,68.0548543547994 -136.729749061753,68.0554143545133 -136.729547062036,68.0556043546981 -136.728974062738,68.0561453546928 -136.728458060059,68.0570063544224 -136.728027060938,68.0580823544646 -136.728242058564,68.0590713545922 -136.72858705734,68.0600183546997 -136.729017054648,68.0610083544215 -136.729749054475,68.0617393552932 -136.730339055563,68.0619963546729 -136.730738054586,68.0621703543612 -136.731341052228,68.0630303549494 -136.730609052486,68.063805354775 -136.72974905129,68.0643213551706 -136.72875905058,68.0648813549629 -136.727898050099,68.0653973546766 -136.7270220498,68.06579535486 -136.726951049286,68.0658273543643 -136.726177049542,68.0664733546824 -136.725532048488,68.0673333538162 -136.725503047715,68.0676943543522 -136.725445046635,68.0684093545694 -136.725445046391,68.06948535411 -136.725824045377,68.0704303542646 -136.725876044822,68.0705603543178 -136.726063043398,68.0707293547309 -136.726736042743,68.0713353546213 -136.727597041381,68.0718523549607 -136.728673042228,68.072067355168 -136.729749041665,68.0722823551606 -136.730824040643,68.0722823551949 -136.731900040999,68.0724113559538 -136.732976041608,68.0724113556075 -136.734052039926,68.0724973555952 -136.735127040014,68.0727123558143 -136.736203040345,68.0729273559876 -136.737279038946,68.0730563568497 -136.738355039853,68.0731433566942 -136.739430039093,68.0732713568569 -136.740506038736,68.0733583572305 -136.741582038775,68.0735733575558 -136.742658037253,68.0740033577445 -136.743647038141,68.0742183580096 -136.744594036297,68.0746493581519 -136.745455036527,68.0752083578165 -136.746014035322,68.0760693580155 -136.746022033621,68.0761633579261 -136.746100033581,68.0771443584043 -136.746229032215,68.078220357852 -136.746745031893,68.0791673584525 -136.74760602935,68.079942359088 -136.748430028648,68.0803793585953 -136.748516028151,68.0806393586493 -136.749509027452,68.0810363590806 -136.750489026363,68.081232359265 -136.751565027047,68.0814473599574 -136.752641026577,68.0818783591037 -136.75367802577,68.0822093593302 -136.753716024558,68.0822223596788 -136.754706024225,68.0825233598651 -136.755782025681,68.0826523600731 -136.756729024979,68.0830403604025 -136.757805024445,68.0830403601789 -136.75888002387,68.0829533611869 -136.759956025837,68.0827383610354 -136.761032025179,68.082652360695 -136.761998023846,68.0826523614095 -136.762107024616,68.0826523612333 -136.763183023299,68.0826523615028 -136.764259024494,68.0826523611761 -136.76520602214,68.0831693618312 -136.764689022523,68.0840293622411 -136.763718021248,68.0844513617748 -136.763700022872,68.0844603619299 -136.762753021774,68.0848043618133 -136.761763020356,68.0853203610796 -136.760817021271,68.0857513608742 -136.759827020717,68.0861813606013 -136.75906601833,68.0867523608427 -136.758992019461,68.0868143611864 -136.758929019071,68.0868513612995 -136.758610019332,68.0870363609422 -136.75844301841,68.0872863605685 -136.758157017402,68.087702360571 -136.757740018805,68.0879883608786 -136.75740201674,68.0885353606485 -136.757322016976,68.0886253609759 -136.757016016822,68.0890963612346 -136.756639015361,68.0894493605514 -136.756393017149,68.0896803608718 -136.756263014969,68.0898023606458 -136.755863015088,68.090108360272 -136.755157015772,68.0904853600995 -136.754733014859,68.0907673600403 -136.754663016164,68.09082136027 -136.754239013883,68.091144360093 -136.753792014278,68.091402360474 -136.753369013367,68.0916853598957 -136.752898012519,68.0918733600858 -136.752404014787,68.0920383601189 -136.751839013971,68.0922973596039 -136.751368012418,68.0925083596467 -136.750921014171,68.0927443598718 -136.750697012388,68.0928783598626 -136.750403010177,68.0939263597426 -136.751049011051,68.0947013596112 -136.751995009089,68.0951313597335 -136.752856008819,68.0956473602464 -136.753519009474,68.096079360237 -136.753716007975,68.096207360526 -136.754577007958,68.0967233606972 -136.755352007336,68.0973693604831 -136.75621300558,68.0979283613551 -136.757073005488,68.0984443606078 -136.757934003077,68.0990043610543 -136.758255003731,68.0991503615871 -136.758688004494,68.0992523611648 -136.759134003817,68.0994823617319 -136.759565002375,68.099769361803 -136.76001100272,68.0999993620146 -136.760270002123,68.1004313611503 -136.760327002422,68.1009343617122 -136.760299001005,68.1014373612159 -136.76029899956,68.101941361694 -136.760422999828,68.102315362105 -136.760947998956,68.1028853624176 -136.76152399585,68.1053533618292 -136.761762995589,68.1057603623441 -136.761977994739,68.1068353623044 -136.762279993042,68.1079113622912 -136.762279991719,68.1089873625084 -136.762063988166,68.1100633624865 -136.76186398819,68.1105233626023 -136.761633988449,68.1110523621866 -136.760902987845,68.1117843623612 -136.760902986844,68.1128603624562 -136.761547985634,68.1137203621603 -136.762063983447,68.1145813627857 -136.762838981305,68.1152263626333 -136.763425981534,68.1154403628146 -136.763578982567,68.1155313624807 -136.764071982631,68.1157053628386 -136.764644982139,68.1157853629815 -136.765151982463,68.1158113632638 -136.765804981472,68.1159183634094 -136.766310981511,68.1159183630844 -136.766910981843,68.1159983631231 -136.76696598068,68.1159983637973 -136.767416981836,68.115998363399 -136.767655981061,68.1159793635134 -136.767936981274,68.1159583632811 -136.768430980971,68.1158383634046 -136.768709982141,68.1157473640159 -136.769163982057,68.1156563634456 -136.769761982707,68.1154183640604 -136.770239981971,68.1152263639634 -136.771229983124,68.115011364176 -136.772176983482,68.1145813643048 -136.773251982574,68.1143663649947 -136.774241982494,68.114151365097 -136.775188982578,68.1138063652032 -136.776177984871,68.1135053651631 -136.77712498374,68.1130753652523 -136.778114984144,68.1127303655079 -136.779190984286,68.1125583659734 -136.780197984958,68.1125583657884 -136.780552985019,68.1124873658097 -136.781055983983,68.1124203655684 -136.781557984506,68.1123533663951 -136.782093984593,68.1123203662671 -136.782596983737,68.1123203661042 -136.783098983815,68.1123203668203 -136.78397098351,68.1123203662062 -136.784472983163,68.1123533663554 -136.784975984939,68.1123533666417 -136.785444982966,68.1125543669082 -136.785947984177,68.1126213668744 -136.786449983092,68.1126213666476 -136.786784982246,68.1126213670911 -136.786952982765,68.1126213666407 -136.787454984835,68.1125213672121 -136.787957984216,68.1123873673526 -136.788460984217,68.1123203674693 -136.788962984301,68.1121523670034 -136.789364984124,68.1118173670466 -136.789766984948,68.111516367193 -136.789836985489,68.1114023672808 -136.790255983733,68.1112903673527 -136.790719983751,68.1110583674214 -136.791216984844,68.1109263677961 -136.791681985315,68.1107273673865 -136.792178985071,68.1105613677036 -136.792642985169,68.1103293681148 -136.793538985483,68.1102293680965 -136.794035984205,68.1101303680703 -136.794533984602,68.1099973682178 -136.795030985573,68.1098983679456 -136.795594985837,68.1098643688133 -136.796091985454,68.1097653684501 -136.796589985288,68.1096323689481 -136.797219986924,68.1094993689351 -136.797632985663,68.1094173691368 -136.798639985235,68.1094173692391 -136.7993479852,68.1094173691257 -136.799767984794,68.1095103689147 -136.800363985643,68.1096023696518 -136.800850985498,68.1097313689597 -136.801342984578,68.1098223692925 -136.801345986798,68.1098223694859 -136.801869985162,68.1099233698453 -136.802364985434,68.1100063696683 -136.802860984055,68.1100803693208 -136.803092985587,68.1101263696037 -136.803122985092,68.1101303697114 -136.803652983519,68.1101303699873 -136.804349985763,68.1102963701012 -136.804879983871,68.1103293695877 -136.805410983412,68.1103953701325 -136.805941984627,68.1104283704782 -136.806604983131,68.1103953703646 -136.807168983639,68.1103953706106 -136.807731982702,68.1103623703959 -136.808262984383,68.1102963705863 -136.808793983574,68.1102623705904 -136.809356983918,68.1100303707377 -136.809854984992,68.1098643708852 -136.810351983764,68.1097323712098 -136.81040098441,68.1097183713909 -136.810473985504,68.1097183712096 -136.811549985316,68.1095463709825 -136.812625984242,68.1095463709117 -136.813700983935,68.1095463712704 -136.814776985386,68.1095463718087 -136.815852983318,68.1096323716682 -136.81692898259,68.1097613723223 -136.818003981858,68.1097613723444 -136.819079982894,68.1097613725218 -136.820155982839,68.1098473731219 -136.820551982769,68.1098473732337 -136.820656982279,68.1098213728048 -136.821172983223,68.1097943729503 -136.821689983676,68.1097673730357 -136.82220598263,68.1097403734045 -136.822722983399,68.1097673735798 -136.823211981761,68.109903373494 -136.82370098199,68.1100113738557 -136.82421698258,68.1101743729877 -136.824525981487,68.1103683731513 -136.824682982646,68.1104233735908 -136.825163981584,68.1105803737864 -136.825462981644,68.1106433740099 -136.825661980529,68.1106853734997 -136.826159979795,68.1107553739321 -136.826648980674,68.1108693742048 -136.827147981667,68.110921374106 -136.827532980095,68.1109683741968 -136.827668981683,68.1109903741718 -136.828184980089,68.1110173747504 -136.828728981256,68.1110173740913 -136.829040980431,68.1110173747076 -136.829650980433,68.1112613741517 -136.833837979782,68.1119153751879 -136.83749497886,68.1119153757593 -136.838155978519,68.1119153765021 -136.840653979055,68.1119153766779 -136.840887977346,68.111839376729 -136.841407977804,68.111801376264 -136.841914977581,68.1117893765764 -136.84263297792,68.1117893768773 -136.843139977134,68.1117773769176 -136.843646977648,68.1117153765855 -136.844165977709,68.1116783768242 -136.844685977161,68.1116653769374 -136.845204976645,68.1116653772362 -136.845724977211,68.1116533770188 -136.846243976727,68.1116533775099 -136.846775978876,68.1116533775614 -136.847295978554,68.1116533775241 -136.847802977848,68.1116533776681 -136.848321976527,68.1116533778102 -136.848829977438,68.1117033773234 -136.849348977463,68.1117893779322 -136.849868976738,68.1118263778199 -136.850125976848,68.1119283776448 -136.850424977021,68.112010378433 -136.850918975417,68.1121133782018 -136.85139797529,68.1122753785423 -136.851914976757,68.1122973787864 -136.852003975863,68.1123073787103 -136.855429975017,68.1123073794215 -136.859355973348,68.1138783803801 -136.862626969624,68.1164953810937 -136.865243965202,68.1197663816688 -136.866292963762,68.1210783815602 -136.866341962807,68.1211813811525 -136.866531963098,68.1216703817973 -136.866611962324,68.1218393820081 -136.866640962159,68.1221323818728 -136.866694961638,68.1226493814303 -136.866803960986,68.1231383820033 -136.867020959696,68.1236003819131 -136.867183958428,68.1242523820313 -136.867537957459,68.1246333817108 -136.868026959039,68.1248233820312 -136.868515957369,68.1251223818733 -136.868977957083,68.1253673818778 -136.869466956349,68.1255843825454 -136.869955956988,68.1257203827032 -136.86997495619,68.1257243825273 -136.870445956232,68.1258293828578 -136.87093495528,68.1259373822612 -136.871314956436,68.1263993824607 -136.871396956356,68.1269163826564 -136.871260954369,68.1274053827297 -136.871175954816,68.1277123823816 -136.871480953981,68.1280183825989 -136.871867952763,68.1283563827052 -136.872350953051,68.1285493827244 -136.872833952456,68.1287433826429 -136.873365953015,68.1287433829031 -136.873896953233,68.1288393832811 -136.874379951653,68.1289843835277 -136.87495995227,68.1290813830061 -136.875491951176,68.1291293832899 -136.876022952135,68.1292263838408 -136.876602951099,68.1293223835607 -136.877133951796,68.129371383763 -136.877665951698,68.1294193833285 -136.878148951219,68.1295643839375 -136.878631951107,68.129709383482 -136.879163950315,68.129757383627 -136.879645950954,68.1299023845415 -136.880177950572,68.1299993842087 -136.880660950786,68.1301443845301 -136.881337948892,68.1301443845841 -136.881868948715,68.1301923843191 -136.882400949931,68.1302893841305 -136.883076948546,68.1303373847759 -136.883559948384,68.1304823845828 -136.884042949439,68.1306273853169 -136.884526946984,68.1308203849528 -136.885009947215,68.1310623853643 -136.885395948934,68.1314003854493 -136.885685947372,68.1318353854602 -136.885927946223,68.1323183849195 -136.886072945649,68.1328493859283 -136.886361945752,68.133284385545 -136.886555944051,68.1337673855433 -136.886740945001,68.1341393858448 -136.887282944345,68.1345903857168 -136.887799942832,68.135451386176 -136.88835894104,68.1363113859777 -136.888365942136,68.1363233858459 -136.888874940671,68.137172385939 -136.889520940243,68.1379463861561 -136.890079937371,68.138807386404 -136.891026937688,68.1392373868692 -136.891030938174,68.1392383866327 -136.89143593677,68.1392753867523 -136.891966936717,68.1391793868184 -136.892691937886,68.1391793867586 -136.893222936694,68.1391793864881 -136.893753935814,68.1392273867651 -136.894285936896,68.1392753870034 -136.894817935849,68.1393243871374 -136.895348936793,68.1394203868165 -136.895879937414,68.1395653875346 -136.896411936176,68.1396623878534 -136.89689493644,68.1398553878061 -136.897377934657,68.1400973877718 -136.897715934957,68.1404833879371 -136.898102934101,68.1408213876636 -136.898537934141,68.14111138795 -136.899020932818,68.1413533878259 -136.899503933244,68.1415943878675 -136.899938932351,68.1418843879646 -136.900421933283,68.1420773882071 -136.900856933256,68.1423673883828 -136.901339930266,68.1427063883572 -136.901774930319,68.1429963882843 -136.901969930735,68.1432193886025 -136.902277931028,68.1433213885778 -136.905548925853,68.145677389459 -136.905820926686,68.1458483890787 -136.905872926836,68.1459073889196 -136.906646926786,68.146552389693 -136.907507924998,68.1470693904049 -136.908415924508,68.1474823899667 -136.908453924449,68.1474993895751 -136.908782924861,68.1477133903988 -136.909314922819,68.1480593901638 -136.910261922881,68.1485323899384 -136.911121921384,68.1490913909114 -136.912111921111,68.14952239126 -136.913058921367,68.1499523909769 -136.914047920465,68.1503823914214 -136.914908919323,68.1510283911987 -136.915639919157,68.1517593913645 -136.916414917282,68.152620391824 -136.917060914993,68.1534803915894 -136.91757691491,68.1544703920043 -136.918437912202,68.1552023919067 -136.919297911509,68.1558473920192 -136.919857911673,68.1565193925636 -136.919942911273,68.1566223927854 -136.920588911217,68.1574823928218 -136.921363910004,68.1582143925978 -136.922008907958,68.1590743926009 -136.922653906739,68.1599353928842 -136.923299906863,68.1607963931879 -136.92394490481,68.1616563928323 -136.924391903427,68.1624003930801 -136.924461903141,68.1625173934825 -136.924880901439,68.163076393659 -136.925106902868,68.1633783934274 -136.925665900601,68.1642383940109 -136.926096899895,68.1652283934733 -136.92610089977,68.1652763934731 -136.926182898136,68.1663033938731 -136.926182897724,68.1663903936521 -136.925838897132,68.1672503934182 -136.92562389562,68.1683263942006 -136.925407893267,68.1694023938241 -136.925362893369,68.1699733936992 -136.925346892148,68.1701703939245 -136.925322892767,68.1704783938795 -136.925322891212,68.1712523938801 -136.925536892606,68.1714673938406 -136.925690890128,68.1718883940761 -136.925752889842,68.1721993942217 -136.925967889722,68.1731893942849 -136.926311887432,68.1741353940197 -136.926612886599,68.1752113949395 -136.926698885674,68.1762873938619 -136.926612884651,68.1773623945209 -136.926268882388,68.1783523949519 -136.92609588307,68.1787333941243 -136.925838882222,68.17929939463 -136.925407879423,68.1802893942937 -136.924891879311,68.1812353937496 -136.924461879061,68.1822253941577 -136.924297877255,68.1825863948188 -136.924031876839,68.1831723938635 -136.923990876956,68.1832383938966 -136.923944875264,68.1838173941765 -136.924461874938,68.1846783942976 -136.925450874663,68.1850223949348 -136.926397873169,68.1854523951371 -136.927473873226,68.1856243946064 -136.927817873309,68.1856243953532 -136.92846187361,68.1855483954094 -136.92975887168,68.1858513955315 -136.930431872178,68.1860763950979 -136.930614871713,68.1860983952127 -136.931690871177,68.1860983956239 -136.932766873248,68.1861843958277 -136.933841871936,68.1861843958582 -136.93470287103,68.1867433965765 -136.935434870685,68.1874743964932 -136.93629486978,68.1882493966523 -136.937069867649,68.1888953968786 -136.938015866527,68.1893253971091 -136.939091866036,68.1894113969556 -136.939962867595,68.189515397427 -136.940167865593,68.1895403971497 -136.941243867248,68.189626397809 -136.941349866921,68.1896263974214 -136.942319864864,68.1896263976273 -136.943394867341,68.1896263977875 -136.944470865272,68.1894973980823 -136.945546865917,68.1894113988107 -136.946363866212,68.1893133986486 -136.946514866242,68.1893303988011 -136.94709486601,68.1894263986408 -136.947625865662,68.1894753987821 -136.948156866395,68.1895233990011 -136.948688865799,68.1895713991949 -136.948868865772,68.1897913991126 -136.948785865723,68.1899583985816 -136.948640865296,68.1904413989063 -136.948446863891,68.1909243993259 -136.948301864583,68.1914073988789 -136.948204862676,68.1917323990353 -136.948128861971,68.1917773988301 -136.947568861784,68.1926383985076 -136.946923860854,68.1934133988098 -136.946406860197,68.1943593990404 -136.945847857846,68.1952203985301 -136.945202858789,68.1960813988204 -136.944685856607,68.1970703983258 -136.944255855241,68.1980173986502 -136.9440408546,68.1990933984421 -136.944040853113,68.200169398118 -136.943911850105,68.2012443983929 -136.943846850346,68.2016453986898 -136.943899851223,68.2016713981001 -136.943894850312,68.2018273986043 -136.944105849809,68.202296398733 -136.944108850962,68.2023023986974 -136.944211850319,68.202453398675 -136.94426084903,68.2025163987555 -136.944484847857,68.2027133986442 -136.94496884884,68.2028583984487 -136.945499848998,68.2029543984734 -136.945639849607,68.2029673987236 -136.945982849195,68.2031963990774 -136.946659847708,68.2035833986309 -136.947142847402,68.2038243991554 -136.947818848538,68.2039693992171 -136.948350846496,68.2040173992136 -136.948881847598,68.2041143995612 -136.949413847279,68.2041143991764 -136.949944846194,68.2041623994024 -136.950476846661,68.2041624003309 -136.951007847415,68.204162399883 -136.951231846568,68.2043113997178 -136.951269846479,68.2047304001356 -136.951364846112,68.2054444000793 -136.9513648439,68.2059674001946 -136.951412843572,68.2064913999313 -136.951412842671,68.2070924002734 -136.951327842799,68.2071763997273 -136.951226842571,68.2073113999163 -136.950709843057,68.2081724000268 -136.950542842019,68.2085414000629 -136.950331839825,68.2087523998948 -136.950089841318,68.2092354000766 -136.949751840981,68.209622399943 -136.949316838142,68.2101053996249 -136.948881838893,68.2104433992876 -136.948591837868,68.210878399359 -136.948350837017,68.2113613998672 -136.948060837388,68.2117963999093 -136.948060836084,68.2123283993786 -136.948060835708,68.2128593992614 -136.948060836675,68.2133913998457 -136.948060835083,68.2134683993326 -136.947955834462,68.2137233999562 -136.947740832824,68.2147134000338 -136.947529832505,68.2152954002668 -136.9473968335,68.2156603997675 -136.94644983238,68.2160043997528 -136.946006832714,68.2161393993818 -136.945460831778,68.216305399737 -136.94451383089,68.2167353997679 -136.943523831221,68.217080398845 -136.942576830627,68.217510399267 -136.941716829813,68.2180263990138 -136.940855828885,68.2185863988161 -136.940081827317,68.2192313986231 -136.939565827701,68.2200923982327 -136.939005826824,68.2210383984945 -136.938274824496,68.2218133981672 -136.937413824877,68.2225453976826 -136.936552824068,68.2231903981443 -136.93579382317,68.2237603982515 -136.935692823224,68.2238353977887 -136.934831822683,68.2243953975001 -136.933970820704,68.2250403978616 -136.933110822625,68.2255573976142 -136.932249821012,68.226116397573 -136.931708819893,68.2264413976696 -136.931389821148,68.2266323975104 -136.930528819158,68.227192397406 -136.929797818321,68.2279233969729 -136.930012817386,68.2289133976342 -136.930528816168,68.2297733971497 -136.9309588153,68.2307203976377 -136.93138981293,68.2317103973295 -136.932163811733,68.2324413974263 -136.933024810543,68.2330013976333 -136.93397081134,68.2334313979543 -136.934616810673,68.2335173983728 -136.935046810917,68.2336463981186 -136.935841811049,68.2337853985269 -136.936768809054,68.2342063987888 -136.937843809461,68.2342063984508 -136.938919809432,68.234206398464 -136.939995809012,68.23429239964 -136.941071808602,68.2342923999061 -136.942146810087,68.2344213996601 -136.943222808567,68.2345073992409 -136.944298809202,68.2343784003058 -136.945374808604,68.2342924006276 -136.946449808822,68.2342924002005 -136.94688480729,68.2343444007114 -136.947220808971,68.2343444001922 -136.947724809074,68.2343194005173 -136.948227808615,68.2342944003469 -136.948730807985,68.2342694007384 -136.949233808072,68.2342944011971 -136.949736807105,68.2344194007859 -136.950340807683,68.2344954006311 -136.950844806976,68.2345964011281 -136.951347806392,68.2346214014423 -136.951850806981,68.2347224015764 -136.951874807735,68.2347284009332 -136.952904807544,68.2348514012184 -136.953894805128,68.2352824014535 -136.954754804114,68.2357984017973 -136.955615804529,68.2363574018576 -136.956561803388,68.2368744018331 -136.956716804425,68.2369744025062 -136.956723802501,68.2369744020962 -136.957184802883,68.2371894024547 -136.957646803045,68.2373934028307 -136.958129804132,68.2375324026473 -136.958601802884,68.237715402494 -136.958655802502,68.2377664024192 -136.958966802941,68.2380584026671 -136.959459800457,68.2381764028385 -136.959953801781,68.2383264033959 -136.960264800151,68.2384164030143 -136.960664799953,68.2387044029063 -136.961295800609,68.2388964036121 -136.962242799813,68.2392404035107 -136.963102799948,68.2397564035851 -136.964092798571,68.2401874037158 -136.96473779751,68.2409614038019 -136.965254797028,68.2418224036931 -136.965598795173,68.2427694040427 -136.965661795188,68.2430854040344 -136.96581379338,68.2438454039951 -136.966114791264,68.2449204043236 -136.966329791107,68.2459104038149 -136.966674790091,68.2468574039952 -136.967104787749,68.2478464042316 -136.967750787143,68.2487074045202 -136.968043787153,68.249001404861 -136.968335786177,68.2493964045293 -136.968618785665,68.249810404692 -136.968901784343,68.2502894046705 -136.969184785641,68.2507244050072 -136.969489783737,68.2511384051833 -136.969815783275,68.2515304052397 -136.970098783183,68.2519874049922 -136.97033878255,68.2524444048914 -136.970512781942,68.2529234054056 -136.970686780822,68.2534024059374 -136.970904781045,68.2538594056095 -136.971121780323,68.2543164055963 -136.971361779674,68.2547734056089 -136.971535777622,68.255252405419 -136.97201477842,68.2556224059877 -136.972384777157,68.2559924056268 -136.97266777563,68.2564274059987 -136.972812775173,68.2565154057741 -136.973214773979,68.2573994060316 -136.973558773533,68.258475406682 -136.973644771879,68.2595514060647 -136.973429771098,68.2606264058085 -136.972870768769,68.261487406249 -136.972354768903,68.2623484064648 -136.971579768432,68.2629934058116 -136.971063768084,68.2638544058292 -136.971063765077,68.264499406026 -136.970934766888,68.2649304058548 -136.970632764792,68.2660054063413 -136.970202763339,68.2662644061882 -136.969987764594,68.266737406102 -136.969678761474,68.2676244061096 -136.969686762104,68.2678124060508 -136.969901760803,68.2688024055873 -136.970331759058,68.2697494062423 -136.970977758161,68.2705234059511 -136.971309759455,68.2708564063819 -136.971342758957,68.2708884060713 -136.971594757691,68.2712454059573 -136.971937756064,68.271622406509 -136.972333756994,68.2719324059805 -136.972831755508,68.2719834066716 -136.973312757014,68.272138406505 -136.973330755593,68.2721454063936 -136.973776755899,68.2723274068793 -136.974274755629,68.2724474072374 -136.97472175483,68.2727054067031 -136.975150755022,68.27296240721 -136.97552875563,68.2733064071097 -136.975889753626,68.2736674067839 -136.976232753224,68.2740454070607 -136.97666275418,68.2745264074629 -136.976920750903,68.2749734073509 -136.977229751185,68.2753684071576 -136.977266752492,68.2754004076443 -136.977624751478,68.275711407269 -136.978053751774,68.2760034078374 -136.978373751545,68.2762534078868 -136.978449750701,68.2763134077226 -136.978586750236,68.2767934080673 -136.978638747864,68.277292407606 -136.978672748434,68.2778074076962 -136.978895746047,68.2782714078543 -136.978903748308,68.2782864080746 -136.979454747539,68.2786994084328 -136.980443746066,68.2791304079439 -136.980502746088,68.2791564082193 -136.981216745838,68.2794814078594 -136.981681744818,68.279644408805 -136.982176746773,68.2797764086394 -136.982646744035,68.2801024088473 -136.983068744813,68.2803794089973 -136.983489743984,68.2806684085842 -136.983884742613,68.2808714087796 -136.983935744326,68.2808974088288 -136.984144742306,68.2809654089595 -136.984417742522,68.2810544089244 -136.984863743065,68.2812954089216 -136.985345743161,68.2814644088566 -136.9858037428,68.2816814096471 -136.986262742671,68.2818974094973 -136.986731741918,68.2820904091405 -136.987165742441,68.2823554097883 -136.987611739795,68.2827054094708 -136.988009741164,68.2830184097733 -136.988455740523,68.2832594098364 -136.988615739609,68.2834304100722 -136.988619740677,68.283433409746 -136.989566737923,68.2838634099932 -136.990556738066,68.2840784099222 -136.990955739272,68.284078410082 -136.99146173742,68.2841934104738 -136.991952738663,68.2843104100496 -136.992560736564,68.2844274105353 -136.993074738047,68.2844974107506 -136.993588738312,68.2845444109561 -136.994102736208,68.2845904108856 -136.994616738488,68.2845904111468 -136.995130737119,68.284567410888 -136.9956447378,68.2845674106916 -136.996158736702,68.2845444114378 -136.996672737204,68.284544411516 -136.997036737055,68.2845104111935 -136.997186736751,68.2844974115589 -136.997265736031,68.284497411272 -136.997526738195,68.2844654117646 -136.99778873772,68.2843864113574 -137.004624736967,68.2837584129321 -137.005649740105,68.2816664124707 -137.007072742079,68.280480413385 -137.007900741442,68.2799284136416 -137.009739743845,68.2786414138761 -137.01121374517,68.2776094139231 -137.011489744374,68.2774444140953 -137.015077747169,68.2765054143499 -137.019107746524,68.2757884153958 -137.022144748013,68.2748494157781 -137.022806748504,68.2740214159033 -137.022309750323,68.2720894149829 -137.02159175389,68.2702674151829 -137.021316752413,68.2702674152692 -137.017341754595,68.2696044148895 -137.013311755981,68.2687764132885 -137.012282757073,68.2685194136736 -137.009847756331,68.2679104132412 -137.009803757126,68.2678874131464 -137.009349758331,68.2674754129779 -137.008980759484,68.267128412636 -137.00888075978,68.2670404129817 -137.008591758728,68.2667824123342 -137.008287759718,68.2663494131455 -137.008071760088,68.2658944129701 -137.008011761209,68.2656224129094 -137.007962761371,68.2653964127504 -137.007854760999,68.2648974121653 -137.00791976224,68.2643344129807 -137.007941762933,68.2638144129771 -137.008092763352,68.2633384131321 -137.008121763142,68.2630944127053 -137.008894765097,68.2619864129918 -137.009280766142,68.2608824123801 -137.00861877042,68.2569074123628 -137.008783771955,68.2567144123403 -137.008800771012,68.2565654124551 -137.009060774062,68.2558724124091 -137.009262773788,68.2554094121281 -137.009695773667,68.2551214124914 -137.010157773487,68.254890412466 -137.010619775471,68.2546874128585 -137.010790774376,68.2546654130184 -137.011297774068,68.2543614128082 -137.014032775064,68.2539054130605 -137.018025776016,68.2525744143035 -137.020201778649,68.251408414131 -137.020219777519,68.2514024138207 -137.02069577772,68.2512044145195 -137.021645777124,68.2510854143344 -137.022160778559,68.251046414305 -137.022675777645,68.2510064148357 -137.023189776556,68.2510064145239 -137.023704778786,68.2509664149912 -137.024734777061,68.2509274147585 -137.025249777973,68.2509274150695 -137.025763778678,68.2509274152617 -137.026278778481,68.2509274151025 -137.0267937777,68.2509664156544 -137.027308775869,68.2509274153327 -137.027823776847,68.2509274159276 -137.028338776422,68.2508874156086 -137.029209778155,68.2508084156727 -137.02968477606,68.2506104157516 -137.030199778476,68.2504514162204 -137.030714776881,68.2503724161975 -137.031387778637,68.2502144160864 -137.031862779414,68.2500564161943 -137.032337778308,68.2498974166947 -137.032812779806,68.2496994165261 -137.033406779313,68.2494224164747 -137.033921780034,68.2492644166941 -137.034396778972,68.2491054169462 -137.034872780186,68.2489074164773 -137.035347779111,68.2487494165646 -137.035822779032,68.2485114167283 -137.036297779634,68.2483134174873 -137.036773780214,68.248036417406 -137.037208779767,68.2477194174353 -137.037723780098,68.2474424174455 -137.038198780684,68.2472444172858 -137.038673782365,68.2470064175229 -137.03906978121,68.2466894169362 -137.039545781181,68.2464524177553 -137.040059782447,68.2463334176664 -137.040574782419,68.2462144180422 -137.041050782037,68.24605641726 -137.041564782333,68.2457794174855 -137.042000782653,68.2455014182797 -137.042335783558,68.24519441737 -137.042475784218,68.2450664179119 -137.042831783594,68.2447094179266 -137.043267783607,68.2443934177798 -137.043782785303,68.2442744181696 -137.044297785478,68.2442344183456 -137.044811784739,68.2442344183044 -137.045326784245,68.2442344185359 -137.045841783197,68.2442344185304 -137.046435783538,68.2442344183953 -137.046950783294,68.2443134183747 -137.047465783546,68.2444324187239 -137.047723782609,68.2445874185237 -137.050370782295,68.2445874194587 -137.054364781289,68.2452534204809 -137.057545781349,68.2447224206109 -137.057799780442,68.2447424206062 -137.058467780378,68.244742420725 -137.05897778178,68.2447814213354 -137.05948878147,68.2447814208827 -137.059999782028,68.244781420948 -137.060510782191,68.2448214208806 -137.061021782905,68.244781421169 -137.061531781761,68.2447424213015 -137.062042781003,68.244585421436 -137.062553782483,68.2445064215103 -137.063064781054,68.2444674212695 -137.063771780613,68.2443494216233 -137.06428278215,68.2441924218015 -137.064753782775,68.2439564213958 -137.06518578359,68.2434854218337 -137.065578782125,68.2431704216439 -137.065971783483,68.2428564221263 -137.066443783757,68.2426204224266 -137.066786784522,68.242594422063 -137.067071784,68.2426594225918 -137.067543782659,68.2428564227366 -137.068054782082,68.2430134221898 -137.068564782826,68.2431704220396 -137.069075781036,68.2432884224131 -137.06954778227,68.2435244226505 -137.070018782542,68.2437604224837 -137.070411780148,68.2441924229348 -137.070715780992,68.2444964223897 -137.070765779545,68.2446244226821 -137.071157781029,68.2449784227625 -137.071590780026,68.2452534235498 -137.071982778703,68.2455674227605 -137.072454778187,68.2458034234722 -137.072965777606,68.2458814235037 -137.073476777285,68.2458814233458 -137.073986779355,68.2459604235887 -137.0744587772,68.2461564236089 -137.074904778469,68.2462604236385 -137.075661778803,68.246584423918 -137.079654776798,68.2469834246737 -137.082957775324,68.2477544256548 -137.083220775974,68.2478854252877 -137.083534774161,68.2483174249254 -137.083888773343,68.2487104259322 -137.084281773873,68.24902542527 -137.084634774302,68.2494184257299 -137.084988770728,68.2498504256036 -137.085302772505,68.2502434256369 -137.085931771682,68.2505184256373 -137.086441770974,68.2506364261881 -137.08691377118,68.2508324262563 -137.087502770591,68.2511464257936 -137.087803768997,68.2512164262137 -137.087889769469,68.2512524264013 -137.088252768749,68.2516144263876 -137.088753769304,68.2516254269423 -137.089201769657,68.2513904268943 -137.089378768766,68.2512554262877 -137.089617769996,68.2511774263293 -137.090064771064,68.2509324266697 -137.090555770827,68.2507934262748 -137.091045769412,68.2506764269192 -137.09152577187,68.2504954268573 -137.091888769564,68.2504164268874 -137.092099769503,68.2504004269978 -137.092649770363,68.2502824273299 -137.093160769218,68.2502434270857 -137.093671770737,68.2500854276976 -137.094182771492,68.2500464268867 -137.094692769897,68.2500074276225 -137.095203771595,68.2498504275096 -137.095714770306,68.2498504279806 -137.096225771084,68.2498104279089 -137.09673577226,68.2497324277828 -137.097207772757,68.249496427965 -137.09771877197,68.2493394283057 -137.098229770791,68.2492214281839 -137.098726771491,68.2491834275423 -137.098821772627,68.2491514283276 -137.099337771577,68.2491164282979 -137.099835770907,68.2490624284859 -137.100334771805,68.2490094279234 -137.101010771781,68.2489564284505 -137.1015087707,68.2489024288329 -137.102024771657,68.2489024285958 -137.10224677232,68.2489024289857 -137.102472771181,68.2488674283652 -137.102983772598,68.248789428738 -137.103494770684,68.2487104286212 -137.104004770488,68.2487504290501 -137.104515770138,68.2486714289091 -137.105026770743,68.2485924294722 -137.105537771067,68.2484354292017 -137.106008771306,68.2482394293928 -137.106440771118,68.2479644294751 -137.106755773201,68.2475714297117 -137.107108772632,68.2472174300493 -137.107373773641,68.2470284293621 -137.107658773342,68.2468244292818 -137.108051775216,68.2465104296315 -137.108523774464,68.2462744297486 -137.108994775312,68.2460384296496 -137.109505774357,68.2460384300936 -137.110016773559,68.2459994297917 -137.11052777419,68.2460384305453 -137.111037773433,68.2460784304832 -137.111548774508,68.2460784302802 -137.111695774664,68.2461074302549 -137.114529774237,68.2459184303385 -137.118522774645,68.2449864312312 -137.122515774264,68.2452534325399 -137.126775772619,68.245653432628 -137.129896771812,68.2465894332289 -137.130132771461,68.2465894337741 -137.130643771206,68.2465894340268 -137.131154770402,68.246589434066 -137.131665770947,68.246549433408 -137.132175772129,68.2465494339413 -137.132686771198,68.2465104338511 -137.133197770438,68.2463924342712 -137.133904772852,68.2462354343384 -137.134375771441,68.2460384346022 -137.134886770726,68.2459214345309 -137.135397770529,68.2458424344456 -137.135908771624,68.245685434317 -137.136226772893,68.2456364345516 -137.136272771481,68.245616435109 -137.136758773135,68.245403434787 -137.137245773423,68.2452214348645 -137.137792772755,68.245221434534 -137.138310772917,68.2452214352767 -137.138827773402,68.2452824352005 -137.139344772279,68.2453734351174 -137.139830770209,68.2455554352422 -137.140295772239,68.245865435375 -137.140378771832,68.2459204351429 -137.140743770877,68.2462854356578 -137.14119976928,68.2464984355275 -137.141326770554,68.2465544359744 -137.141686769403,68.2467114353366 -137.142142768776,68.246924435485 -137.142598769128,68.2471674352814 -137.142637768379,68.2471794356209 -137.142720769338,68.247228436284 -137.143176768781,68.2474414362185 -137.143622769586,68.2474204362901 -137.143815769685,68.2474114358692 -137.144301767989,68.2472284362505 -137.144849768866,68.2472284359843 -137.145336768411,68.2473504363211 -137.145853769223,68.2474414366583 -137.146339768808,68.2475934367273 -137.146765768397,68.2479284368429 -137.147221767294,68.2481714362327 -137.147678766387,68.2484144368463 -137.147807765982,68.2484834367047 -137.148241766634,68.2484834367608 -137.148800766983,68.2485534367128 -137.149358767041,68.2486234367588 -137.149847766382,68.2488334374977 -137.150406766966,68.2489024372168 -137.151035766934,68.2488334375749 -137.151594764996,68.2488334376608 -137.152152766351,68.2487634374869 -137.152711766362,68.2486934374316 -137.153270765464,68.2486234383213 -137.154248765709,68.248483438518 -137.154807765494,68.2484834381036 -137.155365765181,68.2484834380344 -137.15543976561,68.2484924381481 -137.155677766437,68.2484454377609 -137.156194766559,68.2484144381198 -137.15658176521,68.2483184387208 -137.15690276742,68.248134438321 -137.157391767771,68.247925438579 -137.157880766214,68.2477154382398 -137.158369767297,68.2475054390255 -137.158928767175,68.2473664389505 -137.159417768207,68.2470864390053 -137.159906766423,68.2469474391253 -137.160465766602,68.2469474391551 -137.16102376655,68.2470164390299 -137.161582766552,68.2470864388307 -137.162071766699,68.2472964398458 -137.162560765991,68.2475054399774 -137.163049764886,68.2477154395474 -137.163538766152,68.2478554395553 -137.164027765122,68.2479944394821 -137.164586764321,68.2479944398846 -137.165144765413,68.2479944401595 -137.165703764941,68.2479944402907 -137.166262763921,68.2479944399191 -137.166891765685,68.2479944399613 -137.167118765605,68.2479944397957 -137.167326765706,68.2478974406901 -137.167843764222,68.2477454402894 -137.168391764706,68.2476544405031 -137.168908765428,68.2476244400984 -137.169455765714,68.2475634408634 -137.169973765407,68.247563440421 -137.170490764595,68.2475324405769 -137.170976765666,68.2474114407002 -137.171493764917,68.2473194409077 -137.172010765439,68.2472284413086 -137.172527765281,68.2471984414047 -137.173044766403,68.2471374415396 -137.1735627653,68.2471064415828 -137.174078765507,68.247106441936 -137.174596767,68.2471064415962 -137.17511376506,68.2471064417589 -137.175630765966,68.2471064418764 -137.176147765817,68.2471984418733 -137.176634764261,68.2473504419716 -137.177120764976,68.247563442313 -137.177607765087,68.2477454421476 -137.178033763565,68.2480194418048 -137.178428764313,68.2483544420892 -137.178916762795,68.2486524427859 -137.179045763479,68.2486234419894 -137.179603762657,68.2486234423032 -137.180162762346,68.2486934430487 -137.180861763285,68.2486234428834 -137.181350763177,68.2484134431889 -137.181575761746,68.2483854427963 -137.18176576345,68.2483964432366 -137.18227676429,68.2484104430624 -137.182788762201,68.2484244434589 -137.183414763075,68.2484244426593 -137.183925763278,68.2484534434936 -137.184437762821,68.2484674436364 -137.184977762192,68.2483254433573 -137.185052764095,68.2482444435459 -137.185318763315,68.2479554428762 -137.185560763273,68.2475144436974 -137.18568876477,68.2470174433898 -137.185730764495,68.2465054433818 -137.185759766123,68.2459794433635 -137.185887766278,68.2454684432729 -137.186171767369,68.2450554436317 -137.186569767577,68.2447434440005 -137.187010767262,68.2445014434064 -137.187163768555,68.2444684438565 -137.187217768141,68.2444324437588 -137.187636768853,68.2441534436698 -137.188055768611,68.2438734434349 -137.188474767995,68.2435944439228 -137.188893768042,68.2432454436944 -137.189312769497,68.2428954441246 -137.189661770052,68.2424764440945 -137.189736769521,68.2423024443471 -137.191206769011,68.2420574445005 -137.191338769777,68.2420574439082 -137.191897769892,68.242057443905 -137.192456768916,68.2420574446575 -137.19301477023,68.2421274444502 -137.193573769766,68.2421274441999 -137.19413276821,68.2421274447053 -137.194831770221,68.2421274450984 -137.195389770255,68.2421274447017 -137.195948768676,68.2420574448558 -137.196507770999,68.2420574453052 -137.197205769871,68.2420574457052 -137.197764769134,68.2420574452387 -137.198323770699,68.2420574457302 -137.198882768326,68.2420574455164 -137.199790769174,68.2420574456389 -137.200349768278,68.2419874457104 -137.200907769713,68.2419174460434 -137.20146677012,68.2417784461263 -137.202095768822,68.2416384460759 -137.20258476887,68.2414284461709 -137.203073770341,68.2412194467343 -137.203428770086,68.2411174466113 -137.203600769561,68.2410704466716 -137.203704768778,68.2410414466083 -137.203744771247,68.2410344465551 -137.204203769693,68.2409534469035 -137.204732768798,68.240835446467 -137.205289770588,68.2407184462454 -137.205817770449,68.2406594471388 -137.206316771612,68.2404834468031 -137.206786769764,68.240278446747 -137.207256769417,68.2401024469258 -137.207901769991,68.2399554472628 -137.208370771193,68.2397794470101 -137.208899771439,68.2396914472311 -137.209398770395,68.239632447763 -137.209896771279,68.2394854474295 -137.21063077215,68.2393384476012 -137.211129772647,68.2392504476586 -137.211804771664,68.2390744477481 -137.212273773236,68.2388104480002 -137.212772772295,68.2386344476726 -137.21324277171,68.2384584478698 -137.214005772843,68.238253448563 -137.214504773056,68.2381654486271 -137.215003771623,68.2380474486128 -137.215502771977,68.2378714482083 -137.215971771638,68.2376954485034 -137.216174773233,68.2375774490278 -137.216414773276,68.2375174484454 -137.216973773318,68.2374474488484 -137.217462773072,68.2373074486656 -137.218021771813,68.2372384487332 -137.218509773532,68.2370284485702 -137.218998773048,68.2368184493841 -137.219487773009,68.2366794493766 -137.220116773877,68.2363994491006 -137.220535773971,68.2361204497096 -137.22109477533,68.2360504492122 -137.221513774681,68.2357714495007 -137.221653776239,68.2357014495601 -137.222215775832,68.2355364496624 -137.221354776727,68.2344604497226 -137.220902776837,68.2341594496998 -137.220507777363,68.233850448749 -137.220078778785,68.23357544928 -137.219683778622,68.2332494491152 -137.219307778844,68.2328414491585 -137.219348779598,68.2323484493274 -137.219418779697,68.2317894491209 -137.219487779719,68.2312304486764 -137.21976778142,68.2308114490656 -137.220186781956,68.2304624490606 -137.220605782117,68.2301134490541 -137.220884783582,68.2296944493774 -137.221234782148,68.2292754492062 -137.221583784071,68.2288564486132 -137.221932784103,68.228436449314 -137.222351784753,68.2280174493072 -137.222770784573,68.2277384493182 -137.223189785396,68.2274584493365 -137.223609785961,68.2271794488902 -137.22395878679,68.2267604491341 -137.224218786567,68.2264484498106 -137.224307787245,68.2263414495263 -137.224586787601,68.2259224490243 -137.225075789073,68.2252934496417 -137.225425787602,68.2248744497802 -137.225914788102,68.2247344495069 -137.226403788425,68.2245954501442 -137.226891788802,68.2244554501765 -137.227869789945,68.2238964497633 -137.228359789254,68.2237574502672 -137.228847790572,68.2236174501723 -137.229336789653,68.2234074498859 -137.229825789287,68.2231984506458 -137.230183790687,68.2231534502087 -137.230437789929,68.2229934506272 -137.230600790696,68.2228904503451 -137.234594792321,68.2211604506557 -137.238587793177,68.2204944515204 -137.242580794628,68.2188974522695 -137.24657379465,68.2182324535602 -137.250566794072,68.2188974538606 -137.254560791416,68.2206284544247 -137.255602790375,68.2207254548051 -137.255921789189,68.2208314549133 -137.256431789779,68.2209404547186 -137.257414788529,68.2211224551719 -137.257924789828,68.2213044548441 -137.258433789032,68.2213774551588 -137.258943788118,68.2214134555879 -137.259453787961,68.2214134557128 -137.26036378761,68.2214134557793 -137.260873789218,68.2214134557958 -137.261383788318,68.2214134561324 -137.26189278898,68.2214134564494 -137.262381788457,68.2213444562046 -137.262402790038,68.2213414562513 -137.262912788603,68.2211954563436 -137.263385788161,68.2210134562763 -137.263859788176,68.2208314565144 -137.264295790288,68.2205764561423 -137.264769789495,68.2203944565131 -137.265279790646,68.2202854563919 -137.265788790118,68.2201394566844 -137.266262789529,68.219920456982 -137.266735790417,68.2197394567612 -137.267973791882,68.2193384572509 -137.268556790208,68.2192654575311 -137.269065790312,68.2191934570723 -137.269549792039,68.2190894570996 -137.270134790618,68.2187644573757 -137.274127792023,68.2180984579506 -137.278120793568,68.2174334588901 -137.282113792821,68.2167674588422 -137.286107793102,68.2161024602826 -137.290100793657,68.2151704609935 -137.294093796327,68.2134404613045 -137.298087798255,68.2118424622544 -137.302080796047,68.2111774626868 -137.305408797502,68.2109114632216 -137.306413796563,68.211162463716 -137.30696079586,68.2114904639746 -137.307429794973,68.2118024637063 -137.307898796218,68.2120114639063 -137.308315794094,68.2123244640703 -137.308993794349,68.2128974642133 -137.30935879373,68.2132624645731 -137.309671793301,68.2136794638883 -137.309984793488,68.2140974640263 -137.310296791469,68.2145144640827 -137.310609791108,68.2149834643305 -137.310922790084,68.2154524645876 -137.311235789754,68.2158694643527 -137.311600788984,68.216234464665 -137.312017789737,68.2165474648358 -137.312382788811,68.2169124654094 -137.313373787811,68.2175904654361 -137.31373878665,68.2179554651679 -137.314155787552,68.2182684651151 -137.314624786463,68.2185294648494 -137.315093786206,68.2188414649959 -137.315458785496,68.2192064650384 -137.31566778598,68.2196754654884 -137.315979783421,68.2200924654237 -137.316292782953,68.2205104658719 -137.316709783146,68.2208754663482 -137.317127782972,68.2212404656227 -137.31754478328,68.2215524657023 -137.318221781034,68.2221264657777 -137.31858678166,68.222543465851 -137.319056780936,68.2228044665617 -137.31952578054,68.2230644658183 -137.320359779479,68.2234814668951 -137.320881779942,68.2236384666091 -137.321402778182,68.2237944667033 -137.321923778643,68.2238984668845 -137.322445780096,68.2238464670593 -137.322966778162,68.2238464671975 -137.323435778933,68.2236384670791 -137.324165779942,68.2232734670474 -137.324582780529,68.2229604671992 -137.324947779698,68.2225954668973 -137.325417779807,68.2222824672231 -137.325886781745,68.2220214676889 -137.32651278254,68.2216044677388 -137.32698178146,68.2213444671934 -137.327502782342,68.2210834674346 -137.327971781469,68.2208224678674 -137.328389782111,68.2205104674131 -137.328858782002,68.2202494682605 -137.329327783285,68.2199364680545 -137.329796782189,68.2196234681869 -137.330213784172,68.2193104675854 -137.330683783562,68.2189974683557 -137.331413785581,68.21842446859 -137.331882784164,68.2181634685871 -137.332051784309,68.2180504682947 -137.332439786193,68.2179864682126 -137.332716784824,68.2179034689867 -137.333185784307,68.2176944686927 -137.33365478618,68.2174334681731 -137.333865785577,68.217328468473 -137.334385787209,68.2170684687441 -137.33490678604,68.2169124687098 -137.335427787853,68.2167564689327 -137.335949787389,68.2166514687735 -137.336470785305,68.2166514692214 -137.336991786074,68.2166514695962 -137.33751378633,68.2164954699218 -137.338034785959,68.2163914692091 -137.338503786062,68.2161824693357 -137.339442786347,68.2157654694593 -137.339519788128,68.2157224693023 -137.339911787511,68.2155044699271 -137.34038078784,68.2152964695514 -137.340849787372,68.2150874697197 -137.341319788614,68.2148794696941 -137.341788789957,68.2146704701154 -137.342309789224,68.2145664699586 -137.3428317902,68.2144614702299 -137.343352789671,68.2143574700613 -137.343874789263,68.2143574705705 -137.344708788262,68.2143054701028 -137.345229789376,68.2142534707317 -137.345751787988,68.2142534709469 -137.346324789606,68.2142014705653 -137.34684678746,68.214201470802 -137.34736778914,68.2142014709005 -137.348670787491,68.2142014709306 -137.349192787476,68.21420147148 -137.349713787897,68.2142014717049 -137.35023578818,68.2141494719616 -137.350756788018,68.2140444711262 -137.351277787453,68.2139924716968 -137.35221678715,68.2139404719774 -137.352737786995,68.2139404719929 -137.353259789,68.2138884718534 -137.353432787094,68.2138884719396 -137.35378078809,68.2138884720494 -137.354301788069,68.2138884727019 -137.354823788489,68.2138884725684 -137.355553787063,68.2139404725579 -137.356126787317,68.2139404727505 -137.356648788128,68.213940473006 -137.357169787959,68.2139404722498 -137.357690788144,68.2139404732091 -137.358518787548,68.2138884731564 -137.361979786429,68.2151704738511 -137.362938784307,68.2152664735691 -137.365972784887,68.2155694747246 -137.369966783881,68.2161024753034 -137.373959783525,68.2158354754484 -137.375024784067,68.2151704760785 -137.37662178823,68.2127744762575 -137.37717078825,68.2117864763691 -137.377275786872,68.2116294761006 -137.377581790204,68.2111714761786 -137.377963790024,68.2107124761013 -137.378345790488,68.2102534761259 -137.378804790479,68.2098714759774 -137.379797792305,68.2090304767336 -137.380179790699,68.208648476446 -137.380638792731,68.2083424766662 -137.381173792665,68.2081894763681 -137.381632792909,68.207883477325 -137.383161793364,68.2072724773375 -137.383696793661,68.2071964765657 -137.384231794308,68.206966476848 -137.384766793148,68.2068904771525 -137.385301793331,68.2068904775663 -137.385913794469,68.2067374772121 -137.386448794101,68.2066604771853 -137.386983793628,68.2065844780173 -137.387518793183,68.2065844778981 -137.388053793431,68.2065084783977 -137.39027079383,68.2061254779381 -137.390805794573,68.2060494782432 -137.391264793842,68.205820478846 -137.391799794742,68.2057434788904 -137.392334794342,68.2055144784405 -137.392793796076,68.2052844785321 -137.393251794579,68.2050554787201 -137.393786795296,68.2049794788011 -137.395239796072,68.2044434787099 -137.395774795486,68.204291478781 -137.396309796557,68.2041384792442 -137.396844794878,68.2041384791847 -137.397838795762,68.2039854790956 -137.398268795505,68.2039234797274 -137.398373796657,68.2039084792222 -137.398908797443,68.2039084798197 -137.399443795891,68.2037564795752 -137.399749797099,68.2037564797618 -137.400284796427,68.2036794804271 -137.40081979568,68.2035264796551 -137.401354795606,68.2035264797553 -137.401889796396,68.203450480407 -137.40242479698,68.2034504799918 -137.402959796895,68.2033734805269 -137.403800794717,68.2033734805378 -137.404335796298,68.2033734803142 -137.404870796258,68.2032974810059 -137.405406796545,68.2032974812579 -137.40594179629,68.2032974806894 -137.406552796506,68.2032974807538 -137.407087796077,68.2032974812302 -137.407699796663,68.2032974810359 -137.408769795527,68.2035264817595 -137.409304794963,68.2036794814814 -137.409686794658,68.2038704822189 -137.413625792552,68.2049214824989 -137.414572792585,68.2049844824539 -137.417618792484,68.2051874833069 -137.421612793058,68.2047884839698 -137.425605793929,68.2034574843873 -137.429598794146,68.2027914849647 -137.432498793593,68.2021144855361 -137.432611793398,68.2021144856569 -137.43315779389,68.2021144859023 -137.433704793932,68.2020604859085 -137.434251795502,68.2020604857981 -137.434852793928,68.2020604856477 -137.435782795379,68.2020604862566 -137.436328794329,68.2020604857386 -137.436875794438,68.2020054864909 -137.437422793515,68.2019504862733 -137.437914793546,68.2017864864619 -137.439062794383,68.2016774869358 -137.439554795236,68.2015134866768 -137.440101794428,68.2014584868502 -137.440539795185,68.2011304867377 -137.440976795531,68.2008574871985 -137.441367795264,68.2006394866646 -137.441468795351,68.2005834869256 -137.442015795105,68.2004744877598 -137.442123796168,68.2004824868946 -137.442781796214,68.2005294873304 -137.443327794989,68.2004744871998 -137.443874795403,68.2004744871112 -137.444421794754,68.2004744878518 -137.44540579486,68.200419487812 -137.446335793856,68.2003654880667 -137.446881794365,68.2004194882554 -137.447428794712,68.2004744883592 -137.447975795158,68.2004744878633 -137.448522794542,68.2004744881967 -137.449069795883,68.2004194883256 -137.449943795976,68.2004744888171 -137.450435794684,68.2003654888724 -137.451092795944,68.2003104890797 -137.45163879483,68.2003104887961 -137.452295795132,68.2002554892357 -137.452841795619,68.2002014893992 -137.453388794735,68.2001464891947 -137.453935795391,68.2001464894388 -137.454591794653,68.200091490025 -137.455138794445,68.2000914898002 -137.455685795239,68.2000374896954 -137.456231795744,68.2000374898935 -137.456997794797,68.199982490257 -137.457544795224,68.1999274896995 -137.458091795518,68.1998724901602 -137.458171794419,68.1998554897825 -137.458217795211,68.1998624901115 -137.461989792862,68.1998624908055 -137.462477794101,68.199862491127 -137.466869792963,68.1998624914969 -137.468206793858,68.1996274915751 -137.468339793813,68.1995234921245 -137.468926792831,68.1994184921541 -137.469332795365,68.1991234921423 -137.469571795775,68.1986074922172 -137.469645795719,68.1981104922285 -137.469719796787,68.1972624919141 -137.469627796771,68.1967654923679 -137.469664799293,68.196157492062 -137.469756798538,68.19565949224 -137.470014799728,68.1950514918344 -137.470050800221,68.194535492539 -137.470253801582,68.1939824923523 -137.470382802088,68.1934854916861 -137.470464801172,68.1932054922403 -137.470530801881,68.1930404923041 -137.470502802436,68.1927654918092 -137.47050280307,68.1920544919536 -137.47050280262,68.1918604919238 -137.470502803584,68.1915074924647 -137.470502804097,68.1909604921275 -137.470557804486,68.1900314919334 -137.470557806097,68.1894844920242 -137.47044880818,68.1889924918976 -137.470175807772,68.1885544921382 -137.469518809182,68.1881174917251 -137.469183809242,68.1878294913512 -137.469135810239,68.1877894914802 -137.468753808273,68.187461491404 -137.468370809891,68.1871334909585 -137.468117809904,68.1868804910264 -137.467899811481,68.1864844913033 -137.467658811015,68.1860344912756 -137.467629812247,68.1857654915373 -137.46760381185,68.1855304907443 -137.467643812418,68.1854234914127 -137.467689812467,68.1852994915772 -137.46794881255,68.1849374918258 -137.468368812003,68.1846374914712 -137.468668812907,68.184218491009 -137.468794813771,68.184040491529 -137.469190814954,68.1839614913794 -137.469409814559,68.1839614915345 -137.46990181422,68.1837434916776 -137.470393814314,68.1835244912684 -137.47094081426,68.1834694918303 -137.471432813813,68.183305492087 -137.471924814974,68.1831414920221 -137.472705815527,68.1830974920866 -137.473044815099,68.1829854918086 -137.473286814367,68.1829584922242 -137.474006814654,68.1828984919001 -137.474546814395,68.1828984925814 -137.475086815565,68.1828984923429 -137.475626815156,68.182838492017 -137.476166814014,68.1827184924988 -137.476705814963,68.18265849243 -137.477245813333,68.182598492752 -137.477785814304,68.182478492975 -137.478325816225,68.1823584931628 -137.478865815965,68.1822984930563 -137.479525814873,68.1822384927373 -137.48006481487,68.1822384928333 -137.480604815743,68.1821784930284 -137.481144815364,68.1821784938462 -137.48180481582,68.1821184933511 -137.482344814488,68.1821184937539 -137.482884814638,68.182058493859 -137.483423815858,68.1819984937423 -137.484023814316,68.1818784942199 -137.484563814913,68.1817584937661 -137.484874816366,68.1816424940673 -137.485030814244,68.1816424939725 -137.485547814912,68.1816424942271 -137.48608581508,68.1816634944101 -137.486601816055,68.1816424944779 -137.487118815136,68.1816424939207 -137.487635814587,68.1816424951006 -137.487784815181,68.1816544947381 -137.487828814403,68.1816654943396 -137.488333814533,68.1817454948222 -137.48860681446,68.1818104942753 -137.488715813658,68.1818354950867 -137.489018814232,68.1819074944149 -137.489503815084,68.1820484947056 -137.490068814722,68.1821294948676 -137.490572813119,68.1821494952766 -137.490724814619,68.1821614948793 -137.491077812941,68.1821894954302 -137.491561814757,68.1823514954163 -137.492045813827,68.1825124952264 -137.492233812408,68.1826034953072 -137.492630812972,68.182795495599 -137.493134811033,68.1828954955426 -137.493281811193,68.182918495684 -137.493659811654,68.1829764959444 -137.494143810855,68.1831174956858 -137.494648812019,68.1832194961773 -137.495152810829,68.1833394959787 -137.495656812042,68.1833804961585 -137.496221810876,68.1834204960914 -137.496679812176,68.1835304966185 -137.497158812603,68.1835304964216 -137.49718281162,68.1835284964048 -137.49755381061,68.1834204963893 -137.498057812271,68.1832994962229 -137.498562813059,68.1831584966716 -137.499066813221,68.1830574966845 -137.499550811225,68.1829164970485 -137.499976811781,68.182831497389 -137.500352812164,68.182682496919 -137.500976813546,68.1825184970902 -137.501469812231,68.1823864976795 -137.501696811722,68.1823024972942 -137.501939811809,68.1822114969823 -137.502421811958,68.1820584971208 -137.502903812805,68.1819154978478 -137.50339681339,68.181784497643 -137.503888812257,68.1816644973394 -137.503902811916,68.1816614975132 -137.50439281282,68.1815764978227 -137.504907813368,68.1814994975566 -137.505410813047,68.1814784980245 -137.505914813134,68.1814234983648 -137.506429814204,68.18139049819 -137.506965812345,68.1811604978476 -137.507392814707,68.1808864981455 -137.507429814606,68.1808404979444 -137.507520813446,68.1808044983453 -137.508031814643,68.1806164979411 -137.508488814033,68.1804004984035 -137.508973814178,68.1802664979287 -137.509457813636,68.1801314982028 -137.509941814624,68.1799974989361 -137.510425814605,68.1798094990576 -137.510910813738,68.1796204985568 -137.511394813637,68.1794054985855 -137.511486815356,68.1793744989008 -137.511760814956,68.179322498928 -137.512263815186,68.1792644987487 -137.512728815786,68.1790704987395 -137.513212815816,68.1789344991336 -137.51369681606,68.1787994992615 -137.514122816253,68.1785084987179 -137.514490815638,68.1781604995513 -137.514838816967,68.1777924997722 -137.515004818377,68.1776124994897 -137.515269817861,68.1774324995229 -137.51690481715,68.1781554999053 -137.517124815566,68.1781554993219 -137.51769581594,68.1781554999966 -137.518266815787,68.1781555000879 -137.518837815173,68.1782505003846 -137.520360815837,68.1782505001425 -137.520931814207,68.1782505004501 -137.521597815484,68.1782505002993 -137.522168815659,68.1782505005895 -137.522739815306,68.1782505002964 -137.523215815808,68.1782505011393 -137.523691814903,68.1784405005761 -137.524167814759,68.1786315009438 -137.52464381495,68.1788215013372 -137.525880814079,68.1794875012896 -137.526356814003,68.179773501401 -137.52683281244,68.1799635019522 -137.527308812795,68.180249501188 -137.527783812241,68.1804395014195 -137.528259810255,68.1806305016206 -137.528735811823,68.1808205020493 -137.529306811017,68.1809155025217 -137.530068811228,68.1814865021281 -137.530544809867,68.1816775024739 -137.531020810539,68.1818675023224 -137.53149680934,68.1820575021879 -137.531971809249,68.1823435024951 -137.532638809161,68.182533502625 -137.53311480878,68.1828185023774 -137.53358980913,68.1830095028622 -137.533970806925,68.1833905030216 -137.534446807505,68.1835805034545 -137.534922806155,68.1838655034338 -137.536159806601,68.1842465035267 -137.536635805495,68.1844375033798 -137.537206806358,68.1845325037292 -137.537778804695,68.1845325035229 -137.53834880545,68.1845325040355 -137.538919804922,68.1845325036784 -137.53949180597,68.1845325038975 -137.540062805293,68.1845325043594 -137.541109804465,68.18481750425 -137.541680804912,68.1849125040026 -137.542251803905,68.1850085041833 -137.54282280436,68.1851035048474 -137.543393805333,68.1851985047073 -137.543869802813,68.1853885046351 -137.544821803389,68.1855795045184 -137.544996802596,68.1856085048482 -137.54510680435,68.1856745049118 -137.545582803383,68.1858645045684 -137.546248802637,68.1858645053291 -137.546914802796,68.1858645055708 -137.548818802383,68.1860555055137 -137.549216802391,68.1860555052429 -137.549389802321,68.1860555054724 -137.549960801771,68.1861505062023 -137.55053180174,68.1862455061282 -137.551102802048,68.186245506131 -137.551673803262,68.1862455062789 -137.551769802565,68.1862455059082 -137.551864800599,68.186245506384 -137.552340802727,68.1862455064236 -137.552530800751,68.186245506179 -137.553196802235,68.186150506169 -137.553862802518,68.1861505069136 -137.554433801222,68.1861505071703 -137.555005800846,68.1860555070075 -137.55567180126,68.1860555069064 -137.55624280242,68.1860555067564 -137.556908800731,68.1860555070392 -137.557384801279,68.1856745075081 -137.557860801605,68.1854845073382 -137.558431802113,68.1853885076572 -137.559002800944,68.1851985073731 -137.559478801592,68.1850085077425 -137.559954803778,68.1848175078748 -137.561096802325,68.1846275079076 -137.561667802042,68.1847225079767 -137.562333802723,68.1847225074881 -137.562904801644,68.1847225081489 -137.563475803428,68.1847225084222 -137.56404780198,68.1847225082098 -137.564618802188,68.1847225085745 -137.565189801871,68.1847225083564 -137.565855803549,68.1847225088613 -137.566521802746,68.1847225086516 -137.567092803191,68.1847225087875 -137.567759800969,68.184722509233 -137.568330801794,68.1847225086213 -137.570043801884,68.1847225097853 -137.570614802947,68.184722509558 -137.571185801529,68.1847225092803 -137.571756802449,68.1847225098753 -137.572327802845,68.1847225098875 -137.572898801531,68.1849125101151 -137.573223801305,68.1849675101986 -137.573469801418,68.1850085096323 -137.574040799538,68.1851035101658 -137.574611801565,68.185198510091 -137.575182800199,68.1852935102777 -137.575754799733,68.1852935102145 -137.576610799439,68.1853885102928 -137.577181799817,68.1853885111629 -137.577657799974,68.185579510679 -137.578228799613,68.1856745107657 -137.578894798389,68.1857695109913 -137.579465800344,68.1858645111525 -137.579941798761,68.1860555109939 -137.580417797632,68.1863405113135 -137.580893797477,68.1865305113682 -137.581274797961,68.1869115119822 -137.581750797369,68.1872925110582 -137.58222679635,68.1874825117547 -137.582702796725,68.1877685113625 -137.58327379568,68.1878635117625 -137.583748795776,68.1880535124715 -137.584320796753,68.1881495122236 -137.584891794364,68.1881495120869 -137.585462796271,68.1881495122903 -137.586033795697,68.1881495124438 -137.588222795144,68.1880535129146 -137.588793795439,68.1880535133727 -137.589364795209,68.1880535132482 -137.589935795887,68.1880535132689 -137.590506794086,68.1880535132397 -137.591077795148,68.188053512823 -137.591648795163,68.188053513084 -137.592315794895,68.1879585135118 -137.592981796325,68.1878635136485 -137.593552794632,68.1878635137283 -137.594123793847,68.1878635139531 -137.594694795927,68.1878635137904 -137.595360795216,68.1878635143054 -137.596978795141,68.18776851478 -137.597645794925,68.1876735140971 -137.598311795019,68.1876735141705 -137.598977795498,68.187673514985 -137.599643795453,68.1876735145529 -137.600214793979,68.1876735153365 -137.600785793938,68.1876735150048 -137.601356795013,68.1875775151469 -137.602023794312,68.1875775155815 -137.602784793663,68.1874825153349 -137.603355794234,68.1874825153876 -137.604021795307,68.187387515737 -137.604783793628,68.1872925159753 -137.605544793939,68.187292515516 -137.605830794258,68.1871975161231 -137.606401795175,68.1871025163574 -137.606972794293,68.1871025161307 -137.60754379432,68.1871025160489 -137.608114795156,68.1870065158545 -137.608971793715,68.1870065163911 -137.609059793984,68.187021516168 -137.60954279459,68.1871025164168 -137.610113794345,68.1871025170574 -137.610779794471,68.1871025162549 -137.611350793416,68.1870065172046 -137.611921794104,68.1869115171744 -137.612408794656,68.1868305167036 -137.612492794658,68.1868165174579 -137.612968794074,68.1868165168227 -137.613539795512,68.1867215173385 -137.614110795226,68.1867215172001 -137.614681793894,68.1867215177394 -137.615252793996,68.1867215171634 -137.615824793816,68.1867215172646 -137.616490793411,68.1868165179669 -137.616966793949,68.1870065183247 -137.617632793115,68.1871975184626 -137.618203793062,68.1872925186779 -137.618774792057,68.1874825184667 -137.619345792786,68.1875775188448 -137.620868792574,68.1877685189374 -137.621439792571,68.1876735191318 -137.622010791923,68.1876735186542 -137.622676792161,68.1876735186347 -137.623248791369,68.1875775193127 -137.623819793581,68.1872925191475 -137.624485792758,68.1871025188614 -137.625151792164,68.1869115192967 -137.625722792938,68.1868165198394 -137.62638879423,68.1866265196502 -137.626959794049,68.1865305194536 -137.627531793025,68.1863405198346 -137.628007792228,68.1861505198679 -137.628578793482,68.186055519765 -137.630100793349,68.186055520402 -137.630671793384,68.1860555206253 -137.631338793972,68.1860555207373 -137.631909792441,68.1860555207462 -137.632480793485,68.1862455210251 -137.633051792069,68.186340520499 -137.633717791946,68.1864355209729 -137.634383792562,68.1865305212408 -137.635049792872,68.1866265210763 -137.63571679041,68.1867215211583 -137.636287792455,68.1868165211606 -137.63685879245,68.1870065212958 -137.637429791726,68.1870065216189 -137.63800079048,68.1870065213596 -137.638571792577,68.1871975218892 -137.639999791133,68.1870065219417 -137.640665790882,68.186816522459 -137.64133179117,68.1867215224452 -137.641807790724,68.186530522434 -137.642188791998,68.1861505220839 -137.642664791984,68.1858645223617 -137.643045792784,68.1854845220667 -137.643521792572,68.1852935221554 -137.644092793277,68.1851035221527 -137.644568793386,68.1849125227083 -137.64504379296,68.1847225229393 -137.645614793951,68.1847225232169 -137.647423793686,68.1847225234954 -137.648089793918,68.1846275228782 -137.648660793251,68.1845325232862 -137.649231793993,68.1843415233271 -137.649898793275,68.1842465236056 -137.650564794411,68.1841515239157 -137.651135792252,68.1841515237277 -137.651801794605,68.1840565237177 -137.652372793361,68.1838655243169 -137.652943794046,68.1838655246431 -137.653609793578,68.1836755247157 -137.654181794251,68.1836755242733 -137.654752795156,68.1834855242788 -137.655418793588,68.1832945246778 -137.655989794773,68.1831995245786 -137.656560795827,68.1831045247919 -137.657131795317,68.1830095245905 -137.657702794676,68.1829145247016 -137.658273795472,68.1829145252249 -137.658844795031,68.1827235255428 -137.659415794497,68.1826285253302 -137.660557795006,68.1826285257869 -137.661129794815,68.1826285255147 -137.661795794898,68.1825335254683 -137.662366795168,68.1824385256635 -137.662937796079,68.1824385259645 -137.663603794896,68.1824385257364 -137.664174794247,68.1824385258259 -137.664936795021,68.1823435260225 -137.665507795419,68.1823435265109 -137.66560279491,68.1823435262179 -137.666173793349,68.1822475262588 -137.666744795214,68.1820575269606 -137.667315795291,68.1819625263189 -137.667886794719,68.1818675272496 -137.668457794447,68.1818675265521 -137.669124793692,68.1818675267607 -137.669695794729,68.1818675273021 -137.670266795218,68.1817715272798 -137.670837794411,68.1817715273827 -137.671503795571,68.1817715276089 -137.67216979449,68.1816775270762 -137.67283679496,68.1816775271996 -137.673311792938,68.1816775275983 -137.673882794376,68.181581527289 -137.674454795855,68.1813915279507 -137.674929793816,68.1812005278536 -137.675405795897,68.1809155284054 -137.675881795863,68.1805345276081 -137.676452796041,68.1802495284361 -137.67702379489,68.1801545281931 -137.677690795601,68.1799635287426 -137.678261796922,68.179868528447 -137.678927795476,68.1798685286819 -137.679498796057,68.1798685285944 -137.680259794808,68.1798685288511 -137.680926796071,68.1798685284167 -137.681592797246,68.1798685290872 -137.682163796147,68.1798685286864 -137.682734795444,68.1798685296899 -137.684733794418,68.1799635296306 -137.685256794701,68.1799635295787 -137.68549479542,68.1798685299633 -137.686065795557,68.1797735294555 -137.686732794885,68.1795825299078 -137.687398796217,68.1794875301916 -137.68930179639,68.1794875307127 -137.689873795388,68.1794875306477 -137.690444794834,68.1794875311426 -137.691205795507,68.1794875308868 -137.691871794988,68.1794875307595 -137.692537794866,68.1794875313721 -137.693204796128,68.1794875310262 -137.69387079551,68.1795825312301 -137.694346792951,68.1798685314039 -137.694917793925,68.1799635316654 -137.695583794804,68.1800585313564 -137.696059793859,68.1802495319758 -137.696630792438,68.1804395319633 -137.697201793588,68.1805345318308 -137.697772792875,68.1806305317554 -137.698343792148,68.1808205318805 -137.700342790278,68.1820575323624 -137.700818790704,68.1823435326901 -137.701389790929,68.1826285329114 -137.701960789445,68.1826285332906 -137.70262678922,68.1828185327995 -137.703197789346,68.1829145336185 -137.703864789341,68.1829145334871 -137.704435788032,68.182914533248 -137.705006790216,68.1830095332679 -137.705672789418,68.1831045335575 -137.706338788396,68.1831045339644 -137.707005788906,68.183104533335 -137.707766789081,68.1831045340971 -137.70833778846,68.1831045345954 -137.708908789275,68.1831045339773 -137.709479789053,68.1831045340373 -137.71005078975,68.1831045342413 -137.710621787976,68.1831045343967 -137.711193789169,68.183104534883 -137.711763788353,68.1831995349232 -137.712525787205,68.1831995350317 -137.713286787792,68.1831995351233 -137.713857787482,68.1831995351109 -137.714428788089,68.1831995352426 -137.71528578709,68.1832945350063 -137.718712786717,68.1835805354292 -137.71918778713,68.1837705362077 -137.719758786267,68.1838655360653 -137.720234786358,68.1840565366175 -137.720805785652,68.1844375365614 -137.721377784208,68.1847225364094 -137.721852783792,68.1850085364802 -137.722233783069,68.1853885365164 -137.722614783703,68.1858645361282 -137.722900782008,68.1863405368899 -137.72318578194,68.1868165373046 -137.723470781836,68.1873875365114 -137.723661780841,68.1878635375399 -137.723851781095,68.1882445371991 -137.723946779299,68.1883395372596 -137.724232778488,68.1888155372087 -137.724517779203,68.1892915368182 -137.724708777467,68.1897675372672 -137.725184776474,68.191099537794 -137.725279775319,68.191670537308 -137.725374776128,68.1922415376411 -137.725374775061,68.1928125378201 -137.725279774201,68.1933835376956 -137.72527977379,68.1939545374783 -137.724993772261,68.1945255372931 -137.724803772315,68.1950015376996 -137.724517770013,68.1954775375957 -137.724137769729,68.1959535376614 -137.723566771125,68.1963345373588 -137.723090769296,68.196619537171 -137.722614768533,68.1968105369686 -137.722043769157,68.1970005365956 -137.720425767638,68.1979525366422 -137.719949768308,68.1982375365076 -137.719473767995,68.1985235369737 -137.718997766273,68.1989045368211 -137.718521768047,68.1991895367141 -137.718241767093,68.1994135364583 -137.718045766585,68.1995705368078 -137.717665767244,68.1999515363128 -137.717778765927,68.2002355361624 -137.717855765353,68.200427536473 -137.718235764538,68.2009025370758 -137.718616764716,68.2012835365554 -137.719092764157,68.201442537184 -137.719187763094,68.2014735371208 -137.720425762739,68.2018545366254 -137.720996763064,68.2018545372754 -137.721567762506,68.2020445371416 -137.722138762504,68.2021405373617 -137.722614761748,68.2023305375163 -137.723045760998,68.2025895373753 -137.723090761096,68.202616537767 -137.723470760237,68.2030915377661 -137.723851761619,68.2035675377082 -137.724137760205,68.2038535379897 -137.724613760604,68.2040435381695 -137.725088758864,68.2042345379923 -137.725564758947,68.2044245384223 -137.726231759766,68.2047105383566 -137.726611757615,68.2050905380516 -137.726802757846,68.205566537954 -137.726802757063,68.2061375378803 -137.726802755349,68.2063285383515 -137.726802755763,68.2067085381407 -137.726707756513,68.2072795381565 -137.726421755212,68.2079465382277 -137.726231753584,68.2084225385209 -137.726109753968,68.2085745385118 -137.726135752617,68.2087075384635 -137.725850753078,68.2091835380696 -137.725850751741,68.2097545385141 -137.725850751842,68.2103255387581 -137.726135751008,68.2108015383394 -137.726516749713,68.2111825381529 -137.726897749079,68.2115635386783 -137.728420748636,68.2122295389111 -137.728895748121,68.2125145393542 -137.729371748717,68.2128005391007 -137.729847747996,68.2129905390985 -137.730323748808,68.213180539317 -137.730799746622,68.2135615388857 -137.731275745541,68.2138475391814 -137.731751746821,68.2141325398729 -137.732227746084,68.2144185397746 -137.732703744278,68.2147035398816 -137.733179745324,68.2149895401156 -137.733655743973,68.215370540414 -137.734130743273,68.2155605403401 -137.734606743506,68.2158455403918 -137.73593974249,68.2167025406848 -137.736320742068,68.2170835404776 -137.736700741087,68.217463540913 -137.73685974076,68.2175595401756 -137.737176741015,68.2175595405248 -137.737842741145,68.2175595408243 -137.738413741851,68.2175595406648 -137.738985740545,68.2176545408719 -137.739556739964,68.2176545413444 -137.740127740301,68.2178445411995 -137.740698741431,68.2179395411607 -137.741174739518,68.2181305412244 -137.741554738715,68.2185105417029 -137.741935739087,68.2188915409498 -137.743458737312,68.2206995421769 -137.743839736263,68.2210805415845 -137.744219735649,68.221461541897 -137.744505735011,68.2219375425675 -137.744790733109,68.2224135422854 -137.74507673261,68.2229845424238 -137.745457732453,68.223364542684 -137.745837731259,68.2237455426098 -137.746123731457,68.2242215420653 -137.746408730323,68.2247925427273 -137.746789729746,68.2253635425584 -137.746945728631,68.2257545428875 -137.746980728102,68.2258395425507 -137.747360728668,68.2263155423717 -137.747646726771,68.2267915427062 -137.749454724669,68.2291705435039 -137.749835724543,68.2296465430324 -137.749981724051,68.2298225430667 -137.750025723561,68.2299325433211 -137.7501207225,68.2305035431068 -137.750311722382,68.2310745430408 -137.750406720711,68.2316455440197 -137.750596720147,68.2321215438614 -137.750787720365,68.2325975435006 -137.751167719091,68.2330735441293 -137.752119718327,68.2344055442459 -137.752500717006,68.2347865439506 -137.752881716349,68.2351675443681 -137.753261716188,68.2355475437791 -137.753737714607,68.2359285441861 -137.754118716473,68.2363095445547 -137.754594715363,68.2364995446374 -137.755070714304,68.2366905449154 -137.755450713425,68.237070545 -137.755926713711,68.2373565448415 -137.756402711957,68.2376415449558 -137.75802071243,68.2384035448346 -137.75849671176,68.2385935447916 -137.759067710982,68.2388795459928 -137.759638710774,68.2391645456502 -137.760114709888,68.2393555457779 -137.760590711361,68.2397355458047 -137.761066709198,68.2400215464217 -137.761447708779,68.2404015460386 -137.761923709089,68.2405925462833 -137.762303707957,68.240972546366 -137.762779708066,68.2412585461048 -137.76335070725,68.2413535468369 -137.764016708124,68.2413535463279 -137.764649706804,68.2413535469075 -137.764683708493,68.2413535467916 -137.765349707709,68.2411635464144 -137.765825707802,68.2409725471623 -137.766301708172,68.2407825463382 -137.766777706896,68.2405925470375 -137.767348707429,68.2405925470689 -137.767919708887,68.2405925472484 -137.768395707669,68.2409725475757 -137.768680706876,68.2414485474701 -137.768966705596,68.2419245471483 -137.769346703484,68.2433525472734 -137.769442703823,68.2439235479893 -137.769442702124,68.2445905472712 -137.769632701875,68.2451605475722 -137.769727701608,68.2457315480009 -137.769918701125,68.2462075478762 -137.770019699663,68.2464615478326 -137.770108699517,68.2466835481144 -137.77058469932,68.2470645480261 -137.770771698677,68.2471765476254 -137.771060698757,68.247350548343 -137.771535698148,68.24763554824 -137.772678697517,68.2483015485664 -137.773249696598,68.2484925480404 -137.77372569655,68.2486825484007 -137.774296695293,68.2487775486783 -137.774867696655,68.2487775485872 -137.775533697793,68.2487775488936 -137.776104695651,68.2487775491374 -137.776675696391,68.2487775489953 -137.777246696099,68.2487775495364 -137.777817695292,68.2487775495003 -137.778484695095,68.248777549157 -137.779150695917,68.2487775494077 -137.779721696634,68.248682549833 -137.783052695583,68.2484925500904 -137.783623695927,68.2484925505057 -137.784194695756,68.2484925503438 -137.78476669589,68.2484925504441 -137.785336696236,68.2484925510006 -137.78590769647,68.248587550437 -137.786383695866,68.24877755108 -137.786954694151,68.2489685510603 -137.787526695064,68.2491585508633 -137.78800169284,68.2494435509859 -137.78847769515,68.2497295512373 -137.788953693875,68.2499195516214 -137.789429692621,68.2501105514385 -137.790000691294,68.2503005514189 -137.79209469222,68.2503955519295 -137.792665692177,68.2503955523124 -137.793331692901,68.2503005525413 -137.793902692478,68.2502055519753 -137.794474692824,68.2501105525075 -137.795235692697,68.2500155529096 -137.795901693565,68.2499195523529 -137.796567693218,68.249824552643 -137.797139692538,68.2498245529605 -137.797710691909,68.2498245526538 -137.79828169365,68.2498245532215 -137.798852691477,68.2498245530212 -137.799423693631,68.2498245531603 -137.799994693313,68.2498245532572 -137.801707691887,68.2501105538811 -137.802183692796,68.2503005537474 -137.802659691443,68.2505855538626 -137.803135690463,68.2508715543498 -137.80370669042,68.2511575535791 -137.80418269057,68.2515375537967 -137.804562688693,68.2520135544009 -137.804848688705,68.2524895542594 -137.804848688304,68.2530605542028 -137.804943686801,68.2536315540647 -137.805010686783,68.2537985538356 -137.805705686903,68.2541075540985 -137.806180686244,68.2542985547182 -137.806656684705,68.2544885549092 -137.807132686664,68.2546785547901 -137.807608685475,68.254869555161 -137.808179684624,68.2549645549221 -137.808655683317,68.2551545548922 -137.809131684245,68.2554405550887 -137.809607684495,68.2556305552657 -137.810083683927,68.2559165551571 -137.811035683663,68.2562015557655 -137.811510682156,68.2563915557717 -137.812081683335,68.2565825555896 -137.812557681968,68.2567725555654 -137.813033681074,68.2569635562163 -137.813509680867,68.2572485558139 -137.8139856826,68.257438556222 -137.814461679828,68.2577245559651 -137.814937679719,68.2579145563901 -137.815413680294,68.2582005567449 -137.815889680301,68.2583905566518 -137.816460680174,68.2584855565955 -137.817887677941,68.2589615565144 -137.818363679308,68.2591515572077 -137.8189346773,68.259437557046 -137.819113678067,68.259544557573 -137.819410678319,68.2597235572865 -137.819981676516,68.2599135574819 -137.820457677637,68.2601035571656 -137.820933676332,68.2603895573655 -137.821409675686,68.260674557565 -137.821885676667,68.2610555577781 -137.822361674107,68.2613415577677 -137.822837675269,68.2615315573664 -137.823408675489,68.2616265581467 -137.8238846746,68.2618175582392 -137.824360675305,68.2621025581942 -137.824835673927,68.2623885584114 -137.825311672984,68.262673558525 -137.825692673102,68.263054558551 -137.826168673222,68.2633395584625 -137.826644670825,68.2637205583086 -137.827025671542,68.2641015587306 -137.827310670137,68.2645775585698 -137.827500668306,68.2650535587542 -137.827881669556,68.2655295588533 -137.82816766891,68.2660045594054 -137.828643666014,68.2667665591427 -137.828928667356,68.2672425590634 -137.829214665358,68.2677185595002 -137.829499665578,68.2681945591199 -137.829785664322,68.2686695595615 -137.830070664851,68.269145559607 -137.830356664074,68.269621559627 -137.83054666299,68.2700975596584 -137.831022661703,68.2709545601483 -137.831308660739,68.2714305603757 -137.83149866008,68.2720015593509 -137.831688659331,68.2724775603817 -137.831879657917,68.2729525601579 -137.832069657894,68.2734285599821 -137.832259658884,68.273999560186 -137.832450656481,68.2746665601665 -137.832545656968,68.2752375600159 -137.832640655024,68.2759035601278 -137.832735654991,68.276474560524 -137.832830653151,68.2779975601731 -137.832830650687,68.2785685602199 -137.832735650954,68.2791395603592 -137.832733650849,68.2791445608093 -137.832545649168,68.2796155605728 -137.832354650264,68.2801865605837 -137.832164647934,68.2806625604446 -137.831879648695,68.2811385602482 -137.831688647392,68.2816145601264 -137.831498647637,68.2820905601044 -137.831212646399,68.2825655601657 -137.831117646367,68.28280356073 -137.8311176454,68.283327560613 -137.83102264475,68.2838985597701 -137.831212643281,68.2845645601613 -137.831783644085,68.2844695607067 -137.83235464503,68.2842795602634 -137.83283064408,68.2840885611807 -137.833306645593,68.2838035604176 -137.833973645095,68.2831375605235 -137.834258645789,68.2826615605105 -137.834734646298,68.2822805606111 -137.835305646763,68.2819945609515 -137.835781647857,68.2818045608628 -137.836352647171,68.2817095608101 -137.836923647414,68.2817095608926 -137.837494646631,68.2817095616611 -137.838922646722,68.2815185613273 -137.839588648038,68.281423561466 -137.840159646663,68.2812335615156 -137.840730647841,68.2811385619333 -137.841301647458,68.2810435619406 -137.841872646846,68.2809475618813 -137.842443648168,68.2808525619827 -137.842919648286,68.2806625625603 -137.843490648034,68.28056756231 -137.844061647667,68.2804725623745 -137.844728647208,68.2804725624103 -137.845394647702,68.2802815627104 -137.846155647085,68.2800915627577 -137.846727648043,68.2799965635098 -137.847202648432,68.2798055625986 -137.847773649035,68.2795205629096 -137.848249648074,68.2793295634277 -137.84882065004,68.2790445632989 -137.849296649528,68.2788535636858 -137.849772648802,68.2786635634602 -137.850343649684,68.278473563221 -137.850914649502,68.278378563619 -137.851390648669,68.2781875635203 -137.851470651251,68.2781745637176 -137.851961650294,68.2780925637556 -137.852532649956,68.2780925634892 -137.852872650339,68.2780925639137 -137.854246649771,68.2780925636602 -137.854817649762,68.2780925638026 -137.855293650242,68.2782825644094 -137.855959650229,68.2783785647432 -137.856530649117,68.2784735643493 -137.857101649598,68.2784735650596 -137.857672649567,68.2784735651952 -137.858243647989,68.278568565193 -137.858814648647,68.2785685654398 -137.859385648793,68.278568565112 -137.860051648607,68.2783785654405 -137.860623649318,68.2781875658006 -137.861347650674,68.2777265656006 -137.861384649691,68.2777115649029 -137.861955648738,68.2776165658291 -137.86211464954,68.2775535656894 -137.8624316486,68.2774265656067 -137.86290765074,68.2772365658346 -137.863478649162,68.277140565538 -137.864049649234,68.2769505656973 -137.864620650102,68.276760565747 -137.865286651191,68.276569565695 -137.865857650932,68.2763795657547 -137.866333650498,68.2761895664488 -137.867380650544,68.2760935668702 -137.867952650753,68.2759985666453 -137.86861865113,68.2759035671562 -137.869189651016,68.2759035664942 -137.869760651326,68.275903567243 -137.870426649958,68.2759035670557 -137.87099765069,68.2759035670745 -137.871568652357,68.2759035672434 -137.872139651953,68.2758085672564 -137.872710651437,68.2757135675832 -137.873281650012,68.2757135674776 -137.87385265005,68.2756185677325 -137.874423650225,68.2756185673917 -137.876517650724,68.275523568422 -137.877088650456,68.2755235679926 -137.877660651099,68.2755235685643 -137.878231649298,68.2755235682426 -137.878802649879,68.2755235687959 -137.878861651337,68.2755235685012 -137.879468650616,68.2755235682738 -137.880039650181,68.2754275691839 -137.880705649769,68.275332568917 -137.880867650547,68.2752675686089 -137.881181650124,68.2751425691013 -137.881847651204,68.275046568805 -137.882514649708,68.2749515691927 -137.883085650894,68.2747615697035 -137.883656651432,68.2745715693785 -137.884417651,68.2743805691691 -137.886416652452,68.2739995700005 -137.886987651838,68.2739045699902 -137.887558651114,68.273809570293 -137.888034651185,68.273619570068 -137.888700651895,68.2735245696522 -137.889271651913,68.2734285701193 -137.889747653485,68.2732385702016 -137.890413651576,68.2731435705075 -137.891080652947,68.2729525705114 -137.891746653514,68.2728575704683 -137.892317652262,68.2727625704404 -137.892888653508,68.2727625705925 -137.893459652289,68.2727625707054 -137.894030652005,68.2727625709681 -137.894696653115,68.2727625710558 -137.895267651301,68.2727625711238 -137.89593465219,68.272762571828 -137.89650565307,68.2726675717043 -137.898218651201,68.2724775716432 -137.898884651325,68.2723815718119 -137.89955165142,68.2722865720397 -137.900122653605,68.2721915719438 -137.900598652473,68.2720015726495 -137.901169651474,68.2720015721793 -137.901740652252,68.2719065726022 -137.902311653428,68.2716205726795 -137.902787652693,68.2713345725211 -137.903358653734,68.2711445728528 -137.903738655051,68.2707635725138 -137.904214654608,68.2705735729884 -137.904690655064,68.2702885727942 -137.905166655127,68.27009757244 -137.90564265456,68.2698125729592 -137.906118655823,68.269621572722 -137.906689654752,68.2695265735343 -137.907165656168,68.2693365732999 -137.907641655098,68.2691455736344 -137.908212656296,68.2689555730741 -137.909354656548,68.2688605734264 -137.909925657465,68.268765573803 -137.910496655161,68.2685745738134 -137.911162656696,68.2684795738166 -137.911733656777,68.268479573663 -137.912304655418,68.268384574258 -137.912876656846,68.2681945742213 -137.913447657304,68.2680985741106 -137.914018655617,68.26809857474 -137.914684656471,68.2680035744488 -137.915350656093,68.2680035751054 -137.915921656555,68.2679085744631 -137.916492656401,68.2678135753937 -137.917159657218,68.267813574782 -137.91773065644,68.2678135748518 -137.919443656331,68.2678135757687 -137.920014657084,68.2677185753048 -137.920585657325,68.2677185753966 -137.921251656579,68.2675275757415 -137.921822656614,68.2674325759076 -137.922393656375,68.2674325763303 -137.923060656106,68.2673375761725 -137.92372665679,68.2672425757903 -137.924297656426,68.2671475758909 -137.92486865667,68.2671475764849 -137.925439656728,68.2670515762784 -137.926010656989,68.2668615760339 -137.926676655332,68.2668615764701 -137.927247656544,68.2668615762831 -137.927819656362,68.2668615773501 -137.927914656386,68.2668615766184 -137.928580656648,68.2669565771465 -137.92924665743,68.2669565769573 -137.92991265524,68.2669565773279 -137.930579655569,68.2669565772028 -137.931245655981,68.2670515779553 -137.931816657499,68.2670515776692 -137.932387656554,68.267051577344 -137.932958656141,68.2671475776835 -137.933529655257,68.2673375777698 -137.934100655258,68.2674325780697 -137.935623655637,68.2678135782857 -137.936194655291,68.2678135782983 -137.936765654153,68.2680035788784 -137.937432655439,68.2680035785475 -137.938098654085,68.2680035782585 -137.938764653164,68.2680035787179 -137.939430653214,68.2680985786327 -137.940001654054,68.2681945789947 -137.940668653536,68.2682895786569 -137.941239654099,68.2683845794245 -137.941810652342,68.2685745792133 -137.942571652514,68.2686695796291 -137.943237652634,68.2687655801975 -137.943713651832,68.2690505798809 -137.944189652746,68.2692415797508 -137.944760651663,68.2693365803896 -137.945236650276,68.269526580102 -137.945712649636,68.2698125802503 -137.946188649825,68.2700025801821 -137.946664651106,68.2702885802308 -137.953326647059,68.2728575818372 -137.953897646556,68.2729525815915 -137.954469646515,68.2728575818129 -137.955039645643,68.2728575825642 -137.955611646463,68.2728575817739 -137.956182645894,68.2728575825151 -137.956753646773,68.272857582145 -137.958371646697,68.2727625826887 -137.958942645713,68.2727625830343 -137.959513644223,68.272762582805 -137.960084645326,68.2728575828417 -137.960655645013,68.2729525826265 -137.961226646341,68.2730485830984 -137.961797644235,68.2732385832774 -137.962368644986,68.2732385830447 -137.963035644343,68.2732385835831 -137.963606645023,68.2732385838773 -137.964843644809,68.2733335835953 -137.965414643733,68.2733335836573 -137.965985643914,68.2734285837768 -137.966461644884,68.2736195838977 -137.966937643651,68.2738095845726 -137.967413644478,68.2739995842173 -137.967889641325,68.2743805842987 -137.968269642582,68.2747615845719 -137.968650641557,68.2751425844648 -137.969126641163,68.2754275848919 -137.970458641579,68.2756185848381 -137.971125640965,68.2755235847959 -137.971696639501,68.275427584892 -137.972172641301,68.2752375854641 -137.972648641879,68.2748565856184 -137.973219642942,68.2746665853738 -137.973790640489,68.2745715852562 -137.974361641194,68.2745715853433 -137.975027639881,68.2745715855337 -137.975693640959,68.2745715859364 -137.976264641802,68.2744755863198 -137.976835641108,68.2742855858558 -137.977407642708,68.2739995857307 -137.978834643391,68.2733335859224 -137.979215644253,68.2728575863163 -137.979596644094,68.2724775858978 -137.980072644743,68.2720965860313 -137.980452643335,68.271715586475 -137.980928644536,68.2714305862477 -137.981268644483,68.2712945863994 -137.981594644973,68.2712395865294 -137.982070645105,68.2710495869259 -137.982546645546,68.2708585862843 -137.983022646314,68.2705735864988 -137.983498645659,68.2702885870273 -137.983974645768,68.2700975874227 -137.984545647152,68.2700025869566 -137.985401645716,68.2696215871651 -137.985973647074,68.2695265876656 -137.986544647146,68.269431587508 -137.987210647193,68.2692415878696 -137.987781647126,68.2691455874264 -137.988352647675,68.2690505880557 -137.988828647506,68.2688605879097 -137.989304646863,68.26866958798 -137.989875647788,68.2685745877645 -137.990351648879,68.2682895878275 -137.990827649128,68.2680035881626 -137.991398650084,68.2676235884139 -137.99187464982,68.2673375886913 -137.993016650188,68.2664805889902 -137.993492649945,68.2661955882703 -137.993967651685,68.2658145886003 -137.994539651915,68.265624588687 -137.99501565009,68.2653385887897 -137.99558665071,68.2652435889736 -137.996252652258,68.2651485893282 -137.996918651517,68.2650535886068 -137.997489651092,68.2649585891093 -137.998060652519,68.2648635893848 -137.998631652658,68.2647675891952 -137.999202650795,68.2647675895597 -137.999774651367,68.2647675896994 -138.001011650752,68.2645775898883 -138.001582651277,68.2644825895931 -138.002153651817,68.2643865895558 -138.002724652116,68.2642915898798 -138.003295652315,68.2641965905134 -138.003866652917,68.2641015901958 -138.004437651274,68.2641015907022 -138.005389651248,68.2641015904595 -138.005960652943,68.2641015907617 -138.006436652769,68.2639115909396 -138.007007651657,68.2637205908428 -138.007483653848,68.2635305909254 -138.007959651402,68.2633395910214 -138.008340653472,68.2629595907903 -138.008815653778,68.2626735911395 -138.009386655287,68.2622925912165 -138.009862654725,68.2620075916785 -138.010243654203,68.2616265917149 -138.010719655896,68.2613415913667 -138.011021655209,68.2611065910647 -138.01138565492,68.2609605912749 -138.012051655369,68.260770591316 -138.012623655904,68.2604845917991 -138.013289656019,68.2602945920268 -138.013955656543,68.2601035921334 -138.014526656084,68.2598185917568 -138.015002656977,68.2595325920649 -138.015573657423,68.2594375922415 -138.016810656562,68.2587715924678 -138.017286657816,68.2584855929143 -138.017762658638,68.2582005924796 -138.018333658867,68.2581055921474 -138.018904658664,68.2579145928697 -138.019142658641,68.2578195926914 -138.019380658213,68.2577245928919 -138.019951657949,68.2576295926654 -138.020427659153,68.2574385931081 -138.020903658408,68.2572485931527 -138.021379658501,68.2570585929143 -138.021950658114,68.2569635931501 -138.022521659316,68.2569635931407 -138.023092658764,68.2568675932224 -138.024044659579,68.256867593529 -138.02461565942,68.256867593275 -138.025186660439,68.2569635939272 -138.025757659245,68.2570585942552 -138.026328659592,68.2570585940721 -138.026994659979,68.2571535941694 -138.027470657403,68.2573435942936 -138.028041658631,68.2575345940332 -138.028422658384,68.257724594048 -138.028613657909,68.2578195948785 -138.029183656952,68.2581055947746 -138.029659657625,68.2583905944876 -138.030231656383,68.2585815951805 -138.030707656655,68.2589615946437 -138.032039655375,68.2590565956127 -138.03261065592,68.2589615947237 -138.033086656186,68.2586765957192 -138.033562655268,68.2584855955502 -138.03403865634,68.2582955951658 -138.034514657748,68.2581055957592 -138.035180657497,68.2581055954766 -138.035751656172,68.2581055957621 -138.036417657312,68.2581055960689 -138.037464654979,68.2581055960591 -138.037940655848,68.2582955964416 -138.03851165592,68.2584855961603 -138.03908265504,68.2585815967484 -138.039558655376,68.2587715964601 -138.040034653702,68.2590565964118 -138.040510655108,68.2592475969547 -138.040986655186,68.2594375969395 -138.041557654097,68.259532596577 -138.042128653816,68.2595325964845 -138.04269965253,68.2595325970776 -138.043936654051,68.2594375975736 -138.044412653352,68.2592475970368 -138.044888654757,68.2590565975964 -138.045364655216,68.2588665977523 -138.045840654986,68.2585815971831 -138.046221655076,68.2581055979392 -138.04641165645,68.2576295976407 -138.046792655796,68.2571535979 -138.046938656858,68.2568165977202 -138.046982656247,68.256772597934 -138.047363656333,68.2562965978261 -138.047553659707,68.2558205978719 -138.047839660085,68.2553445979555 -138.048029660178,68.2548695975555 -138.048409659458,68.2544885976058 -138.048600660457,68.2540125983406 -138.04879066028,68.2535365979823 -138.048981661449,68.2530605984783 -138.049171662971,68.2520135981384 -138.049266663288,68.2514425975274 -138.049266663501,68.250871597902 -138.049076663815,68.2503955978261 -138.049062665437,68.2503145979767 -138.049171665855,68.2498245975182 -138.049266667486,68.2491585981245 -138.049457666366,68.2486825976265 -138.049742667026,68.248206598044 -138.0497426682,68.2476355976629 -138.049552668813,68.2471595979933 -138.049171668815,68.2466835974236 -138.048886670608,68.2462075973651 -138.048505670834,68.2458275971366 -138.048219671559,68.2453515974342 -138.048124674142,68.2447805974321 -138.048314673421,68.244209597564 -138.048505673937,68.2437335977051 -138.048743674742,68.2432575968957 -138.048886674529,68.2431625970678 -138.049361675475,68.2427815971821 -138.049837674901,68.2424955976201 -138.050408676035,68.2422105974608 -138.050884676499,68.2418295972798 -138.051265677364,68.2414485976817 -138.05174167725,68.2412585977907 -138.052217676843,68.2409725982672 -138.052693676538,68.2407825977542 -138.053169676571,68.2405925982175 -138.053644677511,68.2403065986537 -138.054170678049,68.2400965977911 -138.054596677468,68.2399255986582 -138.055072677028,68.2397355984689 -138.0553656784,68.239618598348 -138.055548678877,68.2395455987181 -138.056119679574,68.239545598565 -138.056690677819,68.2395455983725 -138.057261679086,68.2394505985389 -138.057832678808,68.2393555982882 -138.058403678854,68.2393555987211 -138.058974679155,68.2391645987687 -138.059546678985,68.2389745991816 -138.060307680115,68.2380225996334 -138.060307679428,68.2374515992743 -138.060307681639,68.2368805994317 -138.0603076819,68.2363095991963 -138.060307682321,68.2362145990887 -138.060307683609,68.235738598754 -138.060307682081,68.2356435990293 -138.060402683145,68.2350715989716 -138.060402685031,68.2345005992205 -138.060402683837,68.2339305990299 -138.060402686352,68.233358598727 -138.060402687236,68.2327875987082 -138.060688686672,68.2323115989992 -138.061068688645,68.2318355989279 -138.061449687107,68.2314555991531 -138.062115690629,68.2306935993625 -138.062496688472,68.2303135992195 -138.062686691634,68.229837599392 -138.062877690327,68.2293615994324 -138.063067691134,68.2287905996084 -138.06316269306,68.2282185996627 -138.063257693359,68.2276485995842 -138.063448693892,68.2271725989726 -138.063733694105,68.2261255992852 -138.064019694775,68.2255545991905 -138.064304696392,68.2250785996079 -138.064685697788,68.2246975993571 -138.065066696846,68.2242215992498 -138.065447697726,68.223840599716 -138.065922697932,68.2235555992378 -138.066494698883,68.2234605998708 -138.067826698371,68.2233646004077 -138.068397698947,68.2232706001146 -138.069063699909,68.2230796002537 -138.069539699667,68.2228896000478 -138.070015699054,68.2226986001083 -138.070491699974,68.2225086005903 -138.071157700567,68.2222226005733 -138.071728700382,68.2219376004655 -138.072204700784,68.2217476006659 -138.072775700692,68.2214616006327 -138.073251699667,68.2212716012142 -138.073727702015,68.2210806009816 -138.074298700422,68.2207956011283 -138.074679701318,68.2204146010588 -138.075155702911,68.2202246012472 -138.075726701828,68.2197486013073 -138.076202701937,68.21927260123 -138.076678702566,68.2188916016383 -138.077154703389,68.2185106018203 -138.077820703032,68.2181306017114 -138.080009704606,68.2165126019387 -138.08048570512,68.2161316017408 -138.080961707277,68.2157506020397 -138.081341706912,68.2151796024322 -138.081627708445,68.21470360192 -138.081817708771,68.214132602474 -138.082008709319,68.2136566019525 -138.082021709975,68.2135736024152 -138.082432709668,68.2128216022491 -138.082813709954,68.2123456020893 -138.083384710287,68.2119646023527 -138.083955711378,68.2116796025298 -138.084430712087,68.2114886018618 -138.08490671264,68.2112036029027 -138.085383713121,68.2109176028381 -138.085858713101,68.2105376031379 -138.086334713317,68.2103466024315 -138.086810712833,68.2099666027054 -138.087286714214,68.2096806024927 -138.087952714412,68.2094906027682 -138.088523714647,68.2093946028069 -138.088999713479,68.209204603058 -138.089570713625,68.2091096034691 -138.090141714741,68.2091096028193 -138.090712713526,68.2090146036781 -138.091188714935,68.2088236038066 -138.091759714109,68.2087286037534 -138.092330715138,68.2086336034657 -138.092901714128,68.2085386040196 -138.094043715783,68.2082526037748 -138.094710713961,68.208252604009 -138.095471714034,68.2082526039998 -138.096137716387,68.2082526044664 -138.09680471497,68.2082526045688 -138.097375714262,68.2082526047856 -138.097946714503,68.2082526051462 -138.098517714247,68.2082526049275 -138.09908871494,68.2082526048527 -138.099754715754,68.2083486051324 -138.100421714131,68.2084436047908 -138.101087714213,68.208443605566 -138.101848714075,68.2085386049999 -138.102514714857,68.2086336054114 -138.103276713643,68.2087286054423 -138.103942711986,68.2089196057184 -138.104513713342,68.2092046061555 -138.105084712673,68.2092996059535 -138.105560711959,68.2094906064613 -138.106131712383,68.2096806056929 -138.1067027111,68.2097756062522 -138.108701710834,68.2107276069682 -138.109367710288,68.2109176063481 -138.110034709554,68.2111086073581 -138.110605708603,68.2112986072404 -138.111366709675,68.2114886070717 -138.112127709377,68.2115846069702 -138.112699707989,68.2116796075012 -138.113174707717,68.2118696073031 -138.113745708008,68.2119646080844 -138.114412708244,68.2121556080056 -138.115078707383,68.2122506081407 -138.115649707274,68.2125356075637 -138.116125706682,68.2127266080201 -138.116601705536,68.213011608296 -138.116982706779,68.2133926083429 -138.117457706032,68.2137736079862 -138.117933705502,68.2139636086238 -138.118409705783,68.2142486083911 -138.118980705424,68.2143446086915 -138.11955170561,68.2145346088125 -138.122216703822,68.2150106090053 -138.122883703795,68.215010609833 -138.123549702173,68.2151056093008 -138.124215703229,68.2152956093289 -138.124691703042,68.2155816101256 -138.125262702416,68.2156766093941 -138.12602470265,68.2158676102839 -138.126595700714,68.2160576102012 -138.127261699817,68.2162476102801 -138.127927701174,68.2164386104477 -138.128498701002,68.2165336101942 -138.128974699457,68.21672361069 -138.129545699782,68.2168186109392 -138.130021700515,68.217009610977 -138.13059269991,68.2171046110058 -138.131163700074,68.2171046109473 -138.132876699492,68.2171046112691 -138.133638699789,68.2171046109742 -138.13430469922,68.2171046118735 -138.134875699761,68.2171046121137 -138.135446699806,68.2171046117753 -138.136017699641,68.2170096119176 -138.136588699374,68.217009611868 -138.137255698071,68.2170096122523 -138.13782669971,68.2170096121819 -138.138397698907,68.2170096120715 -138.138968697606,68.2171046122933 -138.139206698144,68.2171046123433 -138.139444699081,68.2171996122357 -138.139920697268,68.2173896124159 -138.140395696706,68.2175806125506 -138.140967698529,68.2177706127417 -138.141538697248,68.2178656132778 -138.142014698686,68.2180566130266 -138.142680697181,68.2183416126538 -138.143251696432,68.2184366129018 -138.145250695412,68.2191986141157 -138.145726695534,68.2194836132652 -138.146297694989,68.2197696139522 -138.146772693978,68.2200556140549 -138.147153694534,68.2204356139102 -138.147629693798,68.2207216139097 -138.148200691872,68.2211016142303 -138.148581691621,68.2214826146924 -138.149057691581,68.2216726145207 -138.149437691416,68.2221486150159 -138.14972369039,68.2226246145279 -138.15000869004,68.2231006148633 -138.150294689406,68.2235766148432 -138.150580688709,68.2241476148209 -138.150865687449,68.2247186151593 -138.150960687791,68.225289614599 -138.150960685451,68.2258606152621 -138.151055686632,68.2265276152117 -138.151055686016,68.2270986151219 -138.150960682553,68.2287166152524 -138.150960680643,68.2293826150858 -138.150865681457,68.2299536152359 -138.150865681213,68.2305246149842 -138.150865678623,68.2311906153532 -138.150960677332,68.2317616150473 -138.151055678038,68.232332615561 -138.151151676709,68.2329046152538 -138.151151675082,68.2335706152413 -138.151151675644,68.234141615223 -138.151151675711,68.234712615536 -138.151151674543,68.2353786153342 -138.151151672166,68.2359496154321 -138.151151671241,68.2365206153225 -138.151151671767,68.2370916150052 -138.151151669849,68.2376626155575 -138.151151670517,68.2382346151194 -138.151055670317,68.2389006155568 -138.150865669362,68.2393766151001 -138.150675667303,68.2398526154226 -138.150484667716,68.2406136150103 -138.150675667193,68.2410896154102 -138.151055664877,68.2414706154507 -138.151436666026,68.2418506159812 -138.151912666659,68.2421366158802 -138.152578666346,68.2423266159929 -138.153149665012,68.242421615588 -138.153625664116,68.2426126164764 -138.154387664505,68.2425176161616 -138.155053663469,68.2425176162012 -138.155719664842,68.2425176164472 -138.156481665757,68.2425176167598 -138.157052664688,68.2425176170073 -138.157623663123,68.2425176166781 -138.158194663966,68.2425176172179 -138.158860664276,68.2425176172082 -138.159526663594,68.2425176172208 -138.160097662872,68.2424216170516 -138.160764663944,68.2426126176567 -138.161430664695,68.2427076177392 -138.162191662037,68.2427076175153 -138.162762663323,68.2427076179497 -138.163333664113,68.2427076178077 -138.16390466246,68.2427076176279 -138.164571663011,68.2427076177673 -138.165332661702,68.2427076183124 -138.165903664372,68.2427076183731 -138.16657066195,68.2427076185649 -138.167331662999,68.242802618608 -138.167902662014,68.2428026183577 -138.168663661617,68.2428026186729 -138.169235662139,68.2428026192969 -138.169806662077,68.242802619409 -138.170377661521,68.2428026189445 -138.170948662376,68.2428976187255 -138.17151966206,68.2428976196311 -138.172090663197,68.2428976194213 -138.172851662228,68.2428976196147 -138.173422661385,68.2428976201633 -138.174089662008,68.2428976196645 -138.174660661627,68.2428976194737 -138.175231661826,68.2429926198458 -138.175802662273,68.2430886204357 -138.176944661086,68.2431836208789 -138.177515660289,68.2432786206561 -138.178181660824,68.2433736201416 -138.178752660503,68.2434686205645 -138.179323660569,68.2436596212442 -138.17989565864,68.2438496208247 -138.180370660186,68.2441346209773 -138.180941659748,68.2444206211144 -138.182179658065,68.2456576216526 -138.18256065727,68.2461336217897 -138.182940655041,68.2466096216728 -138.183416655765,68.246800621331 -138.183892655894,68.2470856214873 -138.184201656302,68.2470856218681 -138.184558655597,68.2473716219645 -138.18522465406,68.24746662171 -138.185891655053,68.2475616218301 -138.186557654665,68.2475616224506 -138.187128653737,68.2475616225906 -138.187794655266,68.2475616225358 -138.188365652855,68.2475616224794 -138.188936653806,68.2476566222131 -138.189603655248,68.2476566227582 -138.190174654535,68.2476566226485 -138.190745653527,68.2477516230148 -138.192553653017,68.2482276235037 -138.193029652912,68.2484186228925 -138.19341065159,68.2487986235892 -138.193886651874,68.2491796233064 -138.194362651753,68.2494656232944 -138.194838650043,68.2496556237067 -138.195313651489,68.2499416238349 -138.195885651085,68.2501316240948 -138.196456649875,68.2502266242697 -138.197027650668,68.2503216243821 -138.197598650063,68.2504166242489 -138.198169648676,68.2505126248525 -138.200168647321,68.2509886246915 -138.200834647439,68.2511786252064 -138.201500648932,68.2514636249212 -138.201976648099,68.25165462547 -138.202642647527,68.2520346253836 -138.20311864582,68.252415625478 -138.203594645978,68.2528916252852 -138.204070644709,68.2532726260131 -138.20435564313,68.2537486256245 -138.204831643777,68.2541286261698 -138.205307643135,68.2546996256821 -138.205593643186,68.2552706257871 -138.205878641401,68.2558416265636 -138.206069640044,68.2564136263771 -138.206164639421,68.2570796264102 -138.206259639411,68.2578406257216 -138.206354638146,68.2584116268291 -138.206354638075,68.2591736259787 -138.206354635569,68.2599346262951 -138.206354635623,68.2605056269008 -138.206354635677,68.2610766265727 -138.206259632917,68.2616486264868 -138.206164634389,68.2623146265614 -138.206164632411,68.2628856259808 -138.205878629608,68.2654556264317 -138.205878629171,68.2660266263072 -138.205878628241,68.2665976265096 -138.205783627819,68.26716862649 -138.205783625626,68.267739626807 -138.205783624888,68.2683106269116 -138.205878624722,68.2689766261818 -138.205973623404,68.2696426270086 -138.206069622117,68.2702146267031 -138.206259622879,68.2708806268333 -138.206449621325,68.2714516264438 -138.206640620317,68.2722126268658 -138.206830619131,68.2728786272286 -138.207020618757,68.2734496272599 -138.207116617562,68.2740216276815 -138.20749661661,68.2745926268771 -138.207782617234,68.2752586274541 -138.207972615208,68.2757346279165 -138.208163615249,68.276210626872 -138.208163614204,68.2767816274773 -138.208163613159,68.2773526271466 -138.208067612989,68.277923627235 -138.207972610952,68.2796366278578 -138.208163609191,68.2803026277423 -138.20844860867,68.2808746278351 -138.20863860684,68.2813496276243 -138.209019608136,68.281825627562 -138.209400607911,68.2822066277639 -138.209488607792,68.2823166281186 -138.209590605719,68.2824926281755 -138.209781606802,68.2826826277558 -138.209971607181,68.2828726278638 -138.210352605571,68.2832536282779 -138.210828605046,68.283634627825 -138.211208605423,68.2841096281336 -138.211589604498,68.2844906282973 -138.211970602822,68.284871628479 -138.212826602597,68.2852526289458 -138.213302603129,68.2854426285506 -138.2138736017,68.2856326283956 -138.214349600585,68.2858236287399 -138.214825601287,68.2861086288871 -138.215396600889,68.2862996286602 -138.215872600484,68.2864896288904 -138.216157599218,68.2869656295336 -138.216538598536,68.2873466293871 -138.217109597964,68.2879176293636 -138.217585596919,68.2882976297393 -138.217966597494,68.2886786299085 -138.218442597829,68.2888686300193 -138.219108597763,68.2889646296602 -138.21958459748,68.2891546296098 -138.220155596053,68.2893446302177 -138.220631596332,68.2895356303577 -138.221202596811,68.289630630469 -138.221773595892,68.2897256303382 -138.222249596087,68.2900116303255 -138.22272559542,68.2902016304525 -138.223201596325,68.2903916308192 -138.223772595147,68.2906776308451 -138.224343593978,68.2909626311718 -138.225675592746,68.2915346316747 -138.226246592722,68.2917246317135 -138.226722591385,68.2919146315121 -138.227198591975,68.2921056316915 -138.227674592818,68.292390631742 -138.228245592157,68.2926756315913 -138.228721590974,68.2929616322773 -138.229197590249,68.2932476321673 -138.229673590986,68.2935326318465 -138.230149590074,68.2939136321989 -138.230529588125,68.2943896320654 -138.230910588666,68.2947696326239 -138.231196589104,68.2952456324577 -138.231576586872,68.295626632446 -138.231957587588,68.2960076327582 -138.232338585272,68.2964836326314 -138.232719585393,68.2968636327506 -138.233099583692,68.2973396327529 -138.233956583894,68.2983866332104 -138.234337583633,68.2987676332734 -138.234812581613,68.2991486335666 -138.235288581564,68.2995286334065 -138.235859580479,68.2997196331146 -138.236335581452,68.3000046334896 -138.2368115811,68.3001956334341 -138.237287580584,68.3004806335602 -138.237763579936,68.300671634289 -138.238239580586,68.3008616338802 -138.238715578633,68.3012426340862 -138.239286577914,68.3015276337183 -138.239857578268,68.3018136339115 -138.24033357678,68.3020986344281 -138.240809576626,68.3023846342623 -138.241189577864,68.302765634552 -138.241665575968,68.3030506346664 -138.242141575355,68.3034316349585 -138.243283575574,68.3042876348215 -138.243759573887,68.3045736355442 -138.24423557377,68.3047636354428 -138.244806572871,68.3048586351498 -138.245377573134,68.3049546354422 -138.24594857349,68.3051446357769 -138.246519572108,68.3052396354591 -138.247186573602,68.305334635295 -138.247662572406,68.3055256355966 -138.248138571611,68.3057156360365 -138.248613572156,68.3059056354317 -138.249089572347,68.3060966362749 -138.249470569479,68.3064766360574 -138.249946570774,68.3068576364665 -138.250422569858,68.3071436368143 -138.251278568464,68.3079996366577 -138.25165956899,68.3083806367562 -138.252040568767,68.3087616368748 -138.252420567495,68.3091416363794 -138.25270656649,68.3096176372543 -138.252896565336,68.3100936365172 -138.252896564467,68.310759636542 -138.252801563482,68.3113306371784 -138.252801563294,68.311902636779 -138.25299256239,68.3123776368554 -138.253277562284,68.3128536375703 -138.253753562122,68.3136156374395 -138.254134559609,68.31399663717 -138.254514559082,68.3144716375504 -138.254895559938,68.3148526374023 -138.255180559232,68.3153286377618 -138.255466556672,68.3158046375298 -138.25556155845,68.3163756379422 -138.255657558068,68.3170416376908 -138.255466556572,68.3175176380755 -138.255752553725,68.3187546381389 -138.256132553438,68.3191356376306 -138.256704553529,68.3196116379255 -138.257275552684,68.3198016383383 -138.257846551893,68.3200876383601 -138.258512552122,68.3204686381003 -138.259083551634,68.3205636384646 -138.259749551462,68.3208486389375 -138.260511550717,68.3209436391392 -138.260606551827,68.3209436386099 -138.260891549834,68.3214196386599 -138.261177551108,68.32189563899 -138.261367548658,68.322371638876 -138.26155854775,68.3228476387536 -138.261748546901,68.3234186391072 -138.261938545565,68.3238946389815 -138.262034546488,68.3244656390316 -138.262034545499,68.3250366394873 -138.26165354402,68.3261786394604 -138.261462544201,68.326654639096 -138.261558541413,68.3272256391706 -138.262034541402,68.3275116391254 -138.262605542435,68.3276066393285 -138.263176542071,68.3277016392937 -138.263842542069,68.3277016399139 -138.264413542853,68.3277016395866 -138.265079542836,68.3277016400859 -138.267459542116,68.3279876400879 -138.268030541281,68.327987640594 -138.268696540955,68.3280826401721 -138.269362541561,68.3280826408681 -138.269933540989,68.3280826403173 -138.270505541073,68.3280826403595 -138.271171540681,68.328082641318 -138.271742541062,68.3280826414551 -138.272313540952,68.3280826410224 -138.272979540055,68.3280826409856 -138.273740539829,68.3280826410003 -138.274312540362,68.328082641069 -138.274883540224,68.3280826414068 -138.275454541055,68.3280826418965 -138.276120539147,68.3280826416459 -138.276691538712,68.3281776417287 -138.277262541268,68.3281776421878 -138.277928540638,68.3282726423114 -138.278499540932,68.3284626423621 -138.278975538508,68.3286536427918 -138.279451539104,68.3288436423489 -138.280688537054,68.329414642445 -138.281164538362,68.329700642864 -138.281640538181,68.3299866430308 -138.282021537413,68.3303666429307 -138.282497536436,68.3306526434909 -138.282878536766,68.3310336433668 -138.283353534481,68.3313186433835 -138.283925534628,68.3314136438609 -138.284400534877,68.3316036439516 -138.284972534267,68.3317946437429 -138.285543534851,68.3317946439298 -138.286114534944,68.3317946435473 -138.28773253523,68.3316996439368 -138.28830353356,68.3316996442861 -138.288874533393,68.3316036441701 -138.289445533363,68.3316036442835 -138.289953534294,68.3316886448976 -138.290016533405,68.3316996442635 -138.290587534013,68.3317946448834 -138.291063534536,68.3319846447834 -138.291444532332,68.3323656448158 -138.291824532914,68.3327466447304 -138.292491532066,68.3334126449331 -138.292681531903,68.333888645192 -138.292967529683,68.3343646456521 -138.29306252923,68.3349356456609 -138.293157527034,68.335601645088 -138.293252528065,68.3361726451108 -138.293347526238,68.3367436450377 -138.29334752679,68.3371926454534 -138.293347526298,68.3373146447403 -138.293347523916,68.3378856453002 -138.293442523806,68.3391226455049 -138.293633524248,68.3395996452828 -138.29401352325,68.3400746453794 -138.294394520811,68.3404556454416 -138.294870521274,68.3408366452517 -138.295346520319,68.3412166458905 -138.295917520619,68.341597645979 -138.29620851844,68.3418306459946 -138.296393519969,68.3419786456717 -138.296869519788,68.3421686461851 -138.297345518484,68.3424546465412 -138.297821517799,68.3427396462937 -138.298297518103,68.3431206459317 -138.299343515393,68.3446436468404 -138.299534514521,68.3451196468648 -138.299819514962,68.3456906469477 -138.299946514391,68.3460076464477 -138.30010551414,68.3461666468055 -138.300486512298,68.346642647314 -138.300866512243,68.3470226470585 -138.30124751334,68.3474986472747 -138.301628511733,68.3478796475737 -138.302104510242,68.3484506476086 -138.302580509768,68.3489266472695 -138.303055508597,68.3494976476243 -138.303436508581,68.3498786477809 -138.303912509733,68.350259647901 -138.306101505287,68.3521626480219 -138.306577504467,68.3526386489646 -138.307053504723,68.3531146483348 -138.307529503317,68.3533046484017 -138.30800550442,68.3536856487298 -138.30838550143,68.3540666489105 -138.308861502249,68.3543516493147 -138.309337501858,68.354637649249 -138.309908500948,68.3550176490562 -138.31028950208,68.3553986491405 -138.310765500084,68.3557796493148 -138.3111465004,68.3562556495357 -138.311621498472,68.3566366498617 -138.31209749773,68.3570166494744 -138.312573497075,68.3574926492779 -138.313049497421,68.3577786498263 -138.313525497741,68.3580636498168 -138.314096495389,68.3585396498492 -138.314667494644,68.3589206500241 -138.316951493011,68.360823650649 -138.317427491499,68.3611096504161 -138.317808491565,68.361585651156 -138.318284491191,68.3619656507379 -138.31876048981,68.3623466507252 -138.319236489627,68.3626326514175 -138.319616490917,68.3630126511044 -138.320092488946,68.3633936512357 -138.320568487641,68.363869651642 -138.321044486923,68.364345651738 -138.321425487192,68.3647266515219 -138.321806486571,68.3652026514884 -138.322186486103,68.3656776513447 -138.322662485127,68.3661536519986 -138.322948484733,68.3666296521995 -138.323328483961,68.3670106520794 -138.3237094822,68.3675816522381 -138.323995482999,68.3680576520217 -138.324280482422,68.3685336525294 -138.325708478028,68.3711036527372 -138.326089477222,68.3715786529915 -138.326279477218,68.3720546524424 -138.326564477463,68.3725306531236 -138.326755475727,68.3730066530348 -138.327040474983,68.3734826530755 -138.327231475411,68.3739586529581 -138.327421474404,68.3744346527554 -138.327611473518,68.3749106525906 -138.327897471761,68.375481652901 -138.328278471212,68.3759576529414 -138.328563469499,68.3764336532993 -138.328849469911,68.3769096533751 -138.329229469472,68.3773846533597 -138.330657467718,68.3789076542483 -138.331038468049,68.3793836540857 -138.33141946588,68.3797646541841 -138.331799465404,68.3802406541699 -138.332085463692,68.3807166540403 -138.332275464371,68.3811916538183 -138.332561464629,68.3816676544882 -138.33284646301,68.3822386542546 -138.33303746277,68.3828096544722 -138.333227461569,68.3833816545812 -138.333322460318,68.3839526550402 -138.333417460117,68.3845236543173 -138.333417458423,68.3851896547747 -138.333322458234,68.3857606549325 -138.333132457583,68.3863316550082 -138.332846457367,68.3868076548719 -138.331609453607,68.3898536548174 -138.331324453169,68.3903296543038 -138.33103845126,68.3908046548836 -138.330752451575,68.3912806540194 -138.330372450038,68.3916616541027 -138.330372451127,68.3922326543582 -138.330467449106,68.3928036542085 -138.330752449155,68.3932796543326 -138.33122844738,68.3940416541782 -138.331400447814,68.3942126541943 -138.331704447073,68.3952786547896 -138.331990446721,68.3957546549955 -138.332275444338,68.3962306547072 -138.332466442991,68.3967066552235 -138.332656443182,68.3971826546009 -138.332846443674,68.3976576550829 -138.333132442928,68.3981336551929 -138.33341744152,68.398609655536 -138.333703439732,68.3990856553877 -138.33408444122,68.3994666552533 -138.334750439893,68.3999996554025 -138.335511438359,68.4006086556717 -138.335987437775,68.4007986560834 -138.336463437814,68.401084656331 -138.337129437883,68.4012746555604 -138.337605438121,68.4014656559761 -138.338081437016,68.4016556562762 -138.338557436455,68.4019406561707 -138.339033435419,68.4022266567209 -138.339509434518,68.4024166565759 -138.339985434833,68.4026076568572 -138.340461434741,68.4028926564692 -138.341032435258,68.4030836569809 -138.341508434315,68.4033686573698 -138.342650433964,68.404225657112 -138.343126432392,68.4045106571018 -138.343506431989,68.4048916578124 -138.343982431332,68.4051776578401 -138.344458431395,68.4055576579546 -138.344934429607,68.4058436574108 -138.345315430699,68.4062236576875 -138.345791431156,68.4064146578481 -138.346266429264,68.4066996577184 -138.34674242797,68.4068906579624 -138.348360426767,68.4080326581651 -138.348836427155,68.4083176581465 -138.349312427499,68.4086986585764 -138.349598425822,68.4091746580238 -138.349978425102,68.4095556588699 -138.350359423928,68.4100316588167 -138.35054942288,68.4105066588247 -138.35054942423,68.4110786587503 -138.350264423668,68.4116496589905 -138.349978421519,68.412125658635 -138.349598421309,68.4125056589507 -138.349217420805,68.4129816582463 -138.346742419962,68.4144096582042 -138.346171420446,68.41450465817 -138.345410419046,68.4146946583963 -138.344934419503,68.4148856577232 -138.344458418519,68.4150756584166 -138.34398241888,68.4152656575565 -138.343316418809,68.415361657834 -138.34265041813,68.4154566576242 -138.342079418029,68.4155516579221 -138.341508418344,68.4156466572706 -138.34084141845,68.4156466573925 -138.340365418874,68.4158366570352 -138.339699416674,68.4160276571261 -138.339033417603,68.4162176564725 -138.338557416178,68.4164086568886 -138.337891416766,68.4165986566343 -138.337129417176,68.416693657057 -138.336558417097,68.4168836563731 -138.335987417668,68.4169796567746 -138.33532141673,68.4169796567358 -138.334559416696,68.4169796563638 -138.333988417492,68.4170746565239 -138.333417417393,68.417074655575 -138.332846416855,68.4171696562056 -138.330752417096,68.4171696558077 -138.330086417285,68.4171696559062 -138.329420418452,68.4171696555055 -138.328754418638,68.4171696551461 -138.327992417503,68.4171696547105 -138.327231418259,68.4171696549331 -138.326564417032,68.4171696547611 -138.325898418456,68.4170746544097 -138.325327418336,68.4170746546478 -138.32456641766,68.4170746548766 -138.323995418414,68.4169796546338 -138.32332841864,68.4168836539249 -138.322757418118,68.4168836540617 -138.322186418572,68.4168836543567 -138.321615418536,68.4168836540891 -138.32104441773,68.416788653734 -138.320378419547,68.4167886538804 -138.319712418914,68.4167886533468 -138.319140420052,68.4166936535653 -138.317332419129,68.4166936526156 -138.316761418908,68.4168836528612 -138.316095419141,68.4169796532663 -138.315524417478,68.4170746528384 -138.315048417718,68.4173606530218 -138.314477419589,68.4175506526345 -138.314437418276,68.4175566525495 -138.313906418675,68.4176456524692 -138.313335417686,68.4177406526168 -138.312764417973,68.4177406521904 -138.312193417279,68.4177406524625 -138.311621418049,68.4176456523098 -138.311050417381,68.4175506519532 -138.310479418741,68.4174556515477 -138.308766420273,68.4167886510643 -138.308290420259,68.4165036512222 -138.307719419733,68.4163126512649 -138.30724342132,68.4161226510429 -138.306767420759,68.4158366511265 -138.306291420559,68.4156466509831 -138.305816422049,68.4152656505723 -138.305245422856,68.4150756513405 -138.303246423027,68.414599650088 -138.302675423164,68.4145046507568 -138.302199424421,68.4143146501326 -138.301628424118,68.4142186497518 -138.301057425373,68.4141236501873 -138.300486423763,68.414028649671 -138.299915425311,68.4140286499833 -138.299248423766,68.4140286494906 -138.298677423838,68.4140286496315 -138.298377425343,68.4140786499351 -138.298201422869,68.4142186494766 -138.297089423096,68.4148416497313 -138.295822423149,68.4155516486911 -138.295346423063,68.4158366493101 -138.294870423245,68.4161226492874 -138.294394422233,68.4163126486612 -138.293823423206,68.4165986489942 -138.293347420777,68.4167886487436 -138.292871420308,68.4169796485212 -138.292395420578,68.417264648578 -138.291824420046,68.4173606487489 -138.291348420578,68.4176456480485 -138.289350418572,68.4184066483151 -138.288779419705,68.4185016480495 -138.288303419534,68.4186926480618 -138.287827419279,68.4188826474716 -138.287351419383,68.4190726478535 -138.286780419849,68.419168647643 -138.286304417375,68.4193586476044 -138.285638418731,68.4195486475451 -138.28497241844,68.4196446471662 -138.284400419172,68.4198346475448 -138.283925419252,68.4200246473015 -138.283449418895,68.4202156474357 -138.282973417474,68.4205006475108 -138.281069416544,68.4211666464951 -138.28059341529,68.4215476468592 -138.280117416195,68.421928646438 -138.279642414973,68.4222136467173 -138.279166416219,68.4225946464549 -138.278785415915,68.4229756465516 -138.278404414863,68.4233556463777 -138.278309413853,68.4239276462757 -138.278594411624,68.4254506464832 -138.278880409826,68.4259256464569 -138.279261410493,68.4263066470442 -138.279642408946,68.4266876469289 -138.279927409714,68.4271636469948 -138.279927408857,68.4277346467754 -138.279546406799,68.4282106467567 -138.278214406359,68.4296376469791 -138.277833406097,68.4300186464142 -138.277357404861,68.4303046469668 -138.276977404165,68.4306846463079 -138.276501405542,68.431065646323 -138.276120404326,68.4314466462974 -138.275739403664,68.4319226465503 -138.27554940272,68.4323986466295 -138.275358401658,68.4328736464228 -138.275168399869,68.4334456463105 -138.275073400549,68.4340156461636 -138.274978397451,68.4353486463182 -138.275073397946,68.4359196463322 -138.275263398465,68.4363956464723 -138.275358396557,68.4369666470956 -138.275739395042,68.4373476467497 -138.276405396776,68.4374426465215 -138.276977394664,68.4375376468382 -138.27869039526,68.4378236468969 -138.279071394449,68.4382036470437 -138.27945139325,68.4386796474164 -138.279642394076,68.4391556476801 -138.2797373936,68.4397266476082 -138.279737392118,68.440297647764 -138.279737392104,68.4408686476826 -138.279737390129,68.4414396471825 -138.279737388305,68.4424866476608 -138.280022387836,68.4430586472921 -138.280308387355,68.4435336478928 -138.280688385738,68.4439146475763 -138.280974385535,68.444390648127 -138.281355385411,68.4447716476075 -138.281735384733,68.4452476486558 -138.282211384637,68.4455326476514 -138.28268738467,68.4458186486141 -138.283258384398,68.4460086486697 -138.283829384066,68.4461036485609 -138.284591383423,68.446198648836 -138.286018383075,68.4470556487785 -138.286399381287,68.4474366492643 -138.28668538114,68.4479126488536 -138.287065381696,68.4483886492663 -138.287446380226,68.4487686490351 -138.288017379448,68.4491496497987 -138.288588379487,68.449149649556 -138.289159378539,68.4491496500141 -138.289635378449,68.4493396493363 -138.291158376126,68.4505776498415 -138.291444375843,68.4510536498147 -138.291729374518,68.4516246502702 -138.291729375157,68.4521956503383 -138.291824374349,68.4527666504733 -138.291824373307,68.4533376497006 -138.291348371466,68.4538136502672 -138.290111371261,68.4547646505452 -138.289731371485,68.4551456499069 -138.289350370774,68.4556216496008 -138.289159369031,68.4560976496835 -138.289064368145,68.4566686500807 -138.289064369093,68.4572396501533 -138.289064366869,68.4577346501131 -138.289159366348,68.4578106498973 -138.28963536804,68.4580006502623 -138.290111367418,68.4581916501692 -138.290587367412,68.4583816501271 -138.291158366718,68.4583816500839 -138.291729366999,68.4583816502024 -138.292300366421,68.4584766506741 -138.293538366128,68.4584766508762 -138.294109365694,68.4584766509724 -138.294585366598,68.458667650597 -138.295060365781,68.4588576514134 -138.295536365271,68.4590476511602 -138.295655365161,68.4591196512521 -138.296012364645,68.4593336511153 -138.296488363997,68.4596196515427 -138.297250363017,68.4600946512923 -138.297630364227,68.4604756517535 -138.298011361501,68.460856651441 -138.298392362931,68.4612376520499 -138.29877236091,68.4617136518545 -138.299058360292,68.4621886515251 -138.299534360147,68.4624746520535 -138.300105361178,68.4630456522331 -138.300581359139,68.4632356522255 -138.30115235978,68.4633316520808 -138.301723359188,68.4633316527332 -138.302294358259,68.4634266528819 -138.302770359331,68.4636166527835 -138.303341358307,68.4638066525228 -138.303817358008,68.4639976524864 -138.304293356942,68.4642826525124 -138.304769356504,68.4646636536175 -138.305625354835,68.4658056534734 -138.305816355302,68.4662816535029 -138.305911354033,68.466852652795 -138.305911353596,68.4674236532607 -138.305530352803,68.4678046538286 -138.305054353396,68.4679946531192 -138.304578352511,68.4681856533685 -138.303912352752,68.4683756531269 -138.303436351939,68.4685656528487 -138.302960351544,68.4687566529877 -138.302389351535,68.4687566527083 -138.30181835127,68.4686606531431 -138.301247351599,68.4685656522555 -138.300676353466,68.4684706525837 -138.298297353186,68.4682806520721 -138.297725353653,68.4681856521753 -138.297154351893,68.4681856517827 -138.296583354542,68.4681856517336 -138.295917353964,68.4681856514365 -138.295346353171,68.468185651768 -138.294680352583,68.4681856513766 -138.294109353124,68.468280650794 -138.293538351625,68.4683756510683 -138.292871353049,68.4683756513918 -138.292300353753,68.4684706507594 -138.291729352415,68.468565650984 -138.291253352652,68.4687566506751 -138.290778352798,68.4689466505985 -138.288017352272,68.4697076500236 -138.287446351276,68.4697076502324 -138.286780351359,68.4697076503962 -138.286209350845,68.4697076499059 -138.285638353162,68.469613649985 -138.285067353387,68.4696136496381 -138.284496352624,68.4696136499936 -138.283925353331,68.4696136492505 -138.283353352413,68.4696136497435 -138.282782352925,68.4694226488375 -138.282211352528,68.4693276494551 -138.281640353593,68.4693276488143 -138.281069353544,68.469232648646 -138.279737353838,68.4694226488826 -138.279261352239,68.46961364906 -138.278690352476,68.4697076481726 -138.278214353169,68.4698986488372 -138.277738352724,68.4700886483311 -138.277262351632,68.4702796482388 -138.276691352327,68.4703746479926 -138.276120351171,68.4703746483262 -138.275454352517,68.4704696477545 -138.274883351068,68.4704696481105 -138.274312352187,68.4706596480294 -138.27450234755,68.474466648061 -138.27488334496,68.4749426482058 -138.275263345705,68.4754186480761 -138.275739346756,68.475704648412 -138.276215346207,68.4758946483646 -138.276786344294,68.4759896489239 -138.277357344907,68.476084648177 -138.278975344669,68.4761806485301 -138.279546343701,68.4764656493057 -138.27983234399,68.4769416492801 -138.280498341265,68.4778936495703 -138.280879341985,68.4782736492048 -138.281164339834,68.4787496495154 -138.281545339641,68.4791306494202 -138.2819263387,68.4795116493422 -138.282402338571,68.4797016499551 -138.282878338642,68.4799876496246 -138.283353338861,68.4802726496286 -138.283829337696,68.480463650469 -138.284305337497,68.4807486497071 -138.284781336045,68.4810346500876 -138.285257337802,68.4812246505326 -138.28573333687,68.4815106501374 -138.286209336267,68.4818906509274 -138.286685333823,68.482271650506 -138.287161335098,68.4826526503692 -138.288303333693,68.4838896509604 -138.288303333718,68.4844606510878 -138.288207332193,68.4850316506611 -138.288017331329,68.4855076513169 -138.287732331229,68.4859836507024 -138.287446330339,68.4864596507862 -138.287256328766,68.4869356506145 -138.287065329261,68.4875066510107 -138.286780327054,68.4879826507649 -138.286590327368,68.4884586504534 -138.286399326256,68.4889336507991 -138.285162325834,68.4905526508146 -138.284876323949,68.4910276509277 -138.284496324694,68.4915036506128 -138.284115322642,68.4919796500854 -138.283829322775,68.4924556505941 -138.283734320755,68.4930266505239 -138.283544320494,68.4935026509005 -138.283163319185,68.4940736507155 -138.282973320049,68.4945496500993 -138.282782318112,68.4950256507649 -138.282592317226,68.495501650389 -138.282402316162,68.4960726503233 -138.282402316045,68.4966436500793 -138.282307314847,68.4972146506538 -138.283734312563,68.4990226505592 -138.284210312166,68.4994036513251 -138.284686311377,68.4995946510029 -138.285162311925,68.49987965132 -138.285923313078,68.5000696513663 -138.286399312439,68.500260651157 -138.287351309838,68.5004506515394 -138.287922310081,68.5005466515482 -138.287970310762,68.5005466520457 -138.288303311404,68.5006406519839 -138.2897313093,68.5007366518717 -138.290301311434,68.5007366521001 -138.290778308878,68.5009266520261 -138.291348310578,68.5009266525295 -138.291920309756,68.5009266529392 -138.292491310436,68.5009266522914 -138.293062310129,68.5009266523481 -138.293633310799,68.5009266525696 -138.294204309009,68.5009266527747 -138.294775310163,68.5009266526046 -138.295346310329,68.5009266531392 -138.295917310002,68.5009266531174 -138.29782130746,68.5016876537135 -138.298297308037,68.5018786530494 -138.298772308384,68.5020686539082 -138.2992483068,68.5022596541035 -138.299724307423,68.5024496539421 -138.30029530638,68.5025446539041 -138.300866306471,68.5025446541553 -138.301438306391,68.5024496542421 -138.301913308236,68.5021636544543 -138.302484307073,68.501783654702 -138.303151307915,68.5014976548795 -138.3036263086,68.5013076543716 -138.306863309005,68.5002606545253 -138.307529309843,68.5000696553234 -138.308100309404,68.4999746554222 -138.308576310808,68.4997846554282 -138.309147308834,68.4996896551792 -138.309623310775,68.4994986555991 -138.310099310626,68.4991186556643 -138.310575309672,68.4988326554168 -138.310955310594,68.4984516557296 -138.31133631156,68.4980716552782 -138.311717311898,68.4976906554945 -138.312288313164,68.4975006558451 -138.312764312807,68.4972146559963 -138.314096314279,68.4965486560003 -138.314572312846,68.4963576563031 -138.315143314238,68.4962626558433 -138.315714313986,68.496262655891 -138.316190313862,68.4960726559696 -138.316761313926,68.4959776560463 -138.31733231331,68.49597765707 -138.317903313813,68.4958816564641 -138.318474313378,68.4958816565552 -138.319045313922,68.4958816568106 -138.319712312962,68.4958816574696 -138.320283313993,68.495881657027 -138.320854312377,68.4959776570986 -138.321520313807,68.4959776570026 -138.322091312681,68.4959776576499 -138.322662312024,68.49616765747 -138.323138313356,68.4963576576943 -138.323804314209,68.4964536579775 -138.324471313303,68.4965486577959 -138.325232312187,68.4965486581742 -138.325993311558,68.4965486585669 -138.326564311645,68.4965486584857 -138.330181311053,68.4961676590245 -138.330752312775,68.4960726592777 -138.331324313014,68.4958816592419 -138.331799312388,68.4956916588605 -138.332371313418,68.4955966589682 -138.332846313183,68.4954066596187 -138.333417313582,68.4953106597381 -138.333893313948,68.4951206598853 -138.334464312144,68.4950256595607 -138.334940315021,68.4947396597046 -138.335511313133,68.4945496599902 -138.335987314915,68.4943596597395 -138.338557314467,68.4941686604722 -138.339128312751,68.4941686605755 -138.33969931398,68.4941686603023 -138.340270314226,68.4941686607336 -138.340841314689,68.4942646607173 -138.341412313974,68.4944546605345 -138.34188831365,68.4946446605977 -138.34236431296,68.4948346614523 -138.342935311961,68.4949306616055 -138.343506311805,68.4950256610877 -138.344077311261,68.4952156615396 -138.344648312025,68.4953106612694 -138.345219312265,68.4953106612581 -138.345791311259,68.4953106616093 -138.347409310819,68.495120662176 -138.347980311967,68.4951206620231 -138.348551312133,68.4951206625747 -138.349122311807,68.4951206625697 -138.349693312464,68.4951206627287 -138.350169311862,68.4953106620584 -138.350740309937,68.4954066626315 -138.351216309462,68.4955966628052 -138.351692310586,68.4957866632303 -138.352167310728,68.4959776627471 -138.352739308566,68.4960726629718 -138.353310310642,68.4961676629907 -138.353881311508,68.4961676633301 -138.354452310013,68.4962626636508 -138.357212308766,68.4967386634532 -138.35778330835,68.496833664541 -138.358354307409,68.496929664046 -138.359020307056,68.4969296641596 -138.359591307469,68.4970246646635 -138.360162308447,68.4971196644042 -138.36063830725,68.4974046647751 -138.361114307197,68.4975956641253 -138.361685307468,68.497595664847 -138.362257307079,68.4975956645783 -138.36281430657,68.4975116650685 -138.363399306152,68.497595665215 -138.363970307409,68.4975956651489 -138.364636306778,68.4975956653115 -138.365112305721,68.4974046652532 -138.365683306706,68.4972146652147 -138.367967307658,68.4970246661846 -138.368538308161,68.4969296656624 -138.369109306447,68.4969296659918 -138.369680308199,68.4968336662291 -138.370347306006,68.4968336663301 -138.370918306937,68.4968336663053 -138.371489306544,68.4967386667832 -138.372060308314,68.496833666568 -138.372726308294,68.4968336667788 -138.373297306286,68.4968336667482 -138.373868307226,68.4968336663409 -138.376628305643,68.4969296674191 -138.377199306141,68.4970246680906 -138.377675306182,68.4972146676028 -138.378246306661,68.4974046674304 -138.378722304514,68.4975956679961 -138.37929330506,68.4977856678824 -138.37976930545,68.4979766679787 -138.380245304716,68.4981666677085 -138.380721303458,68.4984516679834 -138.381292304862,68.4985476684347 -138.381958304036,68.4985476678873 -138.382529302822,68.4985476685636 -138.383100304917,68.498642668743 -138.383767303648,68.4986426684968 -138.384338304198,68.4986426691802 -138.38671730228,68.4986426694957 -138.387288302844,68.4986426697974 -138.387859302919,68.4986426695428 -138.388526301677,68.4986426696181 -138.389097303723,68.4986426693861 -138.38966830314,68.4985476699741 -138.390334303257,68.498451670409 -138.391000304254,68.4984516699816 -138.391571303761,68.498451670342 -138.392142304564,68.498261670236 -138.392714303485,68.4981666705049 -138.393285302968,68.4980716704297 -138.393856302832,68.4980716710813 -138.39452230221,68.4980716709078 -138.395093302571,68.4980716708648 -138.395759304333,68.4979766707304 -138.396330302456,68.4979766712539 -138.396901303529,68.4979766714003 -138.397472304112,68.4979766709905 -138.399471303166,68.497976671498 -138.400042302293,68.4979766711955 -138.400613302701,68.4978806716147 -138.401184301544,68.4979766716234 -138.401755303631,68.4979766718127 -138.403183303036,68.4978806718564 -138.403754301886,68.4978806727094 -138.40432530221,68.4978806724649 -138.404344303142,68.4978806721953 -138.405563301802,68.4982616726219 -138.406229300157,68.4983566727494 -138.406895301603,68.4983566733031 -138.407466300423,68.4984516727518 -138.40813230135,68.4986426725926 -138.40870330101,68.4987376732517 -138.40927530063,68.4988326737141 -138.409846299466,68.4989276733873 -138.409859301419,68.4989276734854 -138.410417301029,68.4989276737574 -138.410988300141,68.4989276741124 -138.411654300192,68.498927674119 -138.412225299804,68.4989276737795 -138.414509300461,68.4990226740511 -138.414795299989,68.4991186740126 -138.415080299161,68.4992136743253 -138.415652299354,68.499308674331 -138.416127300133,68.4994986747617 -138.416698298873,68.4995946750473 -138.4172702986,68.4994036747314 -138.417745297633,68.4992136747679 -138.418221299342,68.4988326754845 -138.418602299725,68.4984516755024 -138.419744301253,68.4971196753302 -138.419812300583,68.4970646752143 -138.420220302832,68.4967386753753 -138.420601302974,68.4963576747025 -138.421077302103,68.4961676756586 -138.421648302725,68.4959776750163 -138.422219302718,68.4958816754063 -138.422790303318,68.4956916756454 -138.423361302461,68.4955966758233 -138.423932303498,68.4955016757755 -138.424503304469,68.4954066760432 -138.425074304187,68.49531067618 -138.425645303338,68.4953106761477 -138.425788304072,68.4953346763886 -138.426217304543,68.4954066762384 -138.427644302888,68.4957866767199 -138.428120302411,68.4959776771216 -138.428691302646,68.4960726765271 -138.429262301,68.4961676769736 -138.429833301397,68.4962626773784 -138.430404301504,68.4962626771592 -138.430880301332,68.4964536773678 -138.431451300635,68.4965486775924 -138.432022300508,68.4966436770554 -138.432498299807,68.4969296773341 -138.432974301021,68.4972146778318 -138.434211299063,68.4976906780728 -138.434782300003,68.497785677454 -138.435353299847,68.497785678253 -138.435924300667,68.4978806781193 -138.436496297699,68.4978806780412 -138.436971297783,68.4980716784508 -138.437543299311,68.4982616784247 -138.438018298239,68.4984516784793 -138.438494297707,68.4987376783009 -138.438970296879,68.4990226788888 -138.43944629571,68.4992136786449 -138.441255295318,68.4999746789293 -138.441730295236,68.5001656794643 -138.442206295971,68.5004506791202 -138.442682293642,68.500640679167 -138.443158294853,68.5008316798984 -138.443634294278,68.5010216797339 -138.444205292532,68.5012126798054 -138.444776293408,68.5014026798675 -138.445347291983,68.501592679993 -138.445918293627,68.5016876801927 -138.44639429397,68.5018786802381 -138.447251291949,68.5019736805434 -138.447727292617,68.5021636802551 -138.448203291633,68.5023546810103 -138.448678291255,68.5027346801825 -138.449059291092,68.50311568079 -138.449250290416,68.5035916802673 -138.449535289923,68.5040676803102 -138.44972528936,68.504543681209 -138.449755290108,68.5047186809357 -138.449821288318,68.5051146804957 -138.450487284896,68.5072086813564 -138.450677282765,68.5077796810867 -138.45067728221,68.5083506812197 -138.450868282085,68.5089216811348 -138.450963283457,68.5094926814487 -138.451153280622,68.5100636816843 -138.451248280859,68.510729681717 -138.451534279778,68.511300681349 -138.451838278524,68.5118336813179 -138.451915279759,68.5119676817696 -138.452200277746,68.5125386820745 -138.452241277537,68.5126396821505 -138.452390277116,68.5130146819401 -138.452771275993,68.5133946815075 -138.452961276671,68.5138706819099 -138.453247275354,68.5143466819612 -138.45467527346,68.5157746821695 -138.455055273677,68.5161556825392 -138.455531272291,68.5164406820494 -138.456007271362,68.5167266829688 -138.45648327247,68.5169166826879 -138.45695927208,68.5172026828525 -138.457530271359,68.5172976824788 -138.458101270722,68.517392682607 -138.458672271003,68.5173926829675 -138.460956269849,68.5175826831672 -138.461528269526,68.5176776837751 -138.462003270119,68.5179636832023 -138.462479267747,68.5181536836667 -138.462955268262,68.5183446840452 -138.463431269828,68.5186296840776 -138.463907267133,68.5188206838365 -138.464383268188,68.519010684372 -138.464859266686,68.5193916841621 -138.465335266367,68.5195816840261 -138.466667266603,68.5200576847653 -138.467143266259,68.520342684186 -138.467333265988,68.5203426843452 -138.46771426573,68.5203426843003 -138.467873265516,68.5202476850676 -138.468380264538,68.5202476848648 -138.469142265866,68.5201526855892 -138.469713265781,68.520152684748 -138.470284266204,68.5201526853335 -138.470855266142,68.5201526853645 -138.471426267073,68.5201526855609 -138.471902265266,68.5203426852863 -138.472378264775,68.5205336854611 -138.47285426471,68.5208186859646 -138.473330264451,68.5210096856989 -138.473901263436,68.521199685954 -138.47609026253,68.5211996863865 -138.476756264671,68.5212946865131 -138.477327262749,68.5212946863411 -138.477803262149,68.5214856864102 -138.478279263247,68.5216756865447 -138.478850262506,68.5217706864124 -138.479326262254,68.521960686684 -138.47989726229,68.5221516864889 -138.480468261036,68.5222466872155 -138.481039260355,68.5223416871835 -138.481610261723,68.5224366871123 -138.483038260985,68.5226276873813 -138.483609260323,68.5227226877313 -138.48418026087,68.5227226879502 -138.484751260581,68.5228176875294 -138.48532226038,68.5229126876115 -138.485893260266,68.5230076881965 -138.486464261016,68.5231036882086 -138.487035260106,68.5231986878183 -138.48760625937,68.5233886884129 -138.488083258335,68.5235786883637 -138.488653258818,68.5236746883494 -138.489986256952,68.5249116890734 -138.490367256433,68.5252926890908 -138.490747255851,68.5257676893881 -138.491128255329,68.5261486893627 -138.491509254072,68.5265296893682 -138.491889254964,68.526910689477 -138.492270252982,68.5273866892722 -138.492651253898,68.5277666892704 -138.493127253059,68.5282426898952 -138.493603252099,68.5285286895044 -138.494078251371,68.5288136900572 -138.494554249942,68.5290046899517 -138.49655325106,68.529575690765 -138.497315250456,68.5297656909201 -138.49798125041,68.5299556907919 -138.498552250418,68.5299556904936 -138.499123249526,68.5300516911445 -138.499694248415,68.5301466908724 -138.500265249356,68.530241690562 -138.50083624902,68.5305276913816 -138.501502248907,68.5306226912453 -138.502074248841,68.5307176917842 -138.502549248461,68.5309076917999 -138.503025247943,68.5310986921062 -138.50359624873,68.5311936919582 -138.504167247589,68.5313836922114 -138.506452247685,68.531859692228 -138.507118245658,68.5319546922047 -138.507689246054,68.5320496923484 -138.508260246254,68.5321456924354 -138.508736244975,68.5323356924806 -138.509307245117,68.5325256929228 -138.509878245581,68.532620693173 -138.510544244539,68.5327166933924 -138.511115246065,68.5328116930874 -138.511686245299,68.5330016931128 -138.512258243182,68.533096693427 -138.513286243659,68.533382693585 -138.513400242383,68.5333826934714 -138.514161244226,68.53338269348 -138.514637244646,68.5330966934137 -138.515018245266,68.5326206935135 -138.515398244801,68.532240694337 -138.515398245079,68.5316696941751 -138.515208246625,68.5310986941206 -138.514827247642,68.5306226941154 -138.51454224795,68.530051693305 -138.5140662483,68.5296706936447 -138.513685250694,68.5291946933767 -138.512543252415,68.5276716928944 -138.51368525333,68.5259586933566 -138.51435225345,68.5259586930859 -138.515018253733,68.5257676935239 -138.515684252932,68.5256726938269 -138.516255253424,68.5254826936574 -138.516921254131,68.525292694128 -138.517397254947,68.5250066942711 -138.517968253744,68.5248166941981 -138.51853925439,68.5247216936628 -138.519015255195,68.524530694673 -138.521775257661,68.5234836946816 -138.522251257921,68.5232936948374 -138.522727255603,68.5231036945202 -138.523298257186,68.5230076948786 -138.523869256441,68.5230076951947 -138.524440255215,68.5230076949569 -138.525012256861,68.5230076955239 -138.52558325615,68.523007694894 -138.526249257164,68.5230076952997 -138.526820256486,68.5230076952405 -138.527166254778,68.5230076954304 -138.527391256805,68.5230076953462 -138.528057256888,68.5230076960737 -138.52862825576,68.523007696031 -138.529295254791,68.5230076958523 -138.529961255905,68.5230076960031 -138.530627256055,68.5230076962069 -138.531198256958,68.5230076964577 -138.533482256438,68.5231036967964 -138.534053256239,68.5231036968003 -138.534625255476,68.5231036973789 -138.535196255794,68.5231036969907 -138.535767255679,68.5231986971164 -138.536433256353,68.5231986974112 -138.536909254728,68.5233886968995 -138.537480255372,68.5234836972761 -138.538146254623,68.523483697173 -138.538717255539,68.5235786977403 -138.539288254107,68.5236746981 -138.539764254938,68.5238646978898 -138.54043025342,68.5240546975311 -138.541097253237,68.5241506981506 -138.54157325269,68.524340698668 -138.542239253062,68.5245306983849 -138.542715252979,68.5247216987435 -138.544238251279,68.5256726991999 -138.544713250259,68.5258636988867 -138.545285251314,68.525863698909 -138.545951250652,68.5258636992974 -138.54652225175,68.5257676993592 -138.546585250704,68.5257576989015 -138.547093250626,68.5256726990174 -138.547569250648,68.5253876998706 -138.548140251915,68.5250066996321 -138.548616251998,68.5247216990989 -138.5491872516,68.524530700049 -138.549758250878,68.5242456997067 -138.550234253265,68.5240546997646 -138.55071025255,68.5238646993542 -138.552899254429,68.5232937001564 -138.553470254374,68.5231037004808 -138.554136253168,68.5230077007758 -138.554802254416,68.5228177004057 -138.555373254297,68.5227227007114 -138.556135254178,68.5226277002542 -138.556706253624,68.5226277008195 -138.557277253303,68.5227227015851 -138.557658253871,68.5231037008628 -138.558134252548,68.5233887016474 -138.558610252548,68.5237697012323 -138.559086250895,68.524150701485 -138.559561250557,68.5246257012754 -138.559942250978,68.5250067017343 -138.560323249609,68.5254827014985 -138.560894250215,68.5258637018549 -138.561275248268,68.5263397018471 -138.561750248181,68.52681570186 -138.563667245597,68.5284227018269 -138.565177244485,68.5285287027933 -138.565558246024,68.5287187026738 -138.56603324414,68.5289087032483 -138.566605244539,68.5290047032911 -138.567271243349,68.5291947026852 -138.567842244294,68.5292897030074 -138.568413243853,68.5293847031162 -138.569079243658,68.5295757033573 -138.569745243713,68.5296707036628 -138.570412242701,68.5298607039103 -138.570983241886,68.5299557034643 -138.571554243456,68.530146703854 -138.572125241663,68.5302417042159 -138.572696241928,68.5303367045404 -138.573362242278,68.5303367037819 -138.574124242689,68.530336704428 -138.574790240638,68.5303367046834 -138.575361241055,68.5302417047612 -138.576027241828,68.5302417045671 -138.576693241641,68.5302417044272 -138.57736024071,68.5302417052321 -138.577931240617,68.5302417050144 -138.578502240824,68.5303367056485 -138.579168241477,68.5305277050058 -138.579739240328,68.5307177058306 -138.580310241277,68.5308127054698 -138.580786238884,68.5310987055802 -138.58135723925,68.5311937055845 -138.582880238736,68.5318597063342 -138.583356237302,68.5320497060127 -138.58383223865,68.5324307060196 -138.584213238558,68.5328117064025 -138.58440323771,68.5332877064128 -138.584688237093,68.533763706375 -138.584879236361,68.5342387065081 -138.585069234363,68.5347147063457 -138.585450233545,68.5351907068783 -138.587353230327,68.5376657070928 -138.587734230071,68.5380467075785 -138.588115230865,68.5385227072371 -138.588591228292,68.5389027070518 -138.589067228577,68.5392837076752 -138.589543228489,68.5395687074822 -138.590019226064,68.5398547075661 -138.590685227621,68.5400447077789 -138.591256226664,68.5401407077724 -138.591922226169,68.5402357076821 -138.592588226776,68.5402357078941 -138.593254226425,68.5402357081613 -138.594016226802,68.5402357088047 -138.59468222735,68.540140708514 -138.595348226907,68.5401407082237 -138.596014226606,68.5400447085847 -138.59829922568,68.5400447088734 -138.598965226167,68.5400447088652 -138.599536226352,68.5400447098346 -138.600203226026,68.5400447097907 -138.600964225381,68.540140709177 -138.601630226175,68.5401407101046 -138.602392225897,68.5402357096291 -138.602963224944,68.540425710434 -138.603534224441,68.540425710424 -138.604105224942,68.5404257105801 -138.604676224964,68.5404257101837 -138.60524722403,68.5404257104965 -138.605818226062,68.5404257104321 -138.606389225654,68.5404257103584 -138.606960224289,68.540425710994 -138.607531224408,68.5404257105338 -138.608102223569,68.540425710783 -138.608673223736,68.540425711198 -138.609149224971,68.5404257107561 -138.609245226025,68.5404257112305 -138.609720225664,68.5404257110864 -138.610387224538,68.5405207110478 -138.610958224086,68.5405207117733 -138.611529223779,68.5406157115199 -138.612195224734,68.5407117117364 -138.612766223541,68.5408067114771 -138.613432223055,68.5409967114548 -138.614003222726,68.5410917124246 -138.614574223125,68.5410917119485 -138.615146221751,68.5410917121436 -138.615907222144,68.5411867122619 -138.616573222424,68.541186712261 -138.617239222079,68.5412827129529 -138.61781122237,68.5412827122366 -138.620856222185,68.5412827133249 -138.621427223916,68.5412827134191 -138.621998223207,68.5412827135043 -138.62256922202,68.5412827130371 -138.623141222515,68.5412827133716 -138.62371222138,68.5412827137766 -138.624283223213,68.5412827138041 -138.624854222606,68.5412827138227 -138.625425223006,68.5412827140073 -138.625996220968,68.541282714183 -138.626567221897,68.5412827139812 -138.627233221843,68.5412827148351 -138.627899221312,68.5412827144829 -138.628375221844,68.5412827143079 -138.628518221405,68.5411867141462 -138.628756221642,68.5409967141579 -138.629137222875,68.5405207150494 -138.629327223218,68.5399497151384 -138.629517222637,68.5394737145873 -138.629708225009,68.5389027146828 -138.629898225399,68.5384267143782 -138.630089227195,68.5379507148619 -138.630279225858,68.537474714764 -138.630374227404,68.5369037148129 -138.630469229377,68.5363327147326 -138.63066022766,68.5357617145262 -138.630850229774,68.535190714513 -138.630945229587,68.5345247147159 -138.631897234346,68.5319547149076 -138.632087233804,68.5313837151265 -138.632278234835,68.5308127152823 -138.632468236452,68.5303367150139 -138.632658236713,68.5297657145367 -138.632849236518,68.5291947145368 -138.632944238675,68.528623714845 -138.633134239936,68.5281477148652 -138.633229239589,68.5275767143104 -138.633515240363,68.527005715335 -138.633705241232,68.5265297149431 -138.63389624153,68.5260537146009 -138.634276242554,68.5256727152392 -138.634657243423,68.5252927150206 -138.635038242572,68.5249117155217 -138.636656245041,68.5234837155503 -138.637132244896,68.5231037153033 -138.637417245273,68.5229317157047 -138.63779824535,68.5226277151619 -138.638274245539,68.522436715412 -138.638845246059,68.5222467157684 -138.639416245953,68.5220567152693 -138.64017724646,68.5218657160189 -138.647030247229,68.5201527168826 -138.647697247889,68.5200577176353 -138.64826824849,68.5198677170956 -138.648934247895,68.5196767173804 -138.649600248355,68.5195817172496 -138.650266249503,68.5194867174942 -138.650838249426,68.5192957178703 -138.651504247952,68.5191057176327 -138.652075248308,68.5190107175056 -138.652741249934,68.5188207180684 -138.653502249004,68.5186297185355 -138.654264250186,68.5185347184392 -138.654835249303,68.5183447185291 -138.655406248013,68.5183447183768 -138.656072250929,68.5181537183509 -138.656643248801,68.5180587188563 -138.657309250301,68.5178687185857 -138.657881250326,68.5178687187323 -138.658452251005,68.5176777190843 -138.659023249958,68.5175827194153 -138.659499250239,68.5173927195693 -138.661593251216,68.5168217197074 -138.662259251694,68.5168217194745 -138.662925250057,68.5166307196671 -138.663496252016,68.5165357199902 -138.664067251407,68.5163457194679 -138.664638251345,68.5163457194157 -138.665305250748,68.5162507196808 -138.665876250662,68.516155720225 -138.66654225178,68.5160597200705 -138.667208252112,68.5160597205382 -138.667779250326,68.5160597203956 -138.668350251032,68.5160597211348 -138.66892124978,68.5160597206018 -138.669492251803,68.5161557208236 -138.671206250914,68.5165357214826 -138.671777250246,68.5165357216136 -138.672348249198,68.5167267215468 -138.672919249182,68.5168217215099 -138.673395248549,68.5170117215634 -138.673871250715,68.5172027217305 -138.674442248378,68.5172977221556 -138.675013250063,68.5173927219997 -138.675489248761,68.5175827218152 -138.675965248385,68.5177737222868 -138.67653624775,68.5178687225931 -138.677012248724,68.5180587222803 -138.677583246926,68.5182487228265 -138.678154246641,68.5185347223422 -138.680628244906,68.5193917226244 -138.681199244039,68.5196767232854 -138.681770245407,68.5199627230164 -138.682246244508,68.5202477235085 -138.682817243167,68.5204387231226 -138.68329324432,68.5206287234468 -138.684055243567,68.5208187239639 -138.68472124325,68.5210097235705 -138.685197242239,68.5211997241628 -138.685863242185,68.521389724376 -138.686434243428,68.5214857243203 -138.68691024275,68.5216757241085 -138.6874812412,68.5219607239957 -138.687957240792,68.5221517247558 -138.688528241725,68.5223417247305 -138.689099239592,68.5226277245784 -138.689670241679,68.5228177248325 -138.691479238554,68.5235787251703 -138.691955237802,68.5238647251494 -138.692526237244,68.524054725095 -138.693097238954,68.5241507256003 -138.69366823701,68.5243407253892 -138.694144236416,68.5245307256822 -138.694715236604,68.5247217253919 -138.695286235938,68.5249117255266 -138.695952235407,68.5249117259472 -138.696523237006,68.5249117255801 -138.697094236578,68.5250067256249 -138.697411235305,68.5251977265066 -138.698141235252,68.5251977261892 -138.698903234932,68.5251977265105 -138.699569235608,68.5251977266824 -138.700140235801,68.525197727262 -138.700901235598,68.5251017273175 -138.7014722375,68.5251017270774 -138.702043236248,68.5250067267568 -138.70271023633,68.524911726713 -138.703376235147,68.5248167273913 -138.704042235131,68.5247217271817 -138.7047082368,68.5246257276908 -138.705280236051,68.5244357278072 -138.705946236311,68.5243407277792 -138.708896237307,68.5233887287154 -138.709372237248,68.5231037286464 -138.70994323798,68.5229127278604 -138.71051423865,68.522627728844 -138.710990238672,68.5223417284354 -138.711466238038,68.5220567286839 -138.711942238538,68.5218657286268 -138.712513239718,68.5216757282555 -138.712989238076,68.5214857288057 -138.713465239891,68.521294728841 -138.714036239008,68.5211997290308 -138.714607239998,68.5210097296665 -138.715178239768,68.520913728977 -138.715749241264,68.5207237292094 -138.716225241188,68.5205337293778 -138.716796239575,68.5204387297065 -138.71736723999,68.5204387300516 -138.717938239933,68.5204387298429 -138.718509240889,68.5204387297981 -138.719176240852,68.5203427299463 -138.72383924213,68.5196767308841 -138.724315240585,68.5194867311829 -138.724886241208,68.5193917309496 -138.725457241919,68.5192957313549 -138.726028240269,68.5192957311291 -138.726695241951,68.519295730954 -138.727266240372,68.519295731295 -138.727837240817,68.519391731921 -138.728408240566,68.5193917311545 -138.729074240388,68.5194867322665 -138.729740239892,68.5194867319199 -138.730502239838,68.5195817324252 -138.731168240465,68.5196767315085 -138.731739241438,68.5197717322484 -138.732405239637,68.5197717324854 -138.732881239437,68.5199627327715 -138.733357239219,68.520152732935 -138.735832238903,68.5209137327174 -138.736308237411,68.5211047329278 -138.736879236943,68.521294733423 -138.737545237632,68.5213897330261 -138.738021236926,68.5216757334102 -138.738687236527,68.5218657337742 -138.739258236252,68.5219607341244 -138.739734235736,68.5222467336937 -138.740210236088,68.5224367338896 -138.740686235126,68.5226277338393 -138.741257235965,68.5229127340468 -138.741733234056,68.5231037338738 -138.742209234387,68.5233887346485 -138.742685232306,68.5236747341496 -138.743160233075,68.5240547339646 -138.743827230938,68.5244357344735 -138.74449323125,68.5248167350366 -138.74515923133,68.5251017353918 -138.745731230324,68.5254827353138 -138.746610230944,68.5258267347533 -138.746968231025,68.5261487353063 -138.747444229154,68.5265297358058 -138.747824227871,68.5270057354957 -138.748205226974,68.5274817354807 -138.748586228637,68.5278627356225 -138.748966227111,68.5282427355164 -138.749252226051,68.5287187362833 -138.749537225774,68.5291947354709 -138.749728225616,68.5297657361204 -138.74972822339,68.5303367356735 -138.749728222484,68.5310027361131 -138.749633222267,68.5315737357152 -138.749442221322,68.532145736221 -138.749252219541,68.5328117357351 -138.74906222028,68.5332877364066 -138.748871218829,68.5339537356139 -138.748681218578,68.53461973573 -138.74910821908,68.5348417362398 -138.74915721608,68.5353817359318 -138.749157215747,68.5359527363451 -138.749157215413,68.5365237357865 -138.749347213851,68.537094736079 -138.74972821343,68.537570736062 -138.750109213333,68.5380467363961 -138.750584213818,68.538331736023 -138.75106021263,68.5385227361671 -138.751631212752,68.5387127363828 -138.752202211557,68.5387127366428 -138.752774212052,68.5389027368502 -138.753345211822,68.5389977372585 -138.755914212129,68.5390937374412 -138.756485211252,68.5391887372258 -138.756961210378,68.5393787378133 -138.757532210714,68.5395687373198 -138.758104211206,68.5396647374897 -138.758579210808,68.5398547383694 -138.758770209912,68.5398867383043 -138.759151211199,68.53994973824 -138.75972221118,68.5399497382695 -138.760388210361,68.539949738676 -138.760864210748,68.5399497386514 -138.76134020992,68.5397597388407 -138.76181521086,68.5393787383282 -138.762386209624,68.5391887385608 -138.762958210368,68.5389977383503 -138.763433211643,68.5388077389972 -138.764100211692,68.5386177393544 -138.764576212301,68.5384267391247 -138.765052211342,68.5382367392916 -138.765623213297,68.5380467390921 -138.766194212599,68.5378557396783 -138.766670211067,68.5375707391987 -138.767241212508,68.5374747395647 -138.767812212444,68.5371897397625 -138.768383212498,68.5369037396907 -138.769049215116,68.5367137396484 -138.771904213329,68.5360477400051 -138.772475214567,68.5359527404508 -138.77304721473,68.5358577402903 -138.773618215432,68.5358577402545 -138.774284214203,68.5356667400701 -138.774855213405,68.5355717407326 -138.775426213735,68.5353817405146 -138.77599721452,68.5352857405111 -138.776568215254,68.5351907409854 -138.777139215117,68.5351907414346 -138.777805215239,68.5351907411131 -138.778377214117,68.5351907411892 -138.778948214657,68.5350957410718 -138.779519214857,68.5350957411574 -138.780090214118,68.5350957419527 -138.780661214868,68.5350957416505 -138.781327214635,68.5350007416902 -138.781898216217,68.534810741862 -138.782469214943,68.5346197415471 -138.786372216072,68.5331927424046 -138.786943216625,68.5329067426045 -138.787514216944,68.532620742695 -138.788085218022,68.5324307425002 -138.78865621801,68.5322407427055 -138.789227218308,68.5320497425879 -138.789798218051,68.5318597430479 -138.79036921742,68.5315737431195 -138.790940217184,68.5312887432618 -138.791511219351,68.5309077439228 -138.791987219325,68.5306227431032 -138.792653220288,68.5302417437389 -138.793224219374,68.5298607434114 -138.793700219854,68.5295757437273 -138.794271221627,68.5291947442739 -138.794938222619,68.5288137440421 -138.795604221458,68.5284337442519 -138.796365222575,68.528147744043 -138.797222222043,68.5278627447634 -138.797698223628,68.5276717444547 -138.798459223725,68.5274817445966 -138.799221222733,68.5271957444939 -138.799338223262,68.5271517442158 -138.799601224405,68.5271957445321 -138.800172223009,68.5272907447726 -138.800648223163,68.5275767453188 -138.80112422304,68.5277667452897 -138.80169522315,68.5279577450551 -138.802266222614,68.5280527455134 -138.802742220825,68.5283377453597 -138.803218221507,68.5285287450246 -138.803694220747,68.528718745313 -138.804170221618,68.5289087458688 -138.80474121999,68.5290997455242 -138.804788220029,68.5291137453245 -138.807787219421,68.5300517464424 -138.808548218785,68.5301467469212 -138.809119218829,68.5302417467936 -138.80978521903,68.5304317468243 -138.810357218017,68.5304317471284 -138.810928218275,68.530622747181 -138.811594217645,68.5307177474033 -138.812165216845,68.530812747048 -138.812736218202,68.5310987474082 -138.81330721723,68.5311937471338 -138.813973216082,68.5313837480097 -138.814544215991,68.5315737475066 -138.815115217006,68.5315737479273 -138.815591216011,68.5317647472534 -138.816162215693,68.5318597473324 -138.816638214738,68.5320497480792 -138.817209214481,68.5322407485545 -138.817876215212,68.5323357481822 -138.818351214308,68.5325257485916 -138.81997021355,68.5332877486032 -138.820541212329,68.5335727483918 -138.821016212103,68.5337637485558 -138.821588212608,68.5341437491075 -138.822063210488,68.5344297490796 -138.822539211209,68.5346197492012 -138.823015210588,68.5348107488728 -138.823586209128,68.5350007492608 -138.824062210585,68.5351907490471 -138.824538210295,68.535381749644 -138.825109208253,68.535666749806 -138.825680209872,68.5358577498013 -138.826251208663,68.5360477504356 -138.826822209095,68.5362377500682 -138.828440206871,68.5372847506893 -138.828916207382,68.5374747507793 -138.829392206815,68.5376657504112 -138.829868207168,68.5378557508666 -138.830439206424,68.5381417504907 -138.831105205552,68.5383317512654 -138.831581205438,68.5385227506465 -138.832057204197,68.5387127513994 -138.832533205057,68.5389027511587 -138.833009203033,68.5390937510016 -138.833580202475,68.5392837513727 -138.834151203092,68.5394737520047 -138.834627203128,68.5397597512856 -138.835103202215,68.5400447516366 -138.837007201224,68.5409017518509 -138.837482201315,68.5410917517307 -138.837958200258,68.5413777519947 -138.838434200073,68.5416627527881 -138.838910199824,68.5418537529933 -138.839291199666,68.5422337521872 -138.839767198853,68.5424247527305 -138.840338199126,68.542614752798 -138.840814199249,68.5429007526569 -138.841385198464,68.5430907526075 -138.841956196899,68.5432807533655 -138.842527196609,68.543376753135 -138.843574195222,68.5436617532903 -138.844240197103,68.5437567531616 -138.844716195533,68.5439477536141 -138.845287196237,68.5440427540741 -138.845763195928,68.544232754179 -138.846334195327,68.5442327542097 -138.846905196206,68.5444227540865 -138.847381194627,68.5446137544028 -138.847952195717,68.5447087545666 -138.848523195439,68.5448037545274 -138.849094193792,68.5448987542849 -138.849665195337,68.5449947546948 -138.850236194427,68.5450897542165 -138.850712194098,68.5452797550197 -138.851949193465,68.5456607549529 -138.852521193552,68.5456607555037 -138.852996193704,68.5458507549782 -138.853567192017,68.5459457554816 -138.854043193016,68.5461367551671 -138.854519192423,68.5463267549863 -138.854519191529,68.5466127555171 -138.854614192325,68.5466127555284 -138.855186191067,68.5466127554128 -138.855757191335,68.5468027555398 -138.856233190954,68.5469927555614 -138.856804191833,68.5470887557942 -138.857279191203,68.5472787561086 -138.857851190197,68.5472787563846 -138.858517191531,68.5473737562761 -138.860991189612,68.5475637565558 -138.861467189372,68.5477547568186 -138.862038189529,68.5478497569345 -138.86260919061,68.5478497570275 -138.863180189231,68.5479447569357 -138.863752190422,68.5480397573701 -138.864418189293,68.548134757296 -138.864989188933,68.5481347577798 -138.865560189374,68.5483257575338 -138.866131188697,68.5483257580073 -138.866702187556,68.5483257579296 -138.867368187988,68.5484207575264 -138.867940189234,68.5485157579116 -138.868606187739,68.5487067584722 -138.869272186799,68.5487067579828 -138.869938186472,68.5488017584614 -138.87060418702,68.5488967588004 -138.871176187448,68.5490867583222 -138.874316186444,68.5495627594085 -138.874983186819,68.549657759236 -138.875649185717,68.5498487596098 -138.876315185435,68.5498487597823 -138.87688618506,68.5499437594795 -138.877457185118,68.5499437593999 -138.878028184247,68.5499437600317 -138.878790184802,68.5499437595067 -138.879456184459,68.5499437601219 -138.880217185339,68.5500387606034 -138.880884184847,68.5500387607292 -138.881550184808,68.5500387598996 -138.882121184995,68.5500387603266 -138.882692183899,68.5501337607093 -138.883263184408,68.5502297602967 -138.883834185309,68.5502297608793 -138.884501183506,68.5502297607571 -138.88526218427,68.5503247615077 -138.886023183211,68.5504197611955 -138.886690183421,68.5504197617895 -138.88735618407,68.5504197614605 -138.887927182013,68.5505147615944 -138.891449182466,68.5506097624939 -138.892210182146,68.5506097627597 -138.892781181849,68.5506097627016 -138.893447182852,68.550609762704 -138.894018182656,68.5506097632207 -138.894589181997,68.5506097631866 -138.895160182367,68.5506097633176 -138.895827182679,68.5506097631783 -138.896398182234,68.5507047634879 -138.896969181046,68.5507047634701 -138.897540182843,68.5507047630709 -138.898206181476,68.5507047638354 -138.898777181883,68.5507047632952 -138.899348181364,68.5507047634665 -138.899919181873,68.5507047638029 -138.90049018192,68.5507047635884 -138.901062181641,68.5507047644362 -138.903631182274,68.5507047642114 -138.904298180531,68.5507047645476 -138.904869182381,68.5507047646525 -138.90544018158,68.5508007643969 -138.906106179573,68.5508957649404 -138.906582180838,68.5510857645948 -138.907058181788,68.5512757650671 -138.907629180374,68.5514667653977 -138.908200180098,68.5516567654974 -138.908771179353,68.5517517649958 -138.909247179004,68.5519427652925 -138.90972317869,68.5522277657856 -138.910199178618,68.5524187656844 -138.910770177584,68.5526087658653 -138.911341178246,68.552703765677 -138.91200717796,68.5528937657455 -138.912769177139,68.5529897658123 -138.913340178618,68.553179766253 -138.914006176429,68.5533697661302 -138.914672176502,68.5534657669139 -138.917432175439,68.5540357674365 -138.918003175841,68.5542267672139 -138.918574174995,68.554416767316 -138.918670175597,68.5544167675174 -138.919241174965,68.5544167676639 -138.921239175915,68.5544167680899 -138.921810175959,68.5544167678233 -138.92238217434,68.5544167677849 -138.923048175369,68.5544167680059 -138.923714175473,68.5544167682853 -138.924380174653,68.5544167686231 -138.924951174952,68.5545117687869 -138.925618174177,68.5545117690918 -138.92618817408,68.5545117687665 -138.926760174688,68.5546077691146 -138.927331172791,68.5546077689926 -138.927902173721,68.5547027686089 -138.928473174184,68.5547027693641 -138.929139173312,68.5547027690363 -138.92980517301,68.5547027694827 -138.930472174507,68.554702769628 -138.931043174156,68.5547027692513 -138.931614172881,68.5547027695865 -138.932280172797,68.5547027698734 -138.935421173647,68.5546077705731 -138.936087172757,68.5546077709865 -138.9367531729,68.5546077709116 -138.93732517253,68.5546077707317 -138.93789617243,68.5546077705649 -138.938467173362,68.5546077705633 -138.939038173371,68.5546077712736 -138.939704171317,68.5546077710856 -138.940465171683,68.5546077710909 -138.941132172677,68.5545117710562 -138.941703172587,68.5545117717643 -138.942369173044,68.5545117715976 -138.943035172578,68.5545117714894 -138.943606172138,68.5545117719208 -138.944177171237,68.5545117718018 -138.944844172676,68.5545117715863 -138.945415171391,68.5544167720022 -138.94617617267,68.5543217720605 -138.946842173005,68.5542267724932 -138.947509173183,68.554035772545 -138.948080172782,68.5538457728794 -138.950554173335,68.5533697735009 -138.951126172828,68.553274773383 -138.951792174353,68.5531797730344 -138.952458173369,68.553179773215 -138.95302917359,68.5530847733652 -138.95360017399,68.5528937732853 -138.954266172696,68.552798773515 -138.95483717216,68.5527037737088 -138.955599173725,68.5527037743701 -138.95617017421,68.5527037736718 -138.956836173282,68.5527037743464 -138.95750217248,68.552608774364 -138.95816917308,68.5525137747829 -138.958740174693,68.5525137745516 -138.959406174143,68.5525137743355 -138.959977174557,68.5527037745797 -138.96026217365,68.5527037745239 -138.960929173288,68.5527037748327 -138.961690173817,68.5527037747062 -138.96245217365,68.552703775156 -138.963023173181,68.552608774792 -138.963594174186,68.5525137754498 -138.964165172808,68.552513775836 -138.964926172445,68.5524187757232 -138.965593173164,68.5523227762138 -138.966164172202,68.5522277757841 -138.96692517402,68.5522277761449 -138.967686172249,68.5521327760962 -138.968258174134,68.5520377760975 -138.969019173063,68.5519427760769 -138.969590172351,68.5518467763287 -138.970351173446,68.5517517770554 -138.970923173712,68.5516567770559 -138.971494175268,68.5515617768501 -138.974349174836,68.5511807769807 -138.974920173563,68.5510857777536 -138.975396174728,68.5508957777761 -138.976062173085,68.5508007774719 -138.976633174376,68.5506097781534 -138.977204174824,68.5505147771911 -138.977775176143,68.5503247777784 -138.978346175203,68.5503247774464 -138.978918174223,68.5502297778661 -138.97948817441,68.5501337778787 -138.980060176079,68.5501337781197 -138.98053617525,68.5503247784732 -138.981107172553,68.5512757782803 -138.981678173572,68.5516567788644 -138.982154173759,68.5518467787525 -138.982725173839,68.5518467788688 -138.983296171505,68.5518467789819 -138.983867172163,68.5518467787123 -138.98443817158,68.5517517794545 -138.984914171771,68.5514667791552 -138.985390172861,68.5512757792018 -138.985961174011,68.5511807791938 -138.986437173074,68.5508957789606 -138.987008173509,68.5508007799793 -138.987579173297,68.5508007793665 -138.989102172907,68.55080078017 -138.989673173664,68.5508957796138 -138.99024417399,68.5508957800916 -138.990815173856,68.5508957800187 -138.99224217294,68.5508957799991 -138.992909172363,68.5508957804016 -138.993480173395,68.5508007807704 -138.994146173192,68.5507047804138 -138.994717173792,68.5506097810914 -138.995383172297,68.550609780566 -138.996050173474,68.5506097813517 -138.996621173942,68.5506097811891 -138.99719217171,68.5508007815572 -138.997763172523,68.5510857812416 -138.998239171815,68.5513717814408 -138.998714170615,68.5517517815919 -138.99928617123,68.5521327820481 -138.999762169797,68.5525137822361 -139.000142168658,68.5528937816685 -139.000618167661,68.5531797818236 -139.001200168594,68.5534127818261 -139.001570167189,68.5542267819131 -139.001951165991,68.5546077825579 -139.002427165888,68.5547977826523 -139.00309316628,68.5547977820855 -139.003664167834,68.5547027827557 -139.004235166379,68.5546077823012 -139.004806165748,68.5545117825497 -139.005472166873,68.5545117832291 -139.006043167224,68.5544167834157 -139.00785216534,68.5541317832644 -139.008423167145,68.5541317833935 -139.009184167558,68.5540357833909 -139.009755167211,68.5540357837938 -139.010421166475,68.5540357833971 -139.010993166991,68.5540357841144 -139.01156416631,68.5540357845392 -139.012135167126,68.5540357838659 -139.012801166637,68.5540357836613 -139.01346716673,68.5540357842305 -139.01403916554,68.5540357848131 -139.014609165165,68.5541317848368 -139.014800164973,68.5541317845317 -139.01527616637,68.5541317847387 -139.015847166055,68.5542267843762 -139.01641816591,68.554226785256 -139.016989167262,68.5542267850376 -139.017560165839,68.554416784817 -139.018417166572,68.5547027854316 -139.019464163799,68.5552737854568 -139.019939162422,68.5556547856706 -139.020415162852,68.5559397862104 -139.020891162337,68.5561297861319 -139.021367161022,68.5565107857568 -139.021938161488,68.5567017862905 -139.022509160308,68.5568917860681 -139.022985161334,68.5570817859779 -139.02346116199,68.5572727863051 -139.023937160545,68.5575577859751 -139.024413160571,68.5578437864737 -139.024984159141,68.5579387865986 -139.025460159234,68.5581287863632 -139.026031159904,68.5581287869688 -139.02658915961,68.5582217872151 -139.026602159436,68.5582237864255 -139.02717315874,68.5583197872546 -139.027744158661,68.5583197873057 -139.028315159622,68.5583197875218 -139.028886160127,68.5583197871879 -139.029457159718,68.5583197875666 -139.030028158853,68.5583197873955 -139.031361158164,68.5582237878655 -139.03193215896,68.5581287879213 -139.032503159743,68.558033788282 -139.033074159014,68.5579387882328 -139.03364515881,68.5579387886117 -139.034216158148,68.5579387884407 -139.03478715889,68.5578437879303 -139.035358159162,68.5577487889876 -139.035929159882,68.5576527882313 -139.036596159572,68.5575577888076 -139.037167160487,68.557557788775 -139.037738159561,68.5574627893437 -139.038309159078,68.5573677889545 -139.038880158582,68.55727278887 -139.039451158857,68.5572727889487 -139.040022160173,68.5572727891922 -139.040688159407,68.5570817898912 -139.041450159314,68.5569867892538 -139.042116158837,68.5569867896026 -139.042687159034,68.5569867900103 -139.046209159465,68.5564157900336 -139.046970159697,68.5563207902457 -139.047541159794,68.5563207901339 -139.048207160757,68.5563207907287 -139.048874159688,68.5563207914591 -139.049445159461,68.5563207910682 -139.050016160275,68.5563207908419 -139.050587160178,68.5563207913283 -139.051158159626,68.5563207912646 -139.051729160116,68.5563207913656 -139.052300158198,68.5563207914646 -139.05296616014,68.5563207911857 -139.053537158353,68.5563207918605 -139.054108159562,68.5563207921517 -139.054680159196,68.5563207919369 -139.055251159039,68.5563207923875 -139.055822158812,68.5564157924623 -139.056393159184,68.5565107917935 -139.056872159171,68.5565107922476 -139.056964159758,68.5565107924049 -139.057535159876,68.5565107924663 -139.058867159247,68.5565107923431 -139.059438159435,68.5566057928453 -139.060010158617,68.5567017927622 -139.060581159575,68.5567967930368 -139.061152158929,68.5567967928134 -139.061818158295,68.5567967936839 -139.062484157207,68.556796793351 -139.06324615837,68.5567017935855 -139.063912158504,68.556510793463 -139.064673157746,68.5563207935227 -139.065340158426,68.5562257933562 -139.066006159262,68.556129793969 -139.066482159068,68.5559397944765 -139.067148160132,68.5558447941158 -139.067624160141,68.5556547940818 -139.068290160614,68.555463794368 -139.068766159701,68.5551787944733 -139.069908160307,68.5544167950408 -139.070384159917,68.5540357943709 -139.070860161215,68.5536557942546 -139.071241161402,68.5532747944137 -139.07152616342,68.5527987947829 -139.071621164558,68.5522277947096 -139.071621164201,68.5516567951021 -139.071593163831,68.5515857949132 -139.071716164104,68.5512757950018 -139.071907166641,68.5506097947632 -139.071621165355,68.5500387946421 -139.071431166513,68.5495627947826 -139.071050168225,68.5491817948042 -139.070670167742,68.5488017950199 -139.070194166813,68.5486107944056 -139.069623167108,68.5485157943065 -139.069147168296,68.5483257942155 -139.068576167762,68.5482307939998 -139.068100168691,68.5482307944588 -139.068005169458,68.5482307939215 -139.067433170202,68.5482307938676 -139.066862169724,68.5481347939933 -139.064578168845,68.5481347929773 -139.063912170005,68.5481347933699 -139.063341169532,68.5480397926068 -139.062770170702,68.547944793077 -139.062103169444,68.5478497933153 -139.061532170237,68.5477547925406 -139.06077117058,68.5476597922887 -139.060200170953,68.547563792325 -139.059629172394,68.5473737924329 -139.058963171094,68.5472787917908 -139.05829617173,68.5471837922525 -139.057725170669,68.5471837922401 -139.056964171823,68.5469927919233 -139.056298170499,68.5468027916498 -139.055632172417,68.5467077913974 -139.055060172339,68.5465167920243 -139.054394171427,68.5464217914893 -139.05382317276,68.5463267916566 -139.053252173207,68.5463267906618 -139.051443172469,68.5460417905634 -139.050777173848,68.5460417902623 -139.050206173503,68.546041790791 -139.049635172702,68.546041790769 -139.049064174896,68.5460417903627 -139.04849317476,68.5459457903775 -139.048017174585,68.5457557897718 -139.047065174893,68.5456607897568 -139.046113175485,68.5455657901058 -139.045352175663,68.5455657897165 -139.044686175104,68.5455657892464 -139.044115173806,68.5455657897514 -139.043448174941,68.5455657890951 -139.042877175726,68.5455657896228 -139.042306174558,68.5455657888848 -139.041735175928,68.5455657890255 -139.041164176788,68.5454707890085 -139.040593175649,68.5453747891651 -139.039927173989,68.5453747887425 -139.039356175654,68.5453747881885 -139.038785176407,68.5453747883463 -139.038214174752,68.545374788501 -139.037452175632,68.5453747882471 -139.036881176058,68.545374788123 -139.036310175572,68.5453747887107 -139.035739176583,68.5453747881995 -139.035168175185,68.5453747876852 -139.034502176577,68.5453747878689 -139.032027175914,68.5453747870908 -139.031456175356,68.5453747870326 -139.030885175838,68.5453747871383 -139.030219177613,68.5454707869454 -139.02945717544,68.5454707868492 -139.028886176768,68.5454707865382 -139.028315177182,68.5454707869391 -139.027554176641,68.5455657864635 -139.026983177121,68.5456607863152 -139.026316176071,68.545755786814 -139.025650176217,68.5457557867738 -139.025079177029,68.5457557862365 -139.024413177302,68.5457557861166 -139.023842176744,68.5457557854384 -139.023271176769,68.5457557861871 -139.022605176033,68.5456607858622 -139.022033177166,68.5454707854736 -139.021557176743,68.5452797852753 -139.020510178771,68.5446137855345 -139.020034177653,68.5442327849112 -139.019559178974,68.5439477854931 -139.019178179344,68.5435667851318 -139.018702179609,68.543376784612 -139.018321180494,68.5429957845696 -139.017941180938,68.5426147842953 -139.017465180279,68.5423297844297 -139.017084182459,68.5419487846678 -139.015847184796,68.5407117845002 -139.015466184587,68.5402357843649 -139.015085186207,68.5398547838126 -139.014705185303,68.5394737835941 -139.014514186277,68.5389977834085 -139.014134186895,68.5386177841576 -139.013943187776,68.5381417838387 -139.013753188909,68.5376657832929 -139.013562188201,68.5371897836215 -139.013562189688,68.5366187831466 -139.013562190719,68.5360477829624 -139.013562191293,68.5354767830692 -139.013562191409,68.534905783467 -139.01365819362,68.5343347832459 -139.013796193251,68.5341207833742 -139.013753192846,68.5340487836147 -139.013372193498,68.533477783747 -139.013087195324,68.533001783574 -139.012706195364,68.5325257831521 -139.012420196266,68.5320497834579 -139.012135196355,68.5314787835948 -139.011754197563,68.5310027827514 -139.011469197774,68.5305277834319 -139.011183199705,68.5300517830727 -139.01089720018,68.5295757828915 -139.010421201546,68.5290047825994 -139.010041200369,68.5285287829215 -139.009660201365,68.5278627826692 -139.009279203129,68.5272907821083 -139.008899204405,68.5269107822127 -139.008518204504,68.5265297822375 -139.007471205362,68.5247217818267 -139.00728120767,68.5242457820264 -139.006995206913,68.5237697814575 -139.006805207757,68.5231987818552 -139.006614209318,68.5226277815312 -139.006329208983,68.522151781632 -139.006234211861,68.5215807816102 -139.006043210488,68.5209137814878 -139.00594821181,68.5203427817826 -139.005853212234,68.5197717814375 -139.005758213253,68.5192007811678 -139.005758214544,68.5186297815984 -139.005758215835,68.5180587810596 -139.005758214718,68.5174877813619 -139.005663216768,68.5169167811653 -139.005567216791,68.5163457811077 -139.004711222407,68.5124437808535 -139.004425224123,68.5119677805354 -139.004140224851,68.5114917808886 -139.003759225467,68.5110157804825 -139.003378224851,68.5106347803769 -139.003188225895,68.5101587809783 -139.002998227547,68.5096827803705 -139.00309322676,68.5091117806681 -139.003854228271,68.5082557808757 -139.00423522749,68.5078747805162 -139.004806228881,68.5076847807223 -139.005301230116,68.5074367806935 -139.005567229919,68.5073987804747 -139.006043228452,68.5072087808918 -139.006614230306,68.5071137806836 -139.00709023053,68.5069227810671 -139.007757229633,68.5068277814301 -139.008328230317,68.5068277809976 -139.009374230809,68.5067327816776 -139.009946230959,68.5066377819242 -139.010421230304,68.5064467821622 -139.010993229824,68.5064467817869 -139.011564230807,68.5062567818877 -139.012230229815,68.5062567823523 -139.012801230052,68.5061617823817 -139.013372230161,68.5061617820588 -139.013943229356,68.5061617824447 -139.014514229061,68.5059707823353 -139.014990232338,68.5057807825172 -139.015561232149,68.5055907826861 -139.016989231195,68.505209782693 -139.017655231778,68.505114783052 -139.018226231769,68.5050197826144 -139.018797233238,68.5049247831935 -139.019273230866,68.504733783024 -139.019844230867,68.5046387832184 -139.020415230458,68.5046387834137 -139.02108123213,68.504543783935 -139.021653232186,68.5045437832817 -139.022224232643,68.5045437836543 -139.022795232507,68.5044487835333 -139.023366231298,68.5044487835127 -139.023937231127,68.504448783653 -139.024603232109,68.5044487837647 -139.025174231395,68.5043527845411 -139.025745231638,68.5041627840411 -139.027205232627,68.5039727841232 -139.027649232771,68.5039727842821 -139.028220232048,68.5039727848058 -139.028791230869,68.5039727847753 -139.029362232152,68.5040677850719 -139.029838230321,68.5044487849946 -139.030161231291,68.5047177851521 -139.030790231075,68.5046387847479 -139.031361229728,68.5045437852071 -139.032122230956,68.5043527850166 -139.032693230007,68.5042577856134 -139.033265232047,68.5040677857266 -139.033931232582,68.5039727858905 -139.034502231939,68.5037817857289 -139.037833232942,68.5028307859221 -139.038404232918,68.5027347864874 -139.038880232266,68.5025447868357 -139.039356233519,68.5022597869551 -139.040022233783,68.5020687872322 -139.040498233898,68.5018787867738 -139.041069235236,68.5015927870737 -139.04154523403,68.5014027869296 -139.042116233169,68.5012127872257 -139.042592234317,68.5009267868097 -139.043163234711,68.5006407870256 -139.043639236255,68.5004507871287 -139.04411523541,68.5000697870777 -139.044211235071,68.4999927877634 -139.044591235161,68.4996897877438 -139.04516223783,68.4994037877214 -139.045514237382,68.4991927876215 -139.045638236155,68.499118787823 -139.046304238297,68.4989277876898 -139.046780236945,68.4986427880525 -139.047256237785,68.4984517880296 -139.047731238542,68.4982617877524 -139.048493236922,68.4980717881065 -139.049064237531,68.4977857885653 -139.049730238594,68.4975957880019 -139.051919240251,68.4967387888001 -139.052395239121,68.496548789039 -139.052966239322,68.4963577884376 -139.053823239031,68.4962627893301 -139.054584239616,68.4962627886404 -139.055346240693,68.4961677895481 -139.055917239346,68.4960727893926 -139.056583240622,68.495977789571 -139.057154239499,68.4958817893881 -139.057820241099,68.4957867899233 -139.058582241317,68.4956917898161 -139.059153240576,68.4956917900411 -139.059914241038,68.4956917900902 -139.060581239351,68.4956917904848 -139.061342239491,68.4956917902421 -139.062008239617,68.4956917903753 -139.062579240182,68.4956917906794 -139.063150240294,68.4956917904289 -139.063912239607,68.4956917909796 -139.064578239999,68.4956917905778 -139.065244239382,68.4955967907522 -139.065911240088,68.495596791486 -139.06648223926,68.4955967916136 -139.067053239593,68.4955017914674 -139.067624239916,68.4954067916208 -139.069337239414,68.4950257920534 -139.070003238731,68.4950257916184 -139.070574240656,68.4948347921347 -139.071241238915,68.4947397920782 -139.072002239684,68.4946447920368 -139.072573240095,68.4943597922135 -139.073144241082,68.494359791908 -139.073715240548,68.4941687928847 -139.074381239878,68.4939787925461 -139.075048241681,68.4938837923348 -139.075619240515,68.4938837929416 -139.076190241386,68.4937887926437 -139.076761240107,68.4936927928621 -139.077332240937,68.4935977931626 -139.077903240264,68.4935027930476 -139.078474241139,68.4935027928082 -139.079045241109,68.4935027932769 -139.079616240626,68.4935027931908 -139.080283241546,68.4935027933948 -139.081234241349,68.4935027942172 -139.081615238893,68.4938837938664 -139.082091238916,68.4942647939566 -139.082567238851,68.4946447938866 -139.083138239132,68.4951207938968 -139.083614238733,68.4953107937918 -139.084090236284,68.495691794247 -139.084661236321,68.4958817947384 -139.085137237539,68.4960727943773 -139.085708236523,68.4964537943501 -139.086088235328,68.4968337951527 -139.08656523473,68.497119794909 -139.08704023585,68.4975007951525 -139.087611233668,68.4977857952094 -139.089800234095,68.4988327956826 -139.090276233198,68.4990227954257 -139.090752233086,68.4993087957139 -139.09151423072,68.4995947959126 -139.092275231037,68.4997847965305 -139.092941231133,68.4997847965062 -139.093703232292,68.4997847960661 -139.09446423211,68.4997847961897 -139.095035230953,68.4997847970024 -139.09579723239,68.4997847966755 -139.096463231408,68.4997847963729 -139.097034231433,68.4997847973045 -139.09770023059,68.4997847969135 -139.098271231207,68.4997847971484 -139.098842231625,68.4998797971075 -139.099318229498,68.5000697973397 -139.09988922866,68.5003557973084 -139.100365230201,68.5005467979317 -139.100841228534,68.500831797318 -139.10141222881,68.5010217981379 -139.101983228531,68.5012127981084 -139.104077227988,68.5014977986175 -139.104648227009,68.5014977983716 -139.105219227776,68.5014027990746 -139.105790228989,68.5013077988137 -139.106361228595,68.5013077984998 -139.106933228643,68.5012127986175 -139.107504227714,68.5010217992664 -139.108170227829,68.5010217988843 -139.108741228292,68.5010217990712 -139.109312228304,68.5010217987039 -139.109883227412,68.5010217990456 -139.110454227284,68.5009267992182 -139.111025228182,68.5009267993314 -139.111596226682,68.5009267994392 -139.112167228174,68.5009267991584 -139.112738228763,68.5009267995865 -139.113309226954,68.5009268000092 -139.113976227138,68.5009267999277 -139.114547227419,68.5009268003652 -139.115118227249,68.5009268002485 -139.115689226405,68.5008318002147 -139.116355228717,68.5007368001035 -139.119020228926,68.5000698006354 -139.119496229479,68.4998798006254 -139.120162228854,68.499784801444 -139.120733228748,68.4997848008169 -139.121400228007,68.4995948011587 -139.122066228363,68.4994988018227 -139.122637228507,68.4994038015277 -139.123208228511,68.4994038018123 -139.126539227498,68.4993088021994 -139.127396228314,68.4994038028298 -139.127967227732,68.499498802718 -139.128538228142,68.4995948027226 -139.129299227624,68.4997848024758 -139.129871227089,68.4999748024217 -139.130442227078,68.5002608029718 -139.131013225923,68.5005468033277 -139.131584226547,68.5008318027956 -139.132060225974,68.5011168026859 -139.132631225151,68.5014028036426 -139.133297225106,68.5015928039605 -139.133868225149,68.5017838030828 -139.134344223922,68.5019738041587 -139.134915224759,68.5020688033884 -139.135581223713,68.5022598041617 -139.136248224226,68.5023548045303 -139.136914223356,68.5025448042813 -139.137580223236,68.5027348041983 -139.138151222779,68.5029258040864 -139.138722222307,68.5031158046565 -139.139293222657,68.5034018043441 -139.139864223285,68.5034968047728 -139.140340222015,68.503686805007 -139.140911220541,68.503877804961 -139.141387221848,68.5040678047835 -139.141958221148,68.5042578047341 -139.144909221053,68.5044488057617 -139.145480218909,68.5044488057837 -139.146241219034,68.5044488060157 -139.14690722012,68.5044488063892 -139.147574220484,68.5044488065101 -139.148145218416,68.5045438063221 -139.148621219713,68.5047338063484 -139.148761219558,68.5049678061887 -139.151000217135,68.5059708072916 -139.151476217241,68.5062568069657 -139.152047217744,68.5063518072521 -139.152618218114,68.5065418071957 -139.153284216161,68.5066378077459 -139.153855215963,68.5068278072721 -139.154522216498,68.5069228079501 -139.155093216054,68.5073038080241 -139.15556921471,68.5075888079983 -139.15594921459,68.5079698075787 -139.156235213932,68.5084458080288 -139.156616214269,68.5090168081533 -139.156901212227,68.5095878077766 -139.157282210156,68.5100638081354 -139.157663210881,68.5104448080671 -139.158805209341,68.5117768081187 -139.159185209737,68.5121578085254 -139.159376208757,68.5126338084209 -139.159661207022,68.5131098092785 -139.159852206791,68.5135858084753 -139.160232207454,68.5140618089979 -139.160613205915,68.5146328092444 -139.160804203716,68.5151088088457 -139.161089204768,68.5155838089449 -139.161375203276,68.5160598095046 -139.16175520146,68.516440809129 -139.162231201934,68.5169168098184 -139.162612201295,68.5173928094893 -139.163088201207,68.5178688099667 -139.163564198762,68.518248809806 -139.164040200445,68.5186298100788 -139.164420200045,68.519105809933 -139.165467197253,68.5201528099699 -139.165848197589,68.520533810341 -139.166229196768,68.520913810706 -139.166609195262,68.5212948103863 -139.167085195924,68.5216758106223 -139.167466193432,68.5220568103972 -139.168037193676,68.5223418112274 -139.168608193734,68.5226278106857 -139.169084194199,68.5228178107395 -139.169560192873,68.523007810908 -139.170131192922,68.5231038107787 -139.170702193665,68.5231038111022 -139.171368192301,68.5231038109793 -139.17203519249,68.5231038111832 -139.172606192938,68.5231038112194 -139.174795192057,68.5231038121015 -139.175366192424,68.5230078118338 -139.176032192472,68.523007812592 -139.176698192072,68.5230078121436 -139.177269191761,68.5230078128406 -139.177841192986,68.5229128125189 -139.178412192976,68.5229128122723 -139.17898319207,68.5229128127366 -139.179649191907,68.5229128130416 -139.180220191603,68.5229128128129 -139.180791192351,68.5229128127456 -139.181362192203,68.5229128133893 -139.181933190952,68.5230078133638 -139.182504192157,68.5230078129028 -139.184313192047,68.5231038139052 -139.184884190891,68.5231038140058 -139.185455190785,68.5231038142677 -139.186026190233,68.5231038139774 -139.186597190732,68.5231038138484 -139.187168190335,68.5231038144303 -139.187739191438,68.5231038139104 -139.188310191646,68.5231038141014 -139.188786190883,68.5232938141377 -139.189262189831,68.5234838150033 -139.189643189401,68.5238648151623 -139.189928189333,68.5243408143452 -139.190023189008,68.524911814458 -139.190118187338,68.5254828151992 -139.190118186023,68.5271008152531 -139.190118185026,68.527671814671 -139.190118185081,68.528242815095 -139.190214182041,68.5289088150532 -139.190309180673,68.5294808150043 -139.190309180908,68.530051814715 -139.190404180495,68.5306228149752 -139.190404178637,68.5311938151062 -139.190404178278,68.5317648149797 -139.190404177472,68.5323358151451 -139.190404176567,68.5333828153042 -139.190309175733,68.5339538156423 -139.190118176438,68.5345248155797 -139.189833174711,68.5350008154977 -139.189547174059,68.5354768154857 -139.189357173607,68.5359528153856 -139.189072172603,68.5364278149353 -139.188786172083,68.5369038151404 -139.188596170219,68.5374748150301 -139.188596170117,68.5380468152241 -139.188596170129,68.5386178151241 -139.188596169694,68.539188815315 -139.188786165412,68.5411868152202 -139.18897616634,68.5417588151849 -139.188976164268,68.5423298153007 -139.18897616397,68.5429958158135 -139.18878616271,68.54347181546 -139.188500162341,68.543947815241 -139.188120163635,68.5443278153423 -139.187745162934,68.5447028150519 -139.18792915951,68.5472788153034 -139.188120158712,68.5477548152995 -139.188596157772,68.5479448160379 -139.189072158941,68.5481348157937 -139.189643158058,68.5481348156059 -139.190214156278,68.5481348161309 -139.190785157501,68.5481348162696 -139.192308157139,68.5481348163751 -139.19287915816,68.5480398165368 -139.193545157071,68.5480398170378 -139.194116157859,68.5480398163167 -139.194687155802,68.548039816858 -139.195258156747,68.5480398170129 -139.195829157245,68.5480398166174 -139.196400156848,68.5480398169348 -139.196971157504,68.5480398174153 -139.197542156362,68.5481348174313 -139.198209156465,68.5483258171343 -139.198780154922,68.5485158175124 -139.199351157274,68.5485158176853 -139.199827156542,68.5487068179381 -139.20049315551,68.5488968182328 -139.200969154178,68.5491818182252 -139.201350154045,68.5496578175018 -139.201635154509,68.5501338182674 -139.202016153197,68.5506098185217 -139.20220615288,68.5511808181686 -139.202682149119,68.5525138185121 -139.202872150192,68.5529898182748 -139.203063148559,68.5535608186681 -139.203063148879,68.5541318182396 -139.203158146309,68.5547028185601 -139.203539146554,68.5550828189493 -139.204110145705,68.5552738184295 -139.204681145759,68.5553688189828 -139.205252147816,68.555368819024 -139.205823147475,68.5553688190652 -139.206489144474,68.5553688190701 -139.207060145909,68.5552738189523 -139.207631145396,68.5551788196846 -139.208298147025,68.5550828192612 -139.208869146561,68.5549878190259 -139.209440146968,68.5549878196062 -139.210011146929,68.5549878196367 -139.210582145996,68.5549878203806 -139.211153146564,68.5549878200249 -139.211724146239,68.5549878203826 -139.212295147142,68.5548928203297 -139.212866145173,68.5548928203013 -139.214865145382,68.5548928209576 -139.215436145686,68.5548928212253 -139.216007145542,68.5548928209432 -139.216578146455,68.5548928208247 -139.217244145996,68.5548928209184 -139.217815145569,68.5548928206619 -139.218386144247,68.5548928211188 -139.219053146832,68.5548928215541 -139.219719146698,68.554892821488 -139.220290145093,68.5548928216656 -139.220861144544,68.5548928220069 -139.22152714496,68.554987822477 -139.222194145112,68.5550828219303 -139.222765145333,68.555082821829 -139.223336145549,68.555178822082 -139.223907144757,68.5551788226944 -139.224573144811,68.5553688225091 -139.225239145297,68.5553688225986 -139.225906144576,68.555463822355 -139.226667143944,68.5554638226849 -139.229998144074,68.5558448232802 -139.23056914308,68.5558448231757 -139.231140143144,68.5558448232347 -139.231711142315,68.5558448240073 -139.232473144298,68.5559398238805 -139.233139142594,68.5561298238697 -139.233615142803,68.5563208242273 -139.234091141054,68.5567018244791 -139.234567140175,68.5568918244372 -139.235043140961,68.5570818246777 -139.235519140192,68.557367824291 -139.236090139629,68.5577488249061 -139.23656613997,68.557938824377 -139.237137140111,68.5583198247657 -139.237708140375,68.5585098249474 -139.2382791384,68.5586998252457 -139.238945138973,68.5587958249281 -139.239421139046,68.5589858251106 -139.24161013774,68.5594618254649 -139.242276136532,68.5596518259444 -139.242847137402,68.5597468256595 -139.243418136486,68.5598418264487 -139.244085136735,68.5598418257116 -139.244656136481,68.5599378265257 -139.245227136379,68.5601278261851 -139.245893135937,68.5601278270117 -139.246464135693,68.5602228260515 -139.247035135166,68.5603178268786 -139.247606135816,68.5606038270178 -139.248082135249,68.5608888271428 -139.248558134953,68.5610798271874 -139.249129134562,68.5613648267271 -139.249605132284,68.5616508273736 -139.25008113324,68.562031827301 -139.250557133692,68.562221827556 -139.250937132317,68.5626028276743 -139.251294132825,68.5628878276338 -139.251699131734,68.5628878279707 -139.252270131417,68.562887827538 -139.252936131478,68.5628878282501 -139.253602130006,68.5629828279491 -139.254269131977,68.562887827692 -139.254840131998,68.5628878281079 -139.255411131574,68.5628878279746 -139.255982130261,68.5628878285556 -139.256553132154,68.5629828284512 -139.257219131165,68.5630788284865 -139.258266129777,68.563363828596 -139.258742128941,68.563553829059 -139.259313130661,68.5636498287664 -139.259884128245,68.5637448290415 -139.26045512989,68.5638398287408 -139.261027128498,68.5639348296762 -139.261502128757,68.5641258295223 -139.261716127452,68.5643158295271 -139.26235912694,68.5648868297364 -139.262740127264,68.565362829711 -139.263025126847,68.5658388295962 -139.263311127246,68.5663148299887 -139.263596124782,68.5667898299299 -139.263977124237,68.5671708300057 -139.264453124819,68.5673618297989 -139.265214123702,68.5674568303936 -139.265785123565,68.5674568301306 -139.266356124489,68.5674568300318 -139.266927124213,68.5673618309308 -139.267403124327,68.567170831254 -139.267974124528,68.5668858313101 -139.268450123747,68.5666948306672 -139.26892612465,68.566504830742 -139.269402124222,68.5661238308531 -139.269878124648,68.5659338308732 -139.270830126807,68.5650768312598 -139.271210126717,68.5646958311911 -139.271401129132,68.5642208315111 -139.27144312839,68.5641498313084 -139.271591127165,68.5641258315199 -139.272067126785,68.5639348313714 -139.272448128377,68.5635538319614 -139.272733130518,68.5626978315352 -139.272924131549,68.5622218316881 -139.273304130049,68.5617458312908 -139.273685131788,68.5613648318909 -139.27425613064,68.5610798317383 -139.274922132219,68.5609848317866 -139.275398132381,68.5607938322811 -139.275969132071,68.5606038316588 -139.276540132478,68.560508832035 -139.277207133712,68.5603178322909 -139.277968131677,68.5601278323336 -139.278539132562,68.5599378319899 -139.279205134323,68.5598418325452 -139.279681133276,68.5596518330121 -139.280348133861,68.5595568328431 -139.280591134824,68.5594178325841 -139.280633134068,68.5592708325978 -139.280919134181,68.5587958327591 -139.281395135542,68.5585098331262 -139.281775135098,68.5581288326659 -139.282156134739,68.5576528326584 -139.282632135797,68.5573678334486 -139.283108136036,68.5570818328592 -139.283584137839,68.5567018333805 -139.284060137243,68.5565108336578 -139.28453513754,68.5563208332258 -139.285011136742,68.5561298333935 -139.285582137817,68.5560348329609 -139.286344138573,68.555844833722 -139.287105138372,68.5556548341433 -139.287867137374,68.5554638340556 -139.288438137856,68.5553688339563 -139.289009138348,68.5552738341554 -139.289770138722,68.5550828341077 -139.290436138072,68.5549878343704 -139.291198138048,68.5548928346799 -139.291960138032,68.5547978345846 -139.292721137711,68.5547028346498 -139.293292137559,68.5546078347648 -139.293958138632,68.5544168353911 -139.294529139743,68.5543218346721 -139.295100138917,68.5542268348018 -139.295671138935,68.5542268353279 -139.296242138511,68.5542268353043 -139.296813139149,68.5542268354438 -139.297385139194,68.5542268357058 -139.297955138654,68.5542268353373 -139.298622138359,68.5542268354824 -139.299288139489,68.5541318357304 -139.300716139893,68.5541318360066 -139.301287138369,68.5541318367123 -139.30185813835,68.5541318363177 -139.302429139393,68.5541318360861 -139.302543140082,68.5541128364674 -139.303000138637,68.5540358368148 -139.303571138563,68.5538458369648 -139.304142138678,68.5537508368206 -139.304713139215,68.5535608365186 -139.305189139652,68.5533698367752 -139.305760140778,68.5531798369808 -139.30623613962,68.552989836535 -139.306284139721,68.5529578369007 -139.307093140784,68.5524188369223 -139.307473142137,68.5519428369986 -139.307854140184,68.5515618372587 -139.30823514149,68.5511808376373 -139.308520144096,68.5507048373098 -139.308901143717,68.5502298373274 -139.309092143007,68.5497538374261 -139.309377143922,68.5492778371429 -139.309662144649,68.5487068378809 -139.309948146191,68.5481348375013 -139.310138146477,68.5475638380035 -139.310329147162,68.5470888374704 -139.310329148127,68.5465168369636 -139.310519147681,68.5458508375547 -139.310710149972,68.5452798370386 -139.311186149909,68.5448988372478 -139.311566150902,68.5445188378126 -139.312042150756,68.5442328380181 -139.312328151475,68.5437568373892 -139.311757153912,68.542709837564 -139.311471153472,68.5421388374203 -139.310995154296,68.5416628369035 -139.310424155339,68.541186837776 -139.310043155873,68.5408068373325 -139.309853156337,68.5403308375625 -139.309472156925,68.5397598374406 -139.309092158605,68.5391888373132 -139.308901158584,68.5387128372312 -139.308711160476,68.5381418370402 -139.308520159473,68.537570836395 -139.308330161498,68.5369038370992 -139.308235162832,68.5362378366255 -139.308235162597,68.5355718370025 -139.308140164463,68.5348108366802 -139.30814016546,68.534048836746 -139.308140166526,68.5333828365686 -139.30814016671,68.5328118362836 -139.308330166713,68.5322408361483 -139.308520167622,68.5316698365893 -139.308806169793,68.5310988362154 -139.309092169827,68.5305278368763 -139.309377171767,68.5299558364204 -139.309662170498,68.529289836687 -139.309948171248,68.5287188368258 -139.310234172247,68.5281478361852 -139.31175717466,68.5261488368979 -139.311947176013,68.525672837142 -139.312232175903,68.5251978369775 -139.312328177778,68.5246258371088 -139.312328178712,68.5240548368945 -139.312328179205,68.5234838369735 -139.312328181201,68.5229128367951 -139.312518182961,68.5212948366506 -139.312613182168,68.5207238364467 -139.312994181877,68.5203428366345 -139.313470182597,68.5199628367027 -139.313946183104,68.5196768366818 -139.314422182984,68.519486836727 -139.315183183681,68.519391836968 -139.316040183445,68.5192958371267 -139.316706183728,68.5192008370455 -139.317277183607,68.5191058377954 -139.31784818394,68.5190108375768 -139.318609184247,68.5189158379657 -139.319180183856,68.5188208377329 -139.319752184456,68.5186298381703 -139.320418185149,68.5184398380843 -139.321084184829,68.5182488386655 -139.321655185797,68.5182488383635 -139.322226185241,68.5180588383087 -139.322797183836,68.5180588383272 -139.325938185784,68.5176778393271 -139.326509185722,68.5174878391227 -139.327175187253,68.5172978391678 -139.327937186177,68.517106839137 -139.328698187231,68.5170118394618 -139.32936418526,68.5168218394393 -139.330031185975,68.5167268391469 -139.330602185767,68.5166308395057 -139.331173186569,68.5166308402556 -139.331934186928,68.516535839554 -139.332601184646,68.5165358400264 -139.333267186591,68.5164408396562 -139.333933186588,68.5164408406355 -139.334599186146,68.5164408404079 -139.335361185994,68.5164408409051 -139.33602718666,68.5163458404722 -139.336693186152,68.5162508409427 -139.337360187508,68.5162508409677 -139.338026186259,68.5162508404346 -139.338787185389,68.5162508408792 -139.339358185636,68.5162508416754 -139.339929187174,68.5161558412843 -139.340500185995,68.5160598419653 -139.341167186374,68.5159648409896 -139.341928185875,68.5159648414008 -139.342499186625,68.5158698418548 -139.344213185647,68.5155838423789 -139.344879186715,68.5155838424336 -139.345450186377,68.5154888426547 -139.346021186421,68.5152988427082 -139.346592187373,68.5151088425849 -139.34716318817,68.5149178425083 -139.347734187028,68.5147278431336 -139.348400187486,68.5146328431715 -139.348876187308,68.5144418430592 -139.349447187005,68.5143468431594 -139.349708186314,68.5150308431889 -139.349828186751,68.515012843507 -139.350589187284,68.5149178429398 -139.351351187563,68.5148228430535 -139.351922187588,68.5148228433403 -139.352683187838,68.5148228435407 -139.353254186547,68.5148228433818 -139.353921186375,68.514822844006 -139.354492187214,68.5148228438613 -139.355063185671,68.5148228437155 -139.355634187568,68.5147278443253 -139.356205185907,68.514727844499 -139.356871187171,68.5145378442571 -139.357537185915,68.5143468446687 -139.358204186084,68.5142518443159 -139.358965187163,68.5141568440997 -139.359631187498,68.5141568445233 -139.360202187115,68.5141568448729 -139.360869187207,68.5140618449263 -139.361630187145,68.5140618449025 -139.362391185768,68.5140618454437 -139.362963185587,68.5140618452254 -139.363534186343,68.5140618454076 -139.364105188164,68.5140618457493 -139.364771188138,68.5140618458288 -139.365532185824,68.5140618458523 -139.366294185773,68.514061846339 -139.36705518592,68.5139658465491 -139.367817186035,68.5139658464986 -139.372290186795,68.5139658473439 -139.372956185889,68.5139658473161 -139.373622186049,68.5139658467932 -139.374194186619,68.5139658475269 -139.374860185028,68.513965847466 -139.375431186101,68.5139658478079 -139.376097184702,68.5139658476609 -139.376763185875,68.5139658477309 -139.377525185767,68.5139658475528 -139.37807418569,68.51387484783 -139.379333184007,68.5143468483105 -139.383331184481,68.5144418489851 -139.383997184217,68.5144418491468 -139.384568183047,68.5144418493315 -139.385139184887,68.5144418491239 -139.385710184348,68.5144418489157 -139.38637618447,68.5144418492578 -139.387043183864,68.5144418492785 -139.387614184586,68.5144418494931 -139.388280184029,68.5144418498024 -139.388946184455,68.5145378498099 -139.389612184799,68.5145378502325 -139.390184183378,68.5145378500144 -139.390755182876,68.5145378503483 -139.391326183443,68.5145378508417 -139.391897183572,68.5145378507827 -139.39246818477,68.5145378508832 -139.393039183589,68.514537850983 -139.393610183477,68.5145378512424 -139.394371183317,68.5144418505661 -139.395038184508,68.5144418511402 -139.395609183388,68.5144418515202 -139.398179181576,68.514537851643 -139.398750182682,68.5145378523026 -139.399321181846,68.5145378516978 -139.399892183584,68.5145378519644 -139.400463182945,68.5145378522305 -139.401034181868,68.5145378519441 -139.401700182661,68.5145378518414 -139.402271183286,68.5145378528356 -139.402937182334,68.5145378531989 -139.403604182599,68.5145378525965 -139.404270181843,68.5145378525177 -139.405031182083,68.5145378527328 -139.405698182742,68.5145378533567 -139.406269182889,68.5145378531683 -139.406840182808,68.514441853619 -139.407411182822,68.5144418537495 -139.4079821824,68.5144418533276 -139.408553181106,68.514441853617 -139.409219181937,68.5144418533504 -139.409790182783,68.5144418536565 -139.41045718352,68.5144418540592 -139.411123181735,68.5144418543118 -139.411694182343,68.5144418543287 -139.412360180757,68.5144418544953 -139.412931180058,68.5144418543691 -139.413502181726,68.5145378546197 -139.415406182279,68.5146328549614 -139.415977181109,68.5146328545454 -139.416548180573,68.5146328555527 -139.417119181544,68.5146328554555 -139.417785180201,68.5146328551648 -139.418356181371,68.5146328556362 -139.419023181886,68.5146328554149 -139.41959418175,68.5146328557401 -139.420165180332,68.5147278560458 -139.420736179529,68.5148228556127 -139.421402179219,68.514917856125 -139.422068180309,68.5151088562296 -139.422734181056,68.5152038562963 -139.423496178915,68.5152038561763 -139.424067179397,68.5152988561428 -139.424829179868,68.5153938569427 -139.425400179955,68.5154888566404 -139.427874179469,68.51558385697 -139.428445179617,68.5157748573449 -139.429016178828,68.5157748572366 -139.42958717911,68.5157748572876 -139.430158178522,68.5157748580502 -139.430920176644,68.5157748576962 -139.431586178643,68.5157748575449 -139.432348178039,68.5157748576084 -139.433109177872,68.5157748583118 -139.433680177254,68.5157748581427 -139.434441178797,68.5157748584146 -139.435013176639,68.5157748584191 -139.435679177635,68.5158698584369 -139.436345177677,68.5158698590367 -139.436916177337,68.5158698593978 -139.437487177553,68.5159648588887 -139.438153178045,68.5159648591007 -139.438725177988,68.5159648593646 -139.439486176631,68.5159648590255 -139.440247177418,68.5159648594116 -139.440818176805,68.5160598597307 -139.442912176086,68.516726860268 -139.44348317646,68.5170118599909 -139.444055175184,68.5172978602767 -139.444626174111,68.5174878598954 -139.44510117405,68.5176778603528 -139.445768175225,68.5177738606229 -139.446529172366,68.5179638604853 -139.447100173879,68.5179638602783 -139.447672172873,68.5179638606197 -139.448242173894,68.5180588609968 -139.448813171938,68.5181538610249 -139.449575172483,68.518344861092 -139.450146173915,68.5184398615375 -139.450717172514,68.5185348610862 -139.451383171421,68.5187248612649 -139.452050171101,68.5188208616616 -139.452621171092,68.5188208615075 -139.453192173135,68.5189158620003 -139.453763170626,68.5189158618472 -139.454429171226,68.519010862316 -139.455095171179,68.5190108625406 -139.45566617069,68.5190108621028 -139.458236170334,68.5190108630289 -139.458807169826,68.5190108628724 -139.45947317104,68.5190108636067 -139.459854171384,68.5190108625585 -139.460045171403,68.5192008627969 -139.460520169038,68.5193918631604 -139.461091170179,68.5194868638779 -139.461663170928,68.519486863642 -139.462329171473,68.5194868634177 -139.462995170433,68.5195818636191 -139.463566169404,68.5195818637307 -139.464803171094,68.5195818641597 -139.46547016897,68.519676863978 -139.466041169099,68.5196768645138 -139.466707169259,68.519676864482 -139.46727817003,68.5196768643233 -139.467849169935,68.5196768648767 -139.468420169407,68.5196768648782 -139.469182168435,68.5196768646847 -139.469943169686,68.5196768647841 -139.470609170041,68.5196768650525 -139.471276167949,68.5196768650839 -139.471942168512,68.5196768649113 -139.472608169718,68.5196768655076 -139.47317916847,68.5197718655342 -139.473750169521,68.5197718658873 -139.474321167769,68.5198678658836 -139.474892167221,68.5199628657002 -139.477462168091,68.5202478659889 -139.478128168697,68.5203428665542 -139.478699168557,68.5204388665234 -139.479271165953,68.5205338665282 -139.479842167024,68.5206288668431 -139.480318166589,68.5209138669602 -139.480793166364,68.5211048674344 -139.481364165886,68.5212948673573 -139.481936165053,68.5215808669163 -139.482507165875,68.5217708671994 -139.482983165583,68.5220568671663 -139.483458164746,68.5222468674534 -139.483934164104,68.5224368676699 -139.484410164995,68.5226278676097 -139.484886162772,68.5228178675346 -139.485457163513,68.5230078681609 -139.487456161992,68.523864867945 -139.488027161401,68.5239598688517 -139.488693161448,68.5240548681165 -139.489265163078,68.5240548687397 -139.489835162118,68.5240548687315 -139.490406160835,68.5240548684883 -139.490978160737,68.5240548687115 -139.491549161608,68.5240548687843 -139.492120161615,68.5240548695697 -139.49269116119,68.5240548698035 -139.493357160999,68.5240548693525 -139.49392816122,68.5240548688925 -139.494594160022,68.5241508694539 -139.495260159893,68.5241508695297 -139.495832160341,68.524150869619 -139.496403159814,68.5241508701378 -139.497069160975,68.5241508699832 -139.49916316034,68.5242458710142 -139.49973416055,68.5242458705015 -139.500305159898,68.5242458707013 -139.500876159858,68.5243408703032 -139.501447160006,68.5244358704328 -139.502113160174,68.5246258709378 -139.50268415981,68.5248168711195 -139.503160157835,68.5250068712115 -139.503636158191,68.52519787102 -139.50411215765,68.5254828712432 -139.504683159083,68.5256728713194 -139.505159157314,68.5260538711292 -139.505635156353,68.5262438716256 -139.506206155846,68.5265298716652 -139.506777155445,68.5269108716382 -139.507253156338,68.5271008718653 -139.507824154781,68.5273868718784 -139.508776154946,68.5277668718291 -139.509347154532,68.5279578727442 -139.509918154044,68.528052872177 -139.510489153635,68.5280528724704 -139.511251154855,68.5280528723793 -139.51191715383,68.5280528724679 -139.512583152972,68.5281478732308 -139.513249154991,68.5282428733147 -139.513916153462,68.5282428736005 -139.514487153245,68.5282428738251 -139.515058152597,68.5282428734986 -139.515724153593,68.5282428740869 -139.516295155103,68.5282428737779 -139.516866153589,68.5281478736711 -139.517437152106,68.5280528738549 -139.518008152354,68.5280528740254 -139.51857915361,68.5279578735533 -139.519150153767,68.5279578740433 -139.519721153883,68.5278628740216 -139.520292154626,68.5277668743186 -139.520959152921,68.5276718742684 -139.521625153468,68.5276718748589 -139.522291154197,68.5275768746755 -139.523053154184,68.5274818750856 -139.526860154497,68.5270058751009 -139.527526153093,68.5269108756171 -139.52809715279,68.5268158756838 -139.528763154021,68.5267198760069 -139.528954153297,68.526719875676 -139.53142815566,68.5259588765447 -139.531904155736,68.5257678767004 -139.532380156585,68.5255778764898 -139.532951154554,68.525482876462 -139.533305154403,68.5254318764495 -139.533617156538,68.5253878763874 -139.53418915685,68.5253878768451 -139.534855156672,68.5253878767972 -139.53542615553,68.5253878770451 -139.535997155468,68.5253878774524 -139.536568154554,68.5254828775042 -139.537234155933,68.5254828769298 -139.537805154464,68.5254828771988 -139.540090154948,68.5258638777194 -139.540661154068,68.5259588781385 -139.541327155249,68.5260538783062 -139.54199315392,68.5261488781911 -139.542564153736,68.5263398784209 -139.543040153114,68.5265298788839 -139.543611153278,68.5267198780463 -139.544087153709,68.5269108786573 -139.544658152179,68.527100878546 -139.545324152587,68.5271008792672 -139.545991152634,68.5271958787394 -139.546562152889,68.527290878757 -139.5471331504,68.5273868791193 -139.547704151491,68.5274818789304 -139.548275150842,68.5274818797366 -139.548846151703,68.5274818794383 -139.549512150587,68.5274818794858 -139.550179150968,68.527576880053 -139.550750151935,68.5275768800224 -139.553068151127,68.5280408800037 -139.553129149672,68.5280528805141 -139.553795150953,68.5281478803373 -139.554557150599,68.5282428805886 -139.555128149103,68.5284338803308 -139.555699150264,68.5285288807526 -139.556365148749,68.5286238806367 -139.557031149245,68.5288138805376 -139.557602149019,68.5289088810488 -139.558364147793,68.528908881289 -139.5589351494,68.5290048816932 -139.559506148664,68.5290048810939 -139.560077148584,68.5290048819183 -139.560838148589,68.5290048813011 -139.561410147538,68.5290048815984 -139.561981147256,68.5290048821376 -139.562647148855,68.5290048823964 -139.563218149227,68.5290048822422 -139.563789147232,68.5290048820908 -139.564360147831,68.5290048828094 -139.565026148372,68.5290048825432 -139.565693148372,68.5290048822267 -139.566264148771,68.5290048826601 -139.566930148435,68.5290998825186 -139.567596147101,68.5291948828062 -139.569976146347,68.5292898833514 -139.570642147487,68.5292898837539 -139.57130814626,68.5292898835051 -139.571974147628,68.529289883472 -139.572545147164,68.5293848838518 -139.57311714731,68.5294808838669 -139.57359214583,68.5297658842833 -139.574068144851,68.5300518843588 -139.574544146185,68.5303368839162 -139.574830144528,68.5304318844638 -139.575306145838,68.5304318842995 -139.57587614481,68.5304318848494 -139.576924145007,68.5306228841912 -139.577495143891,68.5308128844383 -139.578161144273,68.5308128851842 -139.578732143291,68.5309078851625 -139.579303143694,68.5310988855551 -139.579779142527,68.5312888853181 -139.580255143047,68.5314788853739 -139.58073114371,68.5316698855259 -139.581207142657,68.5318598852998 -139.581683143178,68.5321458857459 -139.582158141788,68.5324308857251 -139.582634141114,68.5328118860944 -139.583110139315,68.5331928859621 -139.583586139278,68.5334778858267 -139.584633138556,68.5346198860694 -139.585014139069,68.5350008865017 -139.585395137669,68.5354768858941 -139.585775137732,68.5358578866561 -139.586156137508,68.5362378868071 -139.586441135158,68.5367138871112 -139.586632135135,68.5371898868226 -139.586917135331,68.5376658867673 -139.58710813414,68.5381418863681 -139.587203133053,68.5387128870031 -139.587298133034,68.539378887132 -139.587393132054,68.5399498870655 -139.587488131696,68.5405208870842 -139.587679129267,68.5409968874927 -139.587679128717,68.5415678869633 -139.587869126694,68.5427098870516 -139.587964127587,68.5432808869461 -139.587964126163,68.5438378872186 -139.587964125176,68.5438518872696 -139.588155125345,68.5443278873552 -139.58834512351,68.5448988872541 -139.588440124119,68.5454708872041 -139.588440123504,68.5461368876941 -139.588440122247,68.546707887184 -139.588535121823,68.5472788875614 -139.588631119666,68.5478498876296 -139.588821119591,68.5483258872723 -139.589011119264,68.5488018882533 -139.589202117008,68.5493728877024 -139.589487116708,68.5503248876597 -139.589678115678,68.5508008879478 -139.589773116309,68.5513718876645 -139.589582115298,68.5518468882301 -139.589392114693,68.5525138878023 -139.588916113005,68.5530848882642 -139.588631112371,68.5535608877053 -139.588250112904,68.5539408880975 -139.588060112571,68.5544168877746 -139.587774110041,68.5548928875781 -139.587488111021,68.5554638874881 -139.58701310924,68.5560348873955 -139.586632108795,68.5566058882499 -139.586251109495,68.5571768875506 -139.585870108961,68.5576528875486 -139.585395105671,68.5581288874036 -139.585109106827,68.5586998874418 -139.584728107132,68.5591758875709 -139.584348104922,68.559556887843 -139.584062104016,68.5600328870053 -139.583776103254,68.5605088874788 -139.583491102286,68.5618408868736 -139.583491102292,68.5624118873959 -139.583586099873,68.5629828871818 -139.583967099827,68.5633638873798 -139.584443099686,68.5637448874718 -139.58491909819,68.5639348875577 -139.585395100487,68.5641258878006 -139.585966098349,68.5642208881793 -139.586632099242,68.5643158877213 -139.587203099813,68.5644108883097 -139.587774097551,68.5645058880101 -139.588535098933,68.5645058887667 -139.589106097883,68.5645058881702 -139.589773096615,68.5645058886549 -139.5904390981,68.5645058890446 -139.59101009859,68.5646008888016 -139.591676096932,68.5646958892483 -139.594532097766,68.5648868898182 -139.595103097403,68.5648868897041 -139.595769097406,68.5649818893061 -139.596340096073,68.5649818896123 -139.596911096662,68.5650768894813 -139.597482096302,68.5650768899554 -139.598053096972,68.565171890363 -139.598624095524,68.5652678902967 -139.599195096046,68.5652678909447 -139.599862094822,68.5653628903317 -139.600433097281,68.5655528906796 -139.601099096097,68.5657428906951 -139.601575095324,68.5659338902315 -139.60281209407,68.5666948905434 -139.603193094445,68.5670758910011 -139.603478092918,68.5675518914257 -139.603859092354,68.5679328909313 -139.604240091683,68.5683128908513 -139.604716091772,68.5686938916737 -139.605096090633,68.5690748910798 -139.605572090635,68.5692648913754 -139.606143089948,68.5694558916898 -139.606714089283,68.5695508917228 -139.60738108834,68.5695508918616 -139.610617089306,68.5693598925541 -139.611188089875,68.5693598931146 -139.611759090018,68.5693598931275 -139.612330089734,68.5693598925927 -139.612901088597,68.5693598927742 -139.613567088463,68.5693598931802 -139.614138089504,68.5693598933849 -139.61470909012,68.5693598930418 -139.615281089932,68.569359893584 -139.615852088547,68.569455893587 -139.61642208945,68.5696458934414 -139.616994088958,68.5696458939935 -139.617565087189,68.5697408939321 -139.6182310885,68.5698358939784 -139.618802088179,68.570026894232 -139.61937308758,68.5702168943827 -139.619849086777,68.5705018939109 -139.620420086516,68.5707878950296 -139.620896087182,68.5712638946366 -139.621467086061,68.5714538949735 -139.625274084696,68.5717398950198 -139.625845084066,68.5717398952426 -139.626512086455,68.5717398956822 -139.627083084547,68.5717398957696 -139.627654085671,68.5717398954651 -139.628225084902,68.5718348960381 -139.628891085277,68.5718348957032 -139.629652083782,68.571929896073 -139.630224084523,68.5721198966711 -139.630890084481,68.5722158961908 -139.631556083142,68.5722158963502 -139.632127083541,68.5722158967129 -139.632698084362,68.5723108964856 -139.633460084515,68.5723108969703 -139.634031083527,68.5723108969031 -139.63460208363,68.5723108969983 -139.635363084516,68.5723108971049 -139.635934083343,68.5723108967667 -139.636505082836,68.5723108978549 -139.637172082894,68.5723108971108 -139.637743083053,68.5723108975094 -139.638314082787,68.5723108973606 -139.639646083522,68.5723108979342 -139.640217083073,68.5723108975144 -139.640788083018,68.572405897607 -139.641264082115,68.5725958988349 -139.641835082305,68.5726918985322 -139.642406083667,68.5727868985282 -139.642977081773,68.5728818989033 -139.643453083186,68.57307189875 -139.644120081025,68.5732628988337 -139.644596080522,68.5735478991247 -139.645071079449,68.5738338989406 -139.645167080242,68.573952898713 -139.645167079643,68.5743088989348 -139.644976078727,68.574784899026 -139.644881077512,68.5754518988009 -139.644691077568,68.5760228995214 -139.644691076034,68.5765938988017 -139.644215075417,68.5780218985963 -139.644024074183,68.5785928989957 -139.643929072803,68.5791638988698 -139.643929072233,68.5797348987602 -139.644405071154,68.5801158989798 -139.644786071809,68.5805908996051 -139.645262071181,68.580781899624 -139.645738070325,68.5810668992078 -139.646404069602,68.5812578993126 -139.64697507071,68.581447899932 -139.647546071045,68.5815428997142 -139.648212068218,68.5816379000136 -139.648783070616,68.5817339002188 -139.649354068924,68.5818288998858 -139.651163068598,68.5820189004239 -139.651734069724,68.5821139008456 -139.652400067938,68.582304900351 -139.652971067907,68.582494901165 -139.653447068116,68.5826849006061 -139.654018066891,68.5827799013582 -139.654494067424,68.5829709006912 -139.655065067587,68.5831609013838 -139.655636066579,68.5832559018602 -139.656398066859,68.5833519018229 -139.657064066452,68.5833519022451 -139.657635067317,68.5834469016291 -139.658206066445,68.5835419021033 -139.658777065203,68.5835419020352 -139.659348066366,68.5836369024984 -139.660014064503,68.5838269021583 -139.66058506639,68.5838269019683 -139.661157064622,68.5838269022547 -139.661823064513,68.5838269024634 -139.662394066716,68.5837319026089 -139.663060064222,68.5837319027446 -139.663631065862,68.5837319026092 -139.664202065408,68.5836369030704 -139.664869065727,68.5836369030429 -139.66553506496,68.5835419033451 -139.666106064616,68.5834469033907 -139.66667706496,68.5834469034648 -139.667438065653,68.583446902946 -139.670294065253,68.5834469036081 -139.670865064396,68.5834469044627 -139.671531064597,68.5834469045369 -139.672102064412,68.5834469047068 -139.672673063803,68.5834469043302 -139.673244065806,68.583446904826 -139.673910064458,68.5837319046341 -139.674387064059,68.5840179043891 -139.67476706444,68.5843989046887 -139.675053061977,68.5849689052622 -139.675338062576,68.5854449054466 -139.675529061078,68.5860159052937 -139.675624059434,68.586777905219 -139.675624059416,68.5874439054062 -139.675624058851,68.5880149048728 -139.675719057061,68.5886819050136 -139.675624057158,68.5893479054738 -139.675529057221,68.589918905306 -139.675338054524,68.5904899054307 -139.674957055397,68.5909659050136 -139.674482053898,68.5913469049709 -139.674006054142,68.5916319047712 -139.673435052322,68.5920129051317 -139.673149054158,68.5924889049821 -139.673339052208,68.5930599053374 -139.673625049742,68.593535905104 -139.674101051728,68.5940109052617 -139.674577050363,68.5943919055567 -139.675053050433,68.5946779053426 -139.676480049821,68.5950579060082 -139.677147047608,68.5952489059548 -139.677908048307,68.5954389062655 -139.67847904839,68.5956299062306 -139.678955047849,68.5958199056644 -139.679526046493,68.5962009062002 -139.679812047896,68.596676906492 -139.680192045672,68.5970569069597 -139.680668043843,68.5975329065804 -139.681049044588,68.5981039070305 -139.681334043495,68.5985799063814 -139.68162004207,68.5991509066758 -139.681715042551,68.5997219064762 -139.681810041509,68.6003889069198 -139.681810040307,68.6010549074379 -139.681715039104,68.6017209072295 -139.681525039511,68.6021969071447 -139.681429038788,68.6027679067193 -139.681239036733,68.6032439072704 -139.681144036545,68.6047669070635 -139.681239034001,68.6054329069488 -139.681429035268,68.6060039071538 -139.681525032954,68.6065749073486 -139.681715032094,68.6070509071457 -139.68190503196,68.6076219067778 -139.68200103036,68.6081929076663 -139.682381029475,68.6086689077689 -139.682572029039,68.6091449076773 -139.683428028764,68.608954907966 -139.683904029251,68.6086689076244 -139.684475031147,68.6083829076506 -139.685142030705,68.6081929078513 -139.685713030209,68.6080029081397 -139.686379029727,68.6079079081052 -139.68704502973,68.607907908438 -139.687616030354,68.6079079085815 -139.688187030061,68.6080979083807 -139.688663030993,68.6082879087767 -139.689329030657,68.6085739089319 -139.689805029723,68.6088589088979 -139.690376029366,68.6090499084959 -139.69085202829,68.6095259092651 -139.690995028273,68.6096209086322 -139.691138027381,68.6096209089758 -139.691709027496,68.6096209090714 -139.692280028707,68.6096209093317 -139.692851027553,68.6096209096025 -139.693422027496,68.6096209100381 -139.693993027016,68.6096209099294 -139.695135027829,68.6096209094971 -139.695706027179,68.6096209097284 -139.696277027627,68.6096209101246 -139.696848027652,68.6096209099764 -139.697420028557,68.6096209102602 -139.697991027871,68.6097159104609 -139.698562025872,68.6098109104909 -139.699133026024,68.6099059105042 -139.699704026324,68.61000191047 -139.700275026116,68.6101919111378 -139.70082902531,68.6104689105094 -139.700846027105,68.6104769108956 -139.701322024777,68.6106679109076 -139.701798025921,68.6109529110125 -139.702274025474,68.6111439114129 -139.702750023661,68.6113339112834 -139.703987024446,68.6117149109721 -139.704463024605,68.6119049113892 -139.704939023161,68.6120959113595 -139.705415023125,68.6123809122211 -139.705986023528,68.6125709120329 -139.706557022577,68.6126669123718 -139.70703302282,68.612856912058 -139.707508022149,68.6131419124168 -139.707984020221,68.6134279122489 -139.70846002242,68.6136179124196 -139.708936020734,68.6139039129056 -139.710269020458,68.6147599127398 -139.710745018847,68.6150459132028 -139.711220019262,68.6153309128212 -139.711696018244,68.6156169131502 -139.712172017748,68.6159029127785 -139.712648016875,68.6161879135747 -139.713124016983,68.6164739130664 -139.713695015339,68.6166639136327 -139.714171016821,68.6169499135283 -139.714742016192,68.6171399135296 -139.715313016825,68.6173299138346 -139.715884014293,68.6176159141264 -139.716360013731,68.6178059139624 -139.716931014457,68.6180919141069 -139.71759701321,68.6181869141035 -139.718073014625,68.6183769144887 -139.718740012351,68.6184719142216 -139.719501013292,68.6186629149546 -139.72121401154,68.6192339145853 -139.721690011553,68.6194239147573 -139.722261013103,68.6197099152331 -139.722832011836,68.6198999149682 -139.72340300989,68.6200899155628 -139.724070010333,68.6201859158815 -139.72464101082,68.6201859153633 -139.725212010301,68.6202809162382 -139.725783008892,68.6203759156798 -139.72635401027,68.6203759153505 -139.72702000955,68.6204709165057 -139.727591010777,68.6205659161825 -139.728162009047,68.6207569162575 -139.728733009515,68.6208519168328 -139.729209009941,68.6210419165644 -139.729685009583,68.6213279166914 -139.731303007131,68.6220889166647 -139.731779007568,68.6224699168931 -139.732255005382,68.6227559172169 -139.732636007426,68.6231359172877 -139.733111006241,68.6234219175771 -139.733587006519,68.6237069173112 -139.734158004988,68.623896916883 -139.734729005288,68.623896917712 -139.735301004023,68.6238969173461 -139.735872005411,68.6238019174733 -139.736443003381,68.6237069177389 -139.736919005185,68.6235169184149 -139.737490005097,68.6233259176387 -139.738156005643,68.6231359184653 -139.738822005624,68.6229459184485 -139.73939300555,68.6227559189521 -139.739869005384,68.6225649182651 -139.739981006793,68.6225569181334 -139.740535006279,68.6222799187525 -139.741011007327,68.621898918917 -139.741487006961,68.6217089185736 -139.742058007403,68.6217089190385 -139.742629007511,68.621612918596 -139.743200006352,68.621612918683 -139.743771006295,68.6216129189354 -139.744343007623,68.6216129193602 -139.744914008248,68.6216129192315 -139.74586500567,68.621517919454 -139.74643600582,68.6215179197173 -139.747008005698,68.6214229197116 -139.747579007736,68.621422919747 -139.748150007411,68.6214229197945 -139.748721008189,68.6214229200074 -139.749292006605,68.6214229202324 -139.749863007765,68.6216129203758 -139.750434007432,68.6217089203182 -139.75066100723,68.6217459201352 -139.751005005703,68.6218039201581 -139.751576007195,68.6218039205848 -139.752813006997,68.6219939208649 -139.75338400592,68.6219939210275 -139.753955005945,68.6219939213555 -139.755478004197,68.6220889211918 -139.756049004027,68.6222799214556 -139.756525004822,68.6224699215031 -139.757096004593,68.6226599220377 -139.757573004898,68.6228499215098 -139.758143005202,68.6229459217173 -139.758619004009,68.6231359215094 -139.75909500258,68.6233259221588 -139.759571003767,68.6235169217743 -139.76004700121,68.6238019221679 -139.760523001191,68.624087922501 -139.761284001016,68.6247539227817 -139.761569999067,68.6252299224686 -139.762045999821,68.6254199229073 -139.762521999254,68.6257059224149 -139.762996999613,68.6260869227384 -139.763472998656,68.6264669225625 -139.763948997153,68.6267529227481 -139.764424998944,68.6269429228972 -139.764900997747,68.6271339236687 -139.765471996908,68.6274189236471 -139.766042998337,68.6275139234883 -139.766613997298,68.6276099236339 -139.767470997728,68.6276099235675 -139.768041997139,68.6276099234103 -139.768707997328,68.6274189239909 -139.769183997492,68.6272289240259 -139.769659997665,68.6270379237925 -139.770135997706,68.6268479236815 -139.770706998612,68.6267529244783 -139.771277996521,68.6266579241494 -139.771753998229,68.6264669244944 -139.772324998218,68.6263719239094 -139.772990997683,68.6261819242935 -139.773466999327,68.6259909247066 -139.773922999202,68.6258399250615 -139.774037997366,68.6258009248998 -139.774608999631,68.6257059251469 -139.775084998115,68.6255159249398 -139.775655997858,68.6254199248554 -139.777273999486,68.6250399248715 -139.777845999818,68.6250399250872 -139.778321000332,68.624848925785 -139.778891998885,68.6247539259696 -139.779462999189,68.6247539260494 -139.780033999075,68.6247539255861 -139.780700998712,68.6246589260395 -139.781272000087,68.6245639264296 -139.781938000229,68.6244689261474 -139.782508998364,68.624372926184 -139.783079999704,68.6243729268043 -139.783745998542,68.6243729262307 -139.784316999843,68.6244689266889 -139.784888998746,68.6245639268365 -139.785459999406,68.6246589271844 -139.787648997597,68.6249439269138 -139.788409998247,68.6250399278501 -139.789075998502,68.6250399273703 -139.789646998193,68.6251349271688 -139.79031399886,68.6253249276394 -139.790884997496,68.625515927739 -139.791455997574,68.6257059276672 -139.791931996652,68.6258959278573 -139.792502996518,68.6259909285301 -139.792978995614,68.6263719280904 -139.793454995921,68.6265629277897 -139.793929994334,68.6268479283441 -139.794405993722,68.6271339284126 -139.794786994418,68.6275139290883 -139.795833993255,68.6279899285603 -139.796309991931,68.6282759289328 -139.796880992201,68.6285609289664 -139.797356992626,68.6287519292332 -139.797927992343,68.6289419287479 -139.798498992279,68.6290369290753 -139.799069992473,68.6292279297275 -139.799640992081,68.629322929695 -139.800211990865,68.629512929842 -139.800878990221,68.6296079295326 -139.801449991601,68.6297029300872 -139.802020990466,68.6297989302328 -139.8025919912,68.629893929899 -139.803067991021,68.6300839299381 -139.803543989465,68.6302749305924 -139.804780988407,68.631130930197 -139.805160987273,68.6316069305157 -139.805636988005,68.631987931086 -139.806112987137,68.6323679307164 -139.806493987127,68.6328439311652 -139.806969985796,68.6331299311038 -139.807445986516,68.6334159310558 -139.807921984842,68.63370093168 -139.808397983561,68.6340819315488 -139.808968984443,68.6342719311715 -139.809348983826,68.634499931757 -139.809729983059,68.6346529316886 -139.810300983166,68.6349379316692 -139.810871981829,68.6349379319443 -139.81134798345,68.6351289319028 -139.81201398321,68.6352239324071 -139.812584983542,68.635223932168 -139.813060982748,68.6354139318485 -139.813536980965,68.6356999322092 -139.81410798208,68.6356999324612 -139.814678980946,68.6358899330585 -139.815249981683,68.6359849330333 -139.815821979916,68.6359849327862 -139.816296981862,68.6361759329253 -139.816867980671,68.6363659334025 -139.817343979847,68.6365559327596 -139.818390979211,68.63712693368 -139.818866978531,68.6374129335172 -139.819081979259,68.6375849330789 -139.819342978173,68.6377939330482 -139.819818978541,68.6380789335037 -139.820199977534,68.6384599334205 -139.820675977634,68.6386499339612 -139.821246976644,68.6388409340616 -139.821722975101,68.6392209338797 -139.822197975721,68.6395069335541 -139.822769974913,68.6396969344095 -139.823340974448,68.6398879344617 -139.823816973927,68.6400779344443 -139.824387974079,68.6402679349811 -139.826481974171,68.640743934449 -139.827052973047,68.640838934679 -139.82781397243,68.6409349352045 -139.828384974467,68.6410299353642 -139.829050973999,68.6410299352427 -139.829621973081,68.6410299359269 -139.830288972039,68.6410299358297 -139.830954974485,68.6410299358654 -139.831620972631,68.6410299358212 -139.832191972684,68.6410299361144 -139.832326973779,68.6410299360412 -139.832857971108,68.6410299360078 -139.833524971318,68.6410299361934 -139.834285971859,68.6410299364765 -139.834951971256,68.6410299363826 -139.835618972439,68.6410299365692 -139.836189971802,68.6410299370122 -139.836760972692,68.6410299363572 -139.838759972264,68.6410299373606 -139.839330972186,68.641029936871 -139.839901971276,68.6410299371041 -139.840472971984,68.6411249377947 -139.841043971803,68.641219937057 -139.841709972034,68.6414099374624 -139.842375970109,68.6416009376539 -139.842946970383,68.6417909379429 -139.843613970595,68.6419819383721 -139.844183970016,68.6421719381091 -139.844755970924,68.6422669384415 -139.845231969417,68.6424569384058 -139.845802970407,68.642551938674 -139.846468969965,68.6426479389111 -139.84694496864,68.6428379389971 -139.847610968976,68.6430279383574 -139.848181968033,68.6431239391533 -139.848752968981,68.6432189389554 -139.850465967921,68.6433139392427 -139.851037966846,68.6434089394277 -139.851608968692,68.6435039396253 -139.852179967294,68.6435989402161 -139.852750966917,68.6438849396444 -139.853321966977,68.6441709396509 -139.853797966785,68.6444559398166 -139.854273964527,68.6448369401564 -139.854749964862,68.6451219406801 -139.855224965181,68.6453129398435 -139.855700965131,68.6455029408176 -139.856842962709,68.6461689405046 -139.857318962275,68.6464549405096 -139.85779496197,68.6468359412114 -139.858270961361,68.6472159411744 -139.858746961968,68.647501941319 -139.859222961421,68.6478829415569 -139.859641960868,68.6481339418033 -139.859698959894,68.6481679416482 -139.859888960755,68.648643941331 -139.859983958103,68.6492149414073 -139.859698958377,68.64969094149 -139.859507958515,68.650166941603 -139.85931795756,68.6506429410559 -139.859222956444,68.6512139410959 -139.859127955802,68.6517849409569 -139.859127955721,68.6523559417317 -139.85912795564,68.6529269415184 -139.859127953617,68.6534979408736 -139.859127952706,68.6540689412126 -139.85922295205,68.6546399418606 -139.859698949548,68.655591941764 -139.860078950101,68.6559729412976 -139.860554948915,68.6562579420377 -139.861030949819,68.6564489418033 -139.861697949239,68.6565439421723 -139.862268949025,68.656638941912 -139.862934948705,68.6567339417969 -139.863505948743,68.6567339421938 -139.86417194762,68.6567339422639 -139.864837949139,68.6567339425584 -139.865408949047,68.6567339427056 -139.865980949872,68.6567339429092 -139.866551948537,68.6567339432368 -139.867122949341,68.6568289432613 -139.86912194832,68.6573049432163 -139.869692947293,68.6574959438343 -139.870167946275,68.6576859438652 -139.870738947817,68.6578759439174 -139.871214945556,68.6580669435497 -139.871690946244,68.6583519441248 -139.872261944089,68.658636944019 -139.872832944801,68.6586369437726 -139.873403944563,68.6588279446489 -139.873879944985,68.6590179438251 -139.874355944197,68.6593039447844 -139.874926944196,68.6594939447957 -139.875402943547,68.6596839448418 -139.875783943003,68.6600649453089 -139.876134942167,68.6605049448242 -139.876354941549,68.6606359452 -139.87664094172,68.6611119449851 -139.877020941767,68.6614929453185 -139.877401940007,68.6619689456385 -139.877782938704,68.662349945235 -139.878162940077,68.6628249454126 -139.878638938286,68.6631109454737 -139.879019938014,68.6634919459559 -139.87903493848,68.6635039450445 -139.879495937768,68.6638719450396 -139.87997193742,68.6641579462028 -139.881398937313,68.6650149460995 -139.881779936322,68.6653949460125 -139.882255934699,68.6655859468055 -139.882731935312,68.6658709464092 -139.883207934073,68.6660619469018 -139.883683934752,68.6662519462329 -139.884254933102,68.6666329463541 -139.884825933265,68.6668229466856 -139.885396932757,68.6669179474313 -139.885967932455,68.6671089466745 -139.886538931631,68.6672039470712 -139.88701493213,68.6673939476564 -139.887585932534,68.6674889474477 -139.888061932715,68.6676799472366 -139.888537932257,68.6678699476904 -139.889013931989,68.6680599477444 -139.889393930427,68.6684409474447 -139.889869930581,68.6687269473607 -139.890345930322,68.6690119476571 -139.891773929174,68.6696779479858 -139.892249927925,68.669868948752 -139.892725927151,68.6701539485361 -139.89320192758,68.6703439482553 -139.89377292659,68.6703439485335 -139.894343926716,68.6703439489799 -139.894914927706,68.6702489485183 -139.895580926393,68.6701539489057 -139.896151927284,68.6701539489994 -139.896722927762,68.6701539485537 -139.897293927734,68.6700589494178 -139.897769926672,68.6698689490662 -139.899958926665,68.6695829495653 -139.900625928483,68.6694879499731 -139.901196928533,68.6693929499345 -139.901767927637,68.6692969499928 -139.90233892973,68.6692019499786 -139.903004927148,68.6692019502003 -139.903575927645,68.6692019502472 -139.90414692926,68.669201950462 -139.904622927693,68.6693929503102 -139.905193927406,68.6695829511361 -139.906526926141,68.6702489508975 -139.907097925097,68.6702489508543 -139.90766892517,68.6702489509791 -139.908239926361,68.670248951272 -139.90890592656,68.6702489510529 -139.909571925935,68.6702489509089 -139.910238926382,68.6702489511916 -139.910904925638,68.6702489519013 -139.911475925472,68.6702489515305 -139.912046926425,68.6702489513277 -139.912617925185,68.6703439517427 -139.913093925296,68.6705349517208 -139.913664926152,68.6707249518718 -139.914140925108,68.6709159526221 -139.914904924605,68.6710889522021 -139.915282924077,68.6713919521563 -139.915758923161,68.6715819527868 -139.916234924379,68.6717719524613 -139.916614922354,68.6721529526921 -139.916900923058,68.6726289527326 -139.917852918944,68.6755789534037 -139.918042917814,68.6761509530561 -139.918137917575,68.6767219531736 -139.918233916697,68.6772929535213 -139.91832891544,68.6779589536636 -139.918423914049,68.6786249528141 -139.918613913323,68.6791959531977 -139.918708911161,68.6798619535929 -139.918804911824,68.6804339536159 -139.918994912353,68.6809089536352 -139.919279909216,68.6813849533954 -139.919660908329,68.6818609538513 -139.920041907697,68.6822419537511 -139.920517908805,68.682622954048 -139.920898906565,68.6830029538505 -139.921374906502,68.6831939539098 -139.922991906805,68.6836699544359 -139.923563906436,68.6836699548163 -139.92422990739,68.6836699545191 -139.924895907627,68.6837649546862 -139.925561907633,68.6837649550992 -139.926132906131,68.6837649553822 -139.926799907364,68.6837649552936 -139.927465905311,68.6837649550179 -139.92813190591,68.6837649549686 -139.928702906945,68.6837649555818 -139.929273905935,68.6836699553108 -139.929844905413,68.6836699555547 -139.930415906011,68.6836699559674 -139.930986906197,68.683669955842 -139.931558906488,68.6836699559693 -139.932224906456,68.6836699563215 -139.932890905602,68.6836699567503 -139.933461906795,68.6836699565477 -139.935650905457,68.6837649568257 -139.936221906582,68.6836699570553 -139.936792906017,68.6836699571596 -139.936796903896,68.6836699568215 -139.93736390504,68.6836699567257 -139.938030905894,68.6836699569883 -139.938601905217,68.6836699571465 -139.93917290566,68.6836699574734 -139.939743905692,68.6836699572624 -139.940314904902,68.6836699577775 -139.940885905817,68.6837649574195 -139.941456905565,68.6836699573429 -139.942693904665,68.6836699578434 -139.943264904474,68.6836699580463 -139.943836904388,68.683669958434 -139.944407904663,68.6835749586125 -139.944978904529,68.6832889585243 -139.945549905799,68.6831939588211 -139.946120906215,68.6830979586997 -139.946691906474,68.6830979589466 -139.947262906322,68.6830979586554 -139.947833906276,68.6831939589912 -139.948309904866,68.6833839593313 -139.950022902811,68.6846209599414 -139.950403901941,68.6850019590884 -139.950783901756,68.6854779589993 -139.951045900053,68.6857399595364 -139.95126090124,68.686810959712 -139.951355899215,68.687381959648 -139.951450897836,68.6879529596562 -139.951545897101,68.6885239597365 -139.951545895078,68.6891899598137 -139.951545895412,68.6892609598341 -139.95154589612,68.6898559599534 -139.951545893275,68.6905219598568 -139.951545893964,68.6910929597476 -139.951545893856,68.6916649598853 -139.951545893256,68.6923309600599 -139.95154589118,68.6929019598892 -139.95135588956,68.693567960118 -139.951164889668,68.6950909598854 -139.950974889464,68.6955669600482 -139.950688887924,68.6960429596583 -139.950403888025,68.6965189599667 -139.950117885735,68.6969949601597 -139.949863886668,68.6972479602381 -139.949737885211,68.6973749603865 -139.949356883862,68.6978509596525 -139.948975884981,68.698231959717 -139.948499884507,68.698516959266 -139.948023884295,68.6988979600992 -139.947547882835,68.6992789598354 -139.947072883418,68.6996589599346 -139.945739881895,68.700515959254 -139.945263881263,68.7008019595764 -139.944882881645,68.7011819594578 -139.94440788118,68.7014679592686 -139.944026880592,68.7018489588314 -139.943740879188,68.7023249596893 -139.943900879856,68.7027229590367 -139.944082877707,68.7027229589235 -139.94474887955,68.7028179594915 -139.945319877806,68.7029129594694 -139.945985879718,68.7030079594831 -139.94655687752,68.7030079595084 -139.947127877907,68.7031039596927 -139.94788987756,68.7031989602899 -139.948460878238,68.703293960325 -139.949031878312,68.7034839603998 -139.949602877676,68.7036749600261 -139.9500788763,68.7038649603646 -139.950744875841,68.7040549607635 -139.951315877642,68.7042459606373 -139.951791876776,68.7044359608597 -139.952362876217,68.7045309603451 -139.952933875487,68.7047219613794 -139.9535048755,68.7047219609052 -139.955313875343,68.7048169613584 -139.955884875161,68.7048169609643 -139.956455874157,68.704816961298 -139.957121875033,68.7049119617266 -139.957787873422,68.7050069619081 -139.958454875181,68.7050069620204 -139.959025874072,68.7051019622991 -139.959691875425,68.7051019622728 -139.960262874052,68.7051019618302 -139.960833875338,68.7051019622646 -139.961594873723,68.7051969630092 -139.961757873366,68.705196962527 -139.962165874511,68.7051969623291 -139.962641874233,68.7053879622531 -139.963212872927,68.7053879624726 -139.963879873029,68.7054829628457 -139.96445087276,68.705482962954 -139.965211873373,68.70557796337 -139.965782874141,68.7055779630707 -139.966353874089,68.7055779634994 -139.966924873628,68.7055779633917 -139.969817873933,68.7056709639673 -139.969875872017,68.7056729636039 -139.970446873098,68.7057689641547 -139.971112872317,68.7058639643776 -139.971683872229,68.7058639637274 -139.972350872171,68.7058639647463 -139.973016870646,68.7059589645199 -139.973682872093,68.7059589645702 -139.974253871406,68.7059589646658 -139.975015872444,68.7059589647516 -139.975586872062,68.7059589651432 -139.976347871548,68.7059589648402 -139.976918871473,68.705958965531 -139.977489870988,68.7059589656854 -139.978060870545,68.7058639656876 -139.978727872017,68.7058639657134 -139.979298872063,68.7057689653168 -139.979869872915,68.705672965985 -139.982819870958,68.7049119662992 -139.983486872056,68.7048169662775 -139.984057872832,68.7046259664249 -139.984532873131,68.7044359670796 -139.985104873894,68.7042459667038 -139.985675872798,68.7041499664645 -139.986246873127,68.7041499665205 -139.986817872857,68.7042459671323 -139.98729387247,68.7045309674828 -139.987959871912,68.7045309672655 -139.988530871926,68.7045309674073 -139.989101873066,68.7045309677191 -139.991005873049,68.70443596762 -139.991576872719,68.7043409675048 -139.992147871476,68.7043409679161 -139.992623871175,68.7041499679602 -139.993194873654,68.7039599682896 -139.993765873612,68.7037699682693 -139.994241873722,68.7034839678419 -139.994812874757,68.7033889684356 -139.995288873841,68.7031989682562 -139.995764874463,68.7029129684556 -139.996335873732,68.7027229686812 -139.997096874344,68.7027229682925 -139.997263873559,68.7027019688159 -139.997857874444,68.7026279693909 -139.998429873535,68.7026279687808 -139.999000873978,68.702627968623 -139.999666874995,68.702627969329 -140.000237874213,68.702627969063 -140.000808874558,68.7026279689668 -140.001379874087,68.7026279695986 -140.001950874425,68.7027229694721 -140.002521873469,68.7028179691912 -140.003092873957,68.7028179700359 -140.003663874038,68.7028179703441 -140.005948873321,68.7026279705157 -140.006519872974,68.7025319708404 -140.0070908727,68.7023419704557 -140.007661874058,68.7022469707182 -140.00813787461,68.7020559704581 -140.008375875226,68.7019769705212 -140.010231873474,68.7017709712875 -140.010707873856,68.7015809708878 -140.011278874867,68.7012949710453 -140.011658876704,68.7009139713929 -140.012039876759,68.7005339710904 -140.012325875834,68.700057971234 -140.01251587816,68.6995819716389 -140.012705878105,68.6990109711372 -140.013086878458,68.6986299717794 -140.013372880287,68.6981539714003 -140.01365787966,68.6976779712504 -140.014704880168,68.6967269718009 -140.015180882526,68.6964409717724 -140.015656880392,68.696250971606 -140.01613288189,68.6960599719722 -140.016608881309,68.6957749718412 -140.01717988255,68.6956799715282 -140.017750881324,68.6956799717733 -140.018321881226,68.6956799721877 -140.018892882257,68.6956799727713 -140.019463881344,68.6956799721115 -140.020224880893,68.69586997227 -140.020700881111,68.6961549732318 -140.021271881662,68.696345972557 -140.021747880196,68.6966309725508 -140.022318879246,68.6969169730485 -140.022794879521,68.6972019726982 -140.023365878301,68.6972979729992 -140.023936880154,68.6973929734832 -140.024507879642,68.6973929731336 -140.025079879409,68.6973929737852 -140.025840879431,68.6973929738347 -140.026506879298,68.6973929742384 -140.027077880519,68.6972979739587 -140.029266878277,68.697106973994 -140.029837879736,68.6970119746628 -140.030408878045,68.6968219743987 -140.030979879326,68.6967269750607 -140.031551879883,68.6967269745548 -140.032217879055,68.6967269752106 -140.03278887863,68.6966309751206 -140.033454879459,68.6965359745995 -140.034025878506,68.6965359751947 -140.034596880624,68.6965359754008 -140.035167878858,68.6965359749223 -140.035739878827,68.6964409757935 -140.03640587948,68.6964409755391 -140.036976878836,68.6964409752652 -140.037642879401,68.6964409762232 -140.03821387948,68.6964409752819 -140.038784880284,68.6964409757743 -140.040497880241,68.6962509762391 -140.041068879691,68.6961549761283 -140.041544878683,68.6959649763408 -140.042020880145,68.6957749768986 -140.042496879901,68.6953939763475 -140.042877880524,68.6950129762798 -140.043162882348,68.6945369767469 -140.043353883054,68.6939659765738 -140.043543883473,68.6934899765932 -140.043733884345,68.6929189767337 -140.043733884957,68.6923479765379 -140.043733885163,68.691776976613 -140.043733886904,68.6912059764006 -140.043733886299,68.6906349770177 -140.043829890001,68.6880649761908 -140.043924891668,68.687398976321 -140.044114892233,68.6869229766075 -140.044305892829,68.6864469764666 -140.044685892203,68.6858759765038 -140.044971893813,68.6853049767148 -140.045351893887,68.6848289769064 -140.045732894838,68.6843529770652 -140.046113896472,68.6839729765138 -140.046494895932,68.6835919765752 -140.046779895939,68.683115976987 -140.047065897458,68.6826399762959 -140.047446897984,68.6822589769577 -140.047826898063,68.6818789772335 -140.04830289981,68.6815929769728 -140.04898289827,68.6812529768785 -140.049063900873,68.6811169771598 -140.049444900558,68.6806409767551 -140.049825900371,68.6801659772815 -140.05030190058,68.6797849770475 -140.050681901086,68.6794039773437 -140.051062901786,68.6790229776779 -140.051443901727,68.6785469776253 -140.052680904597,68.6776909773315 -140.053156903978,68.6774049780768 -140.053632902817,68.6771199776345 -140.054108903403,68.6768339776734 -140.054393904327,68.676357977706 -140.054584907301,68.6758819778501 -140.054584905701,68.6753109775091 -140.054203908385,68.674930977662 -140.053727907236,68.6746449776189 -140.053251907827,68.6744549779826 -140.052775906716,68.6742639773667 -140.05172890763,68.6740739772782 -140.051157907133,68.674073977074 -140.050586908223,68.67397897725 -140.04992090979,68.6739789770092 -140.049254910546,68.6739789768445 -140.048588910492,68.6739789767558 -140.048016908906,68.6739789766058 -140.047446908677,68.6739789769164 -140.046779909958,68.6739789764852 -140.046208908399,68.6739789765334 -140.04563790991,68.6739789761904 -140.045066909076,68.6739789758674 -140.044400909168,68.6739789763815 -140.043733908742,68.6739789755366 -140.042020910179,68.6738839750061 -140.041449909495,68.673883975348 -140.040878908406,68.6738839751514 -140.040307909103,68.6737889754807 -140.039736910075,68.6735979753698 -140.039165910478,68.6735029753611 -140.038689910404,68.6733129744161 -140.038213910364,68.6731219744583 -140.037737911831,68.6729319746964 -140.037071911985,68.6727419748147 -140.036595911783,68.6725509749964 -140.035929911058,68.6723609743018 -140.035358913364,68.672265974199 -140.03469191327,68.6720749737015 -140.034120912715,68.671789974126 -140.033454914749,68.6716949739691 -140.032978914952,68.6714089737944 -140.032407913568,68.6712189735528 -140.030123917063,68.6701719730667 -140.029647915285,68.6698859731946 -140.029171916116,68.6696959734845 -140.028600916408,68.6695059733027 -140.02802991713,68.6693149728393 -140.027458918725,68.6690299725955 -140.026887917972,68.6687439729 -140.026411918851,68.6685539723411 -140.025935919586,68.6682679722427 -140.025459918883,68.6680779719566 -140.024983918378,68.6677919718442 -140.024412920028,68.6674119719714 -140.023936921135,68.6670309720886 -140.023556921447,68.6665549719746 -140.023365921476,68.6660789718407 -140.023175923443,68.6656029715113 -140.023175923133,68.6650319722126 -140.023365924727,68.6645559718534 -140.023936926145,68.6639849717762 -140.024317925628,68.6636039721506 -140.02469892608,68.663223971787 -140.02517492514,68.6630329716234 -140.025745925748,68.6626529721185 -140.026221927086,68.6624619717245 -140.026697927139,68.6621769725586 -140.027172928376,68.6619859723878 -140.027743928021,68.6617009723948 -140.028219927903,68.6614149719437 -140.028886928916,68.6613199724404 -140.029362928536,68.6610349726913 -140.030694929724,68.6606539726437 -140.031265929164,68.660463972406 -140.031741929268,68.6602729726931 -140.032312929945,68.6601779727678 -140.032788929692,68.6598929734025 -140.033264929816,68.6597019729105 -140.033835928912,68.6595119735118 -140.034311930109,68.6592259729329 -140.034787931106,68.6589409731932 -140.035263931293,68.6585599733127 -140.035643931739,68.6581789732596 -140.036024932694,68.6577989739661 -140.036690932539,68.6573229736169 -140.037071934425,68.6569419737897 -140.037452932678,68.6565609737204 -140.037737934481,68.6560849733498 -140.037928933922,68.6556089736851 -140.038213935367,68.6550379743196 -140.038499936422,68.6544669743059 -140.038689935933,68.6539909737485 -140.038879937908,68.6535149740122 -140.038975938325,68.652943974445 -140.039165938273,68.6524679740464 -140.039260940442,68.6518969734694 -140.039355941876,68.650754973384 -140.039450942019,68.6500889743886 -140.039546943209,68.6495179742718 -140.039736943024,68.6488519740291 -140.039926944355,68.648375973496 -140.040117943707,68.6478999738272 -140.040307944944,68.6474239740823 -140.040497945581,68.6469479737466 -140.04078394678,68.6463769734407 -140.040973948155,68.6459009738042 -140.041164947853,68.6454249737614 -140.041449950006,68.6448539735888 -140.041640950399,68.6443779742428 -140.041830951292,68.6439019741233 -140.042020949563,68.6434269739459 -140.042306951936,68.6429509735603 -140.04249695179,68.6424749742468 -140.042781953064,68.641998974269 -140.042972952062,68.6415229739967 -140.043258956159,68.6402859738218 -140.043353956191,68.6397149740842 -140.043448955988,68.6390479739713 -140.043543958131,68.6384769744091 -140.043638959221,68.6379059739583 -140.043829959054,68.6374299741585 -140.044209959998,68.6369549741728 -140.044590960091,68.6365739742617 -140.0451619603,68.6362879741553 -140.045637960748,68.6360979739612 -140.0462089617,68.6360029743419 -140.04668496116,68.6358119743454 -140.047255960759,68.6357169743039 -140.047921961513,68.6355269742925 -140.048492960078,68.6353359748136 -140.050491963402,68.6346699752691 -140.050967962226,68.634479974717 -140.051538963099,68.6343849750445 -140.052109963709,68.6341949755318 -140.052680962517,68.6340989751339 -140.053441962287,68.634098975804 -140.054013962477,68.6340989754018 -140.054584962415,68.6339089753977 -140.055155963421,68.6339089759138 -140.055726963242,68.6338139762434 -140.056297962712,68.6338139763822 -140.056963963248,68.6337179761531 -140.057630964137,68.6335279763691 -140.058296962724,68.6334329760849 -140.058867962643,68.6334329768296 -140.060009962814,68.6333379770902 -140.060580964792,68.6332419768683 -140.061056964139,68.6330519772223 -140.061627963519,68.6329569771409 -140.062293964151,68.6328619774758 -140.062864963308,68.6327669776622 -140.063340964354,68.6325759768319 -140.063911963693,68.6324809773008 -140.064482964692,68.6322909776208 -140.064958964299,68.6321319779866 -140.065149965367,68.6320999778161 -140.065815964957,68.6320999777192 -140.066386965436,68.632004977575 -140.06686296462,68.6318149783505 -140.067433963773,68.6317199777828 -140.068004965052,68.6315289781319 -140.068575964798,68.6313389781337 -140.069146965506,68.631148977926 -140.069812967003,68.6309579784655 -140.070383964986,68.6307679786548 -140.070954966521,68.6304819788459 -140.071526967352,68.6301969788667 -140.072001967089,68.6300059785194 -140.072573968376,68.6298159789235 -140.073048966516,68.629625978734 -140.074392966398,68.6292059792229 -140.074762966667,68.6289599791061 -140.07533396843,68.6286739788195 -140.075809967394,68.6283879794233 -140.076284968518,68.6280079792447 -140.076665969111,68.6276269796225 -140.077046969956,68.6271509800545 -140.077427969562,68.6266749795855 -140.077712970808,68.6261989794744 -140.078093972655,68.6258189795164 -140.079045972505,68.624675979684 -140.079520974846,68.6242959797523 -140.079901974121,68.623914980052 -140.080282974713,68.623438979929 -140.080758975267,68.6230579803964 -140.081139975683,68.6225829804149 -140.081519975331,68.6222019800971 -140.081995976001,68.6218209803171 -140.082471977539,68.6216309806549 -140.08285297817,68.6212499799765 -140.083613978498,68.6211549804574 -140.084089979027,68.6209649804071 -140.084565976867,68.6207739805077 -140.085041978821,68.6204889805525 -140.085517978117,68.6202979805714 -140.085993979334,68.6200129811051 -140.086469979417,68.6197269812382 -140.086577979878,68.6195779811933 -140.087082980209,68.6194099811289 -140.08775998034,68.6189019816046 -140.088266980834,68.618732980832 -140.088774981592,68.6185639814392 -140.089451981397,68.6183949813723 -140.08995898196,68.6182249810625 -140.090466981191,68.6180559820259 -140.09097498214,68.6178869812065 -140.093004980827,68.6173789817654 -140.093512981849,68.6172099825082 -140.094019983351,68.6168719820726 -140.094527981503,68.6167029822553 -140.095034983087,68.6167029825341 -140.095542983374,68.6165329822736 -140.096050983232,68.6163639826678 -140.096557983077,68.6160259821994 -140.097065983794,68.6160259824392 -140.097573983739,68.6158569824 -140.098080983129,68.6156869824745 -140.098588983937,68.6156869832179 -140.099603984741,68.6155179826748 -140.100111984236,68.6155179830694 -140.100618984119,68.6155179827365 -140.101126984343,68.6155179835075 -140.101634982635,68.6155179834067 -140.102141982846,68.6155179832926 -140.1026499838,68.615517983009 -140.103156982808,68.6155179838363 -140.103664984492,68.6155179839292 -140.10417298231,68.6155179837095 -140.104679983089,68.6156869842557 -140.105187983679,68.6156869837068 -140.106304983347,68.6161339840456 -140.106543983305,68.616133984254 -140.10717098187,68.6161339847118 -140.107797983501,68.616133984401 -140.108354982173,68.6161339849138 -140.108981982601,68.6161339842814 -140.109538982004,68.6161339843729 -140.110095982539,68.6161339847147 -140.111418982235,68.616133985442 -140.112045982846,68.6160649849401 -140.112602981114,68.6159249851802 -140.113159983053,68.6158559852664 -140.113647982849,68.6156469855964 -140.114134982153,68.6155069855716 -140.114622982923,68.6153679855664 -140.115109983939,68.6151589859675 -140.1155979826,68.6149499856923 -140.116293984521,68.614601985617 -140.116781985647,68.6143229861647 -140.117338983352,68.6142539864418 -140.117895985471,68.6142539863898 -140.118452984875,68.6141839861181 -140.119009983697,68.6141139867874 -140.119566984434,68.6141139867801 -140.120054983854,68.6139749867725 -140.120611985567,68.6139749869191 -140.121307982787,68.6139749869185 -140.121865984379,68.613974986874 -140.122422982557,68.6139749870461 -140.122563984759,68.6139949867381 -140.122954985171,68.6139949870697 -140.123461983327,68.6139949872516 -140.124138982439,68.6139949873055 -140.124307982713,68.613994987307 -140.124646983942,68.6139949879684 -140.125153984365,68.6139949873342 -140.125661985068,68.6139949876678 -140.126169985371,68.6139949878352 -140.126676984193,68.6139949879792 -140.127184983697,68.6139949878172 -140.127691983252,68.613994988343 -140.128199983489,68.6139949885572 -140.129891982859,68.6139949883371 -140.130568983815,68.6138259883719 -140.131076983078,68.6138259889228 -140.1315839828,68.6138259889179 -140.132091983197,68.6138259885799 -140.132598983652,68.6138259889567 -140.133275983798,68.6136569893243 -140.133783983576,68.6134879886575 -140.134291983981,68.6133179888174 -140.134967984516,68.613148989691 -140.135475985128,68.6131489894041 -140.135983983408,68.6131489895106 -140.136490983708,68.613148989794 -140.136998984655,68.6131489897169 -140.137505984157,68.6131489896765 -140.138013982372,68.6131489898297 -140.138521983654,68.6131489899626 -140.139198983327,68.6131489896223 -140.139705984298,68.6131489898672 -140.140213983983,68.6131489902935 -140.140720984156,68.6131489902146 -140.141228984142,68.6129799902061 -140.141735984948,68.6129799906546 -140.149519983415,68.6126419920529 -140.150027983262,68.6126419915654 -140.150534983219,68.612641991892 -140.151042983803,68.6126419917804 -140.151549984496,68.6126419924886 -140.152057984283,68.6126419920475 -140.152565982542,68.6124719925341 -140.153241982354,68.6124719925195 -140.153749982808,68.6123029926167 -140.15425798383,68.6123029927393 -140.154764983444,68.6123029929944 -140.155087984505,68.6123029928691 -140.155432984355,68.6122339927059 -140.156059984076,68.6120949927852 -140.156547983289,68.6118859928853 -140.157034984958,68.6116769929856 -140.157522983731,68.6114679934409 -140.158009983443,68.6112589931963 -140.158566984891,68.6110499936777 -140.159124983991,68.6109109934084 -140.159681985822,68.6108409933386 -140.160238985182,68.6108409932416 -140.160795985677,68.6108409933943 -140.161491985164,68.6108409940958 -140.163302983349,68.6108409941937 -140.163929985261,68.6108409942416 -140.164486985329,68.6109109943703 -140.165043985002,68.610910994756 -140.165670985218,68.6109109943698 -140.166227983697,68.6109109948931 -140.166854984253,68.6109109948901 -140.16741198475,68.6109809945333 -140.167968984795,68.6109809954439 -140.168525983785,68.611049995356 -140.169013984557,68.6112589951678 -140.169570983163,68.6113289950779 -140.170127984369,68.6113979952989 -140.170614982833,68.6115379953755 -140.171102983805,68.6116769955905 -140.171381982109,68.6120949958955 -140.171589981637,68.6125819957142 -140.171520980981,68.6131389962219 -140.171450979682,68.6132609957548 -140.171450980718,68.6135569954888 -140.171450978568,68.6141139957874 -140.171381980194,68.6146719958446 -140.171381977797,68.6152979957903 -140.171381976621,68.6158559963118 -140.171520977138,68.6167609959907 -140.171868976058,68.6171789962278 -140.172356975921,68.617317996433 -140.172913974429,68.6173179963604 -140.173470975187,68.6172489964343 -140.173957975375,68.6169699968038 -140.174515976282,68.616621996147 -140.175002976897,68.6164129967685 -140.175559976334,68.6163429972194 -140.176116975648,68.6163429965656 -140.176673975701,68.6163429974269 -140.177231977097,68.6162729970693 -140.177788977307,68.6162039972763 -140.178275976127,68.6160649969709 -140.179181976381,68.6160649975786 -140.179738976072,68.6160649975592 -140.1802959769,68.6160649977897 -140.180852977331,68.6160649975649 -140.181479975143,68.6160649980024 -140.182036976315,68.616064997356 -140.182663976403,68.6160649976173 -140.183220975986,68.6160649983747 -140.183777975936,68.6161339978668 -140.184752975732,68.6161339987078 -140.185309976863,68.6161339987787 -140.185867976834,68.6161339984834 -140.186423974069,68.6161339986752 -140.187050975292,68.6160649989901 -140.187607974373,68.6160649989942 -140.188165974119,68.6159949989641 -140.188652976975,68.615855999039 -140.189140975841,68.6157159987505 -140.189627977003,68.6155769990403 -140.19025497642,68.6155069994679 -140.191368975453,68.6152289993411 -140.191925975447,68.6152289996733 -140.192552975968,68.6151589997922 -140.19310997508,68.6151589997027 -140.193736976213,68.6151590003078 -140.194293976068,68.6151589997965 -140.19485097513,68.6151590000952 -140.195407977262,68.6151590000833 -140.195965976264,68.6151590002095 -140.196522975072,68.6152290006331 -140.197427975752,68.6152290005672 -140.197984975198,68.615229000747 -140.198541975783,68.6152290011765 -140.199098975997,68.6151590006512 -140.199447974968,68.6151590007585 -140.200004975356,68.6152290009643 -140.200561975892,68.6152290009203 -140.201118975636,68.6152290016862 -140.201675976915,68.6152290014365 -140.202232974921,68.6152980015759 -140.202790975815,68.6152980016762 -140.203695976125,68.6152980020734 -140.204252975022,68.6154380023455 -140.20487997502,68.6154380023078 -140.205436975441,68.6155070016352 -140.205993975345,68.6155070018212 -140.206550974309,68.615647002481 -140.20717797485,68.6157160022242 -140.20766597534,68.6158560025418 -140.208222972958,68.6159250025767 -140.208848974136,68.6160650025776 -140.209336972591,68.6162040028004 -140.20989397247,68.6163430031637 -140.210868973319,68.6165520027094 -140.211425971953,68.6166220029907 -140.211982973379,68.6166910030391 -140.212609973114,68.6166910029498 -140.213166973065,68.6167610033016 -140.2137239718,68.6167610033459 -140.214281972476,68.6167610042761 -140.214838973504,68.6166910039876 -140.215395972502,68.616691004073 -140.215952971165,68.6166220040322 -140.216927972426,68.6165520038645 -140.21741597247,68.6164130039331 -140.217972971745,68.6162730042501 -140.218529972933,68.6161340048109 -140.218980973017,68.6160840042851 -140.219155972694,68.6160650043704 -140.219643972259,68.615925004511 -140.22013197306,68.6157160048382 -140.220618974627,68.6155070048099 -140.221106973461,68.6152980047819 -140.221593973486,68.6151590054103 -140.222150974198,68.6148800052229 -140.222638974014,68.6146720053722 -140.223125974157,68.6144630054113 -140.223613973696,68.6141840052321 -140.224100975472,68.6139750057258 -140.224657975902,68.6137660051782 -140.225145975793,68.6135570057113 -140.225702976414,68.6134880060871 -140.226189975598,68.6133480053666 -140.226747975146,68.6132090057377 -140.227374976979,68.6130000057628 -140.227791975815,68.6126520058306 -140.228209977137,68.6123730060972 -140.228627977969,68.6120950059298 -140.229114976889,68.6118160064268 -140.229602978822,68.6116070059833 -140.23015997834,68.6115380067261 -140.230716978478,68.6115380061563 -140.231970978562,68.6114680066329 -140.232527978572,68.6114680069389 -140.233014978541,68.6112590069471 -140.233502977644,68.6109810069383 -140.233989978936,68.6107020076136 -140.234547979916,68.6104230069352 -140.235104980434,68.610354007384 -140.235661978049,68.6103540073118 -140.236288979742,68.6103540074623 -140.236845979642,68.610354007672 -140.237332979446,68.6104930077946 -140.238307979522,68.610632008137 -140.238934979259,68.6107020081465 -140.238969979303,68.6107020081702 -140.239282976891,68.6109110078395 -140.239700977234,68.6112590077557 -140.240188977263,68.6114680085899 -140.240675977867,68.6116770084594 -140.241093977175,68.611955008746 -140.241581977345,68.6122340086025 -140.242207975798,68.6125820083519 -140.242764976541,68.6127220084954 -140.243089976431,68.6128840088939 -140.243108973969,68.612921008834 -140.246664974901,68.6136970094798 -140.247152973567,68.6139060096596 -140.247709973081,68.6141140093127 -140.248266973168,68.6141840096147 -140.248754972322,68.6143230095232 -140.249311973061,68.6143230103772 -140.2497989739,68.6144630102385 -140.250425973418,68.6145320103773 -140.250982971024,68.6146020103409 -140.251609972702,68.6146720103162 -140.252793971867,68.6149500104474 -140.253350971478,68.6150900111028 -140.253907970192,68.6151590109903 -140.254534970593,68.6152290112045 -140.255091971429,68.6152290106408 -140.255648969468,68.6152980111614 -140.256206969489,68.6153680112396 -140.256763970886,68.6155070112327 -140.257320970413,68.6155070117936 -140.257807970131,68.6156470115444 -140.258434970984,68.6157160115311 -140.258991970318,68.6157160118486 -140.260593969786,68.6157160125042 -140.261150969085,68.6157160119189 -140.261777970682,68.6157160124745 -140.262404970286,68.615647011941 -140.26303197044,68.615647012637 -140.263518970089,68.6155070121563 -140.264075970798,68.6154380124538 -140.264632969282,68.615298013075 -140.265189971561,68.6152290128489 -140.265816969554,68.6150900132582 -140.266443969632,68.6150200128703 -140.267070970293,68.6150200130364 -140.267696969528,68.6149500132818 -140.268254969382,68.6149500136083 -140.269298969472,68.6149500137101 -140.269856969687,68.6149500135798 -140.270413970321,68.6149500133676 -140.271039969117,68.6149500141753 -140.271597971229,68.6149500138624 -140.272154971255,68.6148800139607 -140.272711969838,68.6148110146228 -140.273268969898,68.6148110140317 -140.273825969174,68.614811014251 -140.274939969625,68.6148110147327 -140.275497969982,68.6148110145875 -140.276054968835,68.6148110149529 -140.276611970763,68.6148110150064 -140.277168970369,68.6148110151658 -140.277725969583,68.6148110148702 -140.278282969942,68.6148110148236 -140.278839969518,68.6148110155875 -140.279675970387,68.6148110156136 -140.280232968787,68.6148110158708 -140.280789970262,68.6148110158159 -140.281347970136,68.6148110161313 -140.281904968897,68.6148110157244 -140.282461970343,68.6148110162708 -140.283088969488,68.6148110160124 -140.28364596822,68.6148110159936 -140.284411969125,68.6149500157943 -140.284898967848,68.6150900166205 -140.285386969872,68.6152290165472 -140.285641969382,68.6155360166157 -140.286013968032,68.6155770170007 -140.286570967917,68.6155770162333 -140.28719796656,68.6155770168624 -140.287754967818,68.6157160172396 -140.289147966836,68.6158560171081 -140.28970496813,68.6158560173451 -140.290261966269,68.6159250176199 -140.290550966523,68.6159250171287 -140.29079796543,68.6159870174668 -140.291623966746,68.6163170174768 -140.292283966594,68.6164820175752 -140.292778965584,68.6168130184516 -140.29327496519,68.6171430176475 -140.293769966018,68.6174730183237 -140.294264964258,68.6178030185685 -140.294759962912,68.6179680181486 -140.295254964118,68.6181330186761 -140.295750962535,68.6184630187108 -140.29624596417,68.6186280187932 -140.296740963469,68.6187940185895 -140.298061961305,68.619289018948 -140.298556960356,68.6194540191464 -140.299216961873,68.6194540186302 -140.299712961606,68.6196190191071 -140.300372960696,68.6196190198412 -140.300867961205,68.6197840197081 -140.301362961189,68.6199490191146 -140.301858961199,68.6201140194764 -140.302353959202,68.620444020107 -140.3028489587,68.6206090198743 -140.303343958925,68.6209400198425 -140.303839958716,68.6212700206161 -140.304334957683,68.6214350205192 -140.305324957576,68.6224250203858 -140.305820955647,68.6229200207276 -140.306315955485,68.623416020258 -140.306810955181,68.6239110204696 -140.307305955234,68.6244060209632 -140.30763595314,68.6249010208253 -140.308131952426,68.6252320214 -140.308626953044,68.6253970209931 -140.309121952445,68.6257270215868 -140.309616951557,68.6258920213011 -140.310112950515,68.6262220215889 -140.310607951596,68.626387021564 -140.311102951201,68.6267170214768 -140.311597948739,68.6272120216722 -140.31209395044,68.6273770216571 -140.312588947694,68.6277080219762 -140.313083948539,68.6280380225633 -140.313413947365,68.62853302195 -140.313743946682,68.6290280226583 -140.314239946691,68.6295240230138 -140.314734945308,68.6300190227197 -140.315229945402,68.6303490228113 -140.315538944255,68.6305550225078 -140.315724944448,68.6306790231775 -140.316976943994,68.6316520234968 -140.317816942301,68.632493023633 -140.31829294137,68.6328730232026 -140.318863942198,68.633159023543 -140.319434940527,68.6333490231717 -140.319910940925,68.6335400237949 -140.320481939627,68.6337300236811 -140.320957940125,68.6339200237174 -140.321433940048,68.6341110234985 -140.321765940574,68.6342440240815 -140.321909940589,68.6343010240325 -140.322384939162,68.6345870238656 -140.322860940145,68.6348720242133 -140.322866938117,68.634876023932 -140.324098938804,68.6356340245658 -140.324574937317,68.635919024112 -140.325049937314,68.6361100245382 -140.325525936112,68.6363950248134 -140.326001935258,68.6365850247391 -140.326477935581,68.6367760251057 -140.326563936994,68.6368040252183 -140.327048935164,68.6369660246588 -140.327524934924,68.6371560257145 -140.327777935901,68.6372830250581 -140.328095933929,68.6374420253914 -140.328666933999,68.6376320253375 -140.32933293447,68.6378230260478 -140.329808932661,68.6380130254944 -140.331426932309,68.6382990258862 -140.331997932853,68.6383940256103 -140.332664931758,68.6384890261169 -140.333330932826,68.638489026152 -140.33390193268,68.6385840269654 -140.334157933098,68.6385840261784 -140.334472931516,68.6385840267033 -140.335043931973,68.6386790268277 -140.33561493116,68.6387740268038 -140.336185931031,68.6387740267467 -140.336852932434,68.6387740268217 -140.337423932678,68.6387740273486 -140.337994930709,68.6388700270501 -140.338470931793,68.6390600270663 -140.339041931312,68.6392500273876 -140.339517932572,68.6390600272161 -140.339897931677,68.638679027482 -140.34027893237,68.638299027691 -140.34075493315,68.6380130278666 -140.341706933744,68.6375370271942 -140.342277933636,68.6374420282892 -140.342943933313,68.637442028585 -140.34351493305,68.6374420284179 -140.344085932768,68.6373470279881 -140.344656932548,68.6373470281467 -140.345227934731,68.6372520282989 -140.345703934011,68.6369660286074 -140.346274933581,68.6369660291348 -140.346750933256,68.6367760287214 -140.347226935123,68.6365850285133 -140.347702934349,68.636395029172 -140.347750934815,68.6363590286304 -140.348463935113,68.6358240290272 -140.348749935979,68.6353480290022 -140.348844937145,68.6347770292685 -140.34893993726,68.6342060286408 -140.348939937989,68.6337820290689 -140.348939938351,68.6336350288713 -140.349320937858,68.6332540291728 -140.35017793868,68.6327780291926 -140.350748938111,68.6325880292133 -140.350829939241,68.6325880293433 -140.351319939528,68.6325880290003 -140.351890940169,68.6325880295117 -140.352461940421,68.6325880294818 -140.353032938356,68.6325880294728 -140.353603940913,68.6325880297678 -140.354174939612,68.63258802938 -140.354745939075,68.6325880304201 -140.355316938538,68.6325880296536 -140.355887938766,68.632588030315 -140.356458938605,68.6325880304353 -140.357029939598,68.632588030718 -140.357600940202,68.6325880304595 -140.358172938021,68.6325880306216 -140.358743937461,68.6325880305432 -140.359314938054,68.6325880306272 -140.3598859398,68.6325880308735 -140.360454938592,68.6324930305345 -140.360456939578,68.6324930307468 -140.361312939032,68.6324930305932 -140.36188493794,68.6325880314771 -140.362455937358,68.632588031185 -140.362888938224,68.6326600311229 -140.36298693726,68.6326760313166 -140.363026938884,68.632683031701 -140.363597937602,68.6327780313658 -140.363675937385,68.6328250313916 -140.364073938584,68.6330640317053 -140.36464493659,68.6330640316561 -140.365500937864,68.6330640320241 -140.366071936248,68.6330640319601 -140.366642937715,68.6330640314963 -140.367213936477,68.6330640323191 -140.367785936333,68.6330640323852 -140.36841293781,68.6330640326469 -140.368451936951,68.633064031964 -140.369022937633,68.6330640322666 -140.369576937872,68.6331330322609 -140.369878937959,68.633254032957 -140.370318936546,68.6335180324105 -140.370354935671,68.6335400326126 -140.370830935961,68.6339200331687 -140.37121193661,68.6343010328364 -140.371592934701,68.634682033227 -140.371972933801,68.6351580332421 -140.37244893395,68.6355380330053 -140.373305932097,68.6361100332015 -140.373781932124,68.6364900331296 -140.374257933015,68.6366810337129 -140.374733932716,68.6368710337939 -140.375208932069,68.6372520336694 -140.375684932111,68.637442034005 -140.376160930432,68.6376320345216 -140.37663692894,68.6378230340707 -140.377207930232,68.6379180340274 -140.377269930147,68.6379430343701 -140.37768392961,68.6381080339072 -140.378254928325,68.6382030344055 -140.379872930381,68.6382990349641 -140.38001792877,68.6382990350949 -140.38053892891,68.6382990351981 -140.381110930085,68.6382990347796 -140.381681929547,68.6383940352081 -140.382252930123,68.6383940352601 -140.382823928383,68.6383940353337 -140.383394928398,68.6384890350964 -140.383965927759,68.6384890353543 -140.384536927995,68.6385840356952 -140.385107928895,68.6386790353272 -140.385678929301,68.6386790357911 -140.38624992932,68.6386790357144 -140.386820928566,68.6386790363626 -140.387391928036,68.638774035913 -140.388248926552,68.6388700361296 -140.388724928079,68.6390600367098 -140.38929592713,68.6390600368407 -140.389866927336,68.6390600371343 -140.390437927485,68.6391550363601 -140.391008928793,68.6391550368381 -140.391674926364,68.6391550366238 -140.392245926513,68.6391550369857 -140.392817926082,68.639155037015 -140.393388928213,68.6392500372843 -140.394244926183,68.6395360378151 -140.394720927454,68.6397260376659 -140.395196925827,68.6399170376685 -140.395672924906,68.6402970377433 -140.396148925396,68.6405830374813 -140.396624923696,68.6408680377179 -140.39710092478,68.6410590376633 -140.398242923469,68.6413440380922 -140.398718923677,68.6416300383018 -140.399193924084,68.6418200384759 -140.399669923086,68.6421060387186 -140.400145921679,68.6423910389023 -140.400526920581,68.6427720385877 -140.401002920918,68.6431530387186 -140.401478921403,68.6434380388433 -140.401954919212,68.64381903893 -140.402430920704,68.6440090389064 -140.403001920111,68.6441050388268 -140.403572920024,68.6441050389365 -140.404143920532,68.6440090395168 -140.404714920545,68.6438190394156 -140.405190919908,68.6436290392295 -140.405761921453,68.6434380395769 -140.406237921552,68.6432480396456 -140.406713921037,68.6428670401179 -140.407188921292,68.6425820403086 -140.407664921272,68.6422960395887 -140.408140921476,68.6420100397566 -140.408616923213,68.6417250402142 -140.409378922346,68.6414390401777 -140.409853922909,68.6412490405553 -140.410329922777,68.6410590399659 -140.410805923735,68.640868040295 -140.411281923163,68.6406780407728 -140.411757923538,68.6404880408704 -140.41223392533,68.6402970406191 -140.412709924895,68.6399170402678 -140.413185924366,68.63972604041 -140.413565925379,68.6393460412078 -140.413946924965,68.6389650413085 -140.414422926175,68.6387740414342 -140.414803926623,68.6383940412901 -140.41518492735,68.6379180413947 -140.415659926914,68.6375370412924 -140.416611929082,68.6366810409158 -140.41708792863,68.6363000414692 -140.41756392849,68.635919041593 -140.417623928975,68.6358710419179 -140.418537931396,68.6345660418083 -140.419725935425,68.6320570415932 -140.420386936003,68.6303400419972 -140.420914940175,68.6287550418163 -140.422895940075,68.6282260422723 -140.425669939042,68.6279620425314 -140.428310940412,68.6276980429151 -140.431183939437,68.6281770431626 -140.431839940612,68.6279240436431 -140.432506939139,68.6278290440073 -140.433172939431,68.6278290437805 -140.433743939314,68.6278290441782 -140.434410939332,68.6278290438629 -140.434981938063,68.6278290441397 -140.43555293988,68.6278290440153 -140.436123939386,68.6278290439124 -140.436694938124,68.6278290445339 -140.437265939949,68.627829044754 -140.437563938674,68.6277790451193 -140.437646938246,68.6278290450558 -140.439359939498,68.6278290451794 -140.439930938673,68.6277340446365 -140.440596938295,68.6277340452716 -140.441167939574,68.6276390450038 -140.441833938879,68.6276390450098 -140.442404939546,68.6275430455725 -140.442976938929,68.6275430457921 -140.443547939752,68.6274480455284 -140.444213938012,68.6274480458891 -140.444784937749,68.6274480456562 -140.445355939576,68.6273530458287 -140.445926938043,68.6272580461353 -140.446497938667,68.6272580458238 -140.447068938523,68.6272580462367 -140.449543939184,68.6271630471803 -140.450114937568,68.6271630469532 -140.450685937998,68.6272580465619 -140.451256938711,68.6273530467281 -140.451827938156,68.6273530467057 -140.452398939102,68.627448047451 -140.452969937245,68.6275430473482 -140.453540936923,68.6276390478097 -140.45401693656,68.6278290474679 -140.454492937463,68.6281150474518 -140.454968937118,68.6283050481268 -140.4554449355,68.6285900481434 -140.45592093576,68.6289710483852 -140.456301936557,68.6294470481511 -140.457443934412,68.6304940484537 -140.457823931689,68.6308750483029 -140.458204933282,68.6312550484525 -140.458775931463,68.63154104863 -140.459346930582,68.6318260488723 -140.459917930103,68.6320170490493 -140.460488930284,68.6320170492133 -140.461059930083,68.6320170488365 -140.461631932097,68.6320170491507 -140.462202930748,68.6320170489545 -140.462677930986,68.6318260497908 -140.463249930559,68.6316360491764 -140.46391593177,68.6315410490092 -140.464391931583,68.6313500496472 -140.464962932289,68.6310650495789 -140.465438931994,68.6307800496429 -140.467437932137,68.6297330500461 -140.468007934479,68.6294470499561 -140.468483933109,68.6291610504127 -140.468959934246,68.6288760504904 -140.469340936522,68.6284950503328 -140.469911936158,68.6283050507659 -140.47038793553,68.6279240507789 -140.470958936669,68.6276390509526 -140.471529936618,68.6274480503947 -140.472005937489,68.6272580509037 -140.47248193584,68.6270680508898 -140.472957936967,68.6267820512326 -140.473528937429,68.6265920510228 -140.474099938315,68.6264010512727 -140.474575938199,68.6262110511356 -140.475241938362,68.6260210513793 -140.477430939743,68.6252590518027 -140.478001939291,68.6249740518061 -140.4785729409,68.6245930519577 -140.478608939298,68.6245580518677 -140.478953939754,68.6242120519429 -140.479334941939,68.6238310519446 -140.47981094219,68.6234510519712 -140.480095942106,68.6229750522293 -140.480476942398,68.6225940517568 -140.48085794217,68.6222130524274 -140.481142943678,68.6216420524389 -140.481523943283,68.6211660519743 -140.481808945444,68.6205950522113 -140.48199994499,68.6201200520518 -140.482189947492,68.6196440523857 -140.482379947235,68.6190730519064 -140.482855947117,68.6182160520595 -140.483141949528,68.61774005244 -140.483617948191,68.6174550526571 -140.484093948452,68.6171690525937 -140.484569948822,68.6169790524646 -140.485044950248,68.6167880529172 -140.48552095141,68.6165030528992 -140.486091949756,68.6163120528299 -140.486567950498,68.6161220533905 -140.487043951665,68.6158360526605 -140.487614950803,68.6155510526576 -140.489042953469,68.6143140535023 -140.489423953525,68.6139330533044 -140.489899954952,68.613457053541 -140.490279955163,68.6128860532333 -140.4907559544,68.6126000537881 -140.491421953769,68.6124100534873 -140.491992954368,68.6124100540103 -140.492564954822,68.6124100543487 -140.493135954659,68.6124100537837 -140.493705955042,68.6124100542931 -140.495228954623,68.6122200543374 -140.495704954366,68.6120290544649 -140.496180954867,68.6117440547408 -140.496656956112,68.6115530547438 -140.497227955661,68.6113630549112 -140.49770395569,68.6111730543715 -140.498179956647,68.6109820547946 -140.498655958176,68.6107920547494 -140.499226957958,68.6106970551588 -140.499702957126,68.6105070545709 -140.500273957451,68.610411055314 -140.500844957978,68.6103160549816 -140.501415956696,68.6102210554843 -140.503128956887,68.6102210557417 -140.503604956578,68.6104110556103 -140.50367995604,68.6104410558776 -140.503890957349,68.6104110558562 -140.50455695664,68.6104110561066 -140.505222956686,68.610316056198 -140.505888956522,68.6101260563263 -140.506555957534,68.6099350566291 -140.507031956537,68.6097450564663 -140.507507958034,68.60955505662 -140.509220959192,68.6089840569084 -140.50979195864,68.6086980568664 -140.510267959203,68.6085080565631 -140.510838959818,68.6083170569971 -140.511409960246,68.6082220570071 -140.512075959919,68.608032057208 -140.51264695987,68.6079370568682 -140.513122960247,68.6076510567721 -140.513598960464,68.6072700577021 -140.514074962035,68.6069850573855 -140.514645960434,68.6068900574272 -140.515121961239,68.6066990572199 -140.5156929618,68.6064140574702 -140.516168961431,68.6062230574489 -140.5178819615,68.6058430576188 -140.518547960748,68.6058430579995 -140.519309961797,68.6058430583322 -140.519975962038,68.6057480580526 -140.520641962613,68.60565205816 -140.521212963562,68.6055570586381 -140.521783963084,68.6054620586845 -140.522354962723,68.6053670590015 -140.522925960936,68.6052720588868 -140.523496961029,68.6050810590222 -140.524067962586,68.6049860589956 -140.524639962124,68.6047960592525 -140.525115963473,68.6046050593583 -140.525686963064,68.6043200590948 -140.526161963348,68.604129059214 -140.529303965856,68.6026070596181 -140.529873964689,68.6024160602906 -140.530445966273,68.6021310604462 -140.531016967439,68.6017500603398 -140.531682966506,68.601464060017 -140.532158968166,68.6011790604683 -140.532729966402,68.6009890606166 -140.533300967995,68.6007980607176 -140.533871966691,68.6007030607978 -140.534442967428,68.6006080605841 -140.535203968013,68.6005130613931 -140.535775967974,68.6004180612351 -140.536536966846,68.6003220613256 -140.537107968073,68.6002270616856 -140.537678968195,68.6000370615955 -140.538154968802,68.599847061751 -140.538820968986,68.5995610620011 -140.539486970275,68.5992750614999 -140.53996296979,68.598990061444 -140.540438969771,68.5988000622528 -140.54100996991,68.5986090616206 -140.541485969102,68.5984190619661 -140.542056970341,68.5981330618499 -140.542289970647,68.5980400619327 -140.542289970546,68.5978580625633 -140.54204397126,68.5974890617433 -140.542458971537,68.597351061671 -140.542966971748,68.597182061776 -140.543473971397,68.5971820626075 -140.543981970649,68.597182062085 -140.544489971068,68.5971820620984 -140.545165972555,68.5971820623782 -140.54567397184,68.5971820628516 -140.546181970748,68.5971820631587 -140.546688971975,68.5970120629059 -140.547196971923,68.5970120624573 -140.547704971116,68.5970120631086 -140.548211972258,68.5970120629805 -140.548719970696,68.5970120633021 -140.549226971082,68.59701206285 -140.54973497031,68.5970120635441 -140.550242971082,68.5970120635079 -140.553118971824,68.5970120637596 -140.553626971499,68.5970120637469 -140.554133969279,68.5970120641159 -140.554641971666,68.5970120639114 -140.555149971754,68.5970120641049 -140.555656969947,68.5970120646885 -140.556164969281,68.5970120645524 -140.556671970187,68.5970120649498 -140.557348970613,68.5970120645251 -140.557856971905,68.5970120648206 -140.558364969354,68.5970120648123 -140.559040969844,68.5970120650695 -140.55954897155,68.5970120650948 -140.560056970399,68.597182065368 -140.560563969953,68.5971820655068 -140.561071968733,68.5971820654628 -140.561378969442,68.5971820651726 -140.561578970999,68.5971820654154 -140.562086969748,68.5973510656999 -140.562594969048,68.5973510657245 -140.563101969286,68.5975200659133 -140.56377896955,68.5975200663754 -140.564286968228,68.5976890657904 -140.564793970198,68.5978580661247 -140.565301968672,68.598028066275 -140.56716296797,68.5985350668254 -140.567670968003,68.5988730668319 -140.568177967452,68.5990430670298 -140.568685967585,68.5990430670714 -140.569193967204,68.5992120665638 -140.56970096617,68.5995500674391 -140.570208967034,68.599550067275 -140.570716966305,68.5998890670975 -140.571223966448,68.600058067574 -140.571731966142,68.6002270674481 -140.572238964909,68.6005660673271 -140.572746963839,68.6009040675196 -140.573254962507,68.6010730679014 -140.573761962159,68.6015810678613 -140.575961960732,68.6037800683993 -140.576299958505,68.6042880687917 -140.576807958264,68.6047960685059 -140.577145957963,68.6053030692253 -140.577653957417,68.6058110685568 -140.577991956402,68.6063190684968 -140.578330955551,68.6068260690988 -140.578499955943,68.607334068829 -140.579007952678,68.6078420691852 -140.579345953113,68.6083490697934 -140.579853952771,68.6090260692408 -140.580022952374,68.6095330695035 -140.580360950647,68.610041069955 -140.580699949125,68.6105490695814 -140.580868949968,68.6110560701268 -140.581037948707,68.6115640698074 -140.58137694835,68.6120720702234 -140.581714948187,68.6125790703032 -140.582052947932,68.6132560698975 -140.582391945946,68.6137640703612 -140.583068944072,68.6154560705033 -140.58323794243,68.6159630706978 -140.583406942253,68.6164710701496 -140.583575941535,68.6169790709225 -140.583575939716,68.6174860704056 -140.583744940478,68.6179940710215 -140.583882940051,68.6185440702975 -140.583882940175,68.6185540705369 -140.583882938398,68.6191250709305 -140.583882937909,68.6196970707958 -140.583882935756,68.6202680704869 -140.583882936697,68.6208390705975 -140.583977934976,68.6214100710992 -140.58416793488,68.6218860711708 -140.58426393335,68.6225520707925 -140.584358934159,68.6232180710064 -140.584548933974,68.6236940710546 -140.584739931263,68.62417007092 -140.585024930207,68.6247410711998 -140.585214929858,68.6252170711964 -140.585500928998,68.6256930717318 -140.585881929199,68.6260730716116 -140.587023927205,68.6274060715104 -140.587499925644,68.6277870714399 -140.587879926271,68.6281670719619 -140.588450925242,68.6284530721177 -140.589117925976,68.6285480723292 -140.589783923713,68.6285480721546 -140.590449924927,68.628643071822 -140.591211925248,68.6286430720098 -140.591782925014,68.6287380723819 -140.592448925017,68.6287380724988 -140.593019925276,68.6287380727232 -140.593590925161,68.6287380724066 -140.594256924833,68.6287380728817 -140.594827925138,68.6287380731502 -140.595399924062,68.6287380732297 -140.595970925163,68.6287380731146 -140.596541923967,68.6287380730231 -140.598539923679,68.62873807349 -140.599110925249,68.6287380737034 -140.599682924202,68.6288340740321 -140.600253923459,68.6288340742897 -140.600919924056,68.6288340737982 -140.601490924237,68.6289290743769 -140.602061924252,68.6289290739772 -140.602727923311,68.6289290749733 -140.603298923749,68.6289290751586 -140.603965924531,68.6289290745623 -140.604536923843,68.628929074628 -140.605107924329,68.6289290748542 -140.605678922517,68.6289290751042 -140.606344923219,68.6289290749825 -140.607010923172,68.6289290749346 -140.607677922925,68.628929075946 -140.608248922335,68.6289290757963 -140.609961921899,68.6293100761307 -140.61062792328,68.629310075821 -140.61119892217,68.6295000761524 -140.611769922079,68.6295950757164 -140.612340921405,68.6297850767881 -140.612911922795,68.6297850765284 -140.613577921647,68.6297850768798 -140.614149920952,68.6297850767521 -140.614720921586,68.6299760766825 -140.615291922184,68.6300710768058 -140.615862920706,68.6302610770525 -140.61652891924,68.6303560770318 -140.617099919477,68.6304520773948 -140.617575919368,68.6306420776508 -140.618146921084,68.6308320775478 -140.618717919945,68.6310230779356 -140.619288918967,68.6311180775354 -140.620716919306,68.6317840782228 -140.621192917241,68.6320700779928 -140.621477918252,68.6325460781275 -140.621668915394,68.6331170782778 -140.621858915107,68.6336880780284 -140.62204891409,68.634164078024 -140.62214491487,68.6347350786142 -140.622144912797,68.6353060779839 -140.622144911899,68.6358770783352 -140.62214491255,68.636448078402 -140.622144911278,68.6370190780477 -140.622048908488,68.638923078515 -140.622239906503,68.6393980785104 -140.622524906284,68.6398740788109 -140.622905906029,68.6403500788376 -140.623286905041,68.6407310787246 -140.623762905404,68.6409210788575 -140.624237905974,68.6411120786806 -140.624809905528,68.6412070792346 -140.62528490554,68.6413970791375 -140.625951905138,68.6414920790128 -140.626617904451,68.6416830792747 -140.630139903746,68.6417780804229 -140.630710903316,68.6417780804488 -140.631376903169,68.6417780802098 -140.63194790357,68.6418730810609 -140.632518903906,68.6418730804329 -140.633089904947,68.6419680806057 -140.633660902816,68.6420630812049 -140.6342319032,68.6421590807862 -140.634897904237,68.6422540809328 -140.635469903263,68.642254080961 -140.636040902779,68.6423490817035 -140.636611902971,68.6424440817428 -140.637182901916,68.6425390816438 -140.638324901561,68.6429200819426 -140.63837290087,68.6429200817708 -140.63861089999,68.6433960818736 -140.638705900068,68.6439670816223 -140.638610900732,68.6445380818976 -140.638610898806,68.6451090822603 -140.63851489956,68.6456800819368 -140.63841989799,68.6463460819204 -140.638229896607,68.646918081645 -140.638134895368,68.6475840820587 -140.637848893392,68.6480600818272 -140.637658893841,68.648536081499 -140.637372893087,68.6490120819252 -140.637848893769,68.6492970822315 -140.638514893729,68.6493920823046 -140.639181891768,68.649583081955 -140.639656891795,68.6497730820526 -140.640132891905,68.6499630818898 -140.640608892815,68.6502490825494 -140.641084890606,68.6505340822035 -140.641655892578,68.6507250827119 -140.642131890437,68.6509150829681 -140.6426078886,68.6512010827969 -140.643083890136,68.6514860831613 -140.644511890047,68.6521520833475 -140.644986887986,68.6524380832778 -140.645462888838,68.6526280836884 -140.645938887506,68.6529140831944 -140.646509888073,68.6531040834833 -140.646985885753,68.6534850837137 -140.647461886615,68.6536750832241 -140.647842885725,68.654056083912 -140.648318885319,68.6544370838 -140.648794883688,68.6547220840769 -140.649270884263,68.655103084099 -140.649650884913,68.6555790843016 -140.65098388278,68.6567210846049 -140.651173881966,68.6571970844528 -140.651554881901,68.6575780847878 -140.651935880569,68.6579580851002 -140.652315879405,68.6583390844932 -140.652696879392,68.6587200848059 -140.652981878999,68.6591960853477 -140.653077878521,68.6597670849437 -140.653077875947,68.6603380851466 -140.65317287602,68.6617650851128 -140.653362873056,68.6622410854761 -140.653648873786,68.6627170854704 -140.654028872313,68.6630980851816 -140.654504873663,68.6634780857914 -140.654980872632,68.6636690855844 -140.655361873191,68.6640500858206 -140.655837871032,68.6642400859603 -140.656313870646,68.6644300864321 -140.656789871807,68.6647160861331 -140.657360870486,68.6649060866096 -140.658978868867,68.6654770868986 -140.6595498689,68.6655720863944 -140.660025869514,68.6657630871241 -140.660501867826,68.6659530866049 -140.661072868225,68.6659530866192 -140.661643869833,68.6660480869806 -140.662214867901,68.6660480870494 -140.662785867148,68.6660480872811 -140.663356868572,68.6661440877388 -140.663927867437,68.6661440874599 -140.664498867482,68.6661440873439 -140.665069868707,68.6661440873908 -140.665640867634,68.666144087465 -140.666973868817,68.6664290881556 -140.66744986653,68.6666190880349 -140.667925866009,68.6669050879751 -140.668305866176,68.6673810882269 -140.668210865185,68.6679520888423 -140.668115865069,68.6685230879878 -140.667829863694,68.6689990883033 -140.667449864315,68.6693800883584 -140.667068862845,68.6697600881595 -140.666973861209,68.6705220881709 -140.667163861507,68.6709980884247 -140.667639860131,68.6713780885929 -140.668115861247,68.6715690883889 -140.66859185935,68.6717590882204 -140.669067859228,68.6719490883846 -140.670589857581,68.6735680884821 -140.67097085688,68.6739480892191 -140.671351857371,68.6743290890258 -140.671732855326,68.6747100895784 -140.672017855803,68.675185089672 -140.672493856196,68.6754710895911 -140.673254854261,68.6766130898638 -140.673540852243,68.6770890903023 -140.67392185134,68.6774700896278 -140.674397852694,68.6777550900953 -140.675158850609,68.6782310900637 -140.675729848969,68.6783260901476 -140.676205849752,68.6785170906419 -140.676586850161,68.678897090385 -140.678013848653,68.6798490901889 -140.678584848182,68.6799450911259 -140.679060846966,68.6801350911275 -140.679631847998,68.680230090802 -140.68020384729,68.6804200910097 -140.680774848032,68.6805160910842 -140.681345847246,68.6806110915912 -140.681916847018,68.6806110915321 -140.68248784688,68.6807060913682 -140.682963846287,68.6808960916937 -140.683534845963,68.6808960920206 -140.685342846201,68.6811820918773 -140.685913846987,68.681182092154 -140.686484845476,68.6811820924595 -140.687055847072,68.6811820923634 -140.687722846047,68.6810870923546 -140.688388846074,68.6809910928267 -140.688864846506,68.6808010922033 -140.689530845549,68.680706092723 -140.690101846205,68.6806110924973 -140.690577846777,68.6803250931585 -140.691053846431,68.6801350926689 -140.691624846452,68.6798490929399 -140.692195848715,68.6795640931021 -140.692671847584,68.6792780928952 -140.69324284839,68.6790880932776 -140.693813847799,68.6788970932799 -140.694289850063,68.6785170936766 -140.694860848729,68.6782310935906 -140.697239851674,68.6766130942029 -140.697715852208,68.6762320937411 -140.698191851805,68.6758520941042 -140.698477853247,68.6753760945191 -140.698858854034,68.6749000941923 -140.699333853449,68.6745190945006 -140.699809854108,68.6741380941339 -140.700190853958,68.6736630942152 -140.700666854541,68.6732820943474 -140.701142855558,68.6730920942293 -140.70199885573,68.6723300944996 -140.702379858272,68.6717590947822 -140.702855858307,68.6714740948619 -140.703331857759,68.6711880950852 -140.703807858711,68.670998094934 -140.704283859336,68.6708070949274 -140.704759859984,68.6705220952865 -140.70523485793,68.6703310952591 -140.705710859859,68.6700460954774 -140.706281858896,68.6699510949785 -140.7076148594,68.6695700951614 -140.708185858558,68.6694750956502 -140.708756860066,68.6694750954687 -140.709327860202,68.6693800958249 -140.709898858335,68.6693800958343 -140.710374861129,68.6691890961471 -140.710850861002,68.6689990959644 -140.711421860367,68.6687130966083 -140.711992861248,68.6684280964746 -140.712563862379,68.668142096059 -140.713039862421,68.6679520967544 -140.71313486248,68.6673810967626 -140.713420861867,68.6669050964808 -140.71351586379,68.6663340969784 -140.713515864212,68.6657630965152 -140.713610865928,68.6651920965184 -140.713800866973,68.6647160965969 -140.714752868059,68.6625270964191 -140.714752870671,68.6616700961754 -140.714657871347,68.6610990963087 -140.714562872702,68.6605280965343 -140.714562871481,68.6599570965148 -140.714372872423,68.6593860964274 -140.714181874846,68.6588150964537 -140.713991875794,68.6582440958465 -140.713800876185,68.6575780962292 -140.713610876808,68.656911095554 -140.713325876795,68.6562450958602 -140.713108878531,68.6557400957428 -140.712944877859,68.6556740957915 -140.712278879735,68.6555790957876 -140.71161187909,68.6554840958553 -140.711040877959,68.6554840953552 -140.710469878012,68.655484095017 -140.709898878754,68.6553880957404 -140.708090879627,68.6545320950227 -140.707519880669,68.6542460944124 -140.707043882576,68.6538650947698 -140.706757881288,68.6533900942762 -140.706567884679,68.6527230945593 -140.706377883818,68.6520570941061 -140.706186884331,68.6513910939326 -140.706186886333,68.6508200941756 -140.706186886412,68.6502490939965 -140.706186886121,68.6496780940958 -140.706662887785,68.6492970940508 -140.706852889048,68.648821094683 -140.707233888584,68.6482500942405 -140.70770989024,68.6476790948702 -140.708986890809,68.6472530950387 -140.711707890734,68.6463460954357 -140.712278890018,68.6463460951481 -140.712944890777,68.6461560954296 -140.713515891684,68.6458710950704 -140.714181892031,68.6455850952461 -140.714752891332,68.6453000953586 -140.715323892665,68.6452040955302 -140.715894891681,68.645014095573 -140.716465892741,68.6449190957936 -140.717132892841,68.6447280962729 -140.717608894301,68.6445380960292 -140.718179892258,68.6443480961404 -140.718940892746,68.6440620962458 -140.719702894777,68.6438720961954 -140.720177894069,68.6436810960239 -140.720939893567,68.6434910964061 -140.721415894878,68.6433010971319 -140.722081894281,68.6432050967062 -140.722557895951,68.6430150967615 -140.723033896659,68.6428250969879 -140.727601897316,68.6414920978336 -140.728268897172,68.64139709785 -140.728839896634,68.6413970984195 -140.729505897192,68.641302097727 -140.730076896761,68.6413020983172 -140.730742895329,68.6413020982446 -140.73131389644,68.6411120979432 -140.731884896877,68.6410160989339 -140.732455896755,68.6409210983438 -140.733217897075,68.6408260988773 -140.733883896311,68.640731099109 -140.734549898405,68.6406360990916 -140.735025897917,68.640445098583 -140.73569289751,68.6402550987029 -140.736263897998,68.6400650993244 -140.736929897758,68.6399700990072 -140.737500897779,68.6398740998132 -140.73902389882,68.6394941001173 -140.739028899064,68.6394920997555 -140.739499899634,68.6393030996984 -140.740070899946,68.6391131000089 -140.74054689926,68.6388271000288 -140.740831901104,68.6383520999287 -140.741022900049,68.6378761003292 -140.741022900655,68.6373050996564 -140.740831901716,68.6368290999437 -140.740451904012,68.6364480998246 -140.740070902895,68.6360671002112 -140.739594902421,68.6357820998659 -140.739118903206,68.6354960994485 -140.738642904089,68.6351150992401 -140.738166906105,68.634640099482 -140.73759590627,68.6342590991071 -140.737214905539,68.6338780993879 -140.736834906982,68.6334020983795 -140.736548908067,68.6322600987528 -140.736643909146,68.6316890992045 -140.737119910337,68.6312130993179 -140.737690910574,68.6308320985035 -140.738261909913,68.6306420991863 -140.73892891019,68.6305470988169 -140.739499909953,68.6304520990063 -140.739610911137,68.6304360990237 -140.739689910816,68.6303560993796 -140.740070911957,68.6299760993052 -140.74054691217,68.6296900991031 -140.741117911767,68.6294050993151 -140.743782913662,68.6285481002179 -140.744353913191,68.6281670996885 -140.744829913328,68.6278820997011 -140.745305913666,68.6276911000935 -140.745780913603,68.6275011005944 -140.746352915387,68.6272161004984 -140.747018915909,68.6268351007733 -140.747589916413,68.6266451005442 -140.748065915477,68.62645410045 -140.748541914749,68.6262641006873 -140.74911291661,68.6260731007184 -140.749588916664,68.6258831011775 -140.749968916212,68.6258831013894 -140.750539916552,68.625883101383 -140.751111916952,68.6258831010257 -140.75168291619,68.6258831012008 -140.752253916613,68.6258831015353 -140.752824915632,68.625788101645 -140.753395914613,68.625788101598 -140.75548991575,68.6257881019947 -140.756060915634,68.6257881025115 -140.75663191515,68.6257881024874 -140.757202915215,68.6256931023147 -140.757773917297,68.6255971023767 -140.758344916061,68.6255021020353 -140.758915916516,68.6254071026599 -140.759391914825,68.6252171027165 -140.759962915957,68.6251221023134 -140.761485916864,68.6246461027879 -140.762151917065,68.6245511028155 -140.762722916664,68.6243601034986 -140.763293917933,68.6242651032093 -140.76396091629,68.6241701035723 -140.764435917848,68.6239801029983 -140.765006918577,68.6237891037922 -140.765578917493,68.623599103783 -140.766053917766,68.623408103885 -140.766625917234,68.623313103785 -140.767196918069,68.6232181045435 -140.76776791941,68.623123104301 -140.768243919935,68.6229331040673 -140.768718918712,68.6227421044366 -140.76929091939,68.6225521044602 -140.771383920731,68.6216951043807 -140.771859920779,68.6215051049227 -140.772430919832,68.621410105064 -140.772906920713,68.6212191044359 -140.77338292092,68.62102910472 -140.77385892017,68.6208391051726 -140.774429921049,68.6207431054496 -140.774905921416,68.6205531054757 -140.775476921719,68.6203631057402 -140.775952922461,68.6201721052383 -140.776523922394,68.6200771054412 -140.777094922467,68.6199821059091 -140.77757092146,68.6197921055666 -140.778236921658,68.6196971055876 -140.778807922814,68.6196011062073 -140.780521920996,68.6195061061588 -140.781092920694,68.6195061061724 -140.781663921718,68.6194111067107 -140.782234923449,68.6194111064751 -140.782805922897,68.6194111062647 -140.783376921614,68.6194111067796 -140.784042921019,68.619411106944 -140.784613922156,68.6192211070928 -140.785184921835,68.6192211072162 -140.785755922701,68.6192211074982 -140.786326923202,68.619221107239 -140.786898921569,68.6192211069966 -140.787469921531,68.6191251073849 -140.788039922742,68.6190301075367 -140.788877922295,68.6189051075682 -140.789943921611,68.6187451081015 -140.790514922578,68.6187451084809 -140.791085923036,68.6186501079667 -140.791656922567,68.6186501079632 -140.792228923411,68.6186501080802 -140.792513922748,68.6186501077814 -140.792799921846,68.6186501082575 -140.793084920819,68.6186501083229 -140.79337092147,68.6186501085933 -140.793941921758,68.6187451083405 -140.794512922364,68.6188401086524 -140.795083921575,68.6188401084977 -140.795654921974,68.6188401085014 -140.796225921644,68.6188401092304 -140.797843922159,68.6189351088982 -140.798509922716,68.6189351093319 -140.799080922091,68.6189351098875 -140.799588922765,68.6189351095136 -140.799651921103,68.6189351099017 -140.800318921848,68.6188401098085 -140.800889920977,68.6188401098359 -140.80136592052,68.6186501098582 -140.802031921856,68.6186501097834 -140.802507921769,68.618459109695 -140.803078923351,68.6183641103858 -140.803649920941,68.6183641103726 -140.804220921638,68.6183641099512 -140.804791921605,68.6183641102549 -140.805362922037,68.6182691111183 -140.806790921905,68.6178881111457 -140.807274922403,68.6178071107988 -140.807361922479,68.6177931114073 -140.807361922705,68.6176981113439 -140.80717192305,68.6172221104021 -140.806980924944,68.6166511106007 -140.80698092836,68.6137001104421 -140.807171928564,68.6132241101601 -140.807361927894,68.6127481106473 -140.807551930298,68.6122731107217 -140.807742929849,68.6117971105516 -140.807932930503,68.611321110587 -140.808313931456,68.610940110956 -140.808693932114,68.6104641112746 -140.80888493401,68.6099881107282 -140.809455935325,68.6085611107903 -140.809550935582,68.6079901112642 -140.809836935648,68.607514110687 -140.809931936224,68.6069431109578 -140.809931938504,68.6062761106432 -140.8099319375,68.6057051108064 -140.809931938049,68.6051341106877 -140.809740940699,68.6045631110837 -140.808408941665,68.6038971106619 -140.807837940503,68.6038021103806 -140.807266941576,68.6037071100966 -140.80669594281,68.603611110279 -140.806124940882,68.6036111101789 -140.805553942059,68.6036111096692 -140.80488694262,68.6036111101393 -140.804315942705,68.6036111095072 -140.803649943225,68.6036111097938 -140.803078942218,68.6036111090424 -140.801365942121,68.6030401088375 -140.801365944855,68.6024691092275 -140.801365945673,68.6018981092033 -140.801650944219,68.6014221088195 -140.80193694533,68.6008511090943 -140.802316946444,68.6004701090808 -140.802888946988,68.5998991097137 -140.803268947983,68.5994241089843 -140.803649947171,68.599043109254 -140.80403094932,68.5985671092106 -140.804125949077,68.5979961092128 -140.805172953826,68.5959021095036 -140.805648950849,68.595712109475 -140.80612495372,68.5955211097567 -140.806599951577,68.5953311096111 -140.807171954164,68.5948551095554 -140.807742954688,68.594569109698 -140.808218953684,68.5942841101504 -140.808693954085,68.593903109932 -140.809169955484,68.5935221098239 -140.809740955476,68.5933321101368 -140.810311955184,68.5930471105147 -140.810883957044,68.5927611104976 -140.811454956296,68.5924751102283 -140.811930956639,68.592285110361 -140.812405956723,68.591904110785 -140.813643959796,68.5902861109052 -140.813738959477,68.5897151105911 -140.81373895978,68.5891441108023 -140.813547960931,68.588573110652 -140.813262961406,68.5880971103951 -140.81297696165,68.5876211105952 -140.812500963005,68.5872411106012 -140.812120962945,68.5868601105019 -140.811739965375,68.5864791101794 -140.810978965774,68.5852421103616 -140.811358965954,68.5848611100886 -140.811739966299,68.5844801102296 -140.812310965911,68.5842901100683 -140.812881968225,68.584005110456 -140.813452966602,68.583719110297 -140.814119968454,68.583529110562 -140.814880968034,68.5833381107064 -140.815641969195,68.5831481107486 -140.816212968097,68.5830531110418 -140.8168799686,68.5829581114216 -140.817545969241,68.5828621114213 -140.818116969455,68.5828621107788 -140.818687968772,68.5826721107913 -140.819353968561,68.582577111746 -140.819924969495,68.5823871115697 -140.820686969393,68.5821961113142 -140.821257969772,68.5821961122077 -140.823827970151,68.5815301123473 -140.824303970842,68.581340112475 -140.824779971588,68.5811491120358 -140.825350971573,68.5811491124104 -140.826016970096,68.5809591125626 -140.826682969684,68.580769112507 -140.827158971531,68.5805781124106 -140.827729972337,68.5804831128914 -140.828300970255,68.5802931129669 -140.828871971573,68.5801021127518 -140.829442972435,68.5798171124797 -140.830013972068,68.5797221128935 -140.830584972505,68.5795311130452 -140.831060972953,68.5793411130805 -140.831727972132,68.5791501136279 -140.832202972589,68.5789601131799 -140.832774973575,68.5787701136522 -140.833345974247,68.5786751136563 -140.833916972821,68.578484113494 -140.834677972536,68.5783891137513 -140.835248974079,68.5782941140396 -140.835914974575,68.5781991140739 -140.836390974329,68.5780081145311 -140.839436974563,68.5773421143618 -140.839912975366,68.5770561147338 -140.840388976103,68.5766761150333 -140.840769974676,68.5762951148867 -140.841340975827,68.5760101151247 -140.841911976087,68.575914115162 -140.842577976672,68.5757241148221 -140.843243977626,68.5756291151788 -140.84381497676,68.575438115831 -140.844385977745,68.5753431152976 -140.844956976961,68.5752481155915 -140.845527978237,68.5751531155782 -140.846099976607,68.5751531154336 -140.846765976683,68.5751531163995 -140.847336977564,68.5751531158976 -140.851333978464,68.5749631168032 -140.851999976704,68.574963117102 -140.852571976656,68.5750581168031 -140.85314297707,68.5751531167375 -140.85380897685,68.5751531172442 -140.854474977821,68.5751531172531 -140.855140975479,68.5752481177632 -140.855807975957,68.5752481175201 -140.856378977715,68.5752481177353 -140.856949976734,68.575343117547 -140.857520976199,68.575343117808 -140.858091975521,68.5754381182059 -140.858360975845,68.5754831179507 -140.858472976026,68.5754381183754 -140.858948975963,68.5752481178379 -140.859519975907,68.575153117752 -140.860185976113,68.5749631181046 -140.86066197703,68.5746771182299 -140.861327976662,68.5744871181103 -140.861803975671,68.5742961186114 -140.862279976731,68.5740111190596 -140.862755978217,68.5738211188835 -140.863135978258,68.5734401183501 -140.864563980775,68.5721071190317 -140.864944981196,68.571631118908 -140.865325980592,68.5712511187073 -140.865705980705,68.5708701193116 -140.866181980924,68.5706801193144 -140.866752981478,68.570394119075 -140.867228982168,68.5702041199295 -140.867704981072,68.5699181194063 -140.868275983277,68.5696331196983 -140.868846983164,68.5692521193952 -140.869417982929,68.5690621198652 -140.869893983754,68.5687761196169 -140.870559983315,68.5685861197694 -140.871130984122,68.5683951206065 -140.87160698435,68.5681101204453 -140.872082984306,68.5679191198165 -140.874842986923,68.5666821206507 -140.875318985766,68.5664921204291 -140.875890987005,68.5663011206879 -140.876460986,68.5660161209372 -140.877032987108,68.5656351213871 -140.87750798862,68.5654451212347 -140.878078987127,68.5650641211062 -140.878554989173,68.5647781213329 -140.879030989732,68.5645881211401 -140.879506989343,68.5643981211098 -140.880077990123,68.5643031213152 -140.880648988691,68.5643031215049 -140.881790987852,68.5643031216467 -140.882362987864,68.5643031217601 -140.882568989302,68.5643031223211 -140.88293298832,68.5643031222726 -140.883504989208,68.5642071218737 -140.88417098863,68.5642071220417 -140.884741988254,68.5642071221731 -140.88531298907,68.5642071224584 -140.885883989527,68.5642071221983 -140.886454989266,68.5642071226598 -140.88693098907,68.5643981226937 -140.887501987247,68.5643981228025 -140.888072988527,68.5643981224973 -140.890166988177,68.5645881237172 -140.890737986985,68.5646831231305 -140.89130898767,68.5647781238063 -140.891784986392,68.564969123468 -140.892355986533,68.565159123887 -140.892831986141,68.5654451240637 -140.893307986252,68.5658261242958 -140.893497984999,68.5663011242467 -140.893592983227,68.5668731239311 -140.893783984298,68.56734812433 -140.893973984825,68.5678241241321 -140.89473598174,68.5686811241417 -140.895211981264,68.5688711245314 -140.895686981791,68.5690621245403 -140.896258980799,68.569062124812 -140.896924981618,68.5689661246729 -140.897400982072,68.568776124798 -140.897971981656,68.5683951249076 -140.898447982533,68.5680151248207 -140.898827982702,68.5675391248629 -140.899303983328,68.5673481245738 -140.899779984201,68.5670631245631 -140.900255984808,68.5667771253333 -140.901663986044,68.5662361252481 -140.902730985653,68.5658261259832 -140.903301985028,68.5656351255403 -140.903872985747,68.5654451261832 -140.904348984837,68.565254125899 -140.905014985206,68.5651591262157 -140.905490986979,68.5649691260172 -140.905966986989,68.5647781258984 -140.906442986853,68.5645881260225 -140.907013987728,68.5645881262417 -140.907584986333,68.5645881264837 -140.908155986834,68.5644931268028 -140.908726985933,68.5643981266806 -140.909297985527,68.5643981268157 -140.909963985534,68.5644931265839 -140.910439987398,68.5648741268733 -140.912438982972,68.566587127664 -140.912914982935,68.5670631273942 -140.91329598078,68.5675391276648 -140.913770980874,68.5680151275434 -140.914056979713,68.5686811279129 -140.914437979801,68.5690621276982 -140.914627979368,68.5695371275604 -140.914934979239,68.5700751281401 -140.924803972647,68.5729301299373 -140.93525898186,68.5669681315772 -140.935852980775,68.5669681314603 -140.93642398204,68.5669681316235 -140.936994981038,68.5669681318099 -140.937565981599,68.566873131995 -140.938136981735,68.5666821322826 -140.938707982237,68.5665871323862 -140.939183981736,68.5663961321412 -140.939754982554,68.5663011324647 -140.94165898214,68.565730133165 -140.942229983322,68.5656351328225 -140.942800982259,68.5656351330571 -140.943371982605,68.5657301324716 -140.943942982727,68.5657301328831 -140.944513982493,68.5657301327495 -140.945084981546,68.5657301333378 -140.945655981767,68.5656351334786 -140.946131982926,68.5653501331739 -140.946607981897,68.5650641336424 -140.94746498247,68.5642071335214 -140.947844984129,68.5637321332812 -140.948225986246,68.5633511335089 -140.948796985511,68.5626851342211 -140.949367987542,68.5623041336754 -140.949748985362,68.5619231338448 -140.950129986531,68.5615421339922 -140.950509988742,68.5610671343155 -140.950890988209,68.5606861340536 -140.950914989807,68.5606621341578 -140.951271988635,68.5605911335965 -140.95174798875,68.5604001337225 -140.95250898898,68.5602101348274 -140.953079989829,68.5600201346327 -140.953555990952,68.5598291344903 -140.954126990019,68.5595441347449 -140.95469799002,68.5594491349624 -140.955173990195,68.5592581349239 -140.955744988961,68.5591631346608 -140.956315990457,68.558973135118 -140.956981990128,68.558877135426 -140.957648990526,68.5588771346386 -140.958314990666,68.5588771354396 -140.958980990901,68.5587831351124 -140.959551989862,68.5586871358019 -140.960122990444,68.558592136148 -140.960693990476,68.5585921352027 -140.961264990161,68.5584971359576 -140.961836991068,68.5584971357363 -140.963454989847,68.5584971359142 -140.964025991356,68.5584971360546 -140.964691990353,68.5584971360021 -140.965262990796,68.5584971360169 -140.965928989928,68.5584971371508 -140.966499991215,68.5584971364713 -140.967070989884,68.5584971370819 -140.967736991059,68.5584971367195 -140.968308991304,68.558497137018 -140.968879990107,68.5584971376526 -140.969545989939,68.5585921373138 -140.970116989931,68.5585921378227 -140.970687989488,68.5586871373172 -140.971258989115,68.5586871373037 -140.97316299099,68.5586871379461 -140.973733990043,68.5586871383765 -140.974304988743,68.5586871382614 -140.974875988642,68.5586871382991 -140.97544698974,68.5586871384896 -140.976017988576,68.5586871387033 -140.97658899052,68.558687138501 -140.977159988293,68.5586871388907 -140.977730989527,68.5585921391038 -140.978301989356,68.5585921392303 -140.978872988141,68.5584971391533 -140.979539988524,68.5584021393259 -140.9802059887,68.5583061395047 -140.980871988694,68.558211139256 -140.982870990846,68.5580211396558 -140.983536988835,68.5579261396741 -140.984202990281,68.5579261397608 -140.984774988583,68.5579261399849 -140.985344989408,68.5578301404286 -140.985916989738,68.5578301403829 -140.986487990566,68.5578301402024 -140.987153989635,68.5578301408957 -140.987724989401,68.5578301405895 -140.988390989524,68.557735140218 -140.988961988949,68.55764014087 -140.989532990441,68.5575451412083 -140.990104990853,68.5575451409033 -140.991722989634,68.5573551414822 -140.992293991192,68.5572591413794 -140.992864990136,68.557259141875 -140.993435990635,68.5572591412561 -140.994006991165,68.557164141687 -140.994415991062,68.5569181420505 -141.000857990199,68.5571481425162 -141.000859988087,68.5571481427892 -141.000847947802,68.58790414407 -141.000837884923,68.6339591471294 -141.000830847094,68.6625501478678 -141.00082582624,68.6772911493177 -141.000822808732,68.6902941492438 -141.000813766169,68.7214451507097 -141.00080472779,68.7497861525416 -141.000801643026,68.8114461556153 -141.000792595047,68.8456231578026 -141.000775514114,68.9035731604346 -141.000773484739,68.9245121617228 -141.000764447266,68.9503981627039 -141.000751386668,68.9945181651201 -141.000749371653,69.0050711659144 -141.000741333922,69.0302801668928 -141.000731304424,69.0512931680746 -141.000726279904,69.069762168977 -141.000719245943,69.0930601703839 -141.000710197791,69.1270241717098 -141.000701164586,69.1505011728179 -141.00069813044,69.1739331743467 -141.00068608316,69.2064691762221 -141.000676013513,69.2542821782784 -141.000661950346,69.2993271807106 -141.000647878764,69.3474861830173 -141.000646868507,69.3544701840883 -141.00064384946,69.3674951840585 -141.000637823246,69.3844841848819 -141.000627774178,69.418841186743 -141.000612689679,69.4757411900319 -141.000594607394,69.5313931929058 -141.000583574102,69.5539201939924 -141.000573517912,69.5903151957826 -141.000567435874,69.6458241987434 -141.00056943369,69.6458901984923 -141.000570434267,69.6466131990846 -140.988891436764,69.6449411965418 -140.976838441207,69.6432731944413 -140.956091444794,69.6416191906248 -140.948407447963,69.6407051890108 -140.928581453269,69.6379091853542 -140.913126457703,69.6359511817768 -140.894926460647,69.6340571785744 -140.87569146652,69.6326341752038 -140.869771467513,69.6325001741246 -140.857364468734,69.6320221716399 -140.849507468173,69.632320170659 -140.845107467804,69.6323221696919 -140.843441469354,69.6313871687866 -140.845520472852,69.6294421692141 -140.852371473051,69.6285601709849 -140.86021447613,69.6261841716386 -140.870451478412,69.6248441736485 -140.872749478049,69.6240681737797 -140.87495947974,69.6222101745201 -140.882111483612,69.6203421750771 -140.891299481058,69.6208491773847 -140.901138478688,69.6225361787038 -140.904253480526,69.6215101800261 -140.906059480667,69.6208251799664 -140.906167483379,69.6187221798651 -140.903811485864,69.6174291790469 -140.894007489004,69.6158281779536 -140.889392494406,69.612379176379 -140.885220495972,69.611390175967 -140.877545498054,69.6111481743818 -140.864379496812,69.6124831720719 -140.861763494911,69.6137331716116 -140.869831489883,69.6163241734641 -140.865861486773,69.6186841729701 -140.866701483649,69.6204101726558 -140.858054483482,69.6207521713654 -140.856520479065,69.6240871708099 -140.85373647808,69.6252501707584 -140.843618479306,69.6255651688576 -140.839718481772,69.6242061682478 -140.836442486057,69.6203691671844 -140.832031494488,69.616486166165 -140.823110498367,69.6143381643523 -140.813691500496,69.6131501628818 -140.809472500011,69.6134051620314 -140.803699499311,69.6142391610534 -140.798104500525,69.614007159801 -140.787834498727,69.6155791579524 -140.783558499094,69.6153511576197 -140.77939349813,69.6163781568315 -140.779159494695,69.6176151567659 -140.783973492557,69.6188641575646 -140.788656491959,69.6196181586982 -140.815659484017,69.6239201633137 -140.825784480278,69.6257291656963 -140.82563947632,69.6281041652012 -140.822949475869,69.6289751651722 -140.800781481819,69.6257291610553 -140.742563502203,69.6158491499814 -140.718831508823,69.6124061455915 -140.69387651653,69.6092341408844 -140.547759541012,69.5994621134849 -140.535092547263,69.5973171108929 -140.526625552185,69.5939071097823 -140.503858549267,69.5963031052238 -140.494142552453,69.5958301036715 -140.379590572536,69.5892310821353 -140.357920573939,69.5895480783491 -140.238340581932,69.5912150569554 -140.156659571834,69.6020410425696 -140.144397571705,69.6036450400954 -140.126291567286,69.6067570369327 -140.116721567825,69.6070560355439 -140.098509570134,69.60708303231 -140.052933573388,69.60856302366 -140.01071157361,69.6096700155263 -139.999967573505,69.6107230139986 -139.969098570569,69.6137600086993 -139.928706573223,69.6153530015241 -139.868161580068,69.6133929901902 -139.851529590878,69.6087919865557 -139.830517591503,69.6088689832134 -139.811355596217,69.6067089797548 -139.749890619026,69.5950599676757 -139.726149631809,69.5874909628437 -139.719310635496,69.5861409614631 -139.645522665358,69.5715689470392 -139.599975674901,69.5676689388502 -139.555007692107,69.5589719300043 -139.547115696705,69.5564389292459 -139.548400700761,69.5539589286874 -139.573959690622,69.5590939334099 -139.634232673133,69.5668769451703 -139.669035664695,69.568981951496 -139.693999653018,69.5769159567726 -139.722382641768,69.5814259620311 -139.757322624064,69.5913899685345 -139.784864612988,69.5967369738227 -139.77810662617,69.5894829722496 -139.781039632705,69.584314972608 -139.742112639978,69.5810979655491 -139.71417365292,69.5747729600401 -139.690336661838,69.5704019552665 -139.675505669003,69.5664879529572 -139.647325679415,69.5615509475829 -139.63328467755,69.5627329446996 -139.621245685924,69.5584759425791 -139.604030690321,69.5565769388708 -139.589522698833,69.5517859365862 -139.589428702504,69.5494959363889 -139.615888704907,69.5457199405763 -139.617659713198,69.5411969412848 -139.596593712386,69.5430369371459 -139.595811718322,69.5396169368159 -139.601318721818,69.5358929379313 -139.588100723513,69.5364039353313 -139.564069726753,69.534741931025 -139.574354716827,69.5417069330457 -139.567413714128,69.5433239315949 -139.555677716659,69.5431949298547 -139.545150719213,69.5408059277724 -139.534881722756,69.5400359259767 -139.530517732043,69.5339479246909 -139.518340738007,69.5303619219519 -139.523130723965,69.5398989233805 -139.515913717356,69.5451719224962 -139.512327715179,69.546109921915 -139.506087712073,69.547840920826 -139.496516714782,69.5468569190083 -139.491989725226,69.5414549178006 -139.501220732301,69.5360159196392 -139.500549735066,69.5334739189135 -139.490569738477,69.5315599176368 -139.475323739927,69.532054914729 -139.479963724135,69.5424559161174 -139.458739719876,69.546139912549 -139.441283723762,69.5453619090597 -139.429063725897,69.5445219071195 -139.400375732492,69.5415539008474 -139.388456736663,69.5395698985861 -139.368972747549,69.5339158948895 -139.344742751708,69.5315368907032 -139.325455760878,69.5277138868931 -139.30094977838,69.5163928819382 -139.28304978817,69.5123798783805 -139.263104806103,69.501201873913 -139.25227280988,69.5001578725589 -139.216460808774,69.5021948655028 -139.201062816239,69.4987148632894 -139.167831815896,69.5008288567297 -139.150588821231,69.4993418539406 -139.145371823961,69.4968768527826 -139.14466683609,69.4897508524287 -139.135604843669,69.4846378501682 -139.08894286413,69.4736898416466 -139.091092875153,69.4657418411911 -139.083067878709,69.4640998397481 -139.071303879219,69.4641608377018 -139.068679876078,69.4665948378046 -139.094971841961,69.4876378434979 -139.113844822473,69.4999508473501 -139.110794817946,69.5039718465131 -139.100036819837,69.5026988451648 -139.069396862378,69.4760098382833 -139.00869793132,69.4331718248952 -138.983072951841,69.4206958195642 -138.953579975933,69.4063158137453 -138.909164003515,69.390569804672 -138.913067024216,69.3764998043444 -138.904500024344,69.3768888027953 -138.895960024629,69.3772778023438 -138.893355015047,69.384289801836 -138.885436015976,69.3847008000529 -138.843233038582,69.37062479174 -138.806308053701,69.3633617849603 -138.741757086821,69.345936772342 -138.727449098709,69.3392377695587 -138.71048212575,69.321437765424 -138.686217145956,69.3088737608323 -138.648436165417,69.2983297530223 -138.628297179699,69.2895707496101 -138.624920184696,69.2855497481683 -138.634767193057,69.2806357499363 -138.629072195999,69.277905748979 -138.615218205629,69.2721297455414 -138.608962221679,69.2625007443001 -138.601046242324,69.2480117418952 -138.608643261487,69.2338757428205 -138.594422262128,69.2346767399883 -138.579481258175,69.2393997381229 -138.591585248162,69.24443474028 -138.589126246651,69.2461737394423 -138.570526248241,69.2457247366094 -138.5459122438,69.2503177321423 -138.515358245217,69.2521837264795 -138.498870248112,69.2520027240738 -138.490752255679,69.2466547217103 -138.501452256495,69.2454497243396 -138.516188266466,69.2370577264948 -138.515715271886,69.2342877264583 -138.496141272013,69.2349367230663 -138.482285276368,69.2337317198431 -138.469269285852,69.2275047172857 -138.453674287227,69.2274897140602 -138.442746288248,69.2276577129445 -138.437134283843,69.2313427118774 -138.44387727509,69.2368737132068 -138.441162271037,69.2395207126985 -138.434751267588,69.2436417120455 -138.423461268993,69.2425287097711 -138.416153268022,69.2433897086161 -138.417173259001,69.2505927087674 -138.414306256548,69.2514007084456 -138.409409260669,69.2496067074772 -138.406449262887,69.2477157067914 -138.402190264467,69.2461967061017 -138.391526267381,69.2461047039048 -138.394101261018,69.2491577046614 -138.408598248394,69.2588457080114 -138.408019244853,69.2606777077772 -138.399842226568,69.2728247070181 -138.392823224786,69.2761657059305 -138.389816221208,69.2781497054328 -138.388718216458,69.2815587057639 -138.389037211512,69.2850317060167 -138.393783203494,69.290279706766 -138.403547201851,69.2899977086597 -138.417784203763,69.2874957108155 -138.440168216937,69.2775617140804 -138.442428211308,69.2808587151743 -138.42410219761,69.2923237117535 -138.408494194487,69.2947127092698 -138.402053196451,69.2946597085278 -138.384582198763,69.2944997050122 -138.371172204719,69.2916997026271 -138.349153230166,69.2747086981564 -138.315552270643,69.2487376907744 -138.306366300042,69.2300306879114 -138.277864339285,69.2048456817623 -138.199338398169,69.1685226660558 -138.188919404223,69.165379663456 -138.079818464698,69.1323506425465 -138.047151477503,69.1257596364569 -137.996871500926,69.1117986263468 -137.965223513212,69.1061526207537 -137.95847951879,69.1031226190372 -137.957994522882,69.1005826191208 -137.981614515464,69.103145623821 -137.984083518375,69.1014146235781 -137.974532527188,69.0950516218057 -137.971082529063,69.0950206210788 -137.922653533033,69.0945476126266 -137.911390539615,69.091557610238 -137.890350556461,69.0810516056447 -137.855090566728,69.0768395995308 -137.768113596971,69.0619635831697 -137.704193627441,69.0454905714252 -137.682999637197,69.0397685666296 -137.656813654707,69.0296985615851 -137.632263664679,69.0245175571879 -137.59967467533,69.0206385509203 -137.552278694447,69.0107395420394 -137.500565703044,69.0082595329824 -137.484742710156,69.0038945299728 -137.450488721283,68.9991725236764 -137.423032725783,68.9988905184642 -137.409926729254,68.9960135156297 -137.367035741402,68.9922765079267 -137.356141747169,68.9885685061908 -137.361325749973,68.9864995063703 -137.384583742383,68.9896055106574 -137.402084740718,68.9890035144316 -137.415664735506,68.9923585166258 -137.452103729045,68.9944195231551 -137.454607731371,68.9926945236466 -137.4492197355,68.9896975222297 -137.412611747589,68.9844095158899 -137.367005769025,68.9718145072294 -137.328399786388,68.9631994998498 -137.310914788826,68.9619574962061 -137.298951789012,68.9632614940828 -137.269349791364,68.9637724894658 -137.265806795377,68.9610794880612 -137.275330799514,68.9575984897568 -137.275803806398,68.9525654892151 -137.235216831633,68.9387774818868 -137.230269834135,68.9364814804031 -137.207474842792,68.9322324767538 -137.179731846492,68.9311944715455 -137.140568844845,68.937012464687 -137.116452854324,68.931286459903 -137.105344855087,68.9329414582017 -137.092636844351,68.9407684566813 -137.086423844872,68.9402504553352 -137.074220842079,68.9440574527413 -137.064317840462,68.9459904514582 -137.039520843883,68.9445144468725 -137.024933852365,68.9406164439248 -137.006866858006,68.9393204409867 -137.001220859403,68.9372134400635 -137.003784874038,68.9265254396473 -136.994536880351,68.9237864381072 -136.979979896613,68.9127544345344 -136.933901904743,68.9112824261442 -136.91998591088,68.9074064241735 -136.867830946069,68.885838413584 -136.865206956087,68.88035641289 -136.848296955555,68.8816804097328 -136.841750964745,68.8751564080668 -136.82638496595,68.875340405465 -136.803680978369,68.869427401435 -136.774565989464,68.8636513962844 -136.753356993223,68.8623993926056 -136.710357995618,68.864917384522 -136.690915009934,68.8554573805352 -136.683488006823,68.8583183789721 -136.691788002326,68.8617143806677 -136.695650994437,68.8667343814697 -136.687043990972,68.8693043801274 -136.65837099947,68.865833375285 -136.632508023622,68.8514523696027 -136.624865021766,68.8531453686444 -136.647319997619,68.8685573736563 -136.64348598355,68.8780893730248 -136.638321980509,68.8818933717317 -136.623228980247,68.8829913699321 -136.600509977877,68.8874023657561 -136.5810869813,68.8864473619098 -136.559860992066,68.8801013586331 -136.535629995461,68.8800543542673 -136.525406998264,68.8784003515496 -136.522692992977,68.8830963519877 -136.535003987152,68.8850903538997 -136.544387980028,68.8906213553181 -136.545990973955,68.8948403559417 -136.538223965105,68.9018283550872 -136.528318964319,68.9043313534822 -136.513307964104,68.9052003509306 -136.498950967779,68.9026453479444 -136.492708975774,68.8988763467655 -136.489273987154,68.8894913456029 -136.48286399411,68.8861803447865 -136.462434001601,68.8828633409474 -136.459868998954,68.8845713403364 -136.476041989434,68.8906743436151 -136.482525981683,68.8952133449626 -136.47894197455,68.8998073446537 -136.471633973051,68.9022023437084 -136.448322977993,68.9003893390141 -136.441940980653,68.8985263376677 -136.431092988935,68.8946503353923 -136.408707993324,68.8930623319058 -136.38064600299,68.8879663265996 -136.336718013242,68.8843583180648 -136.330539012467,68.8854253172375 -136.316330011447,68.8874703146171 -136.287262019311,68.8850673098602 -136.230437037338,68.8768582991155 -136.212647047504,68.8717922960234 -136.187882053501,68.869823291235 -136.170900058263,68.8675652882657 -136.161514064341,68.8638492859397 -136.154452077043,68.8561442845716 -136.146715074661,68.8577082837153 -136.140534070537,68.8604552821106 -136.133470077535,68.8573272812125 -136.118472081792,68.8549312777817 -136.11479207607,68.8593482772259 -136.125322066889,68.8649632795496 -136.14650005907,68.8695262831174 -136.153825052492,68.8735922850856 -136.146667049019,68.8771392839666 -136.14998004371,68.8800772846511 -136.147201040427,68.8822372845331 -136.137451041031,68.8826492823595 -136.094224068767,68.8661072739964 -136.078966076773,68.8627742710479 -136.07625006734,68.869548270939 -136.062407073018,68.8674432686675 -136.035784075662,68.866970263935 -136.028412089503,68.8582802622126 -136.01710909844,68.8530772597308 -136.003692093788,68.8562802573756 -135.954299113847,68.847447248244 -135.931410124928,68.8409232443242 -135.918596131798,68.8379332420039 -135.894532137773,68.8359562375335 -135.875793148302,68.8287242334236 -135.822922167219,68.8208132240403 -135.809311179491,68.8136182213159 -135.789445182661,68.8123122180653 -135.777223190805,68.8079572155307 -135.775466199605,68.8014032147203 -135.765367212157,68.7934762127821 -135.769974215336,68.7900342127773 -135.76817522077,68.7867012125883 -135.756747219383,68.7881582105135 -135.749450221426,68.787303209538 -135.733673241691,68.7746782064578 -135.731217252123,68.7683132054019 -135.727049252623,68.7676192041876 -135.722075252798,68.7673522035538 -135.709826249035,68.7708312019071 -135.699585251801,68.7709611997048 -135.639589273413,68.7607381885847 -135.602127301782,68.7439001815301 -135.581268309536,68.7390481773338 -135.575335320461,68.7320211760602 -135.569354323894,68.7304241750951 -135.563342325469,68.7288171737657 -135.569170307864,68.7419241752148 -135.606934287301,68.7536271830221 -135.608844274517,68.7627291827453 -135.599427275557,68.7624391813172 -135.580901286858,68.7565651781688 -135.516496315701,68.741894165974 -135.498491326043,68.734882162361 -135.494399338832,68.7267721611064 -135.488329343209,68.7243841605205 -135.481750350519,68.7189381587204 -135.438659377396,68.7038071506385 -135.427627389813,68.6939511481284 -135.406645406615,68.6851461441132 -135.401675412873,68.6804691427052 -135.403581413121,68.678966143261 -135.405945424074,68.6719391435323 -135.396667424988,68.6714131421994 -135.385879422005,68.6758771400361 -135.367922424502,68.6748541367809 -135.349471422372,68.6779601339351 -135.317063446104,68.66340212748 -135.305192461494,68.6541701244729 -135.290511472474,68.6472201221723 -135.294923478271,68.6427271229562 -135.304747483986,68.6373631243029 -135.300178485321,68.6357291233368 -135.295594489253,68.6340901222095 -135.279848478305,68.6448781202183 -135.263246475088,68.6471361172116 -135.296021457973,68.657802123057 -135.301072450603,68.6622511249968 -135.306612424585,68.6817371257572 -135.30159041664,68.6874581254712 -135.290773417335,68.6875271236114 -135.263705432666,68.679729118451 -135.239790448924,68.6704981140763 -135.233351459451,68.6634251122824 -135.226395462253,68.6604801109544 -135.215622462739,68.6619381092787 -135.202009467059,68.661144106964 -135.183639473894,68.6582301035572 -135.160432484947,68.6504090990217 -135.154429482996,68.6525910981565 -135.14837748144,68.6547890975847 -135.154115474609,68.6590460984663 -135.15077247081,68.6623200982033 -135.146621466571,68.666003097474 -135.168198459064,68.668880101133 -135.209168442127,68.678196109248 -135.21222043687,68.6813771094479 -135.207855433119,68.6841241089658 -135.192689431979,68.6883271063761 -135.198839424501,68.6916841075888 -135.222396425437,68.690052111684 -135.233156420134,68.6915931134789 -135.251557402117,68.7032821176991 -135.257493398515,68.70570611886 -135.282028390656,68.7091941224379 -135.324832363823,68.7248111308996 -135.356079335846,68.7422971376395 -135.358629331613,68.7452201378342 -135.353455328076,68.748386137317 -135.363694312078,68.7600511395658 -135.359162294692,68.7720371395615 -135.378603292328,68.7722361422533 -135.399109290403,68.7724491462228 -135.414782280072,68.7774921490665 -135.446778268717,68.7816121550252 -135.485568237017,68.8027151628897 -135.497592221238,68.8119321655886 -135.500367206882,68.8233981662114 -135.51921219193,68.8316071698706 -135.516190189433,68.8342081696928 -135.486876194773,68.8325691647499 -135.472492197678,68.8333781618183 -135.432878204615,68.8304621542971 -135.413928206607,68.8314701511498 -135.411987200966,68.8359801504839 -135.426972192607,68.8412131540558 -135.448074181795,68.8456301579429 -135.540527162983,68.8505661744592 -135.563052156829,68.8531991784723 -135.603958138096,68.8637661865999 -135.63853311195,68.8788251933401 -135.636231108656,68.8812381927259 -135.628542111232,68.8812761915065 -135.630252104773,68.8848311919763 -135.626786101904,68.8869511918389 -135.560487109301,68.8879041793381 -135.546678110238,68.8887591776461 -135.531114108119,68.892277174534 -135.500275101588,68.9000291694577 -135.50751809838,68.9018131705199 -135.514758093756,68.9035981726148 -135.521150095058,68.9021111728592 -135.606523082541,68.9031401884386 -135.643341073525,68.9053921952383 -135.665389061435,68.9123651991469 -135.689563042013,68.9249922045401 -135.709260031844,68.9299882079345 -135.724414019108,68.9381912104756 -135.735656001061,68.9496412135538 -135.754135985103,68.9591792173879 -135.780380972596,68.9670532220771 -135.803941957336,68.975238226324 -135.807922943218,68.9842182277438 -135.7753609443,68.9868512219422 -135.7481839443,68.9888422174077 -135.626923965011,68.9868661955663 -135.622269956157,68.9933041950517 -135.586593945889,69.0031161887554 -135.574921936468,69.0124011871974 -135.560334932052,69.0164381850435 -135.545335932131,69.0183831819963 -135.549692924895,69.021734183253 -135.554062921689,69.0250961836907 -135.559813918731,69.025181184767 -135.585968928021,69.0166981891834 -135.610751933578,69.011364193479 -135.663480931362,69.0068632029704 -135.687867935217,69.0024152070174 -135.699996933606,69.0026142091246 -135.714097923952,69.0073042117363 -135.72026191367,69.0140962132435 -135.721102902507,69.0212902138093 -135.714704891959,69.0303992128718 -135.715223884387,69.0352742132019 -135.734664870567,69.0436522169271 -135.740326866999,69.0460852182987 -135.796081835725,69.0622292285141 -135.817933828991,69.0654712324838 -135.863451802672,69.0801202413288 -135.895446796702,69.0822802476696 -135.918838795849,69.080288251699 -135.933897791659,69.0813102544589 -135.940108787589,69.0834772552166 -135.948075765496,69.0986512572488 -135.942367753384,69.1078072570126 -135.954774734671,69.1195642594423 -135.971206710133,69.1351432631298 -135.974852701075,69.1420172638127 -135.965057684372,69.1548732623121 -135.968840667421,69.1661412644213 -136.003327625552,69.1926002718051 -135.999448615358,69.2004652703314 -135.972046587984,69.2214022671389 -135.953338580449,69.2289542641252 -135.94502157338,69.2350582622343 -135.931917560854,69.2446632604142 -135.920072558835,69.246578258757 -135.906811562761,69.2456552558283 -135.89686357005,69.2414442539322 -135.873227601416,69.2217592493788 -135.847688619312,69.2114142439956 -135.82780663056,69.206211240209 -135.80361965292,69.1927062355903 -135.788774657391,69.1909902327943 -135.777864661878,69.1876412309429 -135.747618701231,69.1625022244951 -135.742645704515,69.1620062232844 -135.717225714587,69.1562612184001 -135.708083723075,69.1518432163738 -135.676895752508,69.1337862105143 -135.656494761905,69.1285292070467 -135.63012976866,69.1266362011793 -135.613878776775,69.1222881981361 -135.606094770818,69.1261331972252 -135.598312767577,69.1299781960234 -135.628326759366,69.1339222018409 -135.651352748552,69.139095206324 -135.682784724083,69.1534762122118 -135.695084708035,69.1634492144529 -135.718490678243,69.1823912198061 -135.748062649285,69.1998932260497 -135.777388631489,69.2088362315403 -135.837769585306,69.236721243232 -135.862808541616,69.2654762490709 -135.861909533187,69.2707322495742 -135.863068512694,69.2850912495456 -135.85443149647,69.2963972484901 -135.842299488078,69.3036002467709 -135.816025482569,69.3102822428892 -135.78605548049,69.3133122372118 -135.775696486325,69.3116042355758 -135.753082509671,69.2972592301369 -135.742692516172,69.2925532286697 -135.726651524767,69.2889292259144 -135.704470541959,69.2782862212583 -135.68150255751,69.2710602169361 -135.667190561452,69.26860421448 -135.642561561972,69.2708092096942 -135.629853570126,69.2655072071834 -135.593828621191,69.2342571990436 -135.581457624519,69.2335861971706 -135.569062627231,69.2329141949759 -135.58470259971,69.2494551983103 -135.588697585379,69.2598231996926 -135.604644564018,69.2726872035142 -135.607131551574,69.2820472039591 -135.602216542103,69.288936203138 -135.616346515019,69.3060802063261 -135.620971496739,69.318096207943 -135.613404487587,69.3250692065326 -135.604293484783,69.3280362057442 -135.593123480081,69.3327382032106 -135.581786481006,69.3332782014775 -135.567247478419,69.3372221989692 -135.564772475963,69.3378941982536 -135.54117048231,69.3366131940374 -135.535934483153,69.3354531930654 -135.510879496817,69.3296021886919 -135.473252500031,69.3293271817982 -135.446000511634,69.3244281769968 -135.439267515241,69.3223761749853 -135.422957524692,69.31810317223 -135.397829533966,69.3124891675046 -135.390718543031,69.3087421659379 -135.379944551548,69.3026991639811 -135.374663555914,69.3000981631199 -135.343340574294,69.2914011567475 -135.329742578943,69.2889441547084 -135.322004582089,69.2878691531939 -135.288041599546,69.2785911464798 -135.268709611647,69.2720371430219 -135.222380629771,69.2628511338709 -135.186598639364,69.2601131272401 -135.177812641955,69.2587621257494 -135.173142646314,69.2574411249165 -135.172378650038,69.2540551253581 -135.170106651743,69.2525211244009 -135.165836657115,69.2504251231987 -135.161576658965,69.2483331229125 -135.156538660385,69.2489501213454 -135.149110658622,69.2510111208171 -135.147474654404,69.2532081201557 -135.148620650382,69.2557781206864 -135.15358064104,69.2615021217884 -135.153673638061,69.2637971215247 -135.1533796352,69.2669181218475 -135.156235631781,69.2683371225296 -135.172470628952,69.268878125111 -135.180389623827,69.2720611269804 -135.184399622354,69.2722971277539 -135.189650623643,69.2711451288009 -135.198060623155,69.26955112994 -135.208940622032,69.2701981314926 -135.214583611801,69.2769961332414 -135.238969590498,69.2890661379314 -135.250091572843,69.3005641404749 -135.254610563886,69.3073011416794 -135.247300547574,69.3188131403655 -135.231779539479,69.3257491379818 -135.25131349551,69.3536261430499 -135.255174488876,69.3596151438904 -135.280136458814,69.3769491495766 -135.278930442986,69.3884241492267 -135.287447435429,69.3928261506391 -135.301986429026,69.3954811541545 -135.312331419863,69.4002121558705 -135.312471414189,69.405758155902 -135.306900396646,69.4167601555153 -135.292693389828,69.4235961528825 -135.274808384716,69.4283711503157 -135.264799387041,69.428737148493 -135.250273384968,69.4318511460846 -135.173203364069,69.452709133201 -135.161439350854,69.4626661308932 -135.153396349135,69.4659071300667 -135.134566352824,69.4639251268692 -135.127518372122,69.4519851250669 -135.117932374335,69.4514401232334 -135.108306376036,69.4508931206331 -135.109114369849,69.4548691218943 -135.102692362983,69.4602771208038 -135.086455358425,69.4655961178621 -135.036785354864,69.4720111096165 -135.007843360936,69.4705921037906 -134.999968367103,69.4680901022393 -134.988327372779,69.4643960997869 -134.97640838542,69.4574710977505 -134.980117386848,69.4551430982967 -134.99066138844,69.4536711007145 -134.986646392912,69.4517080991778 -134.982619394613,69.4497420988618 -134.969940394623,69.4515570962967 -134.961884389422,69.4561810954416 -134.963579376213,69.465290095756 -134.954102375494,69.4672820942785 -134.933835373388,69.4698140903863 -134.9284503621,69.4771310900127 -134.922058362682,69.4781520889334 -134.908141368852,69.4754990863695 -134.888931369596,69.4757810826478 -134.88493037882,69.4702340820232 -134.878486379376,69.4713610810379 -134.87202437917,69.4724920795189 -134.86329637269,69.4770700784392 -134.855393373719,69.477070077274 -134.846743377285,69.4758800748807 -134.83827038722,69.4700650736976 -134.827588389429,69.4689830713083 -134.822372385393,69.4730720709871 -134.825943368106,69.4836840718129 -134.819960367259,69.4851870709314 -134.808212371191,69.4835770688252 -134.803174376854,69.4802740676222 -134.803039390975,69.4707910672435 -134.778042396809,69.4693330624074 -134.757552406138,69.4639700585165 -134.741956404405,69.467677056286 -134.723706409369,69.4659150526883 -134.717193400428,69.4726980521228 -134.702240402271,69.4722870491191 -134.685592410453,69.4685240460497 -134.665633416602,69.4661890425188 -134.641647428603,69.4599110376156 -134.621812436679,69.4573480344504 -134.586363458853,69.4448270273189 -134.575654472853,69.4370240246135 -134.561598476963,69.4347880225886 -134.541397472888,69.4398300195003 -134.536771483691,69.433071018031 -134.547697507422,69.4159120191424 -134.544433514011,69.411786018866 -134.538680515553,69.4114410175526 -134.524732500402,69.4226340150778 -134.523573487812,69.4318190158039 -134.513947483347,69.4354060137794 -134.498795484976,69.4354210110791 -134.482222482397,69.4397390084104 -134.460037484513,69.4407150048355 -134.443374472423,69.4505880023481 -134.428053454113,69.4641219997514 -134.425979451857,69.4659609993753 -134.401488442797,69.4755899955718 -134.401779438309,69.4776869958804 -134.407534436738,69.4780389964533 -134.414842440217,69.475237997488 -134.420608439553,69.47558899855 -134.429825419515,69.4877190008201 -134.444780406205,69.4962580035975 -134.457579400745,69.4984170063504 -134.4720303879,69.505305009179 -134.491682380728,69.5083340129738 -134.514145378215,69.5082970167129 -134.535460381356,69.5037880209384 -134.545668385929,69.4990730224067 -134.550432396308,69.4919550223826 -134.536973436801,69.4653430199144 -134.535950440437,69.4633300188339 -134.542513447895,69.4579430201074 -134.552459449865,69.4550660221227 -134.562910445071,69.4566160239821 -134.570314433278,69.4644580252923 -134.594146412214,69.4765210300639 -134.592832406333,69.4819900301374 -134.574052393306,69.4922060271696 -134.573376386241,69.49633402751 -134.581712385102,69.4968300286495 -134.602799387734,69.4927630316744 -134.612093383873,69.4940070341926 -134.607266356839,69.5136140334752 -134.600617354731,69.5164600328107 -134.60081534964,69.5187790328284 -134.615768338,69.5247600356029 -134.619810333361,69.5286980368035 -134.604614335526,69.5287200341604 -134.594531333272,69.530437032541 -134.583328322317,69.5399510303132 -134.57231232509,69.5381360289496 -134.561765340074,69.5298810263703 -134.548414345609,69.5274610235491 -134.531187350166,69.5262030204332 -134.520570345572,69.5290340188222 -134.513305352079,69.5262880177333 -134.502090356182,69.5249220154518 -134.493713354186,69.5271960142735 -134.481707340839,69.5368920123076 -134.483136332463,69.5434530127932 -134.4977433049,69.5595970163824 -134.493834299892,69.5635260157931 -134.470594294695,69.5690800111684 -134.460342289284,69.5737800102913 -134.440627261703,69.5950420070507 -134.43979025237,69.6021690074511 -134.422272220672,69.6242490046765 -134.41896020841,69.6333350052413 -134.41856420726,69.6344410043144 -134.438172181922,69.6485780087347 -134.438400173576,69.6548350086967 -134.448057158097,69.6649060111078 -134.458649146585,69.6703980133552 -134.477159141767,69.6733500167317 -134.485838133487,69.6773420182596 -134.502454104977,69.6949890218805 -134.508056087215,69.7066540234877 -134.504775080393,69.7106200233056 -134.484388085387,69.7087130192557 -134.461670109478,69.6953320144953 -134.416915116851,69.6942710067234 -134.404925113608,69.6982520052844 -134.400970111616,69.6995660043457 -134.392425111967,69.7006730025614 -134.393372109488,69.7028080028416 -134.389237106683,69.7044180021215 -134.378662109371,69.7042410000704 -134.371353104815,69.7082019991807 -134.365846104402,69.7085609979352 -134.366164114906,69.7025649982189 -134.374726123328,69.6947519988516 -134.372161124994,69.6932039986595 -134.366453127694,69.692630997751 -134.345948114115,69.7043569945295 -134.335493116575,69.7039529924773 -134.326827122787,69.6999619913605 -134.341522131789,69.6932089930613 -134.340713145336,69.6841319928546 -134.345701154788,69.6767989933592 -134.33172815247,69.6808119910442 -134.307558153784,69.6812009872384 -134.310319158326,69.6783639871735 -134.328061160789,69.6748079897774 -134.333832180688,69.6605729910637 -134.329027185299,69.6581989891851 -134.323073183781,69.6594589884684 -134.30371018741,69.658282985097 -134.300904189299,69.6589769847747 -134.293871185772,69.6606939835307 -134.279433188772,69.6602819806737 -134.267639188095,69.6625699786761 -134.226029199587,69.659342971259 -134.218763204172,69.656581969669 -134.219698215109,69.6494629697799 -134.190857220199,69.6486159641734 -134.182435226326,69.645556962382 -134.184176231966,69.6407969632559 -134.194640226905,69.6437559650319 -134.206663222708,69.6449619673525 -134.213275224178,69.6437409685586 -134.218308229143,69.6403459688788 -134.229597225402,69.6403459713331 -134.237214230895,69.6371039723052 -134.232452236264,69.6333419716687 -134.221084240609,69.6321819692694 -134.205320233829,69.6383929666886 -134.196609235041,69.6385539650513 -134.185196240701,69.6348379628623 -134.18196125405,69.6267729618321 -134.195935251238,69.6267049643911 -134.196473257107,69.6230269645567 -134.201447258862,69.6212489649463 -134.215863254945,69.6214399678431 -134.229265259159,69.6185569702367 -134.230302263987,69.6151539699745 -134.212384268568,69.6138189673478 -134.189974267443,69.6161459627547 -134.154403261875,69.6234539570884 -134.153123267617,69.6194339563758 -134.15792827249,69.6164899576842 -134.174775274332,69.6133599603145 -134.178983281256,69.6089889610339 -134.193147276865,69.609858963228 -134.205598281845,69.6062279655491 -134.218431275601,69.6084019680234 -134.226196274288,69.6074859689869 -134.215912286237,69.6015359666741 -134.215469297942,69.5931739665401 -134.246355318217,69.5765419720488 -134.249009330814,69.5664559715684 -134.249284333125,69.5653799718904 -134.236403346872,69.5567209690472 -134.235322362004,69.5483129686569 -134.228881368763,69.5439869671986 -134.222349369375,69.5438119658256 -134.219068366287,69.5463899655675 -134.228299344661,69.559688967721 -134.219728341817,69.5635639665083 -134.211411325262,69.5748629658461 -134.203173321552,69.5780599636799 -134.1961063227,69.5776249626779 -134.195403340655,69.5671659622599 -134.201844351054,69.5582989631956 -134.169081388457,69.5365939557496 -134.156481397638,69.531413954016 -134.147676408918,69.5239219520874 -134.129471417051,69.5207009487522 -134.120347417941,69.5217619471023 -134.124026408911,69.5275459477698 -134.113645404724,69.5310699456222 -134.098662408408,69.5306059435327 -134.075835405568,69.5351989396338 -134.061874394755,69.5431329369447 -134.053146394049,69.5446739359987 -134.027022398496,69.5439639306777 -134.013415396955,69.5472829285952 -134.002914398839,69.5470859266621 -133.994414406766,69.5416909251879 -133.983156413057,69.5391269227581 -133.993011420643,69.5327959248007 -134.012434422804,69.5284529277273 -134.026014429739,69.5225869297533 -134.034119427888,69.523554932038 -134.044585420336,69.5276909332328 -134.049804423734,69.5252339345018 -134.040589434012,69.5186349329636 -134.02560444151,69.5156129297739 -134.002306445204,69.5146139260614 -133.994063442773,69.5178039245278 -133.994031436948,69.5217399243296 -133.989578433588,69.5240059235463 -133.977707444965,69.5174679217836 -133.966750462046,69.5065799189523 -133.961853467944,69.5032619184466 -133.96263047258,69.4991329177205 -133.947326479131,69.4967769152675 -133.905867483099,69.4990189077494 -133.886597488146,69.4966389044308 -133.876721488863,69.4978599023138 -133.858934483034,69.5041468997358 -133.87896546576,69.5139959036654 -133.881423457707,69.5194809038774 -133.864150443217,69.5311309013596 -133.821732453943,69.5286598939886 -133.808275450958,69.5303528916517 -133.80419745632,69.5280038905313 -133.796522458796,69.5275078893205 -133.789642455363,69.5305448885309 -133.789106451684,69.5328328877208 -133.796417449283,69.5344498894413 -133.834838430037,69.5429428969683 -133.841842423298,69.547327897944 -133.833040419737,69.5502428966935 -133.807324423184,69.5499908921664 -133.801541417583,69.5547218909801 -133.811508408858,69.5597658930913 -133.811689402379,69.5632508931552 -133.802169394893,69.5700648915338 -133.790666394061,69.5730388900063 -133.784243394329,69.5726278891387 -133.791733410619,69.5608178900883 -133.783690418474,69.5558958879098 -133.772794422119,69.5552018858715 -133.76779142709,69.5520968846945 -133.781554426131,69.5511278874926 -133.769334438503,69.5440858851071 -133.778091450326,69.5349078860106 -133.777877458524,69.5302538860859 -133.772520461009,69.5278278856405 -133.76058945674,69.5318948831845 -133.750763453336,69.5352358817922 -133.742795455548,69.5340308800167 -133.751097471275,69.5232038808728 -133.756986473741,69.5208008818553 -133.780396464391,69.5241568864678 -133.78924846635,69.5224108883674 -133.803283474536,69.5144988899818 -133.805268481459,69.5106848903051 -133.798353483609,69.5100058888712 -133.800156490355,69.5052598891711 -133.782318507002,69.495066886053 -133.781174515883,69.489664885473 -133.801192531104,69.4765738879344 -133.806732547333,69.4646408886906 -133.835068567479,69.448145893167 -133.84034557578,69.4417608940708 -133.851700592487,69.4299738955467 -133.881181611901,69.4123868999833 -133.889219612666,69.4108159010898 -133.908811609844,69.411135904466 -133.913024610464,69.4093199059047 -133.906053622399,69.4023849047146 -133.910612625391,69.3998989052698 -133.933198626937,69.3969309091184 -133.950849639685,69.3855399112848 -133.968548639585,69.384341915013 -133.995451643855,69.377939919175 -134.01425465311,69.3693959225207 -134.022183670021,69.357623923318 -134.048783686684,69.342616927167 -134.06307871186,69.3233679290448 -134.082350723958,69.3136939321676 -134.092577733735,69.3050729338488 -134.094359748264,69.2949859334666 -134.08868276663,69.2828179322019 -134.093503774372,69.2770959331959 -134.120728765602,69.2801999381578 -134.134308763395,69.2791999400495 -134.157884765579,69.2765079441347 -134.180052769754,69.27002294803 -134.202101782264,69.2598219514349 -134.207947788198,69.2548169528006 -134.201048789682,69.254366951378 -134.17248379643,69.2525009457268 -134.162320800114,69.2518339441361 -134.06913980853,69.2540169276549 -133.985165810147,69.2637439131861 -133.965867804612,69.2683059096659 -133.947860808279,69.2690079066731 -133.90530179477,69.2832068997013 -133.888229778216,69.2948558966884 -133.890883750436,69.3140358979165 -133.885421743902,69.320873897635 -133.869092738571,69.3258468943298 -133.828765743588,69.3265028877425 -133.802549739519,69.3315318829287 -133.781766739624,69.3336678799046 -133.732011730863,69.3448138710826 -133.718565733822,69.3441738683433 -133.712026732987,69.345370867296 -133.705488734158,69.3465678662643 -133.701095718246,69.3588068660958 -133.702665707131,69.3658718665063 -133.697737703066,69.3690228661657 -133.680999701342,69.3721118624091 -133.657454693449,69.3793898589993 -133.638764694233,69.3811838557294 -133.637633698782,69.3783228551791 -133.659819712449,69.3660918590903 -133.659042717717,69.3625588591701 -133.640684716391,69.3662288555778 -133.622406701434,69.3784908526081 -133.592256695364,69.3857838476424 -133.588135692571,69.3873718470458 -133.569489695285,69.3877678441439 -133.560805690141,69.3930018423733 -133.550582689315,69.3948778406718 -133.501050691578,69.3976398321714 -133.461012701669,69.3961438245111 -133.410280706936,69.3974108157086 -133.385938714331,69.3948548112938 -133.360000720829,69.392885806279 -133.353301728375,69.389422805122 -133.364439738457,69.3797258069312 -133.364698752173,69.3706858063237 -133.355331753547,69.3709838046941 -133.344863760059,69.3684258028415 -133.328979762122,69.3673588000203 -133.335160751318,69.3741038015555 -133.345976733028,69.3859138039233 -133.342742729849,69.388247803134 -133.322815739677,69.3836637995889 -133.24613873943,69.3926497864358 -133.233580742125,69.3927267834863 -133.227952746037,69.3909567831686 -133.228025748484,69.3884007829623 -133.251205746245,69.3869577871137 -133.259122750407,69.383311788382 -133.258315754192,69.3811677880416 -133.231139759364,69.380251783484 -133.216492767707,69.3769347804555 -133.209960761421,69.3804427792787 -133.20210276494,69.3803747779095 -133.197706760913,69.3823967772705 -133.209504751631,69.3885387793391 -133.196320735183,69.4018117778153 -133.19375473822,69.399973777214 -133.183060750894,69.3923147751975 -133.175691750399,69.3925117738455 -133.166061743092,69.399287772058 -133.156052742503,69.4006987701627 -133.138383747346,69.3992567677398 -133.130767758212,69.392696765648 -133.123550757916,69.3938337642346 -133.115982744615,69.404002763242 -133.125047737909,69.4067117651416 -133.144240735532,69.4077867685765 -133.158050735199,69.4054827712883 -133.16845673259,69.4057277728934 -133.168898728889,69.4085427728213 -133.136886724082,69.4151867677677 -133.127306729715,69.4122117659209 -133.114331734668,69.4117847635363 -133.085375713943,69.4283937584136 -133.076235714409,69.4293927572806 -133.075562718113,69.4270207570509 -133.083481724117,69.4219457587702 -133.100095735764,69.4112817613667 -133.102021746087,69.4042077606551 -133.093765747352,69.4036367593259 -133.073791731074,69.4182997565258 -133.066452728704,69.4208177554787 -133.059953731254,69.4194447536099 -133.055281741645,69.4123797534991 -133.045989745227,69.4112817510859 -133.036987743777,69.4132187499497 -133.035767738494,69.4166217496098 -133.062025714789,69.4312017549726 -133.059403709378,69.4347417547251 -133.04969671555,69.431987752785 -133.040039716491,69.4315517506452 -133.050353701744,69.441554752826 -133.051010684377,69.4522897533269 -133.046479678223,69.456859753092 -133.03900067708,69.458437751583 -133.033464684937,69.4541057502218 -133.032395690956,69.4500847504771 -133.02702469474,69.4478477492162 -133.005006700688,69.4470317453286 -132.993752692691,69.4547417436743 -132.982512681036,69.4624437420935 -133.002988665474,69.470828746011 -133.012696647416,69.4831187480382 -133.009686640682,69.4884897477807 -132.996781631304,69.4961967452319 -132.990280629631,69.4971497448905 -132.994430636598,69.4920847449814 -132.990830640641,69.4890467442492 -132.983732638173,69.4922827432319 -132.970978640718,69.4925647412304 -132.962586638744,69.494540739681 -132.961592634131,69.4974937399159 -132.972397620135,69.5054427413253 -132.962249611876,69.5128807405229 -132.970353601978,69.5185497420384 -132.97837960218,69.5172467429908 -132.996156611815,69.509174746187 -133.003951609846,69.5094717478689 -133.006272606234,69.5112647477662 -132.976593585604,69.5287437433567 -132.975220582694,69.5323667433568 -132.984163563517,69.5436747448127 -132.981355545883,69.5557967448049 -132.98683152947,69.5661657462951 -132.997038515238,69.575228748651 -133.003099510915,69.5775027494123 -133.015882509688,69.5772207523347 -133.026537504514,69.5795787535833 -133.011796493288,69.5880917516259 -132.984085487318,69.5959587470154 -132.977082483032,69.600122745613 -132.974546462682,69.6141237461005 -132.961575465894,69.6134677439785 -132.962525458782,69.6177167441958 -132.952879445808,69.6277417429252 -132.964386446919,69.6250497445811 -132.975188444211,69.6271847463125 -132.941573426827,69.6418417407411 -132.903795417681,69.6531947344681 -132.887987420234,69.6527977320235 -132.868227418146,69.6558487288413 -132.855499421609,69.6559027263277 -132.851899423105,69.6551857254409 -132.855226426532,69.6516987257085 -132.852765433694,69.6478077255955 -132.858244445557,69.6393547262915 -132.85218845126,69.6347457246 -132.8469364507,69.6369427238702 -132.836868426457,69.6534527227627 -132.829039425651,69.6566267216501 -132.809768428181,69.6552917179958 -132.793444438451,69.6511347148735 -132.785719447941,69.6447857131515 -132.813079440832,69.6459927181933 -132.82038944496,69.642542719343 -132.817673455408,69.6367747189475 -132.811490460533,69.6335557171831 -132.802765464293,69.6324807163792 -132.78340046104,69.6371797125851 -132.775939472754,69.6303827113519 -132.770295471848,69.6297567101277 -132.762984464808,69.6366917087283 -132.754258463822,69.6379437070331 -132.748608470483,69.6349897065542 -132.753539475377,69.6299317075881 -132.746721477426,69.6299477059365 -132.739882477609,69.6299617048587 -132.740403475211,69.6318547047093 -132.72909647033,69.6375767031729 -132.733199461048,69.6420547041663 -132.703933464933,69.6430246986963 -132.694425462327,69.6456176974226 -132.693255453576,69.6511186972735 -132.685927452591,69.653391696425 -132.679244454262,69.6533926942911 -132.658581466619,69.6475176910594 -132.641756463385,69.6512176881609 -132.632371463868,69.6512566863159 -132.630752476756,69.6425356858639 -132.615599481233,69.6421626830027 -132.608169484459,69.6400096817768 -132.605896492895,69.6347306815944 -132.570449520251,69.6210516740263 -132.56730452044,69.621127673604 -132.563019521267,69.6212186730016 -132.547149511487,69.6300996705724 -132.5331575106,69.6312066679697 -132.519760505156,69.6358366659089 -132.514235506455,69.636142664994 -132.49545551844,69.6294436609819 -132.460190529345,69.626924655362 -132.442092530928,69.6281926518436 -132.425063524774,69.6344186492451 -132.405303516011,69.6418496452661 -132.378371512024,69.647830641292 -132.356261504608,69.6557876375633 -132.347592482214,69.6726256361294 -132.351361473391,69.6775536371661 -132.362716464929,69.6821026392205 -132.379532458773,69.6842386427691 -132.387528459054,69.6831856436517 -132.39684946182,69.6798966452186 -132.414703483586,69.6644086482895 -132.43746947925,69.6632506522052 -132.451266480902,69.660274654431 -132.476731494535,69.6488286585306 -132.483399491109,69.6500056600159 -132.484127487192,69.6521486601915 -132.458511471867,69.6661476556188 -132.447828458972,69.6763256546069 -132.426056458944,69.6791946505731 -132.427702456478,69.6809416512745 -132.430097450266,69.6842536512488 -132.432494445791,69.6875646519821 -132.44801245192,69.681688654469 -132.464341447063,69.6823916578226 -132.471190422035,69.6991756590715 -132.477189414207,69.7037926606289 -132.489027412359,69.7041736628242 -132.496644411356,69.7026166638936 -132.493758420493,69.6961246630746 -132.496629427736,69.6923786635753 -132.488419446749,69.6801556618162 -132.500642445019,69.6798576643219 -132.509291448903,69.6765176648656 -132.528763432623,69.6844216687306 -132.541761451037,69.6702146708993 -132.560869441733,69.6752886747985 -132.570129438826,69.6754786764661 -132.573746441047,69.67387667637 -132.577818456967,69.6622956774994 -132.586839460886,69.6594426784749 -132.598634456677,69.6612206805343 -132.621887447845,69.6647056848304 -132.631817456003,69.6568026867382 -132.638901457995,69.6549716879376 -132.654069454323,69.6553456903419 -132.655718450354,69.6582526908243 -132.63743544358,69.6655676874952 -132.634963436716,69.6698176873739 -132.64560142458,69.6768456895716 -132.621505415406,69.6860846855248 -132.615982418066,69.6852296845889 -132.613953425614,69.6795086840449 -132.608568427749,69.6784246827814 -132.603529427493,69.6801716819573 -132.604521418559,69.6865186824971 -132.58863641006,69.6942396802715 -132.608566402377,69.6968106833323 -132.60714839851,69.6981076835567 -132.581605395891,69.7039826793322 -132.56776138642,69.7116116768611 -132.563169380236,69.7167316765935 -132.558135372004,69.7223396752845 -132.560438368205,69.7252926760231 -132.569715366673,69.7254826778154 -132.571362361699,69.7283886784613 -132.56254735337,69.7342796766607 -132.529602349641,69.7401006712147 -132.404482358331,69.7495836487161 -132.353240356227,69.7566246408282 -132.298049360548,69.7601116308914 -132.29359436535,69.7574656301187 -132.298539366778,69.7559546301693 -132.305161366772,69.7549466315253 -132.347338369455,69.7485236387046 -132.361250374958,69.7420686412304 -132.385375373622,69.7421686458696 -132.414398378949,69.7339966504567 -132.421738376468,69.7340586516852 -132.425961376088,69.7359876526988 -132.424638369697,69.73938265221 -132.405473366679,69.7433736497148 -132.419129362374,69.7452806520189 -132.474428363846,69.7380476613389 -132.493898359886,69.7391926649167 -132.499449360824,69.7377276658642 -132.500137365131,69.7342876659103 -132.492264378639,69.724879663761 -132.486221384488,69.7225906628274 -132.474317380138,69.7268636605142 -132.465042382369,69.7266716588834 -132.457671385231,69.7242926578045 -132.439116398335,69.7183026548932 -132.42329440357,69.7167086514889 -132.41450540259,69.7191036501136 -132.402725388299,69.7299066485651 -132.380337383129,69.7348206447293 -132.369125386661,69.7344856421488 -132.353776399589,69.7275576397506 -132.344392402455,69.7264206381969 -132.332257402329,69.7276416358874 -132.316314399428,69.7318536327098 -132.307174401442,69.7314256315831 -132.29847542588,69.7156556294999 -132.304931426888,69.7149606302005 -132.316620421711,69.7167386325565 -132.32697942303,69.7139846339465 -132.344376421144,69.7140766368434 -132.361466425363,69.7090186398188 -132.351547437472,69.702020638609 -132.346113437394,69.7032576368977 -132.345918431,69.706965637774 -132.340335427003,69.7095986363802 -132.330061432466,69.707690634176 -132.320375430984,69.7093226326275 -132.305726437656,69.7080336304592 -132.287064458176,69.695497626876 -132.274641456236,69.6983286239492 -132.26373245941,69.6963756224098 -132.254957459376,69.6976036209376 -132.25964144679,69.7065606217349 -132.249222441316,69.7116276207075 -132.236099444167,69.7111396177419 -132.243042458243,69.7007016184995 -132.232497467337,69.69480361667 -132.2159574758,69.692211613754 -132.21240047883,69.6903186131872 -132.226136482415,69.6864276149365 -132.24054149593,69.6758226178489 -132.234559499457,69.6735266165412 -132.224472496636,69.6758236146767 -132.204786486158,69.6862676110434 -132.197938484919,69.6876326106663 -132.185975486913,69.6874566082564 -132.157472502665,69.6802486033985 -132.143081506846,69.6796606004834 -132.129942502193,69.6847565981197 -132.128464497498,69.6872135983156 -132.147171470302,69.7039586014835 -132.138917450819,69.7175786007853 -132.129244446422,69.7224605997016 -132.117067443444,69.7248335975862 -132.097839447655,69.7255195941411 -132.029130436039,69.7412135823929 -132.013365437638,69.7416795798591 -131.999971446081,69.7373385772147 -131.999968496358,69.702929575662 -131.990587496115,69.7050135744247 -131.974045485033,69.7141535710781 -131.969220461503,69.7303505711758 -131.97158844837,69.738567572359 -131.989823438297,69.7430455755728 -131.965455421317,69.7581125718147 -131.956344420798,69.7597155699166 -131.931046408178,69.7711285659028 -131.897964409074,69.775415560334 -131.890120411841,69.7724945585934 -131.897367418387,69.768939559747 -131.893386423662,69.7657345591435 -131.896424429988,69.7596925592713 -131.890488432467,69.7598895579203 -131.878096421916,69.7682525563355 -131.870254420911,69.7697555555595 -131.855257423726,69.7694505529318 -131.827163425195,69.771967547095 -131.807693418593,69.7775765440629 -131.797192408902,69.7857845424061 -131.787919409931,69.7871575408599 -131.798492402372,69.7901175427099 -131.795565400265,69.7919575423177 -131.780307402974,69.7923615397495 -131.773072396976,69.7970765388868 -131.766920400661,69.7947265374386 -131.759416404744,69.7945745363684 -131.752747394754,69.8013405357826 -131.755920389521,69.8043705364217 -131.76411438563,69.8056445376902 -131.753356380522,69.8101445356143 -131.752456373978,69.8153255358009 -131.747161375646,69.8154775350522 -131.732420385027,69.811190532167 -131.729216391301,69.8059045313217 -131.725798399686,69.8002575304471 -131.721514402248,69.7998685302569 -131.708497392871,69.8073235278194 -131.712923383597,69.8135255287662 -131.71751437854,69.8155235295353 -131.733049376311,69.8155625325666 -131.746626368395,69.8201705347332 -131.760484365992,69.8196355368474 -131.761184362017,69.8219105377428 -131.75399735996,69.8245275364553 -131.731996364175,69.8249475321782 -131.72183436028,69.8282425302596 -131.710936347248,69.8380995295588 -131.702817346086,69.8403115281384 -131.691835346897,69.8411055257529 -131.681015351636,69.8388555237676 -131.672637367665,69.8294485215012 -131.665896368293,69.8294635212143 -131.665725353178,69.8392515214981 -131.681503345198,69.8430055243206 -131.679795338121,69.8480175238497 -131.658261332393,69.85374752048 -131.669814331143,69.8538465221792 -131.635711317333,69.8667555164478 -131.61955131709,69.8702345141879 -131.610871316987,69.8703875120053 -131.616317326083,69.8637195127527 -131.608718332682,69.8600715121776 -131.60195733487,69.8600885104166 -131.578995317973,69.8735835070283 -131.542891314289,69.8810315008071 -131.495286315781,69.8850884922132 -131.486111311952,69.8889874913779 -131.463411311094,69.8917494867405 -131.451691315378,69.8902474847628 -131.444180315286,69.8924054838622 -131.43118431545,69.8921534812708 -131.435700304496,69.8997374820051 -131.44463830573,69.8977154843848 -131.449385296077,69.9034304846912 -131.46721029217,69.9038044881517 -131.463544281272,69.9124334875084 -131.456906265927,69.9229004870929 -131.437224258747,69.9307894834848 -131.4344202519,69.9351684838721 -131.437727245846,69.9395864842827 -131.450163232684,69.9456904865294 -131.460924238171,69.9409824879888 -131.468903247003,69.9339164897442 -131.475694244523,69.9350694904742 -131.471602236039,69.9406994905947 -131.456589226239,69.9484964877048 -131.437804225949,69.9529604848123 -131.365048212508,69.9702254720153 -131.365797217191,69.9669134723826 -131.373336219548,69.9636034738802 -131.395828225109,69.9569284775989 -131.418090224972,69.9544394814264 -131.420407226943,69.9526544817227 -131.412203230542,69.9525254800452 -131.407345233811,69.9500764790388 -131.409075247735,69.9404254791054 -131.401990256647,69.9353444774493 -131.388334258969,69.9362894747748 -131.381927244306,69.9471994746608 -131.37280324372,69.9478324725493 -131.365341251611,69.9432404714543 -131.355698254863,69.9429804697541 -131.348037250695,69.9460704686941 -131.339951255522,69.9438434669304 -131.356446261015,69.9385104701112 -131.352266263211,69.9371754687309 -131.349244263229,69.9376474686319 -131.336133263853,69.9396924661457 -131.33753927087,69.935176466416 -131.332854270634,69.9352674656906 -131.321565261932,69.9425614636042 -131.31102026242,69.9430574619103 -131.296679269279,69.9405624595921 -131.289215280326,69.9336414574368 -131.273985283629,69.9342304550631 -131.260163293678,69.9279814519137 -131.235289308282,69.9213284477325 -131.22837531698,69.9164614462613 -131.218733344855,69.8999354435285 -131.207549355125,69.8946644416453 -131.207154359292,69.890505441707 -131.200516367573,69.8860814400578 -131.210771388367,69.8723714417481 -131.20855840062,69.8639254409872 -131.219573402205,69.8608424423903 -131.227095410449,69.8552124441842 -131.216189420489,69.8480634415874 -131.217483427849,69.8444924417022 -131.229797430193,69.8413184434364 -131.23121543548,69.8368034443829 -131.220944458695,69.8226424420976 -131.212125467759,69.817904439798 -131.202940462574,69.8229554387322 -131.195435460745,69.8239384371603 -131.190245455835,69.8289454367676 -131.182738455755,69.8299274349908 -131.176133446023,69.8371164345224 -131.164062440706,69.8418984325887 -131.181562430593,69.8464994360744 -131.18078442305,69.8521304359048 -131.185714419909,69.853648436964 -131.20271241771,69.8515514393682 -131.206082414521,69.8538694400408 -131.202834407043,69.859904440014 -131.190125405447,69.8635664378083 -131.187666396058,69.8686174375697 -131.200116386419,69.8737974395486 -131.191558375461,69.8822884383179 -131.175322365894,69.890368435942 -131.150359369632,69.8916124310745 -131.131665377842,69.8884834285668 -131.126479385738,69.8841894270959 -131.125195395063,69.8773074264282 -131.117034400454,69.8748494249424 -131.111708401521,69.8749804238447 -131.090105391921,69.8843494207537 -131.088334363846,69.9023544209507 -131.07725532073,69.9335274201872 -131.065961297994,69.9491524188277 -131.044875276249,69.9666004148919 -131.038727273841,69.9688754140238 -131.027892274908,69.9689144123523 -131.010604287305,69.96358140887 -131.000292286384,69.9645034075584 -130.993986281826,69.96887440692 -130.996976278959,69.9705304067156 -131.002209282814,69.9678604075965 -131.011473280921,69.9674644100523 -131.017181274802,69.9714914110082 -131.027375274756,69.9703394123723 -131.039334266135,69.974643414419 -131.040465255323,69.9812964147837 -131.03286825178,69.9845994142865 -131.030624255432,69.9824714134378 -131.026917261033,69.9789604127673 -131.016403251099,69.9866364113884 -131.034117238646,69.9926404144845 -131.034728229578,69.9984004149828 -131.039445230334,69.9971564153809 -131.047088245888,69.986889416145 -131.050870246306,69.9863994169338 -131.051879236949,69.9916714170314 -131.044447226185,69.9999954168624 -131.042404223159,70.0022924164836 -131.031386215059,70.0090734146394 -131.025500214126,70.0094714132607 -131.010710231557,69.999995410398 -131.002215236211,69.9985004084266 -131.000639235137,69.9999954089639 -130.998262230936,70.0022534088281 -131.008027223219,70.00623541026 -130.975020198024,70.0267894048989 -130.97215320132,70.0253554045301 -130.974701208646,70.0191514047344 -130.961087234782,70.0037564016027 -130.957276244068,69.9994304010838 -130.950649250132,69.9949974000396 -130.942139246017,69.9997653986826 -130.947037238915,70.0040613991252 -130.945111228156,70.0113863994636 -130.926465202924,70.029803396144 -130.942610191667,70.0354573991336 -130.951705197296,70.0299794007567 -130.959580198262,70.0282924020839 -130.96531419493,70.029994403515 -130.960951189866,70.0342364022834 -130.964326185755,70.0365624039107 -130.973892185151,70.0354564048662 -130.97918519334,70.0292994060807 -131.019957202808,70.0175054129136 -131.030199211402,70.0117074144823 -131.034243208553,70.0128284148487 -131.022004193961,70.0234014131406 -131.016021191036,70.0262404122079 -130.99743918095,70.035037409691 -130.985138182774,70.036097407122 -130.971450179227,70.0400734044449 -130.959287178795,70.0407514027911 -130.949784185992,70.0384624009018 -130.941604177375,70.0443453996955 -130.944061175089,70.0462674001873 -130.948502172085,70.0469004012623 -130.963332174063,70.0442844033357 -130.969833169171,70.0473354046423 -130.970107148575,70.0596194050936 -130.980971147536,70.0595874071112 -130.987411169706,70.0447644076413 -130.996675176112,70.038202409073 -131.003935173876,70.0404084107792 -130.992602139964,70.0632204093426 -130.967803119822,70.0792734059109 -130.946061110571,70.0888484021904 -130.948671104206,70.0909914023644 -130.942338101632,70.0941954016816 -130.932083101763,70.0953463995279 -130.92750610368,70.0944933987934 -130.930177109256,70.0908303988795 -130.967741129309,70.0732374049106 -130.968202138853,70.0669434055388 -130.957640149077,70.0616104026944 -130.947814149754,70.0622664017613 -130.920609136822,70.0744813967305 -130.907746129193,70.0802563950876 -130.89472812885,70.0825073923322 -130.883195130299,70.0825753908752 -130.87966813467,70.0811873899681 -130.904401136836,70.0756023947221 -130.909057142484,70.0706513946679 -130.922992147269,70.0676383973912 -130.932020159051,70.0572843981466 -130.920427170415,70.0524853963393 -130.904953169756,70.0539803939089 -130.911333165287,70.0568033947129 -130.903596150768,70.0670653941295 -130.895049147267,70.0705373927304 -130.889239144672,70.0728943909707 -130.878722143863,70.0747563895602 -130.851914129089,70.0874353852815 -130.843399132554,70.086832383759 -130.847045140963,70.0800963838014 -130.844496147854,70.0756263838984 -130.85803115092,70.0731083856718 -130.85900915508,70.0700243858308 -130.852216158958,70.0676913848304 -130.844358159689,70.0682103834286 -130.821214145352,70.0801793793314 -130.818984133961,70.0882133798934 -130.830353129704,70.090251381265 -130.822308116311,70.1000623807157 -130.817308114829,70.1008563791874 -130.807523121703,70.0980173779368 -130.794250121539,70.0986583754399 -130.790087127173,70.0973083745297 -130.799757131814,70.0915723762682 -130.796522148613,70.0822713752716 -130.79020715795,70.077121374025 -130.783539157951,70.0761663726644 -130.772810153812,70.0812793713845 -130.757079126763,70.1004073692454 -130.765335115663,70.1077453709056 -130.772188114033,70.1066003719036 -130.779267123685,70.0998713731582 -130.788027119218,70.1020843747501 -130.788744112862,70.1057463751865 -130.775894106201,70.1119263724432 -130.753158109143,70.1127193687257 -130.735931120618,70.1075853655449 -130.729356119332,70.108935364107 -130.712723116665,70.1123463616394 -130.710644118833,70.1110943608973 -130.726578130003,70.1030913633943 -130.719495139604,70.0965983622888 -130.721147146231,70.0934783623214 -130.734560144739,70.09189936497 -130.737563152401,70.0863683655292 -130.748168158826,70.081035367119 -130.738068160402,70.0812333652373 -130.734681162312,70.0800653642222 -130.739074167283,70.0769913649231 -130.753264165881,70.0756023678945 -130.761810175826,70.0678513686202 -130.758971179284,70.0652493679482 -130.748031186195,70.0627243663512 -130.738081180784,70.068012364813 -130.720441187197,70.0656913610518 -130.71554418604,70.0678673606599 -130.698623184907,70.069202357284 -130.689500182342,70.07235135632 -130.68476717486,70.0784553556158 -130.689164169312,70.0814153560964 -130.697814168201,70.0810813576423 -130.701797162548,70.084537358561 -130.698472158612,70.0870693583832 -130.690582160293,70.0875803562932 -130.683654165814,70.0846063555182 -130.668136179483,70.0779153522783 -130.662721177317,70.0791963511093 -130.653852142032,70.1034273506426 -130.658371137144,70.1066083513388 -130.667129134118,70.1076613534342 -130.67480613542,70.1055413540498 -130.6861411453,70.0978423556645 -130.690429141333,70.0994213574151 -130.691924118682,70.1141683577652 -130.682891112197,70.1186933562025 -130.66964711047,70.1230353545106 -130.661545120956,70.1159083525495 -130.655227120607,70.1167853512832 -130.64959410834,70.1261933508716 -130.642641110779,70.1259493492601 -130.63592512584,70.1164113476523 -130.636792138416,70.1082413479154 -130.631469143766,70.1060363469408 -130.625668135711,70.1115063457589 -130.610075124897,70.1201733433304 -130.603621126554,70.1208213421719 -130.597428133096,70.1170453411071 -130.586273135613,70.1166093390074 -130.587556139701,70.112810339264 -130.583464147081,70.1091333380932 -130.562849130449,70.1222873353146 -130.563536113035,70.1345323358379 -130.573640108774,70.1355013379278 -130.562958102953,70.1408253362521 -130.558824086549,70.1517523354649 -130.551819087176,70.1526673346873 -130.5458501002,70.1456323331069 -130.539170101305,70.1446713316596 -130.515261095561,70.1519963278462 -130.502041093454,70.1540023253157 -130.489304098451,70.1531933230039 -130.474228097687,70.1555443206771 -130.468747101503,70.1542693196642 -130.478163108711,70.1478763208224 -130.473799120901,70.1412013201907 -130.481996119357,70.1399873217747 -130.489317117111,70.1409113224227 -130.504118105028,70.146685325755 -130.513323102874,70.1472583272149 -130.522904107262,70.1436253288681 -130.531844116911,70.1351733299568 -130.531906140346,70.1205713299586 -130.551562140691,70.1179153330168 -130.554823144874,70.1139933337737 -130.532731180076,70.0938593287403 -130.521089189535,70.0888093271398 -130.489701194402,70.0898923208932 -130.476608185818,70.0969873192568 -130.479521181576,70.0998193199092 -130.495684178593,70.099482323026 -130.504453169097,70.1042513242852 -130.512831167646,70.1046403263545 -130.520094160767,70.1078833270524 -130.520572152438,70.1136433275035 -130.514737144835,70.1191203264322 -130.519851137012,70.1234233277193 -130.516859135829,70.1250023268453 -130.509295130982,70.1289703262361 -130.495452144035,70.1224403237881 -130.493348151068,70.1186323229795 -130.501404149883,70.1171893242406 -130.501726155124,70.1153143243704 -130.486253163884,70.1107433215143 -130.47351216637,70.1110943194083 -130.445040161843,70.1175413143441 -130.43545516417,70.1174573123863 -130.435789166387,70.1155883119606 -130.450882169247,70.1120703148282 -130.470902178635,70.1026873186805 -130.471098181736,70.1005883182566 -130.460084185765,70.1003593164362 -130.439622173029,70.1113993133103 -130.42895417272,70.1118493110852 -130.41965917027,70.114756309649 -130.40687217037,70.1162673076028 -130.404038174493,70.1148243068365 -130.409441183975,70.1072943074094 -130.423294182862,70.1052573101413 -130.426999190951,70.10084831023 -130.42375219847,70.0961943093227 -130.41829020074,70.0949113089127 -130.402176198402,70.0977963058531 -130.399854191561,70.1035033062345 -130.386476177065,70.1138483039785 -130.390824173686,70.116816304949 -130.402954166011,70.1190593070495 -130.401427163702,70.1212423065306 -130.406646155044,70.12578130764 -130.400495148051,70.1319603069118 -130.401841132557,70.1418413068749 -130.394867128736,70.145290306373 -130.396577111883,70.1558403067543 -130.388336117012,70.1545063053833 -130.379181115073,70.1564743035816 -130.37100311667,70.1564213027766 -130.375975117111,70.1543603031371 -130.378827121543,70.1520953032355 -130.38876512242,70.1503103048596 -130.384231125751,70.1482793047581 -130.381803143973,70.1363853034016 -130.389223152328,70.1312813048639 -130.386675155464,70.1291303046472 -130.374117153611,70.1310833021984 -130.370498156676,70.1294593018716 -130.379107172787,70.1186023021005 -130.380174173122,70.1172593026833 -130.368592186757,70.111041300877 -130.376433198051,70.1017413013362 -130.371887206031,70.0971633008009 -130.364867209788,70.0955232999234 -130.352781211563,70.095828297037 -130.347840210041,70.0979942967005 -130.345580199878,70.1050832958973 -130.356829190863,70.109469298222 -130.330488178712,70.1210972944089 -130.315994178494,70.1220042918046 -130.312393182723,70.120378290478 -130.323687185708,70.1173512924277 -130.337539194948,70.1090642953506 -130.336896201056,70.1054032948412 -130.324036213307,70.0992612920184 -130.344238218035,70.0926612957368 -130.33172622337,70.090899293384 -130.335389226399,70.0876562937926 -130.359299225177,70.0866102975302 -130.360856234114,70.0805542985603 -130.328308236763,70.0826362921808 -130.303833231267,70.0896482879866 -130.30017023295,70.089182287848 -130.298767238292,70.0853382873036 -130.303419238163,70.0842312878964 -130.308409244981,70.0805542890286 -130.324889244972,70.0783572917178 -130.334183247101,70.0754582928763 -130.339874251462,70.0709252938912 -130.333847259991,70.0673702925888 -130.33036526335,70.0659662924784 -130.322249264515,70.066021290791 -130.300128257902,70.071582287194 -130.295530270125,70.0656152858547 -130.287215271817,70.0640592846168 -130.278745271866,70.0659822835032 -130.272584262936,70.0721542820583 -130.266616263226,70.0736882808481 -130.257217266321,70.0726572793026 -130.242475265837,70.0742752775014 -130.227629273282,70.0719632741535 -130.220552283245,70.0663862725219 -130.227171282433,70.0648152738927 -130.238158282425,70.0650512759555 -130.219421297925,70.0567272723976 -130.226623300883,70.0537282739065 -130.22537031592,70.0438492731472 -130.220474317781,70.042308272013 -130.205583309466,70.0499522697916 -130.207793293372,70.0616252703379 -130.201537291238,70.0638682697565 -130.201627276257,70.0728942694697 -130.192582269204,70.0787842679001 -130.174134262235,70.0850772655177 -130.170180261217,70.0864362643646 -130.175034252977,70.0916842654114 -130.153425262604,70.0881682621026 -130.150682267175,70.0855582610637 -130.164243269928,70.0817052631756 -130.163225274674,70.0785322633926 -130.149108279746,70.0775562609024 -130.163375283765,70.0724962631907 -130.166824294321,70.0662632633619 -130.152998307192,70.059482260572 -130.167284303739,70.0595202634297 -130.177628298008,70.062350265198 -130.188140295856,70.0616942671279 -130.193023300503,70.0581472674966 -130.185897308153,70.0537292669247 -130.193178309844,70.0521192680487 -130.198104320047,70.0448632686625 -130.187209334434,70.0372032659697 -130.190994344275,70.029093266615 -130.184874358803,70.0202202651088 -130.172577365835,70.0175122629429 -130.162749362963,70.0206702610503 -130.161806358494,70.0239742612197 -130.161452356982,70.0258442611638 -130.179031337765,70.0358682643166 -130.144883312416,70.0569782590838 -130.139907316882,70.0540492584358 -130.136092316704,70.0545152577556 -130.133893310874,70.0592832576844 -130.144529301055,70.0639452596488 -130.13241828669,70.0755802580176 -130.126204285418,70.0766632563419 -130.116393296945,70.0710182542986 -130.109650298825,70.0698122534312 -130.09733729823,70.0721992509588 -130.089492284795,70.0817072502822 -130.093857266815,70.0937072517924 -130.090926265649,70.094585250815 -130.083739271519,70.0913262500214 -130.081234283078,70.0840712488378 -130.084106289107,70.0792652491812 -130.073731309022,70.0674082468684 -130.074815315221,70.0643252468969 -130.080182313466,70.0638832485828 -130.085858312987,70.0634182493945 -130.109039303301,70.0661492531361 -130.109636306532,70.0647232537762 -130.092255319045,70.0588552502262 -130.090467324527,70.0554912497216 -130.075956333077,70.0524552467355 -130.069856318274,70.0613962459953 -130.05819531859,70.0637322445723 -130.044955330362,70.0566822414756 -130.040328321478,70.0646002405612 -130.051010314553,70.0681112433331 -130.047897306503,70.0721072424185 -130.041714306039,70.073405241612 -130.037688307769,70.0730082406843 -130.03291231706,70.0685302401302 -130.024614324294,70.064410238734 -130.026276338842,70.0534302381021 -130.018460346911,70.0502042366428 -130.015791353468,70.0464352358226 -130.01979235386,70.0450322370247 -130.044324346552,70.0465342412997 -130.050062349061,70.0445592417037 -130.04931536527,70.0341902420139 -130.040314371858,70.0312752396803 -130.032072372855,70.031084238708 -130.017867369353,70.034968236517 -130.015763362316,70.0399582364541 -130.00726335698,70.0444122345378 -129.999972340455,70.0572842333606 -129.990996335256,70.0611522318782 -129.984437323685,70.0705752316973 -129.986955320208,70.0725202322383 -129.999969323159,70.0688652340174 -130.004228324455,70.0676682349536 -130.00988731973,70.0699412355566 -130.002151309485,70.0771282343976 -129.999968308349,70.0779062348963 -129.995862306202,70.0793642336718 -129.984497305345,70.0809882316272 -129.965576320167,70.0747412284815 -129.955945321689,70.0757932265892 -129.941653309902,70.0847582239505 -129.928007312679,70.08466522214 -129.924789315917,70.0837052215801 -129.930266319182,70.0798982220448 -129.92942833159,70.0718492216594 -129.951782325425,70.0730392260324 -129.96081332696,70.070864227235 -129.966062336274,70.0640662277437 -129.980848339827,70.059924230336 -129.981413348115,70.0545602306339 -129.975708358135,70.0488912289445 -129.970336358991,70.048990227817 -129.962144353083,70.0527372266404 -129.958205344591,70.0594522267055 -129.943132345689,70.0617632238074 -129.934662337547,70.0675982227539 -129.923341344487,70.0641272209619 -129.925032348352,70.0620072203748 -129.927030350333,70.0595042207746 -129.923644355711,70.0569342203419 -129.914931359184,70.055842218631 -129.903774352295,70.0613002172436 -129.894378352628,70.0619532154744 -129.890152354408,70.0622052146709 -129.881237355591,70.0627462132509 -129.871122343076,70.0722382111689 -129.877958338843,70.0733602124348 -129.893830342739,70.0691402156642 -129.902953347666,70.0653642168739 -129.906767343076,70.0674472175008 -129.908572334846,70.0721922182452 -129.899826325146,70.0804312167948 -129.896742319885,70.083323216475 -129.890639318938,70.0846212151001 -129.868926331913,70.0794562109245 -129.875001318873,70.0871842130316 -129.856279307377,70.0968802097553 -129.863893300583,70.1010472110229 -129.86177228473,70.1118492113673 -129.859435267076,70.123751211369 -129.847289250505,70.1369822093468 -129.845902231611,70.1486232092366 -129.820558246074,70.1418262046439 -129.803771251835,70.1409792020292 -129.794877258812,70.1382782002468 -129.798871266919,70.131556200366 -129.795288281414,70.1220571996581 -129.788724282205,70.1238431987152 -129.787733263509,70.1350061992634 -129.774718254791,70.1427171968203 -129.767410239634,70.1535671955475 -129.748812220805,70.1676211926866 -129.744474211829,70.1750511925645 -129.755370198949,70.1815741944725 -129.753842191845,70.1865181942579 -129.762665184766,70.190386195702 -129.775084185413,70.1880291980694 -129.771483215804,70.1692771972017 -129.788969226495,70.1596781998495 -129.794141243523,70.1473412008735 -129.801865247586,70.14386920199 -129.811032244585,70.1444802037045 -129.814620240987,70.1461132037049 -129.798888219597,70.1630122011938 -129.788908195807,70.1804922004313 -129.791274191426,70.1824372003361 -129.811053179822,70.1863432043393 -129.821867185001,70.1822232063276 -129.834946180358,70.1837482088222 -129.845535179882,70.1831162102944 -129.850308181088,70.1805142115152 -129.854628178978,70.1809502118113 -129.855897173304,70.185961212489 -129.845091168333,70.1900822109826 -129.825346176087,70.187563206746 -129.804323176332,70.1904402038539 -129.788086179666,70.1907212003289 -129.781006175618,70.1941471996413 -129.774931158288,70.2060731984684 -129.779999151534,70.2092392001239 -129.785140154766,70.2073172006345 -129.792266149969,70.2092012022728 -129.764557139771,70.2189511972199 -129.760632162466,70.2048441965208 -129.763324171916,70.1982071963521 -129.761612175158,70.1962311960525 -129.750349179744,70.1954061939154 -129.741314170144,70.2018301927367 -129.750700163201,70.2054401947064 -129.745025159776,70.2085751939578 -129.731078151148,70.2163111914003 -129.726135135858,70.2265501913503 -129.729354126787,70.231447191463 -129.734464125631,70.2320661928658 -129.746503139916,70.2223301943885 -129.755506134955,70.2238801959491 -129.755936129566,70.2273211964712 -129.736282115125,70.238200193104 -129.721679112119,70.2429991902195 -129.707565117514,70.240825188455 -129.670303106051,70.2534281820462 -129.659101107753,70.2529321797129 -129.660248112725,70.2498571797839 -129.676791116731,70.2461121823218 -129.676787130746,70.2368651822592 -129.684004127133,70.2375971835155 -129.694932127293,70.2362551861589 -129.69795013248,70.2328441856035 -129.690871140115,70.2284041847207 -129.691969143134,70.226275184954 -129.708432148746,70.2209881869592 -129.705197156289,70.2164561865674 -129.697754159218,70.2152821852679 -129.684982161067,70.2158851828758 -129.679125159346,70.2176771824705 -129.686432156501,70.2184931836105 -129.680800150779,70.223452182962 -129.681978138202,70.2310131829189 -129.677474135689,70.2328971820657 -129.65731614062,70.2322341786069 -129.65359713895,70.2343011780313 -129.653001126645,70.2424271781109 -129.647218128811,70.2418391777479 -129.64015113665,70.2374061764319 -129.64675914659,70.2303121773891 -129.644242153399,70.2267631762914 -129.63076715845,70.2252071739617 -129.621963164765,70.2221931726812 -129.622802165654,70.2205221726857 -129.644375167555,70.2177381762161 -129.641782178166,70.2100331752493 -129.611297197305,70.2011891699053 -129.590131198,70.2038141658687 -129.584332202331,70.2018461648205 -129.585173207133,70.199482165404 -129.604154203802,70.197909168533 -129.605894207117,70.1959571682671 -129.594053211392,70.1954981668116 -129.593777215986,70.1922781660475 -129.608289218147,70.1886471683865 -129.611371226571,70.182688169641 -129.606657234324,70.1788061684022 -129.598252236272,70.1783771668337 -129.578491221004,70.1903941635069 -129.570844225716,70.1887691617968 -129.579404237174,70.1801711636232 -129.594070244811,70.1728391658681 -129.583434251271,70.1706961642175 -129.574918245893,70.17489916283 -129.565077246139,70.1760291605509 -129.583177271097,70.1568401635126 -129.589097272257,70.1551081643423 -129.606535268674,70.1559321674535 -129.614440269988,70.1540791692699 -129.618101276477,70.1492411692016 -129.611754282346,70.1461431680359 -129.603594284911,70.1461591668928 -129.593964279976,70.1499661648012 -129.58151028122,70.1509271627082 -129.572861277885,70.1539781618785 -129.564696280399,70.1539941599993 -129.553803290676,70.1486221575688 -129.525557307323,70.1412601532156 -129.517178300904,70.147525151532 -129.507949299844,70.149448149751 -129.492355305201,70.1468911471378 -129.487566312831,70.1427791458218 -129.489228326587,70.134319146198 -129.487747327577,70.132373145951 -129.494354328472,70.1319841473378 -129.501556325177,70.133586148209 -129.511385323672,70.1330061503091 -129.492738334377,70.1274601463838 -129.482511336024,70.1287481448934 -129.476626354872,70.1170681431183 -129.469941352189,70.1186181424972 -129.466783350803,70.1208141421788 -129.458359343042,70.1266811403874 -129.458006334373,70.1327081407599 -129.454269333637,70.1333881398508 -129.422669352327,70.1259801338623 -129.423983354143,70.1245141344137 -129.439605353025,70.1231491365872 -129.459669357832,70.1171301408039 -129.462720361765,70.1137191407311 -129.451261377083,70.1044491383662 -129.453886381803,70.1029151390837 -129.465943371617,70.1079891413994 -129.473877366462,70.1089131431267 -129.483216367621,70.107211144356 -129.490096373247,70.1033511454778 -129.491118380127,70.0986671454869 -129.4869983869,70.0945161448124 -129.490568391335,70.0908381448857 -129.488141393816,70.0900601446608 -129.468612392986,70.0930431413235 -129.460297388751,70.0967591403625 -129.456665389632,70.0962781398113 -129.453873395788,70.0934401389641 -129.457017401081,70.0888621387007 -129.448885413552,70.0807901371844 -129.444366417855,70.0798981366487 -129.441131412523,70.0835371356015 -129.438722408398,70.086231135846 -129.423187419164,70.0822781329414 -129.401001419648,70.0840261293087 -129.395721404968,70.0951881287785 -129.402481393849,70.1005731298968 -129.411728391695,70.101427131134 -129.423810391152,70.0998021339442 -129.437821396361,70.0939041358392 -129.443251392952,70.0965991366114 -129.431761385655,70.1021161346548 -129.43202038182,70.1053341355293 -129.421584380935,70.1075551335103 -129.412017381748,70.1074161316402 -129.409407377659,70.1103401318945 -129.418149367914,70.1156111327301 -129.416520365531,70.1177851326991 -129.397917370821,70.1172431295996 -129.388837378581,70.112681127595 -129.39154338576,70.1072111278318 -129.385897393153,70.1040751272081 -129.372118400771,70.1009391244173 -129.389159420433,70.0850941265821 -129.403625438458,70.0716271294857 -129.40461845342,70.0614031293037 -129.41291945645,70.0576881302177 -129.426560480867,70.0402631326943 -129.451126491033,70.0298171360665 -129.486116495588,70.0226931421521 -129.494230491499,70.0240651437861 -129.503297481871,70.0286211450201 -129.512085479324,70.0299551473186 -129.528856475199,70.0296661500497 -129.56475945397,70.0391101569952 -129.572646452352,70.0386451581299 -129.576326459481,70.0351971585698 -129.556046469494,70.0299181547262 -129.55897747366,70.0276671551259 -129.539979477335,70.0262401516386 -129.50785749667,70.0188771458615 -129.492186499416,70.0186411428915 -129.486574504504,70.0168861423088 -129.48451351495,70.0100811412026 -129.496065517848,70.0061671435777 -129.507418519639,70.0031911455336 -129.513533524895,69.9999961463225 -129.522401528223,69.9953721474108 -129.573897532281,69.9863311568639 -129.600022538619,69.9792351609898 -129.631242535185,69.975535166041 -129.65895054237,69.9676381708683 -129.68830855358,69.9564071752663 -129.70854255456,69.9524181792753 -129.735182556232,69.9478101837246 -129.754364561779,69.9417981867621 -129.785751559013,69.9399061923056 -129.803450559873,69.9362901952231 -129.821180564043,69.9312551985067 -129.851059570105,69.9227632030281 -129.904344576409,69.9111812121428 -129.9391305764,69.9081222186388 -129.997650594427,69.8873852283474 -129.999971594675,69.8868362286126 -129.999969832042,69.7266122230626 -129.9962448306,69.72742022252 -129.959610821708,69.7383672167007 -129.921891819643,69.7455612097354 -129.876817820261,69.7501942022239 -129.837067815039,69.7600361955158 -129.764050814731,69.7702741832461 -129.738541815622,69.7721201788279 -129.707474819425,69.7734771734191 -129.682604815793,69.7798331691303 -129.672105810475,69.7855551671611 -129.647566803586,69.793970163564 -129.585235786897,69.8124961535693 -129.571151787632,69.8138011504058 -129.549834796776,69.8113661471487 -129.502975804729,69.8127631386675 -129.476455802682,69.8173321339532 -129.454388795726,69.8241831308125 -129.431197793731,69.8287841269982 -129.341336799205,69.8381911106215 -129.311475802992,69.8401591058575 -129.285275806346,69.8400601012173 -129.187485823764,69.8429200841897 -129.134659826738,69.8473240752252 -129.097457826432,69.8522050687742 -129.070998825342,69.8585540645359 -129.055405814599,69.8670450619826 -129.045455808292,69.8724620599651 -128.989852720933,69.9390670523394 -128.964049706921,69.9527390482249 -128.922990706038,69.9598640416257 -128.90374770738,69.9604680378085 -128.890669714132,69.9584220353353 -128.880174724172,69.9536540340167 -128.866685734402,69.9475200313511 -128.863677739243,69.9439940304697 -128.869372739234,69.9432170316651 -128.8802647365,69.9449260337236 -128.902189716645,69.9543250378979 -128.906356717011,69.9531730383463 -128.908386746781,69.933215037855 -128.904721765706,69.9211830374288 -128.896147784462,69.9101220352959 -128.902727796982,69.8998370363914 -128.913682801779,69.895998038322 -128.952301800106,69.8910790444214 -128.97061481342,69.8801300468835 -128.971008823839,69.8724930469555 -128.967622837764,69.8639090464544 -128.942475867964,69.8461560413863 -128.914047891838,69.8341320362487 -128.913650897146,69.8318430361219 -128.921878891078,69.8336900380985 -128.930573890962,69.833667039081 -128.947116890023,69.8304400416667 -128.955827888627,69.8312020434162 -128.979246880489,69.833255047607 -128.987470875233,69.8364810492746 -128.998871871718,69.8365350511297 -129.020873855663,69.8433800554536 -129.041092851547,69.8436230585928 -129.050628845954,69.8467740609133 -129.058989842865,69.8474610620525 -129.071289843404,69.8451490642353 -129.083802841625,69.8446670667427 -129.101943836668,69.8461790696898 -129.125214833274,69.8443930730972 -129.14292983708,69.8394580759786 -129.167189852073,69.8258390803286 -129.167191861747,69.8189040798399 -129.159606878219,69.8087190786779 -129.144227900553,69.7962060754967 -129.144348908756,69.7908880753806 -129.142855920413,69.7835800749924 -129.149719946174,69.7644820756991 -129.135469977336,69.7458980725331 -129.134001995949,69.733051071966 -129.140398001587,69.7269160728736 -129.154877003664,69.7237730751523 -129.157471007174,69.7208510750794 -129.156099030521,69.7054550747557 -129.160645032162,69.7038150754168 -129.189147026108,69.7035550809182 -129.176195033704,69.7001450777204 -129.164857035401,69.7014880763044 -129.151140038975,69.7006640731939 -129.144671045141,69.6968800723517 -129.144473054607,69.6908820721542 -129.138655060269,69.6870600716339 -129.11137207578,69.6814670662281 -129.098788084686,69.6759520634829 -129.085467073529,69.6857170615943 -129.06410207483,69.6869390580588 -129.036516089045,69.6820400529047 -129.031800096192,69.6776910518621 -129.021147102382,69.6748380507861 -128.980347120365,69.6686050429878 -128.971225127052,69.6647370409086 -128.965243136796,69.6590760402467 -128.964097141907,69.6565970398568 -128.957215144901,69.6546800387615 -128.952225141143,69.6581900373954 -128.945098141843,69.6585950364683 -128.917512158772,69.6506840318971 -128.913439150184,69.6576030308234 -128.899305150872,69.6586330288662 -128.899917146147,69.661365028585 -128.91964614226,69.6609520320456 -128.917864138421,69.6656670321017 -128.924548135775,69.6657520326772 -128.925907131699,69.668673033484 -128.908647132021,69.6701080305439 -128.905000135101,69.6680020297387 -128.871369141814,69.6685050241487 -128.869828135647,69.672671023583 -128.885300130595,69.6741900266139 -128.936888100044,69.687907036108 -128.968462072423,69.7027460415478 -128.976808061156,69.709201043668 -128.979509043392,69.7205900441509 -128.972000038473,69.7258640427739 -128.963760037481,69.7281760414717 -128.94536003749,69.7301360387897 -128.927017033732,69.7350870356662 -128.921204037944,69.7340260347775 -128.924270040945,69.7306230349126 -128.918567046654,69.7284040339121 -128.909791045961,69.7295870325367 -128.886320037771,69.7378260288313 -128.871581039365,69.7404970262435 -128.835513043105,69.7431900199817 -128.815977039303,69.7470420165553 -128.80638403624,69.7508040153176 -128.795961028182,69.7585320133771 -128.767533997632,69.7836340088368 -128.753845988924,69.7901550069044 -128.728533983498,69.7975420029424 -128.672849974019,69.8130369937913 -128.655409966298,69.8202169911083 -128.631410928877,69.8496499872977 -128.621169917098,69.8580419859066 -128.604018910393,69.8662899825722 -128.588212902523,69.8738809804495 -128.498609880657,69.9010419655776 -128.465272874768,69.9104179598999 -128.443039866406,69.9191999561902 -128.408324859392,69.9286359510031 -128.383529849732,69.9377689464339 -128.347442859743,69.9366629403869 -128.326079861767,69.9384719366237 -128.306836866497,69.9390129329048 -128.268586886024,69.9299429262173 -128.257735899397,69.9235879240266 -128.229705915881,69.9162859195676 -128.224334931228,69.9071159178319 -128.218612927378,69.9108689170209 -128.217866919952,69.9152859169975 -128.224595907019,69.9229989183672 -128.271668876664,69.9369229272403 -128.290389869884,69.9382569306034 -128.302414862197,69.9409889325263 -128.314283856445,69.943697935208 -128.327547844377,69.9508389370037 -128.327864835846,69.956118937747 -128.324023831578,69.9595519368798 -128.315930833891,69.9595059349018 -128.306517831153,69.9625349340187 -128.312562823405,69.9670589348854 -128.329497823557,69.9643279379974 -128.337994820734,69.9652739396523 -128.342224815203,69.9687369404531 -128.321931779845,69.9942189375492 -128.312361773334,69.999995936041 -128.304413769001,70.0048009342293 -128.306166765333,70.0072499353879 -128.319182760623,70.0077239372951 -128.326414756615,70.0103409387821 -128.355118709408,70.0369889448621 -128.384079661795,70.0637989500699 -128.390108648162,70.0726949512214 -128.385757615929,70.0945849515461 -128.357514589783,70.1160999473006 -128.328839579824,70.1277189427415 -128.269193570379,70.1413909328331 -128.262726570271,70.1424589311201 -128.208541569928,70.1513999218228 -128.193343573993,70.1507899192744 -128.129792563411,70.1666739088669 -128.099154568103,70.1679869037071 -128.093245570025,70.1669029021984 -128.094744572394,70.1656749023654 -128.141694573408,70.1582439106122 -128.152619577044,70.1537739130294 -128.155366584247,70.1492639127667 -128.151425588199,70.1464639117378 -128.1154476075,70.138613905643 -128.111508614149,70.1358209051614 -128.115555614788,70.1342349057971 -128.131103611116,70.1341419084141 -128.137450608923,70.1355929089371 -128.157469596473,70.1401699133611 -128.156083603123,70.137018912799 -128.177305598532,70.1359439162551 -128.177931602372,70.1343039159817 -128.157990609648,70.1320899130626 -128.137219621697,70.1264599086179 -128.110259632635,70.123673904409 -128.106631636578,70.1215619035179 -128.117952646401,70.113389904953 -128.111940652076,70.1104689042717 -128.079391666974,70.1056608981864 -128.063233684643,70.0949568951523 -128.047821698966,70.0890518920687 -128.028840709193,70.0842538885542 -128.018538713181,70.0838498873859 -127.988893735691,70.0715128816076 -127.976121742115,70.0700778788197 -127.932749750864,70.0697048718375 -127.929041757158,70.0673548707146 -127.934578761363,70.062936872302 -127.922759765315,70.0621448703013 -127.905120763733,70.0650878666334 -127.886678773235,70.0630058637818 -127.871301772345,70.0649138609865 -127.864111776636,70.0638838596353 -127.861523785649,70.0577948591381 -127.847342796522,70.05297285666 -127.824112800549,70.0522708522788 -127.848119788883,70.0579938565457 -127.851342782891,70.0608318571949 -127.844183776249,70.0662488564714 -127.848540771154,70.0685598567387 -127.874254762558,70.0702918614651 -127.883146759694,70.0722988627817 -127.895982751114,70.0751908657952 -127.912896746327,70.0767398679355 -127.914182747738,70.0755788685898 -127.909883750293,70.0739238675234 -127.906852753959,70.0727338670246 -127.905568756059,70.0714138667946 -127.907866758218,70.0701168673948 -127.910263756616,70.070117867825 -127.914224753505,70.0707278682665 -127.915906751361,70.0729628689851 -127.916037745418,70.0760148692857 -127.91580274435,70.0779368693536 -127.918747739237,70.0805998696583 -127.922471730938,70.0851688699708 -127.94069771594,70.0930198735995 -127.965826699524,70.0995958782683 -127.971194689525,70.1057768798805 -127.99336866873,70.1164118833354 -128.018785660594,70.1188298878951 -128.026990650319,70.1237128895864 -128.04579364117,70.1264598929333 -128.07676761653,70.1384918990542 -128.087005605264,70.1448849009792 -128.103775595846,70.1491029036323 -128.117795593103,70.1486229059809 -128.119569595724,70.1464649061689 -128.084198621668,70.1353479002371 -128.083555621418,70.133883899788 -128.081358630946,70.1288178991673 -128.084470630427,70.1281988997992 -128.106521620453,70.1321579041337 -128.095108616156,70.1354939018455 -128.097411614299,70.1376819026993 -128.132171593043,70.1458299085107 -128.139813586812,70.1493549097081 -128.136292580063,70.1536819095944 -128.075958577,70.1661558996182 -127.982581591155,70.169893883503 -127.960235600466,70.1668578788261 -127.962552594503,70.1706568797432 -127.970459588637,70.1732578811596 -127.928751584307,70.1819938743902 -127.922042577834,70.1869228728955 -127.903502578141,70.1896238696979 -127.850439577722,70.1973368613528 -127.84691658258,70.1954358606207 -127.870196581425,70.1926908640585 -127.884604586243,70.1866948667088 -127.911477584505,70.1844498713151 -127.916107586666,70.1810028718416 -127.909630593665,70.1785598710774 -127.898718593472,70.1800178688918 -127.891486595285,70.178988867707 -127.883917591336,70.1835048661387 -127.854765593414,70.1867698617573 -127.826057604182,70.1831078560128 -127.782455605888,70.1891428488587 -127.767630608541,70.1893948466807 -127.748438620843,70.1841148424862 -127.733895612876,70.1914848405371 -127.746438601383,70.1970928426771 -127.721335605868,70.1971538388356 -127.699090608738,70.1991378346114 -127.701089613658,70.1958188352037 -127.712311614914,70.19344583684 -127.710801618803,70.1914458367541 -127.676094620621,70.1944898306184 -127.65701062402,70.1945968269617 -127.654181623631,70.1966208266082 -127.657799618747,70.1986348270492 -127.671699614249,70.2002198296592 -127.659965605596,70.2079098281374 -127.63034059946,70.2150758230208 -127.616538601384,70.2161888205348 -127.599699608224,70.2149148177674 -127.600685600048,70.220239818162 -127.593840574619,70.2361708173843 -127.65154255984,70.2382138272339 -127.668104552246,70.2404128302086 -127.662650546827,70.2452718295272 -127.644156548366,70.2466158263509 -127.631414545128,70.2501478244453 -127.618516551382,70.2487508222606 -127.603736552228,70.2505438199499 -127.617425543426,70.25432082148 -127.649343538737,70.2528098271294 -127.660141535692,70.2522908295333 -127.66807554415,70.2468508305268 -127.678568542119,70.2458978326015 -127.683837553275,70.2373598328589 -127.693174554408,70.2353088343282 -127.707732540871,70.2424258373808 -127.698486541956,70.243105835359 -127.694007539047,70.2453868352427 -127.696760535228,70.2470958355101 -127.7259195316,70.2468508407511 -127.760993518602,70.2493008472172 -127.764328520158,70.2475318474427 -127.748415530627,70.2437008445548 -127.752609532751,70.2404578450416 -127.758514533438,70.2401688458285 -127.781197520864,70.2455698504191 -127.792723516764,70.2454708520492 -127.802816517488,70.2436018543578 -127.833337501673,70.2497118598606 -127.848876496214,70.2510328623549 -127.850967499901,70.249544862716 -127.833688512584,70.2425628594178 -127.838066512919,70.2416628600645 -127.892583474664,70.2592488696474 -127.925553454561,70.2677628759492 -127.932691454971,70.2669548774985 -127.936934463055,70.2609878779681 -127.943040459991,70.2609198787015 -127.949658453165,70.2651998801309 -127.985129432249,70.2731208862594 -128.026412426159,70.2708468938579 -128.035337421095,70.2740888952035 -128.032046415432,70.2774678951405 -128.035523408838,70.2807478958758 -128.055695402941,70.2832068993707 -128.073179376118,70.296601902572 -128.067657365505,70.3042489018225 -128.069443359217,70.3082989021908 -128.078078354408,70.3108619040682 -128.084200353237,70.3107939054995 -128.085252362376,70.3049419046698 -128.094649347423,70.3127999067221 -128.103880322765,70.3275329090166 -128.109754300772,70.3408229109493 -128.108123292301,70.3464309108054 -128.101623292804,70.3472169093958 -128.098069296237,70.3460649087352 -128.068906317407,70.3366419028455 -128.059341318094,70.3366579018439 -128.051145316128,70.3398238996723 -128.036421317228,70.3405558975323 -127.984039344063,70.3302568879642 -127.94625635206,70.3314158818894 -127.938329350441,70.3336508801538 -127.931007342919,70.3388388795324 -127.929345333252,70.3460568790025 -127.936379305036,70.3622768805187 -127.927420299462,70.3684718797037 -127.914719294342,70.3739188773093 -127.901499294402,70.3750258750556 -127.889786299068,70.3732938729927 -127.881216309254,70.3677318709611 -127.868759313977,70.3674108685483 -127.871077306294,70.3712098694178 -127.87867130009,70.3745228705296 -127.871131291704,70.3808688699078 -127.874602285907,70.3841578702487 -127.883906285977,70.3834718723299 -127.904969288524,70.3783058753207 -127.936155277619,70.3807018815455 -127.951444284826,70.3748878837856 -127.96658128381,70.3734608862763 -127.978775276183,70.374705888332 -127.992661276118,70.3735598913336 -128.00505328331,70.3674268928486 -128.019287297159,70.3561358953221 -128.04096930052,70.3509238988121 -128.049195299063,70.3509698997789 -128.057433287574,70.3572409020729 -128.073594277933,70.3612779048156 -128.080368278546,70.3595519055109 -128.068801289742,70.3550659036955 -128.092222277104,70.3585079076254 -128.135513270058,70.3572639157146 -128.149338264745,70.359110917381 -128.186627240371,70.3689829243569 -128.184783235768,70.37252392441 -128.177171231611,70.3754449233209 -128.173641217471,70.3859809231419 -128.152939212945,70.3918549192842 -128.157192208881,70.3937099202539 -128.173873206284,70.3926499236127 -128.18321221109,70.3889569248008 -128.189347223764,70.3798389255851 -128.198455243049,70.3663119269521 -128.177720272302,70.3505429225132 -128.15615928391,70.3451799185401 -128.156203289977,70.3421879187108 -128.166549287019,70.3423559204008 -128.181840277722,70.345964922715 -128.196472261328,70.3542049261521 -128.206833238721,70.3681889283084 -128.205718200808,70.3917349292078 -128.200118177058,70.4083659277512 -128.196046165853,70.4163079277343 -128.168122087685,70.4705219243205 -128.155303058961,70.489579922523 -128.140611041628,70.5029789202963 -128.119463030717,70.5127739170234 -128.099485025443,70.5190529136129 -128.090882009594,70.5307559130076 -128.085813006721,70.5334119121817 -128.083601005295,70.5345709110772 -128.075898004859,70.5358679105479 -128.065549998109,70.5421319089046 -128.050978996683,70.5435359059278 -128.046571993896,70.5460609051815 -128.031780997738,70.5470149030177 -128.019471002975,70.5441619005122 -128.009996006216,70.5446268986975 -128.010422002708,70.5471368992749 -128.023238992739,70.551111901448 -128.021527988779,70.5534989008797 -128.013517985932,70.5557278996613 -128.012131979533,70.5603958998546 -128.019192963918,70.5685679010927 -128.039781953639,70.5728559046295 -128.038466950215,70.5761439047555 -128.032485952012,70.5756009039994 -128.015393957882,70.5740449002465 -127.969380001178,70.552820891707 -127.922096030659,70.5410798835827 -127.823898096847,70.5135978655301 -127.810843108703,70.5073198625182 -127.816818113162,70.5035818641044 -127.814401116312,70.5011698632884 -127.78594112556,70.5006888586985 -127.765777137864,70.4954398546598 -127.746007153955,70.4878718515237 -127.751990157013,70.4841328517634 -127.767409157332,70.4815618545914 -127.751789164962,70.4804628521946 -127.737334163712,70.4820728494894 -127.656004218392,70.4590098342901 -127.609510251356,70.4448728263231 -127.556798295898,70.423883816234 -127.499649337412,70.4051618056776 -127.483529352817,70.3976778032172 -127.456446378144,70.385088797441 -127.364360455311,70.3488647808479 -127.351799472372,70.3397927783144 -127.267074557656,70.2962507621851 -127.232354592561,70.2783457553588 -127.194159638263,70.2550157481775 -127.162370675005,70.2355377422011 -127.067022805238,70.1633027241851 -127.045545844358,70.1405517194419 -126.974532973835,70.0649507055095 -126.944175012798,70.0435506989804 -126.925300047409,70.0223796957799 -126.907958081643,70.0028856923315 -126.898608087754,69.999994690046 -126.876059102072,69.9930286866244 -126.883474102644,69.9913276876136 -126.887649106481,69.9881616882098 -126.880510116965,69.9834226866896 -126.883819125287,69.9761526868516 -126.87407212883,69.9752076858325 -126.865393120586,69.9824776844154 -126.86419012779,69.9774726835395 -126.85725313038,69.9768626831783 -126.85266912737,69.9807386817208 -126.843102126991,69.9820726805737 -126.842248132306,69.9779756804885 -126.832993137206,69.9765416784223 -126.820907147022,69.9710946764609 -126.811587149667,69.9712706747913 -126.808136146843,69.9728026738451 -126.806847140491,69.978364674132 -126.778990162648,69.9683246689131 -126.793208161813,69.9658386711705 -126.801642161471,69.9643576729132 -126.827295154737,69.9648456769258 -126.829095157461,69.9624736772515 -126.80417816795,69.9603446733227 -126.800941172397,69.9570416727894 -126.806123173767,69.9547436732051 -126.804382176878,69.9536766728102 -126.789544179945,69.953402670127 -126.790588187101,69.9489916707546 -126.809709184015,69.9481606738078 -126.819687179448,69.949792675433 -126.826821168429,69.9563696770972 -126.839233173261,69.9519286788782 -126.844842169548,69.9526006801262 -126.839431166374,69.9560496786905 -126.844904159985,69.9599486802115 -126.858399159183,69.9565986821761 -126.864673170795,69.9482906830013 -126.869959168685,69.9498926839939 -126.876955166473,69.9489006852345 -126.889276181791,69.9371046870655 -126.909629187472,69.93069669007 -126.969718190894,69.91792470084 -127.007044185097,69.9158047067749 -127.035263186748,69.9108607112669 -127.0287441901,69.909548710628 -126.984251199869,69.9103867023721 -126.968095198188,69.9136377000238 -126.944075203971,69.9137826962821 -126.922640202454,69.9172536920791 -126.905449195999,69.9249066894178 -126.887949196011,69.9282026862993 -126.876914186323,69.936265685303 -126.866226186312,69.938112683029 -126.84290317783,69.9474056790466 -126.832041177159,69.9487946774555 -126.807871190013,69.9450246734537 -126.795401199245,69.9402866707702 -126.789110209774,69.9341296700854 -126.776827215795,69.9316806671575 -126.78766622016,69.9266156694587 -126.797709218167,69.9266386708041 -126.799964219761,69.9246316711824 -126.801231221105,69.9235026717703 -126.810533219811,69.9233256734383 -126.810427225486,69.9194276733766 -126.819802224494,69.9194736742836 -126.821433228081,69.9166506751358 -126.833558218511,69.9204816770426 -126.84120121737,69.9194596781375 -126.824808243528,69.9059396751137 -126.824057260968,69.8931146747486 -126.794634330978,69.849619668397 -126.771050378785,69.8204596633404 -126.736090449703,69.7770716567463 -126.688726519755,69.7361856473353 -126.645521565879,69.7100396393429 -126.599086614979,69.6838026300667 -126.56106664416,69.6698106238868 -126.545927665547,69.6569156206141 -126.482455720843,69.6283896095189 -126.46584374098,69.6167016064134 -126.428993766283,69.6036465993141 -126.417770773791,69.5996715972982 -126.392945795705,69.5887775927891 -126.374855814249,69.5782945892656 -126.339960860142,69.5512935826342 -126.293511907526,69.5247675741428 -126.269021925844,69.5163665697698 -126.232698947991,69.5077695636871 -126.222717955832,69.5035275613229 -126.212052964566,69.4989795592936 -126.17990897949,69.4929525539594 -126.169215988373,69.4883445518194 -126.154664010178,69.4760905494524 -126.144472018654,69.4710025472606 -126.116036033645,69.4641285424921 -126.098139049756,69.4554475394279 -126.036102098408,69.4315655278659 -126.020173105017,69.4287595250446 -126.009538115074,69.4241435230462 -125.982140130293,69.4181245183637 -125.978235132168,69.4160245180162 -125.941155168206,69.396134510799 -125.870905211168,69.378038498803 -125.816322231115,69.3721484895865 -125.755321240567,69.3747424786907 -125.711067244866,69.3810294715168 -125.679231243105,69.3875154658645 -125.664659245776,69.3866984638764 -125.658533251894,69.3837234625118 -125.666268254892,69.3813654638669 -125.686053247484,69.3822114670101 -125.690285250359,69.3790674679052 -125.663691279834,69.3624364633278 -125.653285286556,69.3603074609465 -125.640154287661,69.3598964587791 -125.620780290961,69.3624594554195 -125.598292286989,69.3697294520296 -125.594942287877,69.3693954516021 -125.593362293306,69.3657784512069 -125.592777294032,69.3644354508701 -125.597047300884,69.359233451581 -125.614227303711,69.3537694542876 -125.614961306563,69.35190845458 -125.601417311395,69.3501294524592 -125.600595315444,69.3474054518011 -125.611552319323,69.3428674541579 -125.610011322871,69.3399444530464 -125.597811335135,69.3339944515853 -125.565897344154,69.3315304455898 -125.547863356925,69.3255564422435 -125.535671360242,69.3260144407981 -125.528254355291,69.3315604389554 -125.518625354981,69.3319194375534 -125.51097936261,69.3280824362074 -125.520523368338,69.3231444379626 -125.504175375732,69.3205444347022 -125.466722379091,69.3233044288479 -125.464428384376,69.3199564283811 -125.470705392013,69.3149134291404 -125.467394394747,69.3125174283217 -125.45551639757,69.311808426564 -125.446948402914,69.3094494248021 -125.437149409093,69.306757422867 -125.430368409583,69.3079254224787 -125.430665404578,69.3111214227753 -125.444337396825,69.3156614245071 -125.44527539243,69.3188354250604 -125.426869392817,69.3202004217289 -125.429399390474,69.3221684220287 -125.442903385774,69.3239614247115 -125.444797381811,69.325952425272 -125.418520389054,69.32485442102 -125.424715376099,69.3326524214295 -125.391808388922,69.3311034162745 -125.381417371123,69.3443174145497 -125.38804936151,69.3514054160191 -125.419419340584,69.3607954208596 -125.421846334393,69.3646044217533 -125.415870327013,69.3707744215765 -125.40896032462,69.3737824201613 -125.404903325456,69.373239418919 -125.400719334197,69.3678994181607 -125.390533339449,69.3664344168093 -125.384319346763,69.362993415633 -125.395623345176,69.3616654169729 -125.390525348359,69.3597894168007 -125.346428363878,69.3556694087291 -125.357468356956,69.3600784108629 -125.346246353415,69.3639234086386 -125.358566344119,69.3683724108893 -125.362973342018,69.3699594121752 -125.366273336566,69.372363412856 -125.353492334814,69.3753454106629 -125.353143332352,69.3785654102455 -125.370851325145,69.3790684133573 -125.392916315222,69.3833024176843 -125.403855313645,69.3829064193786 -125.420291313778,69.3790914220309 -125.432904320779,69.3733624240212 -125.450160314635,69.3745594268016 -125.473835298157,69.3819374310449 -125.493861283149,69.3901314346327 -125.476419260832,69.4079614319306 -125.471429270003,69.4021864313149 -125.473360283218,69.3934114316476 -125.460350290746,69.3890794288844 -125.447268295908,69.3888724270952 -125.437098291463,69.394059425195 -125.432001291724,69.3942434245572 -125.422290293679,69.3946014225749 -125.377115314548,69.3870874150713 -125.347077325001,69.3845074100623 -125.315388335279,69.3829064042995 -125.267748345214,69.3846143963421 -125.261172349331,69.3821043949183 -125.272928350798,69.377787397086 -125.264285358498,69.3748873948231 -125.246460359906,69.3762153921434 -125.227268370611,69.3727743886707 -125.222184369335,69.3731853879798 -125.223162366789,69.3765893885998 -125.245965352488,69.3812733925925 -125.248042350072,69.3839433926332 -125.233172352228,69.3842483905809 -125.207394370238,69.3760013853594 -125.199754372459,69.3752233848892 -125.177263381361,69.3729423800372 -125.16394338013,69.3763903787522 -125.150101369428,69.3871793760307 -125.145015368733,69.3875903749875 -125.149720364161,69.3903983757293 -125.166657358891,69.3904903789496 -125.168529356974,69.392488379451 -125.158159350454,69.39949337754 -125.150626337652,69.4096083764812 -125.129475331797,69.4176733729046 -125.127082328728,69.4207323731996 -125.133209320963,69.4239523738456 -125.142436319898,69.4243183760328 -125.146562326993,69.4182233766965 -125.155339326205,69.4170023773649 -125.16301232291,69.418787379388 -125.165722318356,69.4214423792747 -125.161019311274,69.4277903792175 -125.165736301596,69.4328933797103 -125.154823298785,69.4380813783323 -125.145341298294,69.4391043761832 -125.138049303501,69.4363813750374 -125.128106304609,69.4381053734525 -125.098153309817,69.4382263682538 -125.10486330413,69.4412023695062 -125.117829299845,69.4432703717857 -125.112014296471,69.4457643708362 -125.113114295682,69.4473293710262 -125.122476291623,69.4481453732135 -125.136363289582,69.4465203755076 -125.172787281887,69.4461613809973 -125.187240284093,69.4419883841031 -125.196351276518,69.4464733847904 -125.193261271988,69.4493353846343 -125.162063277151,69.4520283796118 -125.149730275839,69.4545223779033 -125.14618326618,69.4626633771612 -125.140620266763,69.4637703761491 -125.142495262684,69.4657683764073 -125.151413258241,69.4672863781158 -125.158327256663,69.4663553791233 -125.171891264574,69.4590163816672 -125.204846258549,69.457857387057 -125.207023265378,69.4518223872769 -125.214709264218,69.4513193885022 -125.229187256469,69.454019390801 -125.239967257104,69.4529443923355 -125.251352249531,69.4562103950226 -125.260332248846,69.4556593963326 -125.269226249229,69.4525923975066 -125.271775258265,69.4456353984263 -125.282694269034,69.4360753996573 -125.292886267133,69.4352594012756 -125.296847265705,69.4372804022029 -125.30160125308,69.4450254032522 -125.310074246576,69.4472364048378 -125.328995242423,69.4472444080959 -125.33547523781,69.4493044093088 -125.346303235276,69.4493734106808 -125.357050233607,69.4494424126952 -125.391490222043,69.4511654183427 -125.420985217605,69.4494044233244 -125.433412205168,69.4560554262169 -125.448129204151,69.4550564286748 -125.488757216641,69.4382124348458 -125.507630214923,69.4359074378398 -125.512485214462,69.4368754384658 -125.514704206462,69.4420634389013 -125.506394200567,69.4469554382401 -125.5103031987,69.4490984390441 -125.529939192958,69.4492904417123 -125.535862187585,69.4515864431867 -125.541081178205,69.4580404441688 -125.563286178179,69.4537764478729 -125.567483172143,69.4568284486926 -125.574747172531,69.4549504497297 -125.575485176336,69.4530884495222 -125.567493189741,69.4439944483443 -125.563828191672,69.4439184480676 -125.559609192788,69.4438264466891 -125.547465193068,69.4468014452098 -125.53886719401,69.4464364439019 -125.53587619687,69.4451694430035 -125.54608419805,69.4422714446985 -125.548929202824,69.4387234452088 -125.543816210873,69.4347944444005 -125.518693217101,69.4336634397109 -125.515291220971,69.4310394390058 -125.538470220604,69.4278884430557 -125.586474212223,69.4249434511699 -125.613246216201,69.4186644556239 -125.630191221197,69.4123014585194 -125.636203218785,69.4127604596895 -125.642167210467,69.4173444602421 -125.638378199935,69.4262034601272 -125.605952178518,69.4459864547192 -125.603957173567,69.4505864551839 -125.598680157242,69.4627624539171 -125.576029138038,69.4805694505762 -125.569268138141,69.4819654500189 -125.559938141335,69.481393448385 -125.549882151223,69.476274445991 -125.553594163114,69.4669674463071 -125.549533166959,69.4643734461768 -125.52827717673,69.4610394417289 -125.518726177901,69.4618464407449 -125.525453159057,69.4732844417627 -125.54197614516,69.4825234450786 -125.533449139068,69.4867344439217 -125.521500125022,69.4990944416121 -125.51507212453,69.5016264405556 -125.502328131556,69.4984314380831 -125.499370131444,69.4994534383217 -125.497342123434,69.5055184375812 -125.496963122295,69.5066474380205 -125.492030118197,69.5098054365349 -125.487358118522,69.5095234362227 -125.477885135711,69.4997894343146 -125.480030139377,69.4960424342528 -125.490610140392,69.4942804367894 -125.501022143464,69.4897704379892 -125.502588149022,69.4862764385519 -125.49955315346,69.482721438041 -125.482095162644,69.4790134347582 -125.465182175482,69.4727574320113 -125.457094178708,69.4719104304158 -125.44923317613,69.4740314286993 -125.440889166649,69.4832704274331 -125.444530164619,69.4845134283074 -125.45902216756,69.4805464308569 -125.464196160091,69.4847124319691 -125.462625147416,69.4925564316767 -125.468689136249,69.4996654329246 -125.45301712333,69.5128424302718 -125.444663124682,69.5133764292844 -125.445085134704,69.5060294287761 -125.451182137298,69.5037794301086 -125.453331137509,69.5029774302703 -125.453982142608,69.4986054303148 -125.448327146299,69.4972104296796 -125.439334140946,69.5021154277379 -125.432282141433,69.5026044272658 -125.426807146823,69.4995974255134 -125.435762150042,69.496751426832 -125.423718153172,69.4958144247849 -125.421167156426,69.4938444243507 -125.424745160368,69.4905104250187 -125.439563164365,69.4853844276645 -125.413774173956,69.482202422736 -125.408695171776,69.4849114221636 -125.397838174202,69.4857584207833 -125.394113171103,69.4886414197798 -125.405542163192,69.4918924216904 -125.401379159783,69.4954854209449 -125.411897152177,69.4978514230301 -125.410828150453,69.5008644227276 -125.379524152703,69.5033734176804 -125.366394163716,69.4988114153611 -125.353481181808,69.4882834132375 -125.342057178793,69.4916704114359 -125.318765184402,69.492510407204 -125.312118182394,69.4943494056921 -125.325107161713,69.5074024084719 -125.339320151967,69.5112404115836 -125.357343147011,69.5124234140288 -125.361757142259,69.5141014147703 -125.359706140191,69.516008415136 -125.346237141465,69.5169474121436 -125.339854140314,69.5197014113281 -125.322161144311,69.5196474083434 -125.314037151942,69.5165044069089 -125.31081816168,69.5099734058413 -125.285572178236,69.5019474015002 -125.276780190477,69.4942423998253 -125.256434201203,69.4894663964917 -125.23438420369,69.4923113922908 -125.223836205833,69.491999391236 -125.194706221904,69.4861553858965 -125.171795237271,69.4791733819312 -125.155748242345,69.4778993794247 -125.140231244247,69.4784403763288 -125.138930225842,69.4922273766412 -125.143917220202,69.4959423772643 -125.173816214559,69.4953623824028 -125.179646205935,69.4997353832462 -125.208145190718,69.5056023884345 -125.232622188307,69.5042813925564 -125.239321174066,69.5116063938505 -125.258820169791,69.5134293976329 -125.271159160062,69.5175723992581 -125.296286155931,69.516221403641 -125.300837152819,69.5183504049349 -125.280062136712,69.5323734015968 -125.279703133179,69.5343414012383 -125.278802127155,69.5392934016813 -125.282725121827,69.5437334022004 -125.288377117533,69.5451374035472 -125.309963116111,69.5427574067736 -125.327021112098,69.5428404099874 -125.33424010687,69.5450994112565 -125.320011102419,69.5501884088954 -125.289073107553,69.5519814038967 -125.284548105654,69.5544304029174 -125.282386093906,69.5627544022458 -125.265162104677,69.5576423997641 -125.24009111594,69.554865395049 -125.231513119594,69.5524153934052 -125.230845126692,69.5478603937305 -125.222209134107,69.5451903915019 -125.215005134297,69.5452133902859 -125.21139712696,69.5508373903374 -125.204377131362,69.5492493891574 -125.19465213522,69.5495923873368 -125.20283612732,69.5529663889676 -125.26056110259,69.5598613987906 -125.269212097067,69.56253339986 -125.268458092815,69.5666834004076 -125.27419308468,69.5706044012951 -125.285509078832,69.573411403415 -125.283001075142,69.5760214027884 -125.260445083221,69.5752133990642 -125.252383087384,69.5722913977382 -125.24640308905,69.5720463968069 -125.243744088661,69.5741983964483 -125.243446078964,69.579935396532 -125.259064069279,69.5839633990847 -125.246678067041,69.5887553972593 -125.257099058987,69.5929663987573 -125.263651059076,69.59067740024 -125.290117053083,69.5913414044292 -125.301840042469,69.5954994064186 -125.311144041127,69.5958574084121 -125.35747704403,69.5859554156181 -125.384971027589,69.5922954210828 -125.393623025287,69.5926684218073 -125.404688030433,69.5879154236674 -125.4524399997,69.6003824319953 -125.464651998888,69.5994814340654 -125.496240009919,69.5860154393784 -125.50355901654,69.5804164409249 -125.511376017858,69.5780664421514 -125.514971015685,69.5790734429507 -125.502824006333,69.5878614405734 -125.496019000712,69.5923784398757 -125.464281992061,69.6047604344437 -125.443259991259,69.6091944311348 -125.44310199958,69.6020984305084 -125.435852005422,69.5998394297777 -125.42141400884,69.5999084272214 -125.405803007102,69.6048304245357 -125.405227997441,69.6117184246076 -125.390909993088,69.6165944220181 -125.392679989555,69.61812742236 -125.404771990415,69.6167774245089 -125.4146289849,69.6189364261698 -125.425965987062,69.6150904283025 -125.43203098483,69.6155574295265 -125.432189980056,69.6183034295996 -125.415564974109,69.6264674263942 -125.412980964458,69.6332034261032 -125.422869949482,69.6420074283614 -125.411051940348,69.6501484259851 -125.393386927535,69.6623164240941 -125.387168915167,69.6723884225448 -125.386554902657,69.6813454232306 -125.382621896662,69.6858384223111 -125.370332894125,69.6910864205247 -125.344305893037,69.6945434158122 -125.34369589732,69.6924984156041 -125.368302904092,69.6842894196245 -125.366524904109,69.682749419409 -125.325462904396,69.6910874127297 -125.308554905428,69.6919194098931 -125.275627917205,69.6898754046867 -125.250315934094,69.682298399907 -125.234450939484,69.6821693969574 -125.222444937815,69.6839623950102 -125.211875934016,69.6884563933629 -125.207101911882,69.7060263923659 -125.141472898097,69.7257013821232 -125.129760900265,69.726335379782 -125.116614908303,69.724268377414 -125.097772908436,69.7276633748593 -125.08835591451,69.7247793729218 -125.084565913123,69.7253663727838 -125.080489909213,69.7296233714261 -125.100226887374,69.7408543755279 -125.097803883736,69.7439133746281 -125.089484884692,69.7448833735632 -125.055313895074,69.7433043675882 -125.025430913738,69.7358403626154 -125.022764914619,69.7356203623342 -124.999970923261,69.7337053583645 -124.994296923488,69.7332323568933 -124.975159935384,69.728609353865 -124.963249948302,69.7214523514414 -124.960610955847,69.7167383510745 -124.96883997671,69.7013563517275 -124.964340990571,69.692346351456 -124.93874402459,69.6714573461169 -124.942857033019,69.6649103473019 -124.950494033657,69.6639733476531 -124.957033045787,69.65436734895 -124.953313054272,69.6480813484426 -124.948868055875,69.6486833472408 -124.946352047998,69.6538113475628 -124.93900304425,69.6581743464106 -124.933871048406,69.6562823449082 -124.930209074067,69.6383223446487 -124.916789096453,69.6254973419413 -124.912224097034,69.6256513409665 -124.922297072114,69.6406493426906 -124.919366065079,69.6466993421393 -124.90757806195,69.6516663404292 -124.887179058645,69.6564643377757 -124.870911052289,69.6643313350935 -124.865876046557,69.6699843341733 -124.866535038158,69.674776333889 -124.880855016591,69.68848633689 -124.874458996417,69.7035773363545 -124.879455976295,69.7169143375109 -124.870361978617,69.7174473357221 -124.858895985012,69.7141593340374 -124.848993998474,69.7069343322039 -124.842730001114,69.7057663305476 -124.828002001581,69.7073923287499 -124.808488015503,69.7011663246113 -124.796479019501,69.7006403228735 -124.786325020044,69.7021123209626 -124.785106015982,69.7049043205423 -124.791789011869,69.7076593222845 -124.800988000449,69.7123973236109 -124.801223992611,69.7181113240427 -124.809013991967,69.717623325365 -124.821984996884,69.7119383271838 -124.828524996906,69.7117243286977 -124.83198098707,69.7171043294611 -124.851761979794,69.719432332445 -124.855591974263,69.721360333157 -124.878289947783,69.73663533754 -124.890151939036,69.7412823400906 -124.912726933141,69.7416783433053 -124.931074939399,69.733972346023 -124.944359935536,69.7342173482902 -124.982459916818,69.7404953552627 -124.995224912331,69.7412133578431 -125.001421907423,69.7444403581883 -125.039186894475,69.7470563649623 -125.045282888219,69.750109365788 -125.053323889756,69.7479493674064 -125.082916876699,69.751979372846 -125.110228875958,69.7480713775684 -125.115929870035,69.7517633784468 -125.114543863906,69.7561663784661 -125.131312851586,69.7615383814227 -125.138649852975,69.7594543826261 -125.147757847215,69.7612013841516 -125.158119833718,69.7695483859512 -125.165261827441,69.7713643870785 -125.173319836676,69.7649023887179 -125.189566832606,69.7638803909835 -125.195726837215,69.7600043916943 -125.23226483439,69.7559833983508 -125.240135829335,69.7579973991941 -125.244872821942,69.7628654003983 -125.259902812785,69.7666954031914 -125.259726807987,69.7705934030966 -125.238532817855,69.7660693993059 -125.235008813814,69.7698533987021 -125.243027806063,69.7746134002933 -125.255754801807,69.7750804028112 -125.259574794302,69.7790694037403 -125.270132791943,69.778925405771 -125.27678578344,69.7835024067029 -125.26855376153,69.800508405698 -125.273172756011,69.8049264064364 -125.296992739332,69.8114184109171 -125.293068738421,69.8138454101091 -125.267655741248,69.8154234058872 -125.248110736996,69.8211464023354 -125.234657708633,69.8431424006398 -125.225725707387,69.8466583992203 -125.206717709814,69.8475443961029 -125.199495703814,69.8523793953064 -125.193706705893,69.8530373939903 -125.177971714445,69.8492293905558 -125.168693717718,69.8493223894456 -125.166590717672,69.8481703891435 -125.161583724099,69.8454453882432 -125.178220723877,69.8432633912905 -125.187225724005,69.83997539221 -125.194441733317,69.8328573934786 -125.191146741632,69.8283943929269 -125.204620739311,69.8267843947282 -125.205992742445,69.8246783948816 -125.196399745641,69.8236333938779 -125.194672755558,69.81774439283 -125.175886758594,69.8193073898973 -125.169312765912,69.8149513883579 -125.172525768283,69.8123253890772 -125.185921768218,69.8104883911707 -125.186113773024,69.8065883911141 -125.179932782716,69.8013093904802 -125.186092789354,69.7951383917238 -125.165673808131,69.7864563876819 -125.135949809747,69.7890873828062 -125.127288817388,69.7866303812846 -125.109583821009,69.7872413781812 -125.087068821235,69.7896143745536 -125.084512825235,69.7876383737822 -125.090333826219,69.7858523745557 -125.106698824808,69.7841353771086 -125.112672826383,69.7818703780403 -125.103096829426,69.7808243767273 -125.089300828786,69.7846393743524 -125.069963831372,69.7853883712683 -125.065224830146,69.7873793700765 -125.069342821434,69.792505371662 -125.063621819044,69.7956713705803 -125.048445818701,69.798250367841 -125.037728815227,69.8025003659735 -125.032104805423,69.8107013650834 -125.038110793415,69.8178273660904 -125.0263637819,69.8278373648716 -125.01386276783,69.8399293624034 -125.03219774106,69.8553403667593 -125.028282735341,69.8602773660358 -125.018991734249,69.8626503641954 -124.999968737839,69.8627713609433 -124.993768739834,69.8628093599535 -124.986322738308,69.864655359038 -124.981201733601,69.870095358043 -124.980553722856,69.8772143575884 -124.956495695031,69.9004383545525 -124.955053685724,69.9071293539251 -124.943644677969,69.9139123526101 -124.911101668387,69.9261953472051 -124.905678663121,69.9321163466469 -124.912233652274,69.9373713478138 -124.909690648928,69.9402023471694 -124.867228655825,69.943422340319 -124.784828661266,69.9543253266043 -124.794357654131,69.9574533283762 -124.792746651907,69.9588793279449 -124.771943653321,69.960916324721 -124.739792667536,69.9580553189959 -124.733162656902,69.9655853176983 -124.719245649609,69.9733523153296 -124.709494648536,69.9743443139247 -124.705302643793,69.9785943133077 -124.69355864521,69.9796543113826 -124.691804649606,69.9781053108047 -124.702980653884,69.9724913127659 -124.688524660903,69.9708883104789 -124.690782667422,69.9644103103472 -124.687393673631,69.9617783099717 -124.678484676772,69.9609083086915 -124.672419674053,69.9631593075357 -124.654664678564,69.9641733040428 -124.65377267257,69.9683243046351 -124.644876667555,69.9724903028466 -124.630242667747,69.9752363005859 -124.628022664485,69.9794253004685 -124.643662639794,69.9928843030229 -124.644936632491,69.9976513038234 -124.650253626539,70.0000023046066 -124.661105624853,70.0005743064605 -124.670113612446,70.0067013076791 -124.689558600786,70.0118043114588 -124.716895589912,70.0139173158066 -124.729492592006,70.0110033178701 -124.714987600333,70.0068833159885 -124.718354605084,70.0044953163212 -124.732614606071,69.9999953181678 -124.746202598386,70.0036113209293 -124.755012595995,70.0040143224305 -124.757826598609,70.0020923230035 -124.755351601269,69.9999943228471 -124.745628603859,69.9990483209785 -124.743562610598,69.9963693204396 -124.72510561496,69.994897316829 -124.731592618668,69.9917153183269 -124.730475626837,69.987635318101 -124.74301063217,69.979684319697 -124.74952663399,69.9778613212799 -124.771559638116,69.9716823240384 -124.769279646798,69.9658073244263 -124.817468630599,69.9686063323235 -124.831300614326,69.9775413345093 -124.861950606386,69.977236340034 -124.871004603092,69.9785403420953 -124.874344598042,69.9809513424173 -124.871416598507,69.9824163413419 -124.858957599874,69.9832783395175 -124.844946591074,69.9906023374424 -124.803709586384,70.0010853308682 -124.780382582489,70.008691326974 -124.7822765782,70.0106913276209 -124.788309578182,70.01072932794 -124.820601582158,70.0016793335821 -124.828019580478,70.0019013345322 -124.830193578189,70.0034503352349 -124.833853572578,70.0060603360319 -124.853943561966,70.0109033396838 -124.870710555644,70.0110413423423 -124.885422559146,70.0062193450836 -124.904389546115,70.0117743483973 -124.915124544403,70.0118813493571 -124.925226545526,70.0097213517965 -124.928118549733,70.0057393520972 -124.923526556851,70.0013143507706 -124.926087558749,69.9999943510998 -124.931125561036,69.9974003527706 -124.909679570995,69.994898348565 -124.914085572923,69.9915483496619 -124.935737566546,69.9924403533272 -124.944695567576,69.9909993546565 -124.952085572475,69.9864133555698 -124.965508564632,69.9889383583176 -124.956130559263,69.9936013566686 -124.963660554593,69.9965543574931 -124.978064546144,69.9999943597935 -124.988059540503,70.0023833619401 -124.99996853638,70.0027943643029 -125.004960534194,70.0029703649572 -125.038857516279,70.0091653707966 -125.040924520922,70.0070353711068 -125.032073528905,70.0018333699261 -125.033058531765,69.9999943699065 -125.033815534508,69.9985763697187 -125.058302542527,69.9883673739436 -125.088113537087,69.9873683788398 -125.105539538953,69.9828823812493 -125.103159542573,69.9815923812982 -125.076203545629,69.9831863764377 -125.037713567367,69.9748703695012 -125.06485556421,69.9716663742292 -125.075394565955,69.9687973764029 -125.07918057323,69.9634043769601 -125.085205576105,69.9611383773898 -125.098563572068,69.9611453805269 -125.098884564771,69.9668523803931 -125.10430255832,69.9694163810081 -125.119521552137,69.9711933842398 -125.13037855121,69.9694543853935 -125.130846557015,69.9664553860162 -125.137260558924,69.9632673863807 -125.14657555857,69.962472388 -125.173113555915,69.9602063925026 -125.167350562416,69.956515391771 -125.144739566601,69.9568273874795 -125.105325581359,69.9545073812931 -125.091645588074,69.9510753783118 -125.093174591644,69.9494273786936 -125.109969589009,69.947481381316 -125.11328160013,69.9405003821981 -125.120295601713,69.9370583829603 -125.150881595365,69.9367013878779 -125.164165586373,69.9410573908493 -125.183132579351,69.9420033940953 -125.199517577053,69.9409813963268 -125.177707590706,69.9348703925399 -125.208268593613,69.9276303981442 -125.21652159025,69.9284923991517 -125.223496574291,69.9385554004101 -125.193856562628,69.9512493959 -125.190700556566,69.9564003952006 -125.200042540024,69.9654643972903 -125.188881532098,69.9729473955715 -125.197035520078,69.9802183973572 -125.196879497339,69.9955613979174 -125.209077489876,69.9983543999187 -125.210549487327,69.999994399992 -125.213066483678,70.0027934003336 -125.206521473093,70.0101183993288 -125.199113469842,70.0144903986937 -125.183722473324,70.0145583959392 -125.172387478601,70.0124303937807 -125.159128479931,70.0151693916105 -125.133387466432,70.027948387413 -125.132857452065,70.0382103880243 -125.132780449574,70.0396443878079 -125.117717453742,70.038553385303 -125.10589745605,70.039415382976 -125.092010455361,70.0423983806312 -125.072458446799,70.0512953775294 -125.046678450627,70.05261437345 -125.02865044791,70.0575653700173 -125.017859443867,70.0620433683521 -125.016305440881,70.0659893686386 -125.029617423148,70.074929370576 -125.026877421356,70.077081370385 -125.0143674234,70.0779523683392 -124.999967428685,70.0753873657234 -124.995966432059,70.0746703651071 -124.980202447509,70.0664993619602 -124.979272459311,70.0585203620579 -124.992745466961,70.0516673640354 -124.984138474061,70.0473723627318 -124.999190480626,70.0413843649826 -124.987998488063,70.037401363133 -124.995116489894,70.0361723641037 -124.999972489226,70.0353343644828 -125.010993487324,70.0334343667135 -125.021524479384,70.0374313686294 -125.051987472541,70.0384763740734 -125.047639480499,70.0326703734644 -125.058609487592,70.026584375043 -125.042031493321,70.0248513722765 -125.037529497173,70.0231643713275 -125.040192499824,70.0207923719408 -125.022749503018,70.0206853683914 -125.005479517847,70.0141613655348 -125.015052521501,70.010186367074 -125.003800527364,70.0082723651602 -124.999970529359,70.008554364507 -124.980844529419,70.0099503609802 -124.96827052649,70.0151693592837 -124.956459527178,70.0160153567051 -124.94188753424,70.0142083541967 -124.911436540359,70.0154363492297 -124.863419544539,70.0208913414925 -124.856164542636,70.0230043402028 -124.85103054088,70.0245003397841 -124.846068531332,70.0331213387976 -124.859061532711,70.0292683403544 -124.874931530317,70.0285293435626 -124.887422521153,70.032465345236 -124.913371521988,70.0270483502164 -124.926514520027,70.0261553518478 -124.943487526484,70.0198763549779 -124.953980523295,70.0190753563353 -124.971404515218,70.0214793594538 -124.974489510121,70.0252623603061 -124.969421505641,70.0286353594122 -124.936145510371,70.0317943540136 -124.929009507732,70.0349983527227 -124.940470499632,70.037599354671 -124.9492274963,70.0377683561767 -124.95815949107,70.0409033580711 -124.942118486422,70.0457793550788 -124.924651491861,70.0456713522616 -124.912872499946,70.0419323503361 -124.893633508107,70.0402773466332 -124.888437508038,70.041604346006 -124.862992503322,70.048135341641 -124.848907487064,70.0625473401214 -124.840829485916,70.0648673380802 -124.830064488915,70.0647603367962 -124.813064500787,70.059130333117 -124.827036504882,70.0538723356044 -124.825675508185,70.0514013354487 -124.762142515182,70.0568643247494 -124.752039507454,70.064051323523 -124.708556519773,70.064508316006 -124.702462517712,70.066758314745 -124.698623510361,70.0723743140278 -124.693239512768,70.0723123136472 -124.68873451815,70.0681093126857 -124.675623520206,70.069200310417 -124.673960528969,70.0630813100727 -124.666336533157,70.0621753089835 -124.638892532343,70.0673773036396 -124.623526539869,70.0651103016798 -124.630960542876,70.0603053024353 -124.652963540232,70.0598463065052 -124.659485542346,70.0566743073095 -124.6512535495,70.0534993057424 -124.626832558436,70.05242230167 -124.624520570882,70.0438093005808 -124.597145582724,70.0391632963356 -124.589651590625,70.0361952953005 -124.593461594258,70.0328772958151 -124.617919588377,70.0316642995532 -124.618216591204,70.0302752997226 -124.605112600791,70.0263382971184 -124.620430608692,70.0185423002012 -124.612885616979,70.0128342982944 -124.602143621549,70.0127042966766 -124.592184633932,70.0054642946667 -124.584410638616,70.0038782935269 -124.564338641419,70.0052742903018 -124.560771641338,70.0055252895747 -124.557933640387,70.0074402891367 -124.566125622621,70.0181662909224 -124.563706620814,70.0191602900343 -124.557008624404,70.0191352891982 -124.545009634807,70.0142382869864 -124.535540637321,70.01384128545 -124.526168630563,70.0189372837533 -124.537688623213,70.0220122857762 -124.539191618459,70.0251712862863 -124.532243613179,70.0292672850223 -124.535492609146,70.0314572855526 -124.543222606425,70.0328232874988 -124.566293603324,70.0314272903895 -124.577278599531,70.0324572924845 -124.580057595176,70.0353492935702 -124.577216590894,70.0372642927723 -124.55649859228,70.0399652897041 -124.533458585483,70.0491282854595 -124.513688589058,70.05041728197 -124.486434597025,70.0487302780116 -124.488031604808,70.0445652781469 -124.483695610439,70.0408112766657 -124.459329626107,70.0346852724878 -124.463241626105,70.0338622735914 -124.473299626888,70.0317472748098 -124.48965362006,70.0328542780139 -124.485991625738,70.0290782775355 -124.464500632377,70.0288102738983 -124.450729633432,70.031413271092 -124.459259637294,70.0266822722463 -124.455893641095,70.0240412716792 -124.440010645714,70.0247512694027 -124.424055644748,70.0277422669673 -124.414912641191,70.0312212647981 -124.417979638688,70.0327242660818 -124.4424816307,70.0342812697379 -124.44234862769,70.036341270019 -124.418304631208,70.0366082656657 -124.416004630748,70.0380422659931 -124.424773622272,70.0434972669386 -124.420647618272,70.0456802661979 -124.412522625147,70.0427262652618 -124.408883623672,70.044206264535 -124.418734612426,70.0512262661208 -124.425911608234,70.0530722677274 -124.442421604373,70.0521172700196 -124.452174592563,70.0586872724093 -124.445718584607,70.0648212709992 -124.448583574756,70.0706802722564 -124.467310564794,70.0756092752887 -124.475173563083,70.0749152763247 -124.473877569861,70.0699172756026 -124.477395573524,70.0679872766455 -124.495736574135,70.0637682794137 -124.499636572509,70.063654279816 -124.517693569103,70.0631042831117 -124.522545574521,70.0586112841653 -124.556815557459,70.0639662900372 -124.56287556376,70.0589762913476 -124.571581561522,70.0589392926664 -124.575264552459,70.0652252933873 -124.589234541498,70.0698332958801 -124.579009538003,70.074259293991 -124.586336528673,70.0790652955165 -124.582940524011,70.081460294616 -124.566356525023,70.0847112918226 -124.543536532216,70.084726288318 -124.521935544094,70.0792092846496 -124.505837548045,70.0792412816838 -124.502954536244,70.0887082815962 -124.528959514121,70.0982072857712 -124.547745512921,70.0955762890164 -124.557127509346,70.0980322910433 -124.569184504798,70.0978952933474 -124.572089502498,70.0987182931193 -124.567968502263,70.1009002929678 -124.562093502203,70.1015412920719 -124.56494349483,70.1046542922018 -124.601960486481,70.1048912990482 -124.629461483025,70.1022053029345 -124.643690487794,70.0976503054465 -124.648140500155,70.0867633061939 -124.656687497564,70.0885563078756 -124.653975490229,70.0934393069502 -124.657006486477,70.0947213076706 -124.666274485316,70.0942033097305 -124.677808493512,70.0872053108542 -124.697992498183,70.0799423140212 -124.712035496123,70.0797293163326 -124.741562476659,70.0870303216204 -124.739455475076,70.089151321698 -124.696419483139,70.091424314654 -124.682925480987,70.0936833121268 -124.67648347598,70.0983073109977 -124.673929476176,70.1001373107083 -124.685964459,70.1098263128972 -124.7188104486,70.1094753185149 -124.743296456461,70.1007023224489 -124.753664453093,70.1017473244064 -124.758934442156,70.1086683256674 -124.758014432646,70.1151073253113 -124.738589430392,70.1202943223137 -124.703858419209,70.1335083166273 -124.690081405801,70.1446933145277 -124.692772397605,70.1496463152358 -124.747244359427,70.1664593250541 -124.751572352557,70.170038325858 -124.753364349887,70.1715253258553 -124.750606342999,70.1761883255851 -124.759400334924,70.1811703268308 -124.756744331031,70.1837713264055 -124.747378332293,70.1840693248257 -124.726531348532,70.1769433216735 -124.703308351916,70.1783613178711 -124.692916352189,70.1798263154949 -124.683396346805,70.1844733141681 -124.679527341118,70.1900803135517 -124.666765340181,70.1927653113172 -124.654832345724,70.1910793097232 -124.646174357968,70.1840303081051 -124.630904361451,70.1849613049428 -124.600791379426,70.1783383000027 -124.589908366798,70.1880522986504 -124.575677374452,70.1852812961519 -124.564046371173,70.189760293885 -124.562643361412,70.1971152940718 -124.553329357521,70.2001442920507 -124.536705363263,70.199449290068 -124.528071366981,70.1990832878686 -124.517868380965,70.1911562861488 -124.526523382228,70.1881582877047 -124.521661387748,70.1850982866399 -124.50396339333,70.184488283335 -124.513908404636,70.1761872849961 -124.531851403465,70.172670288459 -124.551797399868,70.171609291214 -124.568636404952,70.1665212941702 -124.583709402448,70.164912296586 -124.598289414593,70.1539472988239 -124.620451415107,70.1512013029107 -124.673157401724,70.1493403115147 -124.68163940588,70.1458763134368 -124.682908409677,70.143091313423 -124.680343411898,70.1411073126182 -124.670816415288,70.1407173113087 -124.649544434999,70.1317773072136 -124.644419437063,70.1312733066147 -124.637110438863,70.13056330532 -124.615266443424,70.1319223019001 -124.574791439141,70.1416332949432 -124.560830441989,70.142289291971 -124.556093440054,70.1447172914726 -124.558876435738,70.147608292142 -124.552076432738,70.1498732915867 -124.530578438346,70.1500722876665 -124.514525460877,70.1377512844223 -124.538283467225,70.128336288143 -124.571710465927,70.1250322939161 -124.586206471117,70.1188682962115 -124.590568473216,70.115077296938 -124.585715475773,70.1145342957536 -124.549034480998,70.1181822901731 -124.546180478427,70.120096289326 -124.550239474611,70.1227132902669 -124.546722472628,70.1246512895419 -124.531787473404,70.1257792869496 -124.511111474878,70.1273362834689 -124.506180471841,70.1316012829782 -124.452821478873,70.1359502741219 -124.42637047637,70.1429162697964 -124.408395477654,70.1436792662368 -124.391107485187,70.1419092631637 -124.388102500209,70.1328522623202 -124.376746502949,70.1331882608487 -124.371521510999,70.1285412598857 -124.391358514843,70.1220112635623 -124.399973512965,70.1215232649514 -124.407592516645,70.1171812656215 -124.441168520248,70.1093232713948 -124.445193524581,70.1066832719735 -124.432855532064,70.1031672699346 -124.440104539057,70.0974602708648 -124.435400542603,70.0948582703356 -124.421522545933,70.0957352675958 -124.417051537926,70.1018082673704 -124.413055539972,70.1019302664945 -124.406726544911,70.0982312653189 -124.408240556021,70.0910972654418 -124.398782566453,70.0856642638085 -124.388693573699,70.0829942618455 -124.371522579436,70.0814462584552 -124.363816586504,70.077554257721 -124.376952593297,70.0712222595214 -124.373476597884,70.0681242591412 -124.350549613196,70.0623952550845 -124.351417622428,70.0552832546782 -124.336267635662,70.0484182522775 -124.344940638014,70.0456482536385 -124.358643626176,70.0521042557324 -124.368070623593,70.0522782576901 -124.386116621958,70.0494562602773 -124.382369634313,70.0427032597341 -124.395654637848,70.0370502621374 -124.383837642672,70.0353482603614 -124.364821642645,70.0395682569925 -124.35092064499,70.0402092543954 -124.342257658531,70.0324652529202 -124.356696663176,70.0260952554588 -124.359405669932,70.0209832553887 -124.353344682663,70.0129262542597 -124.365836688837,70.006846256574 -124.380723684932,70.0075392589363 -124.386068679443,70.0101252594431 -124.385787672895,70.0142542596177 -124.43440467059,70.0082262674614 -124.457688665446,70.0077522713309 -124.461638656956,70.0126582726946 -124.45683965198,70.0173822717489 -124.472103643205,70.0194342745761 -124.477518638582,70.0222412756394 -124.483313638275,70.0213802761533 -124.483811643343,70.0181682761795 -124.471756650145,70.0155582739825 -124.468332655228,70.0126892733675 -124.478687662348,70.0062052749368 -124.487533655323,70.0093632770004 -124.491280654103,70.0083332773687 -124.492499658448,70.0053262778448 -124.502404662114,70.0022762791426 -124.501573667179,69.999101278982 -124.479149673132,69.9977292752826 -124.459002676557,69.9999942720683 -124.457261679306,69.9983832715127 -124.465059682206,69.99495127307 -124.455300686117,69.9934172708943 -124.429068689561,69.9953472670427 -124.423548685789,69.999994266226 -124.419122685055,69.9999942649781 -124.416252686092,69.9999942649205 -124.412314695268,69.9951642640617 -124.395501699277,69.9947532614387 -124.397477705894,69.9894352616062 -124.394348712094,69.9864602608669 -124.393052714193,69.9852242600716 -124.39935471728,69.9811492615379 -124.426612715353,69.9780452663531 -124.429007712473,69.9795702663053 -124.421014708727,69.9848432653454 -124.4206847004,69.9887402651156 -124.426315696018,69.9924562662923 -124.438936695464,69.9895642679102 -124.441920701143,69.9855902691461 -124.45041870094,69.9848712702393 -124.456545693093,69.9878862715345 -124.464267692065,69.9867422724147 -124.468568699597,69.982721273205 -124.456460716127,69.9721172708755 -124.460817720433,69.9683252716322 -124.470537724273,69.9645942732662 -124.48107272272,69.9640522748076 -124.507724710995,69.9664402792891 -124.517358711766,69.9649972810688 -124.52580872134,69.9565062824007 -124.523119726589,69.9538432817309 -124.469892747672,69.9492972726434 -124.464532745389,69.9514942714578 -124.45120173959,69.9569492693225 -124.439942742024,69.957292267385 -124.427168754768,69.9517312656154 -124.417947774635,69.9392042634684 -124.410777781226,69.9346102624277 -124.434583814804,69.9080522662473 -124.451296814642,69.9057172683199 -124.463359809748,69.9060382710879 -124.472512801996,69.9105622719186 -124.479248802585,69.9082962736207 -124.48529181167,69.9007972746227 -124.502054813796,69.8961662770271 -124.491869822795,69.8928242747064 -124.479444823627,69.8936562727941 -124.476503822417,69.8951202729899 -124.471656829764,69.8918322719852 -124.459273827162,69.8954102692531 -124.433198838382,69.8923122651829 -124.428620846161,69.8874232641599 -124.441222857069,69.8769782662451 -124.431602864957,69.8731562648451 -124.447906875275,69.8641992674286 -124.449257880064,69.8591252670806 -124.427378892609,69.8540742633302 -124.426674899576,69.8513502634693 -124.426483907118,69.8454082628668 -124.419135912665,69.8426622613126 -124.40908190329,69.8500542603906 -124.394302909353,69.8493522572875 -124.389787905914,69.8524572573512 -124.381045907573,69.8520372554055 -124.378318913628,69.8491462546184 -124.389275919306,69.842645257157 -124.395669914263,69.8442782576513 -124.412522917864,69.8401132607547 -124.424308915671,69.8395242629357 -124.430565918887,69.8354522636289 -124.434897934971,69.8238862645067 -124.458102942614,69.8135702678773 -124.464121952518,69.8060702687059 -124.489954953242,69.8009352728636 -124.46493896251,69.7989522683274 -124.462634969736,69.7951372678608 -124.457231977685,69.7895822674573 -124.459116986974,69.7840362674389 -124.478137974855,69.7884842709536 -124.483333973801,69.7880962718853 -124.491007985182,69.7793982729506 -124.478952001858,69.7685642702972 -124.477528035697,69.7450502692839 -124.502502054934,69.726664273905 -124.499657060045,69.7233212728462 -124.465111093712,69.7070022669077 -124.451100101888,69.7037682643623 -124.441830102604,69.7036002626923 -124.39993510913,69.707384255663 -124.385370104938,69.7124042538073 -124.377346107255,69.7119612521035 -124.37213911181,69.7095972512292 -124.375679124319,69.7001142511738 -124.365498131513,69.6963062495295 -124.346613139125,69.6945902461324 -124.299411149391,69.6955432386228 -124.280640155741,69.694269235276 -124.268007157719,69.6964732334205 -124.279430148889,69.7000212356646 -124.254509154041,69.7005332307767 -124.245996146033,69.7087812294839 -124.222862141692,69.7158142255524 -124.18767713592,69.7264952202488 -124.177248137248,69.7270292184006 -124.175447139795,69.7250242182788 -124.185087147853,69.7185682192249 -124.182300153715,69.7152192190339 -124.174325155635,69.7149902178477 -124.149837151286,69.7227882139374 -124.154374143302,69.7279152147606 -124.147175139088,69.7308672138137 -124.134776142186,69.7314552114164 -124.133568143765,69.7292052109987 -124.140611151099,69.7228272119071 -124.131824165763,69.7137092103093 -124.122216164432,69.717645209344 -124.113101174192,69.7126472070774 -124.098857172747,69.7164852049675 -124.096887163922,69.722025205103 -124.087061165976,69.7223062031013 -124.08275817299,69.7180882025741 -124.068072174394,69.7201011994699 -124.062511181742,69.7161431988239 -124.068599187709,69.7112831997674 -124.070823188036,69.709505200244 -124.07269419734,69.7035092000577 -124.06969519991,69.70199819948 -124.061785197721,69.7047361983814 -124.056619206605,69.6996241972635 -124.042068214495,69.6966111946101 -124.04322021884,69.6931481950291 -124.055169220313,69.6907511972423 -124.077025213265,69.6912702004324 -124.093592203984,69.6944592035703 -124.104554204176,69.6934602056218 -124.109894203923,69.6910192063872 -124.111970215662,69.683184206512 -124.104723216808,69.6831602053239 -124.097800211418,69.6872492039389 -124.088915214251,69.6886462027138 -124.06744622183,69.6869761993663 -124.05044022377,69.6874551959966 -124.050284229775,69.684030195968 -124.031508239664,69.6797651925582 -124.030984246534,69.6747461923335 -124.048634243898,69.6742491956765 -124.064874245742,69.6705881983274 -124.081624252205,69.6628662007771 -124.084446253205,69.6615702016264 -124.098269249476,69.6616312040011 -124.112483252819,69.6550462058778 -124.126298265646,69.6441362083476 -124.13723326884,69.6403912095204 -124.152947265736,69.6401612127276 -124.158497262226,69.6413752138191 -124.176706261406,69.6378732163065 -124.202807275357,69.6236202206098 -124.207734280186,69.6195852216163 -124.209605291632,69.6110712217763 -124.238574290367,69.6061042266076 -124.251178285627,69.6066452285595 -124.251360282829,69.6100712287782 -124.259402278081,69.6107432296766 -124.262209270583,69.6168382304969 -124.290634268632,69.6123302352077 -124.309262273688,69.6053722387474 -124.27038128496,69.6047002312025 -124.264557288711,69.6023582306464 -124.247286295662,69.6014962275813 -124.225108295528,69.6046692236168 -124.212023297745,69.6048212216354 -124.207453303966,69.6022132206777 -124.221936319631,69.5889842232008 -124.224006333221,69.5786312230108 -124.239946342456,69.5687882260591 -124.241563358085,69.5566192257128 -124.250796362401,69.5515462272293 -124.270691364108,69.5472892307904 -124.285748372064,69.5392932328753 -124.314706380288,69.528490237691 -124.397575400425,69.4974852511441 -124.435746414764,69.4805312572311 -124.44467241941,69.4745342583258 -124.453498445516,69.4552792596825 -124.45314245728,69.4461382593945 -124.447824476557,69.4328022583263 -124.440448483531,69.4293762565291 -124.434528495106,69.4215562555023 -124.432657499564,69.4190922551127 -124.438233510907,69.4102272561555 -124.432445514951,69.4078912554261 -124.428268525172,69.4016132541566 -124.429882529331,69.3976772548692 -124.433045528095,69.3973492549231 -124.441440518044,69.4048622564771 -124.451045512498,69.4068552582124 -124.481485504835,69.406366263155 -124.505046494076,69.4095172673522 -124.523587490869,69.4082512704526 -124.535087494056,69.4049092719519 -124.54038550239,69.3976532727965 -124.53816550686,69.3940602726209 -124.523218511918,69.3940742705794 -124.520196522344,69.3873082695922 -124.510707525421,69.3857742677758 -124.505101532022,69.381601267145 -124.500812551335,69.3698442660696 -124.493632557773,69.3645732646401 -124.482154560914,69.365388262573 -124.477776563213,69.3639472615444 -124.458087578499,69.3574472584766 -124.44878658122,69.3565922568834 -124.434526576755,69.361841254369 -124.420648578802,69.3634122521371 -124.402164583504,69.3621532489604 -124.388681594402,69.3575382467991 -124.369141601109,69.3572242435434 -124.310129636812,69.3414102332597 -124.320088634144,69.3397312345649 -124.333375627913,69.3436752368556 -124.341318624683,69.3443472379972 -124.370822605232,69.3535092433494 -124.380586603105,69.3536692455189 -124.367899613384,69.3469632430063 -124.367586618689,69.343089242874 -124.382966624015,69.3371292454101 -124.384047628642,69.3336582454318 -124.374401630997,69.3339552440586 -124.364420627224,69.3381512424773 -124.352315629871,69.3389842404646 -124.335924635782,69.3355882371692 -124.296404647692,69.3356492310023 -124.240510665054,69.3323012212571 -124.149859686758,69.332468205898 -124.118814686296,69.3381822005983 -124.091608683132,69.3465201960923 -124.060730651075,69.3753141916274 -124.044764650942,69.3791981888119 -124.04262765763,69.3756051889881 -124.05360865983,69.3697991902328 -124.046528666491,69.367258189285 -124.051401683253,69.3547771898258 -124.058661686139,69.3497631907101 -124.05732969069,69.3468251909713 -124.045748697633,69.3444151886488 -124.042277704353,69.3406321876664 -124.018449720511,69.3328571837697 -124.015596733576,69.3233351832902 -124.010294735599,69.322802182218 -124.00432172877,69.3277691811803 -123.985107728738,69.3315221781327 -123.977663723646,69.3385931769405 -123.979893715666,69.3426461777377 -124.004656693558,69.3545081818318 -124.004839686522,69.3609111821318 -124.015113676308,69.3661051840535 -124.021967682367,69.3592771849651 -124.025232679086,69.3621531857749 -124.022080672034,69.3675101855341 -124.011252651552,69.3858731837046 -123.998431643497,69.3921841816169 -123.986330645244,69.3932141796149 -123.976040655345,69.3880171777573 -123.954302667617,69.3838371742972 -123.95125867119,69.3818611736049 -123.957305675243,69.3771231742989 -123.968174672939,69.376352176329 -123.967821679924,69.3720191762694 -123.978745680593,69.3687381779803 -123.962623693022,69.3634821754413 -123.944070684666,69.3731481724608 -123.935970696062,69.3660601706274 -123.929530696236,69.3662421697928 -123.914650692691,69.3721481675555 -123.906373694188,69.3728351655611 -123.908356700996,69.367296166168 -123.926065712786,69.3561041687467 -123.913795709134,69.3598271669326 -123.917772716367,69.3544551677404 -123.913776722124,69.3511371666327 -123.90478571905,69.3543641650911 -123.889255727906,69.3515941625927 -123.889038719971,69.3564011624915 -123.880161713617,69.3630471612391 -123.872921716967,69.3625661603251 -123.868622723782,69.3578821588317 -123.827973747529,69.3471251520362 -123.829402751588,69.3447971525184 -123.817001759062,69.3414781500553 -123.799837753907,69.3488091476844 -123.787111754751,69.349840145295 -123.782602753057,69.3529371446099 -123.786293740822,69.3608331456209 -123.782191735677,69.3657481444997 -123.763451730559,69.371974141759 -123.752244735772,69.3711341396692 -123.732256747828,69.3657311367507 -123.724916754169,69.3618111347777 -123.734338758242,69.3574461368472 -123.731166763709,69.354784135819 -123.720802760193,69.3578131340113 -123.715006766971,69.3549971333057 -123.709749767409,69.3546771326102 -123.708903761632,69.3597271325388 -123.696161763545,69.3607581298847 -123.690814771362,69.3570111293333 -123.701726777143,69.3505501308069 -123.709759776153,69.3487341321248 -123.715411785083,69.3419591330004 -123.725367788453,69.3371151342969 -123.741411785699,69.3364581375511 -123.748938780997,69.3383041390525 -123.753793781874,69.3368011394263 -123.739380789809,69.3330781365654 -123.7296267924,69.3328881355157 -123.716948794209,69.3341461336909 -123.706202791812,69.3383201315879 -123.687623795224,69.339274128708 -123.647255786299,69.3533721216781 -123.613086789773,69.3572481157163 -123.572175787263,69.3660821095986 -123.5423017923,69.3689211045649 -123.538761790856,69.3699671038331 -123.496468785969,69.3824330968992 -123.486696787251,69.3822270953265 -123.486467789758,69.381090095753 -123.515946796215,69.3700501001187 -123.507278801293,69.368906098875 -123.49908680133,69.3700260970887 -123.478189798585,69.3755890935476 -123.453942785636,69.3901460900696 -123.457261785133,69.3905190902525 -123.468224785474,69.3870410926717 -123.476306782968,69.3884360934699 -123.452128773076,69.4002390900956 -123.446452774021,69.4010710889719 -123.436855778981,69.3985690875661 -123.405432784074,69.4005070821234 -123.40012878246,69.4031470815186 -123.418822768914,69.408853084964 -123.425616766025,69.4102790858174 -123.426446760711,69.4143690860876 -123.436798753607,69.4173060875192 -123.441284744783,69.4233650884324 -123.433093730474,69.4340750871533 -123.450206717529,69.4414160906592 -123.440707705668,69.4521640888427 -123.43003969122,69.4636240872122 -123.411082680916,69.4759840847055 -123.350999675466,69.4914110750219 -123.30565967465,69.4993680672545 -123.255976679258,69.5053730587842 -123.221895682046,69.5112090535152 -123.221323685367,69.5082570537899 -123.247941688293,69.5009940574819 -123.267411683681,69.5005280610263 -123.279384683692,69.4984070631628 -123.286266688912,69.4936770639184 -123.27450669546,69.4903050618515 -123.249462695194,69.4954770580607 -123.233276699975,69.4960960550986 -123.227083703777,69.494416053667 -123.223238712337,69.4881140536599 -123.212480712423,69.4897410517753 -123.194476723968,69.4859640485904 -123.18802272766,69.4846130471594 -123.175090728814,69.4851470449617 -123.166154725368,69.4894650432739 -123.158084716788,69.4983390426296 -123.162096701688,69.5089730435359 -123.154001681829,69.5244690425044 -123.161280677945,69.524980043113 -123.177927685504,69.5165960456917 -123.192043683629,69.5153520484953 -123.20060068558,69.512408049743 -123.209651684645,69.5119650510919 -123.213206680747,69.5134760517191 -123.207988677161,69.5167940508379 -123.18716567817,69.5204860480934 -123.163720668753,69.5308630442099 -123.131333648895,69.5526290385125 -123.127436645209,69.5561450381489 -123.137217627351,69.5661950405518 -123.128082603151,69.5867330387718 -123.134310594449,69.5918440396614 -123.149483584067,69.5958270430299 -123.158675572492,69.6026930446472 -123.160341565592,69.6079040447577 -123.094490496726,69.6688930349125 -123.082916485981,69.6795750333837 -123.102898456693,69.6980680370617 -123.108936428901,69.7157380382963 -123.096653401159,69.7374900368126 -123.100413393873,69.7433410375473 -123.130142374134,69.7504210423577 -123.135361370214,69.7534960436603 -123.135240360856,69.7596600435858 -123.147462353948,69.7614380454357 -123.154001348065,69.7644820464076 -123.151729346941,69.7663600462884 -123.129245351661,69.7661910423475 -123.109445352624,69.76961603898 -123.071390343099,69.7846470330732 -123.063448343809,69.7845930318544 -123.054691340681,69.7884080302703 -123.045765337391,69.7922990288304 -123.043351318627,69.8074270283926 -123.036799314109,69.8112270274535 -123.015538315193,69.8142110242942 -122.967591310577,69.8266930166664 -122.952684312095,69.8283930144475 -122.945131331455,69.8162320123528 -122.907711353914,69.8070080067399 -122.886287372111,69.7983410022294 -122.863480380173,69.7965489987131 -122.83037139969,69.7888129929832 -122.815728405207,69.7882089905177 -122.791957411948,69.7882639864354 -122.766274412083,69.7924519826238 -122.748927409438,69.798981979374 -122.74440139749,69.8070609790994 -122.746940392282,69.8102049790521 -122.762737384929,69.8135239815602 -122.765235379583,69.8164379826593 -122.755343377334,69.8202989810543 -122.737221384222,69.8188499781273 -122.703845390305,69.8209079723856 -122.712397393723,69.8168579739534 -122.709946395863,69.8141659730218 -122.693340408712,69.809944970564 -122.687465419633,69.8027589689777 -122.677298424359,69.8013699671229 -122.669441425917,69.8017589659781 -122.662867422809,69.8057729649323 -122.663966411795,69.812142965527 -122.677563395672,69.8219089679831 -122.675934393982,69.8239989679377 -122.672206393762,69.823976967054 -122.66732039393,69.8239459659729 -122.662544403081,69.8192459649513 -122.65285040916,69.8167049638952 -122.638934407402,69.8204139612562 -122.626331411209,69.8202149591434 -122.618692416339,69.8180869576696 -122.611788430705,69.8086339563279 -122.60613243532,69.8064659559919 -122.592919445933,69.8026219531272 -122.555263455252,69.8026899467571 -122.526468461947,69.8043999425645 -122.490694477384,69.7998519359238 -122.4484264876,69.7999819295193 -122.411433491476,69.8041089235092 -122.398063491706,69.8073289204705 -122.372025489866,69.8139809164587 -122.357766485026,69.8199479142053 -122.350345476867,69.82739491358 -122.344265478657,69.8265939126125 -122.346558486542,69.8201609122956 -122.34028249693,69.8138909118903 -122.331207504834,69.810860909749 -122.321253507861,69.8105939079631 -122.303918507411,69.8138759056934 -122.277124519296,69.8116319010743 -122.246081525835,69.8117388954708 -122.220963538092,69.807397891157 -122.211016548259,69.8027808892657 -122.205334558612,69.7958158882562 -122.173661572972,69.7915818831225 -122.133995583022,69.793610876096 -122.119265584398,69.7943588745327 -122.105738580088,69.8012098721658 -122.093950568403,69.8109988703182 -122.082385569865,69.8132488681503 -122.027672588078,69.8096168593543 -122.004053599436,69.8061298549425 -121.985657603728,69.8068948522966 -121.982828607393,69.8055738519029 -121.992425606914,69.8033618535534 -121.977800613216,69.8026908503067 -121.962268614709,69.8050018484483 -121.947960608121,69.8113958462442 -121.913208615027,69.8133258402382 -121.906426618491,69.8120668391096 -121.907402621153,69.8095498389822 -121.927116619339,69.8087698425543 -121.936756617413,69.8067868438796 -121.938449619408,69.8047048440793 -121.927118623929,69.8039798423957 -121.908886627248,69.8058708393908 -121.890663622242,69.8127838366163 -121.878196624209,69.8134318340527 -121.876510628758,69.8107238345664 -121.885933631393,69.8071538353093 -121.878313638312,69.8045358342403 -121.828247648465,69.8055588259147 -121.720031687113,69.8013018081901 -121.695726697742,69.7971058034999 -121.679165711339,69.7914218010122 -121.667877728752,69.7804197987557 -121.636653748823,69.773355793448 -121.615169756998,69.7702417897839 -121.567718770582,69.7704717826242 -121.542743784697,69.76558077804 -121.522783791407,69.7640397748411 -121.50172779807,69.7643367710959 -121.440912809098,69.7685937612581 -121.409821818853,69.7676407561312 -121.382326833408,69.7634447515976 -121.318346875783,69.7449057409015 -121.295487906248,69.7283267364688 -121.271491923478,69.7192847325049 -121.24926293799,69.7143187288943 -121.212046954347,69.7091077228457 -121.199898960098,69.7074067202202 -121.140092004274,69.6878367098979 -121.096004027464,69.6807347030189 -121.005412072051,69.6661396875917 -120.959904089588,69.6634536803656 -120.948535095369,69.6610736778618 -120.945400104961,69.6554046775819 -120.929005108587,69.6553516748464 -120.899376126829,69.647255669972 -120.881783141302,69.6403526671641 -120.841189165021,69.633027660038 -120.824289178278,69.6268176571628 -120.795319209282,69.6093306525838 -120.781886218587,69.6051336496814 -120.765400225789,69.6034716473526 -120.717257289896,69.5658736391967 -120.701564304835,69.5573576361682 -120.685260316628,69.5519646337713 -120.682995318879,69.5512176326417 -120.682985386195,69.5003156324038 -120.682975497914,69.4169806309622 -120.682958608565,69.3336456302988 -120.682940716251,69.2503086294963 -120.682921823844,69.1669716275861 -120.682907931899,69.083635626845 -120.682895037006,69.0003006257644 -120.682883142393,68.9169646245748 -120.682875247911,68.8336276238888 -120.68286035154,68.7502916232997 -120.68284745351,68.6669546222613 -120.68283955428,68.5836196209395 -120.68282365519,68.5002846203644 -120.682814757535,68.4169486197782 -120.682804854632,68.3336106190129 -120.682798954391,68.2502746174108 -120.682781050928,68.1669396172634 -120.682763148129,68.083608616187 -120.682749243649,68.0002756157787 -120.681632244546,67.9999936155767</coordinates></LinearRing></outerBoundaryIs></Polygon></MultiGeometry>
  </Placemark>
</Folder>
</Document></kml>
