<?xml version='1.0' encoding='UTF-8'?>
<kml xmlns="http://www.opengis.net/kml/2.2">
  <Document>
    <name>Newfoundland</name>
    <Placemark>
      <name>Newfoundland</name>
      <Polygon>
        <outerBoundaryIs>
          <LinearRing>
            <coordinates>-58.963857,53.978380,0 -58.974517,53.971503,0 -59.001129,53.963731,0 -59.011708,53.957628,0 -59.034332,53.952460,0 -59.102366,53.953111,0 -59.111643,53.947089,0 -59.134145,53.946845,0 -59.216542,53.930732,0 -59.269765,53.912584,0 -59.302113,53.894273,0 -59.346425,53.885362,0 -59.364858,53.879381,0 -59.427113,53.844550,0 -59.441233,53.844672,0 -59.474517,53.828111,0 -59.531646,53.821641,0 -59.639231,53.824164,0 -59.791331,53.847968,0 -59.843984,53.844672,0 -59.865956,53.838975,0 -59.876088,53.832953,0 -59.878774,53.824164,0 -59.868276,53.817572,0 -59.827504,53.817491,0 -59.813954,53.813910,0 -59.807200,53.798448,0 -59.822987,53.793280,0 -59.900014,53.795518,0 -60.001576,53.780097,0 -60.042348,53.765937,0 -60.063710,53.762071,0 -60.082997,53.764350,0 -60.132680,53.783149,0 -60.130035,53.775743,0 -60.127431,53.773993,0 -60.125478,53.775214,0 -60.125152,53.776353,0 -60.108266,53.757676,0 -60.078033,53.737372,0 -60.044179,53.721015,0 -60.016591,53.714301,0 -60.016591,53.708075,0 -60.069203,53.709296,0 -60.094146,53.700385,0 -60.104726,53.676459,0 -60.107981,53.652208,0 -60.112945,53.634223,0 -60.112172,53.617784,0 -60.098500,53.598212,0 -60.082428,53.582139,0 -60.071034,53.566474,0 -60.074086,53.554551,0 -60.101633,53.549791,0 -60.111643,53.546617,0 -60.130035,53.532538,0 -60.136098,53.529364,0 -60.141713,53.531073,0 -60.144602,53.535346,0 -60.145619,53.540961,0 -60.146555,53.554267,0 -60.149159,53.555732,0 -60.153554,53.554999,0 -60.159983,53.556627,0 -60.183095,53.565253,0 -60.229888,53.574897,0 -60.272532,53.599799,0 -60.338735,53.625556,0 -60.356923,53.640692,0 -60.371653,53.656073,0 -60.388539,53.667914,0 -60.438710,53.677191,0 -60.502553,53.708075,0 -60.691274,53.738511,0 -60.736399,53.757921,0 -60.801666,53.772284,0 -60.821278,53.779731,0 -60.845286,53.820787,0 -60.859446,53.835150,0 -60.879303,53.831000,0 -60.863515,53.815416,0 -60.861440,53.795762,0 -60.869252,53.775702,0 -60.883046,53.758653,0 -60.923207,53.739122,0 -60.934316,53.728258,0 -60.920277,53.714301,0 -60.899973,53.710924,0 -60.835276,53.727973,0 -60.805002,53.725898,0 -60.722279,53.708075,0 -60.636708,53.703843,0 -60.441151,53.646064,0 -60.410797,53.621812,0 -60.402943,53.618109,0 -60.377675,53.615058,0 -60.356313,53.607245,0 -60.275746,53.561998,0 -60.253651,53.554267,0 -60.181508,53.541002,0 -60.101633,53.502021,0 -60.070383,53.508612,0 -60.063710,53.508857,0 -60.049794,53.497789,0 -60.041737,53.480170,0 -60.037994,53.459581,0 -60.037099,53.439927,0 -60.058461,53.451606,0 -60.081207,53.459703,0 -60.105824,53.463243,0 -60.132680,53.461046,0 -60.201650,53.440253,0 -60.233632,53.420111,0 -60.285471,53.397203,0 -60.304026,53.392768,0 -60.328196,53.390204,0 -60.345204,53.382392,0 -60.356923,53.369574,0 -60.365387,53.351793,0 -60.389231,53.364610,0 -60.392690,53.368232,0 -60.397084,53.370103,0 -60.405873,53.366034,0 -60.412262,53.357978,0 -60.409820,53.348090,0 -60.397328,53.339911,0 -60.381744,53.336982,0 -60.259592,53.344428,0 -60.204742,53.354560,0 -60.187896,53.351793,0 -60.181264,53.336371,0 -60.208119,53.319770,0 -60.276031,53.296576,0 -60.347157,53.281358,0 -60.420644,53.275458,0 -60.420644,53.268622,0 -60.302113,53.271796,0 -60.247629,53.279975,0 -60.194081,53.296576,0 -60.175771,53.305162,0 -60.169993,53.305487,0 -60.159983,53.302802,0 -60.149892,53.296861,0 -60.131947,53.279161,0 -60.128977,53.275458,0 -60.115387,53.277411,0 -60.103261,53.283149,0 -60.094472,53.292711,0 -60.091054,53.306220,0 -60.139760,53.315660,0 -60.153147,53.323920,0 -60.142649,53.333686,0 -60.131337,53.336778,0 -60.104726,53.337592,0 -60.059682,53.349962,0 -60.046986,53.351793,0 -60.029042,53.358100,0 -59.985992,53.389716,0 -59.971913,53.402696,0 -59.940297,53.423407,0 -59.937123,53.426947,0 -59.928863,53.431708,0 -59.910146,53.454169,0 -59.899281,53.461046,0 -59.891225,53.457506,0 -59.882232,53.449693,0 -59.874908,53.446601,0 -59.871938,53.457343,0 -59.875966,53.468126,0 -59.882680,53.475898,0 -59.884023,53.482164,0 -59.873118,53.487738,0 -59.854888,53.485826,0 -59.832428,53.478502,0 -59.809438,53.474433,0 -59.783803,53.481513,0 -59.783803,53.488349,0 -59.808339,53.494859,0 -59.860707,53.499701,0 -59.882192,53.512559,0 -59.891225,53.530585,0 -59.879465,53.538153,0 -59.856109,53.538764,0 -59.754750,53.523993,0 -59.607249,53.533800,0 -59.558583,53.546983,0 -59.532786,53.549791,0 -59.511098,53.555406,0 -59.489735,53.568793,0 -59.454213,53.598212,0 -59.389272,53.626899,0 -59.378529,53.635484,0 -59.375600,53.647528,0 -59.367828,53.652411,0 -59.344106,53.652818,0 -59.329986,53.657172,0 -59.325673,53.667304,0 -59.323842,53.678778,0 -59.317047,53.686998,0 -59.295155,53.687445,0 -59.269399,53.665351,0 -59.251861,53.676459,0 -59.243560,53.683051,0 -59.231435,53.689073,0 -59.218373,53.693223,0 -59.207183,53.694444,0 -59.201568,53.690782,0 -59.195668,53.683336,0 -59.187896,53.676011,0 -59.176829,53.672716,0 -59.151112,53.674628,0 -59.138254,53.677965,0 -59.128733,53.683580,0 -59.117340,53.687812,0 -59.088450,53.684312,0 -59.076812,53.686998,0 -59.073842,53.693712,0 -59.069325,53.716254,0 -59.066965,53.721137,0 -59.055247,53.720038,0 -59.034291,53.715399,0 -59.022206,53.714301,0 -59.022532,53.726671,0 -59.019887,53.737128,0 -59.016672,53.744859,0 -59.015452,53.749091,0 -59.007965,53.749091,0 -59.028798,53.750678,0 -59.050160,53.755235,0 -59.044545,53.769761,0 -59.048899,53.781806,0 -59.058949,53.790839,0 -59.070668,53.796251,0 -59.050038,53.813300,0 -59.003977,53.829291,0 -58.984690,53.841254,0 -58.968251,53.854112,0 -58.886830,53.893052,0 -58.880238,53.897284,0 -58.871409,53.906114,0 -58.865956,53.916449,0 -58.860707,53.930121,0 -58.853139,53.941962,0 -58.840688,53.947089,0 -58.748525,53.953843,0 -58.657948,53.972846,0 -58.573739,54.000000,0 -57.286119,54.000000,0 -57.262034,53.978013,0 -57.246938,53.967475,0 -57.233998,53.961371,0 -57.182932,53.957465,0 -57.158030,53.951117,0 -57.144643,53.934027,0 -57.163686,53.935411,0 -57.182688,53.939399,0 -57.200754,53.939765,0 -57.216949,53.930284,0 -57.222646,53.915351,0 -57.221262,53.895941,0 -57.213450,53.879096,0 -57.199859,53.871934,0 -57.184682,53.868598,0 -57.144643,53.844672,0 -57.126698,53.841132,0 -57.108795,53.839667,0 -57.091705,53.835557,0 -57.075795,53.824164,0 -57.104726,53.823432,0 -57.118520,53.825263,0 -57.130360,53.831000,0 -57.129954,53.826361,0 -57.131337,53.824897,0 -57.134185,53.824815,0 -57.137807,53.824164,0 -57.121246,53.815416,0 -57.107981,53.804063,0 -57.106923,53.794257,0 -57.150136,53.784532,0 -57.155263,53.772040,0 -57.145660,53.758287,0 -57.124135,53.749091,0 -57.124135,53.741645,0 -57.152740,53.739936,0 -57.203277,53.719428,0 -57.255523,53.708808,0 -57.336415,53.672716,0 -57.457102,53.648627,0 -57.517690,53.625800,0 -57.549387,53.590766,0 -57.497385,53.603583,0 -57.446278,53.625556,0 -57.441803,53.617743,0 -57.441965,53.610663,0 -57.446116,53.604234,0 -57.453725,53.598212,0 -57.419016,53.599229,0 -57.399648,53.602525,0 -57.388010,53.607856,0 -57.377024,53.607245,0 -57.339345,53.590440,0 -57.329661,53.584581,0 -57.317779,53.585191,0 -57.322662,53.572821,0 -57.343861,53.543565,0 -57.319814,53.543158,0 -57.306142,53.534491,0 -57.302602,53.518256,0 -57.309153,53.495185,0 -57.324086,53.474555,0 -57.362945,53.448432,0 -57.377431,53.433702,0 -57.365834,53.436469,0 -57.343170,53.445502,0 -57.333079,53.447374,0 -57.319692,53.445258,0 -57.295277,53.438178,0 -57.281158,53.439927,0 -57.281158,53.447374,0 -57.291900,53.469346,0 -57.269154,53.489447,0 -57.161244,53.540229,0 -57.148346,53.543565,0 -57.135365,53.550401,0 -57.135854,53.563463,0 -57.146881,53.571397,0 -57.165761,53.562852,0 -57.134999,53.582831,0 -57.130360,53.587714,0 -57.135243,53.610297,0 -57.133127,53.621039,0 -57.120717,53.625556,0 -57.098541,53.628526,0 -57.074574,53.636949,0 -57.060658,53.649888,0 -57.068959,53.666490,0 -57.038401,53.685655,0 -57.012074,53.708482,0 -56.983469,53.727484,0 -56.946034,53.735419,0 -56.923329,53.732042,0 -56.885854,53.720079,0 -56.864125,53.721137,0 -56.832509,53.733344,0 -56.815053,53.733385,0 -56.795237,53.721137,0 -56.790598,53.730333,0 -56.784291,53.733710,0 -56.776682,53.732489,0 -56.767893,53.727973,0 -56.757232,53.727647,0 -56.745229,53.733344,0 -56.742828,53.741523,0 -56.754262,53.749091,0 -56.715403,53.752305,0 -56.643300,53.719224,0 -56.596018,53.714301,0 -56.596018,53.721137,0 -56.606435,53.725531,0 -56.623362,53.737494,0 -56.631337,53.741645,0 -56.631337,53.749091,0 -56.610260,53.749091,0 -56.615387,53.765123,0 -56.617665,53.769517,0 -56.610260,53.769517,0 -56.594879,53.756578,0 -56.579213,53.760484,0 -56.562815,53.770616,0 -56.545074,53.776353,0 -56.525502,53.777208,0 -56.510406,53.779731,0 -56.479888,53.790025,0 -56.436513,53.767524,0 -56.424062,53.753404,0 -56.439565,53.741645,0 -56.431386,53.738878,0 -56.411610,53.727973,0 -56.427398,53.721625,0 -56.493520,53.721137,0 -56.544057,53.712144,0 -56.579823,53.697862,0 -56.590199,53.684516,0 -56.596018,53.680162,0 -56.606191,53.678656,0 -56.726918,53.686998,0 -56.709096,53.675727,0 -56.632721,53.660346,0 -56.597320,53.645575,0 -56.431142,53.617377,0 -56.398264,53.617865,0 -56.373769,53.628648,0 -56.348622,53.636420,0 -56.314809,53.629828,0 -56.282094,53.616523,0 -56.260162,53.604438,0 -56.280995,53.597480,0 -56.327382,53.604926,0 -56.350168,53.598212,0 -56.330393,53.590766,0 -56.250234,53.584581,0 -56.222320,53.587755,0 -56.182362,53.599433,0 -56.158355,53.598212,0 -56.150014,53.594916,0 -56.142934,53.590399,0 -56.134145,53.586371,0 -56.120513,53.584581,0 -56.058746,53.584581,0 -56.036244,53.580430,0 -55.979604,53.549791,0 -55.979604,53.543565,0 -55.983795,53.539862,0 -55.989410,53.533026,0 -55.993886,53.529364,0 -55.991689,53.526109,0 -55.991567,53.525092,0 -55.990712,53.524400,0 -55.986440,53.522528,0 -55.996571,53.512315,0 -56.005767,53.505601,0 -56.015492,53.504014,0 -56.027415,53.508857,0 -56.025258,53.512519,0 -56.021230,53.522528,0 -56.032541,53.521674,0 -56.043080,53.522203,0 -56.052887,53.524604,0 -56.062164,53.529364,0 -56.056386,53.530341,0 -56.041086,53.536200,0 -56.069692,53.545762,0 -56.197499,53.560289,0 -56.239735,53.560411,0 -56.263499,53.553656,0 -56.240305,53.536200,0 -56.052846,53.478502,0 -56.030670,53.461249,0 -56.034901,53.433702,0 -56.016713,53.430243,0 -55.965932,53.412665,0 -55.965932,53.406440,0 -56.005727,53.394355,0 -56.024770,53.384996,0 -56.041086,53.371649,0 -56.014272,53.365912,0 -55.992828,53.374091,0 -55.973297,53.387885,0 -55.952301,53.398993,0 -55.924672,53.401557,0 -55.900746,53.394355,0 -55.856760,53.371649,0 -55.856760,53.364854,0 -55.874013,53.359565,0 -55.890248,53.351793,0 -55.843088,53.351793,0 -55.830881,53.347724,0 -55.816518,53.340399,0 -55.807729,53.333319,0 -55.812082,53.330064,0 -55.895334,53.315741,0 -55.911366,53.309638,0 -55.889882,53.304267,0 -55.838287,53.306464,0 -55.819203,53.299669,0 -55.808217,53.279364,0 -55.821889,53.266669,0 -55.845204,53.257636,0 -55.863596,53.248155,0 -55.810780,53.233751,0 -55.794667,53.235175,0 -55.781484,53.244127,0 -55.777699,53.252753,0 -55.773061,53.259263,0 -55.757436,53.261786,0 -55.745473,53.255601,0 -55.752797,53.241563,0 -55.777252,53.217760,0 -55.794749,53.205756,0 -55.808258,53.206529,0 -55.822743,53.212144,0 -55.843088,53.214667,0 -55.836090,53.204657,0 -55.824452,53.193223,0 -55.810943,53.183824,0 -55.798411,53.179877,0 -55.767893,53.177598,0 -55.760813,53.173529,0 -55.774159,53.166205,0 -55.746897,53.145738,0 -55.809071,53.105414,0 -55.828765,53.097357,0 -55.855946,53.098497,0 -55.915679,53.116319,0 -55.945465,53.118476,0 -55.945465,53.111029,0 -55.924916,53.109565,0 -55.902170,53.102403,0 -55.884023,53.091010,0 -55.877187,53.076850,0 -55.886464,53.053412,0 -55.906402,53.036322,0 -55.931386,53.025824,0 -55.955719,53.022203,0 -55.982045,53.025458,0 -56.032379,53.039537,0 -56.058746,53.042670,0 -56.165191,53.035875,0 -56.165191,53.028428,0 -56.144683,53.029039,0 -56.082021,53.022203,0 -56.092397,53.009101,0 -56.104888,52.996772,0 -56.119740,52.988471,0 -56.137278,52.987494,0 -56.122792,52.973090,0 -56.109527,52.970811,0 -56.096344,52.976915,0 -56.064361,52.999579,0 -56.051137,53.004340,0 -55.940541,52.994615,0 -55.904164,52.983507,0 -55.884023,52.960150,0 -55.892201,52.960150,0 -55.898834,52.958238,0 -55.904897,52.955756,0 -55.911366,52.953966,0 -55.888987,52.942735,0 -55.856760,52.935370,0 -55.834788,52.923570,0 -55.843088,52.899359,0 -55.812856,52.877021,0 -55.804840,52.863471,0 -55.802113,52.840684,0 -55.811635,52.830430,0 -55.833241,52.828681,0 -55.871002,52.830430,0 -55.879140,52.826728,0 -55.891469,52.818915,0 -55.897694,52.816759,0 -55.908193,52.815741,0 -55.960683,52.816148,0 -55.978383,52.813300,0 -55.992502,52.806952,0 -56.000111,52.795722,0 -55.925038,52.795722,0 -55.946848,52.783800,0 -55.975168,52.777899,0 -56.004018,52.777655,0 -56.027415,52.782660,0 -56.061391,52.799018,0 -56.137278,52.816759,0 -56.162465,52.817979,0 -56.158355,52.804633,0 -56.136830,52.786851,0 -56.109975,52.775214,0 -56.059397,52.765692,0 -56.037750,52.754869,0 -56.021230,52.734239,0 -56.027415,52.734239,0 -56.026763,52.729844,0 -56.025054,52.728461,0 -56.024485,52.726671,0 -56.027415,52.721259,0 -56.005198,52.720160,0 -55.990875,52.711127,0 -55.979563,52.698676,0 -55.965932,52.687079,0 -55.946523,52.680487,0 -55.927154,52.681220,0 -55.887115,52.687079,0 -55.798411,52.687079,0 -55.777577,52.681098,0 -55.759023,52.656195,0 -55.739410,52.652289,0 -55.746409,52.642808,0 -55.756581,52.638617,0 -55.768422,52.636094,0 -55.780385,52.631822,0 -55.772694,52.630927,0 -55.760650,52.626573,0 -55.753733,52.624986,0 -55.765614,52.615058,0 -55.791005,52.604438,0 -55.802113,52.597724,0 -55.817291,52.613511,0 -55.838979,52.615953,0 -55.884023,52.611396,0 -55.894399,52.613349,0 -55.904164,52.617011,0 -55.913197,52.622056,0 -55.933258,52.637885,0 -55.940297,52.639757,0 -55.947336,52.638739,0 -55.959137,52.639268,0 -56.047678,52.659288,0 -56.097239,52.662177,0 -56.124257,52.645453,0 -56.052724,52.646226,0 -56.016998,52.641547,0 -55.990142,52.628404,0 -55.978139,52.617743,0 -55.975942,52.613593,0 -56.027903,52.593858,0 -56.039906,52.587633,0 -56.048492,52.577216,0 -56.011545,52.576361,0 -55.996246,52.570421,0 -55.986440,52.556708,0 -56.000640,52.551500,0 -56.016957,52.552680,0 -56.068105,52.568915,0 -56.083404,52.570868,0 -56.117096,52.570380,0 -56.218170,52.540269,0 -56.243723,52.545844,0 -56.267079,52.561225,0 -56.298492,52.572618,0 -56.363189,52.584052,0 -56.427317,52.580390,0 -56.442616,52.587470,0 -56.453765,52.595038,0 -56.467519,52.597846,0 -56.500356,52.597724,0 -56.483388,52.592149,0 -56.450063,52.574286,0 -56.428700,52.570380,0 -56.352610,52.568793,0 -56.329701,52.562934,0 -56.287587,52.544664,0 -56.266713,52.538560,0 -56.163075,52.536363,0 -56.150950,52.539374,0 -56.140696,52.548570,0 -56.117299,52.548896,0 -56.075795,52.542426,0 -56.053578,52.545600,0 -56.040639,52.545356,0 -56.034901,52.539374,0 -56.031117,52.532945,0 -56.021962,52.524888,0 -56.010650,52.518012,0 -56.000396,52.515123,0 -55.911366,52.507676,0 -55.828765,52.521959,0 -55.832509,52.516343,0 -55.843088,52.494615,0 -55.768707,52.499213,0 -55.740590,52.492906,0 -55.758616,52.449530,0 -55.725697,52.447008,0 -55.679351,52.449530,0 -55.647572,52.443183,0 -55.646352,52.430162,0 -55.662668,52.403917,0 -55.644887,52.392890,0 -55.644765,52.379096,0 -55.653879,52.365058,0 -55.671742,52.358100,0 -55.685902,52.360419,0 -55.703277,52.366767,0 -55.719350,52.374701,0 -55.729482,52.381659,0 -55.744211,52.387274,0 -55.808258,52.385443,0 -55.800201,52.374335,0 -55.774322,52.361436,0 -55.767323,52.350653,0 -55.770985,52.339667,0 -55.783559,52.338690,0 -55.847279,52.349677,0 -55.917307,52.372748,0 -55.978098,52.382148,0 -56.169097,52.443712,0 -56.198720,52.446845,0 -56.186269,52.430040,0 -56.165110,52.416571,0 -56.116811,52.399034,0 -56.025380,52.391913,0 -55.994944,52.376939,0 -55.972239,52.372992,0 -55.962514,52.367743,0 -55.951487,52.351508,0 -55.943837,52.346381,0 -55.822581,52.330186,0 -55.822581,52.322699,0 -55.841705,52.316718,0 -55.856760,52.309638,0 -55.856760,52.303453,0 -55.843332,52.304999,0 -55.831410,52.307685,0 -55.820058,52.308214,0 -55.808258,52.303453,0 -55.812408,52.301378,0 -55.813466,52.301134,0 -55.813629,52.300238,0 -55.815785,52.296007,0 -55.788686,52.297309,0 -55.780385,52.296007,0 -55.775217,52.292548,0 -55.773183,52.284003,0 -55.767323,52.281806,0 -55.751454,52.283026,0 -55.724843,52.293443,0 -55.709340,52.296007,0 -55.706776,52.291693,0 -55.715810,52.282050,0 -55.730092,52.272447,0 -55.743153,52.268134,0 -55.758534,52.266710,0 -55.774037,52.262152,0 -55.786936,52.253770,0 -55.794667,52.240790,0 -55.770660,52.243516,0 -55.728505,52.254381,0 -55.705922,52.255072,0 -55.686757,52.250067,0 -55.616526,52.220323,0 -55.638173,52.213121,0 -55.660512,52.213813,0 -55.705922,52.220323,0 -55.729115,52.214179,0 -55.741444,52.212348,0 -55.746897,52.216620,0 -55.751210,52.224799,0 -55.761342,52.222235,0 -55.772613,52.214301,0 -55.780385,52.206651,0 -55.759104,52.204535,0 -55.717437,52.188178,0 -55.692250,52.186143,0 -55.702870,52.160834,0 -55.706614,52.145982,0 -55.701324,52.132676,0 -55.684804,52.111680,0 -55.712066,52.090644,0 -55.741933,52.089342,0 -55.772532,52.092231,0 -55.802113,52.083726,0 -55.791615,52.074571,0 -55.761138,52.056464,0 -55.785268,52.034980,0 -55.810129,52.022528,0 -55.863596,52.008043,0 -55.887441,52.006903,0 -55.935780,52.020453,0 -55.965932,52.021674,0 -55.948394,52.008287,0 -55.906077,51.982896,0 -55.897694,51.970445,0 -55.902984,51.949530,0 -55.916412,51.935004,0 -55.934193,51.925238,0 -56.017649,51.900621,0 -56.037994,51.898139,0 -56.046010,51.894517,0 -56.081207,51.870551,0 -56.116811,51.864000,0 -56.123647,51.860053,0 -56.144765,51.843573,0 -56.168446,51.831488,0 -56.175160,51.826768,0 -56.192291,51.810736,0 -56.210927,51.797187,0 -56.232900,51.787299,0 -56.260162,51.782091,0 -56.337880,51.782091,0 -56.350168,51.778673,0 -56.357655,51.762641,0 -56.375315,51.748358,0 -56.395741,51.738023,0 -56.411610,51.733710,0 -56.437611,51.744330,0 -56.452748,51.742906,0 -56.459381,51.723456,0 -56.464223,51.714586,0 -56.475657,51.705797,0 -56.578969,51.657416,0 -56.603383,51.651719,0 -56.668568,51.651719,0 -56.682485,51.648139,0 -56.687856,51.638658,0 -56.692779,51.610785,0 -56.700063,51.586859,0 -56.707590,51.579413,0 -56.736806,51.574449,0 -56.749827,51.568956,0 -56.760610,51.562079,0 -56.767893,51.555528,0 -56.767893,51.549384,0 -56.777333,51.537543,0 -56.796946,51.532294,0 -56.810536,51.526801,0 -56.802073,51.514594,0 -56.825347,51.489976,0 -56.859731,51.475653,0 -56.896108,51.477240,0 -56.925526,51.500922,0 -56.952870,51.473619,0 -56.941396,51.460557,0 -56.940907,51.446601,0 -56.949859,51.434068,0 -56.966542,51.425238,0 -56.987172,51.422797,0 -57.029286,51.424994,0 -57.048451,51.419013,0 -57.056752,51.427843,0 -57.068227,51.426866,0 -57.082834,51.421942,0 -57.100331,51.419013,0 -57.100876,51.419213,0 -57.100876,51.440116,0 -57.100876,51.483628,0 -57.100876,51.537035,0 -57.100876,51.601605,0 -57.100876,51.644031,0 -57.100876,51.717825,0 -57.100954,51.791594,0 -57.100979,51.865310,0 -57.100954,51.889650,0 -57.100954,51.935590,0 -57.100979,52.000082,0 -57.125061,52.000082,0 -57.233659,52.000082,0 -57.342205,52.000082,0 -57.450881,52.000082,0 -57.559453,52.000082,0 -57.812460,52.000030,0 -57.934494,51.999979,0 -58.056580,51.999979,0 -58.305144,51.999979,0 -58.553630,51.999979,0 -58.802219,51.999979,0 -59.050783,51.999979,0 -59.299346,51.999927,0 -59.547910,51.999927,0 -59.852207,51.999927,0 -60.156503,51.999927,0 -60.460826,51.999927,0 -60.765148,51.999927,0 -61.069445,51.999875,0 -61.373742,51.999875,0 -61.678038,51.999875,0 -61.982361,51.999875,0 -62.185372,51.999824,0 -62.388409,51.999824,0 -62.591445,51.999824,0 -62.794430,51.999824,0 -62.997467,51.999824,0 -63.200452,51.999824,0 -63.298120,51.999824,0 -63.395737,51.999824,0 -63.606525,51.999798,0 -63.639573,51.999798,0 -63.672620,51.999798,0 -63.705667,51.999798,0 -63.738714,51.999798,0 -63.774422,52.013621,0 -63.808167,52.042612,0 -63.819562,52.068114,0 -63.788168,52.071396,0 -63.759203,52.061990,0 -63.714374,52.047108,0 -63.670398,52.035739,0 -63.644094,52.036979,0 -63.640063,52.050622,0 -63.649649,52.065866,0 -63.663370,52.081886,0 -63.671767,52.097802,0 -63.680500,52.144053,0 -63.693574,52.188288,0 -63.714400,52.228647,0 -63.735439,52.251506,0 -63.757266,52.270557,0 -63.771735,52.280220,0 -63.783207,52.291227,0 -63.785223,52.302260,0 -63.776541,52.306833,0 -63.762149,52.309314,0 -63.750367,52.313345,0 -63.749514,52.322388,0 -63.773389,52.335100,0 -63.805451,52.336876,0 -63.855192,52.335772,0 -63.882000,52.336965,0 -63.885105,52.335013,0 -63.889720,52.333751,0 -63.908647,52.338277,0 -63.972656,52.353583,0 -64.000903,52.369574,0 -64.006408,52.375098,0 -64.029053,52.397821,0 -64.038135,52.418036,0 -64.045581,52.428583,0 -64.051866,52.436412,0 -64.056812,52.442572,0 -64.057752,52.443133,0 -64.075437,52.453646,0 -64.081173,52.473438,0 -64.068926,52.494367,0 -64.065351,52.497982,0 -64.055486,52.507959,0 -64.043605,52.519973,0 -64.035284,52.526961,0 -64.015674,52.543402,0 -63.995459,52.557880,0 -63.966770,52.573190,0 -63.954101,52.579943,0 -63.934605,52.588021,0 -63.908691,52.598749,0 -63.875934,52.608410,0 -63.844203,52.615225,0 -63.835708,52.616743,0 -63.814962,52.620447,0 -63.812621,52.620213,0 -63.764449,52.624178,0 -63.713625,52.628623,0 -63.662749,52.633170,0 -63.611874,52.637588,0 -63.584485,52.639888,0 -63.557019,52.642162,0 -63.529631,52.644487,0 -63.502165,52.646761,0 -63.480047,52.646244,0 -63.457827,52.642937,0 -63.435580,52.639578,0 -63.413566,52.638958,0 -63.379097,52.651153,0 -63.384188,52.673219,0 -63.410310,52.697404,0 -63.438887,52.715878,0 -63.457155,52.723630,0 -63.476663,52.729133,0 -63.496506,52.734353,0 -63.515575,52.741019,0 -63.534049,52.750166,0 -63.554539,52.760449,0 -63.575571,52.768485,0 -63.595777,52.770888,0 -63.593566,52.776261,0 -63.605161,52.785537,0 -63.601721,52.819930,0 -63.612039,52.861203,0 -63.653312,52.837127,0 -63.667069,52.813052,0 -63.718660,52.778658,0 -63.794326,52.771779,0 -64.004127,52.733946,0 -64.062597,52.727067,0 -64.107308,52.720189,0 -64.124505,52.696113,0 -64.165778,52.675477,0 -64.158899,52.637644,0 -64.162338,52.596372,0 -64.189853,52.572296,0 -64.182974,52.551660,0 -64.162338,52.531024,0 -64.141702,52.489751,0 -64.135993,52.464062,0 -64.127945,52.427843,0 -64.127945,52.386570,0 -64.141702,52.355616,0 -64.165778,52.321222,0 -64.207050,52.304025,0 -64.220807,52.266192,0 -64.210489,52.221480,0 -64.179535,52.163011,0 -64.155939,52.132673,0 -64.155459,52.132057,0 -64.172656,52.114860,0 -64.210489,52.128618,0 -64.251762,52.114860,0 -64.258640,52.083906,0 -64.272398,52.039194,0 -64.251762,52.011679,0 -64.234565,51.980725,0 -64.275837,51.966967,0 -64.299385,51.985282,0 -64.306792,51.991043,0 -64.337746,52.011679,0 -64.361822,51.966967,0 -64.337746,51.874104,0 -64.337558,51.871103,0 -64.334307,51.819074,0 -64.293034,51.784681,0 -64.287404,51.766384,0 -64.279277,51.739969,0 -64.318014,51.701232,0 -64.319176,51.700070,0 -64.323988,51.695257,0 -64.344625,51.667742,0 -64.406533,51.653985,0 -64.437488,51.640227,0 -64.478760,51.609273,0 -64.500643,51.601979,0 -64.528390,51.592730,0 -64.530351,51.592076,0 -64.539871,51.596156,0 -64.578502,51.612712,0 -64.602614,51.637921,0 -64.615983,51.651898,0 -64.654168,51.691818,0 -64.688561,51.722772,0 -64.708563,51.732773,0 -64.771106,51.764045,0 -64.857090,51.774363,0 -64.918999,51.760605,0 -64.922438,51.729651,0 -64.956832,51.722772,0 -64.991226,51.736530,0 -65.032498,51.760605,0 -65.080649,51.750287,0 -65.132240,51.757166,0 -65.183830,51.774363,0 -65.176952,51.791560,0 -65.183830,51.822514,0 -65.221663,51.825953,0 -65.252618,51.846589,0 -65.276693,51.867226,0 -65.317966,51.853468,0 -65.338602,51.819074,0 -65.359238,51.850029,0 -65.393632,51.898180,0 -65.372996,51.918816,0 -65.359238,51.949770,0 -65.376435,51.984164,0 -65.393632,51.977285,0 -65.414268,51.984164,0 -65.434904,52.004800,0 -65.458980,52.025437,0 -65.483055,52.066709,0 -65.500252,52.097663,0 -65.527767,52.056391,0 -65.551843,52.032315,0 -65.613751,52.032315,0 -65.634387,52.015118,0 -65.661902,51.987603,0 -65.682539,52.025437,0 -65.661902,52.063270,0 -65.657198,52.093848,0 -65.655024,52.107981,0 -65.696296,52.104542,0 -65.698899,52.103241,0 -65.730690,52.087345,0 -65.758205,52.090784,0 -65.794987,52.100464,0 -65.823553,52.107981,0 -65.871704,52.097663,0 -65.902658,52.080466,0 -65.940491,52.094224,0 -65.950809,52.080466,0 -65.973214,52.069264,0 -65.992082,52.059830,0 -66.026475,52.080466,0 -66.088384,52.090784,0 -66.084945,52.121739,0 -66.078066,52.169890,0 -66.122778,52.200844,0 -66.164050,52.214602,0 -66.195004,52.221480,0 -66.212201,52.252435,0 -66.212805,52.253038,0 -66.248516,52.288750,0 -66.256913,52.297147,0 -66.284428,52.307465,0 -66.301625,52.286828,0 -66.291307,52.252435,0 -66.277549,52.221480,0 -66.263792,52.156132,0 -66.301625,52.132057,0 -66.349776,52.132057,0 -66.373852,52.142375,0 -66.379924,52.160593,0 -66.384170,52.173329,0 -66.408245,52.218041,0 -66.432321,52.228359,0 -66.447284,52.251873,0 -66.456396,52.266192,0 -66.461021,52.284690,0 -66.466714,52.307465,0 -66.478682,52.331399,0 -66.480472,52.334980,0 -66.477178,52.338020,0 -66.435760,52.376252,0 -66.387609,52.369373,0 -66.349776,52.359055,0 -66.349776,52.383131,0 -66.363533,52.441600,0 -66.384170,52.469115,0 -66.377291,52.503509,0 -66.373852,52.541342,0 -66.384745,52.556592,0 -66.392151,52.566960,0 -66.408245,52.589493,0 -66.404806,52.647962,0 -66.373852,52.668598,0 -66.311943,52.610129,0 -66.287867,52.610129,0 -66.294746,52.637644,0 -66.332579,52.737386,0 -66.332709,52.737566,0 -66.377291,52.799294,0 -66.401366,52.844006,0 -66.391048,52.871521,0 -66.349776,52.861203,0 -66.329140,52.854324,0 -66.327775,52.853505,0 -66.311943,52.844006,0 -66.287867,52.847445,0 -66.288997,52.865519,0 -66.291117,52.899432,0 -66.291307,52.902475,0 -66.315382,52.936869,0 -66.363533,53.002217,0 -66.425442,53.036611,0 -66.453585,53.030357,0 -66.456396,53.029732,0 -66.463275,52.995338,0 -66.507987,52.957505,0 -66.512528,52.955613,0 -66.549259,52.940308,0 -66.595539,52.938205,0 -66.624925,52.936869,0 -66.645562,52.888718,0 -66.645562,52.826809,0 -66.655880,52.795855,0 -66.656694,52.795475,0 -66.707470,52.771779,0 -66.748743,52.775219,0 -66.769379,52.764901,0 -66.759061,52.706431,0 -66.760165,52.703487,0 -66.769379,52.678916,0 -66.792062,52.678916,0 -66.793454,52.678916,0 -66.814091,52.692674,0 -66.824409,52.723628,0 -66.851924,52.730507,0 -66.852260,52.726472,0 -66.855363,52.689234,0 -66.865681,52.661720,0 -66.882870,52.676044,0 -66.906953,52.696113,0 -66.948226,52.737386,0 -66.986059,52.758022,0 -66.992701,52.760097,0 -67.041089,52.775219,0 -67.051407,52.809612,0 -67.061725,52.874960,0 -67.065372,52.874629,0 -67.099558,52.871521,0 -67.133952,52.857763,0 -67.164906,52.819930,0 -67.202739,52.826809,0 -67.261208,52.861203,0 -67.302481,52.868082,0 -67.347193,52.916233,0 -67.333435,52.943748,0 -67.340314,52.978141,0 -67.367829,53.015974,0 -67.385026,53.105398,0 -67.357511,53.129473,0 -67.326556,53.132913,0 -67.299041,53.156988,0 -67.240572,53.167307,0 -67.209618,53.153549,0 -67.168345,53.153549,0 -67.120194,53.122595,0 -67.092679,53.122595,0 -67.051407,53.122595,0 -67.058286,53.091640,0 -67.047968,53.074444,0 -66.996377,53.081322,0 -66.982620,53.105398,0 -66.982620,53.143231,0 -66.992938,53.167307,0 -66.975741,53.181064,0 -66.969911,53.183396,0 -66.968862,53.187943,0 -66.965423,53.239533,0 -66.964930,53.247413,0 -66.961983,53.294563,0 -66.996377,53.325517,0 -67.010134,53.353032,0 -66.986059,53.383987,0 -66.963772,53.389930,0 -66.934468,53.397744,0 -66.889757,53.414941,0 -66.920711,53.435577,0 -66.975741,53.476850,0 -67.030771,53.514683,0 -67.113316,53.525001,0 -67.130299,53.529044,0 -67.185542,53.542198,0 -67.323117,53.566273,0 -67.324955,53.568111,0 -67.343753,53.586909,0 -67.398783,53.635061,0 -67.412540,53.693530,0 -67.446934,53.707287,0 -67.453924,53.709862,0 -67.512282,53.731363,0 -67.529479,53.758878,0 -67.574191,53.765756,0 -67.594827,53.782953,0 -67.577630,53.796711,0 -67.546676,53.803590,0 -67.512282,53.813908,0 -67.520384,53.832812,0 -67.522600,53.837983,0 -67.560433,53.848301,0 -67.583484,53.855217,0 -67.594827,53.858619,0 -67.601706,53.886134,0 -67.615463,53.923967,0 -67.670493,53.944604,0 -67.711765,53.972119,0 -67.746159,53.982437,0 -67.771250,54.000000,0 -58.938516,54.000000,0 -58.963857,53.978380,0</coordinates>
          </LinearRing>
        </outerBoundaryIs>
      </Polygon>
    </Placemark>
    <Placemark>
      <name>Newfoundland</name>
      <Polygon>
        <outerBoundaryIs>
          <LinearRing>
            <coordinates>-55.890370,47.260891,0 -55.901763,47.264146,0 -55.913686,47.270168,0 -55.928090,47.273424,0 -55.938954,47.271877,0 -55.949941,47.268134,0 -55.948476,47.276597,0 -55.919423,47.289008,0 -55.888051,47.294908,0 -55.863596,47.293280,0 -55.861806,47.283881,0 -55.859242,47.277086,0 -55.853749,47.273424,0 -55.843088,47.273424,0 -55.871002,47.251654,0 -55.877187,47.266018,0 -55.890370,47.260891,0</coordinates>
          </LinearRing>
        </outerBoundaryIs>
      </Polygon>
    </Placemark>
    <Placemark>
      <name>Newfoundland</name>
      <Polygon>
        <outerBoundaryIs>
          <LinearRing>
            <coordinates>-54.151031,47.587795,0 -54.160308,47.555732,0 -54.156646,47.533515,0 -54.180287,47.506537,0 -54.244049,47.407701,0 -54.256663,47.398993,0 -54.272450,47.395697,0 -54.351064,47.403022,0 -54.362701,47.409980,0 -54.350575,47.422431,0 -54.259674,47.485745,0 -54.217437,47.539700,0 -54.214019,47.558539,0 -54.246002,47.553941,0 -54.239858,47.564399,0 -54.183258,47.615871,0 -54.170969,47.622260,0 -54.179758,47.601874,0 -54.184641,47.595526,0 -54.170969,47.588080,0 -54.165883,47.606391,0 -54.134348,47.664455,0 -54.126047,47.670111,0 -54.121083,47.664008,0 -54.122548,47.642727,0 -54.151031,47.587795,0</coordinates>
          </LinearRing>
        </outerBoundaryIs>
      </Polygon>
    </Placemark>
    <Placemark>
      <name>Newfoundland</name>
      <Polygon>
        <outerBoundaryIs>
          <LinearRing>
            <coordinates>-55.937978,47.656928,0 -55.924143,47.638739,0 -55.898752,47.624498,0 -55.877187,47.616034,0 -55.903635,47.607082,0 -55.930002,47.604438,0 -55.957183,47.605902,0 -56.040028,47.619818,0 -56.064687,47.630439,0 -56.097646,47.629788,0 -56.109975,47.636542,0 -56.108266,47.654120,0 -56.083485,47.666164,0 -55.969635,47.685777,0 -55.940500,47.685614,0 -55.925038,47.677476,0 -55.937978,47.656928,0</coordinates>
          </LinearRing>
        </outerBoundaryIs>
      </Polygon>
    </Placemark>
    <Placemark>
      <name>Newfoundland</name>
      <Polygon>
        <outerBoundaryIs>
          <LinearRing>
            <coordinates>-54.093251,47.630439,0 -54.088857,47.638861,0 -54.084218,47.645209,0 -54.081532,47.650133,0 -54.079498,47.669013,0 -54.081532,47.691148,0 -54.072418,47.683987,0 -54.067616,47.675198,0 -54.061106,47.656399,0 -54.061879,47.641588,0 -54.065012,47.627997,0 -54.071156,47.616848,0 -54.081532,47.609198,0 -54.081532,47.601752,0 -54.077016,47.591946,0 -54.078603,47.566067,0 -54.071360,47.560777,0 -54.066070,47.555365,0 -54.062978,47.543443,0 -54.066640,47.531724,0 -54.081532,47.526679,0 -54.071034,47.518256,0 -54.073801,47.508287,0 -54.080434,47.495429,0 -54.081532,47.478217,0 -54.098500,47.491848,0 -54.099233,47.506903,0 -54.092844,47.524726,0 -54.088368,47.546536,0 -54.091705,47.544379,0 -54.102040,47.540269,0 -54.102854,47.561469,0 -54.095123,47.619127,0 -54.093251,47.630439,0</coordinates>
          </LinearRing>
        </outerBoundaryIs>
      </Polygon>
    </Placemark>
    <Placemark>
      <name>Newfoundland</name>
      <Polygon>
        <outerBoundaryIs>
          <LinearRing>
            <coordinates>-53.543528,48.207017,0 -53.521474,48.201239,0 -53.514027,48.186754,0 -53.533518,48.177191,0 -53.520009,48.158149,0 -53.524078,48.144517,0 -53.537994,48.129950,0 -53.553944,48.108222,0 -53.538564,48.107815,0 -53.533518,48.108222,0 -53.565500,48.082180,0 -53.618804,48.082099,0 -53.718414,48.101996,0 -53.810943,48.095201,0 -53.823883,48.096259,0 -53.875234,48.106513,0 -53.881947,48.117499,0 -53.884836,48.131090,0 -53.889760,48.143622,0 -53.906890,48.161526,0 -53.920033,48.171210,0 -53.928375,48.183336,0 -53.931386,48.208441,0 -53.921010,48.216620,0 -53.898183,48.204779,0 -53.862416,48.177191,0 -53.841298,48.171373,0 -53.769928,48.177191,0 -53.747426,48.172065,0 -53.704416,48.151597,0 -53.677480,48.149848,0 -53.649403,48.156928,0 -53.567698,48.190823,0 -53.543528,48.207017,0</coordinates>
          </LinearRing>
        </outerBoundaryIs>
      </Polygon>
    </Placemark>
    <Placemark>
      <name>Newfoundland</name>
      <Polygon>
        <outerBoundaryIs>
          <LinearRing>
            <coordinates>-54.667104,49.465766,0 -54.678700,49.463202,0 -54.685455,49.457587,0 -54.681142,49.448635,0 -54.677805,49.438381,0 -54.684438,49.427680,0 -54.693756,49.417182,0 -54.698557,49.407660,0 -54.708730,49.405829,0 -54.730377,49.411282,0 -54.749908,49.424262,0 -54.753774,49.445217,0 -54.740387,49.458889,0 -54.699696,49.472602,0 -54.691070,49.483100,0 -54.679596,49.492906,0 -54.657623,49.487454,0 -54.643910,49.475328,0 -54.656890,49.465725,0 -54.667104,49.465766,0</coordinates>
          </LinearRing>
        </outerBoundaryIs>
      </Polygon>
    </Placemark>
    <Placemark>
      <name>Newfoundland</name>
      <Polygon>
        <outerBoundaryIs>
          <LinearRing>
            <coordinates>-55.712514,49.564765,0 -55.657460,49.561916,0 -55.657094,49.541449,0 -55.678578,49.520697,0 -55.708485,49.508490,0 -55.733225,49.513495,0 -55.736155,49.522284,0 -55.735992,49.536851,0 -55.732574,49.551947,0 -55.725738,49.561916,0 -55.712514,49.564765,0</coordinates>
          </LinearRing>
        </outerBoundaryIs>
      </Polygon>
    </Placemark>
    <Placemark>
      <name>Newfoundland</name>
      <Polygon>
        <outerBoundaryIs>
          <LinearRing>
            <coordinates>-55.572743,49.607571,0 -55.570790,49.602851,0 -55.572906,49.598131,0 -55.578969,49.596015,0 -55.595815,49.594713,0 -55.640533,49.585517,0 -55.670277,49.571112,0 -55.693105,49.568345,0 -55.714467,49.571479,0 -55.725738,49.581773,0 -55.723256,49.587388,0 -55.709218,49.603339,0 -55.702545,49.622545,0 -55.694325,49.628567,0 -55.671742,49.637030,0 -55.651275,49.637030,0 -55.655181,49.627102,0 -55.657460,49.623358,0 -55.643544,49.624742,0 -55.631418,49.622463,0 -55.625234,49.615546,0 -55.629547,49.603461,0 -55.603831,49.604682,0 -55.596059,49.603461,0 -55.590932,49.603461,0 -55.583404,49.608466,0 -55.578969,49.609687,0 -55.572743,49.607571,0</coordinates>
          </LinearRing>
        </outerBoundaryIs>
      </Polygon>
    </Placemark>
    <Placemark>
      <name>Newfoundland</name>
      <Polygon>
        <outerBoundaryIs>
          <LinearRing>
            <coordinates>-54.884511,49.560248,0 -54.888336,49.572008,0 -54.893178,49.581977,0 -54.897125,49.581773,0 -54.884999,49.595201,0 -54.851552,49.591010,0 -54.835683,49.603461,0 -54.819651,49.601223,0 -54.795766,49.601020,0 -54.780629,49.595893,0 -54.790679,49.578681,0 -54.795277,49.563625,0 -54.776601,49.556098,0 -54.750396,49.553900,0 -54.732655,49.555080,0 -54.692860,49.567613,0 -54.672922,49.578681,0 -54.664418,49.592597,0 -54.660227,49.610907,0 -54.649241,49.624905,0 -54.633697,49.633775,0 -54.615956,49.637030,0 -54.625600,49.626654,0 -54.630238,49.623358,0 -54.614084,49.616116,0 -54.587270,49.631781,0 -54.557932,49.653510,0 -54.539377,49.661038,0 -54.544057,49.651801,0 -54.538726,49.649848,0 -54.536244,49.644721,0 -54.529286,49.625067,0 -54.530873,49.615424,0 -54.537506,49.606350,0 -54.547719,49.596015,0 -54.546051,49.584784,0 -54.572865,49.571845,0 -54.607737,49.560736,0 -54.699330,49.541897,0 -54.718984,49.534613,0 -54.730295,49.528957,0 -54.736440,49.524359,0 -54.739003,49.517035,0 -54.739491,49.503241,0 -54.744008,49.493801,0 -54.754954,49.493801,0 -54.781077,49.499823,0 -54.828481,49.489203,0 -54.852366,49.486518,0 -54.876617,49.493598,0 -54.859934,49.503811,0 -54.845530,49.509833,0 -54.830230,49.512763,0 -54.811187,49.513495,0 -54.806874,49.515611,0 -54.811635,49.520331,0 -54.821360,49.525051,0 -54.840403,49.529771,0 -54.847320,49.536200,0 -54.859609,49.551663,0 -54.863759,49.552720,0 -54.877187,49.552232,0 -54.883453,49.555080,0 -54.884511,49.560248,0</coordinates>
          </LinearRing>
        </outerBoundaryIs>
      </Polygon>
    </Placemark>
    <Placemark>
      <name>Newfoundland</name>
      <Polygon>
        <outerBoundaryIs>
          <LinearRing>
            <coordinates>-54.291982,49.587388,0 -54.298695,49.615139,0 -54.301991,49.647121,0 -54.307485,49.671780,0 -54.294993,49.676744,0 -54.267242,49.673285,0 -54.252838,49.677965,0 -54.262115,49.680243,0 -54.269928,49.684475,0 -54.276031,49.690619,0 -54.280141,49.698432,0 -54.274770,49.701890,0 -54.271881,49.705308,0 -54.269765,49.708889,0 -54.266510,49.712714,0 -54.271718,49.712226,0 -54.282379,49.712958,0 -54.287587,49.712714,0 -54.269846,49.727240,0 -54.244049,49.726060,0 -54.217600,49.716376,0 -54.197621,49.705268,0 -54.205068,49.698432,0 -54.191396,49.677965,0 -54.182932,49.691352,0 -54.183502,49.704820,0 -54.186350,49.716986,0 -54.184641,49.726386,0 -54.172963,49.733588,0 -54.161488,49.732123,0 -54.149526,49.729315,0 -54.136790,49.732611,0 -54.141469,49.737738,0 -54.150461,49.753730,0 -54.110219,49.754462,0 -54.092030,49.750474,0 -54.075999,49.734117,0 -54.061757,49.725043,0 -54.054270,49.718940,0 -54.048980,49.717190,0 -54.041982,49.716742,0 -54.035797,49.714993,0 -54.033111,49.708970,0 -54.034820,49.704535,0 -54.038319,49.700629,0 -54.041005,49.696682,0 -54.040598,49.691636,0 -54.029775,49.675971,0 -54.016510,49.667792,0 -53.999827,49.664740,0 -53.978505,49.664293,0 -53.987172,49.651068,0 -54.000071,49.650092,0 -54.030019,49.657457,0 -54.038889,49.654283,0 -54.045969,49.647284,0 -54.055409,49.640204,0 -54.086659,49.634996,0 -54.095041,49.629950,0 -54.102610,49.623358,0 -54.115712,49.616523,0 -54.130279,49.612738,0 -54.170969,49.609687,0 -54.210357,49.598090,0 -54.222157,49.596015,0 -54.227610,49.593695,0 -54.258697,49.571479,0 -54.263336,49.571194,0 -54.267893,49.573798,0 -54.276763,49.575588,0 -54.291982,49.587388,0</coordinates>
          </LinearRing>
        </outerBoundaryIs>
      </Polygon>
    </Placemark>
    <Placemark>
      <name>Newfoundland</name>
      <Polygon>
        <outerBoundaryIs>
          <LinearRing>
            <coordinates>-55.491363,50.808580,0 -55.466420,50.804267,0 -55.452301,50.796210,0 -55.465688,50.788398,0 -55.469472,50.785590,0 -55.471913,50.782864,0 -55.474843,50.780951,0 -55.479970,50.780951,0 -55.476715,50.776923,0 -55.474721,50.773261,0 -55.471750,50.770087,0 -55.465688,50.767279,0 -55.497711,50.751614,0 -55.509348,50.742336,0 -55.506663,50.733791,0 -55.523590,50.721015,0 -55.582387,50.698961,0 -55.590077,50.709296,0 -55.598256,50.716864,0 -55.607086,50.718980,0 -55.616526,50.713324,0 -55.642730,50.723334,0 -55.646392,50.732611,0 -55.623362,50.761054,0 -55.623443,50.766343,0 -55.626210,50.772895,0 -55.626698,50.781195,0 -55.619944,50.791815,0 -55.611073,50.795640,0 -55.603586,50.791693,0 -55.598215,50.783393,0 -55.596059,50.774726,0 -55.575429,50.778998,0 -55.528066,50.794664,0 -55.510365,50.805121,0 -55.491363,50.808580,0</coordinates>
          </LinearRing>
        </outerBoundaryIs>
      </Polygon>
    </Placemark>
    <Placemark>
      <name>Newfoundland</name>
      <Polygon>
        <outerBoundaryIs>
          <LinearRing>
            <coordinates>-55.534779,50.958197,0 -55.543121,50.950914,0 -55.553334,50.945217,0 -55.565582,50.935492,0 -55.573069,50.923041,0 -55.567372,50.915269,0 -55.556386,50.906440,0 -55.547597,50.890815,0 -55.569163,50.890937,0 -55.587758,50.895982,0 -55.623362,50.911933,0 -55.612375,50.922675,0 -55.613393,50.931342,0 -55.633290,50.949774,0 -55.639150,50.961493,0 -55.629465,50.965399,0 -55.602854,50.966539,0 -55.562652,50.985989,0 -55.541900,50.987779,0 -55.527821,50.972724,0 -55.534779,50.958197,0</coordinates>
          </LinearRing>
        </outerBoundaryIs>
      </Polygon>
    </Placemark>
    <Placemark>
      <name>Newfoundland</name>
      <Polygon>
        <outerBoundaryIs>
          <LinearRing>
            <coordinates>-52.616607,47.522691,0 -52.616933,47.512763,0 -52.628529,47.485745,0 -52.643300,47.487535,0 -52.659006,47.481757,0 -52.690582,47.464586,0 -52.660471,47.445787,0 -52.656606,47.437079,0 -52.663319,47.423651,0 -52.674713,47.412095,0 -52.701283,47.392768,0 -52.711049,47.383246,0 -52.718088,47.368801,0 -52.730377,47.332506,0 -52.738393,47.320624,0 -52.752594,47.314358,0 -52.785634,47.311469,0 -52.800445,47.306952,0 -52.791331,47.301947,0 -52.781321,47.299547,0 -52.770619,47.299140,0 -52.759511,47.300116,0 -52.768544,47.289008,0 -52.782379,47.282213,0 -52.814076,47.273424,0 -52.801910,47.258775,0 -52.805531,47.250800,0 -52.814931,47.242865,0 -52.822418,47.220160,0 -52.831858,47.203599,0 -52.836171,47.183783,0 -52.841135,47.178127,0 -52.846018,47.173529,0 -52.848256,47.166693,0 -52.853017,47.134263,0 -52.859446,47.115302,0 -52.868764,47.101508,0 -52.882924,47.095893,0 -52.920318,47.094062,0 -52.937611,47.087836,0 -52.887034,47.075507,0 -52.868398,47.074164,0 -52.849192,47.069810,0 -52.846303,47.061469,0 -52.856272,47.055854,0 -52.874908,47.059882,0 -52.871490,47.051093,0 -52.866689,47.043280,0 -52.860829,47.037095,0 -52.854482,47.033189,0 -52.854482,47.026353,0 -52.889272,47.006822,0 -52.895090,46.995551,0 -52.882395,46.977973,0 -52.895904,46.973944,0 -52.898549,46.966986,0 -52.893951,46.960395,0 -52.885854,46.957465,0 -52.882192,46.951117,0 -52.909739,46.912787,0 -52.915273,46.890286,0 -52.926178,46.868313,0 -52.934071,46.847113,0 -52.930165,46.827135,0 -52.936106,46.817043,0 -52.937489,46.803371,0 -52.941274,46.791327,0 -52.961090,46.782782,0 -52.971995,46.765692,0 -52.978627,46.758857,0 -53.006947,46.753119,0 -53.009348,46.752021,0 -53.031321,46.736029,0 -53.066884,46.665595,0 -53.091542,46.649604,0 -53.143056,46.629136,0 -53.176625,46.625149,0 -53.192860,46.627631,0 -53.211334,46.635321,0 -53.232330,46.653754,0 -53.253651,46.683173,0 -53.267486,46.714545,0 -53.265981,46.739000,0 -53.282541,46.732815,0 -53.298655,46.720649,0 -53.324330,46.693996,0 -53.331207,46.693305,0 -53.337717,46.701809,0 -53.343495,46.712226,0 -53.348500,46.717271,0 -53.359731,46.713446,0 -53.370717,46.704413,0 -53.389475,46.683783,0 -53.382924,46.698676,0 -53.355336,46.739000,0 -53.373850,46.734849,0 -53.389394,46.723700,0 -53.416819,46.697414,0 -53.432851,46.687567,0 -53.440745,46.680854,0 -53.448801,46.664008,0 -53.459828,46.659410,0 -53.472401,46.656643,0 -53.482004,46.652737,0 -53.518300,46.628567,0 -53.554677,46.618354,0 -53.589996,46.626166,0 -53.622874,46.655829,0 -53.626576,46.662991,0 -53.634918,46.685858,0 -53.636464,46.693996,0 -53.636464,46.711371,0 -53.618316,46.741034,0 -53.605133,46.755439,0 -53.601633,46.764228,0 -53.603261,46.775051,0 -53.606679,46.786444,0 -53.608551,46.797065,0 -53.600087,46.812567,0 -53.562489,46.846340,0 -53.553944,46.864976,0 -53.544057,46.878485,0 -53.498606,46.886786,0 -53.485707,46.902899,0 -53.499582,46.898627,0 -53.531646,46.893256,0 -53.544057,46.885810,0 -53.611562,46.814276,0 -53.636871,46.798896,0 -53.643463,46.796617,0 -53.644887,46.801174,0 -53.640533,46.828274,0 -53.636220,46.838690,0 -53.629384,46.847642,0 -53.619211,46.858140,0 -53.612620,46.869045,0 -53.605092,46.895331,0 -53.598704,46.905951,0 -53.547109,46.928209,0 -53.521148,46.944648,0 -53.519195,46.964301,0 -53.530629,46.953274,0 -53.542144,46.944648,0 -53.554433,46.940823,0 -53.567698,46.943834,0 -53.563222,46.952460,0 -53.561757,46.960883,0 -53.563222,46.969306,0 -53.567698,46.977973,0 -53.574452,46.977973,0 -53.577463,46.971177,0 -53.587880,46.953599,0 -53.591868,46.950019,0 -53.598744,46.950751,0 -53.608632,46.953518,0 -53.615224,46.958970,0 -53.611969,46.968004,0 -53.600087,46.986884,0 -53.608551,46.991523,0 -53.643381,46.985419,0 -53.625396,47.013414,0 -53.605133,47.036607,0 -53.578114,47.059516,0 -53.570627,47.072699,0 -53.581899,47.081610,0 -53.563140,47.097724,0 -53.511790,47.122992,0 -53.498687,47.135647,0 -53.515207,47.135891,0 -53.524322,47.143500,0 -53.525746,47.155829,0 -53.519195,47.169745,0 -53.533030,47.166815,0 -53.556264,47.157945,0 -53.571034,47.156155,0 -53.572581,47.162055,0 -53.562123,47.192084,0 -53.560170,47.204535,0 -53.594228,47.145697,0 -53.617299,47.119330,0 -53.650217,47.108344,0 -53.635569,47.144843,0 -53.629058,47.156155,0 -53.640981,47.153225,0 -53.649770,47.147162,0 -53.656809,47.138861,0 -53.663197,47.128811,0 -53.677480,47.091254,0 -53.683583,47.090644,0 -53.695627,47.084540,0 -53.704498,47.077541,0 -53.695424,47.070136,0 -53.704010,47.061103,0 -53.725250,47.046820,0 -53.736684,47.043647,0 -53.759185,47.041897,0 -53.766835,47.040025,0 -53.775258,47.031806,0 -53.818471,46.962592,0 -53.824859,46.957465,0 -53.861195,46.947577,0 -53.869252,46.943834,0 -53.872914,46.937323,0 -53.877919,46.917873,0 -53.882924,46.909084,0 -53.889638,46.904202,0 -53.912709,46.891750,0 -53.934153,46.886054,0 -53.939605,46.878241,0 -53.942494,46.868109,0 -53.947825,46.858140,0 -53.956939,46.852769,0 -53.992177,46.848293,0 -54.003082,46.842597,0 -54.026926,46.820950,0 -54.040435,46.812201,0 -54.050364,46.808051,0 -54.060536,46.806789,0 -54.074696,46.806627,0 -54.081654,46.805650,0 -54.092926,46.801459,0 -54.098622,46.800482,0 -54.104563,46.802436,0 -54.113596,46.811469,0 -54.119049,46.813463,0 -54.170969,46.820950,0 -54.184926,46.826117,0 -54.188547,46.828437,0 -54.188466,46.833889,0 -54.195790,46.864407,0 -54.197621,46.885810,0 -54.194081,46.907375,0 -54.185414,46.927802,0 -54.164133,46.964301,0 -54.160390,46.974066,0 -54.155507,46.995185,0 -54.150461,47.005316,0 -54.112620,47.043402,0 -54.100413,47.059801,0 -54.040395,47.179918,0 -54.023549,47.200751,0 -54.018951,47.210150,0 -54.015248,47.222724,0 -54.010406,47.233873,0 -54.002756,47.238674,0 -53.951243,47.231879,0 -53.931752,47.234361,0 -53.943959,47.241197,0 -53.969350,47.251044,0 -53.989084,47.262600,0 -53.995961,47.272162,0 -53.999094,47.281317,0 -53.999623,47.303534,0 -53.996205,47.317206,0 -53.988026,47.319770,0 -53.971669,47.314399,0 -53.969472,47.312649,0 -53.972646,47.309638,0 -53.977162,47.307196,0 -53.978505,47.306952,0 -53.961415,47.303290,0 -53.938791,47.305162,0 -53.922271,47.313218,0 -53.923940,47.328070,0 -53.895253,47.340481,0 -53.884267,47.349066,0 -53.876698,47.361518,0 -53.903310,47.361029,0 -53.914296,47.363471,0 -53.910553,47.372748,0 -53.892893,47.392890,0 -53.875396,47.405341,0 -53.853139,47.413479,0 -53.807851,47.423651,0 -53.807851,47.430487,0 -53.829213,47.429267,0 -53.835113,47.430487,0 -53.846059,47.438137,0 -53.850819,47.442857,0 -53.848785,47.444770,0 -53.902008,47.431545,0 -53.910268,47.433905,0 -53.913401,47.442450,0 -53.919342,47.448554,0 -53.923451,47.454088,0 -53.920766,47.461168,0 -53.908599,47.473456,0 -53.904856,47.479926,0 -53.903432,47.488756,0 -53.897572,47.503404,0 -53.887847,47.516913,0 -53.885854,47.527493,0 -53.903432,47.533515,0 -53.891835,47.577460,0 -53.892568,47.598822,0 -53.903432,47.616034,0 -53.908599,47.616645,0 -53.918813,47.608710,0 -53.923940,47.609198,0 -53.927561,47.613105,0 -53.930898,47.620754,0 -53.934722,47.625678,0 -53.939849,47.634914,0 -53.943674,47.649115,0 -53.944692,47.663723,0 -53.941274,47.674058,0 -53.947906,47.681708,0 -53.971669,47.742662,0 -53.969797,47.748196,0 -53.966379,47.752509,0 -53.964711,47.756903,0 -53.968251,47.762519,0 -53.975168,47.764838,0 -53.981557,47.762030,0 -53.987294,47.758734,0 -53.992177,47.759426,0 -54.000844,47.771145,0 -54.007965,47.794827,0 -54.013295,47.807196,0 -54.005849,47.820868,0 -54.042144,47.801988,0 -54.060862,47.800360,0 -54.074696,47.814032,0 -54.074290,47.820461,0 -54.069569,47.825588,0 -54.063954,47.828518,0 -54.061106,47.828315,0 -54.062611,47.832831,0 -54.067128,47.841783,0 -54.067942,47.841986,0 -54.071156,47.850775,0 -54.076243,47.856513,0 -54.080556,47.863349,0 -54.081532,47.875474,0 -54.092275,47.863023,0 -54.098256,47.837592,0 -54.109486,47.828315,0 -54.125071,47.828111,0 -54.141021,47.835761,0 -54.164133,47.855048,0 -54.166371,47.859768,0 -54.167877,47.871283,0 -54.170969,47.875474,0 -54.179026,47.878974,0 -54.205068,47.882961,0 -54.266510,47.903469,0 -54.253733,47.887763,0 -54.233510,47.881659,0 -54.212636,47.877916,0 -54.197621,47.869289,0 -54.193715,47.852769,0 -54.198232,47.833319,0 -54.224273,47.772691,0 -54.249135,47.730129,0 -54.280141,47.697943,0 -54.310902,47.700751,0 -54.327260,47.710150,0 -54.329172,47.696723,0 -54.321156,47.667222,0 -54.326568,47.647650,0 -54.350453,47.618801,0 -54.355865,47.605455,0 -54.363393,47.591742,0 -54.396230,47.559516,0 -54.411041,47.530666,0 -54.427846,47.516913,0 -54.458363,47.499416,0 -54.456370,47.493964,0 -54.454416,47.490953,0 -54.451039,47.488715,0 -54.444651,47.485745,0 -54.438466,47.499416,0 -54.429596,47.486029,0 -54.424184,47.471991,0 -54.417307,47.459459,0 -54.403676,47.450914,0 -54.438100,47.430080,0 -54.452056,47.423651,0 -54.445058,47.438381,0 -54.444325,47.449449,0 -54.450836,47.454535,0 -54.465728,47.450914,0 -54.476308,47.442450,0 -54.495025,47.415107,0 -54.506093,47.402533,0 -54.498647,47.398586,0 -54.491811,47.398749,0 -54.485422,47.402777,0 -54.479400,47.409980,0 -54.472564,47.402533,0 -54.507965,47.382229,0 -54.523427,47.376695,0 -54.526601,47.383246,0 -54.579457,47.359361,0 -54.605824,47.352484,0 -54.615956,47.368964,0 -54.610585,47.377143,0 -54.575022,47.396308,0 -54.437164,47.555650,0 -54.411204,47.601752,0 -54.414418,47.604926,0 -54.417348,47.609198,0 -54.433827,47.593940,0 -54.472524,47.549628,0 -54.504140,47.530463,0 -54.543935,47.468004,0 -54.602935,47.409980,0 -54.656402,47.385159,0 -54.664418,47.375800,0 -54.671783,47.380520,0 -54.676096,47.385443,0 -54.677805,47.392279,0 -54.677398,47.402533,0 -54.688588,47.398383,0 -54.697825,47.392401,0 -54.705434,47.384833,0 -54.712148,47.375800,0 -54.705800,47.372870,0 -54.703236,47.369859,0 -54.701650,47.366197,0 -54.698557,47.361518,0 -54.710927,47.356024,0 -54.722076,47.355943,0 -54.730092,47.362291,0 -54.732655,47.375800,0 -54.745961,47.367418,0 -54.759592,47.362779,0 -54.770009,47.366523,0 -54.773590,47.383246,0 -54.796254,47.372870,0 -54.808258,47.369452,0 -54.822011,47.368964,0 -54.795644,47.394355,0 -54.784901,47.411282,0 -54.787262,47.423651,0 -54.801503,47.423000,0 -54.813954,47.407620,0 -54.828236,47.375800,0 -54.840403,47.384467,0 -54.840321,47.397447,0 -54.832631,47.411566,0 -54.822011,47.423651,0 -54.837880,47.419257,0 -54.848744,47.407782,0 -54.866078,47.379584,0 -54.879954,47.366685,0 -54.910959,47.346422,0 -54.924428,47.334906,0 -54.927968,47.326809,0 -54.927358,47.319037,0 -54.928944,47.311347,0 -54.938710,47.303534,0 -54.966298,47.288275,0 -54.975942,47.286444,0 -54.989247,47.280260,0 -55.004506,47.265937,0 -55.027455,47.238674,0 -55.040598,47.217719,0 -55.034006,47.211493,0 -55.020579,47.207709,0 -55.013173,47.193996,0 -55.017079,47.184475,0 -55.026967,47.172553,0 -55.040151,47.162014,0 -55.054189,47.156155,0 -55.073801,47.156968,0 -55.073394,47.168118,0 -55.067860,47.184272,0 -55.071848,47.200751,0 -55.088002,47.206244,0 -55.106679,47.197821,0 -55.123891,47.183051,0 -55.136098,47.169745,0 -55.097320,47.171780,0 -55.088938,47.169745,0 -55.082753,47.159084,0 -55.084462,47.148505,0 -55.088450,47.138251,0 -55.088938,47.128811,0 -55.071767,47.094957,0 -55.074696,47.081000,0 -55.102610,47.081610,0 -55.100413,47.076890,0 -55.097239,47.064643,0 -55.095123,47.059882,0 -55.134877,47.047593,0 -55.146311,47.037665,0 -55.150380,47.015815,0 -55.154612,47.012600,0 -55.163930,47.016059,0 -55.173451,47.021959,0 -55.178334,47.026353,0 -55.178782,47.037095,0 -55.171742,47.060370,0 -55.171498,47.067328,0 -55.180084,47.075019,0 -55.188588,47.074612,0 -55.196156,47.069648,0 -55.201894,47.063666,0 -55.202626,47.055854,0 -55.193756,47.032538,0 -55.191314,47.022650,0 -55.193349,47.000678,0 -55.200185,46.980536,0 -55.213002,46.965155,0 -55.232900,46.957465,0 -55.229563,46.936225,0 -55.250885,46.918850,0 -55.282948,46.907172,0 -55.311757,46.902899,0 -55.360504,46.909857,0 -55.370107,46.909084,0 -55.369740,46.896226,0 -55.360341,46.884467,0 -55.359039,46.874701,0 -55.383127,46.868109,0 -55.417836,46.866604,0 -55.452545,46.876288,0 -55.473256,46.897528,0 -55.465688,46.930813,0 -55.509104,46.919379,0 -55.524159,46.921698,0 -55.527821,46.943834,0 -55.535471,46.934882,0 -55.537506,46.925442,0 -55.538075,46.916449,0 -55.541412,46.909084,0 -55.551259,46.900946,0 -55.554555,46.902289,0 -55.556386,46.906968,0 -55.561879,46.909084,0 -55.575917,46.907620,0 -55.581654,46.906073,0 -55.589223,46.902899,0 -55.597239,46.897895,0 -55.616526,46.882392,0 -55.649526,46.867906,0 -55.668284,46.862982,0 -55.684804,46.861884,0 -55.716705,46.870998,0 -55.728912,46.869289,0 -55.739410,46.854438,0 -55.752797,46.864000,0 -55.776926,46.867865,0 -55.825673,46.868109,0 -55.851308,46.870998,0 -55.906972,46.886908,0 -55.950307,46.904364,0 -55.968129,46.917182,0 -55.981313,46.932034,0 -55.986440,46.946967,0 -55.979970,46.970364,0 -55.963979,46.988918,0 -55.925038,47.018948,0 -55.889150,47.058987,0 -55.869862,47.075141,0 -55.846181,47.081610,0 -55.821441,47.084947,0 -55.782948,47.101630,0 -55.761138,47.108344,0 -55.738026,47.106920,0 -55.684804,47.095160,0 -55.668040,47.098090,0 -55.650624,47.106391,0 -55.582387,47.115180,0 -55.523549,47.133775,0 -55.496693,47.135647,0 -55.487172,47.140286,0 -55.476959,47.151028,0 -55.468984,47.163520,0 -55.465688,47.173163,0 -55.461741,47.180894,0 -55.452301,47.184556,0 -55.441029,47.186957,0 -55.431549,47.190863,0 -55.396799,47.218207,0 -55.368642,47.228949,0 -55.341217,47.246894,0 -55.320465,47.256049,0 -55.301259,47.267646,0 -55.287506,47.286444,0 -55.285959,47.296129,0 -55.287831,47.317939,0 -55.287506,47.328070,0 -55.283315,47.339260,0 -55.270375,47.361396,0 -55.267690,47.372382,0 -55.264556,47.396186,0 -55.255279,47.411444,0 -55.183990,47.460354,0 -55.163686,47.468329,0 -55.128407,47.473700,0 -55.108795,47.483466,0 -55.095774,47.485745,0 -55.059560,47.484565,0 -55.047963,47.485745,0 -55.032135,47.490058,0 -55.002105,47.501899,0 -54.985829,47.506171,0 -54.955190,47.506171,0 -54.947865,47.510443,0 -54.950999,47.529242,0 -54.941803,47.533515,0 -54.907094,47.533515,0 -54.892323,47.536282,0 -54.853179,47.560126,0 -54.843170,47.571031,0 -54.841908,47.588080,0 -54.861440,47.573432,0 -54.869293,47.571845,0 -54.876617,47.581244,0 -54.867055,47.587877,0 -54.851918,47.606676,0 -54.841908,47.616034,0 -54.831166,47.622138,0 -54.780670,47.640570,0 -54.752756,47.645941,0 -54.739491,47.650133,0 -54.722524,47.662299,0 -54.711822,47.668199,0 -54.698557,47.670640,0 -54.718984,47.675035,0 -54.753651,47.670559,0 -54.773590,47.670640,0 -54.766754,47.683743,0 -54.826161,47.644517,0 -54.893300,47.619208,0 -54.963938,47.605658,0 -55.072174,47.597357,0 -55.088490,47.601711,0 -55.078725,47.619127,0 -55.047922,47.642768,0 -55.033559,47.657620,0 -55.027455,47.674058,0 -55.021392,47.685452,0 -54.952545,47.751370,0 -54.942250,47.768052,0 -54.938100,47.787340,0 -54.983388,47.750800,0 -55.058949,47.658433,0 -55.102610,47.622260,0 -55.094879,47.600653,0 -55.108551,47.585435,0 -55.131174,47.583564,0 -55.150380,47.601752,0 -55.150014,47.613593,0 -55.144643,47.631781,0 -55.129872,47.663804,0 -55.146311,47.651028,0 -55.169749,47.639879,0 -55.194814,47.636420,0 -55.232737,47.655178,0 -55.258778,47.660346,0 -55.308665,47.663804,0 -55.312896,47.665269,0 -55.317291,47.668199,0 -55.322418,47.670600,0 -55.329091,47.670640,0 -55.330556,47.668280,0 -55.332428,47.663520,0 -55.335927,47.658677,0 -55.342152,47.656399,0 -55.362375,47.654120,0 -55.363596,47.657213,0 -55.363352,47.667222,0 -55.365387,47.673041,0 -55.370107,47.675849,0 -55.374827,47.677680,0 -55.376943,47.680609,0 -55.375885,47.686469,0 -55.373525,47.689602,0 -55.371165,47.691596,0 -55.370107,47.694281,0 -55.364125,47.700263,0 -55.353627,47.705552,0 -55.349680,47.711168,0 -55.363352,47.718451,0 -55.360666,47.722357,0 -55.355824,47.732123,0 -55.365590,47.732001,0 -55.374827,47.729560,0 -55.383127,47.725043,0 -55.390614,47.718451,0 -55.385894,47.715318,0 -55.381825,47.709052,0 -55.376943,47.704169,0 -55.381703,47.701361,0 -55.391021,47.697333,0 -55.400217,47.695868,0 -55.404205,47.700751,0 -55.408518,47.710517,0 -55.417877,47.717475,0 -55.427317,47.719550,0 -55.431549,47.714748,0 -55.428944,47.683051,0 -55.431386,47.672675,0 -55.441477,47.660102,0 -55.464101,47.640041,0 -55.470204,47.626899,0 -55.459462,47.616034,0 -55.446441,47.619208,0 -55.433502,47.629828,0 -55.417877,47.633612,0 -55.396799,47.616034,0 -55.426991,47.594794,0 -55.431549,47.588080,0 -55.426015,47.584947,0 -55.390614,47.595526,0 -55.390614,47.588080,0 -55.401723,47.582750,0 -55.401682,47.578111,0 -55.397572,47.573432,0 -55.396799,47.567613,0 -55.418528,47.533515,0 -55.402333,47.520738,0 -55.407053,47.501451,0 -55.422353,47.482652,0 -55.437815,47.471381,0 -55.460764,47.465399,0 -55.520904,47.464586,0 -55.524241,47.461737,0 -55.555084,47.444770,0 -55.562164,47.434760,0 -55.575103,47.409654,0 -55.582387,47.402533,0 -55.598500,47.399319,0 -55.601471,47.406440,0 -55.596059,47.423651,0 -55.600494,47.438910,0 -55.598744,47.445624,0 -55.589223,47.450914,0 -55.589223,47.457750,0 -55.610951,47.455024,0 -55.643707,47.438666,0 -55.664296,47.437242,0 -55.657582,47.445136,0 -55.644358,47.451321,0 -55.637034,47.457750,0 -55.611806,47.499457,0 -55.603424,47.507758,0 -55.589223,47.512397,0 -55.599762,47.527004,0 -55.618764,47.541693,0 -55.638417,47.545315,0 -55.651275,47.526679,0 -55.642730,47.528876,0 -55.637034,47.528632,0 -55.631500,47.527411,0 -55.623362,47.526679,0 -55.629628,47.518012,0 -55.641103,47.506659,0 -55.653920,47.496568,0 -55.664296,47.491889,0 -55.675771,47.494330,0 -55.685414,47.500800,0 -55.696645,47.506293,0 -55.712717,47.506171,0 -55.706776,47.493883,0 -55.703969,47.489691,0 -55.698476,47.485745,0 -55.715688,47.475979,0 -55.734609,47.467760,0 -55.754303,47.461615,0 -55.774159,47.457750,0 -55.764150,47.477281,0 -55.761301,47.487006,0 -55.767323,47.491889,0 -55.771474,47.504218,0 -55.767079,47.515774,0 -55.759429,47.527533,0 -55.753733,47.540269,0 -55.770741,47.531440,0 -55.786529,47.513617,0 -55.794504,47.493598,0 -55.787831,47.478217,0 -55.805247,47.462226,0 -55.821604,47.464545,0 -55.838287,47.473700,0 -55.856760,47.478217,0 -55.871693,47.472642,0 -55.890614,47.460924,0 -55.907826,47.447577,0 -55.917592,47.437242,0 -55.916656,47.457343,0 -55.890859,47.478461,0 -55.835601,47.512397,0 -55.771637,47.572699,0 -55.746897,47.588080,0 -55.759877,47.586737,0 -55.780588,47.576850,0 -55.791249,47.574449,0 -55.798980,47.569159,0 -55.809885,47.559882,0 -55.817535,47.556138,0 -55.815785,47.567613,0 -55.833852,47.566392,0 -55.850413,47.557807,0 -55.877187,47.533515,0 -55.893910,47.541409,0 -55.914784,47.532864,0 -55.934885,47.519436,0 -55.948883,47.512397,0 -55.972564,47.510688,0 -56.020131,47.499498,0 -56.105784,47.466702,0 -56.120513,47.468004,0 -56.161936,47.491929,0 -56.169423,47.503730,0 -56.150950,47.519843,0 -56.133412,47.525458,0 -56.045522,47.535793,0 -55.938629,47.567613,0 -55.929596,47.568101,0 -55.918080,47.566799,0 -55.911366,47.567613,0 -55.906565,47.570705,0 -55.903472,47.575263,0 -55.900014,47.579495,0 -55.882395,47.584459,0 -55.863149,47.598578,0 -55.853017,47.601752,0 -55.829498,47.603746,0 -55.808258,47.609198,0 -55.786733,47.618964,0 -55.742543,47.644924,0 -55.722646,47.650133,0 -55.698964,47.653062,0 -55.629547,47.677476,0 -55.650380,47.681830,0 -55.680043,47.678412,0 -55.733225,47.663804,0 -55.813140,47.625190,0 -55.843088,47.622260,0 -55.867299,47.627916,0 -55.894399,47.640448,0 -55.914418,47.659247,0 -55.917592,47.683743,0 -55.903554,47.699652,0 -55.828765,47.738959,0 -55.833363,47.742580,0 -55.838246,47.749091,0 -55.843088,47.752590,0 -55.836985,47.759101,0 -55.819407,47.772366,0 -55.815785,47.776516,0 -55.815785,47.795071,0 -55.811879,47.799872,0 -55.802113,47.801011,0 -55.802113,47.807196,0 -55.824818,47.820380,0 -55.816558,47.839667,0 -55.794179,47.858222,0 -55.774159,47.869289,0 -55.795644,47.877916,0 -55.784779,47.895006,0 -55.759999,47.912909,0 -55.739410,47.923896,0 -55.755279,47.946234,0 -55.766184,47.955146,0 -55.780385,47.958075,0 -55.774037,47.932807,0 -55.784047,47.921698,0 -55.804311,47.913316,0 -55.828765,47.896633,0 -55.817047,47.888658,0 -55.819732,47.880032,0 -55.835601,47.862454,0 -55.844106,47.836412,0 -55.849273,47.810614,0 -55.860015,47.791205,0 -55.885365,47.777899,0 -55.968495,47.759833,0 -55.990224,47.751532,0 -56.009348,47.739244,0 -56.049387,47.705064,0 -56.059316,47.699530,0 -56.072418,47.697333,0 -56.102895,47.699897,0 -56.110829,47.704047,0 -56.096303,47.711005,0 -56.096303,47.718451,0 -56.105784,47.726874,0 -56.092641,47.742906,0 -56.071116,47.762030,0 -56.055328,47.779934,0 -56.089508,47.757473,0 -56.101064,47.759711,0 -56.116811,47.779934,0 -56.137807,47.825507,0 -56.150950,47.841986,0 -56.155019,47.826158,0 -56.147125,47.810858,0 -56.136098,47.794664,0 -56.130442,47.776516,0 -56.132436,47.755276,0 -56.139272,47.742133,0 -56.172027,47.718451,0 -56.160390,47.717841,0 -56.150706,47.713772,0 -56.142974,47.706692,0 -56.137278,47.697333,0 -56.149648,47.687242,0 -56.163442,47.684149,0 -56.177805,47.682685,0 -56.191884,47.677476,0 -56.178049,47.672024,0 -56.172027,47.670640,0 -56.175364,47.666002,0 -56.176991,47.662543,0 -56.179555,47.659491,0 -56.185658,47.656399,0 -56.158355,47.642727,0 -56.167144,47.636623,0 -56.180776,47.630683,0 -56.193227,47.630072,0 -56.198720,47.639594,0 -56.202992,47.649644,0 -56.212392,47.655748,0 -56.221750,47.655463,0 -56.225982,47.646430,0 -56.234975,47.631985,0 -56.256093,47.627265,0 -56.301747,47.629096,0 -56.298085,47.644965,0 -56.300120,47.665717,0 -56.299550,47.685289,0 -56.288075,47.697333,0 -56.302235,47.706041,0 -56.308095,47.719184,0 -56.308583,47.752590,0 -56.314076,47.737779,0 -56.315785,47.721340,0 -56.320709,47.708441,0 -56.335846,47.704169,0 -56.335846,47.697333,0 -56.315338,47.685858,0 -56.311025,47.661200,0 -56.319163,47.634426,0 -56.335846,47.616034,0 -56.361236,47.608059,0 -56.389801,47.606431,0 -56.464589,47.611233,0 -56.497182,47.620266,0 -56.514027,47.622260,0 -56.565826,47.616034,0 -56.672027,47.626695,0 -56.699574,47.622260,0 -56.685292,47.611233,0 -56.650258,47.600572,0 -56.637563,47.588080,0 -56.662343,47.581448,0 -56.668568,47.577867,0 -56.676137,47.577338,0 -56.709584,47.588080,0 -56.720815,47.594672,0 -56.744211,47.625881,0 -56.754262,47.636542,0 -56.761545,47.629869,0 -56.767893,47.622260,0 -56.753529,47.610907,0 -56.743967,47.595893,0 -56.730784,47.582017,0 -56.705881,47.574449,0 -56.705881,47.567613,0 -56.725697,47.561713,0 -56.777455,47.533393,0 -56.791493,47.530097,0 -56.803822,47.539252,0 -56.810414,47.539496,0 -56.816233,47.535834,0 -56.825917,47.533515,0 -56.851226,47.531724,0 -56.857086,47.537299,0 -56.850453,47.553941,0 -56.869985,47.545111,0 -56.893910,47.547512,0 -56.917470,47.557440,0 -56.935862,47.571031,0 -56.957428,47.583401,0 -56.983876,47.586982,0 -57.120717,47.567613,0 -57.132883,47.568915,0 -57.146596,47.572333,0 -57.159413,47.577786,0 -57.168853,47.584662,0 -57.167307,47.589016,0 -57.149566,47.600653,0 -57.144643,47.609198,0 -57.164662,47.632514,0 -57.171986,47.636542,0 -57.196156,47.598700,0 -57.206899,47.594143,0 -57.219838,47.595771,0 -57.243967,47.601752,0 -57.256825,47.600043,0 -57.288645,47.588080,0 -57.314565,47.583686,0 -57.325917,47.586168,0 -57.336415,47.595526,0 -57.341949,47.608588,0 -57.338938,47.617743,0 -57.332875,47.624986,0 -57.329661,47.632799,0 -57.332916,47.642727,0 -57.341054,47.643012,0 -57.351186,47.639065,0 -57.366851,47.635403,0 -57.376047,47.630194,0 -57.381174,47.629096,0 -57.390248,47.630113,0 -57.408599,47.635077,0 -57.419016,47.636542,0 -57.505279,47.632758,0 -57.535715,47.636542,0 -57.533193,47.643378,0 -57.531646,47.646430,0 -57.528879,47.650133,0 -57.543528,47.647203,0 -57.556142,47.642768,0 -57.567738,47.635810,0 -57.579457,47.625678,0 -57.627838,47.601752,0 -57.646108,47.604071,0 -57.654652,47.610419,0 -57.668813,47.632799,0 -57.680816,47.639960,0 -57.720937,47.653876,0 -57.733998,47.656399,0 -57.750722,47.651068,0 -57.756012,47.638739,0 -57.758901,47.625230,0 -57.767812,47.616034,0 -57.784250,47.632554,0 -57.789540,47.636542,0 -57.796010,47.635932,0 -57.808217,47.628852,0 -57.816233,47.629096,0 -57.829701,47.636542,0 -57.838002,47.645087,0 -57.847320,47.652411,0 -57.864003,47.656399,0 -57.878529,47.656073,0 -57.918609,47.650133,0 -57.904449,47.678900,0 -57.895416,47.691230,0 -57.884511,47.697333,0 -57.915598,47.697333,0 -57.925933,47.695217,0 -57.930084,47.689887,0 -57.933095,47.683417,0 -57.939768,47.677476,0 -57.954823,47.672675,0 -58.004954,47.677476,0 -58.010121,47.683295,0 -58.025624,47.693752,0 -58.041982,47.698554,0 -58.058502,47.675767,0 -58.075103,47.674628,0 -58.083852,47.680813,0 -58.069447,47.691148,0 -58.069447,47.697333,0 -58.097768,47.695217,0 -58.187896,47.673041,0 -58.214223,47.660468,0 -58.227162,47.656399,0 -58.241526,47.659491,0 -58.280141,47.675035,0 -58.292592,47.674058,0 -58.301869,47.666083,0 -58.330312,47.646633,0 -58.340728,47.642727,0 -58.354726,47.649115,0 -58.354970,47.663235,0 -58.348053,47.677314,0 -58.340728,47.683743,0 -58.338002,47.689765,0 -58.313385,47.728420,0 -58.303212,47.737006,0 -58.289459,47.744127,0 -58.274648,47.749498,0 -58.261301,47.752590,0 -58.324045,47.749579,0 -58.349721,47.739651,0 -58.371165,47.718451,0 -58.387807,47.676459,0 -58.400950,47.654527,0 -58.425771,47.636542,0 -58.433217,47.636542,0 -58.452382,47.646145,0 -58.470693,47.652004,0 -58.488922,47.651679,0 -58.508372,47.642727,0 -58.515370,47.653713,0 -58.522939,47.661811,0 -58.531890,47.665676,0 -58.543080,47.663804,0 -58.527211,47.651068,0 -58.535959,47.645738,0 -58.570424,47.642727,0 -58.579701,47.634996,0 -58.603342,47.620022,0 -58.627553,47.612047,0 -58.638661,47.625678,0 -58.647939,47.626370,0 -58.703236,47.601752,0 -58.767161,47.596015,0 -58.921742,47.601508,0 -58.950836,47.591783,0 -58.962758,47.581448,0 -58.970855,47.581610,0 -58.978261,47.586005,0 -58.988108,47.588080,0 -58.999420,47.585395,0 -59.022125,47.576361,0 -59.032786,47.574449,0 -59.111643,47.560777,0 -59.146352,47.560981,0 -59.163401,47.563870,0 -59.190989,47.578315,0 -59.203969,47.577135,0 -59.216135,47.573798,0 -59.227651,47.574449,0 -59.238840,47.583401,0 -59.246246,47.594916,0 -59.255605,47.604926,0 -59.272369,47.609198,0 -59.287180,47.610256,0 -59.301137,47.614203,0 -59.308461,47.622504,0 -59.303375,47.636542,0 -59.312611,47.662340,0 -59.307729,47.699286,0 -59.295562,47.735541,0 -59.282867,47.759426,0 -59.310658,47.761664,0 -59.325063,47.774482,0 -59.330556,47.794257,0 -59.331370,47.817450,0 -59.336578,47.823391,0 -59.359609,47.832831,0 -59.364858,47.838284,0 -59.366689,47.847886,0 -59.371653,47.855048,0 -59.398834,47.880316,0 -59.403920,47.886705,0 -59.405832,47.896633,0 -59.402659,47.909613,0 -59.394928,47.916083,0 -59.385081,47.920396,0 -59.375396,47.927314,0 -59.367543,47.931057,0 -59.356272,47.931871,0 -59.334462,47.930732,0 -59.320383,47.934475,0 -59.313710,47.943345,0 -59.309641,47.954535,0 -59.303375,47.964911,0 -59.241689,48.015530,0 -59.168324,48.058743,0 -59.001780,48.122504,0 -58.970123,48.141913,0 -58.910390,48.199774,0 -58.856801,48.216498,0 -58.841054,48.227607,0 -58.816151,48.252875,0 -58.798655,48.265815,0 -58.741078,48.293850,0 -58.723459,48.305732,0 -58.683013,48.345038,0 -58.678293,48.353461,0 -58.673940,48.373440,0 -58.666575,48.383205,0 -58.657948,48.387030,0 -58.636790,48.389838,0 -58.628733,48.393744,0 -58.600413,48.419908,0 -58.570424,48.440334,0 -58.536204,48.453559,0 -58.494618,48.458319,0 -58.494618,48.451483,0 -58.523793,48.440579,0 -58.551503,48.433417,0 -58.578196,48.423407,0 -58.604482,48.403713,0 -58.586171,48.404975,0 -58.535634,48.424140,0 -58.486724,48.433905,0 -58.474192,48.437812,0 -58.457753,48.449408,0 -58.433990,48.479438,0 -58.418935,48.492418,0 -58.406077,48.497260,0 -58.341054,48.509589,0 -58.306508,48.510972,0 -58.289174,48.513577,0 -58.272206,48.520901,0 -58.275380,48.527493,0 -58.290679,48.532294,0 -58.310292,48.534003,0 -58.375315,48.525051,0 -58.411000,48.514228,0 -58.433217,48.499335,0 -58.447377,48.513414,0 -58.470611,48.514553,0 -58.518910,48.506741,0 -58.540435,48.512030,0 -58.574615,48.537828,0 -58.597727,48.547065,0 -58.703236,48.554511,0 -58.726674,48.551988,0 -58.838002,48.525580,0 -58.938344,48.516791,0 -59.032948,48.520941,0 -59.078236,48.514960,0 -59.236480,48.472846,0 -59.262441,48.472602,0 -59.257232,48.480129,0 -59.246490,48.491645,0 -59.241322,48.499335,0 -59.234283,48.512600,0 -59.235178,48.523179,0 -59.226471,48.539862,0 -59.206899,48.555325,0 -59.113149,48.608954,0 -58.970815,48.675035,0 -58.803456,48.771430,0 -58.768951,48.780463,0 -58.788686,48.759426,0 -58.814565,48.737047,0 -58.842397,48.719428,0 -58.868031,48.712144,0 -58.888010,48.702216,0 -58.918691,48.678778,0 -58.947174,48.651435,0 -58.960805,48.629625,0 -58.958852,48.616156,0 -58.950836,48.607489,0 -58.926015,48.595445,0 -58.899648,48.586412,0 -58.898590,48.579495,0 -58.899403,48.557603,0 -58.892690,48.553900,0 -58.877919,48.563788,0 -58.854644,48.585273,0 -58.846995,48.596381,0 -58.846344,48.607489,0 -58.850942,48.636461,0 -58.844106,48.636461,0 -58.841705,48.608547,0 -58.840484,48.597357,0 -58.838735,48.588446,0 -58.821645,48.578518,0 -58.813100,48.571601,0 -58.794504,48.564887,0 -58.763539,48.562567,0 -58.732533,48.563951,0 -58.713735,48.568183,0 -58.685374,48.601752,0 -58.678375,48.643052,0 -58.677317,48.686347,0 -58.666575,48.725816,0 -58.624135,48.775458,0 -58.610748,48.810858,0 -58.593373,48.827786,0 -58.556752,48.856187,0 -58.549224,48.864976,0 -58.544545,48.871772,0 -58.535634,48.890326,0 -58.528310,48.914496,0 -58.522084,48.926256,0 -58.512034,48.931301,0 -58.502105,49.006415,0 -58.455474,49.041327,0 -58.443349,49.056789,0 -58.418935,49.115627,0 -58.398427,49.136705,0 -58.368560,49.149319,0 -58.361195,49.151028,0 -58.348785,49.144924,0 -58.346059,49.131171,0 -58.353383,49.116929,0 -58.371165,49.109442,0 -58.344472,49.109442,0 -58.344472,49.102607,0 -58.356923,49.094184,0 -58.367340,49.083686,0 -58.369618,49.072414,0 -58.357493,49.061672,0 -58.342885,49.060289,0 -58.308502,49.071479,0 -58.292592,49.074652,0 -58.213368,49.074205,0 -58.175852,49.066474,0 -58.145172,49.047309,0 -58.097727,48.996894,0 -58.068593,48.979193,0 -57.920725,48.962063,0 -57.884511,48.972235,0 -57.907948,48.983059,0 -58.009348,48.983059,0 -58.046213,48.996405,0 -58.060780,49.008124,0 -58.094146,49.026435,0 -58.107411,49.037421,0 -58.124745,49.074652,0 -58.132558,49.086859,0 -58.136220,49.094875,0 -58.137766,49.106024,0 -58.135406,49.126939,0 -58.127065,49.135159,0 -58.110463,49.134711,0 -58.061025,49.127875,0 -58.001210,49.136705,0 -57.934316,49.126451,0 -57.912465,49.129950,0 -57.899648,49.138821,0 -57.850413,49.184516,0 -57.857818,49.191962,0 -57.894032,49.164537,0 -57.915028,49.154690,0 -57.939768,49.151028,0 -57.968373,49.155748,0 -57.968414,49.165961,0 -57.950795,49.177069,0 -57.926096,49.184516,0 -57.926096,49.191962,0 -58.022572,49.157050,0 -58.079986,49.146796,0 -58.110463,49.170844,0 -58.100657,49.182807,0 -58.014882,49.178290,0 -57.989491,49.187934,0 -57.966705,49.204413,0 -57.926096,49.246568,0 -57.948964,49.241034,0 -57.986440,49.225246,0 -58.008656,49.219306,0 -58.035756,49.217678,0 -58.137847,49.227851,0 -58.193430,49.243069,0 -58.214101,49.253404,0 -58.229482,49.268459,0 -58.235178,49.284613,0 -58.235463,49.303290,0 -58.228668,49.370998,0 -58.211985,49.409410,0 -58.185902,49.442694,0 -58.137034,49.484198,0 -58.091624,49.514716,0 -58.058095,49.526923,0 -58.022572,49.554389,0 -58.001210,49.561916,0 -57.966786,49.559556,0 -57.940297,49.549018,0 -57.920277,49.531928,0 -57.912465,49.510077,0 -57.912587,49.484687,0 -57.909413,49.459133,0 -57.897450,49.439195,0 -57.871449,49.430894,0 -57.896230,49.473456,0 -57.895863,49.492499,0 -57.871449,49.506659,0 -57.844350,49.506252,0 -57.817942,49.494534,0 -57.790842,49.478664,0 -57.761586,49.465725,0 -57.733957,49.460150,0 -57.703603,49.458889,0 -57.700307,49.462836,0 -57.712880,49.471747,0 -57.797597,49.509752,0 -57.819163,49.530585,0 -57.823069,49.561916,0 -57.833160,49.552395,0 -57.842681,49.538520,0 -57.854563,49.527737,0 -57.871449,49.527167,0 -57.877675,49.532294,0 -57.884145,49.541490,0 -57.889272,49.551459,0 -57.891347,49.558498,0 -57.895619,49.567328,0 -57.905629,49.575995,0 -57.926096,49.589260,0 -57.923004,49.593207,0 -57.921498,49.596625,0 -57.920400,49.599840,0 -57.918609,49.603461,0 -57.943959,49.614163,0 -57.951650,49.644273,0 -57.948110,49.679511,0 -57.939768,49.705268,0 -57.911936,49.752346,0 -57.898793,49.767320,0 -57.890207,49.773668,0 -57.870839,49.782904,0 -57.864003,49.787828,0 -57.860666,49.795600,0 -57.860097,49.804389,0 -57.858144,49.813625,0 -57.850413,49.822577,0 -57.852528,49.833238,0 -57.824086,49.861762,0 -57.809397,49.896918,0 -57.775258,49.928453,0 -57.761586,49.944892,0 -57.732818,50.006008,0 -57.698476,50.043524,0 -57.658599,50.109931,0 -57.610178,50.165676,0 -57.603383,50.181952,0 -57.600982,50.203762,0 -57.594350,50.224677,0 -57.569814,50.267646,0 -57.539296,50.308295,0 -57.526601,50.330512,0 -57.521392,50.353258,0 -57.522613,50.355902,0 -57.525136,50.357896,0 -57.527699,50.361029,0 -57.528879,50.367255,0 -57.526723,50.370347,0 -57.522043,50.371975,0 -57.517323,50.374457,0 -57.512685,50.389838,0 -57.494740,50.425279,0 -57.469879,50.449164,0 -57.463775,50.457831,0 -57.460927,50.474799,0 -57.456858,50.483059,0 -57.445465,50.493150,0 -57.405344,50.520250,0 -57.386952,50.549262,0 -57.374135,50.581000,0 -57.355295,50.606594,0 -57.319081,50.617092,0 -57.238637,50.600002,0 -57.198394,50.596910,0 -57.162017,50.613674,0 -57.154775,50.625678,0 -57.165110,50.628730,0 -57.238393,50.617621,0 -57.257395,50.618150,0 -57.275624,50.623928,0 -57.275624,50.630113,0 -57.265777,50.630113,0 -57.256744,50.631334,0 -57.248362,50.633775,0 -57.240224,50.637519,0 -57.254628,50.651190,0 -57.299631,50.649482,0 -57.309153,50.668606,0 -57.321889,50.687201,0 -57.350738,50.690985,0 -57.381093,50.691107,0 -57.398508,50.698961,0 -57.396962,50.708645,0 -57.386952,50.714789,0 -57.359364,50.721747,0 -57.350250,50.726060,0 -57.343861,50.726955,0 -57.337148,50.724677,0 -57.335927,50.715399,0 -57.329335,50.713324,0 -57.286936,50.720120,0 -57.240224,50.733791,0 -57.213735,50.750718,0 -57.206695,50.754218,0 -57.194569,50.754950,0 -57.165517,50.753119,0 -57.155181,50.757717,0 -57.136383,50.771064,0 -57.090199,50.788235,0 -57.068959,50.802069,0 -57.062164,50.810126,0 -57.050771,50.827704,0 -57.042226,50.836168,0 -57.013987,50.851793,0 -56.995107,50.867255,0 -56.985178,50.873440,0 -56.977203,50.881496,0 -56.973988,50.894517,0 -56.971547,50.912543,0 -56.964508,50.913886,0 -56.953521,50.909980,0 -56.939198,50.911933,0 -56.925526,50.918158,0 -56.931020,50.927314,0 -56.939117,50.932359,0 -56.960317,50.939195,0 -56.973744,50.931627,0 -56.981028,50.934963,0 -56.985504,50.942084,0 -56.995513,50.949164,0 -56.984283,50.956122,0 -56.960317,50.966539,0 -56.976145,50.974107,0 -57.014394,50.972073,0 -57.034779,50.980170,0 -57.037831,50.985297,0 -57.044830,51.002631,0 -57.048451,51.008124,0 -57.057729,51.014390,0 -57.067250,51.018704,0 -57.077626,51.020941,0 -57.089426,51.021145,0 -57.070221,51.026923,0 -57.010854,51.021145,0 -57.003896,51.013007,0 -56.994618,50.997382,0 -56.979888,50.987779,0 -56.956614,50.997545,0 -56.916860,51.008857,0 -56.900706,51.018215,0 -56.905100,51.035386,0 -56.920481,51.043199,0 -56.962514,51.046576,0 -56.980133,51.055325,0 -56.940175,51.055487,0 -56.902699,51.060696,0 -56.874989,51.077786,0 -56.864125,51.113593,0 -56.854848,51.119574,0 -56.810536,51.130805,0 -56.795237,51.137844,0 -56.787465,51.149970,0 -56.789703,51.161078,0 -56.809478,51.192450,0 -56.781565,51.206732,0 -56.773427,51.201850,0 -56.765452,51.199693,0 -56.746816,51.199286,0 -56.755971,51.212470,0 -56.766916,51.222561,0 -56.795237,51.240871,0 -56.786041,51.248928,0 -56.767974,51.261379,0 -56.761098,51.267564,0 -56.744944,51.296088,0 -56.736887,51.305732,0 -56.720204,51.319322,0 -56.664866,51.350084,0 -56.493520,51.412177,0 -56.444407,51.421454,0 -56.394521,51.425238,0 -56.377065,51.430854,0 -56.335561,51.457953,0 -56.316029,51.467434,0 -56.238108,51.481106,0 -56.225982,51.490709,0 -56.215403,51.501776,0 -56.190907,51.511217,0 -56.106191,51.528998,0 -56.087799,51.535346,0 -56.060862,51.553412,0 -56.019032,51.572740,0 -56.003529,51.576646,0 -55.892812,51.627753,0 -55.884023,51.617011,0 -55.868072,51.612616,0 -55.853871,51.616034,0 -55.839345,51.621527,0 -55.822581,51.623847,0 -55.877105,51.571234,0 -55.880930,51.552802,0 -55.843088,51.555569,0 -55.863026,51.527411,0 -55.890248,51.500922,0 -55.872874,51.495551,0 -55.856191,51.495795,0 -55.822581,51.500922,0 -55.753733,51.500922,0 -55.719146,51.493394,0 -55.680979,51.480658,0 -55.643056,51.472968,0 -55.609690,51.480414,0 -55.625803,51.486802,0 -55.663442,51.491767,0 -55.678578,51.500922,0 -55.683461,51.513373,0 -55.684193,51.527045,0 -55.688059,51.538031,0 -55.737864,51.554999,0 -55.728627,51.576972,0 -55.712148,51.584947,0 -55.725738,51.555569,0 -55.702463,51.565741,0 -55.659291,51.599799,0 -55.632151,51.610053,0 -55.643910,51.599026,0 -55.649078,51.593085,0 -55.646067,51.588446,0 -55.640207,51.585598,0 -55.637034,51.579779,0 -55.628896,51.571601,0 -55.610341,51.566636,0 -55.589752,51.565619,0 -55.575551,51.569241,0 -55.578603,51.573310,0 -55.581776,51.574897,0 -55.585317,51.575426,0 -55.589223,51.576646,0 -55.531606,51.600084,0 -55.514068,51.603949,0 -55.479970,51.593451,0 -55.477447,51.578803,0 -55.472076,51.579250,0 -55.467112,51.586005,0 -55.465688,51.590277,0 -55.426991,51.586982,0 -55.408518,51.579413,0 -55.404205,51.562974,0 -55.417063,51.550605,0 -55.437164,51.554104,0 -55.457875,51.561998,0 -55.472524,51.562974,0 -55.463735,51.554755,0 -55.437164,51.539944,0 -55.431549,51.538764,0 -55.433339,51.528062,0 -55.438303,51.515611,0 -55.445912,51.505316,0 -55.455719,51.500922,0 -55.486195,51.508368,0 -55.534576,51.508368,0 -55.523183,51.497138,0 -55.494008,51.483547,0 -55.481923,51.475084,0 -55.454335,51.479560,0 -55.458119,51.463284,0 -55.471425,51.440416,0 -55.472524,51.425238,0 -55.482493,51.412543,0 -55.491851,51.388373,0 -55.500478,51.377427,0 -55.515696,51.368557,0 -55.524281,51.371975,0 -55.531972,51.379828,0 -55.559153,51.390082,0 -55.566274,51.389879,0 -55.569325,51.380845,0 -55.571156,51.366441,0 -55.568267,51.360175,0 -55.558461,51.357571,0 -55.554758,51.355292,0 -55.557851,51.350409,0 -55.564809,51.345526,0 -55.572418,51.343248,0 -55.592152,51.343655,0 -55.600901,51.345608,0 -55.609690,51.350084,0 -55.609934,51.340522,0 -55.608266,51.327826,0 -55.603871,51.315985,0 -55.596059,51.309149,0 -55.617421,51.304389,0 -55.640248,51.314765,0 -55.663238,51.329169,0 -55.685414,51.336412,0 -55.805165,51.352688,0 -55.867299,51.343248,0 -55.887278,51.344224,0 -55.895334,51.346340,0 -55.904530,51.350084,0 -55.926137,51.363593,0 -55.937245,51.368638,0 -55.952301,51.370551,0 -55.947092,51.365058,0 -55.938629,51.350084,0 -55.966868,51.346584,0 -55.988881,51.357815,0 -56.009836,51.373684,0 -56.034901,51.384223,0 -56.034901,51.376166,0 -56.036733,51.369696,0 -56.039296,51.363918,0 -56.041086,51.357571,0 -56.051096,51.366360,0 -56.062856,51.370592,0 -56.075836,51.371649,0 -56.089508,51.370551,0 -56.089508,51.364407,0 -56.087148,51.358100,0 -56.094065,51.335761,0 -56.096303,51.322821,0 -56.081044,51.322211,0 -56.034250,51.314358,0 -56.021230,51.309149,0 -56.015777,51.279608,0 -56.014394,51.275051,0 -56.019683,51.269477,0 -56.027740,51.266669,0 -56.037668,51.266059,0 -56.048492,51.267564,0 -56.041615,51.260484,0 -56.014394,51.247707,0 -56.029408,51.243150,0 -56.061635,51.239691,0 -56.075795,51.233385,0 -56.040395,51.221869,0 -56.018422,51.218248,0 -56.013987,51.213039,0 -56.011301,51.206122,0 -56.006947,51.199286,0 -55.981068,51.169176,0 -55.965688,51.159003,0 -55.945465,51.158352,0 -55.954335,51.173774,0 -55.959137,51.178778,0 -55.958730,51.180325,0 -55.958079,51.185004,0 -55.957997,51.191718,0 -55.959137,51.199286,0 -55.910959,51.202379,0 -55.888417,51.209621,0 -55.867299,51.223822,0 -55.848459,51.231024,0 -55.773834,51.220404,0 -55.764475,51.217475,0 -55.751210,51.210639,0 -55.729482,51.195868,0 -55.719106,51.184312,0 -55.720611,51.180121,0 -55.727528,51.177802,0 -55.733225,51.171942,0 -55.736806,51.165473,0 -55.741322,51.153876,0 -55.739125,51.142768,0 -55.722646,51.137844,0 -55.718739,51.132025,0 -55.724110,51.118883,0 -55.732900,51.104967,0 -55.739410,51.096869,0 -55.733144,51.083075,0 -55.743316,51.070136,0 -55.761790,51.060207,0 -55.780385,51.055325,0 -55.786936,51.059231,0 -55.796254,51.066474,0 -55.804677,51.069078,0 -55.808258,51.059027,0 -55.804351,51.049750,0 -55.795033,51.042670,0 -55.783803,51.037828,0 -55.774159,51.035386,0 -55.808258,51.008124,0 -55.815053,50.997870,0 -55.820180,50.987698,0 -55.826243,50.978827,0 -55.835601,50.972724,0 -55.835601,50.966539,0 -55.827219,50.960598,0 -55.822499,50.952379,0 -55.815785,50.931789,0 -55.832834,50.926337,0 -55.839508,50.934760,0 -55.842681,50.947089,0 -55.849273,50.953518,0 -55.860178,50.947577,0 -55.868764,50.933539,0 -55.873118,50.917304,0 -55.871002,50.905015,0 -55.862701,50.909410,0 -55.856842,50.911322,0 -55.851145,50.910102,0 -55.843088,50.905015,0 -55.856760,50.898993,0 -55.867909,50.890286,0 -55.875152,50.878607,0 -55.877187,50.863471,0 -55.892201,50.896959,0 -55.902821,50.897284,0 -55.925038,50.884589,0 -55.939687,50.870754,0 -55.961781,50.835679,0 -56.006947,50.788398,0 -56.029693,50.770697,0 -56.031117,50.767279,0 -56.050282,50.756781,0 -56.064768,50.735907,0 -56.080637,50.720649,0 -56.103749,50.726955,0 -56.097401,50.734198,0 -56.092885,50.742336,0 -56.090240,50.751288,0 -56.089508,50.761054,0 -56.107004,50.750393,0 -56.119049,50.753485,0 -56.137278,50.774726,0 -56.127431,50.796820,0 -56.124257,50.802069,0 -56.132192,50.829820,0 -56.125234,50.855414,0 -56.112538,50.880072,0 -56.103749,50.905015,0 -56.129303,50.901923,0 -56.147857,50.893215,0 -56.161366,50.878241,0 -56.172027,50.856635,0 -56.151235,50.855902,0 -56.143544,50.841742,0 -56.144846,50.821357,0 -56.150950,50.802069,0 -56.155344,50.795803,0 -56.172027,50.777818,0 -56.169830,50.772895,0 -56.160471,50.764797,0 -56.158355,50.761054,0 -56.159820,50.755276,0 -56.164784,50.745917,0 -56.165191,50.739936,0 -56.162180,50.720852,0 -56.157704,50.706692,0 -56.148346,50.695502,0 -56.130442,50.685289,0 -56.105824,50.683539,0 -56.095611,50.679267,0 -56.100087,50.668606,0 -56.127024,50.643012,0 -56.137278,50.637519,0 -56.140859,50.633938,0 -56.187408,50.598619,0 -56.219350,50.583686,0 -56.232900,50.569281,0 -56.242787,50.533108,0 -56.250234,50.527655,0 -56.322255,50.527655,0 -56.322255,50.520250,0 -56.296742,50.514106,0 -56.274810,50.512437,0 -56.266428,50.506293,0 -56.281321,50.486762,0 -56.314443,50.459418,0 -56.350168,50.438300,0 -56.365834,50.424791,0 -56.397043,50.387437,0 -56.411610,50.376899,0 -56.427846,50.375678,0 -56.437245,50.382473,0 -56.444163,50.391506,0 -56.452545,50.397366,0 -56.500356,50.391099,0 -56.481313,50.374579,0 -56.451772,50.371161,0 -56.429514,50.362128,0 -56.432118,50.328437,0 -56.444163,50.304389,0 -56.462310,50.277248,0 -56.484364,50.253607,0 -56.507802,50.240302,0 -56.504140,50.218817,0 -56.523427,50.196438,0 -56.605336,50.135972,0 -56.617665,50.130439,0 -56.630686,50.130805,0 -56.643788,50.134589,0 -56.657541,50.136298,0 -56.672271,50.130439,0 -56.649729,50.118964,0 -56.641103,50.109931,0 -56.646311,50.099189,0 -56.664866,50.082709,0 -56.713979,50.051337,0 -56.726918,50.041083,0 -56.738759,50.026801,0 -56.775746,49.950751,0 -56.780629,49.934882,0 -56.781565,49.918158,0 -56.768788,49.931708,0 -56.747711,49.949164,0 -56.728139,49.958808,0 -56.719472,49.948554,0 -56.724517,49.932074,0 -56.742421,49.894965,0 -56.740590,49.883450,0 -56.740590,49.877183,0 -56.755279,49.872382,0 -56.763010,49.868354,0 -56.767893,49.863593,0 -56.770416,49.853583,0 -56.767079,49.848456,0 -56.762441,49.845689,0 -56.761098,49.842434,0 -56.768422,49.830268,0 -56.778798,49.818793,0 -56.790639,49.808987,0 -56.802073,49.801500,0 -56.881825,49.770819,0 -56.905100,49.753730,0 -56.887441,49.749823,0 -56.828440,49.745673,0 -56.815745,49.743109,0 -56.810374,49.734036,0 -56.798655,49.732489,0 -56.786855,49.732896,0 -56.781565,49.729438,0 -56.781809,49.696601,0 -56.784657,49.691636,0 -56.786692,49.682115,0 -56.815745,49.623358,0 -56.823476,49.593207,0 -56.829335,49.581773,0 -56.856679,49.548245,0 -56.837799,49.556342,0 -56.821767,49.570787,0 -56.795237,49.603461,0 -56.740834,49.656480,0 -56.725331,49.690253,0 -56.599721,49.811713,0 -56.572906,49.826402,0 -56.569244,49.832506,0 -56.565989,49.840277,0 -56.557769,49.848131,0 -56.547515,49.854193,0 -56.518137,49.863674,0 -56.485260,49.892890,0 -56.466868,49.897650,0 -56.425282,49.845689,0 -56.418446,49.852973,0 -56.422841,49.870592,0 -56.429107,49.886949,0 -56.426625,49.902655,0 -56.404775,49.918158,0 -56.395090,49.911770,0 -56.363189,49.897650,0 -56.372914,49.920356,0 -56.382558,49.933783,0 -56.384389,49.946357,0 -56.337026,50.017076,0 -56.317047,50.039252,0 -56.291860,50.048529,0 -56.270416,50.059312,0 -56.240590,50.106635,0 -56.175160,50.140692,0 -56.163645,50.149563,0 -56.148793,50.155707,0 -56.132558,50.158759,0 -56.116811,50.158393,0 -56.118886,50.153754,0 -56.122182,50.142035,0 -56.124257,50.137274,0 -56.107330,50.137600,0 -56.095570,50.133368,0 -56.094553,50.127834,0 -56.109975,50.123603,0 -56.098948,50.113105,0 -56.081654,50.105170,0 -56.066640,50.096177,0 -56.062164,50.082709,0 -56.069692,50.070502,0 -56.098866,50.046332,0 -56.109975,50.034247,0 -56.128285,49.988837,0 -56.137278,49.973456,0 -56.148671,49.960028,0 -56.191884,49.924994,0 -56.154612,49.934068,0 -56.124135,49.955552,0 -56.072418,50.010932,0 -56.058339,50.017971,0 -56.010081,50.031195,0 -55.996978,50.030829,0 -55.993031,50.015530,0 -56.003570,50.001166,0 -56.034901,49.979641,0 -56.003407,49.971584,0 -55.984120,49.994574,0 -55.971303,50.025580,0 -55.959137,50.041083,0 -55.925649,50.038967,0 -55.892568,50.031480,0 -55.863840,50.016832,0 -55.843088,49.993313,0 -55.849273,49.993313,0 -55.842356,49.983140,0 -55.803538,49.956366,0 -55.797475,49.955756,0 -55.791819,49.957709,0 -55.784088,49.959133,0 -55.777333,49.956122,0 -55.772939,49.949408,0 -55.770009,49.942450,0 -55.767323,49.938666,0 -55.746409,49.931952,0 -55.722646,49.931220,0 -55.712636,49.934475,0 -55.701243,49.942206,0 -55.691070,49.951483,0 -55.684804,49.959133,0 -55.692250,49.966620,0 -55.666656,49.976060,0 -55.610422,49.972357,0 -55.582387,49.973456,0 -55.570424,49.977240,0 -55.492991,50.014390,0 -55.492991,50.007514,0 -55.472401,49.978705,0 -55.465077,49.962551,0 -55.465688,49.944892,0 -55.476796,49.929511,0 -55.495229,49.919135,0 -55.516998,49.913235,0 -55.537994,49.911322,0 -55.575836,49.901679,0 -55.648997,49.858954,0 -55.692250,49.849311,0 -55.714955,49.822211,0 -55.807851,49.801907,0 -55.961659,49.741278,0 -55.972808,49.739407,0 -55.983632,49.743557,0 -55.992543,49.750922,0 -56.001943,49.752509,0 -56.014394,49.739407,0 -56.004872,49.726508,0 -56.021148,49.714789,0 -56.069000,49.698432,0 -56.062652,49.682929,0 -56.089467,49.662991,0 -56.150950,49.630805,0 -56.158681,49.623440,0 -56.165435,49.613511,0 -56.170237,49.600979,0 -56.172027,49.585517,0 -56.165435,49.574652,0 -56.150502,49.585639,0 -56.124257,49.616523,0 -56.097727,49.637641,0 -56.038197,49.673285,0 -55.968495,49.702826,0 -55.955719,49.705268,0 -55.939565,49.706285,0 -55.923411,49.709215,0 -55.908803,49.713568,0 -55.897694,49.718940,0 -55.892079,49.712958,0 -55.890981,49.710110,0 -55.890248,49.705268,0 -55.908070,49.700995,0 -55.941314,49.687893,0 -55.959137,49.685452,0 -55.959137,49.677965,0 -55.942942,49.679267,0 -55.926137,49.683051,0 -55.910512,49.689399,0 -55.897694,49.698432,0 -55.890981,49.689439,0 -55.874827,49.687974,0 -55.835601,49.691636,0 -55.839101,49.684638,0 -55.844635,49.678290,0 -55.851877,49.673529,0 -55.860097,49.671780,0 -55.867991,49.668280,0 -55.871571,49.660102,0 -55.873687,49.650784,0 -55.877187,49.643866,0 -55.890533,49.633857,0 -55.938629,49.609687,0 -55.929514,49.598293,0 -55.913401,49.594631,0 -55.877187,49.596015,0 -55.900787,49.562405,0 -55.937367,49.536322,0 -55.980621,49.519477,0 -56.024281,49.513495,0 -56.034901,49.510403,0 -56.054189,49.496731,0 -56.062164,49.493598,0 -56.076894,49.491889,0 -56.079701,49.486884,0 -56.079701,49.479193,0 -56.085764,49.469143,0 -56.120513,49.441799,0 -56.130727,49.429145,0 -56.122548,49.429348,0 -56.100087,49.438381,0 -56.059967,49.446194,0 -55.991933,49.484809,0 -55.952301,49.499823,0 -55.864369,49.519843,0 -55.822011,49.522040,0 -55.774159,49.513495,0 -55.782460,49.498440,0 -55.787831,49.493598,0 -55.768056,49.494696,0 -55.757436,49.493394,0 -55.750315,49.489936,0 -55.743560,49.488430,0 -55.728586,49.482327,0 -55.719228,49.475653,0 -55.729482,49.472561,0 -55.741811,49.473456,0 -55.749338,49.475043,0 -55.756337,49.475409,0 -55.767323,49.472561,0 -55.765533,49.470933,0 -55.770741,49.464301,0 -55.779286,49.456692,0 -55.787831,49.452053,0 -55.766469,49.448310,0 -55.734731,49.453843,0 -55.678578,49.472561,0 -55.682362,49.458930,0 -55.695465,49.440741,0 -55.698476,49.424750,0 -55.678293,49.424140,0 -55.671742,49.424750,0 -55.671742,49.417304,0 -55.678578,49.408149,0 -55.678863,49.396389,0 -55.671946,49.386664,0 -55.657460,49.383734,0 -55.644765,49.390286,0 -55.637563,49.402899,0 -55.632476,49.417060,0 -55.626454,49.427802,0 -55.582387,49.472357,0 -55.553822,49.489814,0 -55.520904,49.493598,0 -55.550526,49.451239,0 -55.563710,49.426011,0 -55.561879,49.411078,0 -55.568593,49.399400,0 -55.572825,49.387437,0 -55.573354,49.375190,0 -55.569325,49.362698,0 -55.543365,49.383368,0 -55.532297,49.395982,0 -55.527821,49.407660,0 -55.526112,49.424140,0 -55.520579,49.435981,0 -55.509877,49.443061,0 -55.492991,49.445217,0 -55.494700,49.448798,0 -55.495758,49.451850,0 -55.497385,49.455024,0 -55.500478,49.458889,0 -55.494211,49.469794,0 -55.486195,49.479967,0 -55.473256,49.460639,0 -55.463206,49.465562,0 -55.454416,49.481147,0 -55.445221,49.493598,0 -55.428538,49.500067,0 -55.370107,49.506659,0 -55.376943,49.493598,0 -55.361684,49.496731,0 -55.355824,49.499823,0 -55.349599,49.493598,0 -55.410797,49.442572,0 -55.431549,49.430894,0 -55.431549,49.424750,0 -55.400543,49.431138,0 -55.341664,49.458197,0 -55.314849,49.452053,0 -55.332102,49.443183,0 -55.396352,49.386949,0 -55.432118,49.368842,0 -55.445221,49.355862,0 -55.420725,49.364081,0 -55.391510,49.369574,0 -55.373647,49.363105,0 -55.383127,49.335354,0 -55.366078,49.352973,0 -55.349355,49.380805,0 -55.332509,49.403144,0 -55.314849,49.404242,0 -55.329091,49.389960,0 -55.313100,49.388658,0 -55.288564,49.400784,0 -55.287506,49.389960,0 -55.296051,49.371975,0 -55.309316,49.365912,0 -55.325307,49.363349,0 -55.342152,49.355862,0 -55.333730,49.349311,0 -55.325592,49.338935,0 -55.318959,49.326728,0 -55.314849,49.314887,0 -55.307729,49.317328,0 -55.305002,49.319159,0 -55.301178,49.322333,0 -55.308258,49.334947,0 -55.307037,49.345649,0 -55.298655,49.353095,0 -55.266265,49.361151,0 -55.253163,49.372870,0 -55.243723,49.384670,0 -55.236318,49.389960,0 -55.236969,49.394761,0 -55.267690,49.424750,0 -55.271881,49.436835,0 -55.273671,49.452704,0 -55.272450,49.468329,0 -55.267690,49.479967,0 -55.314849,49.534613,0 -55.287180,49.535793,0 -55.273101,49.539496,0 -55.260243,49.548245,0 -55.228179,49.537055,0 -55.219797,49.530097,0 -55.232900,49.520941,0 -55.225738,49.514635,0 -55.217681,49.510159,0 -55.208608,49.507473,0 -55.198842,49.506659,0 -55.202301,49.512844,0 -55.208974,49.528632,0 -55.212473,49.534613,0 -55.193430,49.539496,0 -55.174631,49.546617,0 -55.155670,49.549302,0 -55.136098,49.540758,0 -55.150380,49.540758,0 -55.150380,49.534613,0 -55.138539,49.526068,0 -55.129994,49.513739,0 -55.124827,49.498969,0 -55.123036,49.483100,0 -55.128163,49.466376,0 -55.140736,49.455064,0 -55.156484,49.444770,0 -55.171498,49.430894,0 -55.162099,49.417914,0 -55.172027,49.400784,0 -55.188547,49.392035,0 -55.198842,49.404242,0 -55.213206,49.390530,0 -55.225006,49.368069,0 -55.229848,49.343980,0 -55.219594,49.316352,0 -55.219309,49.277004,0 -55.222890,49.264553,0 -55.232004,49.254950,0 -55.244211,49.248765,0 -55.265452,49.244940,0 -55.294342,49.232896,0 -55.306549,49.223700,0 -55.314809,49.212877,0 -55.321441,49.201972,0 -55.329091,49.191962,0 -55.365061,49.172268,0 -55.370107,49.164008,0 -55.364369,49.159491,0 -55.335113,49.159491,0 -55.322336,49.157172,0 -55.342152,49.123033,0 -55.320709,49.123725,0 -55.312367,49.115058,0 -55.313954,49.101793,0 -55.322336,49.088324,0 -55.337148,49.076117,0 -55.368398,49.060126,0 -55.383127,49.047309,0 -55.369496,49.049791,0 -55.335317,49.069037,0 -55.319732,49.074612,0 -55.306264,49.075995,0 -55.277659,49.074652,0 -55.258209,49.080715,0 -55.184478,49.123033,0 -55.184478,49.129950,0 -55.207997,49.125556,0 -55.259674,49.103705,0 -55.277659,49.106024,0 -55.287262,49.126695,0 -55.282297,49.150336,0 -55.268951,49.171454,0 -55.253407,49.184516,0 -55.253407,49.191962,0 -55.282786,49.184882,0 -55.287506,49.184516,0 -55.288442,49.194566,0 -55.282094,49.203559,0 -55.272572,49.209947,0 -55.263987,49.212470,0 -55.247874,49.215155,0 -55.231028,49.221869,0 -55.198842,49.239163,0 -55.054189,49.294379,0 -55.061635,49.301825,0 -55.054189,49.308051,0 -55.073883,49.333930,0 -55.080434,49.347154,0 -55.082143,49.362698,0 -55.062815,49.350898,0 -55.044097,49.334947,0 -55.027211,49.329413,0 -55.013173,49.349026,0 -54.995269,49.299058,0 -54.992747,49.283840,0 -54.999094,49.268744,0 -55.014394,49.253974,0 -55.047963,49.232896,0 -55.034006,49.230211,0 -55.015981,49.236518,0 -54.998402,49.247870,0 -54.985829,49.260240,0 -54.961049,49.294989,0 -54.947255,49.300523,0 -54.921010,49.301825,0 -54.918121,49.298407,0 -54.916493,49.290961,0 -54.911977,49.283515,0 -54.900258,49.280097,0 -54.890696,49.282660,0 -54.880483,49.289008,0 -54.872426,49.297105,0 -54.869211,49.304918,0 -54.863759,49.337958,0 -54.866078,49.342760,0 -54.882639,49.345160,0 -54.888824,49.351752,0 -54.888092,49.362250,0 -54.883453,49.376288,0 -54.877675,49.385932,0 -54.867787,49.397162,0 -54.857045,49.406724,0 -54.848744,49.411078,0 -54.833730,49.409613,0 -54.830800,49.402655,0 -54.835683,49.383734,0 -54.834950,49.323635,0 -54.831939,49.314887,0 -54.834096,49.304836,0 -54.830190,49.285956,0 -54.816965,49.275621,0 -54.790679,49.290961,0 -54.782094,49.300482,0 -54.779530,49.306586,0 -54.781077,49.325751,0 -54.779205,49.337592,0 -54.773834,49.347235,0 -54.765289,49.353583,0 -54.753774,49.355862,0 -54.757558,49.348334,0 -54.759918,49.338935,0 -54.759348,49.329535,0 -54.753774,49.322333,0 -54.742909,49.319770,0 -54.737538,49.326483,0 -54.732655,49.342760,0 -54.726471,49.350653,0 -54.719635,49.363105,0 -54.712148,49.370103,0 -54.704254,49.374172,0 -54.685292,49.379828,0 -54.677398,49.383734,0 -54.672353,49.388658,0 -54.666737,49.395575,0 -54.656890,49.411078,0 -54.654124,49.412665,0 -54.649729,49.413398,0 -54.645619,49.415351,0 -54.643910,49.421047,0 -54.645131,49.429429,0 -54.647084,49.432847,0 -54.650136,49.430894,0 -54.636545,49.446967,0 -54.585276,49.489936,0 -54.560455,49.516303,0 -54.544749,49.529120,0 -54.530344,49.534613,0 -54.509023,49.536689,0 -54.469309,49.546088,0 -54.451487,49.548245,0 -54.443715,49.543524,0 -54.496205,49.510077,0 -54.498891,49.503892,0 -54.506093,49.476264,0 -54.509674,49.471381,0 -54.534047,49.445217,0 -54.513580,49.459133,0 -54.482981,49.471096,0 -54.452138,49.476996,0 -54.431020,49.472561,0 -54.444651,49.461493,0 -54.455678,49.448432,0 -54.457753,49.435452,0 -54.444651,49.424750,0 -54.474924,49.404975,0 -54.479400,49.400539,0 -54.485422,49.380316,0 -54.486969,49.368109,0 -54.482533,49.362698,0 -54.460113,49.355536,0 -54.455800,49.338609,0 -54.462473,49.318549,0 -54.484771,49.278632,0 -54.483469,49.267646,0 -54.476674,49.269232,0 -54.472564,49.283840,0 -54.463450,49.301011,0 -54.441884,49.313218,0 -54.416819,49.323635,0 -54.396840,49.335354,0 -54.416412,49.351304,0 -54.409291,49.371772,0 -54.392568,49.392076,0 -54.372914,49.422309,0 -54.348948,49.429104,0 -54.301259,49.430894,0 -54.304311,49.414700,0 -54.292104,49.412787,0 -54.259674,49.424750,0 -54.258697,49.407701,0 -54.248769,49.406236,0 -54.219350,49.417304,0 -54.226471,49.402533,0 -54.234731,49.390774,0 -54.238596,49.378607,0 -54.232330,49.362698,0 -54.222035,49.375556,0 -54.217641,49.389553,0 -54.212026,49.402086,0 -54.197621,49.411078,0 -54.182281,49.393297,0 -54.179270,49.382799,0 -54.176015,49.383775,0 -54.160390,49.400539,0 -54.150787,49.418769,0 -54.147288,49.437730,0 -54.139231,49.452826,0 -54.085520,49.463690,0 -54.081532,49.462307,0 -54.076894,49.455390,0 -54.067535,49.460273,0 -54.060048,49.468695,0 -54.061106,49.472561,0 -54.048818,49.477118,0 -54.044749,49.481757,0 -54.041086,49.480862,0 -54.030019,49.469143,0 -54.021108,49.464667,0 -53.996490,49.462470,0 -53.985951,49.458889,0 -54.000396,49.456529,0 -54.040598,49.438381,0 -54.016510,49.431830,0 -53.951080,49.449205,0 -53.923940,49.452053,0 -53.908315,49.445014,0 -53.873931,49.422187,0 -53.858754,49.417304,0 -53.845367,49.415107,0 -53.805979,49.403022,0 -53.793568,49.396796,0 -53.773346,49.399807,0 -53.754628,49.393500,0 -53.725250,49.376288,0 -53.679107,49.366848,0 -53.663726,49.359442,0 -53.677480,49.349026,0 -53.656117,49.332221,0 -53.624013,49.326483,0 -53.594716,49.324449,0 -53.581899,49.318590,0 -53.580556,49.310289,0 -53.577138,49.307074,0 -53.572581,49.305406,0 -53.567698,49.301825,0 -53.563832,49.300849,0 -53.551422,49.302314,0 -53.547109,49.301825,0 -53.546620,49.299262,0 -53.547597,49.289944,0 -53.547109,49.287543,0 -53.536000,49.283433,0 -53.522043,49.280219,0 -53.506947,49.280707,0 -53.492543,49.287543,0 -53.478017,49.268378,0 -53.469553,49.262356,0 -53.457753,49.260240,0 -53.457753,49.253404,0 -53.453684,49.242174,0 -53.491851,49.218736,0 -53.492543,49.198188,0 -53.503000,49.198065,0 -53.521392,49.193264,0 -53.530100,49.191962,0 -53.540395,49.187812,0 -53.540395,49.178616,0 -53.533518,49.164008,0 -53.539459,49.156236,0 -53.556630,49.140123,0 -53.560170,49.133368,0 -53.565989,49.125963,0 -53.579335,49.128079,0 -53.605133,49.136705,0 -53.609853,49.133612,0 -53.616770,49.126166,0 -53.622304,49.117174,0 -53.622874,49.109442,0 -53.615875,49.105455,0 -53.603749,49.103013,0 -53.590932,49.098578,0 -53.581899,49.088324,0 -53.579579,49.066636,0 -53.589915,49.052069,0 -53.608957,49.043687,0 -53.793568,49.027533,0 -53.838246,49.033677,0 -53.841379,49.030585,0 -53.834584,49.023749,0 -53.822743,49.016995,0 -53.810943,49.013861,0 -53.742299,49.016018,0 -53.725250,49.013861,0 -53.747670,48.998684,0 -53.777455,48.987779,0 -53.809438,48.981269,0 -53.838246,48.979071,0 -53.851308,48.981757,0 -53.874664,48.992377,0 -53.882924,48.992743,0 -53.896352,48.980536,0 -53.887929,48.970893,0 -53.854970,48.959215,0 -53.811676,48.935248,0 -53.810943,48.931301,0 -53.824534,48.928046,0 -53.849477,48.913967,0 -53.862131,48.910834,0 -53.923940,48.917670,0 -53.938832,48.911322,0 -53.949452,48.903266,0 -53.961049,48.897121,0 -53.978505,48.896552,0 -53.963857,48.885932,0 -53.937856,48.887030,0 -53.882924,48.896552,0 -53.882924,48.890326,0 -53.958079,48.869086,0 -53.978505,48.856187,0 -53.964915,48.841946,0 -53.978586,48.836330,0 -53.994252,48.834662,0 -54.026601,48.835679,0 -54.042144,48.833441,0 -54.078114,48.821438,0 -54.136790,48.821438,0 -54.146474,48.817776,0 -54.170277,48.804877,0 -54.184641,48.800971,0 -54.179596,48.791653,0 -54.181020,48.783922,0 -54.187489,48.778144,0 -54.197621,48.774237,0 -54.197621,48.767401,0 -54.162587,48.771226,0 -54.020863,48.815375,0 -54.005849,48.814602,0 -53.990956,48.806138,0 -53.990102,48.795803,0 -53.999094,48.784735,0 -54.013295,48.774237,0 -53.990631,48.768378,0 -53.969838,48.773017,0 -53.962026,48.781684,0 -53.978505,48.787909,0 -53.943023,48.824286,0 -53.895131,48.841742,0 -53.844472,48.839057,0 -53.800404,48.814602,0 -53.829416,48.802151,0 -53.857330,48.797919,0 -53.917714,48.800971,0 -53.903066,48.791002,0 -53.900990,48.778551,0 -53.900258,48.767076,0 -53.889760,48.759955,0 -53.877268,48.763251,0 -53.867543,48.773017,0 -53.856842,48.779853,0 -53.841379,48.774237,0 -53.877919,48.747952,0 -53.899241,48.739976,0 -53.923940,48.739488,0 -53.970855,48.751166,0 -53.994496,48.753079,0 -54.020131,48.746324,0 -54.020131,48.739488,0 -53.967152,48.736640,0 -53.945180,48.728664,0 -53.944407,48.712144,0 -53.933258,48.703518,0 -53.938710,48.694078,0 -53.948801,48.683295,0 -53.951243,48.670600,0 -53.941518,48.660834,0 -53.926096,48.656440,0 -53.909413,48.653957,0 -53.895985,48.650092,0 -53.895985,48.643256,0 -53.914133,48.637926,0 -53.931386,48.629625,0 -53.893544,48.632025,0 -53.793568,48.678046,0 -53.793568,48.684882,0 -53.873158,48.673041,0 -53.916656,48.672756,0 -53.920766,48.687974,0 -53.904164,48.701402,0 -53.869496,48.722073,0 -53.835194,48.750393,0 -53.836252,48.742377,0 -53.854970,48.704739,0 -53.750234,48.712144,0 -53.745107,48.698554,0 -53.724924,48.697252,0 -53.714670,48.695054,0 -53.704213,48.691107,0 -53.710072,48.683661,0 -53.715891,48.680976,0 -53.721995,48.679145,0 -53.728993,48.674302,0 -53.733062,48.664984,0 -53.726186,48.659980,0 -53.714467,48.658759,0 -53.704213,48.660956,0 -53.652740,48.684556,0 -53.639963,48.694770,0 -53.631215,48.698798,0 -53.618398,48.699530,0 -53.606801,48.696275,0 -53.601715,48.687974,0 -53.604115,48.676703,0 -53.609975,48.673082,0 -53.617787,48.671861,0 -53.625966,48.667467,0 -53.642486,48.654446,0 -53.659576,48.647121,0 -53.678619,48.643988,0 -53.716176,48.641832,0 -53.784901,48.622952,0 -53.828277,48.595445,0 -53.846303,48.591051,0 -53.883941,48.590888,0 -53.903432,48.588690,0 -53.921498,48.581488,0 -53.933665,48.571194,0 -53.944447,48.559272,0 -53.958648,48.547065,0 -53.943471,48.542385,0 -53.930409,48.549506,0 -53.917633,48.560736,0 -53.903432,48.568183,0 -53.711008,48.560736,0 -53.731597,48.554104,0 -53.774485,48.550767,0 -53.793568,48.540229,0 -53.786122,48.537828,0 -53.776926,48.537787,0 -53.769358,48.539008,0 -53.766835,48.540229,0 -53.751047,48.529975,0 -53.744008,48.522895,0 -53.748891,48.519761,0 -53.758616,48.516547,0 -53.787668,48.502427,0 -53.804067,48.499335,0 -53.836741,48.497626,0 -53.867014,48.492743,0 -53.895741,48.484442,0 -53.923940,48.472602,0 -53.980540,48.440985,0 -54.009877,48.428941,0 -54.043691,48.424140,0 -54.076812,48.429267,0 -54.092112,48.429877,0 -54.109486,48.424140,0 -54.148020,48.397895,0 -54.164133,48.390692,0 -54.152211,48.384833,0 -54.142486,48.377916,0 -54.136871,48.368557,0 -54.136790,48.355292,0 -54.088043,48.401190,0 -54.067942,48.409898,0 -54.046132,48.410346,0 -54.001210,48.405422,0 -53.978505,48.409898,0 -53.899770,48.458482,0 -53.855377,48.475246,0 -53.814036,48.465155,0 -53.828969,48.448676,0 -53.876698,48.409898,0 -53.881459,48.388373,0 -53.873036,48.373481,0 -53.856028,48.368394,0 -53.835113,48.376410,0 -53.852528,48.383612,0 -53.845570,48.394965,0 -53.814036,48.417385,0 -53.810292,48.423733,0 -53.806060,48.432847,0 -53.800893,48.441107,0 -53.793853,48.444648,0 -53.779042,48.447455,0 -53.775624,48.454820,0 -53.775299,48.464830,0 -53.769928,48.475735,0 -53.741851,48.500067,0 -53.700307,48.528388,0 -53.656850,48.546576,0 -53.622874,48.540229,0 -53.634145,48.532416,0 -53.654449,48.522691,0 -53.663197,48.513577,0 -53.649403,48.514635,0 -53.636464,48.513495,0 -53.624989,48.508734,0 -53.615387,48.499335,0 -53.700266,48.455471,0 -53.714101,48.445380,0 -53.725250,48.431586,0 -53.718414,48.424140,0 -53.697092,48.435492,0 -53.675404,48.444159,0 -53.653798,48.449612,0 -53.632802,48.451483,0 -53.624420,48.462551,0 -53.588124,48.526597,0 -53.581899,48.526597,0 -53.577016,48.513129,0 -53.578114,48.502631,0 -53.588124,48.478827,0 -53.568674,48.487860,0 -53.558258,48.491197,0 -53.547109,48.492418,0 -53.615387,48.409898,0 -53.595530,48.420722,0 -53.558502,48.447577,0 -53.540924,48.465155,0 -53.530181,48.457343,0 -53.521474,48.462226,0 -53.505523,48.486274,0 -53.503529,48.491929,0 -53.501373,48.507636,0 -53.498687,48.513577,0 -53.490956,48.514960,0 -53.482086,48.511217,0 -53.475006,48.510972,0 -53.469838,48.531317,0 -53.464915,48.536566,0 -53.459950,48.540229,0 -53.457753,48.543647,0 -53.458811,48.551418,0 -53.463612,48.563870,0 -53.464589,48.571601,0 -53.464223,48.586819,0 -53.461293,48.592963,0 -53.444651,48.598131,0 -53.441151,48.604315,0 -53.440012,48.611151,0 -53.437245,48.615912,0 -53.423573,48.622870,0 -53.414174,48.623765,0 -53.382680,48.615912,0 -53.353668,48.614569,0 -53.342193,48.612738,0 -53.306793,48.589301,0 -53.301666,48.579413,0 -53.317616,48.552314,0 -53.309682,48.548774,0 -53.294545,48.552191,0 -53.280263,48.560736,0 -53.279042,48.549994,0 -53.274810,48.539618,0 -53.268137,48.531236,0 -53.259145,48.526597,0 -53.243520,48.526353,0 -53.238393,48.533515,0 -53.236887,48.544094,0 -53.231842,48.554511,0 -53.215403,48.566636,0 -53.176259,48.588853,0 -53.162953,48.601711,0 -53.170400,48.609117,0 -53.158599,48.625149,0 -53.152333,48.631171,0 -53.143056,48.636461,0 -53.129384,48.639797,0 -53.108469,48.640123,0 -53.098053,48.646674,0 -53.098541,48.650946,0 -53.084543,48.699856,0 -53.076812,48.703559,0 -53.071360,48.700385,0 -53.074208,48.691107,0 -53.065094,48.680854,0 -53.054555,48.677680,0 -53.043609,48.676011,0 -53.033193,48.670600,0 -53.025217,48.660142,0 -53.018422,48.640286,0 -53.012766,48.629625,0 -52.982900,48.604193,0 -52.981272,48.591051,0 -53.005849,48.575019,0 -53.000315,48.570380,0 -52.990549,48.559149,0 -52.984771,48.554511,0 -52.998606,48.546576,0 -53.014516,48.542060,0 -53.027740,48.535834,0 -53.033193,48.523179,0 -53.035064,48.516913,0 -53.044301,48.500393,0 -53.047475,48.492418,0 -53.048411,48.485093,0 -53.047475,48.461737,0 -53.058461,48.435858,0 -53.084706,48.417955,0 -53.143056,48.396877,0 -53.154897,48.388739,0 -53.183176,48.361233,0 -53.187408,48.355292,0 -53.222076,48.355292,0 -53.239329,48.360175,0 -53.269765,48.382270,0 -53.285064,48.384996,0 -53.314361,48.383205,0 -53.325307,48.377265,0 -53.331899,48.375556,0 -53.334869,48.379788,0 -53.338206,48.386176,0 -53.345855,48.388007,0 -53.354888,48.386664,0 -53.362172,48.383205,0 -53.355540,48.360500,0 -53.386545,48.306057,0 -53.369008,48.293850,0 -53.388417,48.286119,0 -53.445709,48.285712,0 -53.457753,48.277045,0 -53.468088,48.256537,0 -53.492177,48.247707,0 -53.540924,48.239814,0 -53.549224,48.234320,0 -53.574452,48.211859,0 -53.609242,48.189032,0 -53.619211,48.180854,0 -53.639475,48.169338,0 -53.664174,48.166571,0 -53.689320,48.170111,0 -53.754628,48.193305,0 -53.776479,48.197089,0 -53.804067,48.198228,0 -53.845082,48.190823,0 -53.855784,48.195787,0 -53.864613,48.207017,0 -53.871653,48.218817,0 -53.876698,48.225531,0 -53.903879,48.236762,0 -53.925282,48.237006,0 -53.939361,48.225531,0 -53.944407,48.201646,0 -53.941274,48.176703,0 -53.933827,48.158433,0 -53.925120,48.142035,0 -53.917714,48.122504,0 -53.913157,48.094306,0 -53.905181,48.085110,0 -53.804067,48.074774,0 -53.725087,48.083197,0 -53.683990,48.080390,0 -53.663197,48.061103,0 -53.723744,48.039740,0 -53.787343,48.026313,0 -53.854970,48.026313,0 -53.907623,48.038398,0 -53.923940,48.033759,0 -53.908355,48.021064,0 -53.886830,48.014838,0 -53.841949,48.012641,0 -53.820302,48.008694,0 -53.797841,48.001695,0 -53.775950,47.999416,0 -53.741119,48.016791,0 -53.684316,48.020087,0 -53.665273,48.028306,0 -53.629140,48.049628,0 -53.608551,48.054267,0 -53.617584,48.038886,0 -53.622874,48.033759,0 -53.621571,48.004950,0 -53.644846,47.965888,0 -53.697336,47.896633,0 -53.721181,47.902045,0 -53.787343,47.903469,0 -53.787343,47.896633,0 -53.755238,47.895209,0 -53.725250,47.889797,0 -53.729604,47.870103,0 -53.732533,47.842475,0 -53.741282,47.817857,0 -53.763173,47.807196,0 -53.770823,47.800198,0 -53.780426,47.785956,0 -53.791615,47.774604,0 -53.804067,47.776516,0 -53.822133,47.790188,0 -53.831207,47.799750,0 -53.835113,47.810614,0 -53.844716,47.824652,0 -53.867502,47.843451,0 -53.894765,47.858832,0 -53.917714,47.862454,0 -53.928944,47.852444,0 -53.877309,47.828111,0 -53.876698,47.807196,0 -53.858266,47.801581,0 -53.854644,47.784898,0 -53.854156,47.767524,0 -53.845082,47.759426,0 -53.833485,47.751776,0 -53.828928,47.735745,0 -53.834869,47.721259,0 -53.854970,47.718451,0 -53.846791,47.706773,0 -53.807851,47.677476,0 -53.793813,47.664049,0 -53.763173,47.625678,0 -53.737904,47.619696,0 -53.721181,47.644436,0 -53.705719,47.676093,0 -53.684316,47.691148,0 -53.666168,47.684027,0 -53.668446,47.669623,0 -53.680165,47.653795,0 -53.690541,47.642727,0 -53.702992,47.619574,0 -53.707590,47.616034,0 -53.711741,47.609931,0 -53.710113,47.597805,0 -53.703847,47.588690,0 -53.693959,47.591783,0 -53.686635,47.597642,0 -53.680735,47.598700,0 -53.670033,47.595526,0 -53.671986,47.589911,0 -53.667063,47.577623,0 -53.660390,47.569973,0 -53.656972,47.577867,0 -53.655426,47.579657,0 -53.652333,47.576850,0 -53.649770,47.570258,0 -53.650217,47.560777,0 -53.653635,47.552232,0 -53.670033,47.526679,0 -53.656117,47.533393,0 -53.631581,47.555406,0 -53.622874,47.560777,0 -53.617909,47.559516,0 -53.613271,47.555243,0 -53.609934,47.549384,0 -53.608551,47.543402,0 -53.605133,47.539374,0 -53.597279,47.541205,0 -53.588368,47.544867,0 -53.581899,47.546536,0 -53.553863,47.539252,0 -53.550120,47.543891,0 -53.547109,47.560777,0 -53.548980,47.572414,0 -53.553090,47.581000,0 -53.550852,47.588202,0 -53.533518,47.595526,0 -53.551747,47.612372,0 -53.560658,47.623847,0 -53.557037,47.629096,0 -53.543202,47.628730,0 -53.534535,47.627021,0 -53.513010,47.616034,0 -53.517445,47.632717,0 -53.511952,47.643988,0 -53.508534,47.654975,0 -53.519195,47.670640,0 -53.502919,47.673041,0 -53.488637,47.682440,0 -53.480336,47.692572,0 -53.482004,47.697333,0 -53.490387,47.702867,0 -53.497426,47.716213,0 -53.500966,47.732367,0 -53.498687,47.746405,0 -53.487172,47.759914,0 -53.476186,47.764838,0 -53.467844,47.771470,0 -53.464589,47.790473,0 -53.459543,47.805487,0 -53.441762,47.820787,0 -53.444081,47.828315,0 -53.429189,47.850572,0 -53.420155,47.861151,0 -53.409332,47.869289,0 -53.394154,47.875556,0 -53.382476,47.876370,0 -53.355336,47.869289,0 -53.355336,47.875474,0 -53.365102,47.887030,0 -53.362620,47.899807,0 -53.352122,47.913316,0 -53.338287,47.927314,0 -53.328765,47.940985,0 -53.313466,47.974677,0 -53.303538,47.988715,0 -53.276479,48.016425,0 -53.268381,48.020331,0 -53.248647,48.019110,0 -53.239247,48.020087,0 -53.228993,48.025865,0 -53.221750,48.032660,0 -53.213857,48.038275,0 -53.184316,48.042548,0 -53.180287,48.047553,0 -53.179067,48.054145,0 -53.170400,48.061103,0 -53.148061,48.064276,0 -53.132436,48.056586,0 -53.117747,48.045966,0 -53.098053,48.040595,0 -53.081288,48.043850,0 -53.061025,48.051907,0 -53.042104,48.061835,0 -53.029530,48.070990,0 -52.991078,48.106513,0 -52.952626,48.153022,0 -52.935455,48.166734,0 -52.923329,48.170966,0 -52.900461,48.161282,0 -52.865834,48.123969,0 -52.834788,48.112494,0 -52.836741,48.105455,0 -52.846018,48.098375,0 -52.858225,48.095201,0 -52.902903,48.095201,0 -52.914418,48.089586,0 -52.920766,48.082099,0 -52.925038,48.074123,0 -52.930165,48.067328,0 -52.946197,48.054348,0 -52.954091,48.045803,0 -52.957428,48.037177,0 -52.959706,48.017483,0 -52.966908,48.001654,0 -52.979604,47.987128,0 -52.998443,47.971666,0 -53.035797,47.948391,0 -53.053578,47.932563,0 -53.061147,47.913642,0 -53.060902,47.887763,0 -53.062815,47.869574,0 -53.070668,47.853705,0 -53.088490,47.834459,0 -53.125722,47.807766,0 -53.142323,47.790961,0 -53.149281,47.769355,0 -53.153147,47.764146,0 -53.161977,47.756415,0 -53.172271,47.749457,0 -53.180287,47.746405,0 -53.186594,47.745266,0 -53.196360,47.740139,0 -53.201405,47.738959,0 -53.207387,47.735907,0 -53.201812,47.729560,0 -53.193349,47.724351,0 -53.190826,47.724677,0 -53.162953,47.718451,0 -53.174428,47.705024,0 -53.183990,47.691148,0 -53.174631,47.696479,0 -53.166615,47.697170,0 -53.160390,47.692939,0 -53.156117,47.683743,0 -53.171783,47.674750,0 -53.194692,47.643378,0 -53.214467,47.636542,0 -53.232411,47.633450,0 -53.251820,47.625393,0 -53.262074,47.614203,0 -53.252309,47.601752,0 -53.241444,47.608222,0 -53.230092,47.612616,0 -53.217926,47.615139,0 -53.204498,47.616034,0 -53.217763,47.605455,0 -53.243642,47.592597,0 -53.252309,47.581244,0 -53.230702,47.582587,0 -53.210520,47.589301,0 -53.170400,47.609198,0 -53.182607,47.593411,0 -53.207346,47.577623,0 -53.234853,47.565619,0 -53.255727,47.560777,0 -53.259755,47.558539,0 -53.252919,47.553656,0 -53.240590,47.548774,0 -53.228424,47.546536,0 -53.217030,47.548326,0 -53.183990,47.560777,0 -53.182240,47.523505,0 -53.183990,47.512397,0 -53.189524,47.502590,0 -53.196767,47.493964,0 -53.202870,47.484198,0 -53.204498,47.471381,0 -53.189931,47.480414,0 -53.176096,47.492174,0 -53.162668,47.500556,0 -53.149281,47.499416,0 -53.152984,47.490220,0 -53.153676,47.486274,0 -53.149281,47.478217,0 -53.181304,47.452094,0 -53.195221,47.437079,0 -53.187408,47.430487,0 -53.167388,47.434027,0 -53.156158,47.440497,0 -53.144195,47.443671,0 -53.121938,47.437242,0 -53.127187,47.421210,0 -53.129384,47.416815,0 -53.113759,47.430569,0 -53.078114,47.470038,0 -53.037953,47.484442,0 -52.971791,47.526679,0 -52.911733,47.556301,0 -52.892934,47.571031,0 -52.876373,47.588284,0 -52.861155,47.608385,0 -52.848948,47.629625,0 -52.841420,47.650133,0 -52.818471,47.743638,0 -52.798411,47.788153,0 -52.772532,47.801011,0 -52.765492,47.795600,0 -52.756907,47.779039,0 -52.752065,47.773098,0 -52.710520,47.761298,0 -52.704213,47.756008,0 -52.697418,47.714748,0 -52.700592,47.702867,0 -52.717926,47.670640,0 -52.708811,47.661811,0 -52.693023,47.660305,0 -52.666656,47.663804,0 -52.657541,47.660590,0 -52.654937,47.652167,0 -52.656646,47.603176,0 -52.664418,47.587104,0 -52.690582,47.553941,0 -52.676910,47.560777,0 -52.672027,47.547675,0 -52.659901,47.536811,0 -52.644195,47.529364,0 -52.628814,47.526679,0 -52.616607,47.522691,0</coordinates>
          </LinearRing>
        </outerBoundaryIs>
      </Polygon>
    </Placemark>
    <Placemark>
      <name>Newfoundland</name>
      <Polygon>
        <outerBoundaryIs>
          <LinearRing>
            <coordinates>-55.409657,51.882066,0 -55.427398,51.891343,0 -55.418528,51.918647,0 -55.383127,51.959621,0 -55.374501,51.963772,0 -55.344960,51.972317,0 -55.332265,51.973863,0 -55.312367,51.983710,0 -55.287262,52.000637,0 -55.270131,52.005601,0 -55.273915,51.980129,0 -55.286041,51.959540,0 -55.332387,51.897610,0 -55.352691,51.884508,0 -55.409657,51.882066,0</coordinates>
          </LinearRing>
        </outerBoundaryIs>
      </Polygon>
    </Placemark>
    <Placemark>
      <name>Newfoundland</name>
      <Polygon>
        <outerBoundaryIs>
          <LinearRing>
            <coordinates>-54.778136,47.273564,0 -54.792300,47.259077,0 -54.798379,47.242599,0 -54.812399,47.231781,0 -54.828253,47.243141,0 -54.830051,47.267133,0 -54.794227,47.279388,0 -54.778136,47.273564,0</coordinates>
          </LinearRing>
        </outerBoundaryIs>
      </Polygon>
    </Placemark>
    <Placemark>
      <name>Newfoundland</name>
      <Polygon>
        <outerBoundaryIs>
          <LinearRing>
            <coordinates>-54.178042,47.418193,0 -54.158678,47.414670,0 -54.144589,47.400445,0 -54.153354,47.368356,0 -54.177962,47.359984,0 -54.209626,47.359903,0 -54.220197,47.368193,0 -54.216702,47.381274,0 -54.204389,47.384870,0 -54.195604,47.393208,0 -54.178042,47.418193,0</coordinates>
          </LinearRing>
        </outerBoundaryIs>
      </Polygon>
    </Placemark>
    <Placemark>
      <name>Newfoundland</name>
      <Polygon>
        <outerBoundaryIs>
          <LinearRing>
            <coordinates>-52.918760,47.652643,0 -52.916443,47.634456,0 -52.946429,47.618390,0 -52.976502,47.596866,0 -53.006193,47.593498,0 -53.030336,47.599156,0 -53.019184,47.619040,0 -52.956475,47.654806,0 -52.918760,47.652643,0</coordinates>
          </LinearRing>
        </outerBoundaryIs>
      </Polygon>
    </Placemark>
    <Placemark>
      <name>Newfoundland</name>
      <Polygon>
        <outerBoundaryIs>
          <LinearRing>
            <coordinates>-55.751074,50.231909,0 -55.729933,50.230170,0 -55.712812,50.219980,0 -55.701020,50.203882,0 -55.695802,50.193721,0 -55.709037,50.189528,0 -55.728800,50.198033,0 -55.756532,50.199789,0 -55.789522,50.207466,0 -55.802679,50.220174,0 -55.799992,50.230316,0 -55.762971,50.231935,0 -55.751074,50.231909,0</coordinates>
          </LinearRing>
        </outerBoundaryIs>
      </Polygon>
    </Placemark>
    <Placemark>
      <name>Newfoundland</name>
      <Polygon>
        <outerBoundaryIs>
          <LinearRing>
            <coordinates>-57.232157,50.841032,0 -57.228640,50.836610,0 -57.221638,50.839568,0 -57.209375,50.841056,0 -57.202935,50.834422,0 -57.191827,50.828161,0 -57.186562,50.823001,0 -57.194731,50.820043,0 -57.208150,50.815605,0 -57.223315,50.810056,0 -57.225634,50.803414,0 -57.240205,50.795649,0 -57.252466,50.796739,0 -57.261815,50.799677,0 -57.251900,50.802643,0 -57.239651,50.805979,0 -57.246082,50.809291,0 -57.258926,50.808905,0 -57.270023,50.809995,0 -57.277056,50.817363,0 -57.275339,50.827326,0 -57.263106,50.836935,0 -57.250265,50.840641,0 -57.232157,50.841032,0</coordinates>
          </LinearRing>
        </outerBoundaryIs>
      </Polygon>
    </Placemark>
    <Placemark>
      <name>Newfoundland</name>
      <Polygon>
        <outerBoundaryIs>
          <LinearRing>
            <coordinates>-55.832094,52.770919,0 -55.811855,52.770133,0 -55.808092,52.761708,0 -55.810692,52.743338,0 -55.809475,52.731086,0 -55.829715,52.726513,0 -55.861303,52.730368,0 -55.866326,52.743388,0 -55.884009,52.751056,0 -55.895360,52.763314,0 -55.887742,52.774794,0 -55.852330,52.772470,0 -55.832094,52.770919,0</coordinates>
          </LinearRing>
        </outerBoundaryIs>
      </Polygon>
    </Placemark>
    <Placemark>
      <name>Newfoundland</name>
      <Polygon>
        <outerBoundaryIs>
          <LinearRing>
            <coordinates>-55.800810,53.014977,0 -55.786821,53.016500,0 -55.775407,53.009602,0 -55.785609,53.001190,0 -55.786904,52.995068,0 -55.770374,52.997350,0 -55.767872,52.988162,0 -55.781896,52.976697,0 -55.787036,52.962164,0 -55.789629,52.948394,0 -55.802337,52.944583,0 -55.821326,52.959904,0 -55.833971,52.976745,0 -55.849170,52.991289,0 -55.850409,53.003530,0 -55.808466,53.006564,0 -55.800810,53.014977,0</coordinates>
          </LinearRing>
        </outerBoundaryIs>
      </Polygon>
    </Placemark>
    <Placemark>
      <name>Newfoundland</name>
      <Polygon>
        <outerBoundaryIs>
          <LinearRing>
            <coordinates>-55.790347,53.093834,0 -55.771256,53.089232,0 -55.754757,53.075436,0 -55.751012,53.059351,0 -55.768882,53.048643,0 -55.758767,53.034088,0 -55.775331,53.027975,0 -55.800749,53.032582,0 -55.816034,53.024169,0 -55.845274,53.023418,0 -55.870688,53.026485,0 -55.875747,53.038725,0 -55.874439,53.057083,0 -55.862966,53.070858,0 -55.847678,53.080812,0 -55.827319,53.079284,0 -55.790347,53.093834,0</coordinates>
          </LinearRing>
        </outerBoundaryIs>
      </Polygon>
    </Placemark>
    <Placemark>
      <name>Newfoundland</name>
      <Polygon>
        <outerBoundaryIs>
          <LinearRing>
            <coordinates>-55.913663,53.492210,0 -55.902165,53.497059,0 -55.889870,53.498490,0 -55.880138,53.484333,0 -55.845788,53.480344,0 -55.824516,53.477852,0 -55.814618,53.487566,0 -55.803166,53.484613,0 -55.785183,53.477256,0 -55.767163,53.475739,0 -55.751716,53.463989,0 -55.749360,53.453746,0 -55.742891,53.445437,0 -55.745395,53.440572,0 -55.761679,53.449888,0 -55.782091,53.455803,0 -55.802571,53.455378,0 -55.806761,53.443207,0 -55.813391,53.432992,0 -55.797923,53.423686,0 -55.779963,53.419242,0 -55.768581,53.411406,0 -55.769478,53.402635,0 -55.789040,53.410010,0 -55.811070,53.416415,0 -55.816842,53.410583,0 -55.794026,53.400765,0 -55.785908,53.393915,0 -55.798989,53.393957,0 -55.829954,53.406721,0 -55.864245,53.414125,0 -55.906739,53.418616,0 -55.926302,53.428887,0 -55.965540,53.432367,0 -55.983500,53.441652,0 -55.985066,53.458710,0 -55.989930,53.470413,0 -55.975950,53.484525,0 -55.927587,53.492236,0 -55.913663,53.492210,0</coordinates>
          </LinearRing>
        </outerBoundaryIs>
      </Polygon>
    </Placemark>
    <Placemark>
      <name>Newfoundland</name>
      <Polygon>
        <outerBoundaryIs>
          <LinearRing>
            <coordinates>-57.129781,53.704632,0 -57.103267,53.704637,0 -57.080290,53.703591,0 -57.064384,53.708816,0 -57.044938,53.715084,0 -57.030801,53.712985,0 -57.050250,53.701494,0 -57.066154,53.684774,0 -57.082047,53.680595,0 -57.085571,53.667011,0 -57.083798,53.656568,0 -57.092610,53.649259,0 -57.113763,53.642994,0 -57.154387,53.647127,0 -57.172139,53.659625,0 -57.166848,53.678468,0 -57.152729,53.693121,0 -57.129781,53.704632,0</coordinates>
          </LinearRing>
        </outerBoundaryIs>
      </Polygon>
    </Placemark>
    <Placemark>
      <name>Newfoundland</name>
      <Polygon>
        <outerBoundaryIs>
          <LinearRing>
            <coordinates>-56.888527,53.806597,0 -56.836105,53.806480,0 -56.817715,53.790041,0 -56.851709,53.777378,0 -56.882608,53.762879,0 -56.919571,53.762954,0 -56.947335,53.752078,0 -56.984285,53.759384,0 -57.008855,53.788548,0 -56.999548,53.810391,0 -56.965599,53.812180,0 -56.922484,53.797559,0 -56.888527,53.806597,0</coordinates>
          </LinearRing>
        </outerBoundaryIs>
      </Polygon>
    </Placemark>
  </Document>
</kml>
