<?xml version="1.0" encoding="utf-8" ?>
<kml xmlns="http://www.opengis.net/kml/2.2">
<Document id="root_doc">
<Schema name="Region_inuite_Inuit_Region" id="Region_inuite_Inuit_Region">
	<SimpleField name="REGION" type="string"></SimpleField>
	<SimpleField name="REGION_INU" type="string"></SimpleField>
</Schema>
<Folder><name>Region_inuite_Inuit_Region</name>
  <Placemark>
	<Style><LineStyle><color>ff0000ff</color></LineStyle><PolyStyle><fill>0</fill></PolyStyle></Style>
	<ExtendedData><SchemaData schemaUrl="#Region_inuite_Inuit_Region">
		<SimpleData name="REGION">Nunatsiavut</SimpleData>
		<SimpleData name="REGION_INU">ᓄᓇᑦᓯᐊᕗᑦ</SimpleData>
	</SchemaData></ExtendedData>
      <MultiGeometry><Polygon><outerBoundaryIs><LinearRing><coordinates>-58.5005335414749,54.8584670897089 -58.5017785412585,54.8568850900577 -58.5097055377177,54.8565230902167 -58.5090035383246,54.8647310895376 -58.5045285401571,54.8680950892182 -58.5051415398216,54.8621710899524 -58.5005335414749,54.8584670897089</coordinates></LinearRing></outerBoundaryIs></Polygon><Polygon><outerBoundaryIs><LinearRing><coordinates>-61.2836573615251,56.6811868946642 -61.290075358139,56.6713368956632 -61.2921463575032,56.6714018959695 -61.2934173567031,56.6792118947213 -61.2863443594488,56.6833258942979 -61.2836573615251,56.6811868946642</coordinates></LinearRing></outerBoundaryIs></Polygon><Polygon><outerBoundaryIs><LinearRing><coordinates>-61.2341933809927,56.6894418929327 -61.2322903822685,56.6877818933437 -61.2378863799079,56.6859048935912 -61.2412853786613,56.6812138939314 -61.2463753763867,56.6802288941458 -61.2474853748809,56.685524894063 -61.2430793770509,56.6878968935937 -61.2341933809927,56.6894418929327</coordinates></LinearRing></outerBoundaryIs></Polygon><Polygon><outerBoundaryIs><LinearRing><coordinates>-62.0269139926605,57.9280617640554 -62.0235819934477,57.926833764787 -62.039041986607,57.9169357654354 -62.0418689855205,57.9190567654442 -62.033521989176,57.926161764499 -62.0269139926605,57.9280617640554</coordinates></LinearRing></outerBoundaryIs></Polygon><Polygon><outerBoundaryIs><LinearRing><coordinates>-57.5328899335125,54.2273901661532 -57.5208339373471,54.2269131661015 -57.5232759368944,54.2251361668587 -57.5410529297168,54.2211651671697 -57.5433089285632,54.2225801667621 -57.5328899335125,54.2273901661532</coordinates></LinearRing></outerBoundaryIs></Polygon><Polygon><outerBoundaryIs><LinearRing><coordinates>-62.745865653194,58.5201417118266 -62.7391426557036,58.5161327125043 -62.7431326528274,58.5152937123822 -62.7499496502531,58.5179327119282 -62.7518556490997,58.5220757113127 -62.7496386503328,58.5291217107778 -62.7465676513127,58.5292977103122 -62.745865653194,58.5201417118266</coordinates></LinearRing></outerBoundaryIs></Polygon><Polygon><outerBoundaryIs><LinearRing><coordinates>-61.1753014163202,56.4074559254286 -61.1741874172482,56.4062769260118 -61.1897534111705,56.4033589264836 -61.1986004063299,56.4054719261608 -61.2000524059837,56.4073449257807 -61.1753014163202,56.4074559254286</coordinates></LinearRing></outerBoundaryIs></Polygon><Polygon><outerBoundaryIs><LinearRing><coordinates>-59.7012700555174,55.1847120577023 -59.7016900549227,55.1819770581241 -59.7108990511196,55.1769860589943 -59.7128300508921,55.1842920584124 -59.7108020510271,55.18838905741 -59.708807051946,55.1886100575597 -59.7085410525764,55.1854090584584 -59.7084450520774,55.1842770580735 -59.7012700555174,55.1847120577023</coordinates></LinearRing></outerBoundaryIs></Polygon><Polygon><outerBoundaryIs><LinearRing><coordinates>-61.1715084310531,56.1003569623494 -61.171724430315,56.0983089624121 -61.1865344247054,56.0935449631047 -61.1926454216392,56.0937469629454 -61.1920444227297,56.0955499625153 -61.1784844274278,56.1001329620577 -61.1715084310531,56.1003569623494</coordinates></LinearRing></outerBoundaryIs></Polygon><Polygon><outerBoundaryIs><LinearRing><coordinates>-60.7048216147647,56.2641059364719 -60.6911746205707,56.2578929375131 -60.6949386195642,56.2573429372552 -60.7122586120956,56.2602659376651 -60.7123766123564,56.2627829370979 -60.7048216147647,56.2641059364719</coordinates></LinearRing></outerBoundaryIs></Polygon><Polygon><outerBoundaryIs><LinearRing><coordinates>-60.3421127860015,55.5881390145217 -60.3444917851426,55.5831150150526 -60.3549027810782,55.5755730164177 -60.3561237798928,55.577852015773 -60.3505447821582,55.5860680146153 -60.3421127860015,55.5881390145217</coordinates></LinearRing></outerBoundaryIs></Polygon><Polygon><outerBoundaryIs><LinearRing><coordinates>-60.0463689121286,55.3611040391383 -60.0479709114495,55.3585930399887 -60.0543769085157,55.3554050398506 -60.061579906379,55.3540340402783 -60.063183904868,55.3560870402809 -60.0491759107111,55.3633770394716 -60.0463689121286,55.3611040391383</coordinates></LinearRing></outerBoundaryIs></Polygon><Polygon><outerBoundaryIs><LinearRing><coordinates>-61.2947363464828,56.9120748686921 -61.2908533487605,56.9092138686239 -61.2926643475585,56.9078978688147 -61.2988433447535,56.908774868142 -61.307595340859,56.9049348693965 -61.3107193401704,56.9070898685504 -61.3069633414847,56.9110868686205 -61.2947363464828,56.9120748686921</coordinates></LinearRing></outerBoundaryIs></Polygon><Polygon><outerBoundaryIs><LinearRing><coordinates>-61.0413274816182,56.1620039530524 -61.036220483764,56.1600049528988 -61.0460274792974,56.1564569531601 -61.0576624751695,56.1586759539683 -61.0578974751572,56.1602849532937 -61.0413274816182,56.1620039530524</coordinates></LinearRing></outerBoundaryIs></Polygon><Polygon><outerBoundaryIs><LinearRing><coordinates>-60.9632395086768,56.2863389369567 -60.9507965133331,56.2799689375077 -60.966096506784,56.2791259380041 -60.9694275058986,56.2824399376007 -60.9632395086768,56.2863389369567</coordinates></LinearRing></outerBoundaryIs></Polygon><Polygon><outerBoundaryIs><LinearRing><coordinates>-61.3316453462516,56.5814849068273 -61.3327023459468,56.5792359072908 -61.3517403368876,56.5793649074112 -61.3536213372382,56.5812559071996 -61.3508653372058,56.5839119069859 -61.3316453462516,56.5814849068273</coordinates></LinearRing></outerBoundaryIs></Polygon><Polygon><outerBoundaryIs><LinearRing><coordinates>-59.9334369571725,55.3803870357049 -59.9322409573029,55.3783340366099 -59.9494779505012,55.3722010375801 -59.9522729494793,55.3742520368437 -59.9494579510988,55.3788100361664 -59.9454559520614,55.3776660360537 -59.9334369571725,55.3803870357049</coordinates></LinearRing></outerBoundaryIs></Polygon><Polygon><outerBoundaryIs><LinearRing><coordinates>-61.2462843705676,56.8122938790675 -61.2465233709803,56.8100158795285 -61.2519693679621,56.8097348797173 -61.2573153668808,56.806476880308 -61.2701933615434,56.8068808799042 -61.2695633610395,56.8089178797094 -61.2615973641846,56.8093538791688 -61.2579673657979,56.8122058786955 -61.2462843705676,56.8122938790675</coordinates></LinearRing></outerBoundaryIs></Polygon><Polygon><outerBoundaryIs><LinearRing><coordinates>-58.6262784907658,54.9174850837245 -58.6297414893105,54.908855084679 -58.6361994876115,54.9052780848803 -58.639710486136,54.9069180847235 -58.631050488371,54.9168560833601 -58.6262784907658,54.9174850837245</coordinates></LinearRing></outerBoundaryIs></Polygon><Polygon><outerBoundaryIs><LinearRing><coordinates>-61.1581154253082,56.3596079305302 -61.1624374241032,56.3538139312297 -61.1702334215115,56.3540649321247 -61.1753234189275,56.3526349314618 -61.178969417046,56.3532149317528 -61.1788004174918,56.3548009315161 -61.1605064247685,56.3603719307398 -61.1581154253082,56.3596079305302</coordinates></LinearRing></outerBoundaryIs></Polygon><Polygon><outerBoundaryIs><LinearRing><coordinates>-61.0210884695263,56.6625718939056 -61.0021074779783,56.6614718939815 -61.0209424698527,56.6563948946956 -61.0269194677433,56.6586528942548 -61.0210884695263,56.6625718939056</coordinates></LinearRing></outerBoundaryIs></Polygon><Polygon><outerBoundaryIs><LinearRing><coordinates>-61.2605603836134,56.3843959292117 -61.2509873862185,56.3813489296931 -61.2596263833729,56.3775149303646 -61.2729643776885,56.3799979295097 -61.2605603836134,56.3843959292117</coordinates></LinearRing></outerBoundaryIs></Polygon><Polygon><outerBoundaryIs><LinearRing><coordinates>-61.3914763296384,56.3647549328637 -61.3893353303408,56.3614919339606 -61.3915903298731,56.3595049333706 -61.4078513233874,56.3616039334844 -61.4099953218482,56.3648679337006 -61.3914763296384,56.3647549328637</coordinates></LinearRing></outerBoundaryIs></Polygon><Polygon><outerBoundaryIs><LinearRing><coordinates>-61.1323324408181,56.2577939430218 -61.1312974413748,56.255932943127 -61.1390524385754,56.2525369433001 -61.1520214324537,56.2541049437201 -61.1530604324958,56.2559669432736 -61.1459094353978,56.2575609427498 -61.1323324408181,56.2577939430218</coordinates></LinearRing></outerBoundaryIs></Polygon><Polygon><outerBoundaryIs><LinearRing><coordinates>-61.3397773220947,57.0231568560629 -61.3481703202495,57.0149588575424 -61.3504163195102,57.0175408566653 -61.3485033182816,57.0279928558133 -61.3431193211557,57.0273708550692 -61.3397773220947,57.0231568560629</coordinates></LinearRing></outerBoundaryIs></Polygon><Polygon><outerBoundaryIs><LinearRing><coordinates>-61.27610337951,56.3134049377511 -61.2736293805559,56.3094409378715 -61.2780353792628,56.3066109385815 -61.2842743765309,56.3058969385899 -61.2938773721201,56.3084879391456 -61.27610337951,56.3134049377511</coordinates></LinearRing></outerBoundaryIs></Polygon><Polygon><outerBoundaryIs><LinearRing><coordinates>-61.3385453339641,56.782513883767 -61.3425423330103,56.7760098848471 -61.3459993319807,56.7747468847554 -61.3483743297736,56.775962884385 -61.3436153311425,56.7858698837033 -61.337382334019,56.789787882858 -61.3358633349507,56.7883718826443 -61.3385453339641,56.782513883767</coordinates></LinearRing></outerBoundaryIs></Polygon><Polygon><outerBoundaryIs><LinearRing><coordinates>-59.9761489429921,55.2511600519847 -59.9785509426574,55.2486530528798 -59.9889399379655,55.2411380541037 -59.9937329363585,55.2404600542917 -59.9945299362941,55.2420540536565 -59.987331938746,55.2488860525667 -59.9777449428855,55.2520770519272 -59.9761489429921,55.2511600519847</coordinates></LinearRing></outerBoundaryIs></Polygon><Polygon><outerBoundaryIs><LinearRing><coordinates>-57.2861860270769,54.6027711176088 -57.287544025418,54.600061117547 -57.298797021532,54.5964321183507 -57.3066440182173,54.6027721172374 -57.2861860270769,54.6027711176088</coordinates></LinearRing></outerBoundaryIs></Polygon><Polygon><outerBoundaryIs><LinearRing><coordinates>-61.3419033607354,56.1177219625094 -61.3378953618768,56.1128009627328 -61.344650360362,56.1107289630326 -61.3555673554441,56.1119799624763 -61.3552463544483,56.1151729624748 -61.3419033607354,56.1177219625094</coordinates></LinearRing></outerBoundaryIs></Polygon><Polygon><outerBoundaryIs><LinearRing><coordinates>-60.8820755475965,56.1320429543062 -60.8828185484995,56.1254429552662 -60.8853165460643,56.125076955617 -60.8944105415541,56.1315659548303 -60.8911445435666,56.1351059538101 -60.8849785453882,56.1353419541238 -60.8820755475965,56.1320429543062</coordinates></LinearRing></outerBoundaryIs></Polygon><Polygon><outerBoundaryIs><LinearRing><coordinates>-61.0347984858304,56.1391719554212 -61.0338734846995,56.1363989558973 -61.0390154834073,56.1342889558312 -61.0415714825265,56.1295819566039 -61.0476634798282,56.1300169566042 -61.0495074798387,56.1319049566917 -61.0408684817727,56.139835955345 -61.0347984858304,56.1391719554212</coordinates></LinearRing></outerBoundaryIs></Polygon><Polygon><outerBoundaryIs><LinearRing><coordinates>-57.8702347911003,54.8906830829692 -57.8716457911647,54.8863680837509 -57.8744997908815,54.8848230837235 -57.8817177872033,54.8906570827965 -57.8754037890893,54.8978470820161 -57.8702347911003,54.8906830829692</coordinates></LinearRing></outerBoundaryIs></Polygon><Polygon><outerBoundaryIs><LinearRing><coordinates>-61.2587153757768,56.5737109072198 -61.2453563808285,56.5707669070326 -61.2557113782093,56.5667579076897 -61.2647463738541,56.5675019081998 -61.2674423718735,56.5694159079058 -61.2587153757768,56.5737109072198</coordinates></LinearRing></outerBoundaryIs></Polygon><Polygon><outerBoundaryIs><LinearRing><coordinates>-60.2568098314091,55.2538420547425 -60.2552018316546,55.2520190549532 -60.2575898298034,55.2499670554623 -60.262465829382,55.2470350558441 -60.2743018245284,55.2399100567109 -60.2763048230207,55.2410470564684 -60.2751258238853,55.2446970558526 -60.2568098314091,55.2538420547425</coordinates></LinearRing></outerBoundaryIs></Polygon><Polygon><outerBoundaryIs><LinearRing><coordinates>-60.0275239178872,55.4062320335967 -60.0367479148985,55.3952870353618 -60.0391459135007,55.3968890346069 -60.0383449142492,55.399853034297 -60.029121917173,55.4121590327182 -60.0263119173186,55.4123850329645 -60.0251149190329,55.4103330329879 -60.0275239178872,55.4062320335967</coordinates></LinearRing></outerBoundaryIs></Polygon><Polygon><outerBoundaryIs><LinearRing><coordinates>-59.3160462098663,55.1952560533298 -59.3172822091528,55.19298105406 -59.3264412057536,55.1934930538025 -59.3283962040565,55.1957860532859 -59.3178682075725,55.2050710521508 -59.3154972085471,55.2036900522807 -59.3183772076703,55.198688052785 -59.3160462098663,55.1952560533298</coordinates></LinearRing></outerBoundaryIs></Polygon><Polygon><outerBoundaryIs><LinearRing><coordinates>-61.2469333730291,56.7702718841128 -61.2472253720649,56.7675398841308 -61.2558303680394,56.7648428846198 -61.2603983671795,56.7649878845548 -61.2675613637466,56.7681858843448 -61.2614143663982,56.7711878837546 -61.2469333730291,56.7702718841128</coordinates></LinearRing></outerBoundaryIs></Polygon><Polygon><outerBoundaryIs><LinearRing><coordinates>-60.0700098996552,55.465286026488 -60.0704108990464,55.4623260273083 -60.0828508937282,55.4641490270394 -60.0872628922778,55.467800027058 -60.0872668923459,55.47098902601 -60.0808458942603,55.4705320264792 -60.0700098996552,55.465286026488</coordinates></LinearRing></outerBoundaryIs></Polygon><Polygon><outerBoundaryIs><LinearRing><coordinates>-57.8803747951202,54.3459671526414 -57.8812397944664,54.3443841525623 -57.8903497910564,54.3420341527207 -57.8985807877253,54.3414921526439 -57.9010977866412,54.3458791519141 -57.8935757897743,54.347798151889 -57.8803747951202,54.3459671526414</coordinates></LinearRing></outerBoundaryIs></Polygon><Polygon><outerBoundaryIs><LinearRing><coordinates>-61.0988674530216,56.3055639365706 -61.0983914527514,56.3023489372211 -61.1009204514549,56.3017549367333 -61.1068484483502,56.304004936834 -61.1160564453907,56.3024829374878 -61.1194294436746,56.3055659367661 -61.1133984459129,56.3081049360909 -61.1051314491684,56.3085139360618 -61.0988674530216,56.3055639365706</coordinates></LinearRing></outerBoundaryIs></Polygon><Polygon><outerBoundaryIs><LinearRing><coordinates>-60.2134358428552,55.4023150355886 -60.2146208422735,55.3982090366478 -60.2198198411935,55.3956990373269 -60.229032836915,55.3950050370997 -60.23264683488,55.3970530368848 -60.2302558363712,55.4000170362059 -60.2134358428552,55.4023150355886</coordinates></LinearRing></outerBoundaryIs></Polygon><Polygon><outerBoundaryIs><LinearRing><coordinates>-61.7841261687901,56.3707429376527 -61.7856611690599,56.3673599385381 -61.8008141618902,56.3682319385071 -61.8058901592356,56.3713389382092 -61.8049311594718,56.3729099381026 -61.7939221657476,56.371696938 -61.7862651673535,56.3744539376677 -61.7841261687901,56.3707429376527</coordinates></LinearRing></outerBoundaryIs></Polygon><Polygon><outerBoundaryIs><LinearRing><coordinates>-63.1061914994421,58.5001987200068 -63.105648499623,58.4942547203302 -63.1239554911686,58.5027587199662 -63.1228634918213,58.5066227199196 -63.1206574918324,58.5070467197673 -63.1061914994421,58.5001987200068</coordinates></LinearRing></outerBoundaryIs></Polygon><Polygon><outerBoundaryIs><LinearRing><coordinates>-64.1563439350838,59.9579275914778 -64.1506219391277,59.9505765924073 -64.1547619364511,59.9490085927249 -64.1638129326472,59.9513555919839 -64.1687339305915,59.9548075926579 -64.1626979325878,59.9588825913739 -64.1563439350838,59.9579275914778</coordinates></LinearRing></outerBoundaryIs></Polygon><Polygon><outerBoundaryIs><LinearRing><coordinates>-61.2689573957193,55.9972869760144 -61.2618673982507,55.9999889751001 -61.2493944034694,55.9999889748272 -61.2430354066845,55.9991109748529 -61.2462364039264,55.997257975365 -61.2632513972589,55.9939099756886 -61.2689573957193,55.9972869760144</coordinates></LinearRing></outerBoundaryIs></Polygon><Polygon><outerBoundaryIs><LinearRing><coordinates>-61.1054894383337,56.5849569033809 -61.1099414375515,56.5782499045947 -61.120943432927,56.576099904817 -61.1241484310443,56.5771189044586 -61.119382432715,56.5829049045816 -61.1108574360787,56.5851409039893 -61.1054894383337,56.5849569033809</coordinates></LinearRing></outerBoundaryIs></Polygon><Polygon><outerBoundaryIs><LinearRing><coordinates>-56.873489188581,54.7330630995081 -56.8712851900983,54.7309510993347 -56.8792841866056,54.7243061004504 -56.8875391833273,54.7247471005789 -56.8880851836519,54.727960099979 -56.8842801847315,54.7312811002219 -56.873489188581,54.7330630995081</coordinates></LinearRing></outerBoundaryIs></Polygon><Polygon><outerBoundaryIs><LinearRing><coordinates>-64.2681898635824,60.2217205682628 -64.2664118656426,60.219200569154 -64.2696548635686,60.2180755687606 -64.2809528581978,60.2259055683303 -64.2753518599871,60.2297555678914 -64.2684488633493,60.2301705674448 -64.2653658653209,60.2246735679802 -64.2681898635824,60.2217205682628</coordinates></LinearRing></outerBoundaryIs></Polygon><Polygon><outerBoundaryIs><LinearRing><coordinates>-61.6142341820065,57.6016307941321 -61.6149871817203,57.5982247944716 -61.6171551809507,57.5978277951704 -61.6347221732977,57.6056337941038 -61.629808175467,57.6080067941506 -61.6185091809616,57.6058657938369 -61.6142341820065,57.6016307941321</coordinates></LinearRing></outerBoundaryIs></Polygon><Polygon><outerBoundaryIs><LinearRing><coordinates>-58.589095504283,54.9610800780904 -58.589690504162,54.9553810788767 -58.5925295039103,54.9535900788305 -58.6024525003508,54.9532520786716 -58.604385498657,54.9546440791521 -58.5993995005334,54.9612010783421 -58.589095504283,54.9610800780904</coordinates></LinearRing></outerBoundaryIs></Polygon><Polygon><outerBoundaryIs><LinearRing><coordinates>-57.1292670890464,54.5342951250102 -57.1331790876671,54.5289081264434 -57.1502120815165,54.5267991261846 -57.1513070805493,54.5279661260134 -57.1467750820767,54.5310561258102 -57.1307250894935,54.5359241251208 -57.1292670890464,54.5342951250102</coordinates></LinearRing></outerBoundaryIs></Polygon><Polygon><outerBoundaryIs><LinearRing><coordinates>-61.5769892573242,56.2926979441149 -61.5732142594512,56.289161944423 -61.5802452554595,56.2886859451285 -61.5928402507163,56.2945339446093 -61.5918732511543,56.2960969443454 -61.5874492519827,56.2950589442314 -61.5733242590322,56.2966999441682 -61.5672632610789,56.2956049443283 -61.5769892573242,56.2926979441149</coordinates></LinearRing></outerBoundaryIs></Polygon><Polygon><outerBoundaryIs><LinearRing><coordinates>-59.8402929932757,55.4246910293457 -59.83991099307,55.4205900296406 -59.8579579859168,55.4192550303768 -59.8571339866841,55.4231260300322 -59.850302988798,55.4265380292428 -59.8442909912962,55.4269800297748 -59.8402929932757,55.4246910293457</coordinates></LinearRing></outerBoundaryIs></Polygon><Polygon><outerBoundaryIs><LinearRing><coordinates>-60.2653218342287,55.0367320824893 -60.2665028342808,55.0337680826615 -60.2716428322661,55.0298810827621 -60.2775938300803,55.0287330830054 -60.2799948280611,55.0323840826201 -60.2740688297776,55.0387700819439 -60.2677218330045,55.0399210820404 -60.2653218342287,55.0367320824893</coordinates></LinearRing></outerBoundaryIs></Polygon><Polygon><outerBoundaryIs><LinearRing><coordinates>-61.4163313220425,56.3008879408305 -61.4178083221237,56.2984239417381 -61.4276113174568,56.294842942013 -61.4333253164124,56.2952459422862 -61.4394793123171,56.2995389416913 -61.4367783140362,56.3019719416555 -61.4314013166345,56.3022649410115 -61.4258463181346,56.3002669411363 -61.4163313220425,56.3008879408305</coordinates></LinearRing></outerBoundaryIs></Polygon><Polygon><outerBoundaryIs><LinearRing><coordinates>-61.2023304175857,56.1184969598281 -61.204343416898,56.1149109601378 -61.2122064136046,56.1140269612093 -61.2155454120455,56.1173289605315 -61.2080754141207,56.126221959536 -61.2040694161558,56.1254059592683 -61.2023304175857,56.1184969598281</coordinates></LinearRing></outerBoundaryIs></Polygon><Polygon><outerBoundaryIs><LinearRing><coordinates>-61.5458272144661,57.5176468027571 -61.5466792151051,57.5133328029674 -61.550204212889,57.5120588030856 -61.5588822100406,57.514591803264 -61.5550222107002,57.5236208022302 -61.5506222120725,57.5250968021271 -61.5458272144661,57.5176468027571</coordinates></LinearRing></outerBoundaryIs></Polygon><Polygon><outerBoundaryIs><LinearRing><coordinates>-59.640399073866,55.370339034465 -59.6408280753321,55.3678320346285 -59.6440460726912,55.3662500348817 -59.6492420713508,55.3669510349049 -59.6528070697187,55.3708380347316 -59.6527770697247,55.3735730344406 -59.6443170729411,55.3787890336507 -59.6403500754391,55.3751260337926 -59.6435890737488,55.3719450346194 -59.640399073866,55.370339034465</coordinates></LinearRing></outerBoundaryIs></Polygon><Polygon><outerBoundaryIs><LinearRing><coordinates>-61.0401074723522,56.3881109258972 -61.0423204719668,56.3829349267284 -61.0479534701468,56.3803819275543 -61.0515764684751,56.3811919269877 -61.055372466981,56.3879439263144 -61.0500484687476,56.3914189263247 -61.0401074723522,56.3881109258972</coordinates></LinearRing></outerBoundaryIs></Polygon><Polygon><outerBoundaryIs><LinearRing><coordinates>-59.8072260140635,55.1300360654682 -59.8084320139721,55.1282120656164 -59.8152200118327,55.1243520668787 -59.8227870082845,55.1234560669462 -59.8247700074264,55.1248290664252 -59.8203610095172,55.1300630659536 -59.8115750128184,55.1346060657727 -59.8072260140635,55.1300360654682</coordinates></LinearRing></outerBoundaryIs></Polygon><Polygon><outerBoundaryIs><LinearRing><coordinates>-61.044813462535,56.6092108999285 -61.0304154687312,56.6043859005345 -61.0347494670809,56.6027029008712 -61.0485054616238,56.6020239011544 -61.0556394586715,56.6050079007032 -61.0542034589629,56.6067849005383 -61.044813462535,56.6092108999285</coordinates></LinearRing></outerBoundaryIs></Polygon><Polygon><outerBoundaryIs><LinearRing><coordinates>-60.4243887502018,55.6529050077974 -60.4038087580234,55.650673007467 -60.4174557532758,55.644031008456 -60.4203037521681,55.6469880084238 -60.4279697496738,55.6481070080356 -60.4243887502018,55.6529050077974</coordinates></LinearRing></outerBoundaryIs></Polygon><Polygon><outerBoundaryIs><LinearRing><coordinates>-57.2178240541468,54.5548631227412 -57.2187470537233,54.5528301233743 -57.2309070482667,54.5531091235407 -57.2338020480738,54.5568281225317 -57.2299950498579,54.5608561219709 -57.2215570525277,54.5636221223551 -57.221913052333,54.5583801228966 -57.2178240541468,54.5548631227412</coordinates></LinearRing></outerBoundaryIs></Polygon><Polygon><outerBoundaryIs><LinearRing><coordinates>-60.9507785205571,56.103157958781 -60.9436435245219,56.0974309595898 -60.9458575223504,56.0959049593995 -60.9565045180041,56.0994759589125 -60.961085517012,56.0987249596183 -60.962996515784,56.0999309591173 -60.9622865161537,56.1026449588982 -60.9535355193401,56.1078189588593 -60.9494065210454,56.108134957825 -60.9507785205571,56.103157958781</coordinates></LinearRing></outerBoundaryIs></Polygon><Polygon><outerBoundaryIs><LinearRing><coordinates>-59.916244963279,55.3721580365007 -59.9206689617818,55.3664620377477 -59.9294779583884,55.3657910380687 -59.9390979550298,55.361244037908 -59.942698953862,55.3621600380612 -59.9378799548214,55.3669400374317 -59.9314629581921,55.3703540373258 -59.9278689601184,55.3689810371828 -59.9174409632396,55.3735280361408 -59.916244963279,55.3721580365007</coordinates></LinearRing></outerBoundaryIs></Polygon><Polygon><outerBoundaryIs><LinearRing><coordinates>-61.5615102494664,56.6249779052625 -61.5412922565821,56.6239279051365 -61.5489332539392,56.6177519053539 -61.552723253071,56.6171799061892 -61.5578342506769,56.6200719050537 -61.5663632471292,56.6219219057213 -61.5682312455249,56.6240309053098 -61.5615102494664,56.6249779052625</coordinates></LinearRing></outerBoundaryIs></Polygon><Polygon><outerBoundaryIs><LinearRing><coordinates>-59.9339469582653,55.3436810404147 -59.9323659582776,55.3379780411808 -59.9463679527889,55.3379970418597 -59.9467569529886,55.3423270407112 -59.9319289576087,55.3491470393653 -59.9275309594966,55.3484620396942 -59.9339469582653,55.3436810404147</coordinates></LinearRing></outerBoundaryIs></Polygon><Polygon><outerBoundaryIs><LinearRing><coordinates>-64.314529847202,60.1831695732546 -64.313829848158,60.1733475739778 -64.3229598429146,60.1752245743183 -64.3208308427584,60.188457572843 -64.314346846048,60.1911655724096 -64.3107458472669,60.1881715725828 -64.314529847202,60.1831695732546</coordinates></LinearRing></outerBoundaryIs></Polygon><Polygon><outerBoundaryIs><LinearRing><coordinates>-61.2458413989135,56.1607859554911 -61.2446863984784,56.1481899571989 -61.2507103964602,56.1492969568352 -61.2518973958789,56.153670956593 -61.2556993942203,56.1565329567017 -61.2528143956764,56.1646659554249 -61.2475533976376,56.164038955262 -61.2458413989135,56.1607859554911</coordinates></LinearRing></outerBoundaryIs></Polygon><Polygon><outerBoundaryIs><LinearRing><coordinates>-57.1261110937154,54.1557251746607 -57.1212000955884,54.153557175017 -57.1337970913584,54.1458591752695 -57.1465220854275,54.1475381756975 -57.1300280922156,54.1553661744014 -57.1261110937154,54.1557251746607</coordinates></LinearRing></outerBoundaryIs></Polygon><Polygon><outerBoundaryIs><LinearRing><coordinates>-60.9795554958495,56.4248929208648 -60.9768534976936,56.4232029210396 -60.9851364948416,56.4154909223657 -60.9982354899377,56.4163889220795 -61.0016604870678,56.419021922309 -60.9988424878014,56.422126921644 -60.9938354899149,56.4226419212655 -60.9878944932664,56.42037992177 -60.9845574943057,56.4207199217844 -60.9842534941549,56.4234549210798 -60.9795554958495,56.4248929208648</coordinates></LinearRing></outerBoundaryIs></Polygon><Polygon><outerBoundaryIs><LinearRing><coordinates>-60.0627839016909,55.4598170276747 -60.0631859021618,55.457310027473 -60.075219897252,55.4497870290617 -60.0808348946369,55.4502460284169 -60.0836488930281,55.4532090284649 -60.082442894467,55.456856028223 -60.0627839016909,55.4598170276747</coordinates></LinearRing></outerBoundaryIs></Polygon><Polygon><outerBoundaryIs><LinearRing><coordinates>-60.9000875271546,56.4598469157255 -60.8880325328487,56.4569099165459 -60.8971615286483,56.4492299169688 -60.9034375267818,56.4485359169064 -60.9061345251756,56.450230917237 -60.9026365273036,56.4592489158736 -60.9000875271546,56.4598469157255</coordinates></LinearRing></outerBoundaryIs></Polygon><Polygon><outerBoundaryIs><LinearRing><coordinates>-61.1290234296116,56.5548899071812 -61.1294394292809,56.5510179079795 -61.1352404278538,56.5470969083459 -61.147278422036,56.5468069086426 -61.1529754199673,56.5476799090935 -61.1519064202216,56.5499319087061 -61.1407684253921,56.5534489083783 -61.1290234296116,56.5548899071812</coordinates></LinearRing></outerBoundaryIs></Polygon><Polygon><outerBoundaryIs><LinearRing><coordinates>-64.4332527815084,60.3374665607149 -64.4356007803245,60.3349615610426 -64.4393177788786,60.3333855614609 -64.4499287738883,60.3329745613649 -64.4590677695043,60.3373525615584 -64.4484107725965,60.3402745610179 -64.4373317787975,60.3411405602586 -64.4332527815084,60.3374665607149</coordinates></LinearRing></outerBoundaryIs></Polygon><Polygon><outerBoundaryIs><LinearRing><coordinates>-61.3746373283165,56.5659139091996 -61.3753453282267,56.5629699101148 -61.3870603231437,56.5617299096511 -61.3891713222007,56.5572249107978 -61.3962313204268,56.5569809105295 -61.3988943189121,56.5634609098703 -61.3953663203003,56.5656399093517 -61.3911253214418,56.566650909814 -61.3887843232041,56.5652079094856 -61.3746373283165,56.5659139091996</coordinates></LinearRing></outerBoundaryIs></Polygon><Polygon><outerBoundaryIs><LinearRing><coordinates>-60.4046957735999,55.1778610654714 -60.4066387731362,55.1714710669527 -60.4154077702103,55.1721300671198 -60.4174337694557,55.1760030664451 -60.416685768485,55.181706065101 -60.4119147711394,55.1830870651075 -60.4063277730921,55.1824150649216 -60.4046957735999,55.1778610654714</coordinates></LinearRing></outerBoundaryIs></Polygon><Polygon><outerBoundaryIs><LinearRing><coordinates>-60.0402979104576,55.4983330220261 -60.0447169087993,55.4926350229062 -60.0487329060781,55.4921800231926 -60.0583739024883,55.4992490219377 -60.0567619036871,55.5019840220843 -60.0499339055621,55.5026710220005 -60.0427039087013,55.5012970215413 -60.0402979104576,55.4983330220261</coordinates></LinearRing></outerBoundaryIs></Polygon><Polygon><outerBoundaryIs><LinearRing><coordinates>-61.9384250390833,57.7327697843369 -61.9364320401321,57.7311177842054 -61.9432140378038,57.7269477851605 -61.9509660350486,57.726230785504 -61.9595480297411,57.7307857847296 -61.9591690304105,57.7351157843465 -61.9384250390833,57.7327697843369</coordinates></LinearRing></outerBoundaryIs></Polygon><Polygon><outerBoundaryIs><LinearRing><coordinates>-60.879709547636,56.1529799520364 -60.8796375477827,56.1500019521989 -60.8879805447632,56.1450419532188 -60.8933075431131,56.1450049529774 -60.9030165380829,56.1460309533882 -60.9056415370395,56.148178953097 -60.9038335370152,56.1497159527694 -60.879709547636,56.1529799520364</coordinates></LinearRing></outerBoundaryIs></Polygon><Polygon><outerBoundaryIs><LinearRing><coordinates>-60.8542865586492,56.1244319548044 -60.8557995591698,56.1183159562769 -60.8628025562601,56.1178819558447 -60.8659355553467,56.1191379557822 -60.868142553597,56.1249239549742 -60.8672455530986,56.1292349547242 -60.8622765549958,56.1297409548878 -60.8548405595523,56.1267349546813 -60.8542865586492,56.1244319548044</coordinates></LinearRing></outerBoundaryIs></Polygon><Polygon><outerBoundaryIs><LinearRing><coordinates>-56.9065741777664,54.4657711336128 -56.9035761794213,54.4638671337023 -56.9098561759521,54.4585461342823 -56.9149981754869,54.4579891345611 -56.921485171937,54.4602131349329 -56.9220921707275,54.4627381341066 -56.9269941691664,54.4653781339675 -56.9257561695842,54.4662591339328 -56.9065741777664,54.4657711336128</coordinates></LinearRing></outerBoundaryIs></Polygon><Polygon><outerBoundaryIs><LinearRing><coordinates>-59.3184382066717,55.262082045639 -59.3153062072154,55.2586440458523 -59.3246392038887,55.2504920462717 -59.3286212022998,55.2509690462513 -59.3336972004116,55.2573900453779 -59.3272462030123,55.2609940458327 -59.3184382066717,55.262082045639</coordinates></LinearRing></outerBoundaryIs></Polygon><Polygon><outerBoundaryIs><LinearRing><coordinates>-59.9599239463222,55.3578460385955 -59.9635329458325,55.3535200395478 -59.9683379433999,55.3530690397932 -59.9699329423423,55.3555790396432 -59.9683219429848,55.3601350388246 -59.9594899462408,55.3694730378539 -59.9550829480106,55.3706100367679 -59.9514869503648,55.3685530373134 -59.9587059466784,55.364231037708 -59.9599239463222,55.3578460385955</coordinates></LinearRing></outerBoundaryIs></Polygon><Polygon><outerBoundaryIs><LinearRing><coordinates>-57.1557430796088,54.4634361343629 -57.1578750788853,54.4609761346574 -57.1637920759765,54.4604261352229 -57.1711050725035,54.4624261348098 -57.1837100685092,54.4615831346995 -57.1877210668464,54.4660111343747 -57.1598970787178,54.4658211342414 -57.1557430796088,54.4634361343629</coordinates></LinearRing></outerBoundaryIs></Polygon><Polygon><outerBoundaryIs><LinearRing><coordinates>-60.5930136752146,55.8492399848808 -60.5945956741537,55.8465009858002 -60.5978116739699,55.8446659858804 -60.6054976699843,55.843952986276 -60.6099726688066,55.8452979862057 -60.6112236681,55.8480299853206 -60.5983686731344,55.8560559851091 -60.5930136752146,55.8492399848808</coordinates></LinearRing></outerBoundaryIs></Polygon><Polygon><outerBoundaryIs><LinearRing><coordinates>-60.3877957595817,55.8172909867696 -60.3812707618596,55.8102419880664 -60.3832777613055,55.8084139875568 -60.3950117575242,55.8081599881022 -60.4011447546808,55.8158949875091 -60.3987327546105,55.8179479867435 -60.3877957595817,55.8172909867696</coordinates></LinearRing></outerBoundaryIs></Polygon><Polygon><outerBoundaryIs><LinearRing><coordinates>-60.2817928091071,55.5984930125527 -60.2877948075682,55.5916440133438 -60.2934258054972,55.5905010135323 -60.3002428034236,55.586613014125 -60.3026608010717,55.5870640138962 -60.3042908013939,55.5902530135125 -60.2986818025639,55.5952770128087 -60.2862318075178,55.5998540126556 -60.2817928091071,55.5984930125527</coordinates></LinearRing></outerBoundaryIs></Polygon><Polygon><outerBoundaryIs><LinearRing><coordinates>-61.308879311722,57.5677757935933 -61.3083043124036,57.5611267949766 -61.3115603121684,57.5584827951371 -61.3243593054766,57.5581897956585 -61.3286703042824,57.5617487947378 -61.3226983063589,57.5659107944629 -61.308879311722,57.5677757935933</coordinates></LinearRing></outerBoundaryIs></Polygon><Polygon><outerBoundaryIs><LinearRing><coordinates>-64.3787928094969,60.2949525636996 -64.3765958106577,60.2899205639886 -64.3836648071662,60.2845495652966 -64.3873458059747,60.2817535646969 -64.3955398018282,60.2863575646979 -64.389474803867,60.2904355645586 -64.3912338020926,60.2942545643052 -64.3856658052175,60.2965895636887 -64.3787928094969,60.2949525636996</coordinates></LinearRing></outerBoundaryIs></Polygon><Polygon><outerBoundaryIs><LinearRing><coordinates>-60.2751948089868,55.7233889972286 -60.2775978077841,55.7195139981125 -60.2832398049374,55.7172279983415 -60.2905068026373,55.717670997833 -60.2929448016283,55.7201699975458 -60.2881538029643,55.7297529963915 -60.2751948089868,55.7233889972286</coordinates></LinearRing></outerBoundaryIs></Polygon><Polygon><outerBoundaryIs><LinearRing><coordinates>-60.3001157987333,55.7035249998016 -60.3081397960213,55.6950840007189 -60.3149987929022,55.6948430011357 -60.3142517927404,55.7046439996456 -60.311045793565,55.7085219991736 -60.3037717974843,55.7069389992228 -60.3001157987333,55.7035249998016</coordinates></LinearRing></outerBoundaryIs></Polygon><Polygon><outerBoundaryIs><LinearRing><coordinates>-60.0082399243613,55.4445190285923 -60.0150619217553,55.4374550299332 -60.0206789205181,55.4374590295835 -60.0246849180521,55.4442980288878 -60.0210689196625,55.450680028284 -60.0110429233345,55.4472550288561 -60.0082399243613,55.4445190285923</coordinates></LinearRing></outerBoundaryIs></Polygon><Polygon><outerBoundaryIs><LinearRing><coordinates>-59.6570540676597,55.3460010377937 -59.6538840702682,55.3427980377569 -59.6579160683092,55.3393940389153 -59.6715130629951,55.3403510385833 -59.6766830607718,55.3433300385944 -59.672636062537,55.3481060379745 -59.6698260636079,55.3492360372916 -59.665450065841,55.3467140377529 -59.6570540676597,55.3460010377937</coordinates></LinearRing></outerBoundaryIs></Polygon><Polygon><outerBoundaryIs><LinearRing><coordinates>-60.7060046152453,56.2540939382511 -60.7074476143913,56.2523199386636 -60.727236606318,56.2516789381849 -60.73529360348,56.256538938062 -60.7357656025496,56.2595259381558 -60.7186936098328,56.2579879375113 -60.7060046152453,56.2540939382511</coordinates></LinearRing></outerBoundaryIs></Polygon><Polygon><outerBoundaryIs><LinearRing><coordinates>-63.5233632599297,59.3602146390106 -63.5239972598043,59.3561056385622 -63.5313632573893,59.3516306397393 -63.5352962561681,59.3537366393056 -63.5464482505523,59.3545486398419 -63.5303202572282,59.3648646381404 -63.5263102588638,59.3643616383178 -63.5233632599297,59.3602146390106</coordinates></LinearRing></outerBoundaryIs></Polygon><Polygon><outerBoundaryIs><LinearRing><coordinates>-59.6818800692313,54.9508830867426 -59.68587906766,54.9467890872471 -59.7049630604441,54.9397780885436 -59.7073190596923,54.9420670882667 -59.6993150621943,54.9509360877269 -59.6945560640114,54.9513790874947 -59.6925960653169,54.9493180872427 -59.683054068914,54.952256086863 -59.6818800692313,54.9508830867426</coordinates></LinearRing></outerBoundaryIs></Polygon><Polygon><outerBoundaryIs><LinearRing><coordinates>-58.1911776738402,54.2643441642891 -58.1928476740242,54.2618601645167 -58.197975670998,54.2605671649352 -58.2028826691263,54.2642941645366 -58.2140496647414,54.267662164544 -58.2116196663221,54.2696811635017 -58.2037646692139,54.2709311635617 -58.200076671144,54.2749821628862 -58.1970376716555,54.2731101629765 -58.198313671407,54.2706181634134 -58.1911776738402,54.2643441642891</coordinates></LinearRing></outerBoundaryIs></Polygon><Polygon><outerBoundaryIs><LinearRing><coordinates>-59.814166001528,55.5035100195283 -59.8169929994672,55.5005540201805 -59.8370819920902,55.4990040207345 -59.84028899014,55.4999170203107 -59.8402759906634,55.5022020200703 -59.8286049950426,55.5069620193419 -59.8177610001024,55.5067110190421 -59.814166001528,55.5035100195283</coordinates></LinearRing></outerBoundaryIs></Polygon><Polygon><outerBoundaryIs><LinearRing><coordinates>-59.8813549744524,55.4771970234222 -59.8773519771532,55.4742280237295 -59.8862179725905,55.4667200249334 -59.8934439705835,55.4655880250712 -59.8946339690956,55.4690140248403 -59.8873939714587,55.4731030240509 -59.8885879717971,55.4753850232754 -59.8970059679955,55.4781350230533 -59.8945789694434,55.4820060231475 -59.8813549744524,55.4771970234222</coordinates></LinearRing></outerBoundaryIs></Polygon><Polygon><outerBoundaryIs><LinearRing><coordinates>-59.5635191051713,55.3711820334111 -59.5655761046874,55.3668600346441 -59.5715871019869,55.3662000348006 -59.5752591013688,55.3600580356852 -59.5804720993942,55.3593990352411 -59.5848580976686,55.3607840354677 -59.5852000962268,55.3660290343747 -59.5795470986675,55.370110034001 -59.5635191051713,55.3711820334111</coordinates></LinearRing></outerBoundaryIs></Polygon><Polygon><outerBoundaryIs><LinearRing><coordinates>-61.4208592706322,57.4509168084698 -61.416268272983,57.4459798093899 -61.4194162711784,57.4442448090636 -61.429008266936,57.4458998089152 -61.4325482653274,57.4569778085261 -61.4271012661959,57.4604718078417 -61.4228002693132,57.4610288071655 -61.4208592706322,57.4509168084698</coordinates></LinearRing></outerBoundaryIs></Polygon><Polygon><outerBoundaryIs><LinearRing><coordinates>-61.330929358193,56.2632909444536 -61.3285873609182,56.2620819444264 -61.340194355615,56.2569619451789 -61.349631351444,56.2570269459621 -61.358112348663,56.2543259463987 -61.3650913448541,56.2543229461795 -61.3621823464918,56.2587929459872 -61.342939353224,56.2623029449459 -61.330929358193,56.2632909444536</coordinates></LinearRing></outerBoundaryIs></Polygon><Polygon><outerBoundaryIs><LinearRing><coordinates>-60.8278865636536,56.2873009357136 -60.8283615634801,56.2832029355588 -60.8476025556339,56.2838869356098 -60.8535795531369,56.2891319357155 -60.8516555539499,56.2915729356281 -60.8424365569116,56.2930719351713 -60.8433935574554,56.2883069360272 -60.8313145618946,56.2897039349655 -60.8278865636536,56.2873009357136</coordinates></LinearRing></outerBoundaryIs></Polygon><Polygon><outerBoundaryIs><LinearRing><coordinates>-59.1828462616673,55.2347340472509 -59.1742122649857,55.22782904862 -59.1835172616098,55.2217410487768 -59.1942362568847,55.2243270487921 -59.1880642593904,55.2331750476047 -59.1828462616673,55.2347340472509</coordinates></LinearRing></outerBoundaryIs></Polygon><Polygon><outerBoundaryIs><LinearRing><coordinates>-56.9298521687319,54.485092131263 -56.928245169194,54.4802561319881 -56.939205165248,54.4752771329519 -56.9458291618199,54.4759031326773 -56.9499181604477,54.4789781319091 -56.9485601606229,54.4814541320504 -56.9388931651138,54.4848641313468 -56.9298521687319,54.485092131263</coordinates></LinearRing></outerBoundaryIs></Polygon><Polygon><outerBoundaryIs><LinearRing><coordinates>-60.1848358526971,55.4857710257425 -60.1884338508396,55.4800730260263 -60.1944768484719,55.4875870255801 -60.203322844913,55.491456025381 -60.203337845393,55.4946480243201 -60.1965208470728,55.4987560240391 -60.1904998500453,55.49921802419 -60.1888888507243,55.4976240238491 -60.1948958482231,55.49237402505 -60.1884618512334,55.489647024742 -60.1848358526971,55.4857710257425</coordinates></LinearRing></outerBoundaryIs></Polygon><Polygon><outerBoundaryIs><LinearRing><coordinates>-60.0407039105341,55.4864770243308 -60.040704910775,55.4832880245074 -60.0479339075061,55.4798700243776 -60.0559609039883,55.4789630252689 -60.0619829012143,55.480103025039 -60.0651939003309,55.4830670247558 -60.0611839017966,55.4869420238413 -60.0407039105341,55.4864770243308</coordinates></LinearRing></outerBoundaryIs></Polygon><Polygon><outerBoundaryIs><LinearRing><coordinates>-61.2855443613814,56.6629688965908 -61.2889683592991,56.6539388981805 -61.2978533562801,56.6482768982321 -61.3020613551482,56.6477248989587 -61.3021843533855,56.65458289812 -61.2939163565819,56.6623198970207 -61.2870123605269,56.6648408969373 -61.2855443613814,56.6629688965908</coordinates></LinearRing></outerBoundaryIs></Polygon><Polygon><outerBoundaryIs><LinearRing><coordinates>-60.3494757957821,55.2023860624771 -60.3629127907851,55.1863940644413 -60.3669007880553,55.1863870643077 -60.3685107874929,55.1886600639789 -60.3618197906297,55.200303062311 -60.3510877951226,55.2051200618815 -60.3494757957821,55.2023860624771</coordinates></LinearRing></outerBoundaryIs></Polygon><Polygon><outerBoundaryIs><LinearRing><coordinates>-61.7341051906014,56.3501749397005 -61.7350101893269,56.3492859396908 -61.7484291841511,56.3510319391806 -61.7597371807372,56.3488319401777 -61.7637191779161,56.3503159396919 -61.7622441790029,56.353011939543 -61.7493581840686,56.3590469384831 -61.7437121856745,56.3577499390799 -61.7423971870932,56.354056939139 -61.7341051906014,56.3501749397005</coordinates></LinearRing></outerBoundaryIs></Polygon><Polygon><outerBoundaryIs><LinearRing><coordinates>-60.2782468085625,55.6892080016237 -60.2794438077919,55.6869250013274 -60.2854828058556,55.6841780021478 -60.2963678014405,55.6830260025268 -60.3004107993356,55.6846120021544 -60.2871698049395,55.698079000258 -60.2859328051064,55.6928370016044 -60.2782468085625,55.6892080016237</coordinates></LinearRing></outerBoundaryIs></Polygon><Polygon><outerBoundaryIs><LinearRing><coordinates>-60.159227862174,55.5222580204456 -60.1560048632565,55.5181620208246 -60.1600138606865,55.5147370213735 -60.1684518569401,55.5154150217142 -60.1716708568322,55.517693021723 -60.1684658585595,55.5217980205475 -60.1684848572468,55.5288660195138 -60.1588418609285,55.5281870202269 -60.1556188633831,55.5254560199449 -60.159227862174,55.5222580204456</coordinates></LinearRing></outerBoundaryIs></Polygon><Polygon><outerBoundaryIs><LinearRing><coordinates>-64.2103448988465,60.111743577246 -64.2095569000868,60.1067195782905 -64.2173468968795,60.106311578818 -64.2223138938339,60.1090845783689 -64.2278298909969,60.1084315787341 -64.2296138909092,60.1102715780661 -64.2281738904216,60.1130025782691 -64.2207558932631,60.1163835778097 -64.2205978939016,60.1230045774158 -64.2160428962123,60.1218335769533 -64.2103448988465,60.111743577246</coordinates></LinearRing></outerBoundaryIs></Polygon><Polygon><outerBoundaryIs><LinearRing><coordinates>-60.6222066597857,55.9694179714289 -60.6321706561958,55.955937973189 -60.6415486515275,55.9584009730749 -60.6299576562578,55.9718889707993 -60.622267659281,55.9739719701645 -60.6222066597857,55.9694179714289</coordinates></LinearRing></outerBoundaryIs></Polygon><Polygon><outerBoundaryIs><LinearRing><coordinates>-60.3293518016968,55.2357140581594 -60.3297218026661,55.2313820582136 -60.3378427989767,55.2271190593717 -60.3432407976148,55.2242860595885 -60.3480757942136,55.2306600585573 -60.3429287964324,55.236829058264 -60.334153799521,55.2379850573398 -60.3293518016968,55.2357140581594</coordinates></LinearRing></outerBoundaryIs></Polygon><Polygon><outerBoundaryIs><LinearRing><coordinates>-58.1808696666987,54.9738120740961 -58.1774476677769,54.9705660742207 -58.1810866671626,54.9690260743015 -58.1973066598452,54.969951074264 -58.1946636608801,54.9758460735487 -58.1898826638569,54.9762310733501 -58.1852986650855,54.9811830726189 -58.1805116674238,54.9817920727858 -58.177788668608,54.980611073247 -58.1808696666987,54.9738120740961</coordinates></LinearRing></outerBoundaryIs></Polygon><Polygon><outerBoundaryIs><LinearRing><coordinates>-60.9175085137652,56.6421208950738 -60.910506516343,56.6416508951383 -60.932959506892,56.633968895616 -60.9447705025963,56.6359798962359 -60.9486715003046,56.6381678955042 -60.946247501536,56.6412848947382 -60.9374345049154,56.6421248949209 -60.9285945092535,56.6395308955905 -60.9175085137652,56.6421208950738</coordinates></LinearRing></outerBoundaryIs></Polygon><Polygon><outerBoundaryIs><LinearRing><coordinates>-57.190270066808,54.4400331375124 -57.1738650724211,54.4391941379793 -57.1976830629291,54.4347311380801 -57.2014850612722,54.4364131385004 -57.2132540569587,54.4362291386372 -57.2147100568901,54.4378621378115 -57.2118490577882,54.4396171373892 -57.1936030648967,54.4428521373517 -57.190270066808,54.4400331375124</coordinates></LinearRing></outerBoundaryIs></Polygon><Polygon><outerBoundaryIs><LinearRing><coordinates>-57.8300558093278,54.7454991012589 -57.8285868099695,54.7434121009865 -57.8345988082463,54.7416961012758 -57.8499008026637,54.7433401013543 -57.858393798992,54.7469141010609 -57.852992800521,54.7520681007538 -57.8486338025348,54.7524501003107 -57.8433488043759,54.7477881010155 -57.8300558093278,54.7454991012589</coordinates></LinearRing></outerBoundaryIs></Polygon><Polygon><outerBoundaryIs><LinearRing><coordinates>-58.7880434217991,55.1336800573798 -58.7893494216955,55.1300470578822 -58.8052824142552,55.1297540580245 -58.80957041333,55.1327670578701 -58.800679416526,55.1372310571396 -58.7989314170934,55.1422350560251 -58.7945654186655,55.1417320564467 -58.7880434217991,55.1336800573798</coordinates></LinearRing></outerBoundaryIs></Polygon><Polygon><outerBoundaryIs><LinearRing><coordinates>-61.3458153148432,57.1481138421067 -61.3331753216301,57.1360708428699 -61.3345523206832,57.1349688429106 -61.3465473142492,57.1369358432882 -61.3545103119592,57.1412938427415 -61.3565803104194,57.145698841882 -61.3524573119514,57.1490018413229 -61.3458153148432,57.1481138421067</coordinates></LinearRing></outerBoundaryIs></Polygon><Polygon><outerBoundaryIs><LinearRing><coordinates>-60.9840684867833,56.6370918958847 -60.9803574885517,56.629425897224 -61.0052854786269,56.6291308971542 -61.0071244773771,56.6312488970481 -61.0000304799244,56.6353498968498 -60.9926984833679,56.637843896009 -60.9840684867833,56.6370918958847</coordinates></LinearRing></outerBoundaryIs></Polygon><Polygon><outerBoundaryIs><LinearRing><coordinates>-58.8379824066936,54.8974120869357 -58.8458194046745,54.8865360886032 -58.8578223991963,54.8820930889814 -58.8584813994321,54.8866620889093 -58.844647404693,54.8997580871737 -58.8379824066936,54.8974120869357</coordinates></LinearRing></outerBoundaryIs></Polygon><Polygon><outerBoundaryIs><LinearRing><coordinates>-61.4626012983111,56.4164809279936 -61.4635332977075,56.4153669283111 -61.4693092965202,56.4153179283866 -61.4725422944542,56.411762928552 -61.4820202909029,56.4118199285788 -61.4913122867484,56.4180339282749 -61.4798332906961,56.4215739278722 -61.4705112952509,56.4199229273406 -61.4626012983111,56.4164809279936</coordinates></LinearRing></outerBoundaryIs></Polygon><Polygon><outerBoundaryIs><LinearRing><coordinates>-57.7831598286962,54.7225011033018 -57.7846158276346,54.7175031044721 -57.7874478276404,54.7161871044971 -57.7995608227557,54.718236104206 -57.8006328225158,54.7203071040115 -57.7992448228209,54.7241631036074 -57.7920288246211,54.7263151031909 -57.7909928257499,54.7308621029698 -57.7873958259708,54.7317081026237 -57.7831598286962,54.7225011033018</coordinates></LinearRing></outerBoundaryIs></Polygon><Polygon><outerBoundaryIs><LinearRing><coordinates>-61.4050103294986,56.2409399485964 -61.4064613289916,56.2387009484599 -61.4122063264814,56.2345389488488 -61.4167963260265,56.2337679492173 -61.4349853169046,56.2407199482418 -61.4318533193393,56.243366948085 -61.4233483217498,56.2421879483876 -61.4068723289754,56.2428249480477 -61.4050103294986,56.2409399485964</coordinates></LinearRing></outerBoundaryIs></Polygon><Polygon><outerBoundaryIs><LinearRing><coordinates>-57.8029948262484,54.2943271589043 -57.8043928258738,54.2900171594939 -57.8094968234129,54.2894261588268 -57.8252788175657,54.3011321576983 -57.822817818043,54.3033721572647 -57.8162128199556,54.3027921577657 -57.8054808249298,54.2989441576201 -57.8029948262484,54.2943271589043</coordinates></LinearRing></outerBoundaryIs></Polygon><Polygon><outerBoundaryIs><LinearRing><coordinates>-64.2377548861095,60.1142045784031 -64.2401048854308,60.1119345783066 -64.2501378820032,60.1133685787494 -64.2591948771657,60.1177635783222 -64.2586058767279,60.1230125774347 -64.2511898807062,60.1266215770508 -64.2461718815996,60.1261335773567 -64.2377548861095,60.1142045784031</coordinates></LinearRing></outerBoundaryIs></Polygon><Polygon><outerBoundaryIs><LinearRing><coordinates>-60.9929144919102,56.4123309227729 -60.985818495181,56.4093439228174 -61.007676484848,56.4018639241901 -61.0158794814856,56.4060279237263 -61.0056234860495,56.412994923236 -60.9929144919102,56.4123309227729</coordinates></LinearRing></outerBoundaryIs></Polygon><Polygon><outerBoundaryIs><LinearRing><coordinates>-60.8948975185183,56.7457848828875 -60.8943555188155,56.7395928827931 -60.8996375174055,56.7406928827853 -60.9072555133549,56.7468978828279 -60.9066845140481,56.74824988245 -60.9029535152833,56.748119882818 -60.9005145154171,56.7512398820464 -60.9040395144674,56.756844881172 -60.896105517802,56.7606808812208 -60.8914665193423,56.757548881488 -60.8939035192924,56.7544368811454 -60.8910325205263,56.7504518816312 -60.8948975185183,56.7457848828875</coordinates></LinearRing></outerBoundaryIs></Polygon><Polygon><outerBoundaryIs><LinearRing><coordinates>-61.7779261081919,57.6883807870886 -61.7789451085274,57.6865807873511 -61.7887441040118,57.6868407875715 -61.8038260980651,57.6899837876962 -61.8061120963793,57.6930117870645 -61.8037330972998,57.6956947868774 -61.7903361043309,57.6973957860653 -61.7779261081919,57.6883807870886</coordinates></LinearRing></outerBoundaryIs></Polygon><Polygon><outerBoundaryIs><LinearRing><coordinates>-60.2619418265224,55.3254290464252 -60.2670928246881,55.3153880472393 -60.2822688195652,55.3114930478494 -60.2850788177234,55.3144530480376 -60.2822978180574,55.3176500473004 -60.2627628258096,55.3290760450002 -60.2619418265224,55.3254290464252</coordinates></LinearRing></outerBoundaryIs></Polygon><Polygon><outerBoundaryIs><LinearRing><coordinates>-61.180217416676,56.3413739332774 -61.1783574183809,56.3394859335383 -61.1847034154968,56.3378649335168 -61.1897144143066,56.3332299341869 -61.2046424081264,56.3282329353367 -61.2068624076975,56.3305939351218 -61.1971034101612,56.3412409336186 -61.1924724120465,56.3422279328971 -61.180217416676,56.3413739332774</coordinates></LinearRing></outerBoundaryIs></Polygon><Polygon><outerBoundaryIs><LinearRing><coordinates>-61.2350533768637,56.7605288849625 -61.2315593783538,56.7581328850397 -61.2343073783225,56.7557078853026 -61.2426533737843,56.7555168857326 -61.2497473719285,56.7513968861533 -61.2635283654313,56.7589188857068 -61.2472143717672,56.7636578845033 -61.2446433743806,56.7603768848375 -61.2350533768637,56.7605288849625</coordinates></LinearRing></outerBoundaryIs></Polygon><Polygon><outerBoundaryIs><LinearRing><coordinates>-61.3475723380172,56.6082539037638 -61.3456183377841,56.6070489043225 -61.3592353333592,56.5994759051008 -61.3717453274337,56.5987209055801 -61.3765203251354,56.6006919055923 -61.3761493260591,56.6043399044973 -61.3654763300812,56.607436904773 -61.3475723380172,56.6082539037638</coordinates></LinearRing></outerBoundaryIs></Polygon><Polygon><outerBoundaryIs><LinearRing><coordinates>-60.5925936817281,55.6610190080893 -60.5969616804471,55.6559870085477 -60.6037776778165,55.6529970088253 -60.6122356749744,55.6525080093108 -60.6150986736337,55.6556860093878 -60.6143366733232,55.6588800084719 -60.6031256776091,55.6648560073607 -60.5962706807573,55.664880007452 -60.5925936817281,55.6610190080893</coordinates></LinearRing></outerBoundaryIs></Polygon><Polygon><outerBoundaryIs><LinearRing><coordinates>-59.7848710153915,55.4391640270551 -59.7864900132722,55.4371160277366 -59.794542011223,55.4318890280816 -59.799354009467,55.4323590281996 -59.8073900060331,55.4291810291721 -59.8145660026102,55.4362610274453 -59.8129500032897,55.438770027228 -59.806522006593,55.440130027179 -59.8045380060862,55.4366990276841 -59.8017350073704,55.4362380276442 -59.7884630130908,55.4423600269875 -59.7848710153915,55.4391640270551</coordinates></LinearRing></outerBoundaryIs></Polygon><Polygon><outerBoundaryIs><LinearRing><coordinates>-59.6773340624779,55.2733350467129 -59.6793660608166,55.269238047558 -59.686574058598,55.2676660470297 -59.6890260577404,55.2610640484955 -59.6993600534735,55.2667930474426 -59.6917610556824,55.2681360477375 -59.6901220580932,55.2722370470775 -59.6784470617409,55.2826910453818 -59.6733050630569,55.2767450462911 -59.6745310639096,55.2742390470171 -59.6773340624779,55.2733350467129</coordinates></LinearRing></outerBoundaryIs></Polygon><Polygon><outerBoundaryIs><LinearRing><coordinates>-59.6962720539546,55.2998470438606 -59.7071600500657,55.2884790457466 -59.7107660488034,55.2873500452706 -59.7171560460544,55.2878230457698 -59.7203250444607,55.2914820445113 -59.7143050471962,55.2944260448074 -59.7078430501486,55.3023910434253 -59.6994530532138,55.3016780433319 -59.6962720539546,55.2998470438606</coordinates></LinearRing></outerBoundaryIs></Polygon><Polygon><outerBoundaryIs><LinearRing><coordinates>-60.3750977705053,55.6386620082201 -60.3774667696378,55.6324990092636 -60.3843097667361,55.6318050096268 -60.396030761768,55.6361080090232 -60.3964607619463,55.6392940086279 -60.3908237634325,55.6397670088351 -60.3876287661436,55.6438760079682 -60.3815947682449,55.6452600074706 -60.3771517692687,55.6438980076161 -60.3750977705053,55.6386620082201</coordinates></LinearRing></outerBoundaryIs></Polygon><Polygon><outerBoundaryIs><LinearRing><coordinates>-57.057785118308,54.4846161312276 -57.0531451203097,54.4781081327769 -57.0556111187339,54.476570132547 -57.0701781134117,54.4757811325477 -57.0741991109796,54.4854671315426 -57.0725081113907,54.4872631315175 -57.0571481180089,54.4880231314543 -57.057785118308,54.4846161312276</coordinates></LinearRing></outerBoundaryIs></Polygon><Polygon><outerBoundaryIs><LinearRing><coordinates>-61.740416131684,57.5459228023288 -61.7417091310595,57.5411538027101 -61.75812212468,57.5383988031419 -61.7670541216246,57.5384108034506 -61.7706411194735,57.5410238035115 -61.7695601198035,57.5435028033688 -61.7577041243331,57.5475238027089 -61.7445091299549,57.5476318017085 -61.740416131684,57.5459228023288</coordinates></LinearRing></outerBoundaryIs></Polygon><Polygon><outerBoundaryIs><LinearRing><coordinates>-58.8120974166663,54.929085082926 -58.8150404149467,54.9234130842027 -58.8218914118199,54.9193760845389 -58.8282474098138,54.9187560842743 -58.8321564082796,54.920621084418 -58.8286984100398,54.9303980829761 -58.8230774122489,54.9328500828844 -58.8135974155167,54.9318390824939 -58.8120974166663,54.929085082926</coordinates></LinearRing></outerBoundaryIs></Polygon><Polygon><outerBoundaryIs><LinearRing><coordinates>-61.2016903906523,56.7610588845284 -61.1997853911934,56.7594008846495 -61.2086893894039,56.7578588848229 -61.2052003904744,56.7554628848476 -61.2062433887969,56.753436885532 -61.2225753832615,56.756474885026 -61.2258523818921,56.7609178851111 -61.2314433786425,56.7631498843741 -61.2312283786817,56.7652058843161 -61.2239813824615,56.7667998840703 -61.214168386285,56.7651178843075 -61.2091123879451,56.7617528839852 -61.2016903906523,56.7610588845284</coordinates></LinearRing></outerBoundaryIs></Polygon><Polygon><outerBoundaryIs><LinearRing><coordinates>-61.215934394045,56.5590939085661 -61.2136753946238,56.5569619079788 -61.2363583854463,56.5538029092456 -61.2467583826905,56.5493389095306 -61.2516613788298,56.5499529099573 -61.2546563775345,56.5530169092686 -61.2535453787004,56.5557209087928 -61.2478283807181,56.5589649084282 -61.215934394045,56.5590939085661</coordinates></LinearRing></outerBoundaryIs></Polygon><Polygon><outerBoundaryIs><LinearRing><coordinates>-60.9607104945242,56.6788038910771 -60.9540844966965,56.6749198908433 -60.9563324955407,56.6733978919071 -60.9630304937407,56.672938891561 -60.9685954909427,56.6751858913505 -60.9740244895349,56.6749118916433 -60.9773324881798,56.6713718919636 -60.9854794844891,56.6727908923118 -60.985146484913,56.6757508915897 -60.9885184832321,56.6790658911045 -60.9832454846158,56.6816288911221 -60.9711664889023,56.6818998909094 -60.966867491233,56.6794698908552 -60.9607104945242,56.6788038910771</coordinates></LinearRing></outerBoundaryIs></Polygon><Polygon><outerBoundaryIs><LinearRing><coordinates>-61.8732821295221,56.420420933206 -61.8734381303552,56.4186019338061 -61.88873512453,56.4180959338178 -61.8987591198192,56.4213299339281 -61.9013891179625,56.4243669334135 -61.8962331209844,56.4315379324637 -61.8864561239027,56.4301299319911 -61.8848131250643,56.4252979328438 -61.8732821295221,56.420420933206</coordinates></LinearRing></outerBoundaryIs></Polygon><Polygon><outerBoundaryIs><LinearRing><coordinates>-61.9055491146254,56.4671719286353 -61.9108801125154,56.4579519295089 -61.9138591123265,56.4568909299313 -61.9266441056879,56.4617929292487 -61.9270051066829,56.4672859285768 -61.9304581035786,56.4703369281889 -61.9290671044079,56.4721299278823 -61.9208451079752,56.4716839283509 -61.9161411105803,56.4688229286414 -61.9055491146254,56.4671719286353</coordinates></LinearRing></outerBoundaryIs></Polygon><Polygon><outerBoundaryIs><LinearRing><coordinates>-58.139176685503,54.8798490857904 -58.1438806827105,54.872162086651 -58.1494056809907,54.8724740864071 -58.1548076781609,54.8755280861233 -58.1529656804504,54.8812030852053 -58.1614316755405,54.8865780845409 -58.1601286759923,54.889069084298 -58.1494796802478,54.8882230843507 -58.1421206834158,54.8846860843893 -58.139176685503,54.8798490857904</coordinates></LinearRing></outerBoundaryIs></Polygon><Polygon><outerBoundaryIs><LinearRing><coordinates>-61.0832774714272,55.9999889729305 -61.0843614708455,55.9947239732072 -61.0887314691254,55.9908179737788 -61.1061624614248,55.9888579748735 -61.1107084595121,55.9917869742843 -61.1103764599421,55.9947519742312 -61.0982734643063,55.9999879732691 -61.0832774714272,55.9999889729305</coordinates></LinearRing></outerBoundaryIs></Polygon><Polygon><outerBoundaryIs><LinearRing><coordinates>-60.832930568556,56.1035649571617 -60.8391835667883,56.095337958686 -60.8481715620101,56.0954329587375 -60.8555095597294,56.0920369594378 -60.8623835569708,56.0927389593707 -60.86535655556,56.0953559585197 -60.8642835553476,56.0975989585773 -60.8526885608867,56.1024439575179 -60.8474225630174,56.102028957928 -60.8360095666708,56.105274956936 -60.832930568556,56.1035649571617</coordinates></LinearRing></outerBoundaryIs></Polygon><Polygon><outerBoundaryIs><LinearRing><coordinates>-61.1840844206847,56.2186139476283 -61.180644422128,56.2162219478965 -61.2001404154679,56.2141149485759 -61.2050194130574,56.2106199496465 -61.2335734003429,56.2081229497845 -61.2350444001695,56.2097659499447 -61.2297854023178,56.2130249489591 -61.2208384062401,56.2122769497114 -61.2121194090303,56.2172469480316 -61.2045684121412,56.2188299486015 -61.200626415171,56.2173279481404 -61.1840844206847,56.2186139476283</coordinates></LinearRing></outerBoundaryIs></Polygon><Polygon><outerBoundaryIs><LinearRing><coordinates>-59.7102220479014,55.3516430373313 -59.7251630419375,55.3354990399462 -59.7363610366495,55.3353040393066 -59.7359020365016,55.3425950388296 -59.727895039595,55.3439450385269 -59.7298730396084,55.3464580381841 -59.7274470404632,55.349647038349 -59.7198280432358,55.3514400376876 -59.7102220479014,55.3516430373313</coordinates></LinearRing></outerBoundaryIs></Polygon><Polygon><outerBoundaryIs><LinearRing><coordinates>-60.2951528144443,55.2569780548101 -60.295122815005,55.2515040558945 -60.3090828107668,55.2494320557095 -60.3234088047498,55.2425660572643 -60.3281968025011,55.2421010575331 -60.3294068014739,55.2439230568975 -60.3254498035028,55.2496290565978 -60.318288806189,55.2532920557868 -60.3059288115108,55.2565010552131 -60.2951528144443,55.2569780548101</coordinates></LinearRing></outerBoundaryIs></Polygon><Polygon><outerBoundaryIs><LinearRing><coordinates>-59.6148560858296,55.3260150402159 -59.6172870858595,55.3230600402107 -59.6241300823783,55.3189810405535 -59.6345120783524,55.3199310405126 -59.6428180745258,55.3290780397067 -59.6415940752762,55.3315860392477 -59.6371870762031,55.3322490391524 -59.6168370853874,55.3278470393555 -59.6148560858296,55.3260150402159</coordinates></LinearRing></outerBoundaryIs></Polygon><Polygon><outerBoundaryIs><LinearRing><coordinates>-61.2720463825908,56.2888339405387 -61.268165383387,56.2866559405701 -61.2699413821732,56.2853429412726 -61.2859023761468,56.2819679415245 -61.2898343746005,56.2836919417919 -61.3037363688909,56.2843639412273 -61.3122843659916,56.2892009408408 -61.310891366626,56.2907529408219 -61.2911633745818,56.2908129407081 -61.280286378267,56.2886399405932 -61.2720463825908,56.2888339405387</coordinates></LinearRing></outerBoundaryIs></Polygon><Polygon><outerBoundaryIs><LinearRing><coordinates>-60.1297968678889,55.7059679980353 -60.1310048663788,55.7027789983362 -60.1435038616886,55.6963919993521 -60.1523768585837,55.6954769994698 -60.1572278564896,55.6982079994725 -60.1507828587251,55.7039119983178 -60.1386838639001,55.7105219974293 -60.1330358661321,55.7116629973041 -60.1297968678889,55.7059679980353</coordinates></LinearRing></outerBoundaryIs></Polygon><Polygon><outerBoundaryIs><LinearRing><coordinates>-59.1792462666907,55.1033490639919 -59.178492265795,55.1015180640575 -59.1873032623779,55.0988470643222 -59.2088462546512,55.0955770647916 -59.217865250396,55.1020200639374 -59.2130902518947,55.1022150643051 -59.2062562558455,55.1055940637658 -59.1971432593175,55.1036990637109 -59.1879322622843,55.1066060635949 -59.1851952638625,55.1043010639324 -59.1792462666907,55.1033490639919</coordinates></LinearRing></outerBoundaryIs></Polygon><Polygon><outerBoundaryIs><LinearRing><coordinates>-59.9579599477505,55.3418850410928 -59.9507699509959,55.3366360411239 -59.9531789499476,55.3350410420211 -59.9591739478841,55.3361890419602 -59.9627789458993,55.3345910418372 -59.9603869477297,55.3309440425695 -59.9680039441996,55.3218320435865 -59.9728089426028,55.3211530435264 -59.9748019418588,55.3229800439203 -59.9695799439429,55.3336910422 -59.9719739426699,55.3375700417155 -59.9595479470223,55.346447040085 -59.9579599477505,55.3418850410928</coordinates></LinearRing></outerBoundaryIs></Polygon><Polygon><outerBoundaryIs><LinearRing><coordinates>-61.1686204281792,56.2135399483934 -61.1520794338451,56.2031749496276 -61.1564284326308,56.2008059492917 -61.1688294272978,56.1998449501915 -61.1789984245038,56.2006389499918 -61.1827044219902,56.2044109492508 -61.1724204265748,56.2125249485371 -61.1686204281792,56.2135399483934</coordinates></LinearRing></outerBoundaryIs></Polygon><Polygon><outerBoundaryIs><LinearRing><coordinates>-61.3404363349508,56.7272838904659 -61.3423993343123,56.724376890469 -61.3587093283397,56.7152818916209 -61.3670683251125,56.7148518920172 -61.3701763228266,56.7211198915393 -61.3635653255489,56.728908889654 -61.3404363349508,56.7272838904659</coordinates></LinearRing></outerBoundaryIs></Polygon><Polygon><outerBoundaryIs><LinearRing><coordinates>-60.1250198761428,55.485802024742 -60.1274218756651,55.4832920248699 -60.1330448735132,55.4848870254567 -60.1430798688327,55.4851110251693 -60.1454908676868,55.4867060243714 -60.1418978690632,55.4965060234876 -60.1378888705621,55.4990200228282 -60.1326658728838,55.4987910228689 -60.1202078775282,55.4910470241516 -60.1258218756728,55.4883080241881 -60.1250198761428,55.485802024742</coordinates></LinearRing></outerBoundaryIs></Polygon><Polygon><outerBoundaryIs><LinearRing><coordinates>-62.9485705661553,58.4924017181871 -62.94868156804,58.4905777181608 -62.9540005644353,58.4892927186747 -62.9698935595466,58.4790497201803 -62.9817645533652,58.4776497199391 -62.9872955519154,58.4800217203376 -62.9871465517761,58.4825327201583 -62.9807575535153,58.4872257189682 -62.9706405575438,58.4884337192161 -62.9616565617065,58.4926227185695 -62.9485705661553,58.4924017181871</coordinates></LinearRing></outerBoundaryIs></Polygon><Polygon><outerBoundaryIs><LinearRing><coordinates>-58.203479657167,54.9917190713207 -58.1910456630266,54.9858290729194 -58.2001726594477,54.9857380726706 -58.2090696561018,54.9819950733131 -58.2170106525078,54.9818840731509 -58.2203866509052,54.9862680721829 -58.2193646511668,54.9915010720495 -58.2139366531281,54.9975820710601 -58.209552655849,54.9979710709064 -58.203479657167,54.9917190713207</coordinates></LinearRing></outerBoundaryIs></Polygon><Polygon><outerBoundaryIs><LinearRing><coordinates>-59.5461261152336,55.2566530473495 -59.5414001174629,55.251388048772 -59.5466031154674,55.2504950487468 -59.5646051088719,55.2473800490195 -59.5685611062699,55.25036304911 -59.5749321042593,55.251751048979 -59.576492104005,55.2549550483522 -59.5732641046215,55.2576790483341 -59.5580701099319,55.2594420476521 -59.5549191118504,55.2560050476709 -59.5461261152336,55.2566530473495</coordinates></LinearRing></outerBoundaryIs></Polygon><Polygon><outerBoundaryIs><LinearRing><coordinates>-60.777838589525,56.1200859548946 -60.7781275901839,56.1175849552318 -60.7820845887872,56.1152109554103 -60.8039305810809,56.1102949562205 -60.8092435786124,56.1139109560492 -60.797442581661,56.1239929548261 -60.7879895858325,56.1243379545146 -60.777838589525,56.1200859548946</coordinates></LinearRing></outerBoundaryIs></Polygon><Polygon><outerBoundaryIs><LinearRing><coordinates>-61.8849431316563,56.2709779513465 -61.8847881315624,56.26800595174 -61.9087961235367,56.2608799531124 -61.9153501197019,56.2658469521066 -61.9162281195748,56.269985952031 -61.9127411214825,56.2723969514711 -61.8949301282997,56.2742129513521 -61.8849431316563,56.2709779513465</coordinates></LinearRing></outerBoundaryIs></Polygon><Polygon><outerBoundaryIs><LinearRing><coordinates>-57.3339650114463,54.1619081739174 -57.3356660112508,54.1596571741561 -57.3512000047838,54.1602331738816 -57.3508320047588,54.1538281751948 -57.3540540047941,54.1520741751782 -57.3593960022356,54.153790175208 -57.366692999456,54.1491551763245 -57.3745649953457,54.1477281760347 -57.3846619918707,54.149919175926 -57.3811299935658,54.1547241748388 -57.3741039966218,54.1550301752234 -57.3684469990515,54.1521611752965 -57.3525810046362,54.1630061739994 -57.3442890087081,54.1648801736702 -57.3339650114463,54.1619081739174</coordinates></LinearRing></outerBoundaryIs></Polygon><Polygon><outerBoundaryIs><LinearRing><coordinates>-62.4458178045674,58.1219627493239 -62.4527968000713,58.1152577505473 -62.4670517944548,58.1153267502679 -62.4812377885934,58.1163057509492 -62.480971789569,58.119952750144 -62.4688487933288,58.1261027488699 -62.447387802881,58.1240547490673 -62.4458178045674,58.1219627493239</coordinates></LinearRing></outerBoundaryIs></Polygon><Polygon><outerBoundaryIs><LinearRing><coordinates>-61.8197261088675,57.328232828242 -61.8200991083344,57.3241318281601 -61.8269381067246,57.3186008287814 -61.8368411019808,57.3165788293564 -61.8468940978914,57.3175278292084 -61.8479750971886,57.3196108294273 -61.8461590976996,57.3257288286903 -61.8410311008202,57.3310818277611 -61.8294691048733,57.3280328279135 -61.8197261088675,57.328232828242</coordinates></LinearRing></outerBoundaryIs></Polygon><Polygon><outerBoundaryIs><LinearRing><coordinates>-62.8662425943771,58.6209877036094 -62.8653805942937,58.6138877038859 -62.8699445933586,58.610996703718 -62.8795575899582,58.6113927040941 -62.8876935853646,58.6074187049874 -62.8977465813769,58.6078187047469 -62.9015415803727,58.6101647047648 -62.9004785795802,58.6131247048403 -62.8927985835371,58.6168747044667 -62.8662425943771,58.6209877036094</coordinates></LinearRing></outerBoundaryIs></Polygon><Polygon><outerBoundaryIs><LinearRing><coordinates>-62.0121200211952,57.4718598147103 -62.0120090229917,57.4631738153781 -62.0154360199514,57.4628028158622 -62.0291780147522,57.4658848153449 -62.033639012592,57.4682818147647 -62.0402430092972,57.4755288146097 -62.0386830091095,57.4789118142091 -62.0348340117745,57.4792798140022 -62.0157190206425,57.4744648141854 -62.0121200211952,57.4718598147103</coordinates></LinearRing></outerBoundaryIs></Polygon><Polygon><outerBoundaryIs><LinearRing><coordinates>-60.633832653342,55.9873669688734 -60.6317736545644,55.9855499695848 -60.6450576497295,55.9766119700264 -60.6491256478235,55.9770509705033 -60.6618606429523,55.9863319693587 -60.66029264278,55.9902149692271 -60.6570646442828,55.9918219686242 -60.6505676465711,55.9925339685491 -60.6395656517738,55.9903029692611 -60.6378906515041,55.9868929694136 -60.633832653342,55.9873669688734</coordinates></LinearRing></outerBoundaryIs></Polygon><Polygon><outerBoundaryIs><LinearRing><coordinates>-57.1135630949662,54.5736591206557 -57.1173310940807,54.5703251213673 -57.1241500911351,54.568429120981 -57.1379270864598,54.5737811202623 -57.1380850854497,54.5772101203379 -57.1312170885585,54.5854961189119 -57.1259540905203,54.587658118466 -57.1214180925315,54.5850381192082 -57.1207170925093,54.5781681197568 -57.1145810956866,54.5759661199421 -57.1135630949662,54.5736591206557</coordinates></LinearRing></outerBoundaryIs></Polygon><Polygon><outerBoundaryIs><LinearRing><coordinates>-60.6506266483472,55.9681629715513 -60.6526096463308,55.9649619718643 -60.6667726419924,55.9612539728977 -60.6711486396038,55.9553109732621 -60.6756096385636,55.9546089738901 -60.684607634464,55.9588939728223 -60.6761876371848,55.9662249724802 -60.6676976407998,55.9687649716522 -60.6645026417371,55.9726569714303 -60.6596426431713,55.9738159711356 -60.6526926464937,55.9708829707892 -60.6506266483472,55.9681629715513</coordinates></LinearRing></outerBoundaryIs></Polygon><Polygon><outerBoundaryIs><LinearRing><coordinates>-60.9919064789803,56.7529948830334 -60.9888234797627,56.7508358826983 -60.9932184778161,56.7486998827929 -61.0039764731919,56.7492908835998 -61.0131634687364,56.7528008831172 -61.0270874632827,56.7548668829916 -61.0356584600333,56.7601818825708 -61.0329194603354,56.7623738824712 -61.025818463717,56.7625968822549 -61.006961471766,56.759903882133 -61.004046473107,56.7561498821958 -60.9919064789803,56.7529948830334</coordinates></LinearRing></outerBoundaryIs></Polygon><Polygon><outerBoundaryIs><LinearRing><coordinates>-61.317358348407,56.652308899094 -61.3211813467854,56.6474078990415 -61.32676934434,56.6455278992331 -61.3370483403899,56.6383099006427 -61.3428863381984,56.6380319007335 -61.3461443360564,56.642704900054 -61.3440733376806,56.646751899799 -61.3314253431382,56.6527528988304 -61.3308933423768,56.6579938980489 -61.3278323428266,56.6594928978706 -61.3173513475927,56.6564258981931 -61.317358348407,56.652308899094</coordinates></LinearRing></outerBoundaryIs></Polygon><Polygon><outerBoundaryIs><LinearRing><coordinates>-63.6931431816823,59.413975636072 -63.6951101813637,59.4096526370844 -63.6982911806319,59.4085426371753 -63.704941177873,59.4104426370264 -63.7121481737102,59.4096036371878 -63.7205681707227,59.4122056372335 -63.7301111653677,59.4088736378313 -63.7332041642716,59.4100496375232 -63.7288401669918,59.41845663646 -63.7179111703763,59.4226786354674 -63.7125771726223,59.4214856356113 -63.7065061760483,59.4161676368191 -63.694815180355,59.4169576358621 -63.6931431816823,59.413975636072</coordinates></LinearRing></outerBoundaryIs></Polygon><Polygon><outerBoundaryIs><LinearRing><coordinates>-57.3511050030595,54.4372821387445 -57.3498770038359,54.4320031392485 -57.3558610006357,54.4303061391443 -57.3830259904692,54.4343291389076 -57.3865969879422,54.4398861381852 -57.3843929897293,54.4437181376929 -57.3511050030595,54.4372821387445</coordinates></LinearRing></outerBoundaryIs></Polygon><Polygon><outerBoundaryIs><LinearRing><coordinates>-59.9048319664584,55.4252590300577 -59.905244966821,55.4218410310767 -59.9160979627774,55.4138760311847 -59.9233159603613,55.4132010316954 -59.9357279543825,55.4170960313119 -59.9349189539943,55.4193730312258 -59.9260949587171,55.4209560305525 -59.922481960163,55.4232340301534 -59.9260699577587,55.4282530296268 -59.9240599594599,55.4293860297372 -59.9082879656336,55.4302710296871 -59.9082789656965,55.4282460298323 -59.91565796215,55.4263540300394 -59.9048319664584,55.4252590300577</coordinates></LinearRing></outerBoundaryIs></Polygon><Polygon><outerBoundaryIs><LinearRing><coordinates>-60.3490677742982,55.8346909844946 -60.3510697738939,55.8317189853131 -60.3725427643391,55.8335009849366 -60.3818447615278,55.8325689847485 -60.3903577580645,55.8332329851926 -60.3919857579864,55.8345989846305 -60.387557758389,55.8375719844179 -60.3766137638809,55.8364569845406 -60.3750367645616,55.8419219839115 -60.3673657671112,55.8451279837742 -60.3608897687166,55.8456039835067 -60.3584277707238,55.8412789836938 -60.3490677742982,55.8346909844946</coordinates></LinearRing></outerBoundaryIs></Polygon><Polygon><outerBoundaryIs><LinearRing><coordinates>-60.2959028014723,55.672085003817 -60.2970918015571,55.6684390042532 -60.3067547978795,55.6659180043179 -60.3079267976855,55.6597600053369 -60.3131407948929,55.6554190060432 -60.3187737925932,55.6535920062019 -60.321634791704,55.659961005848 -60.314057793548,55.6738780033306 -60.3084287953587,55.6763950034532 -60.2987528000803,55.6768650032181 -60.2959028014723,55.672085003817</coordinates></LinearRing></outerBoundaryIs></Polygon><Polygon><outerBoundaryIs><LinearRing><coordinates>-64.3183138527667,60.0948175816143 -64.320398853073,60.0834115834247 -64.3245698509089,60.0809215834861 -64.3328028452674,60.1019775815781 -64.3266908472151,60.1094765803331 -64.3197698504551,60.1117255805688 -64.3175748520231,60.1076045809528 -64.3089588556007,60.1038975806522 -64.3183138527667,60.0948175816143</coordinates></LinearRing></outerBoundaryIs></Polygon><Polygon><outerBoundaryIs><LinearRing><coordinates>-61.3830003144007,56.8042148814943 -61.38401631398,56.8024228819268 -61.3965973097075,56.8016598820577 -61.4164723010786,56.8029488819403 -61.4255712971368,56.8077928821592 -61.4257572969564,56.8100808816898 -61.4192302989367,56.8128538809964 -61.3967433089263,56.812629880595 -61.3948223086915,56.8109668812922 -61.3997863073173,56.8072388819708 -61.3979353076625,56.8048988820942 -61.3922613110781,56.8074688816998 -61.3851723142022,56.807479881323 -61.3830003144007,56.8042148814943</coordinates></LinearRing></outerBoundaryIs></Polygon><Polygon><outerBoundaryIs><LinearRing><coordinates>-61.3027573807147,56.0172869737095 -61.3064643791085,56.0194809733189 -61.3078183780938,56.0221149726174 -61.3109733772872,56.0221489728522 -61.3293753691664,56.0330379724911 -61.3178333731512,56.0320209720552 -61.3060323783351,56.0357559716007 -61.3021033798894,56.0342599711463 -61.2952883836973,56.0290189724641 -61.2952563830625,56.0212559729541 -61.2985273821614,56.0178989728658 -61.2993573821553,56.0170479732681 -61.3027573807147,56.0172869737095</coordinates></LinearRing></outerBoundaryIs></Polygon><Polygon><outerBoundaryIs><LinearRing><coordinates>-61.0845874605466,56.2511789430879 -61.0917984578982,56.2413709437416 -61.1048164525452,56.2424889438406 -61.1139024475186,56.2496459433452 -61.1107934491942,56.2518319428836 -61.081607461734,56.2597579416588 -61.0845874605466,56.2511789430879</coordinates></LinearRing></outerBoundaryIs></Polygon><Polygon><outerBoundaryIs><LinearRing><coordinates>-58.9335933613179,55.2184080475965 -58.9388453592714,55.2108610490009 -58.9460553561323,55.2097850490171 -58.9525813539513,55.2043730496559 -58.9569633520052,55.2046400496843 -58.9600573514149,55.2083170492399 -58.9559133530103,55.2139810481896 -58.9613793506266,55.2185940474891 -58.9573253515612,55.2210620479073 -58.9501793559537,55.2196320475867 -58.9417723588555,55.2206970472776 -58.9381013590314,55.2236250473273 -58.9332853611664,55.2247240471554 -58.9309613628205,55.2221920474324 -58.9335933613179,55.2184080475965</coordinates></LinearRing></outerBoundaryIs></Polygon><Polygon><outerBoundaryIs><LinearRing><coordinates>-57.1954470631643,54.4851501315182 -57.1952370632476,54.4824031321438 -57.2035250609834,54.4816821326424 -57.2018430609386,54.4775321324126 -57.2050360592001,54.4766921332497 -57.2103500583164,54.4793291330112 -57.2207330540261,54.4765981330331 -57.2278360508681,54.4817851321513 -57.2241580520282,54.4839791323998 -57.2164500549178,54.4819761320107 -57.2123800578699,54.4841701320709 -57.2169190551865,54.4924971311187 -57.2140040571804,54.4949421305528 -57.2073170588473,54.4952431300915 -57.1984910622573,54.4922991307346 -57.2010710613459,54.4889341317199 -57.1954470631643,54.4851501315182</coordinates></LinearRing></outerBoundaryIs></Polygon><Polygon><outerBoundaryIs><LinearRing><coordinates>-61.2938673583307,56.6426708996413 -61.2880403608583,56.638827899631 -61.2950763572276,56.6349409005333 -61.3029363547864,56.635184899949 -61.3158073496442,56.6310199012107 -61.3237313464565,56.6305849012148 -61.3237973462592,56.6340059008508 -61.3287743443702,56.6380509006573 -61.3221293468967,56.6421858994242 -61.3142503497373,56.6421618994612 -61.3040653539365,56.6443638991659 -61.2938673583307,56.6426708996413</coordinates></LinearRing></outerBoundaryIs></Polygon><Polygon><outerBoundaryIs><LinearRing><coordinates>-61.2796373581736,56.7962118812714 -61.2820703576308,56.7928628817649 -61.2854653549469,56.7922818820207 -61.296777350094,56.7997248810393 -61.2920153518364,56.8055118805591 -61.2931533509859,56.8105738801251 -61.2911853530039,56.8134798793332 -61.2793373566626,56.815165879527 -61.2718813606418,56.8147008788261 -61.2705043597499,56.811916879549 -61.2776983573859,56.8068888801228 -61.2796373581736,56.7962118812714</coordinates></LinearRing></outerBoundaryIs></Polygon><Polygon><outerBoundaryIs><LinearRing><coordinates>-58.7715914312963,54.9706460774664 -58.7738334300596,54.9622280787037 -58.7797434291482,54.9634320784052 -58.7855034263299,54.9696520783103 -58.7949324219053,54.9724850779933 -58.7956534217184,54.9750030766962 -58.7804604280076,54.978951076582 -58.7771264296708,54.9841620759004 -58.7719074303049,54.986162075847 -58.7677414327589,54.9797330763882 -58.7679254327036,54.9738020771606 -58.7715914312963,54.9706460774664</coordinates></LinearRing></outerBoundaryIs></Polygon><Polygon><outerBoundaryIs><LinearRing><coordinates>-61.6779631708572,57.2759438318572 -61.6776581704346,57.2702218322738 -61.6808371693905,57.2677998326569 -61.7023481618046,57.2679378331089 -61.7216131525025,57.2604678341632 -61.7251921518137,57.2628518335481 -61.7191691539103,57.2686268326561 -61.7088751589942,57.2704008328762 -61.6947621641909,57.2768678321775 -61.6823381683468,57.2788088313629 -61.6744431723188,57.2774468316864 -61.6779631708572,57.2759438318572</coordinates></LinearRing></outerBoundaryIs></Polygon><Polygon><outerBoundaryIs><LinearRing><coordinates>-61.0126975000067,55.9900129730049 -61.0154184994094,55.984527973967 -61.0219014952997,55.9837989741538 -61.0395524893029,55.991187973181 -61.0449324865569,55.995025973062 -61.0413604883567,55.9986919722874 -61.0352794908093,55.9994209721114 -61.0250574946594,55.9969869728539 -61.0198274966291,55.9992979724394 -61.014142499303,55.9999849717544 -61.0126975000067,55.9900129730049</coordinates></LinearRing></outerBoundaryIs></Polygon><Polygon><outerBoundaryIs><LinearRing><coordinates>-61.6623342002154,56.7804488885765 -61.6660071985274,56.7723318889922 -61.6731091969548,56.7720768892342 -61.6771611955395,56.7687638896384 -61.68266519177,56.7677768900258 -61.6845501914155,56.7698818901357 -61.6810521924654,56.7761808888068 -61.6863891905849,56.7770158891332 -61.6867731906229,56.7818268883286 -61.696656185729,56.7830128886252 -61.6943881861172,56.7895748873194 -61.6830241919062,56.790851887126 -61.6798691925946,56.7889418877013 -61.6809091930195,56.7866818880263 -61.6718641968173,56.7809528882687 -61.6623342002154,56.7804488885765</coordinates></LinearRing></outerBoundaryIs></Polygon><Polygon><outerBoundaryIs><LinearRing><coordinates>-61.163832407912,56.7413298864575 -61.1637824078032,56.7340198865263 -61.1718784048294,56.7283398877297 -61.190605396407,56.7282568882096 -61.2015143926089,56.7352308878381 -61.2000753930711,56.737014887412 -61.1914163963034,56.7362778875278 -61.1761534028669,56.7428698858691 -61.163832407912,56.7413298864575</coordinates></LinearRing></outerBoundaryIs></Polygon><Polygon><outerBoundaryIs><LinearRing><coordinates>-60.8984125406678,56.1287349554853 -60.9011905392044,56.1258669555152 -60.9164805333008,56.1245779557696 -60.9198465319753,56.127433955417 -60.914769534319,56.1288539556178 -60.9132675354415,56.131314954969 -60.9159175337564,56.1332359544763 -60.9269015292133,56.13384695497 -60.929275528851,56.1382709544114 -60.9263435287241,56.1425069535458 -60.9166315331548,56.1451379537404 -60.911405535797,56.1406139540567 -60.9018505399075,56.138221954059 -60.8984125406678,56.1287349554853</coordinates></LinearRing></outerBoundaryIs></Polygon><Polygon><outerBoundaryIs><LinearRing><coordinates>-61.5337082200115,57.5026708045708 -61.5398652187868,57.4962198052472 -61.5609142095821,57.4895098059874 -61.5647492086061,57.4937368058689 -61.5630742088249,57.4977988058211 -61.5663732065375,57.5031468046562 -61.5640772069304,57.5049098044241 -61.5577232103409,57.504731804 -61.5514992132782,57.5075188042259 -61.5367152184144,57.5066408040041 -61.5337082200115,57.5026708045708</coordinates></LinearRing></outerBoundaryIs></Polygon><Polygon><outerBoundaryIs><LinearRing><coordinates>-58.6287634915346,54.8216870954455 -58.6166414964568,54.8178930965112 -58.6271844917973,54.8100320972066 -58.6482994828491,54.8048020979462 -58.6522294832166,54.8055270976519 -58.6537244812495,54.808056097782 -58.649527483735,54.8153070967382 -58.6342984885189,54.8215220957604 -58.6287634915346,54.8216870954455</coordinates></LinearRing></outerBoundaryIs></Polygon><Polygon><outerBoundaryIs><LinearRing><coordinates>-60.2163308390646,55.5331590197199 -60.2187148377983,55.5263150210207 -60.2231278356739,55.5242620211955 -60.2323828325871,55.5267610206739 -60.2380248299725,55.5306300204778 -60.2372298293912,55.5331310203336 -60.2276058332489,55.5388460192314 -60.2312468325173,55.5440830184865 -60.2280548320949,55.5495570179918 -60.2244398339003,55.5513800171736 -60.2184038361132,55.5504800175054 -60.2159828373785,55.5479740177747 -60.2187708365317,55.5411350183819 -60.2163308390646,55.5331590197199</coordinates></LinearRing></outerBoundaryIs></Polygon><Polygon><outerBoundaryIs><LinearRing><coordinates>-61.2741973758759,56.4040189270268 -61.2756873760057,56.4015549275226 -61.2816763729471,56.3994609274088 -61.2939773677737,56.4000779280925 -61.308829361634,56.4039769274463 -61.3162433585974,56.4080899270702 -61.3152613590348,56.4096569269708 -61.2979993669253,56.4091109268902 -61.2940713678896,56.4112749266296 -61.2862353716043,56.4112509265709 -61.2767743751313,56.4150629260576 -61.2728143771159,56.4094549269827 -61.2763563746526,56.4070549269529 -61.2741973758759,56.4040189270268</coordinates></LinearRing></outerBoundaryIs></Polygon><Polygon><outerBoundaryIs><LinearRing><coordinates>-58.924717366011,55.1879280515839 -58.9410823592756,55.1723450535153 -58.9447063578114,55.1710060538975 -58.9624743517057,55.1770950532587 -58.9595783513405,55.1811710526457 -58.9522823550924,55.1856660525245 -58.9443123582349,55.1855960514585 -58.9370463609014,55.1889500515128 -58.9262813655742,55.1890840514486 -58.924717366011,55.1879280515839</coordinates></LinearRing></outerBoundaryIs></Polygon><Polygon><outerBoundaryIs><LinearRing><coordinates>-58.0115897450417,54.2836121610331 -58.0132247438375,54.2820441610956 -58.0242547390083,54.2799431616542 -58.0470017311792,54.2775841617163 -58.0602257252655,54.2784811619721 -58.0632477243074,54.2805861612212 -58.062305723988,54.2839971608886 -58.0579227262104,54.2859801608118 -58.0336537357379,54.2874041601882 -58.0126957434906,54.2850001611567 -58.0115897450417,54.2836121610331</coordinates></LinearRing></outerBoundaryIs></Polygon><Polygon><outerBoundaryIs><LinearRing><coordinates>-60.7842875905036,56.0394479649984 -60.7802095922761,56.0358739649184 -60.785833590422,56.0331129655482 -60.7993575845688,56.0326849651202 -60.8047325825121,56.0285379661738 -60.8096905802569,56.0280349660132 -60.8120955797305,56.0320019658511 -60.8156225782311,56.0332769655177 -60.8167555775106,56.0376519650042 -60.8133875792114,56.0420999647567 -60.7852345904816,56.0454219640708 -60.7842875905036,56.0394479649984</coordinates></LinearRing></outerBoundaryIs></Polygon><Polygon><outerBoundaryIs><LinearRing><coordinates>-60.6238046623209,55.8791929823693 -60.625378660797,55.8759959827825 -60.6345956574134,55.8684389832712 -60.6419056541708,55.8695499836581 -60.6483346520399,55.8654179843966 -60.6548076501734,55.8649379842254 -60.6568786493114,55.867890983537 -60.6561726484081,55.8751829825422 -60.6530266494073,55.8818019817517 -60.6490016507932,55.8836409819462 -60.6449366536706,55.8832059820723 -60.6400096549749,55.8786709820206 -60.6343626570786,55.8807449821347 -60.6258626607684,55.8814619819647 -60.6238046623209,55.8791929823693</coordinates></LinearRing></outerBoundaryIs></Polygon><Polygon><outerBoundaryIs><LinearRing><coordinates>-60.1259148746875,55.5464330171084 -60.1279168741729,55.5416450180527 -60.1347538716403,55.5432400177215 -60.1375648690882,55.5418700179818 -60.1331348714758,55.5389110179293 -60.1343398707703,55.5368580181241 -60.1391638688566,55.5361710181763 -60.1532538623956,55.5461960178422 -60.1536618627265,55.5491610172426 -60.1376008685423,55.5612460151535 -60.129550872941,55.5564610162795 -60.1327618707501,55.5528140166981 -60.1259148746875,55.5464330171084</coordinates></LinearRing></outerBoundaryIs></Polygon><Polygon><outerBoundaryIs><LinearRing><coordinates>-60.2954028073934,55.5134540231842 -60.3001518046494,55.5011370245471 -60.3049608033368,55.4997630243393 -60.3086048024363,55.5045440244567 -60.3186557971973,55.5058930243622 -60.3223007959087,55.5102200239241 -60.3127247990222,55.5214040223684 -60.3062998017255,55.5218730223387 -60.2974498060535,55.5202920224998 -60.2954028073934,55.5134540231842</coordinates></LinearRing></outerBoundaryIs></Polygon><Polygon><outerBoundaryIs><LinearRing><coordinates>-60.3491527760085,55.7895739898318 -60.3507557755206,55.7870639907143 -60.364916769392,55.78794999048 -60.3770377639928,55.7863309907303 -60.3791227641282,55.7942969901232 -60.3767617647257,55.8029559887246 -60.3747627645794,55.8059279881492 -60.3715237660379,55.8059349882086 -60.3637877699867,55.7993479894478 -60.3565137730972,55.8002749885747 -60.3528637744352,55.7989079887053 -60.3491527760085,55.7895739898318</coordinates></LinearRing></outerBoundaryIs></Polygon><Polygon><outerBoundaryIs><LinearRing><coordinates>-61.1636224228102,56.3698389299118 -61.16275142446,56.3663829300317 -61.1777454168229,56.3609389309779 -61.187440413628,56.3548559317127 -61.1977514100462,56.3586169316161 -61.2026194069093,56.3711089301062 -61.1787414160752,56.3749019292456 -61.1777254171077,56.3728159296172 -61.1865604132069,56.3710439296016 -61.1876944125055,56.3681109304609 -61.1636224228102,56.3698389299118</coordinates></LinearRing></outerBoundaryIs></Polygon><Polygon><outerBoundaryIs><LinearRing><coordinates>-61.0767354541012,56.4951259135489 -61.0608964607696,56.4925389144585 -61.0631784592316,56.4905629144009 -61.0796344527787,56.4874549150103 -61.0936114461229,56.488147915108 -61.1053124433256,56.4869379151015 -61.1172254368667,56.4914409144711 -61.1052224426321,56.4992709138684 -61.0986804441194,56.4985969136907 -61.0929694464003,56.4940649139874 -61.0863974500716,56.497502913996 -61.0796844519881,56.4984219135733 -61.0767354541012,56.4951259135489</coordinates></LinearRing></outerBoundaryIs></Polygon><Polygon><outerBoundaryIs><LinearRing><coordinates>-57.2670460338699,54.6244891141058 -57.2549290388265,54.6173641146659 -57.2639340357563,54.6120871158959 -57.270677031868,54.61132811607 -57.29358302355,54.6159511150069 -57.2981190212345,54.6187941149396 -57.2970930221999,54.6224271144603 -57.2926530240902,54.6241541143541 -57.2670460338699,54.6244891141058</coordinates></LinearRing></outerBoundaryIs></Polygon><Polygon><outerBoundaryIs><LinearRing><coordinates>-62.5653597415016,58.3069567315534 -62.5664037412029,58.3044627318137 -62.5748237378461,58.3021157324312 -62.5958987295236,58.3050447322894 -62.5983737287364,58.3069227318418 -62.598534728769,58.3108107315629 -62.5909507310672,58.3136287309173 -62.5935677300932,58.3196217305214 -62.5907717305798,58.3223077299802 -62.5864007324415,58.322681730138 -62.5674067414992,58.3147667305566 -62.5706567400068,58.3118597308802 -62.5653597415016,58.3069567315534</coordinates></LinearRing></outerBoundaryIs></Polygon><Polygon><outerBoundaryIs><LinearRing><coordinates>-61.3997702724688,57.598861792142 -61.3946022739882,57.5911637926791 -61.4253652622699,57.5902517936417 -61.4307222594319,57.5920067933179 -61.4326222575123,57.5984657924783 -61.4292552593893,57.6022487918907 -61.4243232608812,57.604617791719 -61.3966352734334,57.6044847907003 -61.3954772739654,57.6033067911509 -61.3997702724688,57.598861792142</coordinates></LinearRing></outerBoundaryIs></Polygon><Polygon><outerBoundaryIs><LinearRing><coordinates>-60.9347215039374,56.6955078884281 -60.9176935109087,56.68806488913 -60.9199435110505,56.6865428894805 -60.9269815082095,56.6867838898869 -60.928739506393,56.6822738903409 -60.9385715025275,56.6835298903441 -60.95293649768,56.6888198899039 -60.966310492307,56.6881328898074 -60.9690294904309,56.6898228900649 -60.9686214898086,56.6934738890854 -60.9648454919864,56.6938018893902 -60.9612254927463,56.6964148890993 -60.9380895034862,56.6988258884649 -60.9347215039374,56.6955078884281</coordinates></LinearRing></outerBoundaryIs></Polygon><Polygon><outerBoundaryIs><LinearRing><coordinates>-61.2243773859669,56.6761058949498 -61.2285393843045,56.6641278962499 -61.2374473807482,56.662361896172 -61.2451743778781,56.6559798977068 -61.254336374376,56.6516998980119 -61.2614173714127,56.6514668977771 -61.2632473702095,56.6538078978914 -61.2514563741128,56.6673748957356 -61.2390313800239,56.6749728947496 -61.2266933851378,56.6777798947107 -61.2243773859669,56.6761058949498</coordinates></LinearRing></outerBoundaryIs></Polygon><Polygon><outerBoundaryIs><LinearRing><coordinates>-61.3426463332101,56.7586518867927 -61.341891333679,56.7538268871864 -61.3455563317359,56.7505158878307 -61.3511393294832,56.7488588875568 -61.3665343238584,56.7488798878088 -61.3712573216819,56.7515378876964 -61.362103325157,56.7638208864621 -61.3674723233143,56.7683258857522 -61.3610823251112,56.773841885452 -61.3565203273641,56.7737018849456 -61.3516973288685,56.7719538855251 -61.3491443309144,56.7602238867788 -61.3426463332101,56.7586518867927</coordinates></LinearRing></outerBoundaryIs></Polygon><Polygon><outerBoundaryIs><LinearRing><coordinates>-60.247446833194,55.3033310487771 -60.2522118308991,55.2960280493946 -60.2649538263633,55.2866630509997 -60.2773168215162,55.2818610510677 -60.2841028192773,55.2811670517566 -60.2869088178693,55.2827570518329 -60.2757578221094,55.2900700504567 -60.2662388255881,55.3037640483173 -60.259860826935,55.3078810482329 -60.250273831239,55.3094820474668 -60.247446833194,55.3033310487771</coordinates></LinearRing></outerBoundaryIs></Polygon><Polygon><outerBoundaryIs><LinearRing><coordinates>-60.0916318922537,55.3991810352531 -60.0900248927438,55.3969010354548 -60.1169108824347,55.3869940371973 -60.1312678778975,55.3832170373455 -60.1388648750677,55.3784250379692 -60.1416688722598,55.3784250379739 -60.1404828738366,55.3866310368612 -60.1312728767427,55.3891490365208 -60.118873881749,55.3989490358864 -60.1136658843015,55.4010020350107 -60.0996468891658,55.4012260345024 -60.0916318922537,55.3991810352531</coordinates></LinearRing></outerBoundaryIs></Polygon><Polygon><outerBoundaryIs><LinearRing><coordinates>-61.3497873485935,56.3330849365854 -61.3379873539628,56.3276869370405 -61.3619363446788,56.322731937742 -61.375490339027,56.3229219378501 -61.3823923351628,56.3279349372062 -61.3817313362287,56.3304249370408 -61.3714593401807,56.3303349370555 -61.3724573392372,56.3326489368361 -61.3772433370417,56.3341679371828 -61.3900053319244,56.3341079367131 -61.3951083294071,56.3365479369547 -61.3944263299471,56.3392639365363 -61.3889373321453,56.3406949365102 -61.3845603340909,56.3391919367879 -61.3706573395296,56.3383039364015 -61.3609533445554,56.3325189368423 -61.3497873485935,56.3330849365854</coordinates></LinearRing></outerBoundaryIs></Polygon><Polygon><outerBoundaryIs><LinearRing><coordinates>-58.5898375016907,55.0751500630994 -58.5917985015913,55.0646790650246 -58.6028524967838,55.0554580657019 -58.6089334957541,55.0521050664363 -58.6153114929209,55.0514950665265 -58.6254034877997,55.0584570660795 -58.6241484890266,55.0602690652222 -58.6153364917972,55.0622180646671 -58.6086324939817,55.07217406374 -58.6038564961838,55.0723500638154 -58.6009514970692,55.0757360633799 -58.5929725006094,55.0765540631217 -58.5898375016907,55.0751500630994</coordinates></LinearRing></outerBoundaryIs></Polygon><Polygon><outerBoundaryIs><LinearRing><coordinates>-61.276183370282,56.5249179132041 -61.2747713706698,56.5225879131832 -61.2881053661522,56.5216409136035 -61.2962693630138,56.5145879141188 -61.3056433587391,56.511912915078 -61.3134973559928,56.5119319151399 -61.3162843540967,56.5170439139561 -61.3065353579678,56.5233619132931 -61.3052843584809,56.5315519127713 -61.2987903600879,56.5384259114931 -61.2944183625779,56.5366899122398 -61.2903603638682,56.5311549125921 -61.288248365074,56.5282709124595 -61.276183370282,56.5249179132041</coordinates></LinearRing></outerBoundaryIs></Polygon><Polygon><outerBoundaryIs><LinearRing><coordinates>-60.9432405278235,55.9923109722187 -60.944418527337,55.990482972549 -60.9645785198984,55.9830559732805 -60.96935551792,55.9784629735971 -60.9758445154265,55.9779709743864 -60.9881855102306,55.9844899731815 -60.9878615102715,55.9881369731435 -60.9830345118029,55.9904489725948 -60.956380522609,55.9983749712706 -60.9432405278235,55.9923109722187</coordinates></LinearRing></outerBoundaryIs></Polygon><Polygon><outerBoundaryIs><LinearRing><coordinates>-62.0981389483404,58.1859477378817 -62.0996309475585,58.1836967375704 -62.1036169460198,58.1826477373736 -62.1094339426952,58.185524737602 -62.1198639386549,58.1850897379153 -62.1294039347563,58.1901137368679 -62.1318759328228,58.1967937360509 -62.122494937146,58.2105177347683 -62.113492940716,58.2093967348757 -62.098557945773,58.2117807345643 -62.0960529481839,58.2055517347956 -62.0976579471821,58.2019347359909 -62.117752939211,58.1998947364722 -62.1232699363462,58.1961407368146 -62.121468938531,58.1917547367163 -62.1151789413977,58.1893187373341 -62.1064569449122,58.190028736729 -62.1000739476389,58.188735737147 -62.0981389483404,58.1859477378817</coordinates></LinearRing></outerBoundaryIs></Polygon><Polygon><outerBoundaryIs><LinearRing><coordinates>-61.4982622746269,56.6144299053271 -61.4912242786634,56.6101159054962 -61.5073732726048,56.6060219064544 -61.5133922694203,56.6080299058734 -61.5357972603023,56.6077769064238 -61.5443022563856,56.6098569063153 -61.5493912539785,56.6129719062028 -61.5475212552186,56.6152039055959 -61.5330702602111,56.6188889051952 -61.5113972694051,56.6200789044969 -61.5149262683616,56.6178979054229 -61.5142742691959,56.6160469052314 -61.4982622746269,56.6144299053271</coordinates></LinearRing></outerBoundaryIs></Polygon><Polygon><outerBoundaryIs><LinearRing><coordinates>-59.9906489335906,55.4098560328027 -59.9910619336425,55.4043860334815 -59.9966769315146,55.4009660338524 -60.000000928702,55.3999370340982 -60.0135119239586,55.3957370343008 -60.0159199232153,55.3866200357852 -60.0247379198123,55.3811540369047 -60.0299459172264,55.3807030370676 -60.0315479172978,55.3838930370235 -60.0118859233933,55.4141960323198 -60.0090889245805,55.406678033624 -60.0013569286437,55.4090570327462 -59.9994649285936,55.4096350327474 -59.9906489335906,55.4098560328027</coordinates></LinearRing></outerBoundaryIs></Polygon><Polygon><outerBoundaryIs><LinearRing><coordinates>-60.2108258458216,55.3455510425874 -60.2120158462685,55.3425840430115 -60.2199998423118,55.3377890443096 -60.2239738416697,55.3316310450821 -60.2335448373472,55.3250080455063 -60.236352836558,55.3263740460484 -60.2339808367449,55.3329840446717 -60.2388098355265,55.3400500444301 -60.2384368354675,55.3455210436679 -60.2348578367284,55.3516810425705 -60.2232698415303,55.3551150419024 -60.2192608423966,55.3542070422898 -60.2172418436611,55.3491890428926 -60.2108258458216,55.3455510425874</coordinates></LinearRing></outerBoundaryIs></Polygon><Polygon><outerBoundaryIs><LinearRing><coordinates>-61.1425654470085,55.9974549743455 -61.1311594512943,55.9966359737016 -61.1363424499542,55.9927219746369 -61.1452654449576,55.99196697483 -61.149378443417,55.9937559743874 -61.1736104340493,55.9878619757483 -61.1911714271717,55.9909019756303 -61.192931426154,55.9956659746603 -61.1847654291982,55.9999889740506 -61.1439304456543,55.9999889738753 -61.1425654470085,55.9974549743455</coordinates></LinearRing></outerBoundaryIs></Polygon><Polygon><outerBoundaryIs><LinearRing><coordinates>-61.6746062079831,56.4916649217934 -61.6791862061853,56.4867699224567 -61.6865672032106,56.4828689235903 -61.7185581905103,56.48080192396 -61.722798189123,56.4841159240396 -61.7216401890864,56.4877399236225 -61.7085591947886,56.4907999227369 -61.6984981988818,56.496906922156 -61.6907512022026,56.4957729220259 -61.6786742069796,56.4968029213869 -61.6746062079831,56.4916649217934</coordinates></LinearRing></outerBoundaryIs></Polygon><Polygon><outerBoundaryIs><LinearRing><coordinates>-62.067770049221,56.4466969334272 -62.0629780521707,56.4447509331508 -62.0802360446281,56.4353679344071 -62.0987910367788,56.4353759348388 -62.1108280322143,56.4395569343564 -62.1142390308293,56.4432909341053 -62.1127490306329,56.4464499342219 -62.1000300348593,56.4506989331874 -62.0765060455577,56.4457789335718 -62.067770049221,56.4466969334272</coordinates></LinearRing></outerBoundaryIs></Polygon><Polygon><outerBoundaryIs><LinearRing><coordinates>-61.2653903705121,56.6212079017776 -61.2664063707371,56.6194119016101 -61.2761493661943,56.6174349016321 -61.292238360584,56.6101759036139 -61.2963233586466,56.6107649036478 -61.2978963574244,56.6156079022253 -61.2897673608607,56.6260909011892 -61.2819713637775,56.6292769012179 -61.276886366708,56.6343649000189 -61.2655173694981,56.6399468992304 -61.2608953714865,56.6404848991703 -61.2616293718535,56.6334259002431 -61.2697023690775,56.6236309015392 -61.2653903705121,56.6212079017776</coordinates></LinearRing></outerBoundaryIs></Polygon><Polygon><outerBoundaryIs><LinearRing><coordinates>-61.1230604343915,56.5217939113564 -61.1284734319518,56.5137489129165 -61.1334674300298,56.5134539123081 -61.141489426176,56.5157749125401 -61.1515494216211,56.5144999126112 -61.1564244204419,56.5153509123886 -61.1597924190623,56.5186579122977 -61.1585564196885,56.5263859111589 -61.1546534202927,56.5319719109457 -61.1473494239463,56.5344729099532 -61.1387164259541,56.5339669101211 -61.1376744265187,56.5320959106211 -61.1419474262484,56.5269849112425 -61.1300144301963,56.5263649104896 -61.1230604343915,56.5217939113564</coordinates></LinearRing></outerBoundaryIs></Polygon><Polygon><outerBoundaryIs><LinearRing><coordinates>-61.3668663436446,56.269443944314 -61.3692073428125,56.2624359450419 -61.3762123411522,56.2621999455244 -61.3883313357318,56.2559519463212 -61.4024943305496,56.2538809470702 -61.4196833236591,56.254406946587 -61.4215763230172,56.2560659464608 -61.4187603225527,56.2596329462381 -61.4114623262483,56.2628329454615 -61.4055473277411,56.260367946011 -61.4005903302771,56.2606749455467 -61.4043453293073,56.2642099458352 -61.3943193336337,56.2700739445473 -61.3668663436446,56.269443944314</coordinates></LinearRing></outerBoundaryIs></Polygon><Polygon><outerBoundaryIs><LinearRing><coordinates>-60.8997185405886,56.1171299561083 -60.8978835420626,56.1152399564157 -60.9029795394719,56.1135949565361 -60.9050935379663,56.1093259576577 -60.9126325356869,56.1077609578342 -60.9209075330892,56.0995989587015 -60.9250315304047,56.0992899589861 -60.9279395294701,56.1025889582507 -60.9332835275033,56.1023219585811 -60.9357815262664,56.105605957937 -60.9335925282758,56.110554957593 -60.9374725250884,56.1198279561524 -60.936327526077,56.1227569562636 -60.9271055290563,56.1247179559405 -60.9158925343138,56.1188429570445 -60.907183538168,56.1162539565747 -60.8997185405886,56.1171299561083</coordinates></LinearRing></outerBoundaryIs></Polygon><Polygon><outerBoundaryIs><LinearRing><coordinates>-61.0423644614714,56.6541458950339 -61.0392824620859,56.651984894979 -61.0484804597715,56.6513788952704 -61.0552574558928,56.6463508961983 -61.0615114541919,56.6461028957132 -61.0683314500236,56.6634678942931 -61.0660374512646,56.6654478938466 -61.0558074555888,56.6678508930359 -61.054090456276,56.6721338930955 -61.0320074647476,56.672764892065 -61.0288234655491,56.6715178929994 -61.0333404649143,56.6682398935815 -61.035132463826,56.6632738932282 -61.0467014598328,56.6600028946821 -61.0518024564151,56.6551478950328 -61.0423644614714,56.6541458950339</coordinates></LinearRing></outerBoundaryIs></Polygon><Polygon><outerBoundaryIs><LinearRing><coordinates>-62.4778667857412,58.1916307421945 -62.480268786376,58.1825407435583 -62.4841917829841,58.1821637438171 -62.4883627822791,58.1843067431868 -62.5009807773601,58.1834217439088 -62.5095257730423,58.1849677440431 -62.5153787698324,58.1937717424877 -62.5237477658505,58.1978257426918 -62.5219717663952,58.2044147419845 -62.5166677683873,58.2059057417655 -62.5082647722265,58.2023127421539 -62.4937417786865,58.2054377417312 -62.4912647800259,58.2037847420336 -62.4923937797032,58.2001537417908 -62.5001467760654,58.1948317421187 -62.49768677766,58.192950742241 -62.4878437824897,58.1913787423939 -62.4778667857412,58.1916307421945</coordinates></LinearRing></outerBoundaryIs></Polygon><Polygon><outerBoundaryIs><LinearRing><coordinates>-61.5789392582917,56.2546239491122 -61.5782262593051,56.2534649489209 -61.5830692573485,56.2499509493701 -61.6169032426926,56.2436299506603 -61.6382942347572,56.243110951132 -61.6525102277091,56.2446599509034 -61.628080237746,56.2558289489277 -61.6222662402534,56.2565739488313 -61.6053472466954,56.2531139494187 -61.5789392582917,56.2546239491122</coordinates></LinearRing></outerBoundaryIs></Polygon><Polygon><outerBoundaryIs><LinearRing><coordinates>-61.2951463547236,56.7107928910944 -61.3002463536079,56.7056968923614 -61.3104683496224,56.7032738925924 -61.3149783466507,56.7038728923725 -61.3155033468767,56.7068558926362 -61.3235053433156,56.7139628919758 -61.3244833420837,56.7206198901771 -61.316808344509,56.7265428901927 -61.3082133484746,56.7292448897355 -61.3007033511295,56.729469889568 -61.2963283534734,56.7275058894049 -61.2942433553034,56.7235568899877 -61.2993263532596,56.7145778910237 -61.2951463547236,56.7107928910944</coordinates></LinearRing></outerBoundaryIs></Polygon><Polygon><outerBoundaryIs><LinearRing><coordinates>-62.396131824158,58.1218267484752 -62.3882118294453,58.1180047488795 -62.3900448277435,58.1166727491541 -62.4165618167149,58.1144947497333 -62.4219828139126,58.1171227495363 -62.4230368129614,58.1203437489291 -62.416697814747,58.1414577466468 -62.4104968167026,58.1433827468762 -62.4032458211071,58.142086746472 -62.3996708224556,58.137896747304 -62.4022768214099,58.1320117474337 -62.396131824158,58.1218267484752</coordinates></LinearRing></outerBoundaryIs></Polygon><Polygon><outerBoundaryIs><LinearRing><coordinates>-61.2529293800018,56.5138929138642 -61.2195893938191,56.5084909140116 -61.2239883920184,56.5058899143561 -61.2333983890838,56.5068779151087 -61.2402243864904,56.5048109151414 -61.2471103829571,56.4942979162977 -61.2503813825405,56.4946289161358 -61.2550983794552,56.5009469155507 -61.2719793733617,56.5055969149844 -61.2727903726057,56.5097359146354 -61.2774303699724,56.5128509141142 -61.2766393714898,56.5164789140473 -61.2616183769188,56.5178309134216 -61.2529293800018,56.5138929138642</coordinates></LinearRing></outerBoundaryIs></Polygon><Polygon><outerBoundaryIs><LinearRing><coordinates>-61.5223992813019,56.2449539486229 -61.5144332847149,56.2424399496676 -61.5175342839161,56.2400199498911 -61.5444142724916,56.2378509506657 -61.5560812684184,56.2402499502706 -61.5758712599818,56.2392359505089 -61.5755342598717,56.2428829506817 -61.5487362710567,56.2528199485618 -61.5425732737124,56.2528609483781 -61.5260282800433,56.2498629484043 -61.5217032812126,56.2479069485777 -61.5223992813019,56.2449539486229</coordinates></LinearRing></outerBoundaryIs></Polygon><Polygon><outerBoundaryIs><LinearRing><coordinates>-58.619377493822,54.8532910917119 -58.6206574944533,54.850568091866 -58.6318804900487,54.8461350927982 -58.6402194864529,54.845094092465 -58.6512684820726,54.8459020926706 -58.6567154794471,54.8484760924459 -58.6674714752891,54.8460930928805 -58.6725884733514,54.8468300927125 -58.6752584725567,54.8498270923262 -58.6691744741043,54.8543220919668 -58.6615704772119,54.8569730914359 -58.6421014854495,54.8597150912234 -58.6298634904138,54.8588920910115 -58.6220434924638,54.856290091319 -58.619377493822,54.8532910917119</coordinates></LinearRing></outerBoundaryIs></Polygon><Polygon><outerBoundaryIs><LinearRing><coordinates>-61.1691804283317,56.1653679540063 -61.1679574296275,56.161445954315 -61.1729484272877,56.1606979548808 -61.1801294245955,56.1625339545857 -61.1952084175129,56.163253954842 -61.2049844147043,56.1676819546065 -61.2095884115599,56.1785669531073 -61.2060394139265,56.1811879526239 -61.1801614245295,56.1778379526033 -61.1660874295228,56.1714329534887 -61.1630854320305,56.1688279537973 -61.1691804283317,56.1653679540063</coordinates></LinearRing></outerBoundaryIs></Polygon><Polygon><outerBoundaryIs><LinearRing><coordinates>-61.5321132788728,56.2162509522675 -61.5335822786377,56.2094459531937 -61.5371142770813,56.2068099536336 -61.5476792726931,56.2078089541182 -61.5567802687242,56.211276953988 -61.5635572659927,56.2219769525853 -61.560073267153,56.2241599526667 -61.5328782782475,56.229744951746 -61.5217702819336,56.2300999507454 -61.5196162834151,56.2268379517939 -61.5211732828971,56.2234569522462 -61.5321132788728,56.2162509522675</coordinates></LinearRing></outerBoundaryIs></Polygon><Polygon><outerBoundaryIs><LinearRing><coordinates>-58.4007525826384,54.8010290971782 -58.4052715803009,54.7965240970703 -58.4136075772812,54.7954940977237 -58.4205005751802,54.8010640969839 -58.4286695713248,54.8043680960926 -58.4436305657212,54.8057070967182 -58.4479025634602,54.8075870959154 -58.4466295639997,54.809853095535 -58.4225995736243,54.8182080946858 -58.4166895758818,54.8176690952701 -58.4133055779281,54.8132910953181 -58.3987375827093,54.8119550948974 -58.4007525826384,54.8010290971782</coordinates></LinearRing></outerBoundaryIs></Polygon><Polygon><outerBoundaryIs><LinearRing><coordinates>-57.7017488667701,54.2755201606402 -57.7002758665308,54.273896160844 -57.7291228557113,54.2673701614082 -57.7509838464139,54.2670991621639 -57.7621648430859,54.2695931614159 -57.7681698404463,54.2740461616139 -57.7781548354489,54.2769701606507 -57.7668268411033,54.2772141609218 -57.7510228470191,54.280801160394 -57.7404818501196,54.2808241600797 -57.7388078520859,54.2757731607691 -57.7329978539291,54.2749761607517 -57.7218178589705,54.2795601600056 -57.7017488667701,54.2755201606402</coordinates></LinearRing></outerBoundaryIs></Polygon><Polygon><outerBoundaryIs><LinearRing><coordinates>-60.9930394803972,56.7018438884359 -60.9945144801576,56.6998368888593 -61.007166474379,56.6982078898907 -61.0153224717023,56.6996238892693 -61.0278184655441,56.706901888649 -61.0405084609918,56.7086988884187 -61.0451044578758,56.7122808877283 -61.0397214591397,56.7196418874956 -61.0177734695759,56.7150188879742 -61.0087684726556,56.7174578871869 -60.9926004793059,56.7132498877099 -60.9980434775419,56.7054408878835 -60.9930394803972,56.7018438884359</coordinates></LinearRing></outerBoundaryIs></Polygon><Polygon><outerBoundaryIs><LinearRing><coordinates>-60.9157385366388,56.0763509616552 -60.9138295362679,56.0678339625831 -60.9220235342446,56.0640069628577 -60.934335529306,56.0671809631855 -60.9330095287505,56.0607379638844 -60.9427515258605,56.0613099640759 -60.9520215219086,56.0476989654304 -60.9576175197683,56.0488059652269 -60.9585895196892,56.0547829649678 -60.9641595177469,56.0561149646635 -60.9645975164535,56.0595559639116 -60.9497335222356,56.0720599621995 -60.9278295316628,56.0779149613812 -60.9157385366388,56.0763509616552</coordinates></LinearRing></outerBoundaryIs></Polygon><Polygon><outerBoundaryIs><LinearRing><coordinates>-62.4225337996433,58.3574987241787 -62.4091368062374,58.3505907244102 -62.4118648049899,58.3490497250159 -62.4201298018917,58.3489947245911 -62.4241617997386,58.3474837251391 -62.4434787914499,58.3508537248523 -62.4554617868912,58.3476747253339 -62.462205783996,58.3505587257224 -62.4669307809423,58.357280724131 -62.4653187812431,58.3613637240427 -62.4617257831225,58.3628837235459 -62.4626687819413,58.3677027235568 -62.4578427845389,58.368290722936 -62.448553788512,58.364441723438 -62.4396907924661,58.3665397230296 -62.4336447943363,58.3659597233752 -62.4225337996433,58.3574987241787</coordinates></LinearRing></outerBoundaryIs></Polygon><Polygon><outerBoundaryIs><LinearRing><coordinates>-60.0330549131454,55.5227170192415 -60.0330559125793,55.5124590200895 -60.0503349054769,55.5079090209909 -60.0643959006264,55.5099640210556 -60.0708228976413,55.5063170221445 -60.07845489505,55.5154380206773 -60.0752438955275,55.5184070208168 -60.0736368961021,55.526379019106 -60.0700218971077,55.5275170186619 -60.0595749010677,55.52523801935 -60.0471149073189,55.5275130186879 -60.043096908568,55.5206710193259 -60.0390809099756,55.5224910199478 -60.0330549131454,55.5227170192415</coordinates></LinearRing></outerBoundaryIs></Polygon><Polygon><outerBoundaryIs><LinearRing><coordinates>-60.7752455908885,56.1531179505347 -60.7752865912665,56.1421559521547 -60.7908725842601,56.1383789523154 -60.7961185825754,56.1390239527278 -60.800545580587,56.1432949520441 -60.8060425786688,56.1453219518862 -60.8061355775213,56.1480679516971 -60.8011605795411,56.1485749515623 -60.7996775796843,56.1508029515753 -60.7968965804707,56.167838949213 -60.7833505870513,56.1680339493234 -60.7823745868794,56.162287950218 -60.773597590768,56.1637959500726 -60.7696985927478,56.1620569495993 -60.7696335921279,56.1590879498377 -60.7752455908885,56.1531179505347</coordinates></LinearRing></outerBoundaryIs></Polygon><Polygon><outerBoundaryIs><LinearRing><coordinates>-58.0318027272049,54.9146540803608 -58.028091728806,54.9095690815428 -58.0429537226702,54.8970300829941 -58.0540417177487,54.8969840830047 -58.068259712992,54.9061120818389 -58.0715767114903,54.9114150806988 -58.0693467126436,54.9166260807664 -58.0575127160301,54.923737079621 -58.0539967187121,54.9227670794069 -58.0491797204566,54.9158400807731 -58.0422057236039,54.9125370806804 -58.0369187256612,54.915417080633 -58.0318027272049,54.9146540803608</coordinates></LinearRing></outerBoundaryIs></Polygon><Polygon><outerBoundaryIs><LinearRing><coordinates>-61.7743721295412,57.2788128328682 -61.7764481303907,57.2745248331218 -61.8074041166089,57.2682728342507 -61.8345281056793,57.2717358343763 -61.840659102884,57.2739618338134 -61.8435391011423,57.2795148340787 -61.8401591019631,57.2842228329463 -61.8313261057064,57.2885588320324 -61.8245071088309,57.2892918324303 -61.820490111257,57.2823288336498 -61.8082521163068,57.2822348332014 -61.7983811194326,57.2840238327603 -61.7989421202402,57.2778698329791 -61.7966831208671,57.2748418331539 -61.7743721295412,57.2788128328682</coordinates></LinearRing></outerBoundaryIs></Polygon><Polygon><outerBoundaryIs><LinearRing><coordinates>-62.9445145674539,58.5160907159842 -62.9473255669535,58.5129437158892 -62.9619505601495,58.5095297162891 -62.9660045588808,58.500232717091 -62.969602557429,58.4984617180741 -62.9720545569582,58.5012437175098 -62.9701065574615,58.5046387174108 -62.9748795545718,58.512485716686 -62.966527558286,58.5205677153742 -62.9662225570257,58.5329027141371 -62.9536065627285,58.5390887133228 -62.9461585649094,58.5394207134748 -62.937150569793,58.536524713564 -62.9318665725184,58.5371247130596 -62.9302175716,58.5354967134086 -62.9413735681961,58.5317987140121 -62.9465905666368,58.5250357143633 -62.9445145674539,58.5160907159842</coordinates></LinearRing></outerBoundaryIs></Polygon><Polygon><outerBoundaryIs><LinearRing><coordinates>-62.5275847551546,58.3726837237867 -62.5389037502817,58.3605767254887 -62.5541777439302,58.3599667258426 -62.5583917423988,58.3618777253879 -62.5696547363529,58.3625597254386 -62.5735737351136,58.3685767246359 -62.5724657352795,58.3719837250019 -62.5664877372054,58.3764347241284 -62.5592277403622,58.3744627240292 -62.5538847430901,58.3761837243406 -62.5554267422422,58.3789557238061 -62.5638267376063,58.3832357233208 -62.5622947384112,58.3864057228138 -62.5548197423154,58.3873977231279 -62.5515077436729,58.3850487232206 -62.5420247468423,58.3837127229685 -62.5361527503139,58.3806277236615 -62.5381577498534,58.3770097240243 -62.5275847551546,58.3726837237867</coordinates></LinearRing></outerBoundaryIs></Polygon><Polygon><outerBoundaryIs><LinearRing><coordinates>-60.7189106192899,55.9703529723209 -60.7208886188112,55.9671559722664 -60.7265646171841,55.9664429732044 -60.7448646093748,55.9677199726922 -60.76731359933,55.9737509721718 -60.7702385985091,55.9785239715532 -60.767513598639,55.9851459710466 -60.7622806017186,55.9881329709569 -60.7545696045543,55.9888589705093 -60.7439146091162,55.9836689705793 -60.7228146175964,55.9858259703384 -60.720758619509,55.9842379704077 -60.7320586144264,55.9793999714884 -60.7336316129598,55.9762039716374 -60.7311376147008,55.9727979719582 -60.7209746189756,55.9726149716733 -60.7189106192899,55.9703529723209</coordinates></LinearRing></outerBoundaryIs></Polygon><Polygon><outerBoundaryIs><LinearRing><coordinates>-58.7028684608892,54.8763700893467 -58.6880784671846,54.8689050899761 -58.7010804615288,54.8583300915368 -58.7114924573877,54.8543360915584 -58.7164804565127,54.8548730917502 -58.7209544538392,54.8553550918573 -58.7295414504896,54.858868091318 -58.732079449313,54.8661960907055 -58.7299424498532,54.8711900903288 -58.7242944523143,54.8745540891055 -58.717155455374,54.8751560894442 -58.7063214597783,54.8798310885775 -58.7028684608892,54.8763700893467</coordinates></LinearRing></outerBoundaryIs></Polygon><Polygon><outerBoundaryIs><LinearRing><coordinates>-63.6655831918409,59.4518206324117 -63.6688441917691,59.4379266334511 -63.6730221893269,59.4345436341136 -63.6766181877267,59.4343536340114 -63.6782341863512,59.4387066337795 -63.6903301817707,59.4392966334629 -63.706102174419,59.4376336344309 -63.7102901720832,59.4452136333641 -63.7077111723529,59.4536446330025 -63.7002921757473,59.459500631624 -63.6954351782906,59.457393632219 -63.6867971823459,59.4600416313879 -63.6791851846478,59.459502631144 -63.6739091878973,59.456706631775 -63.6666381897467,59.4589116316801 -63.666338190501,59.4569046312919 -63.6655831918409,59.4518206324117</coordinates></LinearRing></outerBoundaryIs></Polygon><Polygon><outerBoundaryIs><LinearRing><coordinates>-58.2502086396927,54.9848830728056 -58.2514976386803,54.9826170735393 -58.2575636367301,54.9799700732062 -58.2716746305209,54.9746980738784 -58.2788506280253,54.9738890747726 -58.2847456261659,54.9751140741346 -58.2743016294689,54.9781580738895 -58.2677526317208,54.9828500731107 -58.2738766294154,54.9881900725876 -58.2753976290389,54.9999890707225 -58.2765586276307,55.008988069748 -58.2668076321488,55.0140950691244 -58.2580966356996,55.0135160694721 -58.2554096367779,55.0114230696686 -58.2592096353462,55.0062290699669 -58.2542286375154,54.9999890711502 -58.2509226389455,54.9958390711878 -58.2487826395932,54.9903340725808 -58.2502086396927,54.9848830728056</coordinates></LinearRing></outerBoundaryIs></Polygon><Polygon><outerBoundaryIs><LinearRing><coordinates>-61.4847502435593,57.4569128089337 -61.4837322442602,57.4543698088268 -61.4996482382513,57.447979809969 -61.5072842338553,57.4479718104626 -61.5162522302976,57.4516568100492 -61.5321252237725,57.4541708093522 -61.5607402101906,57.469618808221 -61.5671092076721,57.4782558073636 -61.562342209922,57.4792638069521 -61.5553922132606,57.476550807247 -61.5460062158035,57.4769708072071 -61.5411732189724,57.4743158076833 -61.5334192215508,57.4754648071371 -61.5320252226207,57.4717328079286 -61.5303992245195,57.4673768080164 -61.5234512258315,57.4646648086601 -61.5208482270465,57.4609298090135 -61.5128762312538,57.4600178085786 -61.5069802335035,57.4552688091142 -61.5015702357781,57.4542038092579 -61.4847502435593,57.4569128089337</coordinates></LinearRing></outerBoundaryIs></Polygon><Polygon><outerBoundaryIs><LinearRing><coordinates>-57.3116110177616,54.4722641342295 -57.3126440176215,54.4684041342799 -57.3211940142852,54.463569134915 -57.332751009525,54.4606291353222 -57.3376660078349,54.4634791349392 -57.3467150044713,54.4629901349913 -57.357414000603,54.467343134793 -57.3614869977875,54.471081134547 -57.3605579982638,54.4733431337435 -57.3477060031124,54.4780891336118 -57.3339680085469,54.4782421334265 -57.3304980101666,54.4834141326337 -57.3272900114718,54.4844851322668 -57.3192590145018,54.4813421329822 -57.3085940186004,54.4824711326459 -57.3071300201678,54.480839132529 -57.3112270176403,54.4781921329219 -57.3074740189277,54.4755941335169 -57.3116110177616,54.4722641342295</coordinates></LinearRing></outerBoundaryIs></Polygon><Polygon><outerBoundaryIs><LinearRing><coordinates>-60.1197418791115,55.4486470289286 -60.1253508765996,55.4415750303345 -60.1297608761347,55.4404410300274 -60.1405888705229,55.4417990305533 -60.1582598642818,55.4518250290492 -60.162284862013,55.45797802837 -60.1550798643316,55.4641310278754 -60.149458866674,55.4636810273923 -60.1450518680615,55.4661900273937 -60.1374258720017,55.4675600268014 -60.1306048745206,55.4666520269207 -60.1289978749629,55.4648300272133 -60.1297858752264,55.457763028597 -60.1149428817506,55.4595870277342 -60.1133388819415,55.457993027846 -60.1185498789135,55.4545740286568 -60.1197418791115,55.4486470289286</coordinates></LinearRing></outerBoundaryIs></Polygon><Polygon><outerBoundaryIs><LinearRing><coordinates>-60.9615725063129,56.3420269303906 -60.9655105052062,56.3362199310608 -60.975988500539,56.3345259316079 -60.9864114968544,56.3296279326638 -61.0032914905588,56.3295209327284 -61.0122774867326,56.3263999333891 -61.0180434839571,56.3263709327263 -61.0201514830075,56.3296429326134 -61.011868486521,56.3375819315486 -61.0130224859738,56.3458459305827 -61.0069524878367,56.3486099304791 -60.9992354915613,56.3476599303942 -60.9942314929596,56.3445179308802 -60.9884124959539,56.3450059304437 -60.9842674974666,56.3489729298842 -60.9624185062467,56.3454829297831 -60.9615725063129,56.3420269303906</coordinates></LinearRing></outerBoundaryIs></Polygon><Polygon><outerBoundaryIs><LinearRing><coordinates>-61.6000971953475,57.4577148103691 -61.5993381947131,57.4567788102622 -61.6069911922275,57.4521988106609 -61.6142761892909,57.4514818114956 -61.6383341795193,57.4571888109497 -61.6440171763901,57.4598618103604 -61.6479331743165,57.4677388094769 -61.6463821745179,57.4706728091393 -61.6396091777597,57.4704778098585 -61.6251201831015,57.4798968084796 -61.613623188143,57.4802638076539 -61.6065381898554,57.4832608075623 -61.601337193038,57.4755748080269 -61.609598190221,57.4691818090563 -61.6066951924186,57.4640698097352 -61.6164501870416,57.4641148097861 -61.6195881860871,57.4623758098219 -61.6185581872569,57.4598388100809 -61.609491190267,57.4570648104105 -61.6000971953475,57.4577148103691</coordinates></LinearRing></outerBoundaryIs></Polygon><Polygon><outerBoundaryIs><LinearRing><coordinates>-60.3082347975464,55.6435780078222 -60.3226067924706,55.6228190099879 -60.3282357900379,55.6207510102745 -60.3423477835366,55.6230060102358 -60.3476457829044,55.6321110089959 -60.3549177786087,55.6345980082927 -60.3492937813365,55.6371200087795 -60.3469177823876,55.6430510077765 -60.3413007836855,55.6462520068771 -60.3215707919736,55.6497080070213 -60.3114797958029,55.6472140067666 -60.3082347975464,55.6435780078222</coordinates></LinearRing></outerBoundaryIs></Polygon><Polygon><outerBoundaryIs><LinearRing><coordinates>-57.2374540472308,54.4728711334749 -57.2409200455165,54.4679261339134 -57.247126043268,54.463044134976 -57.2546380407955,54.4620711354345 -57.2671080360998,54.4573291353409 -57.2720130333062,54.4601831355063 -57.2806600301182,54.459920135375 -57.2917100258847,54.4647361352833 -57.2819710291863,54.4697701338951 -57.2799840305443,54.4761211328458 -57.2640960368638,54.4791871326057 -57.2606130382784,54.484361132559 -57.246314043583,54.4870041315079 -57.2445400437839,54.4842231319665 -57.2524090405554,54.4780091331642 -57.2483110425999,54.4747171333608 -57.2374540472308,54.4728711334749</coordinates></LinearRing></outerBoundaryIs></Polygon><Polygon><outerBoundaryIs><LinearRing><coordinates>-57.1958850639182,54.4554681362107 -57.1964460636121,54.452970136038 -57.2067210593708,54.4459011370183 -57.2202570545864,54.4427881375739 -57.2304060499101,54.4375391376055 -57.231427049365,54.4398501374587 -57.2202490536748,54.44872413672 -57.2211650541496,54.4526251358774 -57.2295460501275,54.4562451351737 -57.2285350514598,54.459649135269 -57.2308560499572,54.4601601351749 -57.2356890474748,54.4582141356919 -57.2371130473328,54.4603011355156 -57.228062051006,54.4667181342498 -57.2293360507994,54.471084133696 -57.2253140519989,54.4725921336644 -57.2006300624761,54.4722521334549 -57.1965260640374,54.4691821339095 -57.1999060620463,54.4656111339541 -57.1981450632026,54.4626011346033 -57.1993900621787,54.4557761354868 -57.1958850639182,54.4554681362107</coordinates></LinearRing></outerBoundaryIs></Polygon><Polygon><outerBoundaryIs><LinearRing><coordinates>-58.7159334540112,54.974842076381 -58.7204474518471,54.9701020776948 -58.7264014496694,54.9699360778754 -58.7338494469183,54.9727560770947 -58.742542443207,54.9737630771473 -58.7475974412795,54.9770090767953 -58.7645054342429,54.9945270744023 -58.7499084395052,54.9918600752859 -58.7426724421787,54.994752074189 -58.7367324448962,54.994457074748 -58.7269474485832,54.9907760751269 -58.7249564493465,55.0027740737608 -58.7217444512457,55.0038770734505 -58.7200724514323,54.9999880736579 -58.718791452009,54.9970020741833 -58.7200974526035,54.9933670743035 -58.7148084543187,54.9850970752416 -58.7173574525694,54.979874076026 -58.7159334540112,54.974842076381</coordinates></LinearRing></outerBoundaryIs></Polygon><Polygon><outerBoundaryIs><LinearRing><coordinates>-61.1911634202169,56.1510169563245 -61.190657421167,56.1480329562935 -61.1959544194063,56.1443219572262 -61.2150694116224,56.1376389576441 -61.2322604050203,56.1416209575216 -61.2359644028606,56.1453979576077 -61.2360914017544,56.1600159553933 -61.2209504084059,56.1638649546953 -61.2141284114169,56.1625029549778 -61.2055964145313,56.1578829549698 -61.1953214181722,56.1582349554547 -61.1879994220928,56.1538809558639 -61.1911634202169,56.1510169563245</coordinates></LinearRing></outerBoundaryIs></Polygon><Polygon><outerBoundaryIs><LinearRing><coordinates>-57.1498790807891,54.5430031243062 -57.1461140831165,54.5406351250368 -57.1658450751923,54.5278521260386 -57.1774790704245,54.5242431266631 -57.1813540691848,54.5250131271313 -57.1767320708263,54.5294691264616 -57.1773110700985,54.5324561258977 -57.1718070729741,54.5325561254608 -57.1695350739564,54.5370711254875 -57.1815420688936,54.5510521236721 -57.1783140688074,54.5580561226529 -57.1702150732721,54.5615241222195 -57.1618690764246,54.5629281215602 -57.1586350775513,54.5585101219293 -57.1539580792814,54.5579501226724 -57.1478660821234,54.5607701223664 -57.1431600834828,54.5606541217196 -57.1401930845031,54.5580761222227 -57.140445085199,54.5544291225318 -57.1591490770552,54.5452781242061 -57.1589310780187,54.5427581242279 -57.1498790807891,54.5430031243062</coordinates></LinearRing></outerBoundaryIs></Polygon><Polygon><outerBoundaryIs><LinearRing><coordinates>-59.3001792129671,55.2998280404993 -59.301545212831,55.290711041739 -59.3084252089773,55.2857360423123 -59.3220092042024,55.2860460419794 -59.3362621982363,55.293427041457 -59.3405551965837,55.2993820406486 -59.3457401955191,55.2998700405797 -59.3526041917276,55.2960320410947 -59.3565511906326,55.2990200414147 -59.3515501924223,55.310849039811 -59.3495451930771,55.311291039826 -59.3456021940924,55.3080760395391 -59.3315912002138,55.3091350395305 -59.3264312020966,55.3070530392207 -59.3155852069249,55.3099490393087 -59.3100212094565,55.30809003966 -59.3085172096533,55.3028380403704 -59.3029272114821,55.3023460401806 -59.3001792129671,55.2998280404993</coordinates></LinearRing></outerBoundaryIs></Polygon><Polygon><outerBoundaryIs><LinearRing><coordinates>-61.0070164760417,56.6397018962075 -61.0084864764765,56.6376998964011 -61.0314884661009,56.6323018973261 -61.034932466552,56.6273888977942 -61.0418714630281,56.6246538985883 -61.0480264611663,56.6253178982168 -61.0624454549641,56.633795897347 -61.0666184522508,56.6373678974981 -61.0654654530902,56.6402928965418 -61.0526154575637,56.643977896638 -61.0427644613221,56.6429638962765 -61.0395684629228,56.6455958953961 -61.0303214671759,56.6466558954804 -61.0251684688832,56.6519658950295 -61.017447471056,56.6542208946133 -61.0017874779077,56.6568918939724 -60.9973124789669,56.6560558941324 -61.0040504780474,56.6514818945109 -61.013762473456,56.6499868947065 -61.0070164760417,56.6397018962075</coordinates></LinearRing></outerBoundaryIs></Polygon><Polygon><outerBoundaryIs><LinearRing><coordinates>-61.1768724039435,56.7166178895958 -61.1754064034652,56.714745889259 -61.1797654016488,56.7128248895695 -61.2092083905854,56.7096638910456 -61.2195023861458,56.7026828915182 -61.2303213826415,56.7025678915785 -61.2326913817035,56.7037888913673 -61.232474379728,56.7177208900456 -61.2351703792263,56.7237428896712 -61.2304753816778,56.7288508884888 -61.2177483862903,56.731185888381 -61.1768724039435,56.7166178895958</coordinates></LinearRing></outerBoundaryIs></Polygon><Polygon><outerBoundaryIs><LinearRing><coordinates>-62.0198790596052,56.6317829107229 -62.0213290598246,56.6293109110068 -62.0255600570557,56.6282769114259 -62.0339490536659,56.6321419111536 -62.0482960476956,56.634102910411 -62.056352044184,56.6420719094632 -62.0734390363549,56.6511699091146 -62.0802400339379,56.6593329084681 -62.0763830346742,56.6608309081076 -62.065150039635,56.6612359081916 -62.0586920425776,56.6590199081715 -62.0434480494842,56.6577279076808 -62.0404770501377,56.653541908167 -62.0168660602264,56.6431249091027 -62.0283270565962,56.6349689100334 -62.0198790596052,56.6317829107229</coordinates></LinearRing></outerBoundaryIs></Polygon><Polygon><outerBoundaryIs><LinearRing><coordinates>-62.2087699099224,58.0235397561254 -62.2051179111785,58.0207187569044 -62.2140899076262,58.0163507574356 -62.2177979056658,58.0120357581296 -62.2221689046293,58.0069397584897 -62.2267759030384,58.0086437587152 -62.2361738977897,58.0365057558659 -62.2273009003552,58.0449877543686 -62.2201739029926,58.047790754361 -62.2187859034363,58.059646753006 -62.2123819056883,58.0588117530856 -62.2018539117493,58.0503467536561 -62.2047529098379,58.0465277537426 -62.1996369125777,58.0404707549571 -62.2041419115609,58.0380607549823 -62.2002659118333,58.0327157556076 -62.205010911024,58.0273397559281 -62.2153729062792,58.0271187557945 -62.2189799056876,58.0251457564562 -62.2087699099224,58.0235397561254</coordinates></LinearRing></outerBoundaryIs></Polygon><Polygon><outerBoundaryIs><LinearRing><coordinates>-57.9590387640965,54.3124051571907 -57.9599547640094,54.3096811577322 -57.9685627610548,54.3093721580336 -57.9784507572576,54.3068011582982 -57.9806257559888,54.3102611573474 -57.9896077519079,54.3101851576467 -58.0053827469026,54.3070261578992 -58.0076597454643,54.3084331576749 -58.0303127372008,54.3083581580083 -58.0399947329334,54.3101161582715 -58.0408347325554,54.3169791566439 -58.0348397352396,54.3198481561806 -58.0031807464529,54.3202371563345 -57.9987687486987,54.3226711557607 -57.9853867541893,54.3247261553553 -57.9705727594514,54.3240211555155 -57.9664387616705,54.3207511555477 -57.9693727601451,54.3166931563583 -57.9590387640965,54.3124051571907</coordinates></LinearRing></outerBoundaryIs></Polygon><Polygon><outerBoundaryIs><LinearRing><coordinates>-61.2016963875632,56.8474348742515 -61.1931063917505,56.8419048748292 -61.1978733897661,56.8402288752632 -61.2055653873358,56.8306498766381 -61.2220453802982,56.8286628773941 -61.2285113781616,56.8226968772939 -61.2367993741379,56.8231918781705 -61.2439273718962,56.8188478783551 -61.2474553698257,56.8210148778815 -61.2445883707654,56.828464877159 -61.2398483719732,56.8299138767498 -61.2366803735959,56.8362118764567 -61.2377843727791,56.8376168763557 -61.246945369861,56.8337938768584 -61.2513813675391,56.8353048767485 -61.254260366876,56.843624875565 -61.2519223666634,56.8460608750625 -61.2449293692758,56.8490418746867 -61.2369793739552,56.849247874531 -61.2317653748017,56.8472558744712 -61.2222223793152,56.846717875258 -61.2171213813756,56.8515858744944 -61.2100893841026,56.8470188744333 -61.2016963875632,56.8474348742515</coordinates></LinearRing></outerBoundaryIs></Polygon><Polygon><outerBoundaryIs><LinearRing><coordinates>-61.0263164780504,56.4198609223982 -61.0281614759717,56.4180949222379 -61.0343504742627,56.4180769227074 -61.0485374677446,56.4128469231684 -61.0451624695927,56.4097599235158 -61.0473404695991,56.4086919234475 -61.0676234613494,56.4080049242904 -61.0912094509182,56.4110759242329 -61.1069214456486,56.4106869240831 -61.1121874421072,56.4115489241728 -61.1093814430658,56.4146549238797 -61.1037434459516,56.4172069233804 -61.0912934513443,56.4179349232153 -61.0688064601622,56.4274639214958 -61.0618404623134,56.4269989221675 -61.0594384630578,56.4301189213809 -61.0395084718506,56.4312739207147 -61.0367294727406,56.430267921372 -61.0361534728145,56.4279639214413 -61.0431814703078,56.4240879220794 -61.0413014702492,56.4224249220724 -61.0278124764051,56.4212849219029 -61.0263164780504,56.4198609223982</coordinates></LinearRing></outerBoundaryIs></Polygon><Polygon><outerBoundaryIs><LinearRing><coordinates>-61.7297101809365,56.5991709101722 -61.7258231834224,56.5963249105536 -61.7308071807298,56.5916679112457 -61.7402461767689,56.5880469120495 -61.7514621722447,56.5876739118759 -61.7764381618264,56.5908749118091 -61.7904541566626,56.5962789112766 -61.8021081509469,56.5956839113446 -61.8183531439314,56.5993239111833 -61.8341381382413,56.5988349114368 -61.8395021358396,56.6037749112525 -61.8279591401141,56.6078039107556 -61.8118801466901,56.6069109102315 -61.8082491480717,56.6104659099307 -61.7978721529929,56.6106459099461 -61.7926631544499,56.6086729100993 -61.7899841553814,56.6015209105651 -61.7835751587268,56.5990589109337 -61.7521261718919,56.5986519105116 -61.7476261739501,56.6026379098803 -61.7421891756296,56.6031729097099 -61.7297101809365,56.5991709101722</coordinates></LinearRing></outerBoundaryIs></Polygon><Polygon><outerBoundaryIs><LinearRing><coordinates>-58.3534416005234,54.8471570912769 -58.3595685978252,54.832638092781 -58.3675265947181,54.8313830928762 -58.377654591229,54.8351700920299 -58.3814045890032,54.8402450912491 -58.3788515896512,54.8447690909704 -58.3714975937205,54.8506060904112 -58.3800575891487,54.8541450898464 -58.3899565859914,54.8538210897875 -58.3971805825595,54.8511820900519 -58.3982615823742,54.8539350901197 -58.3869645873799,54.8594900893979 -58.3806675890998,54.8685260878639 -58.3603245978647,54.8725860872833 -58.3559895992761,54.8720630874023 -58.3478576027488,54.8774350866403 -58.3467926026313,54.8744480871483 -58.3582025985638,54.8565830892022 -58.3534416005234,54.8471570912769</coordinates></LinearRing></outerBoundaryIs></Polygon><Polygon><outerBoundaryIs><LinearRing><coordinates>-57.7329748523811,54.3537631506168 -57.7289318545624,54.3491181511036 -57.7354288522562,54.3446731517651 -57.7417278491291,54.3438801522232 -57.7533618451769,54.338390152591 -57.7604768434113,54.3369261527966 -57.7693448385773,54.3391501525237 -57.7761238360999,54.35114715094 -57.7856068326495,54.3565761502811 -57.7873018317781,54.3687061489402 -57.7805588342628,54.3704111490442 -57.7715968377496,54.3697861487907 -57.7567818439392,54.3617441497862 -57.7446858474883,54.3612901498903 -57.7412448499911,54.3598561504346 -57.7425918496537,54.3566821499498 -57.7391998509652,54.3543371506017 -57.7329748523811,54.3537631506168</coordinates></LinearRing></outerBoundaryIs></Polygon><Polygon><outerBoundaryIs><LinearRing><coordinates>-58.8972303814857,54.9876370761553 -58.8965403815784,54.9839830766298 -58.9062193771604,54.9783680777471 -58.9146243740133,54.9757130782138 -58.919338372543,54.9773530783262 -58.9223173711514,54.9844490765099 -58.9375803644154,54.992118076343 -58.9417683626257,54.9987730751099 -58.9409873627455,54.9999900752548 -58.9363833652539,55.007164073904 -58.9340353655951,55.0205990724917 -58.9287653674876,55.0246630717468 -58.9225953706383,55.0261130720026 -58.9202973712291,55.0147710725592 -58.9079623768402,55.0014220744141 -58.9076763758836,54.9999900751103 -58.9062183766923,54.9927420758836 -58.8972303814857,54.9876370761553</coordinates></LinearRing></outerBoundaryIs></Polygon><Polygon><outerBoundaryIs><LinearRing><coordinates>-60.2434288207502,55.7535139929856 -60.2434148194018,55.7503199935671 -60.2482438183716,55.7459869939261 -60.2518798176686,55.7453019942971 -60.2575408152772,55.7468869938984 -60.2648108112001,55.7464219940239 -60.2760868078866,55.7393429951144 -60.2938348011511,55.7343069961911 -60.3023177960839,55.7345159961111 -60.3039467969056,55.736564996049 -60.2983247984076,55.7422719949059 -60.3000287968371,55.7577639931563 -60.2944137989186,55.7650679922731 -60.2835218035311,55.7694089912492 -60.2687708093461,55.7620709923098 -60.2547528156727,55.7550899929497 -60.2434288207502,55.7535139929856</coordinates></LinearRing></outerBoundaryIs></Polygon><Polygon><outerBoundaryIs><LinearRing><coordinates>-61.202610388946,56.795593880579 -61.1775194000831,56.7886168814062 -61.1853053974269,56.7820138822799 -61.196197393366,56.7814488822663 -61.2061713888599,56.7737688828434 -61.2136433856522,56.7740098826929 -61.2260883819249,56.7705238835351 -61.2316103780753,56.7734378834535 -61.2417163737553,56.7723918838316 -61.2464363723215,56.7750558833335 -61.2575753669651,56.7760938832272 -61.2629353654621,56.7806048825521 -61.2613303653281,56.7839808820223 -61.2520773690634,56.7848328820752 -61.242952373723,56.7884248819419 -61.2220353817978,56.7852478822692 -61.2206963829106,56.7861178821537 -61.2274193799914,56.7895328811837 -61.227156379326,56.7920378807506 -61.2118193864295,56.795200880621 -61.202610388946,56.795593880579</coordinates></LinearRing></outerBoundaryIs></Polygon><Polygon><outerBoundaryIs><LinearRing><coordinates>-58.7540024362046,55.1399430563123 -58.756476434355,55.1372340563896 -58.7600604332385,55.1372680570224 -58.765047431144,55.1432580559072 -58.7714704284848,55.1417240559195 -58.7789374239237,55.1577650543416 -58.776424426556,55.1618480539255 -58.769572428783,55.1642850533193 -58.7687214283699,55.1661000528861 -58.7694054284666,55.1697540527834 -58.7643534307864,55.1783670516448 -58.7660544290733,55.1877410502363 -58.7615144314631,55.1927040500296 -58.7522264343999,55.1964870491226 -58.7491184357847,55.2064890475448 -58.7447044381789,55.2073550479956 -58.7379904408653,55.1926880493254 -58.7451034387463,55.1820450510721 -58.7528834349876,55.1755060518025 -58.7538484346621,55.1718220523687 -58.7578694330912,55.1564100540042 -58.7548554340085,55.1508980549765 -58.7573924342291,55.1461370559667 -58.7540024362046,55.1399430563123</coordinates></LinearRing></outerBoundaryIs></Polygon><Polygon><outerBoundaryIs><LinearRing><coordinates>-61.4410592739025,57.1884658390575 -61.4441272729455,57.1830718394918 -61.4580912667563,57.1782268397842 -61.4685282628609,57.1833388396864 -61.4914202524494,57.1860698396139 -61.5051152477631,57.1924128387376 -61.5076702458771,57.1963738385653 -61.5061392467068,57.1990688381624 -61.4968542493388,57.1992578381925 -61.4934992500289,57.2076108369558 -61.4867082530594,57.2080998367326 -61.4834942559375,57.2022898373199 -61.4781802577701,57.204875837284 -61.4744852586077,57.2038528366443 -61.4672512614851,57.2045558367688 -61.4581932657288,57.2024578368454 -61.4515472678003,57.2056888367519 -61.4443382719136,57.2061608363157 -61.443629271393,57.2006538368242 -61.4382742745662,57.1952408374152 -61.4410592739025,57.1884658390575</coordinates></LinearRing></outerBoundaryIs></Polygon><Polygon><outerBoundaryIs><LinearRing><coordinates>-61.7762581123973,57.6417167920718 -61.7572401199126,57.6352657926786 -61.7608741184661,57.6328497930151 -61.7702751145499,57.6326447930016 -61.7772321117046,57.6358027931709 -61.7912041065656,57.6368567930169 -61.8010571009804,57.641009792711 -61.8140170960901,57.6438607928732 -61.8177080950074,57.6501277919358 -61.8338230873695,57.6606067907099 -61.8287480889547,57.664817790034 -61.8223210914485,57.6651047900577 -61.8121770960215,57.6593517907311 -61.7998561016683,57.6587977903777 -61.7776911095581,57.6678087893908 -61.771151113928,57.6646617894196 -61.7685511147042,57.6559067901566 -61.7600961192931,57.6458557917185 -61.764028117708,57.6448207918703 -61.7739891121951,57.6478267915227 -61.7762581123973,57.6417167920718</coordinates></LinearRing></outerBoundaryIs></Polygon><Polygon><outerBoundaryIs><LinearRing><coordinates>-61.2525663644221,56.8956688697719 -61.2520883648113,56.892230870341 -61.2647003597335,56.891479870594 -61.2769093553761,56.8866118707506 -61.2781763545672,56.8784218716438 -61.2872473510731,56.86751187294 -61.2914793495913,56.8669598732676 -61.3062423433993,56.8735888729222 -61.3158613398375,56.8734328732851 -61.3235563354989,56.8798378717711 -61.3248423353476,56.8876458713049 -61.3174343389007,56.8906188708885 -61.3079103420864,56.8978608704154 -61.2983813457969,56.8971068695946 -61.2936533479125,56.8983308695299 -61.2883803493851,56.8967938702166 -61.2759233542766,56.9000548695623 -61.2600243609525,56.9002458690854 -61.2525663644221,56.8956688697719</coordinates></LinearRing></outerBoundaryIs></Polygon><Polygon><outerBoundaryIs><LinearRing><coordinates>-57.0995311022804,54.4767191327526 -57.1017111002982,54.4735731331914 -57.1154150955305,54.4739001334998 -57.1140830954823,54.4761511324862 -57.1159300949928,54.4777961327068 -57.1353340875324,54.4750601325981 -57.1405990856273,54.4783831321964 -57.1445480832196,54.4780161323571 -57.1476180828171,54.4732951329395 -57.1511890804067,54.4726911334204 -57.1717060728547,54.4838911323932 -57.1734960723727,54.4848631317887 -57.1763350718952,54.4892711313485 -57.1741730712383,54.492188131174 -57.1647410756236,54.4924251313835 -57.1603820781623,54.4872971315952 -57.1537100794614,54.4930761305144 -57.1401080847979,54.4911581310704 -57.1263150914297,54.4976811298751 -57.113450095769,54.4964651304067 -57.1019211013943,54.4929891305005 -57.0962601028695,54.4841771320588 -57.1054270991341,54.4821141319415 -57.106792098967,54.4794041324776 -57.0995311022804,54.4767191327526</coordinates></LinearRing></outerBoundaryIs></Polygon><Polygon><outerBoundaryIs><LinearRing><coordinates>-61.592748237647,56.5797499102727 -61.5923322382376,56.5753969108915 -61.5945682374085,56.5736389113654 -61.6025632345422,56.5722699116092 -61.6192542285642,56.5709239119058 -61.6364892204632,56.5725599119189 -61.6502552151272,56.5759239121733 -61.6708202061461,56.5774199117797 -61.6767422040484,56.5805589120577 -61.678504202597,56.5883719109018 -61.6686192052847,56.5921979103424 -61.6340672202733,56.5896189103261 -61.6280062226711,56.5924149093212 -61.6138922283828,56.592693908945 -61.592748237647,56.5797499102727</coordinates></LinearRing></outerBoundaryIs></Polygon><Polygon><outerBoundaryIs><LinearRing><coordinates>-62.7626216453915,58.5235697119834 -62.7645576450401,58.5149997124844 -62.7667596441502,58.5148127127826 -62.7687876426565,58.5171317126903 -62.7768576392223,58.514080713001 -62.7921316324841,58.5143547133012 -62.8018356292785,58.5129327133639 -62.8036856270903,58.5248497121509 -62.8018036281946,58.5268677120047 -62.8059936254175,58.5296817118706 -62.7996716279142,58.5327677113544 -62.7961406298987,58.5400167105655 -62.7895136326547,58.541037710772 -62.7859696326812,58.5551417088095 -62.7827936341996,58.5569107083535 -62.7689306394025,58.5548317084587 -62.7638836429553,58.5517697084267 -62.755494647086,58.5397367094909 -62.7559606465033,58.5326607107899 -62.761472645748,58.5286517110714 -62.7626216453915,58.5235697119834</coordinates></LinearRing></outerBoundaryIs></Polygon><Polygon><outerBoundaryIs><LinearRing><coordinates>-64.2393278815661,60.1624025735125 -64.2459188796877,60.1553615745114 -64.2514828764812,60.1526565747404 -64.2606368738498,60.1531675749156 -64.2689588691533,60.1502525754549 -64.2739798668492,60.151192575461 -64.2806928637819,60.1580855742887 -64.2875598608636,60.158581574448 -64.292533858152,60.161578574246 -64.3003388548377,60.1611665744855 -64.3034538526279,60.1655235748201 -64.3015848547293,60.1671105741876 -64.2942668575033,60.1661575748804 -64.2916968569795,60.1784695729866 -64.2975488540625,60.1833005730598 -64.2947188556623,60.1867105720335 -64.2748348643111,60.1929895713834 -64.2673738672077,60.1979715711009 -64.2600098695776,60.198837570588 -64.2569218710176,60.1935665711561 -64.2611708704413,60.1887965719366 -64.2576378718635,60.1828415713715 -64.2585368714975,60.1723645731841 -64.2589128722309,60.1680045736827 -64.2538928747498,60.1668285735792 -64.2455468780509,60.1706585731729 -64.2391298808621,60.1703905725172 -64.2415468807243,60.165382573362 -64.2393278815661,60.1624025735125</coordinates></LinearRing></outerBoundaryIs></Polygon><Polygon><outerBoundaryIs><LinearRing><coordinates>-58.8502533991241,54.9999880748576 -58.8526333987849,54.9933660749993 -58.8578683967613,54.9906810754763 -58.8613813946357,54.9927670753522 -58.8618653946547,54.999990074148 -58.8630473944263,55.0176470726065 -58.8576013966068,55.0413140691872 -58.8532243978718,55.0415040696499 -58.8457804001159,55.0380100696176 -58.8437464019834,55.0395860694465 -58.8499273990453,55.0455790683657 -58.8477573993843,55.0519420683835 -58.8430164016881,55.0509840682546 -58.8391834037944,55.0461540684839 -58.8344454044244,55.0451960689516 -58.8319444054945,55.0492780684397 -58.8263054076046,55.0517320680179 -58.8197324100175,55.0589610670514 -58.817743411385,55.0589450670382 -58.8092634153448,55.0501940678031 -58.8117524142749,55.0467960684897 -58.8078624160271,55.0440180685478 -58.8070024157801,55.0397610695606 -58.8064784160615,55.0371550691814 -58.8362584044361,55.0240020709019 -58.8408804027042,55.028835070683 -58.8463654005675,55.0313960706279 -58.8509603992104,55.0236900716067 -58.8465894015254,55.0101900732299 -58.8502533991241,54.9999880748576</coordinates></LinearRing></outerBoundaryIs></Polygon><Polygon><outerBoundaryIs><LinearRing><coordinates>-62.0838149883378,57.5129168111356 -62.0837229903232,57.4987528129615 -62.0910209870669,57.4977878127796 -62.1002959832029,57.49344281299 -62.0983799851615,57.4858548139619 -62.10472298225,57.4809838144188 -62.1255549732134,57.4805718149076 -62.1553349606916,57.4901898147787 -62.1589409583098,57.4980428140951 -62.1540399602766,57.5008978135283 -62.1294889706981,57.5051088126529 -62.1175379751096,57.5109938118353 -62.0914109870764,57.513560810868 -62.0838149883378,57.5129168111356</coordinates></LinearRing></outerBoundaryIs></Polygon><Polygon><outerBoundaryIs><LinearRing><coordinates>-61.6870101540986,57.5529178010788 -61.6847871557809,57.5494238009464 -61.6875721533504,57.546993801299 -61.6927711515015,57.5459948016079 -61.7090141438715,57.5496368017064 -61.7204301396556,57.5504038018477 -61.7497951274728,57.5594248007135 -61.7533611258179,57.5622638008235 -61.7473541269529,57.5719347995627 -61.7437911296324,57.5736617995783 -61.7324311347146,57.5722117990495 -61.7157421410939,57.577696798571 -61.7122121412315,57.5835497974674 -61.7091351430154,57.5846067980978 -61.6944031493712,57.5782597980782 -61.6857961534194,57.5702517986129 -61.6829811555607,57.5640077997058 -61.6870101540986,57.5529178010788</coordinates></LinearRing></outerBoundaryIs></Polygon><Polygon><outerBoundaryIs><LinearRing><coordinates>-61.4541882536957,57.4948728038614 -61.4537462546289,57.486629805264 -61.4573172535405,57.4849058053984 -61.4735232469066,57.4842418061069 -61.4830542426889,57.4781238063915 -61.4882022415122,57.4775848066892 -61.510115230791,57.4878198055496 -61.5136942297236,57.4945528047563 -61.5121072294297,57.4977038044973 -61.4993522344656,57.4977918042138 -61.4977322357784,57.5055158037314 -61.4911482374596,57.5076098034685 -61.4882172401599,57.5114108026142 -61.4921512368951,57.5188378021967 -61.4801932420031,57.5194048017201 -61.4675122488121,57.5144608019848 -61.4541802537131,57.5117838022786 -61.4529272540228,57.5102318023352 -61.4466262574267,57.5024178035659 -61.4541882536957,57.4948728038614</coordinates></LinearRing></outerBoundaryIs></Polygon><Polygon><outerBoundaryIs><LinearRing><coordinates>-60.9901205100267,55.9623799764805 -60.9872005111866,55.9589819765879 -60.9919855095678,55.9553039767327 -61.0123025015219,55.9556159778057 -61.0313414932716,55.9534309773591 -61.063018480374,55.9534269783591 -61.0796614730991,55.9546579784231 -61.0825464737162,55.9548679782203 -61.0915484683438,55.957534978006 -61.0955374665048,55.9707179766142 -61.0916164691601,55.9762159756879 -61.0875884694933,55.9776149758654 -61.0627854793476,55.9771199757212 -61.0447484873541,55.9706459759096 -61.0353654912782,55.9688879758189 -61.0236104957582,55.9701159760435 -61.0178864981316,55.9685629759695 -61.0218564971246,55.9646609767454 -61.0197764978237,55.9626279766581 -61.0100515020765,55.9636049760753 -60.9901205100267,55.9623799764805</coordinates></LinearRing></outerBoundaryIs></Polygon><Polygon><outerBoundaryIs><LinearRing><coordinates>-58.7523024381735,55.0292980706889 -58.7536204373743,55.0254320708829 -58.7684804325914,55.0198860714248 -58.7775994281282,55.0204390709964 -58.7848964263,55.0154950720649 -58.7935524222753,55.0050970735693 -58.7961234210176,54.9999890737007 -58.7990404205075,54.9941980751414 -58.8070884159697,54.9904030755426 -58.8234364111365,54.9743730773425 -58.8272854096313,54.9648290793192 -58.843627403884,54.9620240792848 -58.8482694010174,54.9659510792061 -58.8466064021119,54.9686710785235 -58.8418274032366,54.9693070779995 -58.8368554056886,54.9765550772273 -58.8320404078164,54.9785610768197 -58.8233104103059,54.9919360750536 -58.8207324117408,54.9999900746973 -58.8202514112793,55.0014810740404 -58.808231415008,55.0184720720662 -58.8091684155757,55.026921071052 -58.8063844170942,55.0271240709823 -58.8037484174257,55.0223040710692 -58.8009764191684,55.0220500713504 -58.7952344208986,55.0281490701661 -58.7882704243938,55.0291720706149 -58.7778204282622,55.0261430706788 -58.7741284291842,55.0299840700034 -58.7685464317907,55.0306090706705 -58.7623854338706,55.0371630687248 -58.7572434359165,55.036423068878 -58.7523024381735,55.0292980706889</coordinates></LinearRing></outerBoundaryIs></Polygon><Polygon><outerBoundaryIs><LinearRing><coordinates>-59.367627191077,55.0908820670155 -59.3736831894569,55.0852170674887 -59.3867791831183,55.0868840674471 -59.4047281763541,55.0833360683682 -59.4074881751005,55.084717068312 -59.4066321761938,55.0888180673121 -59.3936181804003,55.1067660651203 -59.387172183422,55.1117440645254 -59.379980186129,55.1135300641658 -59.3794171865132,55.115730063853 -59.3782801859833,55.1201320630484 -59.3575701937757,55.1446460603603 -59.3404332001948,55.1454580601598 -59.3372832014554,55.1433860603971 -59.3473741973371,55.1354650612856 -59.3594311936151,55.1052030651968 -59.367627191077,55.0908820670155</coordinates></LinearRing></outerBoundaryIs></Polygon><Polygon><outerBoundaryIs><LinearRing><coordinates>-61.2377234003657,56.2036829501863 -61.2406443991325,56.1992149510446 -61.2441013971542,56.1974989509785 -61.287817379788,56.1909069529973 -61.3037963733225,56.1909599528161 -61.3092193708058,56.1940989527048 -61.3080993710119,56.1970329518891 -61.2941923764904,56.2048119507492 -61.2997653736343,56.2104679504833 -61.3000293729405,56.2159579495239 -61.2951033758893,56.2240259488031 -61.2917163763587,56.2250599483778 -61.2776363824866,56.2223249487789 -61.2657923871947,56.225830948514 -61.2518423930489,56.2258379477181 -61.2503453932932,56.2244179476214 -61.2560383915696,56.2209509489649 -61.2549493914143,56.2195429488286 -61.240667396791,56.218856948799 -61.2381573994453,56.2153479491417 -61.2485903951858,56.2056349507648 -61.2377234003657,56.2036829501863</coordinates></LinearRing></outerBoundaryIs></Polygon><Polygon><outerBoundaryIs><LinearRing><coordinates>-57.2923890274502,54.2386401636419 -57.295339026017,54.2352801641179 -57.3008030235596,54.2351731646397 -57.3086860205375,54.239919163768 -57.3372500098815,54.2506071621903 -57.3439570076453,54.2555511621219 -57.3452820071143,54.2600591610371 -57.3465200063537,54.2642901611752 -57.3429950065409,54.2706081598927 -57.3335760112041,54.277473159475 -57.2928210266065,54.2859301575286 -57.2791590329745,54.2858511578505 -57.2781720326698,54.2830881583316 -57.2832080303649,54.2777191584344 -57.2930710269424,54.2761161592147 -57.3154700181026,54.2677081602699 -57.3161120177591,54.2638411609312 -57.3046870233337,54.2594721613317 -57.2935170266791,54.2512291622509 -57.2923890274502,54.2386401636419</coordinates></LinearRing></outerBoundaryIs></Polygon><Polygon><outerBoundaryIs><LinearRing><coordinates>-61.0498584495463,56.8619038708934 -61.049462449972,56.8541148714953 -61.0526984482233,56.851253872281 -61.0636284449566,56.8543588719935 -61.0694794427195,56.8543238719442 -61.0762904403272,56.849292872783 -61.0787024387931,56.8425138733709 -61.0704994430297,56.8374408739804 -61.0715564424566,56.8354188743291 -61.0758634393584,56.8341948744573 -61.0799154389627,56.8352438746782 -61.0826454371402,56.8408128740703 -61.0959924313444,56.8446848733467 -61.0958024317428,56.8528098729764 -61.1021874281499,56.8567768716543 -61.1091824254052,56.8615728718858 -61.1053094268093,56.8664738705519 -61.1084774244647,56.8757218699031 -61.105357425935,56.881332869523 -61.0783754370409,56.8797578690885 -61.0794924364349,56.8848238688104 -61.0762524375617,56.8876848678192 -61.0687074415668,56.8878948678021 -61.0578234454065,56.8843268680593 -61.0636844436926,56.8804138689303 -61.0598204458627,56.8775448692763 -61.0507694486266,56.8763278691219 -61.0486734498209,56.8726038693392 -61.0559824473022,56.8669018701104 -61.0498584495463,56.8619038708934</coordinates></LinearRing></outerBoundaryIs></Polygon><Polygon><outerBoundaryIs><LinearRing><coordinates>-61.2289184064965,56.126445959547 -61.2247874079185,56.1228829598644 -61.23411140514,56.1197579602843 -61.2438263997169,56.1207579605364 -61.2456573993915,56.1148799610405 -61.2504713989202,56.1118399616042 -61.2579473953355,56.1107099623704 -61.259696393389,56.1176149609758 -61.2672063919401,56.1201419605653 -61.2900193816157,56.1211019611083 -61.3073833735175,56.1273609604881 -61.3183273692265,56.1283959605676 -61.3198193688612,56.1298109602814 -61.3080013735191,56.1374279591923 -61.2986553769326,56.1528859575546 -61.2913543789233,56.1521989573625 -61.282637382565,56.1574029565934 -61.2768053856613,56.1583569559613 -61.2736563873175,56.1571129561479 -61.2777973858125,56.1526769571729 -61.277560384613,56.1469619578617 -61.267139390025,56.1368099585504 -61.2611103930287,56.1356999592774 -61.2477563975556,56.1382419584018 -61.2428044003535,56.1346549582357 -61.2359364032756,56.1337509588826 -61.2297434051761,56.13035295897 -61.2289184064965,56.126445959547</coordinates></LinearRing></outerBoundaryIs></Polygon><Polygon><outerBoundaryIs><LinearRing><coordinates>-61.4994922383733,57.4239768128874 -61.4976712394213,57.4209528134191 -61.5081532355189,57.4178268135855 -61.5193342313542,57.407637814623 -61.5263682272158,57.4051018152482 -61.5377742242012,57.4054308151561 -61.5518292173185,57.4133758149609 -61.5604522131672,57.4291578131874 -61.5754142050833,57.4410178116822 -61.5763722056348,57.4442418115814 -61.5668442084993,57.4549418101318 -61.560205211268,57.4577218094912 -61.5529462148034,57.4581998092717 -61.5477362171058,57.4550788103246 -61.5466922171146,57.4527628103307 -61.5516102153833,57.4501618099958 -61.5468292174305,57.4427108112363 -61.5426422204103,57.4421348113122 -61.5395042213145,57.4438738110155 -61.5296642259414,57.4403918111837 -61.5225022285216,57.4399528113966 -61.516471230445,57.436581811635 -61.5098202328007,57.4352458115173 -61.5080292345834,57.4276498119344 -61.501359237751,57.4247778122068 -61.4994922383733,57.4239768128874</coordinates></LinearRing></outerBoundaryIs></Polygon><Polygon><outerBoundaryIs><LinearRing><coordinates>-61.6609811596683,57.6469837901898 -61.6624961602183,57.6450307903766 -61.6703931566912,57.6427307906173 -61.6730391560433,57.6373177915505 -61.6814671515749,57.6338967919002 -61.6882721500524,57.6340837918772 -61.6967721449181,57.6388857915261 -61.7056431418003,57.6398127916366 -61.7156731373124,57.6510537899406 -61.7257151330239,57.6531567903308 -61.7286511307076,57.6582647894645 -61.7265201312709,57.6673467887406 -61.7286431313279,57.6719707878743 -61.7263011315725,57.6741987880166 -61.7164231353395,57.6748427880339 -61.708948138858,57.6771547875519 -61.6907261461259,57.6757437868353 -61.6831391497662,57.6791907869987 -61.6767941526506,57.6785617869057 -61.6698171552339,57.6756247868178 -61.6672931561573,57.6707567878481 -61.6678031573514,57.6609417884444 -61.6760151535976,57.6568157887307 -61.6790051522847,57.6553117897654 -61.6657161580937,57.6515157892187 -61.6600641599621,57.6481587901265 -61.6609811596683,57.6469837901898</coordinates></LinearRing></outerBoundaryIs></Polygon><Polygon><outerBoundaryIs><LinearRing><coordinates>-61.263799393045,56.0912479637817 -61.2645913939685,56.0858039651295 -61.2726593893882,56.0908589645534 -61.2755073881294,56.0909509643291 -61.2783713875185,56.0869329648963 -61.2992143787398,56.086913965043 -61.3161483725887,56.0851679654876 -61.3313663663395,56.0801659660151 -61.3371153645761,56.0798919663875 -61.3385373626406,56.0819929662282 -61.323816369837,56.090205964825 -61.3051053758663,56.097378964171 -61.3069613755783,56.0992629640385 -61.3146543726766,56.0999649636324 -61.3346763644194,56.0960309641905 -61.3350333647526,56.1006129638205 -61.3269673678382,56.1035489636405 -61.330928364866,56.1089249629197 -61.3267783665652,56.1135909618589 -61.3276313656763,56.1172719618702 -61.3245493681518,56.1194539615689 -61.3067843748797,56.1211829608936 -61.2716193897069,56.1129759619899 -61.2587993950056,56.1064009621192 -61.2559963954477,56.097854963496 -61.2574303955558,56.095847963231 -61.2592723945522,56.0956919636948 -61.2632053936223,56.0953529634691 -61.263799393045,56.0912479637817</coordinates></LinearRing></outerBoundaryIs></Polygon><Polygon><outerBoundaryIs><LinearRing><coordinates>-61.3269993540385,56.4077419272597 -61.3227783567119,56.4046399280057 -61.3346803519928,56.397018928429 -61.3441803478029,56.3968539289807 -61.4112953202268,56.4001509289378 -61.4323613119739,56.4011809291352 -61.4415263073027,56.4085379289288 -61.4361883094189,56.4124869282295 -61.4344433110278,56.4176869275853 -61.426414313862,56.4238399267397 -61.420130315774,56.4247859269776 -61.4053973219461,56.4236489267581 -61.3963963256233,56.4188049267735 -61.3886283282614,56.4181109271603 -61.3759523342936,56.4252559262377 -61.3706763355668,56.4244079257043 -61.3584583413195,56.4146659269875 -61.3430273484368,56.4082419277085 -61.3269993540385,56.4077419272597</coordinates></LinearRing></outerBoundaryIs></Polygon><Polygon><outerBoundaryIs><LinearRing><coordinates>-61.550038262286,56.4248049282657 -61.5444792645128,56.4225849288092 -61.5500852624819,56.4200109292716 -61.5743672529785,56.4161579295372 -61.5854442478022,56.4167109300751 -61.5942552436275,56.4194759297601 -61.6074772392406,56.419178930004 -61.6288022305452,56.4248169297838 -61.6447362232959,56.4264159288429 -61.6484242217578,56.4310879292408 -61.6545542195794,56.4317209290993 -61.6603872168854,56.4355429290727 -61.6625222160674,56.4357339287486 -61.6751112109849,56.436874928449 -61.6756832101852,56.4396289277981 -61.6631942152632,56.4408729277694 -61.6545982185695,56.4490779271107 -61.6479462213994,56.4495739272391 -61.6391472257139,56.4465799270776 -61.6087812372509,56.4447899270047 -61.5869762468056,56.4484949257857 -61.5693452535267,56.4386169267348 -61.5638482571006,56.4313819274546 -61.5686962546392,56.4280939276695 -61.5644962563548,56.4245489286045 -61.550038262286,56.4248049282657</coordinates></LinearRing></outerBoundaryIs></Polygon><Polygon><outerBoundaryIs><LinearRing><coordinates>-61.0478984758184,56.2373779445132 -61.0477354761967,56.2350839448413 -61.0542434734484,56.2318839444472 -61.0625904703359,56.2305649453743 -61.0698514667941,56.2317239450942 -61.0760864645511,56.2310209448013 -61.0741204663885,56.226387945457 -61.084839462198,56.2182969466579 -61.0997314559889,56.2171939469855 -61.1073254522893,56.2190519475044 -61.1247754440378,56.2285349463096 -61.132085441342,56.2292379462921 -61.1426704378585,56.2261629465334 -61.1657634277254,56.2250949469327 -61.1746604240699,56.2262999472128 -61.192946416691,56.231926946062 -61.2289324012211,56.2330939467291 -61.2347394000408,56.2364779465705 -61.2351813996121,56.2401469459894 -61.2321264000539,56.2418749455785 -61.2155294070602,56.2436259450135 -61.1900664170306,56.2398219457355 -61.1738274248285,56.2420329451151 -61.1693284260681,56.2418869450346 -61.1554164318964,56.2414289453714 -61.144469436085,56.244033944207 -61.135035439744,56.2439549448031 -61.1270254432982,56.2420889445353 -61.1172584470998,56.2374239448157 -61.0874544593176,56.2359709446306 -61.0737134651427,56.2377939439847 -61.0478984758184,56.2373779445132</coordinates></LinearRing></outerBoundaryIs></Polygon><Polygon><outerBoundaryIs><LinearRing><coordinates>-59.9884109368341,55.316613044738 -59.992819935576,55.3097680452828 -60.0000039314497,55.3083530452936 -60.003213930128,55.3077290456376 -60.0128199274872,55.3013510468676 -60.0248209234175,55.286991048392 -60.0332169187745,55.2819800491759 -60.0559869100745,55.2819910496879 -60.0639789066872,55.2792550494945 -60.0751599026412,55.2658050512696 -60.0939248952974,55.2612470524844 -60.0959248948517,55.2632980517977 -60.0911388959832,55.2719610505054 -60.0919388963166,55.2756080504801 -60.0955338941876,55.2760660507248 -60.1031208917772,55.273102050655 -60.1059188910125,55.2751500504014 -60.0987338932477,55.2810790496874 -60.09355189477,55.2943040485416 -60.0843608980986,55.297952047315 -60.0791649002458,55.2984080478231 -60.0715689038732,55.2881480488223 -60.0603809080256,55.2915650478699 -60.0555849110053,55.2961240474231 -60.0567839090406,55.2981760470142 -60.0675769056899,55.296357047939 -60.0691739048753,55.2981800471844 -60.0635779061377,55.3059310467557 -60.0539859101277,55.3088920456816 -60.0471899128434,55.3091180455326 -60.0515889112762,55.3034180470072 -60.0487899127998,55.3018240470033 -60.0275029201882,55.3140800453602 -60.0115959267836,55.3232360441204 -60.0076049277857,55.3147970447937 -60.0052069296508,55.3143390452905 -60.0012049317952,55.3177530446201 -59.9904059351445,55.3186620438714 -59.9884109368341,55.316613044738</coordinates></LinearRing></outerBoundaryIs></Polygon><Polygon><outerBoundaryIs><LinearRing><coordinates>-61.4613602625475,57.2551118309982 -61.4744772566625,57.2420168327595 -61.4799912544926,57.2417228331017 -61.4877102518915,57.2446898328362 -61.4909052511851,57.2422748331375 -61.4837412530814,57.2379498337137 -61.4827752547215,57.234946833941 -61.491861250739,57.2283598349394 -61.5081932431702,57.2295228346587 -61.5145422414518,57.2335928342955 -61.5219242375065,57.2356338343115 -61.524332236578,57.2411888340561 -61.5288262343199,57.2426918336629 -61.5295502341621,57.2481928326264 -61.5357652315355,57.2579728320465 -61.5298412329905,57.2667128304357 -61.5219752361705,57.2694558303897 -61.5094642405786,57.280746828769 -61.5006362441079,57.2846038282039 -61.4893542489644,57.2833558283391 -61.4877542495325,57.2812258289718 -61.4863712504241,57.2793848289979 -61.4767092547001,57.2788728286216 -61.4732872564974,57.2751148291914 -61.4650522591589,57.2730498292856 -61.4634252606812,57.2681998301462 -61.4585332618821,57.2664578301186 -61.4579412625813,57.2639228298639 -61.4660062593461,57.2634768302618 -61.468359258713,57.2610328307915 -61.4623222616246,57.2581108304837 -61.4613602625475,57.2551118309982</coordinates></LinearRing></outerBoundaryIs></Polygon><Polygon><outerBoundaryIs><LinearRing><coordinates>-61.6506931522422,57.8972587617047 -61.6460071543336,57.8879887632435 -61.6576231502965,57.8832817637143 -61.6695081461041,57.8758317645116 -61.6741321442225,57.8768737649989 -61.6769671425792,57.8831177642748 -61.6853351380865,57.8854067637774 -61.6934311353341,57.8860867636722 -61.7120871270833,57.8840757649075 -61.7292011202423,57.884761764479 -61.7387541152936,57.8882217642205 -61.7432251146907,57.8908577641804 -61.7440851132797,57.8954517636922 -61.7375501152488,57.9101327616896 -61.7340791162154,57.9104947616163 -61.7287421192171,57.9078397627502 -61.7192041229066,57.9132997615721 -61.7010901308065,57.9139517616575 -61.6913471349788,57.9079707614248 -61.6862651371378,57.9071467617508 -61.683203139009,57.9077487614679 -61.6844811374403,57.9123577609471 -61.6781531392452,57.9156117605345 -61.6736351416958,57.922344760173 -61.6679311444059,57.9235617596665 -61.661892145974,57.9231257594466 -61.6525621503231,57.9224507592826 -61.6488241523079,57.9166377604894 -61.6391091565264,57.9104307609759 -61.6385401564397,57.907440761078 -61.640410156935,57.905891761027 -61.6464531543378,57.9056017609181 -61.6548941502075,57.9072047613898 -61.6629681473983,57.8991967622419 -61.6614521473796,57.8970977625075 -61.6506931522422,57.8972587617047</coordinates></LinearRing></outerBoundaryIs></Polygon><Polygon><outerBoundaryIs><LinearRing><coordinates>-61.0997514313789,56.8178448764993 -61.0954324334634,56.8154108772033 -61.1096484281085,56.8035438780259 -61.120641423747,56.8059608781973 -61.1247714215789,56.8102078780028 -61.1489624113631,56.8139698780123 -61.1578354073767,56.812885877431 -61.1588124066064,56.8115478777386 -61.1522354097166,56.8106458780485 -61.1503054112914,56.8053298787737 -61.1390204158808,56.7978778793472 -61.1446674137581,56.7957758795832 -61.1801393991609,56.7992098795801 -61.187030396149,56.8010338800458 -61.1891123945327,56.8049848790545 -61.1984233907556,56.807567879307 -61.2117453853438,56.8077618790869 -61.2155843827768,56.8108598787458 -61.2060863872975,56.8178678782844 -61.2014683884268,56.8181728775049 -61.1903413939316,56.8130238787142 -61.1830823976023,56.8146178779029 -61.1820833979817,56.8161858777898 -61.1873873943148,56.817264878077 -61.1907863925741,56.8205758772777 -61.1984163897769,56.8233338770209 -61.1846573953631,56.8311198765768 -61.1749823989075,56.84748887421 -61.1721943995666,56.8478698738471 -61.1682064014326,56.8484078738226 -61.1595494050096,56.8435678739927 -61.1555844065766,56.8377238749475 -61.1498584092487,56.8366198750498 -61.144140411577,56.8316348754926 -61.1193984235573,56.8251148758401 -61.1097294271794,56.818172876379 -61.0997514313789,56.8178448764993</coordinates></LinearRing></outerBoundaryIs></Polygon><Polygon><outerBoundaryIs><LinearRing><coordinates>-61.5595952510568,56.6146429060957 -61.5589662503504,56.6125689063934 -61.562403249089,56.6112939068841 -61.5771942432319,56.61264490653 -61.5934882352168,56.6112899071873 -61.5973612345558,56.6098039071511 -61.6067832310135,56.6109899074383 -61.6157212275945,56.6085059082364 -61.6201172250928,56.6102299073691 -61.6272702224679,56.6090629080255 -61.630648220923,56.6128169068731 -61.6417672168873,56.6135949075392 -61.6452662145917,56.620545907092 -61.6318562197712,56.6308929051878 -61.6264812211579,56.6439859034629 -61.6179712249509,56.6462549033931 -61.611379227203,56.6501779026487 -61.6022072311833,56.6505969021065 -61.5855732367639,56.6553689018682 -61.5705252436482,56.6565329014312 -61.5614822470488,56.6555829016879 -61.5578022484365,56.6506769021328 -61.5469112532505,56.6560669014591 -61.54408025497,56.6552999017398 -61.5381612575834,56.6478189019285 -61.5412782556419,56.6456269025035 -61.5588272492835,56.6399729035789 -61.5922452357149,56.6331789046054 -61.5962892340595,56.6298679051359 -61.5814662415096,56.6244129053047 -61.5732382445886,56.6193809056345 -61.5666692472108,56.6187329062996 -61.5595952510568,56.6146429060957</coordinates></LinearRing></outerBoundaryIs></Polygon><Polygon><outerBoundaryIs><LinearRing><coordinates>-60.821838576827,55.9999889694579 -60.8197355777158,55.9960249697821 -60.8354485710925,55.9886429712814 -60.8438565688968,55.9819919719888 -60.8445335683885,55.9749219733335 -60.8542255652274,55.9716759736985 -60.8620395605471,55.9766429731318 -60.8668965597254,55.9757039728972 -60.8676585595588,55.9731949732774 -60.8618535617049,55.9670749739662 -60.8646255605839,55.9636469745382 -60.8707255583113,55.963835975135 -60.874726557089,55.9608499753633 -60.875048556624,55.9565209754807 -60.8965485483531,55.9552469759844 -60.9161105395194,55.9585429761145 -60.9214875373226,55.9632919752474 -60.9336855322708,55.9636689752523 -60.9373945306145,55.9661519754685 -60.9358395321688,55.9693489744647 -60.9205725382503,55.9776489735382 -60.9145115404913,55.979283973434 -60.9027235445653,55.9791289727116 -60.9004045461591,55.9848449727181 -60.8886715495181,55.9874199719143 -60.8729685572083,55.9950269710107 -60.8660845591261,55.9999889704077 -60.88610755025,55.9999889703978 -60.8756575549043,56.0077829698379 -60.8716425567576,56.010837969227 -60.8721175565134,56.0138179686832 -60.8649525578965,56.0195049680062 -60.8607805600865,56.0202709679997 -60.8563405630175,56.0162279682382 -60.8559725633764,56.00868296891 -60.8570935613438,56.0059789695881 -60.8652485583303,56.006039969618 -60.8656575585179,56.0024029700966 -60.8607445611456,55.9999889702344 -60.821838576827,55.9999889694579</coordinates></LinearRing></outerBoundaryIs></Polygon><Polygon><outerBoundaryIs><LinearRing><coordinates>-61.4245633205973,56.2632339451961 -61.4222673212017,56.2615659460242 -61.4448383123668,56.2574619462232 -61.4599163067465,56.2586059472035 -61.4716023027615,56.2566769471222 -61.4929932934447,56.2561799480563 -61.5208452810054,56.2611229469481 -61.5399302728882,56.2719689465131 -61.5452962711157,56.2716719460708 -61.556098267259,56.2660539474292 -61.562738263504,56.2653349471803 -61.5826512560579,56.2675219478293 -61.5849372551661,56.2694139468104 -61.5813602566064,56.2725069470403 -61.5699992614965,56.275368946029 -61.5569382659519,56.274524945608 -61.5603652653994,56.2773699458988 -61.5481592691319,56.2847719443987 -61.5304552773099,56.2851569446565 -61.5251142785263,56.2808879445779 -61.5021772882505,56.2802009444765 -61.4916482919721,56.2828599441648 -61.4870022944641,56.2884249437004 -61.4824092964231,56.2891999434739 -61.4737032992821,56.2857369438644 -61.468453302322,56.2805559441625 -61.464084304163,56.2790499445904 -61.4596983053294,56.2818909441202 -61.4532023086717,56.276896944899 -61.4459203120318,56.2757609444986 -61.4405623130962,56.2801659435366 -61.4299993175176,56.2789319441985 -61.4365033156618,56.2758629447165 -61.4381863146424,56.2750709444903 -61.4288553180721,56.2738689448956 -61.4271423193169,56.2703929447426 -61.4338673165263,56.2646599459469 -61.4245633205973,56.2632339451961</coordinates></LinearRing></outerBoundaryIs></Polygon><Polygon><outerBoundaryIs><LinearRing><coordinates>-62.138228941817,57.9958497584529 -62.1401909401416,57.9929317583132 -62.1744199259452,57.9797937607721 -62.1790149252197,57.9709857617159 -62.1869519222578,57.9686537618156 -62.1933159193657,57.9644617623976 -62.2001249177366,57.954795763675 -62.2081849144749,57.9508717641882 -62.2142129109747,57.9507797649132 -62.2261109055897,57.9579057642318 -62.2265479065071,57.9631697632339 -62.2218989067528,57.9728887623468 -62.2293309037834,57.9821967614086 -62.2340119001898,57.9989847598573 -62.2306729010048,58.0030207591114 -62.2139609079386,58.0019567590332 -62.1983709156591,58.0029677589228 -62.1983009147758,58.0091357574608 -62.1916479167703,58.0167507568849 -62.1868639187844,58.0173257567848 -62.1822809212595,58.0153927574036 -62.1809719221162,58.0122447573067 -62.1779599236248,58.0050087575335 -62.170799926574,58.0030127584435 -62.1493249363936,58.0022857583669 -62.1421649386307,58.0002907577316 -62.1413349396872,57.9993597577057 -62.138228941817,57.9958497584529</coordinates></LinearRing></outerBoundaryIs></Polygon><Polygon><outerBoundaryIs><LinearRing><coordinates>-62.6384286973079,58.5441697077577 -62.6400736958481,58.539398707681 -62.6495456929144,58.53524470873 -62.6587776892972,58.5345077088299 -62.6699906841905,58.5303767089673 -62.6761166811806,58.5302657090297 -62.6786126800286,58.5321427095842 -62.6780826800702,58.5398987086561 -62.686878675621,58.5455487075679 -62.6935396723329,58.5440757084469 -62.7018176706947,58.53166271033 -62.7070096681538,58.5324437095497 -62.719292662995,58.5253637103936 -62.7197696639494,58.5182887114733 -62.7228076629293,58.518574711507 -62.723893661588,58.5200817114227 -62.7300076584558,58.5285307104808 -62.7387556548897,58.5284647104386 -62.7490336494022,58.5382467098632 -62.7339826549444,58.5605887076667 -62.7329326553333,58.5697107064196 -62.7251816579926,58.5743647055883 -62.7204176599011,58.5735897052601 -62.7180566614692,58.5696637065018 -62.7078316655074,58.5655907062352 -62.7020996675973,58.5661657061003 -62.7001056696335,58.5697867059583 -62.6960766705512,58.5710797054841 -62.6892256737566,58.5688977062278 -62.6774086794579,58.568900705488 -62.6744906804971,58.5667917054242 -62.6753186796072,58.5610917061257 -62.6617076856169,58.5617527060543 -62.6579656883012,58.5589327058962 -62.6636506862853,58.5526467067808 -62.6612636862458,58.5491747075565 -62.6547706888918,58.5481377070935 -62.6379966973782,58.5503307067214 -62.6329786991276,58.547034706896 -62.6384286973079,58.5441697077577</coordinates></LinearRing></outerBoundaryIs></Polygon><Polygon><outerBoundaryIs><LinearRing><coordinates>-61.7951771240067,57.2403038374377 -61.7904121255185,57.2324098384222 -61.7953901246727,57.2286618386681 -61.8121821174791,57.2247658391934 -61.8178801156673,57.2176068403008 -61.8427771057494,57.2125548410646 -61.850652101171,57.2187008401095 -61.8657100951693,57.2200138406768 -61.8782790897651,57.2303958401618 -61.8757730904225,57.234898838839 -61.8771930900781,57.2379038387115 -61.8832850873719,57.2405778390368 -61.8879310849777,57.2404708383938 -61.8994090800915,57.2346008391787 -61.909323076891,57.2321168400389 -61.9231830705908,57.2327038401268 -61.9300190667543,57.2365338400162 -61.9284580687261,57.2399218392718 -61.9231890702689,57.2422978386488 -61.8960620820241,57.2438808383323 -61.8871430850146,57.2493588381866 -61.866568093702,57.2483678377396 -61.8676040925744,57.2509038366659 -61.8789460885283,57.2562298366026 -61.8827270858504,57.259838835965 -61.8836140857348,57.2606888365274 -61.8808700866075,57.2631298359701 -61.8746130890198,57.2622828356654 -61.8683830921933,57.2564078364785 -61.8593700959238,57.253429836819 -61.8564480971866,57.2483298377187 -61.8509760998365,57.2481808373935 -61.8385631047498,57.2549368367153 -61.8246561108691,57.2547928359314 -61.8168841139237,57.2520748363454 -61.8123311156197,57.2464758372538 -61.7951771240067,57.2403038374377</coordinates></LinearRing></outerBoundaryIs></Polygon><Polygon><outerBoundaryIs><LinearRing><coordinates>-61.350531360101,56.043781970699 -61.3505063602569,56.0436429708004 -61.4102803362863,56.0444329720294 -61.4249093294111,56.0458959712406 -61.4226583305489,56.0492289708137 -61.4134363347935,56.0516899707742 -61.4108873358892,56.0568579700953 -61.3989713393882,56.0617339693078 -61.3876183448796,56.0609279691085 -61.3826593468568,56.0620309695261 -61.3587963554874,56.0673329677977 -61.354838357653,56.0701799676049 -61.3425543630107,56.0704769674094 -61.3350833647416,56.0757259667469 -61.3166793725268,56.0799339657867 -61.3121733737368,56.0800169659637 -61.311037375934,56.071076967246 -61.3218613715323,56.065025968078 -61.3228173718704,56.059574968598 -61.3133383746543,56.0604179682068 -61.3011613792606,56.0636869673828 -61.2929963826878,56.0636529677199 -61.2898593850487,56.0624129678811 -61.2871523845306,56.0568429687568 -61.2755943905359,56.0580709685429 -61.266627394714,56.053901968497 -61.2557783987989,56.0601729677685 -61.250869399611,56.0602459674367 -61.2498804005227,56.0579299678915 -61.2549533979493,56.0540469685842 -61.2636173957264,56.0474129699136 -61.3157833743315,56.0442889708529 -61.328785368527,56.044925970723 -61.3361953647972,56.0483549703725 -61.3538073594511,56.0477719704454 -61.3551653587822,56.0464439709177 -61.350531360101,56.043781970699</coordinates></LinearRing></outerBoundaryIs></Polygon><Polygon><outerBoundaryIs><LinearRing><coordinates>-63.0168625375524,58.504265718548 -63.016164538455,58.5012817183667 -63.0400175281014,58.4891047205449 -63.0649565177929,58.4881327208305 -63.0735905135935,58.4898647205565 -63.091023506106,58.4981337205556 -63.0920755048399,58.5027197196065 -63.0867975059262,58.5110937185355 -63.0949595029483,58.5212677177379 -63.0926355036856,58.5237427175268 -63.0814605071404,58.5281377167873 -63.0775615097884,58.5351567160542 -63.0718595114922,58.5355237162003 -63.0658355143304,58.5338297156434 -63.0546845181978,58.545302714718 -63.0440535225028,58.5476467143027 -63.038189525529,58.5507517132992 -63.0271985294483,58.5441787138304 -63.0190325328152,58.5417637141652 -63.0157675365203,58.5378267144231 -63.0288255318914,58.5238717160581 -63.0302405303513,58.5145297174866 -63.027441531965,58.5101467171923 -63.0168625375524,58.504265718548</coordinates></LinearRing></outerBoundaryIs></Polygon><Polygon><outerBoundaryIs><LinearRing><coordinates>-60.2670988093923,55.7995119876056 -60.2658598101405,55.7949529888779 -60.2674718099343,55.7940409883223 -60.2727428065746,55.7956279887699 -60.2751598055492,55.7940299882504 -60.2775538052057,55.7869649896519 -60.2934677984937,55.7852559894904 -60.2969537978286,55.7848809898793 -60.3038287949221,55.7850999897465 -60.3119427913822,55.7896429894091 -60.3212507870277,55.7900819893264 -60.3289177844115,55.7873339902599 -60.3337737823696,55.7877819901799 -60.3406817791133,55.7927829898444 -60.3455977780007,55.8018879884673 -60.3520917737282,55.804608987967 -60.3642307700241,55.8045849879547 -60.3662757692211,55.8073089882385 -60.3603287700815,55.8241849860504 -60.348155775121,55.8201119863209 -60.3464877769424,55.8132789874327 -60.3444617782903,55.8128249869151 -60.327509783179,55.8194629862696 -60.3287527838387,55.8242489855688 -60.3263657836226,55.8308609845872 -60.3324667820873,55.8347209842573 -60.3304687822365,55.839282984245 -60.326435784546,55.8415689832659 -60.3228657853067,55.8412209839301 -60.3195507855643,55.8408969834432 -60.3130917888892,55.8452379829439 -60.3090467909301,55.8454669824095 -60.3041727933827,55.8429759827813 -60.296072795262,55.8429869828786 -60.2895787982716,55.8407179828782 -60.2863238002039,55.8375329830278 -60.2887417991436,55.8357099833651 -60.2960327967357,55.8354719840655 -60.3093967908989,55.8368149836803 -60.3141917893522,55.8263239851841 -60.3125607905032,55.8242759855565 -60.3028717934332,55.8283919849384 -60.2979917950359,55.8249899853731 -60.2825778025551,55.8190849855306 -60.283349802186,55.812247986715 -60.2756188057812,55.8040539878506 -60.2670988093923,55.7995119876056</coordinates></LinearRing></outerBoundaryIs></Polygon><Polygon><outerBoundaryIs><LinearRing><coordinates>-61.1955054098859,56.380015929181 -61.1983514080028,56.3764529293604 -61.2034224071842,56.3752519298941 -61.2136124027655,56.376262929954 -61.2225453992726,56.3735819298665 -61.2236973991448,56.3704219305538 -61.221450399944,56.3682939307895 -61.2253463978095,56.3657689304862 -61.2298403955811,56.3628539315405 -61.2328263952986,56.3579249323902 -61.2531703878109,56.3483019338064 -61.2698733803914,56.3419799344259 -61.27985837695,56.3409309349992 -61.2851683744399,56.3413279351668 -61.286798373837,56.3454929346325 -61.2912433717787,56.3463189340559 -61.2997333680061,56.3397339347756 -61.2935083710381,56.3322259360697 -61.2981143692574,56.3314589357971 -61.3080323647235,56.3390839348857 -61.308707365244,56.3445899344201 -61.3151083624144,56.3463859347491 -61.3420063501386,56.34905693462 -61.3434603500412,56.3550419332952 -61.3521233472021,56.3589669334272 -61.3503813465862,56.3639379329425 -61.3594623440027,56.3637619328918 -61.3605753427003,56.3649369333489 -61.3580873439248,56.3733099317445 -61.3441923488959,56.3804179311346 -61.3318943539173,56.379802931207 -61.3119013625427,56.3698119317143 -61.2970313683773,56.3702589316389 -61.2897883710111,56.3645409323049 -61.2685043797013,56.3752869301499 -61.2637163815934,56.3737599307891 -61.2814593749152,56.3574219323142 -61.2781413769059,56.3536649328872 -61.2744923787494,56.3530879334004 -61.2641283823463,56.357787932496 -61.2591463841422,56.3621939319984 -61.2515473865647,56.3640059315953 -61.2462423884863,56.3674929313005 -61.2387833928541,56.3679349310437 -61.2301173952863,56.3799939289607 -61.2188213995943,56.3855679284721 -61.2134344029336,56.385853928322 -61.2063264053529,56.3828819288101 -61.1958954096095,56.3841409282759 -61.1955054098859,56.380015929181</coordinates></LinearRing></outerBoundaryIs></Polygon><Polygon><outerBoundaryIs><LinearRing><coordinates>-62.1771029496162,57.5064708130925 -62.1703279531539,57.5042528130195 -62.1757689511261,57.5000388139304 -62.2067429391488,57.5003058142983 -62.2170809351585,57.4984938145778 -62.2377229260062,57.500563814872 -62.2413849233888,57.4972238148923 -62.2294899294301,57.4811898164636 -62.2473379242044,57.4646988186846 -62.2617739167243,57.4645688188245 -62.2795059096507,57.4601748194065 -62.2866529069827,57.4612788199134 -62.2916609049175,57.4620518201433 -62.2939559041829,57.4653018193103 -62.2920179041739,57.4684558192551 -62.3012628996671,57.4805408175379 -62.3017438997474,57.4853468171071 -62.2886269039795,57.4957888162551 -62.2885559029965,57.502181815442 -62.2808169068595,57.5033808151064 -62.2706809111615,57.5026938146407 -62.2640879147149,57.5055128145713 -62.2606909144592,57.5163988131203 -62.2548879175228,57.5199208128269 -62.2298509283216,57.5195738123148 -62.1988859419062,57.513594812665 -62.1771029496162,57.5064708130925</coordinates></LinearRing></outerBoundaryIs></Polygon><Polygon><outerBoundaryIs><LinearRing><coordinates>-61.4191193097996,56.5640789098747 -61.425576307685,56.5574269112304 -61.446671299446,56.5576129110525 -61.467237291093,56.5589139117214 -61.480845285091,56.5636599110771 -61.5062152749277,56.5667039107887 -61.5166912700658,56.5654139118217 -61.5285322649508,56.567135911047 -61.5332492635738,56.5654489118982 -61.5435892591834,56.5655259121387 -61.5652762496499,56.5682159112177 -61.5739452461449,56.5728119108516 -61.5790522440402,56.5800409109643 -61.574747245035,56.58865790974 -61.5734272459781,56.591294909107 -61.5663822486126,56.5956539088497 -61.5617752504106,56.5962069088444 -61.5478592564371,56.5900919086438 -61.5388802595558,56.588679908402 -61.46092529168,56.5852219084061 -61.4466372979442,56.587299907517 -61.4353883030125,56.5837639080838 -61.4191193097996,56.5640789098747</coordinates></LinearRing></outerBoundaryIs></Polygon><Polygon><outerBoundaryIs><LinearRing><coordinates>-60.3312308001542,55.2788050526865 -60.332002799481,55.275158052586 -60.3355807992139,55.272641053355 -60.3463467936572,55.2694280539165 -60.3599137891517,55.2682610542941 -60.3635327874059,55.2712180539903 -60.3536127915127,55.281041052693 -60.3488787927157,55.2892610512153 -60.3501017921612,55.292450051283 -60.3629147873434,55.2960720507205 -60.3537627901308,55.3020180496322 -60.3538657891827,55.3163810477195 -60.3451027929073,55.3216430472356 -60.3395877951386,55.3339690453122 -60.3301687988241,55.338910045182 -60.3309417978682,55.3424230444425 -60.3432067937209,55.3366930452609 -60.3464147917848,55.3380560453588 -60.3416477941645,55.342625045069 -60.3284747993678,55.3476680442531 -60.3229058015171,55.3524630433802 -60.3241178006059,55.3542910428042 -60.3328987965559,55.3510780437467 -60.3373047953969,55.3517580430848 -60.3074338063465,55.375062039996 -60.2874758142557,55.3864940389568 -60.2814628166531,55.386048038677 -60.2798358177795,55.3808060389937 -60.2861688159045,55.3678030408466 -60.3001148097842,55.3568350420927 -60.2973048111636,55.3546830429669 -60.2932838128624,55.3516010432766 -60.2968548109888,55.346123043752 -60.2963918128494,55.334954045287 -60.3193358047051,55.2934160505521 -60.3253048013412,55.2893040509243 -60.3336787980151,55.2867820517001 -60.3356587981904,55.2840430514416 -60.3312308001542,55.2788050526865</coordinates></LinearRing></outerBoundaryIs></Polygon><Polygon><outerBoundaryIs><LinearRing><coordinates>-59.9690809422925,55.3783770366847 -59.9795439383118,55.3519360398918 -59.988749934772,55.3508120399798 -59.9923579340844,55.3476190404486 -60.0007609305293,55.3457990412112 -60.003967929063,55.3416980408503 -60.0147779252652,55.3376020415274 -60.02437792111,55.3378340415219 -60.0323819189097,55.3323660429287 -60.0347869168885,55.3271260434416 -60.0275909201159,55.3237010437239 -60.0447879135704,55.3168730448465 -60.0491859118104,55.3175550448578 -60.0455879125146,55.3212010445922 -60.0463859126433,55.3241660441556 -60.059178907487,55.3191540446661 -60.0639769068167,55.3218930443725 -60.074777901388,55.3225750440023 -60.0759799001662,55.3243980441857 -60.0748629017608,55.3269120440856 -60.068380903751,55.3415000418822 -60.0607839060602,55.3469700416085 -60.052779909469,55.3485650407754 -60.041171913605,55.355622040383 -60.0383639147218,55.3652020382984 -60.0071179260999,55.3818210365639 -60.0000019295988,55.3916400349658 -59.9986909297889,55.3934490351857 -59.9798419367331,55.4043780330983 -59.9762419380565,55.4018640337589 -59.9798539368757,55.3989040340733 -59.9790559375982,55.3968510343032 -59.9642309432879,55.3961490346005 -59.9594219461253,55.3979680340628 -59.9530129477381,55.3972820335784 -59.9493749491815,55.3987010335328 -59.9413819521272,55.4018240330531 -59.9389899528753,55.3977210339825 -59.9406009538674,55.3956720343029 -59.9486149507877,55.3945400341512 -59.9533969485803,55.3894800351987 -59.9546389480282,55.3881660354158 -59.9690809422925,55.3783770366847</coordinates></LinearRing></outerBoundaryIs></Polygon><Polygon><outerBoundaryIs><LinearRing><coordinates>-58.653214480233,54.9057010848076 -58.6585724790369,54.8993770858094 -58.66411947592,54.8992050859257 -58.6690844731084,54.904740085089 -58.6862774672437,54.8996860865731 -58.6854464669302,54.9129100843638 -58.689585464745,54.9195710834608 -58.678731469836,54.924469083226 -58.6804304694217,54.9329300816528 -58.698600461054,54.9347270813415 -58.7019924607645,54.9279220824543 -58.7128454554757,54.9230240833893 -58.7165644540378,54.9182710836493 -58.7225774521564,54.9160540846474 -58.7266824509203,54.9115370846123 -58.7272414506622,54.9062960851075 -58.7457964438643,54.9080930855093 -58.7484274426397,54.9126860850294 -58.7470824424683,54.9176910846153 -58.7413514450794,54.9218260832941 -58.7255944500659,54.9332010818682 -58.7169064534606,54.9445120802144 -58.7125284564593,54.9451490803656 -58.7104754568897,54.9474040801477 -58.7111774564451,54.9501550799032 -58.7069654580432,54.957864078515 -58.7087094566915,54.9651830776233 -58.7035254583439,54.9783560760136 -58.7049444583352,54.9833910759838 -58.7006754592748,54.9926950738845 -58.6875474646417,55.0057830727039 -58.6831854669432,55.0057340726203 -58.6801054671646,55.0027360731399 -58.6721194701413,55.0042420726996 -58.6694514721643,54.9999890735056 -58.667220471972,54.9964290737843 -58.6579664770154,54.98834307488 -58.6576744768791,54.9853520754848 -58.6567884771914,54.9762380764083 -58.6513654798621,54.9722980765347 -58.6534424789329,54.9695830767481 -58.6663244732174,54.9637980779883 -58.6801594688447,54.9650960776557 -58.6815374678518,54.9594080787505 -58.6804314682386,54.956882078616 -58.6647004748794,54.9530570792921 -58.6523864799338,54.9538310792198 -58.6459884823193,54.9437180803127 -58.6464904825055,54.9405290804793 -58.6612574767703,54.9375040813154 -58.6645304751278,54.9343490811129 -58.6655464744675,54.9277430825023 -58.6516674802277,54.9280440826705 -58.648959480671,54.9261860823063 -58.6506804803767,54.9221000831386 -58.6488854817354,54.9166030838728 -58.6569554787073,54.9121320844322 -58.6586334775387,54.9094120843041 -58.6543814796393,54.9082420844131 -58.653214480233,54.9057010848076</coordinates></LinearRing></outerBoundaryIs></Polygon><Polygon><outerBoundaryIs><LinearRing><coordinates>-61.7027641990987,56.4321749291223 -61.7022342005958,56.4289709300794 -61.7062691982253,56.4254269308041 -61.7155491953983,56.423175930511 -61.7267101905703,56.4228029314065 -61.7433281833732,56.4260059305771 -61.7988951600085,56.4270859318615 -61.8109541554538,56.430610930908 -61.8209901512768,56.4290589316317 -61.823383149813,56.4292679310444 -61.8545451369986,56.4320229315221 -61.8707831304125,56.4349669312082 -61.8824411250109,56.4384769310799 -61.8826501246298,56.4455609304301 -61.8895321216058,56.4471129306437 -61.8941181201394,56.4513449305141 -61.8928441201177,56.4565629293962 -61.8768821266029,56.4597889290446 -61.873190128111,56.4690509272888 -61.8628481318949,56.4740259272789 -61.8554411348514,56.469029927261 -61.8468341389651,56.4683429272525 -61.8404251410581,56.4661149275074 -61.8129941520108,56.4635439274282 -61.8021691570476,56.4646179273012 -61.8000441591181,56.4606789275341 -61.8104801547017,56.4500049292214 -61.8078601555406,56.4469649293736 -61.8012571582123,56.4470179291897 -61.7940231617786,56.4541209280804 -61.7856291637129,56.4557199281302 -61.7798901669153,56.4599009269764 -61.7619141744772,56.4578059277598 -61.7501221785644,56.460445927002 -61.7423091815626,56.460048926381 -61.7505101793242,56.4469829284041 -61.7492351798677,56.4428409294198 -61.7393361840695,56.4382249294919 -61.7320521873071,56.4412199291342 -61.7242801901091,56.4405479288273 -61.7070411978343,56.4350409288582 -61.7027641990987,56.4321749291223</coordinates></LinearRing></outerBoundaryIs></Polygon><Polygon><outerBoundaryIs><LinearRing><coordinates>-64.533984735591,60.3410505625469 -64.4925837504468,60.371724558969 -64.4914087515485,60.3725945586933 -64.4905087522361,60.3726735584281 -64.4886507525068,60.3728375586545 -64.4301667793846,60.3779905567314 -64.4298037793602,60.3735275575268 -64.4404367745966,60.3726655580316 -64.4432407733079,60.3710785581658 -64.4304507792608,60.3637125582421 -64.446197772923,60.360592558844 -64.4389277764597,60.3546195594243 -64.4822557562131,60.3561855601248 -64.469886763181,60.351107560371 -64.4569637691259,60.3519635605107 -64.4533077711077,60.3496615600754 -64.4611837664555,60.3480985606454 -64.4658987654743,60.3419575611996 -64.4917517542714,60.3400155617871 -64.4940877530302,60.3384245617763 -64.4899687550552,60.336583562417 -64.4775257614103,60.3362955616248 -64.4719467635064,60.3387875617833 -64.4687677650159,60.3364865614922 -64.4688437657525,60.3319205617849 -64.4564077713026,60.3314085618896 -64.455055771316,60.3295755619384 -64.4606877705423,60.3241225627488 -64.4713607661377,60.3196035632928 -64.4590377713608,60.3131525638292 -64.4502857751292,60.3133425631651 -64.4334887812505,60.3246805618632 -64.4274537844047,60.326935561406 -64.42378378689,60.3262285616528 -64.4224707876163,60.322344562222 -64.4294347839034,60.3196365623589 -64.4290247850505,60.3171235629364 -64.4182117908665,60.3040585640769 -64.4086077946933,60.300583563958 -64.4061587976451,60.2932695643825 -64.4017107971161,60.3003235637285 -64.3975377997409,60.3016695638324 -64.3943468008017,60.300056563975 -64.3948988016073,60.2954905643031 -64.4070827974409,60.2843625649969 -64.421220789697,60.2912835647883 -64.4268187883184,60.2872015659921 -64.4336477839515,60.2915695648042 -64.4488297768225,60.2918695655016 -64.4744737661632,60.2999805656717 -64.4891987580789,60.3002695655293 -64.5160887467423,60.3075705653621 -64.5172327449179,60.311956565295 -64.5172377454204,60.3119755652836 -64.5180187453569,60.3149735646826 -64.5193057452229,60.3164365645526 -64.523030741667,60.3206685639077 -64.5267577394967,60.3249015640812 -64.5304847383697,60.3291345639242 -64.5332957372662,60.3323245635705 -64.5350317357107,60.3342965637818 -64.533984735591,60.3410505625469</coordinates></LinearRing></outerBoundaryIs></Polygon><Polygon><outerBoundaryIs><LinearRing><coordinates>-60.1059718892886,55.3255430440642 -60.1199448840549,55.306385046605 -60.1495128716463,55.2997630482233 -60.159890868641,55.2954260490394 -60.1654688662696,55.2888120497875 -60.1782498608069,55.2853820504009 -60.1862438580069,55.2878870494236 -60.1786638609016,55.2919960489185 -60.1790728609129,55.2942780494075 -60.1812378590926,55.2942740491024 -60.1882618566242,55.2942690491636 -60.1958688543596,55.297456048908 -60.1990718522316,55.3008770488217 -60.1979048522802,55.3095400475298 -60.1887548555956,55.324135045001 -60.1775928594462,55.3366860435071 -60.1792168592938,55.3458020427771 -60.1756348604895,55.3519620417772 -60.1376558752876,55.3736390385954 -60.1252518789051,55.3775180379873 -60.1160418836541,55.37820403835 -60.1084318860994,55.376382037576 -60.106004887255,55.355633040864 -60.0963928924432,55.3437810420798 -60.1011878898131,55.3385370425522 -60.1047928882181,55.3424110420391 -60.1087918870579,55.3419610422859 -60.1191798837126,55.3337410435377 -60.1183808835401,55.331467044175 -60.1067798879045,55.3328370430765 -60.1047778897037,55.3310140438384 -60.1059718892886,55.3255430440642</coordinates></LinearRing></outerBoundaryIs></Polygon><Polygon><outerBoundaryIs><LinearRing><coordinates>-61.0838814753378,55.8877719866845 -61.1984164260641,55.9555459795226 -61.1997544248097,55.9634899785124 -61.1978254254873,55.9671519780442 -61.188205428807,55.9717909774106 -61.1773184334388,55.9748389767503 -61.1599114402867,55.9772659761309 -61.1343554507485,55.9790689761103 -61.1211954567436,55.9730179769962 -61.113035459964,55.9717229767106 -61.1092954614877,55.9683379768884 -61.1079084626669,55.9619639775135 -61.110220461569,55.9583859787704 -61.1133784595699,55.9534909789055 -61.1031094641017,55.9490159791315 -61.0917344697347,55.9488749789713 -61.0785694741798,55.9419129797192 -61.0702454781621,55.9337769810576 -61.0753094770355,55.9250839821235 -61.0681634803791,55.9151069831114 -61.071672478708,55.90938498357 -61.0598234848135,55.8894239856317 -61.0617784842101,55.8864479867354 -61.0686244806542,55.8845789863718 -61.0771644771419,55.8856509863305 -61.0838814753378,55.8877719866845</coordinates></LinearRing></outerBoundaryIs></Polygon><Polygon><outerBoundaryIs><LinearRing><coordinates>-57.2458250437537,54.5121121288877 -57.2504960415032,54.5067371293247 -57.2553980393368,54.5038851292547 -57.2647400359952,54.5050081298428 -57.274598032872,54.4983791306933 -57.2813640298916,54.4969331305876 -57.2957540244656,54.4988561302461 -57.3059740198687,54.4986271301299 -57.3254360122503,54.4949491308204 -57.3360290080292,54.4949531308676 -57.3493080021694,54.4959351308486 -57.3552400006707,54.5013131306344 -57.3524650010809,54.5078781297252 -57.357573999472,54.5139271283947 -57.3514700021243,54.5233851278271 -57.3457490039088,54.5269101271235 -57.3433190047574,54.5341641265174 -57.3459290044142,54.5424421248804 -57.3375330072253,54.5447701251965 -57.3315240099696,54.5526331235798 -57.3301100099059,54.5562521233114 -57.3333610092674,54.5606621226954 -57.3304070097945,54.5637951225251 -57.321465012687,54.5683911215566 -57.3140390162345,54.5677721222523 -57.3059660189859,54.5710101207241 -57.3028470210691,54.5766561204069 -57.2989620212702,54.5758831204215 -57.297298021641,54.5712781212533 -57.2922550251263,54.5702511210261 -57.28156202823,54.5750661205094 -57.2772680303801,54.5769961202103 -57.2721210324214,54.5775651204168 -57.2699630334044,54.5745471209996 -57.2732510316777,54.5663951215489 -57.2714990335351,54.5631641221888 -57.2691150337594,54.563568121897 -57.2646950357389,54.5710041210368 -57.2609930362681,54.5734291210071 -57.2454100431461,54.5771871205336 -57.2447510432821,54.5753441204492 -57.2492640412947,54.5724791209919 -57.2494940411312,54.5690571215456 -57.2559700385178,54.5603001223195 -57.2700490340523,54.5553671229597 -57.2745750325012,54.546333124428 -57.2727230331172,54.5446931244786 -57.2604410373072,54.5462471237431 -57.2508020415571,54.543514124791 -57.2429100450587,54.5440191243728 -57.241949044904,54.5407991248908 -57.2456740437245,54.5379141255773 -57.2535780410758,54.5371831252556 -57.2573060386831,54.5342981258451 -57.2543480399734,54.5314951263088 -57.248196042033,54.5295181263686 -57.2458250437537,54.5121121288877</coordinates></LinearRing></outerBoundaryIs></Polygon><Polygon><outerBoundaryIs><LinearRing><coordinates>-58.3552536121692,54.1025821864807 -58.3598596107234,54.0942001872363 -58.3661846078626,54.0915461879046 -58.3763046039823,54.0910041882435 -58.3850816006568,54.0940831876116 -58.3939325973089,54.0971831873644 -58.3951515971944,54.0958301873605 -58.3844936007032,54.0902021878332 -58.3815316017816,54.0865061887138 -58.3839746004454,54.0835721890636 -58.3898805986933,54.0816011894366 -58.4019225937755,54.0815361891739 -58.4062595933596,54.0797701894957 -58.4122435905268,54.0757411898838 -58.4037585944466,54.0742571901225 -58.4092905914389,54.0718191905116 -58.4106015904688,54.0679561908664 -58.4185955876447,54.0621261919712 -58.4903975598437,54.0518891934614 -58.5020515558619,54.05157819357 -58.526305546252,54.0461851949928 -58.5332425433386,54.0476421945619 -58.5438785397577,54.0539441939135 -58.5489075369734,54.0654231929418 -58.5444295376606,54.0713051916353 -58.5361165425657,54.0757641908164 -58.5264875456578,54.0843211901752 -58.5182785485995,54.0858151892357 -58.4985925561295,54.093098188851 -58.4878155598982,54.1009521872345 -58.4575885716917,54.109231186078 -58.4462965762769,54.1097641856644 -58.4255395845149,54.1138281850438 -58.4170955878201,54.111200185218 -58.4056285925278,54.1062471861082 -58.3909095975576,54.1049051862772 -58.3818426012802,54.1082051854722 -58.3558916117808,54.106019185615 -58.3552536121692,54.1025821864807</coordinates></LinearRing></outerBoundaryIs></Polygon><Polygon><outerBoundaryIs><LinearRing><coordinates>-60.8739485592562,55.8811149848224 -60.8714735620517,55.8788499847014 -60.8814685581095,55.8719519857473 -60.8879445540524,55.8714569861218 -60.9388225339363,55.8816149854537 -60.9599055253462,55.8817029855815 -60.9707475207546,55.8770729864292 -60.9658185225411,55.874145986687 -60.9349635361947,55.8716129863484 -60.9129815444396,55.8671989870456 -60.8939325519845,55.8668629865118 -60.8922745538585,55.8652759866005 -60.8958795528842,55.8632049870857 -60.9088305458539,55.8624469873656 -60.9258705392791,55.8634769870879 -60.9385015341843,55.8665819874571 -60.9736775214388,55.8629269879394 -60.9883485135859,55.8666989878982 -61.0000775093194,55.8657079877656 -61.0066285068231,55.8686219874609 -61.0163695030424,55.8692399882344 -61.0196875022901,55.8724029875464 -61.0076795065903,55.8788679866631 -60.9902695125095,55.8799069859227 -60.9882925138306,55.881965986015 -60.990813513637,55.8858229853378 -61.0167345021137,55.8847269856768 -61.0193795017682,55.8866539856987 -61.0216854998741,55.8883369851747 -61.0302464965214,55.8903249857009 -61.0354194945466,55.8861889860888 -61.0394604934443,55.8857049859665 -61.0455964911198,55.8879349856692 -61.0391954932001,55.8914029858796 -61.0400884926094,55.8948139851741 -61.0506654883791,55.8963279846519 -61.0489154882725,55.9077349832719 -61.0409454915644,55.9137159831375 -61.0422654899515,55.9180339824797 -61.0512724871622,55.9213869823107 -61.0525704851987,55.9247939815725 -61.0524434857569,55.9361879799973 -61.0476784876454,55.9405519800698 -61.0310314944161,55.9404459789777 -61.0024605070181,55.934040979678 -60.9858365130783,55.9346119794785 -60.9757835162645,55.9390119786788 -60.9688965198851,55.9397429790541 -60.9643875218292,55.9377209786601 -60.9613225234468,55.9274909803943 -60.9515965274569,55.928234979577 -60.9330445345846,55.9336019793813 -60.9222095387577,55.9395939784887 -60.9189135388986,55.93733697852 -60.9188385393317,55.933692978989 -60.9346415349033,55.9135399812819 -60.9325405353786,55.9101339820188 -60.9240095397167,55.9095089817913 -60.880328556915,55.8958859830462 -60.8770285589747,55.8931699831641 -60.8825365571761,55.8847059845345 -60.8796325581798,55.8815359846377 -60.8739485592562,55.8811149848224</coordinates></LinearRing></outerBoundaryIs></Polygon><Polygon><outerBoundaryIs><LinearRing><coordinates>-61.6113641971518,57.318862826012 -61.616032195425,57.3098568273228 -61.6219541917171,57.3097958271239 -61.6352751863425,57.3163378264186 -61.6460821823041,57.3182418261124 -61.6499421807092,57.3087508279676 -61.6572361776165,57.3075838281382 -61.6608101767477,57.3010588285863 -61.6585231784487,57.298481828647 -61.6479431825336,57.2986428292763 -61.6464971837125,57.296084828937 -61.6584241786972,57.2861418308821 -61.6668911739233,57.2859208306719 -61.6861871664711,57.2962758293296 -61.6920601640026,57.2966698293806 -61.7254141500906,57.2877618309182 -61.7342361470432,57.2882318311357 -61.7395871449245,57.2897488309899 -61.7487271396604,57.2959358303021 -61.7655021325778,57.3018718301946 -61.7788711266703,57.3127488286414 -61.7818941263426,57.3183708282451 -61.7824811255306,57.3194688284823 -61.7765671270692,57.328677827258 -61.7698881286816,57.355457824291 -61.7475271369919,57.3731348220615 -61.706823153943,57.3738518215246 -61.7061311544446,57.3676608222431 -61.6995481576806,57.3656538216107 -61.6970351595645,57.3563308232707 -61.6919381611422,57.3565328230913 -61.6823141647847,57.3599258227216 -61.677131167361,57.3565798229296 -61.647283179499,57.3589478217757 -61.6435941815032,57.357704821887 -61.6358441851074,57.3458328231104 -61.6381051843493,57.3442958234703 -61.6453401813413,57.3438118233221 -61.6485321801647,57.3413898243629 -61.6402601842631,57.3349868247716 -61.6263791896024,57.3297998244965 -61.6185301928391,57.3323218246116 -61.6142181954388,57.3287708253526 -61.6167201937514,57.3247258254747 -61.6113641971518,57.318862826012</coordinates></LinearRing></outerBoundaryIs></Polygon><Polygon><outerBoundaryIs><LinearRing><coordinates>-61.0714394492849,56.6350108976234 -61.0569504570176,56.6233288983374 -61.0672224518089,56.6204718993291 -61.0746104502434,56.6211778989165 -61.0801154469001,56.6163328999704 -61.0861884448775,56.6176768992552 -61.1001964397368,56.6147159005877 -61.1163754332264,56.6031379021245 -61.1296924274217,56.6026609019994 -61.134913425418,56.6042099024257 -61.1386304235904,56.6082119010578 -61.1488374193766,56.6096889010403 -61.1607684151465,56.6066509020727 -61.1849054048603,56.6060939025712 -61.2019123981982,56.6056979027874 -61.2070873954127,56.6038099024328 -61.191214402219,56.5971309029716 -61.1996153995268,56.5921439042494 -61.1989083998101,56.5909819048178 -61.1886094038773,56.5904209046634 -61.1863244039114,56.5885159045477 -61.1918134025833,56.5875509046399 -61.1957154015195,56.5819669055821 -61.2008163989316,56.5807619055501 -61.2139533939742,56.5818709051738 -61.2232313897231,56.5803419054759 -61.246641379152,56.5902299048997 -61.2487703779961,56.6056029033763 -61.2530503760363,56.6162489015829 -61.2495403772913,56.6220739015907 -61.2394853820995,56.6270109002955 -61.2267393856475,56.6377988991635 -61.2143913917466,56.6447138980166 -61.2092723919212,56.6539158969457 -61.1876954018474,56.6616788959531 -61.1637444100266,56.6643258953652 -61.1491154170843,56.6613348949551 -61.1347294228032,56.6638338947731 -61.1349464223253,56.6656688950207 -61.1516704165412,56.6684988944708 -61.1748244066794,56.6694828947416 -61.1806934039538,56.6728718941318 -61.1774584050823,56.6798478937727 -61.1803614035754,56.6877128929929 -61.1780014042472,56.6903758920667 -61.1627264094087,56.6933108917998 -61.1570994128735,56.6915278919856 -61.1560534135229,56.689658892112 -61.1622874112632,56.6857538930521 -61.1611424102068,56.684806892908 -61.1519124151273,56.6856458929231 -61.1482604164423,56.6809588932864 -61.1384954209771,56.6829228928333 -61.1325284237352,56.6804438931318 -61.1191364287778,56.6813738927686 -61.1059654345459,56.6763688928355 -61.095793437501,56.6744348933497 -61.0947004391753,56.6730268939029 -61.1019824358673,56.67098689344 -61.1052154356087,56.670711893507 -61.1195854282526,56.6695058940456 -61.1232164283005,56.6666528942958 -61.1139424312604,56.6640668949168 -61.1120294325922,56.6587488954702 -61.1033154364513,56.6586868949749 -61.0835424442384,56.6534658955851 -61.0797534466321,56.6501398960297 -61.078690447135,56.6446198968299 -61.0835624443647,56.6418118967351 -61.0948504403662,56.6410408973221 -61.1029104369085,56.635597897215 -61.1217664294932,56.6300508986992 -61.1198724303415,56.6283878983665 -61.1137464323366,56.6274988987153 -61.1112924341014,56.6233068994819 -61.1131424341773,56.6215398994213 -61.1225784288111,56.6225358997658 -61.1314764258082,56.6207729003334 -61.1310454257697,56.61321690084 -61.1275474286445,56.6110459009106 -61.1157534324133,56.6127129007202 -61.1074864361178,56.616325899733 -61.1064314366291,56.6183358995182 -61.1038304380253,56.6232878995042 -61.0806604468128,56.6341748976814 -61.0714394492849,56.6350108976234</coordinates></LinearRing></outerBoundaryIs></Polygon><Polygon><outerBoundaryIs><LinearRing><coordinates>-60.6779846390428,55.8969569803505 -60.6775346398792,55.893997980647 -60.6875986344591,55.8891679816902 -60.6952886320588,55.8882259815 -60.704557629053,55.8847539823164 -60.7163236244645,55.8851589822189 -60.7292056194851,55.8796279831567 -60.730306618616,55.8727869836633 -60.7367326168286,55.8691099841884 -60.7517146105659,55.8683509845553 -60.7574196074388,55.8701449842043 -60.7622686065388,55.8692099848544 -60.7714486020645,55.8611869855387 -60.7787395992227,55.8611449857774 -60.7824625977451,55.8654599851718 -60.786516596179,55.8656579851403 -60.8026325897456,55.8605619857965 -60.8119755870239,55.8616489861183 -60.8456025722462,55.8590249865636 -60.8719745619758,55.8631249874036 -60.875663559948,55.8653799868425 -60.8701235620874,55.8720209857385 -60.8596085663409,55.8732219852922 -60.8483355700993,55.8771629846335 -60.8341595765663,55.8777009850713 -60.7976445915206,55.8758549843754 -60.7920325933218,55.8795319842698 -60.7957225918621,55.881794983391 -60.8359505756982,55.8868069835813 -60.8494635696681,55.8935629827446 -60.8520465678435,55.9012909820085 -60.8501875694873,55.9101909807922 -60.8585545650046,55.9231229795319 -60.8582905643381,55.9304209785103 -60.8507465672877,55.9388929777518 -60.8394875709436,55.9446529768207 -60.8297865755721,55.9469869758836 -60.8135565813833,55.9475339759929 -60.8037735865506,55.9455379759113 -60.7972065893199,55.9414709764318 -60.793357590858,55.9307859780826 -60.7893055926131,55.9310379778836 -60.7797225954152,55.9402019765851 -60.7732715985385,55.9427429758104 -60.7627286024349,55.943478976009 -60.7545886065165,55.9421579761624 -60.7529276064724,55.9401139764277 -60.7622436029867,55.9389229762975 -60.7638346034035,55.9368709769235 -60.7613736037846,55.9355089766389 -60.7465956102635,55.9372249768431 -60.734632613973,55.9386099761376 -60.7281146169754,55.9370459764692 -60.7268606169832,55.9347729766965 -60.7319746153062,55.9249539777466 -60.7290056182706,55.9172219783362 -60.7386226147279,55.9098859796695 -60.7373266145296,55.9051069799598 -60.7340436155307,55.9026149805859 -60.7295856184057,55.9030949805353 -60.6990186295213,55.9196449775172 -60.6893326339701,55.9228789776264 -60.6812066373085,55.92245897784 -60.6639856439756,55.9102329788664 -60.6696076427646,55.9063349791808 -60.6917756331168,55.8971189802829 -60.6909306329963,55.8950779809888 -60.6885086355293,55.8954279808405 -60.6779846390428,55.8969569803505</coordinates></LinearRing></outerBoundaryIs></Polygon><Polygon><outerBoundaryIs><LinearRing><coordinates>-61.4181963204197,56.3194419388143 -61.4180313204556,56.3169329393086 -61.4306223155633,56.3143469400045 -61.4465023089977,56.3159719400369 -61.4641973018677,56.3158229397386 -61.4799782952606,56.3226919398715 -61.4852642935014,56.3233079397135 -61.4878382925902,56.3222469396432 -61.4861402930125,56.3185399404338 -61.4793562960929,56.3121719409002 -61.4704032999896,56.3112149408963 -61.475334297511,56.3070259409544 -61.483226295317,56.3069609418639 -61.4872662935329,56.306926941677 -61.4962952891827,56.3113099407212 -61.5056362863179,56.3125039411133 -61.5198052792256,56.3190929405685 -61.5406742709344,56.3201689408473 -61.5672212589549,56.3307739397482 -61.5814072528863,56.3416899388506 -61.5890762498058,56.3432849381978 -61.5951292473247,56.3489429377423 -61.599576245824,56.3497589379086 -61.5979832457143,56.3535929373945 -61.6203512366623,56.3608629370338 -61.6363002290197,56.3620109368537 -61.6403112288591,56.3655469364016 -61.6447652267581,56.3595119376941 -61.6371552306672,56.3572399372599 -61.6329132311253,56.3541499377604 -61.626840233893,56.3530619373714 -61.6269932332774,56.3514679380368 -61.6512512246315,56.3517109381521 -61.6529992228821,56.3506129386033 -61.6511372250124,56.348506938858 -61.6262502349002,56.3461919388664 -61.6165742383183,56.3484229378142 -61.606245242778,56.3444719389556 -61.6031272440367,56.3382149389631 -61.5913572497617,56.3321659397616 -61.5860482510495,56.3274419405173 -61.570154257918,56.325835940546 -61.5549592658104,56.3169409411419 -61.5575732635176,56.3154189414102 -61.5653222616556,56.3161019415769 -61.595751248321,56.3243979412385 -61.6094232423227,56.3281259404635 -61.633909232812,56.3302049410039 -61.6608682214338,56.3366859405408 -61.6912382082881,56.3464549391978 -61.7088232000625,56.3476379398644 -61.7198811964775,56.3527409388246 -61.7261011940106,56.3522339393781 -61.7335261906256,56.3565519390224 -61.734514190115,56.3593169384314 -61.7277391924764,56.3614129384345 -61.7401371869269,56.3699769372493 -61.7331791904135,56.374121936543 -61.7348011884246,56.3789649365861 -61.7383291878218,56.380886936372 -61.7480881829012,56.3823059356034 -61.7529091809226,56.3808549359176 -61.7578221795317,56.3793769364257 -61.762307177345,56.3890879353043 -61.7692521746231,56.3897359359087 -61.7739381721602,56.3926079351312 -61.7869491663104,56.3945619348786 -61.7912671645924,56.3969649346699 -61.7945991631347,56.4011659343902 -61.7860621661441,56.4091569338332 -61.7701131727238,56.4123649323174 -61.7627711759127,56.4069099330792 -61.7457901835192,56.4032489335515 -61.7243981913431,56.4028739335621 -61.7084691984996,56.4058499327701 -61.7045251999193,56.4039159331323 -61.6982712019076,56.4046479328775 -61.6890892062658,56.4014199324768 -61.675094211665,56.4012539327753 -61.6704822143327,56.4066049320639 -61.6614602170838,56.406116932409 -61.6520142225115,56.4012809324146 -61.6382102277889,56.3990559322455 -61.6266602313517,56.3991819324698 -61.6227222328813,56.397240932743 -61.6229762339904,56.3945049325768 -61.6309952314105,56.3924559330009 -61.6328292301244,56.3904539335945 -61.6332992304766,56.3854369340843 -61.6291192324468,56.3816689348616 -61.6234082341779,56.3810469340375 -61.6215392349611,56.3878479335245 -61.6166562362058,56.3915839326856 -61.6089142397116,56.3906749328807 -61.592329246491,56.3917929327212 -61.5793322517295,56.3898119329537 -61.5737762542113,56.3919329327696 -61.5729962545565,56.3957939324072 -61.5621622591972,56.3970719317552 -61.5586382596426,56.3951409319522 -61.5537532633605,56.3815269333221 -61.5485882648871,56.3795479331883 -61.536999269588,56.3801159335802 -61.528908273007,56.3848309333263 -61.5007772842944,56.4011929306149 -61.4897472886931,56.4001739303556 -61.4813292922035,56.4019779300696 -61.4723292958737,56.4012489298829 -61.4661362983748,56.397179930257 -61.4706672953906,56.3929789311355 -61.4696792965479,56.3904349315157 -61.4648152986974,56.3896019312454 -61.4633853003649,56.3831669320974 -61.4441463074414,56.3818979317701 -61.4359503113735,56.3773079323423 -61.4345003122841,56.3710979327302 -61.4239583166808,56.3694079332475 -61.4209233183016,56.3668029332328 -61.426911315889,56.3603639339367 -61.4260153153539,56.3569079345852 -61.4286833152419,56.354934935372 -61.4433403094096,56.3524129350099 -61.4580063041342,56.3465379364449 -61.4634713007498,56.3443449363771 -61.4863472917402,56.3418399374993 -61.4852162929404,56.3450009367962 -61.4902882905013,56.3478969364846 -61.5090972828237,56.3491449371051 -61.5207582782858,56.3520049365943 -61.5341852719684,56.3622169359875 -61.5383162706558,56.3534359362844 -61.5352112722523,56.3471789378161 -61.5279412744985,56.3414839380838 -61.5128182806039,56.3446889374608 -61.5021152859092,56.3404839374314 -61.4879732923056,56.337776938026 -61.4604023034766,56.3378609374738 -61.4589723029385,56.3398709372384 -61.4473713086572,56.3412899369772 -61.4410613112296,56.342068936311 -61.4349723125229,56.3411979369161 -61.4393463107504,56.3385889370793 -61.4419123099045,56.3334169376476 -61.4548713059276,56.3312919379255 -61.457556304818,56.3290939388993 -61.4530883066077,56.3285029387351 -61.4461083089691,56.3241819390261 -61.4410063111242,56.325851938634 -61.4312333149026,56.3248679383331 -61.42656631773,56.3263249384523 -61.4233463187131,56.3214299393173 -61.4181963204197,56.3194419388143</coordinates></LinearRing></outerBoundaryIs></Polygon><Polygon><outerBoundaryIs><LinearRing><coordinates>-61.6778131503655,57.7172127825362 -61.6861061469999,57.7018997844357 -61.7115511369755,57.6993947847693 -61.7152331342761,57.7056617841964 -61.7215371317366,57.7067497845661 -61.730656127711,57.7051667841174 -61.7395221244219,57.7063227842116 -61.7450011225621,57.7025827849838 -61.7626461148537,57.7103697847611 -61.7710251106209,57.7121927847113 -61.7885481025621,57.730713782329 -61.8110360927301,57.7372517822646 -61.8175670901146,57.7406237818873 -61.8280080841282,57.7527767806145 -61.8342080815249,57.764595779462 -61.8382880793662,57.7667577792642 -61.8162790887271,57.7734947783574 -61.8112440915602,57.7770207776356 -61.812703090285,57.7798007777157 -61.821777085315,57.7788967775924 -61.8399890782673,57.771602778802 -61.8533740728584,57.770347778596 -61.8589980716541,57.7554137813015 -61.865731069995,57.7519307810857 -61.883310061462,57.7514677818393 -61.8970100559161,57.7465677825632 -61.9024960533243,57.7473907823898 -61.9063780522957,57.7518357817023 -61.9063770511483,57.7566337811858 -61.899935053181,57.7665207803143 -61.9055710505956,57.7753487791493 -61.886657057731,57.7906347772342 -61.8768860611518,57.794495776916 -61.874867062366,57.7978707766369 -61.8770060608246,57.8027277756896 -61.874090063521,57.8065347753995 -61.8657440653722,57.8088337747924 -61.863807066709,57.8112987743323 -61.8664300649634,57.8154787742016 -61.8614190673398,57.8187757742482 -61.8504240727382,57.8171207736547 -61.8423550746506,57.821025773094 -61.8284520814057,57.8183787737874 -61.8252920829792,57.8201207736269 -61.8268270824662,57.8267887723134 -61.8190130843429,57.8325277719915 -61.8060870898666,57.8379017705251 -61.785430097756,57.8433007699322 -61.7731081032482,57.8420567697423 -61.7599481093136,57.8359947703825 -61.7574451112565,57.830669770896 -61.7495931141578,57.8274877717418 -61.7436471173524,57.817730772841 -61.7400001187972,57.8160787719817 -61.7313141215444,57.8121447728685 -61.7278321237327,57.8127337730103 -61.7222911255359,57.8214997719188 -61.7121991298836,57.8239707710339 -61.6988131358866,57.8249787708083 -61.6945751386754,57.8109207727602 -61.69784913635,57.8065157730748 -61.7044011351099,57.7977027743503 -61.7170091304125,57.7911867748755 -61.7192381282619,57.7811937760988 -61.724192128209,57.7740127765736 -61.7227661285977,57.7710037777152 -61.7173031302392,57.7699447773196 -61.7126871317798,57.773472776791 -61.7077011349096,57.7854507753128 -61.7029111353058,57.7908057743686 -61.6940451397928,57.793991774393 -61.6892171407531,57.7984357737058 -61.6851221426502,57.8022037734663 -61.6783511452023,57.8013297735248 -61.6748521472436,57.7975807730769 -61.6828241437896,57.7948307739721 -61.6870631419663,57.790832774704 -61.679612146219,57.7881167749941 -61.667159150683,57.7884557742617 -61.6534021574067,57.7800797750683 -61.6508081584176,57.7669797767533 -61.6613241542548,57.75995577732 -61.6628381540521,57.7531397777507 -61.6709091516454,57.7492487790159 -61.6895801441015,57.7463297793447 -61.6933401427511,57.7427797795425 -61.6914241435426,57.740441780187 -61.6717811506224,57.7401317795715 -61.6668811525509,57.737713780173 -61.6652251543495,57.7326357803964 -61.6698571525539,57.7199667818259 -61.6778131503655,57.7172127825362</coordinates></LinearRing></outerBoundaryIs></Polygon><Polygon><outerBoundaryIs><LinearRing><coordinates>-63.9356920502368,59.7556956072448 -63.9516320430498,59.7393836092509 -63.9695080357923,59.7326896099924 -63.9732570355892,59.7286076108556 -63.993046026528,59.7182656119397 -64.0089040199232,59.7177086118594 -64.0212870150738,59.7121016134424 -64.03031301227,59.7128566131037 -64.0423650046778,59.7182046127542 -64.050545002024,59.71712561334 -64.0542780004551,59.7132716138307 -64.0544840015177,59.706424614742 -64.0679879947726,59.7085796145669 -64.0904089850798,59.7156036142715 -64.1034639778971,59.7179796140724 -64.1048979778581,59.7152566142883 -64.0982279815682,59.7110896148959 -64.0842609874724,59.7091596149664 -64.0802929899113,59.705478615378 -64.0821629899262,59.7034336149166 -64.1050509798515,59.6935576169251 -64.1285659692023,59.6934966173851 -64.1524129581162,59.6977766174394 -64.1582279562825,59.7003256172372 -64.1629719533128,59.708816615919 -64.1605169541727,59.7163316156248 -64.1559299553869,59.7185856152012 -64.1428449623559,59.717120615034 -64.1364929645703,59.7179906145268 -64.1314329663675,59.7209256140794 -64.1399109609496,59.7253226144302 -64.1642989504798,59.7270926144357 -64.183601941715,59.7333906138321 -64.1897909388138,59.7393716141127 -64.181395941496,59.7486756129971 -64.1798959430277,59.7541466119286 -64.1834059405551,59.7585106122303 -64.1951609342128,59.7595026120567 -64.1991209331439,59.7640946120586 -64.1972139336799,59.7677386115324 -64.1857779378586,59.7719996106088 -64.1730369428896,59.7739686097938 -64.1544969523023,59.7722436098166 -64.1467439549722,59.7740166100133 -64.1460939539759,59.7813186090581 -64.1508879522491,59.7886616078052 -64.1468769537369,59.7944956077772 -64.142565955971,59.7945406071173 -64.1375059568765,59.7972456064529 -64.1435939540257,59.8066536063615 -64.1439069539002,59.8119096056198 -64.1317369576281,59.825519603955 -64.1263289575606,59.8405576026194 -64.1114359644198,59.8559796009897 -64.1090169647065,59.8584745999908 -64.0966429705555,59.8622665995014 -64.0941179712664,59.8551676007529 -64.0878159741593,59.8532996005314 -64.0848929748459,59.8601225998938 -64.0723349803465,59.8698505989788 -64.067742981293,59.8716425983193 -64.0613779843873,59.8715935977023 -64.0328299992748,59.8535625994378 -64.0297710003876,59.8496555992954 -64.0315339991482,59.8477095998488 -64.0377589969127,59.840807600603 -64.0492569919877,59.8361026016171 -64.0592209902138,59.8217926035107 -64.0720689847452,59.816863604067 -64.0644239878378,59.8145226035253 -64.0531929926827,59.8197326028832 -64.0460149951117,59.8230586023123 -64.0369109999283,59.8239026024336 -64.0352880009487,59.8177256031228 -64.0277710051523,59.8110436031845 -64.0296480047104,59.8090026034398 -64.0355300007905,59.8097306039223 -64.0423679990332,59.8086446040894 -64.0302890036922,59.8030666046911 -64.0285820056362,59.799400604536 -64.0327390030268,59.7969206046114 -64.0450059978426,59.7963286050702 -64.0770589829875,59.8013736053958 -64.0861589802983,59.8003006053593 -64.0995119743864,59.7935446070009 -64.0914839785035,59.7886956073845 -64.0697479886051,59.7876126064349 -64.0481589972044,59.781962607047 -64.026461007334,59.7827216065537 -64.021380009408,59.782893605632 -63.9995270203436,59.7713046071193 -63.981889027102,59.7702436064482 -63.9679960347273,59.7653346068065 -63.9543860407535,59.7659076061079 -63.9383060475395,59.7589156067414 -63.9356920502368,59.7556956072448</coordinates></LinearRing></outerBoundaryIs></Polygon><Polygon><outerBoundaryIs><LinearRing><coordinates>-61.6067181948824,57.4067128163512 -61.605648195109,57.4046248161237 -61.6152531919992,57.4016948167015 -61.6220461877989,57.3970868175355 -61.6310061846258,57.3964278179357 -61.6351361832119,57.3931128184155 -61.6463551780511,57.3909118180005 -61.649142178025,57.3839078192703 -61.6583121749643,57.3809618194398 -61.6676251711037,57.3809968196995 -61.7074331517788,57.3990028184431 -61.7182491485731,57.401126817901 -61.7302501430001,57.3996278180806 -61.8031451126239,57.4038708186963 -61.8266331021182,57.4017558200084 -61.8408990963739,57.4032748193476 -61.8557890892934,57.407321819699 -61.8775530808065,57.4171648191157 -61.8996220714251,57.42422881797 -61.8927970732237,57.429534817695 -61.8992410704309,57.4333578173382 -61.921035061797,57.4314048182232 -61.92921305898,57.4348148172551 -61.9223700605295,57.4403508165345 -61.9068380669661,57.4433788156987 -61.8847560768607,57.4437218155163 -61.8761120804175,57.4455528156876 -61.8515730894198,57.4590758139307 -61.81744610334,57.4705168116022 -61.807558107601,57.4783828109632 -61.795477112317,57.4879828095927 -61.7763181186599,57.4977578083533 -61.7611301238691,57.5288818043651 -61.7458631305488,57.5330428040501 -61.7307421358818,57.5401688032812 -61.7201791406408,57.5394288032407 -61.7172971424322,57.538436802581 -61.7155821432674,57.5340468031569 -61.7049361472017,57.5342148030396 -61.6956531516126,57.5289308033952 -61.6869001557048,57.5270928035712 -61.6546861682219,57.5255618034764 -61.6526211703444,57.5254598031159 -61.6470081721552,57.5218698032145 -61.6579681682141,57.513949804996 -61.6526331707556,57.5119748053036 -61.6436661750135,57.512413804613 -61.6377881763866,57.5072218054507 -61.6547831693444,57.4983298063697 -61.6659711643934,57.4968078069953 -61.6877661559678,57.4999198068257 -61.6983871521526,57.4954148072646 -61.6999761508509,57.4920308073832 -61.6990911519861,57.4878918085106 -61.6830601584114,57.4867628081954 -61.660158168661,57.4820168083229 -61.6576471697538,57.4771508084178 -61.6612001687413,57.4710808095375 -61.6639781678895,57.4686428098551 -61.6748431621852,57.4659768104317 -61.67984116092,57.4624568102392 -61.6836241594487,57.453876811973 -61.6911361571386,57.4506538122975 -61.7021821521918,57.4505008126015 -61.7130341483497,57.4523958126008 -61.7421671365697,57.449306813108 -61.7722761223525,57.4540028129018 -61.7845481174143,57.4543308135599 -61.7931901146029,57.4573018132099 -61.8001451105761,57.4554328130444 -61.7918181151381,57.4490468139631 -61.7909081156977,57.4451348145558 -61.7991431121234,57.4384988154625 -61.8338680981993,57.4295968167885 -61.8205391047471,57.4269558168221 -61.8140481063066,57.4243658173015 -61.8107241085304,57.4230468168877 -61.7929641147821,57.4365048151187 -61.7736411219408,57.4437568143546 -61.7637231265595,57.4455488142966 -61.7557471310871,57.4446448138569 -61.745318135328,57.4381958144923 -61.7302181411301,57.4364138147623 -61.71920314587,57.4363368144343 -61.70860014951,57.4408488134635 -61.6997821548741,57.4399218134208 -61.6885811590563,57.4327658140495 -61.6734451661534,57.431427814149 -61.6631651700663,57.4236028153206 -61.6521821744829,57.4187278155144 -61.6487041774245,57.4152028155427 -61.6555191745287,57.4103668165317 -61.6519121752627,57.4082108166366 -61.6497301762817,57.4081038162767 -61.6401001795357,57.4076488166438 -61.6331021837488,57.4099658161571 -61.6067181948824,57.4067128163512</coordinates></LinearRing></outerBoundaryIs></Polygon><Polygon><outerBoundaryIs><LinearRing><coordinates>-61.7867571132577,57.5090028071494 -61.7919411123122,57.5034258079657 -61.8049411062958,57.494079809121 -61.8060351063523,57.4932938089017 -61.8323610957053,57.4839368108828 -61.8361790950666,57.4792368111733 -61.8361060956806,57.4753498117604 -61.8454090918383,57.4710278125344 -61.8631890845375,57.4573208140596 -61.8716520808869,57.4527478142409 -61.8823130772007,57.4521108150294 -61.8983370698718,57.45321381468 -61.9084340661627,57.4589538141443 -61.915651063548,57.4589128144308 -61.9188580608774,57.4562528150481 -61.9178620614809,57.4482308157416 -61.9259370581459,57.4431838164742 -61.9335520559768,57.4433788165223 -61.967985041063,57.4522478156545 -61.97809303671,57.457985815569 -61.9836510329706,57.4722868141796 -61.9923810293731,57.4793628134697 -61.995698028179,57.4901858120472 -62.0061650229328,57.4968458114619 -62.0035240239145,57.5029458105371 -61.9832810318764,57.5111168094995 -61.9773960335833,57.5153158085861 -61.9787760333294,57.519004808425 -61.9941190265534,57.5184718087598 -62.0002740246916,57.5161178090998 -62.0045940234511,57.5102838099459 -62.008551020642,57.5088168098173 -62.0155620172972,57.5062158108462 -62.0245220151377,57.5057518110286 -62.0286420124889,57.5072218106605 -62.0407840071744,57.5194058096423 -62.038105007873,57.5259628090386 -62.0433490055086,57.5393448072032 -62.0414410061481,57.5418138074571 -62.0138480169949,57.5562088051188 -61.9996120217171,57.5684248030266 -61.9905460247668,57.5798418021069 -61.9853730273275,57.5806318025073 -61.9765000316187,57.5749238025185 -61.9688970344398,57.5742758022326 -61.9645370358734,57.5803368018648 -61.9531190409877,57.5843898011311 -61.9400520464092,57.5829198016165 -61.9364260471179,57.5805448015349 -61.9545770407698,57.5725448024074 -61.9615810380511,57.5654108037645 -61.9762510319065,57.5630388039427 -61.9777230319883,57.5607948039312 -61.9745050325639,57.5586518037328 -61.9652430364206,57.5575078046405 -61.960790037848,57.5548748044783 -61.9593630398178,57.5468488048597 -61.9565110405325,57.5454028057573 -61.9501300439001,57.5454708056923 -61.9399680478009,57.5497828044304 -61.9205190546096,57.5629958032541 -61.9133280580403,57.5769768011631 -61.9047330613902,57.5826988007828 -61.8934700651789,57.5849237996812 -61.8833150691653,57.5842017999396 -61.8807630714109,57.5826298003258 -61.8740330732961,57.5784798007241 -61.8555230822392,57.5807378001518 -61.8499280839967,57.5767098001613 -61.8327430923825,57.5737468005168 -61.8150771000032,57.5620848012724 -61.7928271102651,57.5541778021421 -61.7820391144723,57.5465828026099 -61.7782241165673,57.5325388045969 -61.7833411147495,57.5230748053382 -61.7867571132577,57.5090028071494</coordinates></LinearRing></outerBoundaryIs></Polygon><Polygon><outerBoundaryIs><LinearRing><coordinates>-61.1506424249212,56.4454849207328 -61.1497214256173,56.442477921093 -61.1610944218054,56.4364589223962 -61.1681564188874,56.4360049222126 -61.1768124153416,56.432174923145 -61.1841184115493,56.433327922524 -61.2052774032649,56.4283029230305 -61.219013398268,56.4271479239234 -61.2339573910507,56.4315989233337 -61.2362163905771,56.4322699232522 -61.2403133882945,56.4365119229648 -61.2472613860912,56.4371909229395 -61.2591273823636,56.434147923209 -61.2748023742697,56.4341889233841 -61.2946033669162,56.4382409237696 -61.3326973502301,56.4369249238936 -61.340331347969,56.4389909234588 -61.3450303460941,56.445533923356 -61.3498973437781,56.4463779234503 -61.3627703381775,56.4415209238047 -61.4202023139698,56.4448849242785 -61.4422163052287,56.4476139245146 -61.4503593028478,56.4487729244734 -61.4665362955123,56.4563439236836 -61.4825792887626,56.4611629233105 -61.4962952833556,56.4602059236565 -61.4976412827364,56.4591029239569 -61.4899962858163,56.4570479237859 -61.4829642883444,56.4529529238584 -61.4801162897054,56.448299924661 -61.4862762876396,56.4443749249302 -61.4960622833784,56.4455839255357 -61.5023452809068,56.444622924853 -61.5068102794756,56.4411099255497 -61.5057542793642,56.4392469260586 -61.4977462831736,56.4367259262158 -61.4971682838339,56.4341999265601 -61.5006362817432,56.4324719268308 -61.5080172796908,56.4329229268487 -61.5150682771901,56.436782926388 -61.5216162740853,56.4458899254368 -61.5275482716214,56.4485749250224 -61.5391132652091,56.4484599256476 -61.5432042635528,56.4531479249919 -61.5549882590103,56.4550929247079 -61.5616812571946,56.4584879243894 -61.589541244437,56.4606709241084 -61.5996992403138,56.4580049253479 -61.6188332329165,56.4608379253795 -61.6297052284675,56.4593239255866 -61.6345372260693,56.4606059256126 -61.6378002246539,56.465491924537 -61.6367862256042,56.4675219246206 -61.6327792262871,56.470600924213 -61.6191162321821,56.4754609234795 -61.6468752206672,56.4833369224363 -61.64689521927,56.492015921516 -61.6354022250918,56.4912299215044 -61.629354226375,56.4940269210429 -61.623716229613,56.4924919214086 -61.6120492339299,56.4935269212072 -61.6033292373645,56.4896199209675 -61.5900172429221,56.490604921568 -61.5712372509102,56.4882239209099 -61.5484702602745,56.4887009210155 -61.5404322633581,56.4864079208055 -61.5360332658705,56.4805729212885 -61.5378602645554,56.4744569225973 -61.5280022694919,56.4696009225048 -61.5202892726951,56.4682279224275 -61.5126812759085,56.4700579229027 -61.5036232789697,56.4697879223278 -61.5013012797219,56.4724579222546 -61.4911112850538,56.4753539212872 -61.4937022827461,56.4783979212951 -61.4913322839282,56.4847379204247 -61.4909132832487,56.4858519204272 -61.4888112854603,56.4862439199396 -61.4806452879559,56.4809729205924 -61.4576442976989,56.4754869211756 -61.448882301914,56.4763639207749 -61.4361863074128,56.475292920948 -61.4296923095991,56.4782949206261 -61.416316315605,56.4799429198537 -61.4152393147229,56.482420919661 -61.4184223141576,56.4836619192709 -61.4491793012124,56.4859659201989 -61.4765872896485,56.4929579190234 -61.4909172832664,56.4942979196988 -61.5204742712065,56.4919859195591 -61.5323392659407,56.4932569201322 -61.5456352613588,56.4967459203264 -61.5528922573121,56.4986539195186 -61.5660122522491,56.5040629188126 -61.5729762501114,56.5047269190204 -61.5926222420208,56.4979889206559 -61.5970912395111,56.4988019204617 -61.5986582398024,56.5041009194059 -61.6011112373771,56.5043949198022 -61.6068312355293,56.5006829200536 -61.6246352285935,56.5002869199865 -61.6385142225676,56.4977109210453 -61.6432142201044,56.5049289199661 -61.6410772209162,56.5101159191292 -61.6344232247322,56.5149539187318 -61.6244042277453,56.5160299186607 -61.6164912302349,56.5210579180866 -61.6098512337026,56.5213249176195 -61.6012742380221,56.515823918132 -61.591986240565,56.5134969185362 -61.5870132429596,56.5092439188021 -61.5800502469141,56.5085829187094 -61.5692892508328,56.5130659181731 -61.5742592479699,56.5173189178326 -61.6013242374161,56.5240489173033 -61.6067102339843,56.528312917004 -61.6168772296625,56.5477899151219 -61.6157522295486,56.5509539139272 -61.609715232068,56.55352091356 -61.6010272348899,56.5534969138383 -61.5942052381942,56.5512429143283 -61.5814812445111,56.5545269136016 -61.5722902477345,56.5510639139418 -61.5513332560098,56.549537913582 -61.5419102600264,56.5442349143382 -61.5258422672456,56.5435329135914 -61.5141572720241,56.5445559134264 -61.4960362795377,56.5394479136279 -61.4839392846214,56.5404589133587 -61.4758422876939,56.5386199139192 -61.4587822954055,56.5312499148925 -61.4382273033943,56.5299429140199 -61.4327033057618,56.5272599144947 -61.4418593016695,56.5225179153419 -61.4383503036473,56.5203549157625 -61.430448307734,56.5207979155187 -61.4178033128043,56.5190439150831 -61.411020315666,56.5165479155654 -61.4029313200388,56.5064849165614 -61.3885523252048,56.5055859171041 -61.3779283295858,56.5125659155347 -61.3742873314016,56.511768915519 -61.3709693317628,56.5077819160996 -61.3653413345022,56.5062369158455 -61.356039338879,56.5123449155661 -61.3617163365332,56.5175489148535 -61.3587593366625,56.5222509145965 -61.35165933912,56.5229459138776 -61.3386333447597,56.5168339150237 -61.3296273497052,56.5037579158125 -61.3070963584712,56.5057909151706 -61.3025273608278,56.5019919163332 -61.3048183602099,56.4997839160367 -61.3158923558986,56.5005879162186 -61.3256033518268,56.498607916958 -61.3380993459511,56.501736916788 -61.342286344179,56.5011789163887 -61.3457023432394,56.4960339173478 -61.3440113431351,56.4923299178141 -61.3230963528845,56.4907649173239 -61.3156983566573,56.4944149168582 -61.3073523584585,56.4911819174017 -61.3023863610601,56.4912539168077 -61.298936363249,56.488632917795 -61.3179173556131,56.4807779185763 -61.3346283486723,56.4807359192253 -61.3381643470215,56.4807249184991 -61.3455093442769,56.4775279198105 -61.3554133400588,56.4776079195112 -61.362620337523,56.4798889190889 -61.3948483231952,56.4756279201026 -61.3854923284127,56.4700899205404 -61.3740153322859,56.4692719210613 -61.3554253409989,56.4570499216657 -61.3467543445915,56.465233921235 -61.334909348971,56.4639479210162 -61.3217473545363,56.4553149220069 -61.3143623580386,56.4548539218669 -61.3072083606743,56.4562269210467 -61.3060583610425,56.4593899209517 -61.3163233565846,56.4599379213065 -61.3181983567084,56.4618269208472 -61.3116503584605,56.4652749207636 -61.3118763583532,56.4671099204976 -61.3192163552482,56.4680259201671 -61.3223253536407,56.4699529193999 -61.3179783563537,56.472098919719 -61.2998303630553,56.4758679188297 -61.27361237385,56.4777799188476 -61.2527293820817,56.4759719181438 -61.23043539168,56.4679529187849 -61.2015504039252,56.4677019184224 -61.1822804107365,56.4702769179856 -61.1799794118059,56.4686019181718 -61.1959784059669,56.4618129192223 -61.2078154010279,56.4631089194366 -61.2256733942408,56.458201919942 -61.2255473936924,56.4554559206243 -61.2212353962582,56.4532629208398 -61.2314913923604,56.4499359210693 -61.2395973888315,56.4394609228819 -61.2331353910952,56.4381109224724 -61.2268463947014,56.4390489227516 -61.2164283978961,56.4439699219789 -61.2003674049778,56.4475599215111 -61.1922834086562,56.4459269207849 -61.1772844144753,56.4472659213836 -61.1737024160847,56.4498939201081 -61.1678954188534,56.4501619203551 -61.1642894199911,56.4491269202794 -61.1626644209009,56.4449609209109 -61.1506424249212,56.4454849207328</coordinates></LinearRing></outerBoundaryIs></Polygon><Polygon><outerBoundaryIs><LinearRing><coordinates>-60.9563395225435,56.0197569687892 -60.9507665238423,56.0111119694623 -60.9730445146223,56.0125749696862 -60.9773525140803,56.0067829706878 -60.984313511204,56.0065649709233 -60.9911795071171,56.01091797028 -61.0039075020335,56.0138669697396 -61.0104615002128,56.0136349700731 -61.0373194887688,56.0067899714653 -61.0668664772969,56.0089379717904 -61.1057834609242,56.015045971357 -61.1209144540912,56.0190589707375 -61.1403114468198,56.024193971233 -61.1601664380394,56.02553997039 -61.1745704318103,56.0321819700175 -61.1825384280554,56.0340349702429 -61.1971364237868,56.0349769701579 -61.2118554164535,56.0386539700716 -61.2207534130747,56.0512769685839 -61.224638410561,56.053230968516 -61.233951407905,56.0539889684262 -61.2367404059066,56.0586439678567 -61.2336074067435,56.0612829672653 -61.226953409638,56.062438966752 -61.2242494109544,56.0648619673001 -61.2256434103213,56.067191966943 -61.2312994073406,56.0678299665829 -61.2404884039136,56.0658459668685 -61.2444844015843,56.0746539660457 -61.2487353999804,56.087172964702 -61.2491893998213,56.0885059643068 -61.247462400042,56.0973549632452 -61.2498443983919,56.1019939623903 -61.247191400256,56.1039699626225 -61.2370484045196,56.1031839621523 -61.2339854055261,56.105141962571 -61.2393144027912,56.1089669613235 -61.2283874070872,56.1118089613155 -61.2175914122231,56.1094019615504 -61.2137024139755,56.1035649624322 -61.2173134116006,56.10025896255 -61.2313824061783,56.0986639623412 -61.2341114054277,56.0960089632472 -61.2315154061793,56.0934139630941 -61.2162594131619,56.0867509643612 -61.2086154153934,56.0855909643192 -61.2060034180172,56.0832219644997 -61.1920564224848,56.0836829642069 -61.1861454253579,56.0855409637335 -61.1810894275777,56.0908499634354 -61.1614204347906,56.0919619627175 -61.1632394339789,56.0973439626031 -61.15916143524,56.1010939614463 -61.1681784325479,56.1048169610423 -61.1704804300699,56.1101449608808 -61.1866894245088,56.1115919610993 -61.181002426609,56.103412962018 -61.1836864257422,56.101215961987 -61.1902534227813,56.1009759617179 -61.1963404211475,56.0975189628327 -61.2031964182478,56.0984319623374 -61.2072754163709,56.1024449621113 -61.1979084195926,56.1099029610703 -61.196095420317,56.1194349597872 -61.1906074217412,56.1210829597392 -61.1530754372315,56.1200759592322 -61.149981439151,56.1222579593947 -61.1548484360549,56.1265299588291 -61.1680424319264,56.1294749583497 -61.1703704290867,56.1345739579953 -61.1631524322981,56.1463129567524 -61.1619734324928,56.1482319556176 -61.1491074369316,56.1615109540714 -61.1413034405836,56.1617139546794 -61.1338144437036,56.1589479548463 -61.1251484474713,56.1595729544428 -61.1166764510778,56.1583749542894 -61.1101814525208,56.1654709536798 -61.1108304533309,56.1670869532655 -61.1172894507219,56.1679849531141 -61.1272784456646,56.1664999534383 -61.1304224441895,56.1677359533802 -61.1215074486628,56.1745259526543 -61.1128604521422,56.1749239521956 -61.1043994539513,56.1812629515651 -61.0974564574046,56.1810299510666 -61.0971774581249,56.1759949515692 -61.0856334634782,56.168987953005 -61.0834784639494,56.1661719531117 -61.086949463499,56.1605799537339 -61.0769834672813,56.1618469532552 -61.0647234714705,56.1577809540191 -61.0632734735979,56.1521839544109 -61.0629884734892,56.1510929545909 -61.0662634715236,56.1473239545556 -61.0814024660911,56.1473739550693 -61.0839594652905,56.1426629560189 -61.0933474613893,56.1390959568069 -61.102039457087,56.1382449567139 -61.1043184573293,56.1360399567419 -61.1027164581123,56.1318749570344 -61.0924234615916,56.1324429571639 -61.0898624624856,56.1296169577812 -61.0935164618728,56.1260839579763 -61.1013584584695,56.125431957952 -61.11076545433,56.121635958752 -61.1304844465718,56.1170429595859 -61.1407264428808,56.109161960249 -61.1392434431966,56.1077429608047 -61.132650446943,56.1082079604829 -61.1070324555956,56.118313959202 -61.098680460096,56.1198669589118 -61.0766634687289,56.1288539576735 -61.0712914702214,56.131045956767 -61.0613814748816,56.1318519567558 -61.0557094773822,56.127548957115 -61.0481114804435,56.1259189575673 -61.0466984813243,56.1238169575554 -61.0491094794739,56.1204719577282 -61.0572474761902,56.1170999587091 -61.0574674770845,56.1150479585693 -61.0498704799482,56.1134189594047 -61.0453024821684,56.110294959518 -61.0408664840602,56.1096879592544 -61.0352954850333,56.1120069589761 -61.0299974877381,56.1193659576013 -61.0166334937018,56.1143409585895 -61.008742497159,56.1154369578683 -61.0019094995277,56.1142929586002 -60.9957415014127,56.1108829588385 -60.9956495028553,56.1042569593156 -60.9933525032056,56.102805959031 -60.9828365072821,56.1017579589424 -60.9667575141339,56.0954859599153 -60.9666425142842,56.0854369609725 -60.9752455111085,56.0852789616665 -60.980434509541,56.0827179619346 -60.9853845065258,56.0840239615139 -60.9883805057068,56.0848199612909 -60.9911395054149,56.0782899624848 -60.9956425034159,56.0782159626861 -60.9978775027597,56.0764659630091 -60.9865145078263,56.0683089632846 -60.9872185071981,56.0655939634337 -60.9838805087341,56.0625119646311 -60.9853055085597,56.0607309646878 -60.9899315064033,56.0595219649868 -61.002497501569,56.0604139648874 -61.0217834940551,56.0633549644435 -61.0269634910696,56.0607919652212 -61.0364254878488,56.0602049648892 -61.0394464859883,56.0587089648946 -61.0389034860528,56.0561759656714 -61.0291894897399,56.0553849653796 -61.0153884952875,56.0583389650929 -61.006435500641,56.058033964851 -60.9986445029539,56.0545649656448 -60.997796503831,56.0511139653062 -61.0019045013475,56.0471419658897 -61.0091314989254,56.0483069656832 -61.0255154925887,56.044070966905 -61.02960049083,56.0403299672705 -61.042038486338,56.04235496716 -61.0386344876057,56.0360679680772 -61.0297354918904,56.0353099679725 -61.0127864971527,56.0372399676376 -61.0098054993034,56.0346259678987 -61.0120374982781,56.032875967789 -61.0115984985124,56.0294349684761 -61.0033965020994,56.0222999695546 -60.9991575036235,56.0237469693119 -60.9953845052347,56.0284199688214 -60.9833095102068,56.0268599685319 -60.96476651779,56.0321539675245 -60.9603415188247,56.0315439675935 -60.9570825208002,56.0277749675354 -60.9589645197852,56.0255579682206 -60.9659245167766,56.0253419686875 -60.9674945159071,56.0221979689565 -60.9563395225435,56.0197569687892</coordinates></LinearRing></outerBoundaryIs></Polygon><Polygon><outerBoundaryIs><LinearRing><coordinates>-61.3847593232138,56.6052899050425 -61.3858613226552,56.6025809056516 -61.3918983195393,56.6002579057962 -61.4094113123053,56.5991899057199 -61.4161863088487,56.6019099056154 -61.42411430632,56.6096879051763 -61.4293723043823,56.6109899048345 -61.4441732981172,56.6080129052795 -61.4570532923586,56.6077149052471 -61.4646932891747,56.6143379044145 -61.465990287576,56.6180339046066 -61.4592732908448,56.6230859041932 -61.4700212858437,56.6234089040689 -61.4768282831523,56.6258959037512 -61.4798432826754,56.628956903224 -61.4794882829644,56.6326029027155 -61.4719102846956,56.6337389026626 -61.4675272873242,56.6361309023865 -61.4700122864424,56.6371119025076 -61.4731162843175,56.638348902242 -61.4818712810174,56.6379239024265 -61.4891832777698,56.6395149024074 -61.5028022731994,56.6444909017878 -61.5065172704175,56.6489379011041 -61.5028092722348,56.6529379012491 -61.4674242875438,56.6498299006819 -61.4585362910178,56.6516199004834 -61.4596202892781,56.6532478999131 -61.4747312839851,56.6557579000497 -61.4827012795992,56.6548539005222 -61.4862682792116,56.6565589002645 -61.509424268566,56.6574739001013 -61.559542246779,56.6715128997467 -61.5719432426105,56.6721038991673 -61.5767572397635,56.6738438993946 -61.5729242417041,56.6792148988009 -61.5762792398116,56.6875348981192 -61.5736032406013,56.6938528971875 -61.5781152392423,56.6944398972344 -61.5942232330511,56.6910178979693 -61.6009892300604,56.6941868971272 -61.613391224466,56.6904338977832 -61.633402215839,56.6896358982838 -61.6515492096131,56.6821599000387 -61.6682372026158,56.6723559010726 -61.6771421995357,56.6703229012404 -61.6931651933238,56.6721459013732 -61.6969811913327,56.6667709021314 -61.7022241890523,56.663947902161 -61.711436184839,56.6630639028474 -61.7157981844337,56.6652419023901 -61.7155061824921,56.6684269021657 -61.7075591857058,56.6736339014556 -61.7044661873576,56.6756599012111 -61.7046451881715,56.6827429001925 -61.6958371910396,56.6882068999819 -61.6776441980486,56.691805899076 -61.6719422008144,56.6950728983571 -61.6707452006628,56.7034878976047 -61.6669872014954,56.7081768970509 -61.6583342041148,56.711815896194 -61.6446352115876,56.7116578958879 -61.6311132161928,56.71400589601 -61.62115121978,56.7182918946401 -61.6167732208109,56.7250218941593 -61.617675221773,56.7286988935324 -61.6227862182592,56.7318168934072 -61.6392742126048,56.7245228943374 -61.6501162080941,56.7241438944158 -61.6649532010964,56.7300458940499 -61.6647162011856,56.732550893286 -61.6576452043044,56.737331893568 -61.656286204982,56.7382558935018 -61.6409052103093,56.7426108919571 -61.6410822105724,56.7451288916347 -61.6483402071896,56.7476208922327 -61.6409182095839,56.7602018901918 -61.6428312087483,56.7664228896316 -61.6462402065315,56.765605889875 -61.6568702045044,56.7542568910033 -61.6631372014122,56.7539788909242 -61.6651291995847,56.763858890183 -61.663236201316,56.7663158896743 -61.6538072048956,56.7692448892631 -61.646003208017,56.7770198885064 -61.6400352095724,56.7784458882431 -61.6317972122163,56.7775268880421 -61.6249442158272,56.7839518873703 -61.626487214686,56.7897068868286 -61.6156832186268,56.8026548848485 -61.6154692178021,56.8092698843932 -61.622507214526,56.8186068835164 -61.6279332124624,56.8317838815153 -61.6308122109165,56.8499118798649 -61.6378962073985,56.8544498791907 -61.6354702072044,56.8580408788107 -61.6211322128972,56.8640258776807 -61.6136162159392,56.8772898760304 -61.6026662208059,56.8870248752144 -61.5918622242247,56.8908268746683 -61.5708602333782,56.8920478745449 -61.568010233577,56.8956178731891 -61.5726142324021,56.8998708730237 -61.5620482364394,56.9054988721043 -61.5548072386198,56.9068948722509 -61.5495252416566,56.901023872768 -61.5567192389175,56.8957518737882 -61.5552952396452,56.8931968739508 -61.5508432413636,56.8916968739732 -61.5482772418698,56.891898873744 -61.5445292438334,56.8921968733479 -61.5366572464396,56.8958478734654 -61.5305762497904,56.9025278721041 -61.5335062470128,56.9110648711515 -61.5299482478618,56.9175888707734 -61.5358452465987,56.9214138705071 -61.5343302464322,56.9241108694333 -61.5243212501474,56.9281608695928 -61.5273892489868,56.9309918693311 -61.5358382458337,56.9300958692074 -61.5422682432286,56.9327968693122 -61.5450952406866,56.9381368686542 -61.5426812429101,56.941490867835 -61.5362702456613,56.9429018678868 -61.5274692483384,56.9387638679708 -61.5250612495868,56.9334368688483 -61.5214632512733,56.9317358686078 -61.5150042542,56.933601868653 -61.5134462541942,56.9367568685367 -61.5054932571749,56.9410858676166 -61.4990172591215,56.9516288663332 -61.4914612622689,56.951866866219 -61.4766922692776,56.9573708652468 -61.4752902700491,56.955611866133 -61.4740842706432,56.9540938661439 -61.464997273539,56.9529078658697 -61.4652912739052,56.949947866496 -61.4772432691166,56.9475638663575 -61.4795282681302,56.9455748665607 -61.4696792728109,56.9436838672852 -61.4701732731191,56.9386718671225 -61.4672632738102,56.9342418676377 -61.4576902779124,56.9296148682507 -61.383776309124,56.9244158684225 -61.3772693122471,56.9267308676911 -61.3678193149868,56.9332968662939 -61.357951318969,56.9357378666275 -61.3527163220292,56.9337498668023 -61.3527443224621,56.929408866911 -61.3442443249317,56.9266318668969 -61.3437823247382,56.9229628677653 -61.3513143223227,56.9188548684092 -61.3527313224975,56.9169888686923 -61.3575933203426,56.9105908686205 -61.3700923153905,56.9068608700292 -61.3784713118847,56.894328871396 -61.4056233012874,56.8818968734215 -61.4153832979796,56.880367873012 -61.4186422960674,56.8770378737654 -61.4136422987304,56.8727768746541 -61.3761773142666,56.8675198742874 -61.3804293138315,56.8626258751469 -61.3778633140956,56.8591188753554 -61.3703043176653,56.8595738751797 -61.3668583181399,56.8564998754469 -61.3698453181517,56.8435668767467 -61.3769813153815,56.8430978771447 -61.3800303135767,56.8377078778991 -61.385133312947,56.8371728778618 -61.3884653106962,56.8368218775172 -61.3916043097908,56.8346328779062 -61.3909823095912,56.8325578786266 -61.3997793068468,56.8280248791066 -61.4079073040868,56.8259938795643 -61.4150382999575,56.8214118803476 -61.417205300757,56.8164488806317 -61.4234822968375,56.8161818805918 -61.4295562947601,56.8179658808149 -61.4396452908413,56.817126880935 -61.4460322885106,56.8116088819878 -61.4676982784612,56.8074568827094 -61.4708182781114,56.8096078818182 -61.467575279919,56.8129388816341 -61.4707442774148,56.8146328815393 -61.479693275055,56.8126148819303 -61.4859402714332,56.8169098817455 -61.4778542744487,56.8228378806808 -61.4591992818333,56.8259388806595 -61.4442352878662,56.8254898797964 -61.4344022928682,56.8279348796206 -61.4193652980262,56.8281668792091 -61.4144033002558,56.8309488789684 -61.413174301386,56.8316348788874 -61.4206632968863,56.8318568792036 -61.425771295215,56.8349838790052 -61.4353132912327,56.835502879092 -61.4393052906096,56.8331068794954 -61.4491262857888,56.8350028791012 -61.4648942788625,56.8400458781848 -61.4747342751709,56.8460508784621 -61.4781132733742,56.841350878455 -61.4875362698103,56.8388908788967 -61.5069172632567,56.8198168815104 -61.4998572652023,56.8152688820396 -61.4990332663716,56.810902882751 -61.4885992707165,56.8110498826717 -61.4867002720394,56.8091658825782 -61.4912482709035,56.8010788833802 -61.4952742687545,56.7982298836411 -61.5080752637685,56.7951818841383 -61.5180922598541,56.7906768849826 -61.5232142578968,56.7851178860453 -61.5050902641527,56.7873228852258 -61.5010862659568,56.7899468847965 -61.4956202679752,56.7904698849484 -61.4755122767106,56.7873618849309 -61.4554272846614,56.7924688842719 -61.4359992933964,56.7909748840339 -61.4344962947415,56.7893288840751 -61.4490032881531,56.7858808849174 -61.449204288041,56.7838288847437 -61.4455362900705,56.7830388852757 -61.4364002931726,56.7846948844955 -61.4336602937102,56.7851868846607 -61.4326712957101,56.7741968856386 -61.4276212974285,56.7747268858095 -61.4250032988358,56.7801318851161 -61.4196773003367,56.7833938843056 -61.4118743035328,56.7822468846538 -61.3933333115118,56.7844238847563 -61.3889913140576,56.7737818854627 -61.3807303171706,56.7730758851433 -61.3738383191436,56.7630388865387 -61.3813073168142,56.7591588866371 -61.3791143192889,56.7437818884099 -61.3556543279742,56.7453428882142 -61.3533043297435,56.7439008888896 -61.3663513235197,56.7383608890604 -61.3725493213519,56.738779889382 -61.390033314383,56.7345158893553 -61.3848013178223,56.7327658899116 -61.3907423143546,56.723346891268 -61.3882533158129,56.719158891833 -61.3802173197181,56.7205128919192 -61.3787403203216,56.7186388912375 -61.3804413203322,56.7100148928558 -61.3851383173669,56.7046698932353 -61.3840773178025,56.7028128936782 -61.3801163204624,56.7008638937303 -61.3675963253218,56.7013928937591 -61.3660553263832,56.7002028934809 -61.3813373203778,56.6929058949708 -61.3893693166551,56.6915508945287 -61.3921943165858,56.6882098952845 -61.380877321194,56.6892358952648 -61.3777243208412,56.6875378953164 -61.3744103241802,56.6792138962183 -61.3656943277003,56.6791728962074 -61.3654153281139,56.6777958960254 -61.3742733234988,56.6723568972777 -61.3730753244296,56.6636428975871 -61.3759263239912,56.6600698987309 -61.3854923202303,56.6599088985745 -61.3950513157125,56.655631899456 -61.4025243125028,56.6556318989892 -61.4251353029429,56.6494649005033 -61.4139663078176,56.6491239002611 -61.400383313471,56.6521378998756 -61.3965683163614,56.6488228997813 -61.3996663150511,56.6427499012088 -61.3934723171584,56.6299979019046 -61.3848593211707,56.6290479021316 -61.3817813232067,56.6266709025081 -61.3954953176538,56.6264049030084 -61.4018783137862,56.6206629035592 -61.4091163123059,56.6062629050466 -61.3915353202575,56.6080099046789 -61.3847593232138,56.6052899050425</coordinates></LinearRing></outerBoundaryIs></Polygon><Polygon><outerBoundaryIs><LinearRing><coordinates>-61.0229015007592,55.8516889895053 -60.9909005140866,55.8541499890512 -60.9856055154161,55.8528219896607 -60.9730845203421,55.8544999892725 -60.9462805320645,55.8514909886547 -60.9345415372254,55.8520239891173 -60.9269785391353,55.858223988338 -60.8990205500081,55.858177987931 -60.8904415555222,55.8545849879824 -60.8807025588867,55.8539579879742 -60.8667755640644,55.8460659888016 -60.8384105754165,55.8455509883581 -60.7983425930035,55.847140987758 -60.7805915993522,55.8513409874346 -60.7753216009719,55.8509139866416 -60.7708156030662,55.8481989875546 -60.7554596096502,55.8501059867722 -60.7477206130062,55.847865987267 -60.7330106192558,55.8399629876273 -60.7151256263858,55.8357249878413 -60.7134686264069,55.8334469884943 -60.7227266245233,55.805152991773 -60.7244956229266,55.8045929923379 -60.7307796208329,55.8026079921602 -60.7331606207074,55.799857992601 -60.7322796199747,55.7953069935548 -60.7370406184037,55.7895889943679 -60.7353746199742,55.7866289940982 -60.7289036233288,55.7868929943951 -60.7280546232757,55.7843899950644 -60.7352326198507,55.7782029954512 -60.7532466132354,55.7671749971737 -60.7673586069366,55.765277997299 -60.7725676056122,55.7625159979871 -60.7768436048529,55.752692999466 -60.7832356019054,55.7485589994584 -60.7936995972896,55.7462190001098 -60.8029895938431,55.7459450005866 -60.8078835916154,55.7486500001352 -60.8087365909895,55.7511520000301 -60.792670597751,55.756489998411 -60.7890775994565,55.7590109980869 -60.7903085981925,55.7601439982536 -60.8060665920155,55.7598229983969 -60.8158055877928,55.7618299988187 -60.8342165817173,55.7521439997417 -60.8503745742919,55.7518280001453 -60.8604255709598,55.749261000464 -60.8623085706186,55.7421850013418 -60.8666815680274,55.7385150015759 -60.8715285669657,55.7384800018918 -60.8857975607737,55.7450080009749 -60.904819552417,55.7464880017076 -60.9180755478773,55.742752002146 -60.927985543613,55.7338000029487 -60.9332525414697,55.7344510031642 -60.9402115384658,55.7387350027328 -60.9491265347633,55.7400410027972 -60.9559465324528,55.7379430028644 -60.939260539211,55.7321330032654 -60.9403605386238,55.7268830045121 -60.9366625408767,55.7239450040964 -60.9047155534778,55.7218670044842 -60.8885745598564,55.7224270044399 -60.8797505636864,55.7254420040682 -60.8782025644053,55.728870003024 -60.8713945666118,55.7316490026495 -60.8625085703984,55.7317000029584 -60.8588265721424,55.7294470031817 -60.8523695746597,55.7297110032282 -60.8464395774984,55.7361260017717 -60.8501885752854,55.7422610009369 -60.8465835770006,55.7438750011518 -60.8372705801407,55.7427870011428 -60.8006575950812,55.7288660022998 -60.7958275970311,55.7298060023244 -60.7922435980856,55.732559001744 -60.7887515997664,55.7407810002583 -60.7803286036345,55.7442430004534 -60.7734466054833,55.7433710003633 -60.7709756062938,55.7406460004201 -60.7740996066331,55.7344740012565 -60.7667066087968,55.7257350021618 -60.765852610255,55.7247230025827 -60.7593476124287,55.7222490023959 -60.7492356157489,55.7211620028034 -60.7416926197785,55.7289510014671 -60.7180336292299,55.7393189998307 -60.7088726322398,55.747794999146 -60.6818136412905,55.775264995139 -60.6674226479157,55.7865019937113 -60.6583796499782,55.8043109910533 -60.6488396539134,55.81620098972 -60.6363986592149,55.8235469889419 -60.6299416612329,55.8251689883359 -60.6242656634196,55.8245049887933 -60.616883666853,55.8174749891769 -60.6119116688921,55.8152169901419 -60.6079246707497,55.8134079903619 -60.5969686743596,55.8111739900957 -60.5819846819371,55.8103229896649 -60.575065684031,55.8071519898201 -60.5847236798994,55.8030169907497 -60.5858866797023,55.7989129910148 -60.5903076787902,55.7968499913532 -60.6064546724192,55.7942739920871 -60.6116706703037,55.7910659924178 -60.6180276670216,55.7826089935468 -60.6195316672105,55.7741699944227 -60.616190668908,55.7664369961798 -60.6088626717429,55.7623639962658 -60.5987456758558,55.7617199959094 -60.6014926743984,55.755333996936 -60.5944936783028,55.7453309978097 -60.5948616784738,55.7425959982366 -60.60570967422,55.7379949985135 -60.6084716727065,55.7331969994333 -60.6036396744849,55.729722000196 -60.6015366763855,55.7282110000717 -60.5910336805461,55.7275700000395 -60.5884496820841,55.7152790018172 -60.5936106798468,55.7086450026425 -60.5911346814599,55.7045530030219 -60.5854656834363,55.7027510027518 -60.575780687503,55.7032430024468 -60.5749426870001,55.7005120030875 -60.5793336867091,55.6968500039921 -60.5941766796932,55.689953004801 -60.6025296772581,55.6808060059553 -60.6109536740327,55.6771290065611 -60.6258416677791,55.6745580072179 -60.6422766617783,55.6674240078459 -60.6510616584629,55.6612320088309 -60.6522086576295,55.6571270092072 -60.6399946636169,55.6485150106349 -60.6395606639942,55.6462360109869 -60.64656666053,55.6453740111576 -60.6444156610555,55.6417350110741 -60.626963669031,55.6390010116765 -60.610735675522,55.630864011533 -60.6485016620572,55.5951500172166 -60.6625786564734,55.5666020207496 -60.6573316595117,55.5654760210507 -60.6548236605615,55.5588810209677 -60.6567146590418,55.5506670226171 -60.6682036550239,55.5389900240866 -60.6649766570356,55.5380900235806 -60.6565896601446,55.5417790233208 -60.6494486632771,55.5484160222547 -60.6481136623947,55.5677990198455 -60.6258606711837,55.587955017949 -60.6122926762735,55.5966680165434 -60.5946876831223,55.6049430146264 -60.5827726870593,55.6179810136747 -60.5719156916647,55.6443910098358 -60.5616486932153,55.6693390070153 -60.5432907013872,55.6860390043003 -60.5374167028157,55.7013320021914 -60.5387687017472,55.7131770007386 -60.5240017078503,55.7284929996716 -60.5120717110578,55.7453949968405 -60.5113027128194,55.748818996492 -60.5186647084848,55.7569969960505 -60.5165517090186,55.7611319947328 -60.5095667116784,55.7747989938787 -60.4882717197034,55.7880789914214 -60.4798567225431,55.795627990281 -60.4681867284401,55.8018119896728 -60.4617187305225,55.8022919895026 -60.4564377328145,55.8000259896451 -60.4552007323219,55.7979779902641 -60.4631987296677,55.7881599912412 -60.4590937312892,55.781788991875 -60.4558497323633,55.7813379921212 -60.4466067369309,55.7872919914126 -60.4348747410366,55.7868689911255 -60.4271457444557,55.7818759911429 -60.4250827463607,55.7768679923885 -60.4286337450357,55.7670639937052 -60.4265927452354,55.7650159939316 -60.4132347512761,55.7642139936575 -60.39513975872,55.7744369923875 -60.3757697662077,55.7792669915402 -60.3563717735299,55.7811269910273 -60.3478717776811,55.7800069910702 -60.3454227780433,55.7768209916081 -60.3445017787214,55.7597399931803 -60.341622781273,55.7531319941596 -60.3371727822169,55.7522289938275 -60.3319427845711,55.7554249941223 -60.3279557849379,55.7640959929517 -60.3279977848124,55.7707019921345 -60.3207427879205,55.7739119909745 -60.3122547919173,55.7746049914389 -60.3057767936658,55.7727929913551 -60.3073297938468,55.7541899933699 -60.3080407939984,55.7456709945394 -60.3128587914932,55.7408799955509 -60.3197067896858,55.7376749960802 -60.338689781388,55.7374119963122 -60.342317781192,55.7362679963841 -60.3447127799709,55.7326179970068 -60.341030781238,55.7253299973534 -60.3418097813233,55.7212299982059 -60.3591077750315,55.7120779994749 -60.3574517753411,55.7066110002997 -60.3658927716098,55.6972200014422 -60.3738627703745,55.6883470024567 -60.3722137695707,55.6840220029555 -60.3636957748029,55.6774260037937 -60.3528087788385,55.6776810036814 -60.3511647792312,55.6738100038185 -60.353954777753,55.6685600044444 -60.3745087707215,55.6669200049128 -60.4002687604284,55.6613930058525 -60.432114747008,55.6606300060999 -60.444635741697,55.6631050062097 -60.4474437409953,55.6612750064397 -60.4389187433971,55.6551440073585 -60.4425197431649,55.6521690074041 -60.4477567401545,55.6516990077667 -60.457503736841,55.6594210074247 -60.4704407314986,55.6628040067349 -60.4720067301609,55.658017007309 -60.4699317317488,55.652092007665 -60.4850687272055,55.634499010179 -60.4961697230387,55.6173710127335 -60.4956927236429,55.6103070134761 -60.5076587177249,55.5997860149751 -60.5139117159816,55.5826700169035 -60.5126687174734,55.5794830171003 -60.5111137181801,55.5804020173657 -60.5002717228901,55.5868160161489 -60.4759387308025,55.6085440133721 -60.4648227346356,55.624760010984 -60.4563677383837,55.6250120106314 -60.4410387438516,55.6227760114929 -60.4366267458338,55.6246110107377 -60.4346577471694,55.6296280098942 -60.4294177489551,55.6296430104935 -60.4273687498714,55.6253170111016 -60.4172957537533,55.6255720109835 -60.4063787585178,55.6208130109808 -60.4010917608592,55.6144450115188 -60.3833227692884,55.6085590121822 -60.3784477701076,55.6028710129638 -60.3768337708691,55.5975340133062 -60.374730772942,55.5905720146713 -60.3766577720139,55.5794000154251 -60.3810557706652,55.5757450159635 -60.3919077661628,55.5743520167074 -60.4026897617361,55.5647510174974 -60.401869761973,55.5627060180618 -60.3934287660034,55.5634090185382 -60.3826017701678,55.5677650170197 -60.3769687723028,55.5675470174616 -60.401341762787,55.5474320198971 -60.4020367637368,55.5342100220168 -60.4068027611882,55.527135022222 -60.4172387574015,55.5259670226491 -60.4248187543523,55.5193410238834 -60.4380467495861,55.5161140243937 -60.4380077492051,55.5115550251435 -60.4459477461742,55.5015040261897 -60.445503747864,55.4967160267066 -60.4406657492882,55.4946760272187 -60.4378687508289,55.4965110266797 -60.4275417530515,55.5093010252432 -60.3759567732214,55.5402000202115 -60.3639327783137,55.5452390198673 -60.3583397799719,55.5502660189752 -60.3555797808201,55.5577930178 -60.3459347853937,55.5591810178851 -60.3367307887751,55.5662610171473 -60.3042078018175,55.5758940156979 -60.2957598042046,55.5765910156936 -60.2913218071094,55.5743180159242 -60.2902378068053,55.5712020163153 -60.2888658086,55.5672570164919 -60.2912558071184,55.5624660172419 -60.3012858029389,55.5588040173062 -60.3064748013747,55.551732019008 -60.3084108008513,55.5387340202163 -60.3176397970949,55.5366670201431 -60.3288377935144,55.527531021725 -60.323576794488,55.5218390222822 -60.3281517934573,55.5158350227618 -60.333137792363,55.5092850243408 -60.3407477888285,55.5056200245422 -60.3423337886692,55.5028870249614 -60.3342347922896,55.4931010258135 -60.3342097919294,55.4887700261309 -60.3378057904998,55.4862600272082 -60.3486397863476,55.4853210266393 -60.3598517817892,55.4814240276812 -60.370220778022,55.472054028871 -60.3890317706422,55.4660880302054 -60.3914137696252,55.4626630307596 -60.3817277744327,55.4553880308678 -60.3845137723609,55.452420031531 -60.3937357693568,55.4519430314741 -60.4133487606662,55.4468810325944 -60.421404758206,55.4505040323545 -60.4285567558052,55.4427370328299 -60.4389957513918,55.4438480331738 -60.4393747509676,55.4420250329042 -60.434130753226,55.4381630338776 -60.4328727537909,55.4322410344305 -60.4388347514589,55.4265210352311 -60.4464277496262,55.4239960359122 -60.4555607458733,55.4148530369131 -60.4353787537413,55.3989530385093 -60.4329297556707,55.3937080389164 -60.4383807543611,55.3768280414962 -60.4570037467216,55.3562560444172 -60.4693317415088,55.3480120455517 -60.4821137365386,55.3454670457949 -60.4924847337246,55.3426970459636 -60.4948607320265,55.3401840467084 -60.4944107332745,55.3353970469217 -60.4824167372896,55.3363450473253 -60.4803737389955,55.3320170473312 -60.4735597407506,55.3304440475951 -60.4683747428216,55.332051047145 -60.4664057447386,55.3354800468498 -60.4684627428137,55.3411750462998 -60.4652917447673,55.3443760458871 -60.4557177474557,55.3473660453559 -60.4500957504624,55.3451050460256 -60.4465247508345,55.3480760449903 -60.4413127540797,55.3471800449824 -60.4365327551259,55.3497010448703 -60.4306057571632,55.3581520433248 -60.4194477618401,55.3638820424884 -60.4131267647367,55.3737010417088 -60.3979897688517,55.3830840403328 -60.4036227672909,55.3867190398981 -60.4028397672386,55.3885430392355 -60.390729772655,55.3875890394487 -60.3888127739297,55.3874370395795 -60.3872207738096,55.389038039039 -60.3892457723614,55.391774039025 -60.4041197672794,55.397889038544 -60.4097647653657,55.4024350378819 -60.4110097629983,55.4072200374736 -60.40064576812,55.4140810368006 -60.4014877677241,55.4190980357994 -60.3971137688716,55.4232110358199 -60.3975767681278,55.4309580338155 -60.3795887749102,55.4378410334666 -60.3756247763527,55.4440040325492 -60.361623782052,55.4490520311445 -60.359262782978,55.4556670309909 -60.3457387874256,55.4725620285473 -60.3263457950034,55.4872540263226 -60.3173777990692,55.4940420258325 -60.2944868079774,55.4936260258766 -60.28844481028,55.4902200256689 -60.285604811343,55.4849790262223 -60.2871888113869,55.4808690272577 -60.2960308069488,55.4829100266874 -60.3108358021332,55.4746790279946 -60.3112208015197,55.4721680287235 -60.3047858044424,55.4701290288487 -60.303144805666,55.4637490295537 -60.3063108042427,55.4566770303659 -60.3143408007253,55.4573490297538 -60.3235397981102,55.4525420311896 -60.34637878801,55.4488570313295 -60.3519777862486,55.4463350321742 -60.3526647866662,55.4301460343128 -60.3513787863166,55.4239090348364 -60.350177787953,55.4180640357549 -60.3409917908384,55.4233330348878 -60.3398597914796,55.4335940330598 -60.3358527927222,55.4340560335861 -60.3282147957891,55.4311070332932 -60.3254247968249,55.4338460335342 -60.3274757962872,55.441135032608 -60.325489796997,55.4445620315417 -60.3206967996491,55.4470750313539 -60.3114728021877,55.4475510310525 -60.3006728062273,55.4523580304907 -60.2974578086285,55.4516750308827 -60.2930108106271,55.4450730315916 -60.2961948078088,55.441422032095 -60.3090308036874,55.4416280324482 -60.3090048037246,55.4370690326368 -60.3025668071215,55.4334260329493 -60.2909368109426,55.4329950327797 -60.2793308162136,55.4373440326776 -60.269659819594,55.4284680328271 -60.2598068232877,55.4344830321533 -60.2580678248448,55.4355470323199 -60.2693128202859,55.439183032039 -60.2729398179515,55.4423670313115 -60.2794278156168,55.4562610298475 -60.2671118196118,55.4797550267768 -60.2727728170163,55.4884150257977 -60.264792819086,55.4982270248623 -60.2515738252388,55.5053110238022 -60.2358888306011,55.5005420238949 -60.2286448346354,55.4966740249189 -60.2250018358082,55.4896090256408 -60.2145338404715,55.4825560264653 -60.2040808449092,55.4784620268657 -60.2004808456311,55.4818840262451 -60.1895938503371,55.4663890276627 -60.1883678516257,55.4597820282739 -60.1915738509458,55.4577300286263 -60.1988028480182,55.4593210290693 -60.2020058465322,55.4584050292669 -60.2003938468473,55.4554410289757 -60.2027838469098,55.4515650295882 -60.2015728462758,55.4492880299402 -60.1996338479065,55.4490130297775 -60.1967568485259,55.4486050297192 -60.1875408527794,55.4504350300305 -60.1815018546189,55.4440580308972 -60.1847028540518,55.4404120314266 -60.1943318497153,55.441316030882 -60.2099938436908,55.4479100306734 -60.2164078409967,55.4463060302336 -60.2075648445683,55.4410760311172 -60.2015188465252,55.4328740319988 -60.1922938517601,55.4315160319742 -60.1902708525534,55.4264990325941 -60.1746348588591,55.425828032485 -60.1830308546645,55.4182970333125 -60.2034698465127,55.4176000341913 -60.2074838452508,55.4189600341872 -60.2091128450246,55.4255720331387 -60.2131258429532,55.4264800325207 -60.2227278393968,55.4221380334307 -60.2307448361164,55.4219030337677 -60.239924832215,55.4125450347438 -60.2579498249097,55.4100160351677 -60.266338822171,55.4045290363534 -60.2727418198211,55.4036140364945 -60.2895968118531,55.4083750359964 -60.3048238066348,55.4083530366975 -60.3132668026732,55.4124410361543 -60.3220877999442,55.4135670354149 -60.3305357959865,55.4178810356891 -60.3333377951168,55.417649035267 -60.332075796061,55.4085330366862 -60.3083988050485,55.4031030369575 -60.3047348067758,55.3930780381655 -60.3059138064986,55.3894280389295 -60.3087198063051,55.389195038442 -60.3291987975762,55.3978190379543 -60.3360087939744,55.3975800380718 -60.3396017921879,55.3956760382657 -60.3467887907236,55.391861038834 -60.3471467900263,55.3859330394211 -60.3646047835835,55.363327042534 -60.3709157823342,55.3512310438245 -60.37008278122,55.3462150447038 -60.3648737846142,55.3457690447751 -60.3636357846856,55.3405280453387 -60.3683087835098,55.3231900469506 -60.3707047820713,55.3227310477273 -60.3735267811726,55.3256880469686 -60.3779217797641,55.3252220470357 -60.3877857771039,55.3083270493339 -60.3957327727864,55.3019300501314 -60.4065007691002,55.2993890502827 -60.3968787723992,55.2955370511486 -60.3876817766031,55.2948760514753 -60.3849357776026,55.3012650497922 -60.3805367787241,55.3015020500854 -60.3748797815335,55.2930760508825 -60.3760517819765,55.2894300520168 -60.3860237779042,55.2873550517433 -60.3915057755416,55.2729760539536 -60.3982617737047,55.268857054983 -60.4250277627958,55.2699330547355 -60.4333957588589,55.2676280549798 -60.4381937581013,55.2680700547322 -60.4397987563842,55.2692080546599 -60.4326777594325,55.276753053333 -60.4371397579539,55.2840350530471 -60.4375907571377,55.2897340521424 -60.4312537595088,55.2963680516772 -60.4188807637094,55.297764050845 -60.4217027633617,55.300950051108 -60.4320847587536,55.2997830506449 -60.4396587568443,55.2972490511271 -60.4487697529156,55.2887930529002 -60.453546750399,55.2869540523063 -60.4543207511564,55.2844430531331 -60.4530747514832,55.2794310538317 -60.4561787502,55.2696160552209 -60.4597517483743,55.2673270548894 -60.4653377459339,55.2668540554321 -60.4733647431179,55.2707030546306 -60.4761577415178,55.2704710551312 -60.4785037414789,55.2654450552848 -60.495605734937,55.2587820567393 -60.4992767337417,55.2660680557935 -60.506841730626,55.2639890563675 -60.5143817267529,55.2596330569905 -60.5107747291999,55.2585040570584 -60.5091427294194,55.2550900568912 -60.5146327271799,55.2459490587148 -60.5126137278927,55.2439040589755 -60.4827647395121,55.2524380573869 -60.4648837464106,55.2613870560858 -60.4608797493244,55.2600210560399 -60.460037749912,55.255242056847 -60.467919745489,55.2449570580962 -60.4779257427812,55.2421270590782 -60.4850347395562,55.2401160586145 -60.5004997336802,55.2307240605323 -60.515660727081,55.2306720606481 -60.5247567242233,55.2231150610193 -60.5271257237609,55.2187280624459 -60.5294437231713,55.2144320627951 -60.5281587233772,55.2064550636178 -60.5336097220756,55.194808065397 -60.5514277158394,55.1844790664943 -60.5729057062397,55.1807560668211 -60.5799997035274,55.174572068581 -60.6022026956111,55.1655890696459 -60.6056516950207,55.1550870706331 -60.5595817128657,55.1664390692549 -60.5404927206468,55.1692430684024 -60.526267725633,55.1800130669554 -60.5097717311492,55.2026410638003 -60.4991017354144,55.211571062281 -60.4856027396212,55.2175420617969 -60.4838367402398,55.2189800618272 -60.4709567455519,55.229443060116 -60.4621927492969,55.2306100599106 -60.4546037528291,55.2299470600806 -60.4450167561497,55.2286070599588 -60.43862775948,55.2192240609473 -60.4357167599594,55.2149510615505 -60.4285157628059,55.2126890621107 -60.4233357658651,55.2129300617155 -60.4153927685435,55.2170530615887 -60.413486768637,55.2193530608087 -60.4106547701682,55.2227680605761 -60.4175217666036,55.2330100593447 -60.4147547683888,55.2359810583781 -60.4117887691602,55.2371610585095 -60.408393770437,55.2385060587797 -60.3996177737267,55.2396700578772 -60.3964797745648,55.2460600574602 -60.3905087772614,55.2483560565704 -60.381329781113,55.2488340569944 -60.3690027847896,55.2550170559926 -60.3602227888047,55.2552640554435 -60.3518027923379,55.2504930560661 -60.3513627926693,55.244336056476 -60.3556907911076,55.2354400579733 -60.369620787321,55.2195710603919 -60.3870037803153,55.208462061602 -60.4116347711745,55.1974480635022 -60.4365527603933,55.1936450639502 -60.4446627572023,55.1903000641542 -60.4461917563636,55.1832240656975 -60.4608267516849,55.1713220671647 -60.4709427478587,55.1466720704659 -60.480761744233,55.1331830722286 -60.4914157413555,55.1240270732264 -60.499640737478,55.1114550752719 -60.518595730996,55.0983970773704 -60.5300747259676,55.0933390780424 -60.5435027218307,55.0900500783618 -60.5744807089809,55.0824600800131 -60.6021786979548,55.0720870810469 -60.6132236940401,55.0654310824436 -60.62301469026,55.0546690833271 -60.6277646885984,55.0535090842559 -60.6333716865584,55.0566800835601 -60.6385296845588,55.055970083327 -60.6416616826683,55.0527650840785 -60.628350689668,55.0379990855826 -60.6339016877817,55.0372920860267 -60.6514586803431,55.0429150856587 -60.6605966762041,55.0433310851837 -60.671687671389,55.0410010859136 -60.6857556668225,55.0402000864606 -60.6855016669203,55.0350040870622 -60.6707936716955,55.0343890865796 -60.6532686786252,55.0308200871517 -60.6468906830769,55.0290220870536 -60.6416676841829,55.0247120878504 -60.6420246841078,55.0215190878246 -60.6459576826249,55.0189890886465 -60.6531206793359,55.020099088201 -60.6711266731078,55.0024560911803 -60.6725896727426,54.9999900912608 -60.6788716705631,54.9894220926627 -60.6804286704081,54.9878170932623 -60.6783916702509,54.9841770933538 -60.6756476721755,54.9862400933081 -60.6665256762798,54.9862790927435 -60.6555156801333,54.9931750914281 -60.6495566827935,54.9999930907028 -60.6477036830453,55.0021030907027 -60.6473536833611,55.0052980901728 -60.6387266858902,55.0130920885888 -60.6276936901509,55.0188410885293 -60.6134466947214,55.0225450876588 -60.5971927027352,55.0242130871196 -60.5973277022344,55.034703085569 -60.5855677064423,55.0470660842313 -60.578567708093,55.0591780827868 -60.567538712642,55.0672040816444 -60.5528967191038,55.0727300805104 -60.5509807191681,55.0731050810144 -60.5195797320577,55.0792400792932 -60.5108637351266,55.0822290790932 -60.5017957375756,55.0893300774655 -60.4863667431407,55.0973590769133 -60.4689207505235,55.1028860762258 -60.4661817521206,55.1076860754996 -60.4714587489234,55.1183870743562 -60.4699307494962,55.1247720732756 -60.4529177559412,55.1355450713207 -60.4423287591856,55.1531330690942 -60.4343767630066,55.1547480689246 -60.4275857653027,55.1615260683874 -60.4224997669512,55.162990067967 -60.407355773249,55.1621170679603 -60.3990177763509,55.1655580674614 -60.3938387788658,55.1655740673408 -60.391021779711,55.1619270671774 -60.3969297782821,55.153478068828 -60.3972377781282,55.1425320702338 -60.3940337791169,55.1402600702956 -60.3872707819247,55.1409610703116 -60.3718527870377,55.1555900684446 -60.3476407965124,55.1677260666315 -60.3381908002587,55.184624063826 -60.3104428107359,55.2104370611108 -60.2936688164668,55.2199070597396 -60.27418482506,55.230900057751 -60.2678908267018,55.2344450568295 -60.2515888320703,55.2472310557032 -60.2456388345215,55.2559090541063 -60.2400618374853,55.2586530539865 -60.2401068371832,55.2695930531714 -60.2365218376128,55.2716530524086 -60.2313328406509,55.2721150523017 -60.2285268407029,55.2698370526253 -60.2245328428209,55.2700700522063 -60.220549844077,55.2725800522229 -60.2201638445189,55.276230051778 -60.2165788467346,55.2791990510191 -60.2117788485939,55.277603051559 -60.2085718485167,55.2735030518042 -60.2109448485092,55.2677990526595 -60.2400238372974,55.2499860554784 -60.2372188394552,55.2477080552581 -60.2264638433228,55.2531930546584 -60.221674845502,55.2534250543836 -60.2164268475117,55.2473260554897 -60.215239847489,55.241349056238 -60.2108368496849,55.2381600561411 -60.2076478504596,55.2381630562142 -60.2036778529938,55.2443250553177 -60.1973028540381,55.2488910545331 -60.1869348581217,55.2518610544861 -60.1797668611855,55.2577930531818 -60.1666028665922,55.2614520525474 -60.1610178686258,55.2651040526761 -60.1710078640843,55.2680600520681 -60.1722138637,55.2701120517085 -60.1682298654377,55.2746740516982 -60.1422718762917,55.2776530504091 -60.1282848814669,55.2717250509701 -60.1270818819863,55.2694480512749 -60.1294698806788,55.2664830517545 -60.1542008717875,55.2521090540688 -60.1589698707851,55.2429860550575 -60.1585438710704,55.2334140560732 -60.1493648745359,55.2299920569963 -60.1473608755421,55.2272540574889 -60.1509418742195,55.2236060572117 -60.1581208707462,55.2217790574533 -60.1596908711109,55.220390058364 -60.1625018693689,55.2179010585548 -60.1680818676101,55.2160750582105 -60.1740408652978,55.208088059516 -60.1724348660615,55.2030770603827 -60.1760058646617,55.1964560615888 -60.2014428557578,55.1731790643328 -60.2093988522403,55.1699790649324 -60.2193558488492,55.1686020651694 -60.232867842703,55.1608350665111 -60.2749088276576,55.1249740713754 -60.2832058246577,55.1131070726204 -60.2820008253266,55.1110570730252 -60.274046828666,55.1122110729665 -60.2637328320242,55.1179240718175 -60.2550378341771,55.1309360702789 -60.2407408404872,55.1387060686326 -60.2324308439645,55.1517150675503 -60.2232908472799,55.1571970661708 -60.2145368504316,55.1592560660478 -60.1966438575346,55.1683960646317 -60.1695728673235,55.1766240636245 -60.1667968691114,55.1814170631976 -60.1552478741001,55.1871230618395 -60.1484908757393,55.193509060866 -60.1516978739536,55.2033130601436 -60.1481188758641,55.209015059 -60.1357758799671,55.2172290576336 -60.1331838814546,55.2204670577927 -60.1270158829057,55.2281770569077 -60.115449888751,55.2327390560692 -60.1026828934991,55.2334290555361 -60.0675689056938,55.257137052535 -60.0420149166325,55.2648780513377 -60.0308289216788,55.2662520509852 -60.0176529263362,55.2653280510376 -60.0152579274993,55.2625890515495 -60.0104659297455,55.2632710512031 -60.0072759308573,55.2614410512133 -60.00753892989,55.2604560514981 -60.0096809304734,55.2523280523475 -60.0132789289563,55.2518690525766 -60.0200549248666,55.2562070521882 -60.0284409222739,55.2559850522233 -60.032840921205,55.2468690536738 -60.0380309187214,55.2441340538431 -60.0547939122166,55.2482420535024 -60.0535979130195,55.240490054479 -60.0559919116341,55.2375260550869 -60.0635749083848,55.235249055269 -60.0635749096287,55.2149500574056 -60.0687589065553,55.2076580586974 -60.0775329034421,55.2017290593472 -60.0795149038858,55.1848570620959 -60.0931778994582,55.1760380626827 -60.0950548984952,55.1748200630917 -60.1046008940386,55.1593170652494 -60.141586880678,55.1287500696528 -60.1602658739422,55.1168820709686 -60.1722008689348,55.1164170710254 -60.1761728674995,55.1136830720055 -60.1840858642608,55.0977100731654 -60.1884528629169,55.0954290736814 -60.1912368623716,55.0958820737746 -60.1920478616675,55.1002130737185 -60.1861058638928,55.1086550725816 -60.1888988624183,55.1118470722586 -60.1940768600121,55.1129840722201 -60.1939978597378,55.1149030715754 -60.193707860846,55.1221050705327 -60.198880857589,55.1223300707506 -60.2024558561053,55.1195900709896 -60.2072018543582,55.1116030721849 -60.2083648540599,55.102708073326 -60.2135208528059,55.0979160734188 -60.2274328475851,55.0967640740904 -60.2413228418425,55.0894470747889 -60.2361248443245,55.0830660761835 -60.2420518421396,55.0741620766248 -60.2515558386012,55.0659440784865 -60.2590848361189,55.0613720786946 -60.275370829585,55.0595260789426 -60.2896448240589,55.054032080341 -60.285627826038,55.0458250813169 -60.2942788229552,55.0303040828224 -60.2922268237103,55.0179900850306 -60.2941688233466,55.0106860851778 -60.2997968211848,54.9999890869323 -60.3086918193716,54.9830660892246 -60.3055218191057,54.9835290890409 -60.2979068219048,54.9898040884267 -60.2924908242239,54.9942710880348 -60.2889438255402,54.9999880871266 -60.2854108265838,55.00568408574 -60.2506388398917,55.0390320812101 -60.2248848491731,55.0545730795708 -60.205047857992,55.0632560781726 -60.1828348661289,55.078331076081 -60.1641728724239,55.0865490749518 -60.101372897348,55.1189540698891 -60.086656902106,55.1271630686707 -60.0767089070618,55.1374250673884 -60.0759149063864,55.1415290671776 -60.0643679102697,55.1732250629276 -60.0548049138962,55.1882710614808 -60.0420459178412,55.1996700591975 -60.0352629209072,55.2030880586273 -60.0260919246281,55.2028550585791 -60.0252969255036,55.1976100598671 -60.0121369299435,55.201253059265 -60.0049479331318,55.2133290576552 -59.9933709367717,55.2187960565843 -59.9941669370914,55.2199370565118 -60.0037369335414,55.2208560562095 -60.0157059280207,55.2181210565685 -60.0173019279703,55.2208630561365 -60.0153009284562,55.2256510561039 -60.0081129312334,55.2292950554899 -60.0000029338177,55.2288140554046 -59.9925569367661,55.228374055345 -59.9805709415719,55.2356570539352 -59.9666049476221,55.2351920537581 -59.9725739445701,55.2427180533207 -59.9669799472238,55.2468190531561 -59.9593879497776,55.2495460527922 -59.9569789507801,55.2536480519241 -59.9513859524603,55.2561460514201 -59.9429999558829,55.256142051052 -59.9462139559163,55.2483910525681 -59.9490219540513,55.2482870521243 -59.952206952924,55.2481690529547 -59.9530089531567,55.2461170530596 -59.9474249548076,55.2436060527698 -59.9554229520182,55.2385980541538 -59.9554279519607,55.2358630542872 -59.920710965798,55.2365040533724 -59.9103529706451,55.2307900545251 -59.9043699719273,55.2305580543703 -59.9015679743186,55.2325980538615 -59.8991459741894,55.2401190533785 -59.8899439777199,55.2453550523616 -59.8907359782049,55.2473990522385 -59.8987109743509,55.2490120520084 -59.9026899724856,55.2522090514341 -59.9110679689913,55.2538180517091 -59.906259970562,55.2585990508855 -59.9002549737565,55.2622420502808 -59.8878649779993,55.2645040502536 -59.8846969789446,55.2592510502771 -59.8799049817435,55.2587860504091 -59.871894984514,55.264474050025 -59.8710629852237,55.271546048499 -59.8677409867633,55.2726300487922 -59.8606629882022,55.2749410480802 -59.85544899047,55.2790390478704 -59.8441529951528,55.3004510446187 -59.8361279981837,55.3059040444341 -59.8077000087651,55.313367042624 -59.7997120122497,55.3122110429765 -59.7945030146067,55.3144760425169 -59.7900500152837,55.3224460417572 -59.7736190216718,55.3274230406572 -59.7683760241338,55.3346710395726 -59.7578990278363,55.3349920399762 -59.7576130284741,55.3332180399758 -59.7672420241945,55.3319300400241 -59.7632090256873,55.3292200405841 -59.7680920255749,55.3173760420653 -59.7733230229864,55.3123750426028 -59.769355023739,55.3084880434435 -59.7753890223025,55.3028040443538 -59.7734140232073,55.2996080441089 -59.7581780294717,55.3064080436204 -59.7485960329157,55.3045590432987 -59.7542030307432,55.3029790439388 -59.7542230308436,55.300469044527 -59.7498340323759,55.2993170445887 -59.7510790326613,55.2931630448555 -59.7603630288549,55.2804190462996 -59.7580250303679,55.2719760476035 -59.7508070324639,55.2758340468378 -59.7456120348041,55.2765020474301 -59.7367750377293,55.2826350465529 -59.7367280381417,55.2887930451707 -59.7343280392488,55.2892420457543 -59.7307620404172,55.2853540455188 -59.7251730428665,55.2846560461952 -59.7156590469538,55.2757350464758 -59.7092510485748,55.2775470466514 -59.7097340491772,55.2675100478852 -59.7038480517806,55.2556340491512 -59.7048830517359,55.2532550490646 -59.7075160515356,55.2472090504086 -59.7167680483697,55.2383430515503 -59.7267270431191,55.2408800515862 -59.7322720408556,55.2456810508687 -59.7462260348117,55.2480060503849 -59.7466460351745,55.245271050874 -59.7395320382834,55.2363550517779 -59.7411500375616,55.233623052041 -59.7503320346158,55.2329680521629 -59.7611940298663,55.220456054133 -59.7600160312631,55.2181710547362 -59.7568280317938,55.2179340546558 -59.7548550322959,55.2209940539691 -59.7535970334014,55.2229430539823 -59.7439840358334,55.2283860531668 -59.7392240391638,55.2247320540193 -59.7264340437205,55.227429052419 -59.7224490454462,55.2267310530944 -59.7216820454037,55.2230810533951 -59.7269390440502,55.2139740548329 -59.7237840456602,55.2096340555227 -59.7264050440565,55.2060290557337 -59.7330600420109,55.1968920564495 -59.7402560383898,55.1944010572457 -59.7557900322597,55.1958120574211 -59.7609900318114,55.19354705738 -59.7665050282321,55.203136056108 -59.7704830274786,55.2042890566001 -59.7748750252193,55.2036140561221 -59.7801160235868,55.1951950573552 -59.7965420177095,55.1826850590194 -59.8005820157617,55.1738050603702 -59.8073800132421,55.170399061384 -59.8201440088921,55.1672320612392 -59.8300990049286,55.1681680611976 -59.8769529859556,55.1546100636613 -59.8935229790801,55.1498080641652 -59.9098579723311,55.1475570648548 -59.9174139694017,55.1507580637526 -59.9376819608696,55.165146062785 -59.9472339568402,55.1690410626034 -59.9500269558157,55.1674470623376 -59.9456579575253,55.1617400629281 -59.9484579576588,55.158097063442 -59.9552349550696,55.1569640640253 -59.9520559555886,55.1535340643735 -59.9536569548125,55.1501160648166 -59.9644099506362,55.1487620644024 -59.9556699548615,55.1421400657044 -59.9572829540497,55.1337060668316 -59.9521209558942,55.1277700678164 -59.9597019528662,55.1213960682097 -59.9648729506549,55.1223110683227 -59.963686952271,55.1182020689471 -59.9720509488235,55.1134220696636 -59.9708699489091,55.1102290696614 -59.9621149528172,55.1095350703165 -59.9581229542814,55.1156890694732 -59.9513549562389,55.1168210690595 -59.9445859591514,55.1188660683107 -59.9374109621665,55.1227340676109 -59.9363579631944,55.1254240677865 -59.9358049622564,55.1268380677299 -59.9298469655069,55.1240910679027 -59.9230709686998,55.1265940672846 -59.918661969742,55.1354800667271 -59.9074969740127,55.1407090650342 -59.9043269749574,55.1366000661468 -59.897954977988,55.13659206637 -59.8999619775468,55.1327170665233 -59.8955839783879,55.1322560664288 -59.8884079815309,55.1354330662796 -59.8820399841616,55.134282066079 -59.8744569873592,55.1383820650835 -59.8565349945794,55.1397140648627 -59.8601589930454,55.1317420664382 -59.855001995503,55.1276250666837 -59.8558219945426,55.123292066999 -59.8753759877741,55.111241069141 -59.8714069892988,55.1096390689374 -59.8574419949432,55.1171390684218 -59.8510699970475,55.1184970675325 -59.8475139980645,55.113244068436 -59.8435319996045,55.1143770679566 -59.8387170018921,55.1214380676955 -59.8335360032292,55.1225670671608 -59.818054010054,55.1163750680681 -59.821268009437,55.1104510682941 -59.8137210123207,55.1090660686827 -59.809756014745,55.1063240688781 -59.8065330148671,55.1129310683461 -59.804139015325,55.1147460678558 -59.7934210209034,55.1101610682617 -59.7886230218272,55.1140300674951 -59.7838380242475,55.1153840673236 -59.7817960246599,55.1233600663616 -59.7729970272858,55.1295020656523 -59.7745660272669,55.1326960655539 -59.7833200241373,55.1331750648706 -59.7849050224152,55.134999065184 -59.7775150262765,55.1378640645128 -59.7685360291636,55.1413420636532 -59.754992035585,55.141995063757 -59.7230870474921,55.1482890624234 -59.7083650532835,55.1471060632183 -59.6924200588688,55.1486520626898 -59.6729440670946,55.1449440625349 -59.6603580735709,55.1284800649557 -59.6545060751765,55.1163710660226 -59.6521140763237,55.1168210657065 -59.6496650775247,55.1231970655849 -59.6396440816845,55.1302300644123 -59.6300840841784,55.1306540643741 -59.61649308989,55.1360780630598 -59.6148520910795,55.1404030631751 -59.625199087074,55.1411250630029 -59.6302560848193,55.152547061872 -59.6222220872348,55.1591310602352 -59.6209860879957,55.1630050597115 -59.6284520843548,55.1728370583377 -59.6224090866301,55.1792010581027 -59.6234840854883,55.190606056629 -59.6054440932042,55.1998870551463 -59.5934790982666,55.200295054962 -59.5911020978375,55.1986880555127 -59.5979530964781,55.1921040564688 -59.5955840973113,55.1902700566381 -59.5924870983921,55.1901220560458 -59.5852231016871,55.1897740564388 -59.5833051030671,55.1833800573245 -59.5857421011347,55.1792900573627 -59.5885341009009,55.1790710574303 -59.5932710988612,55.1831940570345 -59.598479096304,55.1809310580392 -59.6034190949968,55.1665850591822 -59.5994950965759,55.1613210605462 -59.6091050926199,55.1565700612381 -59.6039690956894,55.15290406101 -59.6107970916898,55.1474570619004 -59.6029010954972,55.1412690627519 -59.5977070980174,55.1426170625289 -59.5939900996512,55.1546900608585 -59.5903781009044,55.1571850606525 -59.583187103475,55.1589780600997 -59.5499191160125,55.1757180584187 -59.5442501192394,55.1720960580762 -59.5420121200013,55.1706660583502 -59.5292691249623,55.1699260585422 -59.5264611251514,55.1715130582556 -59.5327981224394,55.1745040579957 -59.5319811231979,55.1760950582007 -59.5248021256349,55.1767480579367 -59.5183681289226,55.1810500566805 -59.5103711324605,55.183068056696 -59.5099121311729,55.1873980559745 -59.519478128142,55.1876680564606 -59.5250121247468,55.1911130557509 -59.5276861241368,55.2002500550984 -59.5248301255804,55.2052510544455 -59.5059831329979,55.2129220525085 -59.5007321343512,55.2181410521164 -59.4967291361509,55.2190330516031 -59.4888141391222,55.2144370522326 -59.4868841405491,55.2098660528225 -59.4909931391952,55.2009930546906 -59.4978561364492,55.1946380555357 -59.490277139801,55.1950620550565 -59.4879131406552,55.192998055462 -59.4803451429158,55.1925060551904 -59.4818001424505,55.1895980552977 -59.4823991431866,55.1884040558334 -59.4784531436351,55.1854260560899 -59.4769321449067,55.1801760562961 -59.4794461447882,55.1712910577609 -59.4927591389421,55.1592690597306 -59.4880381405806,55.1551400598894 -59.4896581405234,55.1530970601849 -59.4952391383355,55.1528930605952 -59.4968791376091,55.149255061002 -59.5020851354254,55.1469990608534 -59.5084181339817,55.1499900608512 -59.5151961299599,55.1493370611562 -59.5176271291255,55.1461560614398 -59.5173721298362,55.1354370629706 -59.5213811286509,55.133175062636 -59.5268691265749,55.1398090621209 -59.5300791249641,55.1380000619592 -59.5293201248529,55.135033062899 -59.5321401238894,55.1320850634655 -59.5389201208141,55.1311990634089 -59.5441271201824,55.1284910639797 -59.5369871227701,55.1268590643246 -59.5382501219205,55.1211620650381 -59.5330881251729,55.1202290645205 -59.5379891221907,55.1102150663024 -59.5424361204556,55.1045340668618 -59.5539121168821,55.0769850702632 -59.5496251189753,55.0701250708261 -59.5314291246933,55.1118280654192 -59.5295641261235,55.1161090650206 -59.5222861276823,55.1249730640856 -59.5126631316894,55.1301700628266 -59.5070191339939,55.1356170623752 -59.5121071320118,55.1422540614094 -59.5077011330855,55.1440580614705 -59.4982021381498,55.1399120620604 -59.4810051441303,55.1452980608928 -59.4745931467118,55.1482350604578 -59.4721461476183,55.1523290598958 -59.4637441511228,55.1550220596339 -59.4508861550227,55.162713058745 -59.4429541583793,55.1601640591471 -59.4353471623286,55.1626330580809 -59.4289741651151,55.1626030588152 -59.4262471658167,55.1587150591476 -59.4206681676233,55.1586790585595 -59.4122571709643,55.1616030585583 -59.4030801755029,55.1626900584019 -59.3987411763691,55.1599280586021 -59.4112011723789,55.1569330586798 -59.4191321684241,55.1550220590142 -59.432273164584,55.1288650627476 -59.4279471662956,55.1254210633744 -59.4172661699034,55.1212630638921 -59.4296021657217,55.1210980641542 -59.4351561626278,55.1224950637536 -59.4416141611878,55.116371064551 -59.4532061559899,55.1130110644454 -59.4639391523769,55.1135190652595 -59.4795351460783,55.1081200654318 -59.4804141454912,55.1019680667935 -59.4973301394633,55.0867660682376 -59.4921991411802,55.0840090688532 -59.4906611421918,55.0798960698991 -59.4944831402696,55.0727890699593 -59.5077861357316,55.0480460735712 -59.5149271331804,55.0485360729711 -59.5286281276997,55.0335430757643 -59.5425321232276,55.0331430759357 -59.5499711201034,55.0418470745311 -59.5390031234404,55.0611850721478 -59.5409461227157,55.0648430713357 -59.5441321210561,55.0644000712647 -59.5526761184673,55.0477870743798 -59.5603321145264,55.0391540751853 -59.5695321121997,55.0334900758223 -59.5804051075906,55.0205360772692 -59.6087940973272,55.0019470798874 -59.6187200938076,55.0013010804734 -59.6222700917933,54.9999890804476 -59.6266910901109,54.9983600807791 -59.627911089335,54.9954000814067 -59.6370670860462,54.9922420813422 -59.6407010849345,54.986096082167 -59.6598120778591,54.9788640834728 -59.6629330753983,54.9843500830085 -59.6648500745925,54.9911920822061 -59.6628380750929,54.9941530817298 -59.6703840728672,54.9934970819864 -59.6724770717885,54.9842230826563 -59.6728860713712,54.9802750835755 -59.683680068233,54.9709620851671 -59.6908220657919,54.9705240850769 -59.6967410630257,54.9737360848855 -59.7253550516304,54.9658400862838 -59.7336230478443,54.9677240857511 -59.735697048031,54.9617650861455 -59.7305880498792,54.9558190873409 -59.7246510529975,54.9551200870732 -59.7135150561716,54.9591910864759 -59.7059890594974,54.9587150869475 -59.7032310599932,54.9568790869691 -59.718410054239,54.9427880886473 -59.7248540532064,54.9297990906536 -59.748713044454,54.9175500919704 -59.7690380351812,54.8995810945023 -59.7904540274825,54.8932510956852 -59.811104020133,54.8821180970727 -59.8269360137422,54.8807870974836 -59.8404270083247,54.8739700983695 -59.8499670051435,54.8653220997333 -59.8579540024369,54.8495951014548 -59.8571790022206,54.8457121022581 -59.8524630041844,54.8409161024301 -59.8481130068116,54.840908102669 -59.8421620083192,54.8450021024986 -59.8377450097473,54.8439941020208 -59.8342800108724,54.8399711026766 -59.8192600165981,54.8403931025533 -59.8049950231106,54.8456091013368 -59.8030330234803,54.8428661017863 -59.8058280228618,54.8389931023964 -59.8141530196109,54.8342221030452 -59.8221340167503,54.8212371052182 -59.8190040186913,54.8159831059615 -59.8237620167549,54.8123481058003 -59.8297450149296,54.8025441072961 -59.844821008602,54.7895731086697 -59.8923059899877,54.762280112924 -59.8998289872944,54.7561351137946 -59.9053519858406,54.7563701135886 -59.9116499837444,54.7598011136415 -59.9254639782982,54.7586791139783 -59.9357329735353,54.7552731148075 -59.9434889701733,54.7558411140466 -59.9433819713149,54.7514311147259 -59.9199819801489,54.746807114757 -59.9176379822459,54.740647115881 -59.9140929820895,54.7390441162364 -59.9089589850449,54.7415471163456 -59.9026479868262,54.7410811154819 -59.8667170008146,54.7505981142343 -59.8406240116731,54.7617301125247 -59.8335180143651,54.7621731122354 -59.8236110182273,54.7699101118655 -59.8176870204063,54.7703511113284 -59.807772023039,54.7785451101504 -59.7923740295127,54.7791901096366 -59.7852480317802,54.7823681095472 -59.7903470304919,54.7878581088467 -59.7966560275067,54.7890101084706 -59.8001930271198,54.7915311084132 -59.7973850271771,54.7985951071363 -59.8000850260388,54.8088681063616 -59.796893027637,54.8138811055444 -59.7976650266383,54.8168461047346 -59.8031940250641,54.8170851056824 -59.8039740247408,54.8186891047418 -59.7999950264906,54.8232441043748 -59.7993340260123,54.8249071041814 -59.7935710282572,54.8394211019733 -59.7951160271989,54.8453561016817 -59.7795420324314,54.8681300983736 -59.7762820340441,54.8822630970077 -59.7699150362115,54.8870400959075 -59.7349840499348,54.9008610941003 -59.7099840582472,54.908085093043 -59.6984480638814,54.9142090916223 -59.6932990654269,54.9144220919275 -59.6842350694759,54.9093750927817 -59.678277071207,54.9114080924727 -59.6734920727173,54.9195290912212 -59.6550760811285,54.9359630888405 -59.6300150902703,54.9452290878884 -59.6185030947104,54.9470110871978 -59.6117960975005,54.9442480874799 -59.6074360986505,54.9442300875386 -59.6038510999667,54.9460420874223 -59.5917881048515,54.9615060849443 -59.5762041109438,54.9719360840691 -59.571037113556,54.9730540836544 -59.564093114498,54.990131081076 -59.5558081183022,54.9862180820168 -59.5598371166817,54.9812160820538 -59.5562891182494,54.9791500823568 -59.5539831198535,54.9734350835619 -59.5399201256153,54.9877480813898 -59.5362151256539,54.9986810803256 -59.5174521332424,55.0072600785834 -59.5158081341917,55.011589078354 -59.5054051377221,55.0177000776018 -59.5026231389581,55.0179130768414 -59.4979101410311,55.0144690777653 -59.4922751434511,55.0201470767412 -59.4766651489042,55.0289660756907 -59.4505791586327,55.0475400725639 -59.4319861648608,55.0688830704244 -59.4195311716262,55.0774840689537 -59.406424175703,55.0767290688014 -59.4092971744044,55.0708160701503 -59.4041981767106,55.0666810701868 -59.4026781787054,55.0621120707257 -59.3975291790507,55.0609410709146 -59.3944161804101,55.0570490714648 -59.3872751840554,55.05609907181 -59.3985311802649,55.0479480728831 -59.3954501808924,55.0420030730163 -59.4015241791965,55.0347370741647 -59.3940621827133,55.0294490750433 -59.3921651825587,55.0237400751096 -59.3917921823226,55.0223610758285 -59.3874241846262,55.0223430752309 -59.3838331858072,55.0234640752585 -59.3817951863738,55.0268750749706 -59.3729991904531,55.054418071742 -59.3724601896504,55.0630800704377 -59.3587721944911,55.073499068691 -59.3485481982232,55.0900890667648 -59.3376282025443,55.1007430653358 -59.2984962170221,55.133637061141 -59.2891332206863,55.1414960599845 -59.2838542233634,55.1471630596404 -59.2849842229491,55.1505900591922 -59.2953042184947,55.1527100582923 -59.2669522298438,55.1771600552344 -59.2656852297878,55.1810270546961 -59.2676002284735,55.1851430545077 -59.2627512303607,55.1885310534074 -59.2594292314673,55.1953510533959 -59.2393382386575,55.2034260520829 -59.2309572430682,55.2035980523418 -59.2281062449971,55.2065430513342 -59.2284322433791,55.210194050758 -59.2180552475371,55.2105800504613 -59.2092132522185,55.213940050134 -59.1992572553461,55.2131810507034 -59.1947632564809,55.2181700495474 -59.1899632595446,55.218823049984 -59.1876322596635,55.2158390500237 -59.1965302564473,55.2099760501737 -59.1970372565853,55.2047360513791 -59.1983342552851,55.2030810516562 -59.20358925506,55.1963420524869 -59.199271255949,55.1931200528358 -59.1993712561052,55.1883310532449 -59.2034492546368,55.1840250539566 -59.2094532515609,55.1827020543184 -59.2084162522448,55.1749390554101 -59.2033212546913,55.1708000556876 -59.2069532528483,55.1685450563178 -59.21254325149,55.167896056651 -59.2105892513938,55.166066056314 -59.2022192558916,55.1662300564041 -59.1931442587832,55.1620600562773 -59.1860462617677,55.1775170544274 -59.1867182606612,55.1834540543245 -59.1731692669452,55.2020570513542 -59.1646722701723,55.2076950508767 -59.1563112729706,55.2069490504325 -59.1522902742855,55.208520050223 -59.1393392797531,55.2170830496553 -59.1388672791949,55.220272048973 -59.144058276988,55.2200850487012 -59.1450782772148,55.2194680489845 -59.148911275323,55.2171560498194 -59.1504702750184,55.2187620488978 -59.1492692762759,55.2199640489851 -59.1484302747511,55.2208070490569 -59.1515422744938,55.2244720486815 -59.1486812757458,55.2276420483913 -59.1410742789236,55.2287290478634 -59.130610281961,55.2327530473972 -59.1195862871878,55.2260600482766 -59.1177522882301,55.219330049456 -59.1155362890849,55.2112010503735 -59.109751291789,55.2024910510291 -59.1164412891694,55.1890870527864 -59.1114672915724,55.1796990542689 -59.1144202906668,55.1726530547047 -59.1270912853778,55.1586110570722 -59.1269102859207,55.1487990581629 -59.1442452789985,55.1393550586549 -59.1448432783494,55.1381390590448 -59.1500762763991,55.1275370609405 -59.1553132751817,55.1246110611698 -59.1660752702173,55.1240090612489 -59.1721382687811,55.1197170615445 -59.2040082558655,55.1181220619278 -59.210837253179,55.1149760631262 -59.2188142498095,55.1141200628907 -59.2256542472078,55.1102870628792 -59.2512292386994,55.0842330667923 -59.2533782371289,55.0758100678793 -59.2475772403151,55.0675590689974 -59.252860237,55.0616650696071 -59.2616412343043,55.0596690699838 -59.268082231386,55.0553790706516 -59.2801902279067,55.0454190718217 -59.2937842219894,55.0404850726877 -59.2990172204797,55.0366480731209 -59.2955062215917,55.0334280736398 -59.2991382191899,55.0302590741165 -59.3055242168871,55.0284730740257 -59.3090512149927,55.0310070740033 -59.3138232137769,55.0305790735276 -59.3290542079667,55.0226860754316 -59.3467492011543,55.0095640771856 -59.3623571954791,55.0019000786137 -59.3639881946285,54.9999890781568 -59.3668101944119,54.9966820786313 -59.3685451940789,54.9875650799697 -59.3658521953017,54.9825330804231 -59.3711101917623,54.9764030816012 -59.3855321864893,54.9675900821736 -59.3855581859683,54.9659920828954 -59.3588591969439,54.9738230813787 -59.3560051989853,54.9783720810092 -59.3546171987172,54.9902270790339 -59.3489332006211,54.9977150788585 -59.337718205464,55.0038080772857 -59.3316642068508,55.0094720768873 -59.3264962094257,55.0101290772632 -59.31044321534,55.0198400758318 -59.3040842182201,55.0202540757518 -59.3021712196537,55.0163660759392 -59.2970652207129,55.0131370759886 -59.3003582202993,55.0067710774753 -59.2980012206388,55.0056190767628 -59.2876032242873,55.0098840765944 -59.2839242264427,55.0155640756639 -59.2763042292788,55.0193950748992 -59.251583239303,55.02516207426 -59.2483512400616,55.0278750739905 -59.2406712428788,55.0346680734618 -59.2465392403969,55.0392650720109 -59.229022247737,55.0414320723484 -59.2169292523964,55.0500150709387 -59.2164822520068,55.0525220707766 -59.2274692475066,55.0594410694509 -59.2257722487229,55.0646740692759 -59.2283942473125,55.0729030677771 -59.2218952491601,55.0797010672279 -59.2167052510795,55.0808070673743 -59.2102202533047,55.0866900661479 -59.1886542631998,55.0911000656724 -59.1820442648252,55.0839800661104 -59.1792632660996,55.0839620659609 -59.1787642667839,55.0887500663043 -59.1654402719161,55.0980000649197 -59.1606502732456,55.0986520638568 -59.1611792735899,55.0927240648189 -59.1510802775892,55.0817030665722 -59.1511702776455,55.0775990665167 -59.1441072804019,55.0732130669276 -59.1371302845585,55.0651790683531 -59.132686285876,55.0683380683621 -59.1369432829232,55.0736170675145 -59.1320762854897,55.0779110669035 -59.1390722823036,55.0852670653473 -59.1405622820505,55.0896110653226 -59.138488282386,55.093698065027 -59.1451392800942,55.0987670641394 -59.1305202853318,55.1121060622202 -59.1212382890005,55.1177410614441 -59.1116352926231,55.1199500618609 -59.1043462957958,55.1255960604692 -59.1003462977063,55.1264770605509 -59.0916103004523,55.1254920606739 -59.0900993014836,55.1220630613622 -59.0930092998277,55.1166110613362 -59.0844353042675,55.1090170622492 -59.0827073055763,55.0978290637949 -59.086011303873,55.0926060648195 -59.0942263014074,55.0862100652809 -59.107470294956,55.0758980666125 -59.1055902952714,55.0713200673654 -59.1009102979266,55.0674070676776 -59.0906073026531,55.0661890683496 -59.0724793093992,55.0763060664392 -59.0623353139586,55.0846600654139 -59.0615343129867,55.0883420651149 -59.0609953141248,55.0908060649147 -59.0650673122153,55.1036110629848 -59.0589753133551,55.125233060578 -59.0465493181569,55.1452070574127 -59.0430633198023,55.1410680586784 -59.0402843211953,55.1408170578629 -59.0349873226897,55.1457900572479 -59.0250283268524,55.1459400571111 -59.0165523298571,55.1504260567573 -59.009346332955,55.1517300571425 -58.9903123400728,55.1483730565464 -58.9832393428303,55.1448900570822 -58.9810243435057,55.1380320582722 -58.986026342344,55.1294060592587 -58.9833033432356,55.1242940596355 -58.9826083439993,55.1229910598622 -58.9831793444849,55.1163820605296 -58.9750313481086,55.1083260618153 -58.9736013477684,55.1021540628597 -58.9700913499083,55.0993890633541 -58.9654203513102,55.1107520615537 -58.9564663547296,55.1181990604618 -58.955864354668,55.1259460593547 -58.9510163569304,55.1286350589059 -58.9406503613277,55.1292310586162 -58.939133361185,55.1264800592858 -58.9416723602595,55.1208010595999 -58.937247362514,55.1077630618299 -58.9479033586759,55.0962260634366 -58.9441163602213,55.0888910635042 -58.9425633609208,55.0729110658018 -58.9429973608147,55.0714830658343 -58.9443013606534,55.0672310665755 -58.9588213549132,55.0593730677437 -58.9612953539796,55.0559730682691 -58.974965348266,55.0499350693745 -59.0036193383115,55.0323940716238 -59.0345363263529,55.0025490754216 -59.0357663256622,54.9999890757643 -59.0370433256325,54.9973230765045 -59.0343513260731,54.9938740760768 -59.0263733294235,54.9956370757964 -59.0218893306586,54.9999930755612 -59.014292333511,55.0026060753891 -59.0132883344874,54.9999920750904 -59.0094523366191,54.9900170768111 -59.003684338275,54.9926770763644 -58.9981233412751,54.9999920755967 -58.9931593416503,55.0065230748273 -58.9851093456122,55.0107960739796 -58.973986350033,55.026433071737 -58.9687643516055,55.0286670719669 -58.9645983541907,55.0208780725875 -58.9654843530445,55.017461073338 -58.9723463499229,55.0131880739445 -58.9785223478596,55.0045780746756 -58.9786393479667,54.9999910753492 -58.9788483490138,54.9920320761105 -58.9750933497272,54.9837870772436 -58.9691763521927,54.9825940770508 -58.9620013551944,54.9838950767449 -58.954931357971,54.9810980772942 -58.9464203623171,54.9732670788323 -58.9361983655292,54.9697490790659 -58.9370943658254,54.9658820798466 -58.9335783670889,54.9640240794058 -58.9265433703244,54.9603080804047 -58.915846375036,54.9599800800421 -58.9132173752219,54.9547120809486 -58.9018073803147,54.9514090812563 -58.8979403822879,54.947953081572 -58.9020863804852,54.9413770822602 -58.8997693805867,54.9393010823018 -58.8890713852251,54.9391970826194 -58.8851903877464,54.936196082849 -58.8860543865256,54.9336930833317 -58.896486382721,54.9290050842304 -58.9040133797121,54.9290730835406 -58.9105133768017,54.9232030845775 -58.9173263743703,54.9203000847681 -58.9296723700192,54.9179050856999 -58.9383773665142,54.9182140857886 -58.9506103614171,54.9199230850429 -58.9700203540721,54.9198690854657 -58.9701063536956,54.9164470854343 -58.9622493561269,54.9140980862511 -58.9589603583734,54.9035720869523 -58.9615073575698,54.8972090884498 -58.9738663525967,54.893899088605 -58.9865313482911,54.894013088734 -58.9941093445409,54.8915630886478 -59.0091313386631,54.8923800896374 -59.01432433647,54.8906000897835 -59.0135863369131,54.8883100893 -59.0097283383027,54.8843960902398 -59.0029903412533,54.8847960897098 -58.9975413428891,54.8811000906598 -59.0027333413345,54.8793270908285 -59.005984340574,54.8759270915308 -58.99937534333,54.8713080916279 -58.9871833474523,54.8684620920812 -58.974059352912,54.8710820916107 -58.9687963553057,54.8758290907099 -58.9691113552233,54.8787970906596 -58.9800763497353,54.8832290903954 -58.9792423511832,54.8848200897726 -58.9669903552521,54.8842510900024 -58.962715357837,54.8812480905179 -58.9585763593211,54.8732270907954 -58.9603523584035,54.8657160918389 -58.9511863626452,54.8683710917885 -58.9440533654219,54.8687600917579 -58.9412113663787,54.8714750909546 -58.9351043684915,54.8926360884743 -58.9356493672621,54.9017650871974 -58.9316273694358,54.9040080871263 -58.9110013772271,54.9054150866207 -58.9047133790659,54.9037600869688 -58.8876793863386,54.9040490863805 -58.881236389658,54.8937230877002 -58.8817883888422,54.8882570889932 -58.8925003856675,54.8730700904925 -58.8917983852968,54.8698700907752 -58.8946753851297,54.8660170916371 -58.9074193806217,54.8629420921773 -58.9147213764543,54.8563990931859 -58.9135873779253,54.854561093002 -58.9028663814698,54.8560600924743 -58.8842953885432,54.8554260927786 -58.881615389276,54.8522040933839 -58.9019403827891,54.8466950945032 -58.9136073780539,54.841564095361 -58.9151453771282,54.8408900949869 -58.9188753765075,54.834533095695 -58.9424753668542,54.8242570971634 -58.9919813463776,54.8199090985015 -59.0041053421994,54.8250360971852 -59.0311933302275,54.8323380969922 -59.0387003286425,54.8324020967873 -59.0517963232969,54.8302230974362 -59.0688043164383,54.8296820980912 -59.1065623018004,54.8204040994994 -59.0959133059156,54.8196330990077 -59.0848233105009,54.8206880992301 -59.0625673186079,54.8259810978977 -59.0475383244726,54.8265420973019 -59.039981327295,54.8285330978481 -59.0321073308843,54.8273280974186 -59.0105763395768,54.8191570982312 -58.9991793441385,54.8165520985794 -58.9838003498504,54.8155020983354 -58.9600603600705,54.8166620980453 -58.9485313644718,54.8192940982898 -58.9350793706361,54.8198550976841 -58.9170893771055,54.8274470967423 -58.9100613792068,54.8244130973988 -58.9017913825381,54.8234300971933 -58.8732703945519,54.8256620963028 -58.8658173971954,54.8237610972473 -58.8633203979563,54.8143850979769 -58.8551284018521,54.8106540982646 -58.8532784028562,54.8063060992554 -58.8501774045186,54.8042190991552 -58.8343604100443,54.8047410985902 -58.8316454115358,54.8058250990643 -58.8287684117501,54.8069690989121 -58.82105741466,54.8139650979196 -58.8244544144788,54.8192490970198 -58.8231424141059,54.8235670970694 -58.8138034179051,54.8319180956736 -58.8083794192639,54.8414420938239 -58.8035754208028,54.8434450938027 -58.794097425367,54.8431210943192 -58.792576426022,54.8410570938136 -58.7962884251759,54.8360710947167 -58.793008426741,54.8269120958995 -58.7875584288752,54.8241160962072 -58.77912843125,54.828366095821 -58.7707754345187,54.830101095629 -58.7632784383022,54.8295670953749 -58.7578384402842,54.8265420955155 -58.7556244414767,54.8214990966337 -58.7606414391156,54.8126530973557 -58.765606437522,54.7926310999363 -58.7651284378512,54.7825831009463 -58.7677274365998,54.7750821020506 -58.7638224390319,54.7736711025045 -58.7599664405683,54.7834441010813 -58.7538644415668,54.7893111005068 -58.7459464452167,54.7899101002588 -58.7435254465844,54.7914820998377 -58.7292664509835,54.8177940970386 -58.7214374536113,54.8277480954984 -58.7142254565825,54.8308650951914 -58.703975461215,54.8300680944998 -58.6802064699177,54.8316280947357 -58.6767344714333,54.8290790948356 -58.6775924720693,54.8270350949927 -58.6839824687702,54.8250550956473 -58.6862784693796,54.815270096596 -58.6785504714777,54.8099330971713 -58.677908471447,54.8068010980215 -58.6761714730825,54.798272098443 -58.6711124754551,54.7959300992626 -58.6466094854104,54.7963380989183 -58.6242784946794,54.7910590992655 -58.6120494988073,54.7906880990117 -58.6007535033684,54.7862161003831 -58.5905155077241,54.7854120997996 -58.5682265157251,54.7903900991133 -58.5540165214711,54.8011710978055 -58.5500605220073,54.8013510977883 -58.5454355249552,54.7981000984605 -58.5385655275884,54.8023500971551 -58.5342825290596,54.8007010979048 -58.5400425273015,54.79438109892 -58.5389985273004,54.7904900992104 -58.5437005266966,54.7805101001184 -58.5368825288033,54.7833900994193 -58.5261725324209,54.7848540996414 -58.4972175435386,54.7988660979496 -58.4909015460353,54.7987860975653 -58.4918035460247,54.7958300976146 -58.499774542839,54.7938780984016 -58.5106845388326,54.7871740995974 -58.5278815324884,54.7812240998788 -58.5525755227434,54.7641871023404 -58.5599655198599,54.7562911031773 -58.553915522791,54.7489091046778 -58.5295875320076,54.7561461030518 -58.5101855397496,54.7579551032177 -58.5061505403977,54.7604151025838 -58.5051995407598,54.7647371019932 -58.4987955438213,54.7671621015406 -58.4912855472416,54.7673001018237 -58.4847175501296,54.7635651023708 -58.454746561719,54.7629521019574 -58.447793563825,54.7589811021311 -58.4371115687976,54.7597541023088 -58.4260965730599,54.768963100731 -58.4188305763468,54.7629331017413 -58.4206315747824,54.7572531020592 -58.4303525714463,54.7507631033668 -58.4366955692568,54.7398961049134 -58.4317775705859,54.739831104674 -58.4292015715809,54.7397961047118 -58.4222885739516,54.7351381054342 -58.4193255763827,54.7300841064139 -58.4145155783509,54.7320631059307 -58.4094005797452,54.7317701054958 -58.4076205814513,54.7269561061365 -58.4001845832919,54.7254901062388 -58.3933685859722,54.728364105867 -58.3887565873643,54.7253271064781 -58.3723395949507,54.7314991056649 -58.3718375944283,54.7440421041488 -58.392780586287,54.7630401020714 -58.4020125827632,54.7691011006222 -58.4026945825378,54.7718481004465 -58.3998085835005,54.7749980997446 -58.3921935857048,54.7778670994718 -58.3810755900059,54.7793130995151 -58.3704785938358,54.7777990995948 -58.3604205988438,54.7824530992565 -58.3374816077709,54.7832760986278 -58.3286516108699,54.7868020982819 -58.2821076291084,54.7854630978776 -58.2546316403089,54.7816360984295 -58.2525486415569,54.7841150982999 -58.2377286476509,54.7889190977136 -58.2286736507911,54.7883270971902 -58.220447653691,54.7777070985227 -58.2137596574113,54.7771490987809 -58.210422658232,54.7812090978399 -58.2078356583688,54.7950900964998 -58.1963076626361,54.8056460951805 -58.1984506627136,54.8106960949104 -58.2100086588077,54.8174870935365 -58.213942655341,54.862728087436 -58.2131446552524,54.8718460869012 -58.2066396580202,54.8758550857262 -58.2002106607234,54.8691400872664 -58.1915816636379,54.8641050876286 -58.1805436694715,54.857663088289 -58.1767046713202,54.8461950899059 -58.1644516751332,54.8373390910562 -58.1608726770937,54.8377370913893 -58.1538476792871,54.8444760900516 -58.1483826815341,54.8601390881675 -58.1273356901454,54.8705330869531 -58.1113886964493,54.8730280864956 -58.1068346980136,54.8688390866344 -58.0995377003518,54.8726080864104 -58.090129704317,54.8706360863272 -58.0784797091817,54.8743290853773 -58.0567747182385,54.8730660863238 -58.0531257190917,54.874829085439 -58.0523677192161,54.8773840848559 -58.0502937204261,54.8843740842943 -58.0461497215465,54.8881880835032 -58.0346217268294,54.8891370841643 -58.0252727308079,54.8942350830595 -58.0192787321595,54.8952720829373 -58.0165787336007,54.8938610832185 -58.0129927352065,54.8942610829816 -58.0047587384853,54.9007420820997 -57.9959947411669,54.9017380819203 -57.9881817444677,54.8995510823168 -57.9739097499752,54.9077610814767 -57.9623507549808,54.917146079989 -57.9518167595853,54.9217610792506 -57.9438507621637,54.9225400789538 -57.9383807652941,54.9210750791944 -57.9351877657775,54.913719079741 -57.9272857686141,54.9133540799029 -57.9249807698604,54.9119460799163 -57.9260367699715,54.8911790832792 -57.9267367694954,54.8775180851167 -57.9285247691457,54.8734390855554 -57.9451447624523,54.8734930856352 -57.9629097554053,54.8664930864107 -57.9712607522207,54.8657260861786 -57.9798647488667,54.8676920864599 -57.9870187458981,54.8671270860036 -57.9871637465626,54.8641630867169 -57.9701427518415,54.8563470877422 -57.959842756619,54.8566280869343 -57.9579577569066,54.8547710878436 -57.9638097551344,54.8484850890261 -57.9611517571968,54.8383950898141 -57.9735497516664,54.8276500914929 -57.9755977507971,54.810339093653 -57.9612667568136,54.8203670917115 -57.9545267593391,54.8207060915981 -57.9515047605736,54.8179220927442 -57.9613047565688,54.8117000926719 -57.9647027548957,54.8069590937365 -57.961455756414,54.8007440949424 -57.9651567548529,54.7978360947319 -57.9602897571734,54.7925070951375 -57.9638647551729,54.7921100958283 -57.9707197535204,54.7972500947962 -57.9724097531322,54.794995095088 -57.9694887543421,54.7901540957731 -57.9694027535259,54.7839900969155 -57.9668697547664,54.7793810971442 -57.9466667632917,54.7883950960506 -57.9251407706525,54.8156390925289 -57.918142774341,54.8210030917823 -57.9125437749568,54.8222700917053 -57.9030757797743,54.8296370908998 -57.8955027823402,54.8078190936662 -57.8924747837535,54.8052600932506 -57.8834657876522,54.8037310943284 -57.8705797924445,54.7932320948223 -57.8624217964675,54.7905810952221 -57.8578407990106,54.7950630947547 -57.8638567951156,54.8008780936983 -57.861493797371,54.8083650930193 -57.8655357946683,54.8216750914249 -57.8633237955619,54.8261990907535 -57.8455818031525,54.8327340901932 -57.8388808050654,54.8248520908425 -57.8271438095296,54.822591091375 -57.8242758106437,54.8170580914961 -57.8251378106567,54.8123140928233 -57.8265108106224,54.8047750934902 -57.8310138086097,54.8018880942226 -57.8452458030334,54.8016870936373 -57.8497438016288,54.7988020941067 -57.8494728009627,54.7889790954092 -57.8628397955644,54.7826000962502 -57.8817007885019,54.7767720967681 -57.8868557863736,54.7764050974096 -57.89180678413,54.7799150968809 -57.896902782241,54.7806890965224 -57.9057337795883,54.777874096995 -57.9179197747202,54.7790000970768 -57.9354287671098,54.7763330978272 -57.9484377627248,54.7767870979125 -57.9569167593213,54.7730480978123 -57.9590507583515,54.7698860984411 -57.966869755302,54.7713940979037 -57.975177750841,54.7710770984255 -57.9821547497496,54.7657120991258 -57.9861527469778,54.7655430987827 -57.9896687467183,54.7653840991761 -57.993750743939,54.7627150997352 -57.9978957431268,54.7506871013709 -58.0039737407096,54.7473611017633 -58.0225377326628,54.7469871015937 -58.0286187304335,54.7436641018678 -58.0375457269943,54.7467771021235 -58.0522167205817,54.7451861021768 -58.0640337169783,54.745610101881 -58.0729627135008,54.7487221017046 -58.0886907068674,54.7498901016981 -58.0980017030726,54.7532321010202 -58.1062956999896,54.7531311008529 -58.1168236962585,54.747365102287 -58.1199136946904,54.7487841015955 -58.1208576934208,54.7540491013458 -58.1295096911997,54.7546401010003 -58.1513436820524,54.743111102464 -58.1534656814861,54.743225102454 -58.1572496796461,54.7434321022011 -58.1445266842032,54.7541901013463 -58.1452456846064,54.7557991007529 -58.170928674459,54.7550521018541 -58.17515967232,54.7487271023924 -58.1831776695756,54.7458801022195 -58.1782326724572,54.7417001031189 -58.1795996715887,54.7376101038497 -58.1693526754537,54.7374531036411 -58.1647146768474,54.7353301033004 -58.1579406795102,54.7368201035108 -58.1465426847965,54.7359591039575 -58.1409366858591,54.7377031032453 -58.1374866875275,54.7355921037327 -58.1056747006537,54.7325871033977 -58.0929457052082,54.7348901035346 -58.0827287094743,54.7340431033272 -58.0769757120142,54.7305261044628 -58.0711207142934,54.7292901046616 -58.0570227201852,54.7354521037619 -58.055925719334,54.7336131036837 -58.061693718723,54.7284551041912 -58.0587177191315,54.7247581043694 -58.0606617188232,54.7170261053791 -58.0509307229557,54.7225801049356 -58.0449777242931,54.7233891048417 -58.0288217307141,54.7313431031799 -58.0062907403876,54.7323431038379 -58.0046087409427,54.7263801037321 -57.9962167449656,54.7205361048909 -58.011984737796,54.712578106351 -58.0121067383777,54.710068106174 -58.0054307409046,54.7095001069154 -57.9989157438471,54.7057421067763 -57.9878987472499,54.7133141057227 -57.9792107517685,54.7136321056652 -57.9707047541914,54.7102891059801 -57.9661987562052,54.713634105123 -57.9672547556161,54.716163105597 -57.9781477514297,54.7190901055642 -57.9716517540459,54.7228581047502 -57.9611537567872,54.7356881029317 -57.9559817599296,54.736516103009 -57.9513327613389,54.7348411025132 -57.9399647666581,54.7412661023079 -57.9311187697908,54.7445341011313 -57.9247767730794,54.7451101014131 -57.9220777733504,54.743924101236 -57.9207637744764,54.7386521021046 -57.9048847808058,54.7329001026281 -57.8938407846328,54.7364741018899 -57.8808147893249,54.7406921014327 -57.8733217936726,54.7330291026735 -57.8694137946228,54.7322731026022 -57.8607607984685,54.7318921029884 -57.8459698036031,54.7355081023231 -57.8318548090216,54.7338871021185 -57.8272468108124,54.7315231027732 -57.8280078114373,54.7246861037746 -57.8173708144824,54.7096531055697 -57.808233818368,54.7035561064469 -57.8047418201843,54.7025801062443 -57.7962358239499,54.7067651053371 -57.7867478265569,54.707275105807 -57.7828928294217,54.7056011061631 -57.7801008298284,54.698929106559 -57.7713558340747,54.6930631076989 -57.7683328343422,54.6834181084688 -57.7694938347005,54.6765951094421 -57.7651628366792,54.6765141097946 -57.7512488422108,54.6716881100059 -57.7394398471768,54.6714671097459 -57.7329928497917,54.6740841096541 -57.7335388494516,54.678433108809 -57.7310028493758,54.6815811084538 -57.7270278518185,54.6821941084037 -57.723968852052,54.6805361086864 -57.7118288566389,54.6791651089589 -57.7095568586308,54.6775221095609 -57.7195768542448,54.6745191089739 -57.7258958518468,54.6671031102343 -57.7231628531494,54.6595191109466 -57.7132408574175,54.6538521119343 -57.7112388580826,54.6403441134893 -57.7072978593825,54.6334191148555 -57.7003098620155,54.6316921148118 -57.6871378671944,54.6280141150871 -57.6722268747346,54.6272711152801 -57.6642688772198,54.6218651157957 -57.6615038787493,54.6220401159353 -57.6244928925662,54.6224521160122 -57.6145058960505,54.6250051153725 -57.6120908976528,54.6327141148034 -57.5972829036489,54.636986113997 -57.5842789081636,54.6371801132653 -57.5648499164341,54.6329081141586 -57.5642539156446,54.6363231139933 -57.5569459190267,54.6400571128658 -57.565244915768,54.6461611121891 -57.5635949158346,54.6474961124018 -57.5548849205218,54.6482351122042 -57.5442389246935,54.6550941110777 -57.5259289318339,54.6583751107812 -57.5161209350694,54.6577151110274 -57.5147279361753,54.6547211115447 -57.5222469330772,54.6475631125286 -57.5192539340198,54.6449981129278 -57.5044809396221,54.6483431116279 -57.495816943324,54.648392112364 -57.4917609443545,54.6503651118173 -57.464120956723,54.6516121113894 -57.4409469649095,54.6506691109719 -57.4285879708314,54.6467511119319 -57.4248459715171,54.6410601127364 -57.425999970846,54.6377951134263 -57.4276839703582,54.6360021133959 -57.4336079684254,54.6356701137768 -57.4461829627445,54.6233751150275 -57.4365719669461,54.613358116336 -57.4218369729001,54.6162421159269 -57.410412977361,54.6164551157694 -57.396059983704,54.6131781164956 -57.4111039776995,54.6055121174373 -57.4202229739882,54.6043361179046 -57.4196089746939,54.6015851177678 -57.4129299767591,54.6014401180895 -57.411879977269,54.5993621181142 -57.4209059737454,54.5933911191431 -57.4190699747021,54.5912941192336 -57.4112049779101,54.5913561192927 -57.3988299825535,54.5755621210354 -57.392923985433,54.5756651207064 -57.3838899884077,54.5880281197916 -57.3733189920096,54.5935061187122 -57.350425000957,54.588668119338 -57.3377230064624,54.5783441201565 -57.3221670126475,54.5757151208075 -57.3211110129718,54.5738651204339 -57.332290008868,54.5711451216351 -57.3381220071144,54.5660211220716 -57.3452260032406,54.5533901233514 -57.351794000981,54.5489661237422 -57.360541998277,54.5473291244915 -57.3733549926275,54.5496641236522 -57.3852559881085,54.5540361241997 -57.3876529873948,54.5534071236378 -57.3848909875232,54.5474011246194 -57.3777009918379,54.5431371249996 -57.3694349937812,54.5434131251838 -57.3670089954738,54.532173126811 -57.3711929942428,54.5219881279357 -57.3866649877508,54.5131921287076 -57.3719179935741,54.5105851294528 -57.3646579969945,54.5012931299738 -57.3683899957228,54.4981781308897 -57.3770419911631,54.4979101306771 -57.3821039903072,54.4923141315417 -57.3876729880161,54.4910621314194 -57.3925889859653,54.4877401319876 -57.4135929773699,54.4843141323232 -57.457262960598,54.4838151332724 -57.5042659421103,54.4832581334629 -57.5299039317315,54.4808201333 -57.5380849285104,54.4816711335592 -57.5488399240194,54.4855461324995 -57.5808099122192,54.482082133543 -57.5884419088909,54.4790391338822 -57.6175198968533,54.4780211346248 -57.6321678910685,54.4824231338754 -57.6419338874456,54.4830711336787 -57.6854738709862,54.4759261345913 -57.6871458690713,54.4741331350023 -57.680922872214,54.466247136347 -57.6861088705789,54.4576731371912 -57.6806138726706,54.4577951367074 -57.6729688750149,54.4613011363194 -57.6640378792974,54.459756137127 -57.6330978914773,54.4593781365406 -57.6277448925084,54.4638371362375 -57.6187938961901,54.4627501361937 -57.5595779207208,54.4697811352559 -57.5570919203351,54.4653891354724 -57.5416309264568,54.4682741349954 -57.5138699380092,54.4670181353591 -57.5066729415977,54.4693811347117 -57.5003899429124,54.4694751351577 -57.4961979449187,54.4739581343369 -57.4820029510993,54.4752591343952 -57.4648409579568,54.4737601341242 -57.4182889762275,54.4656911349053 -57.3992589838405,54.4566011362367 -57.4038509815485,54.4521341366454 -57.4113989783478,54.4504701373922 -57.4192029752648,54.4510921366431 -57.4237039743542,54.4479911372972 -57.4224649752245,54.4427161380626 -57.4243619734873,54.4420861383541 -57.4276649727239,54.44099813795 -57.4243599735909,54.4375011387412 -57.4303409712618,54.4358021384515 -57.4361519688372,54.4368411385591 -57.439587967188,54.4446761380087 -57.4549609622922,54.4495691371174 -57.4536389622695,54.4582211367062 -57.4573629603497,54.4614911356867 -57.4646459579102,54.4641621351511 -57.4829229499755,54.4665991347915 -57.4943189460694,54.4661521356553 -57.4967649442362,54.4646091356245 -57.4775929530463,54.4575861364014 -57.4818009507177,54.4528771365897 -57.4913059476529,54.4512491372417 -57.4921839466153,54.4496701369681 -57.4884069483578,54.4473041380007 -57.4920129467241,54.4460111377302 -57.5009479433202,54.4473391378119 -57.503055941631,54.4448691381272 -57.5273849326574,54.4508561368475 -57.5291209330047,54.450336137451 -57.5309749313411,54.4497871378722 -57.5293849326657,54.4435931386605 -57.5351369296133,54.4391401390766 -57.5165249375941,54.4293951403278 -57.4955799453053,54.4259911401512 -57.4925469476582,54.4243291404656 -57.5021549430201,54.4208761406193 -57.5100479405951,54.4198951413581 -57.5165519369202,54.4159251418179 -57.5260999339977,54.4133771425635 -57.5393989285735,54.4070291430365 -57.5540969223264,54.4034501434782 -57.5681729167882,54.4037321436188 -57.5735389159979,54.4056701431507 -57.5790509134207,54.4050991438952 -57.5889019100838,54.3973011443969 -57.5957689068524,54.38693314539 -57.5915659089388,54.3852501457153 -57.5888629084994,54.3856281460546 -57.5801199127643,54.3868481452028 -57.579878912519,54.3843301460884 -57.5868679110358,54.3785331467383 -57.6047529039178,54.3804901468859 -57.6161528990909,54.3727271478874 -57.625658895229,54.3706331478583 -57.6372538914198,54.3731471476547 -57.6491168855448,54.3708651481897 -57.6651078800711,54.3716401481844 -57.6747558765192,54.3670281487403 -57.6874238701615,54.3643031492279 -57.7263138556477,54.3753251477063 -57.7598148415455,54.3766601478974 -57.7700298383333,54.3770641479812 -57.7844538324031,54.3853231471678 -57.7986178263535,54.3764541483441 -57.8061168241627,54.3752221481931 -57.8110848224928,54.3700571490996 -57.807334823748,54.3670251494587 -57.8109468222928,54.3652611491604 -57.8265878162441,54.3653191495129 -57.8504178062287,54.373287148215 -57.8520288057031,54.3799371474716 -57.8470048079703,54.3862381473628 -57.8491918062896,54.3892491467692 -57.843138808859,54.3927921463382 -57.8473478076787,54.3946921460989 -57.8481758073809,54.3937961463991 -57.8601978028366,54.3958361461297 -57.867817799563,54.39232314673 -57.8752817959647,54.3917701465232 -57.8825407930899,54.3875541472026 -57.8939697899021,54.3859381470373 -57.9083627840606,54.3875591468035 -57.9119297825893,54.3867071471485 -57.9093537838978,54.3834691475418 -57.910998782336,54.3818981472479 -57.9164567800036,54.3822221477986 -57.9198387793084,54.3850211470731 -57.9233427775663,54.385312147509 -57.9320327736128,54.375870148546 -57.9403917717113,54.3730481488961 -57.9536987658572,54.3728221491593 -57.9777937562913,54.375974148747 -57.9923277497533,54.3746191492945 -58.0027997464802,54.3684061496055 -58.0208627385999,54.3668791502789 -58.0362957329911,54.3630261507622 -58.04090773131,54.3729181497861 -58.0527747264625,54.3783651484921 -58.0582487247056,54.3784561486265 -58.0631207231576,54.3746501492752 -58.0728447185515,54.3757251492716 -58.0763957175057,54.3750961499046 -58.0798417159407,54.3683011503899 -58.0940257107838,54.3660201503098 -58.1037627068921,54.3668601510512 -58.1277886969463,54.3631371512512 -58.1397776923598,54.357384152265 -58.1541766870453,54.3587541517206 -58.1651616829787,54.3580101521401 -58.1814626765823,54.3518681535061 -58.1892236736452,54.3442271536056 -58.2013496690242,54.3439531543877 -58.2129766635247,54.3461811541369 -58.2089696652829,54.3395051550567 -58.2028316685135,54.3368981550649 -58.168540682306,54.33477415494 -58.1674606819656,54.3327061550794 -58.1714476802129,54.3309381554456 -58.1926816730783,54.3278391562655 -58.2022826693624,54.331639155573 -58.2064186663198,54.3264511566853 -58.2345036562631,54.327331156272 -58.278177638992,54.3012621598869 -58.256765648004,54.2998091605413 -58.2500766491256,54.3010801600759 -58.2360306561098,54.3008691600552 -58.2237076600721,54.3059361593794 -58.2212416617168,54.3088701588717 -58.2122956641848,54.3080491588892 -58.2070416661168,54.3120771582863 -58.1844486758576,54.3108181579895 -58.0954427107995,54.3185581566891 -58.0842737155081,54.315181157697 -58.0851937151256,54.3122231581721 -58.0884097133172,54.3118591578114 -58.1063897064815,54.3098231581779 -58.1325916961619,54.3004221592432 -58.139666693042,54.29939415966 -58.1531856878964,54.2938961602964 -58.1561216875305,54.2893761615032 -58.1823466773494,54.2877281610254 -58.1900146739839,54.2908131613947 -58.2009666704076,54.2902951611103 -58.248406650883,54.2761691626743 -58.2569576484766,54.2769781630973 -58.2581816473702,54.2756281638133 -58.254859648158,54.2712401640769 -58.2577046479579,54.2685441645515 -58.248999652042,54.2684151640625 -58.2456166520616,54.2683631644418 -58.2287166593177,54.2621691651145 -58.2280946594464,54.2585111650585 -58.2158936647967,54.2521641664809 -58.214504665764,54.2482571663648 -58.2172976632001,54.2467051667159 -58.2299266594256,54.2432401677313 -58.2718536431308,54.2381571685512 -58.2924746341185,54.239140167985 -58.3100626275466,54.2380261688886 -58.3199046232234,54.2356611691466 -58.3323546195742,54.2362901686293 -58.3408376153974,54.2384651683953 -58.3636506069251,54.2352411691626 -58.3703456042062,54.2354741692017 -58.3752516019774,54.2357501689704 -58.3851725977792,54.2313201696741 -58.3933445944819,54.2316601698057 -58.4075605897248,54.2368781689106 -58.4251745820575,54.2350631698449 -58.4318565804303,54.233551169499 -58.4422545765247,54.2266121706989 -58.4579355691099,54.2240751713481 -58.466400565945,54.2166571721167 -58.4826205596354,54.2100181729249 -58.5280795430692,54.2023811742943 -58.547930534943,54.2026381741941 -58.5576165312193,54.2041171740661 -58.5599515294787,54.2034501742672 -58.5682405277142,54.2010571747287 -58.5802305224428,54.192300175716 -58.5784185229553,54.1883971770096 -58.6135115095289,54.163933179349 -58.6339955016107,54.1564141812535 -58.6665174895446,54.1492591825017 -58.6767764854458,54.1448091832478 -58.6987024762504,54.1402621839251 -58.728298465452,54.1389971840856 -58.736560462089,54.137212184254 -58.7423894596004,54.1359561846955 -58.7509274564643,54.1365051842137 -58.7591744522568,54.1338541848997 -58.770487448546,54.1326031847344 -58.7830694441254,54.1279461855645 -58.7900564406993,54.1282471858599 -58.8262674274431,54.1398091844284 -58.8339794235642,54.141942184213 -58.8503224172785,54.1416561847582 -58.8947854005617,54.1368371851861 -58.905753395669,54.1339771861936 -58.9151833918446,54.1301841866235 -58.9144543923622,54.1283531862624 -58.9273973869293,54.1241351873317 -58.9703623707301,54.1160861886174 -58.9941473606854,54.1128781890595 -58.9999533581785,54.1138391892249 -59.0050263568267,54.1129721891608 -59.0179923514349,54.1071481898962 -59.0362683457674,54.1066211902211 -59.0464443407247,54.1035091908166 -59.0721213312258,54.1021271912939 -59.1095763161134,54.094899192675 -59.1328763078222,54.0950821926567 -59.1508633008215,54.0895121932837 -59.1706982928552,54.0882921934916 -59.198402281637,54.0818801942452 -59.2240492721117,54.0809181950315 -59.2326282688026,54.0791471952462 -59.2444002636874,54.0726061960092 -59.2541432604371,54.0706221963759 -59.29123724604,54.0587661983472 -59.3025932416679,54.0529071991522 -59.3587552194597,54.035671201954 -59.3801572122958,54.0314642028623 -59.3895462078016,54.0262652039664 -59.4069902018827,54.026819203725 -59.4135811981439,54.0268522039337 -59.4252531944454,54.0241822042756 -59.4481371857382,54.02361420489 -59.4713531764561,54.027390204752 -59.4813761726479,54.0317742037647 -59.4903131685425,54.0304492041114 -59.4929811674482,54.0341122035936 -59.5135521587064,54.0330702039507 -59.5476771453715,54.0336802038846 -59.5531251442386,54.0318802042257 -59.5590181426775,54.025742205126 -59.563284140084,54.025536204642 -59.5713471361008,54.0326432044557 -59.5833701326855,54.032464204364 -59.5764141345229,54.0303812047793 -59.5733561362554,54.0262612047936 -59.5792491350542,54.0196652060278 -59.5765691345428,54.0166862064505 -59.5641831399192,54.0150382064768 -59.5560721429198,54.0122612071569 -59.5506421456591,54.0124632066355 -59.5498581457311,54.0133762067045 -59.5351481510146,54.0114832069992 -59.5207811569841,54.013241206416 -59.5165481586964,54.0109372064309 -59.5091891608945,54.0104492068206 -59.5053661637946,54.0063212071959 -59.5104691609741,54.0013242076774 -59.5151351596197,53.9999742076295 -59.5167451592617,53.9954152087313 -59.5137071606217,53.990609209668 -59.5187831584616,53.9874362101127 -59.5157271596748,53.9840022099242 -59.5086961625271,53.9885302090739 -59.4924171685369,53.9891362096263 -59.4853931716548,53.9927532090288 -59.4745291761437,53.9938432084628 -59.4717911766304,53.9956552078215 -59.4644151803362,53.9965292079932 -59.4577741821671,54.0003772071596 -59.4504011855272,54.0010232074486 -59.4403621893821,53.9984592079725 -59.362094219814,53.9975662068821 -59.3146172383841,54.0089202056326 -59.3014192436554,54.0099762048505 -59.2671282563607,54.0193402033009 -59.2511802626718,54.0219732030014 -59.2121542778643,54.0347152014733 -59.1319553081728,54.0482711989443 -59.1104763166377,54.0545021981102 -59.1035613193137,54.0546801977519 -59.0906703254749,54.0550201975896 -59.0750733307613,54.05831919656 -59.0521363395334,54.0599521965526 -59.027367349988,54.0570031966984 -59.0036313587954,54.0595361963647 -58.9861963650227,54.0582391959547 -58.9740603700268,54.0624631956032 -58.9716253702062,54.0665551951913 -58.9677033731685,54.0681231950988 -58.9330563858793,54.0719071943931 -58.9220353898051,54.0775161930827 -58.9042363974477,54.0784041932486 -58.8990933990775,54.078660192981 -58.8814834067059,54.0835121923679 -58.8655174123987,54.0851831923563 -58.8071694349312,54.1014831893545 -58.793502440231,54.1038571886932 -58.7894884419224,54.1081471882148 -58.7854604430561,54.1129001880641 -58.776008446614,54.1171381872726 -58.7443614590196,54.1225051857842 -58.7322004639142,54.1260271853957 -58.7284844652467,54.1205071865634 -58.7106164717462,54.1200791863204 -58.6955604786758,54.1169401867908 -58.6810804838055,54.1199691862382 -58.6656254907663,54.1170541860972 -58.6605304924378,54.118371186272 -58.6792034844612,54.1299991843532 -58.6876894813668,54.131917184676 -58.689968480257,54.1337741846582 -58.6867844811826,54.1360171843596 -58.6684424880267,54.1380921837844 -58.6240935057572,54.1501321817605 -58.6103045105384,54.1552201810129 -58.5976005154135,54.162602180163 -58.5887445199705,54.1711701787772 -58.5788545232608,54.1758381778122 -58.5687005270819,54.1768611782751 -58.5473985354704,54.184814176874 -58.5457335361105,54.1848801768387 -58.5376555392985,54.1851501764723 -58.5310845427032,54.1837011766693 -58.5181165465102,54.1871881759055 -58.4684545666471,54.1929401752611 -58.4565965704213,54.1975801748874 -58.4410455764459,54.207188172972 -58.4273455820949,54.219106171599 -58.4107415882649,54.2252771701715 -58.3997605921126,54.2269511702231 -58.392787595757,54.2259461706208 -58.3862925979718,54.222661170701 -58.3745336018181,54.2243231707537 -58.3739206026296,54.220205171508 -58.3980445939841,54.2011291739448 -58.3999405929823,54.1924781748127 -58.401817592622,54.1913191750688 -58.4190865854504,54.1806381760921 -58.4211465850177,54.1776961773117 -58.4178205865301,54.1730881779082 -58.4385525777527,54.1601231791939 -58.4354705800876,54.1491221812701 -58.4403325771453,54.1439371815684 -58.4577065714334,54.1370901822221 -58.4796605631951,54.1323511829626 -58.4887585595448,54.1281321834562 -58.4971675557585,54.1213921850216 -58.5241435460948,54.1171691854522 -58.5362125418299,54.1166381854136 -58.534763541251,54.1136511858212 -58.5134855495406,54.1053331871831 -58.5106235505889,54.1042101873435 -58.5502635369268,54.0821081900469 -58.5579265332144,54.0739821917456 -58.5662185300606,54.069978191445 -58.5636865306484,54.064695192071 -58.5693365287072,54.0585981935652 -58.5858735224935,54.0517201938642 -58.5828585233401,54.0491761943192 -58.5754955273056,54.0488581944272 -58.5736105280295,54.0472341948558 -58.5647975312124,54.0247831981356 -58.5579405347662,54.0073092000736 -58.5481785383559,54.0076421997859 -58.5237795476924,54.0084772001737 -58.5137695515457,54.0065201999305 -58.5032925551005,54.0068471997815 -58.5012985557982,54.0084151994792 -58.4851055625918,54.0164271986435 -58.4804215647135,54.0172851984379 -58.4728045676987,54.0135281989227 -58.46069657164,54.0158821981644 -58.4492765765454,54.0205231978603 -58.4448315790217,54.0252581969133 -58.4177015884395,54.0246671966205 -58.4101595922354,54.0190811974955 -58.4051325936119,54.0187841979473 -58.40148359461,54.0228471971527 -58.3805216037993,54.0232431971075 -58.3631656096752,54.0305411955398 -58.3615106098711,54.0332531954981 -58.3593506117226,54.038704194897 -58.3510106153841,54.0436101940078 -58.3253846239721,54.0535241924611 -58.3125146299906,54.0549351927469 -58.2877966394943,54.0520631930405 -58.282684640787,54.0535901921344 -58.2801386427979,54.0588001916209 -58.2754676438464,54.0591891915119 -58.2693736465305,54.0563591915033 -58.2481716547054,54.0619821911701 -58.2389006584908,54.0609331906743 -58.2089186701036,54.0629891911383 -58.1923756755046,54.0684391899945 -58.1804416805774,54.0748831892624 -58.1778906816906,54.0798691885966 -58.1505706924162,54.0915461861242 -58.1391876976088,54.0941051864395 -58.1069627103078,54.0935941859351 -58.101359711182,54.0971571855271 -58.0938987145539,54.0988621855766 -58.0861557178429,54.0982781851794 -58.0710377237512,54.0891241867488 -58.0633397266218,54.0876321870948 -58.0470457325837,54.0871351866116 -58.0313877393296,54.0896151863683 -58.0236467431618,54.0890281862178 -58.0115727469551,54.0827671875294 -58.0054517504132,54.0795871872952 -57.9965807528345,54.0782981870566 -57.9895527557214,54.0790901874282 -57.9715687621274,54.0735281881519 -57.9525877701621,54.0725141879169 -57.940055775311,54.0668191892248 -57.9350327767207,54.0662731891221 -57.9237607816633,54.0665321890177 -57.9060817890351,54.0705601886384 -57.8936757928964,54.0701141880378 -57.8868017959329,54.0754701874637 -57.8808687981976,54.0776491871893 -57.8556078077519,54.0778811868893 -57.8518918102818,54.0746151874784 -57.8524818089891,54.0707441881097 -57.8474498112115,54.0704241880835 -57.8426508137629,54.07307518804 -57.8313758185899,54.0733261875039 -57.8140668252062,54.0700421876868 -57.8070338269346,54.0635151887257 -57.7817828377345,54.0637291882736 -57.7686658420692,54.0694241874102 -57.7730038405399,54.0754431872354 -57.7697638423875,54.0778931868346 -57.7723808409715,54.0797701861436 -57.7858888364142,54.0813951860992 -57.7900158333835,54.0842131861761 -57.789105834414,54.0867091861067 -57.7789658385728,54.0874331853556 -57.7815108371639,54.0906751844685 -57.792670832847,54.092713184905 -57.8029608284776,54.0965581839653 -57.8165368238481,54.0970311842069 -57.826919818901,54.0990491839783 -57.8417778136864,54.104806183704 -57.8482858109947,54.0992171839235 -57.8583728070593,54.0996251843031 -57.8700788025861,54.1062321836856 -57.8720578023297,54.1063921833935 -57.8809167979181,54.1071131834158 -57.908181786862,54.1059991832181 -57.9137307860175,54.1038131838105 -57.9186897834141,54.097962184685 -57.9238497806144,54.0957691851926 -57.9359197764436,54.09529518458 -57.9462777732083,54.0979891845801 -57.9587557677629,54.105053184349 -57.9563207686113,54.1070681831735 -57.956976768426,54.109585183022 -57.9826737587098,54.1166541824891 -57.9931407538543,54.1172901827167 -58.0359327368744,54.124860181283 -58.0560577295661,54.1266411814313 -58.1025387111591,54.1307451813 -58.1150567066808,54.1291171815893 -58.1340976977651,54.1294221819102 -58.1529656909151,54.1336031814228 -58.1615246878488,54.1335041809546 -58.1693996845665,54.1313441819616 -58.1822356795758,54.1224101829519 -58.1905056767392,54.1200251833016 -58.2281046611281,54.1135181842257 -58.2332626601636,54.1110841850137 -58.2457756553247,54.1000831860662 -58.250855653859,54.0903401874948 -58.2544556516025,54.0878801875275 -58.2654006482658,54.0862171881474 -58.281440640337,54.0860991881487 -58.3170766278147,54.0858321882415 -58.3204326257784,54.0893021878833 -58.3159876279449,54.0935711869158 -58.3062516308216,54.0941201869025 -58.3022856332632,54.0961191868221 -58.3052796321642,54.0989001867012 -58.3164626267881,54.1008911865082 -58.3269116234672,54.1115421852357 -58.3496556141506,54.1162041845541 -58.3757196033703,54.115655184618 -58.3810946019297,54.117333184545 -58.3878365990714,54.123815183554 -58.3994455940148,54.1253441832384 -58.4020275932508,54.1288041832289 -58.396487595379,54.1412851820196 -58.3876265984009,54.1589741788482 -58.379966601869,54.1657181779219 -58.3740466025553,54.1875581756235 -58.3707956043465,54.1909381753122 -58.36166360872,54.1953771743492 -58.3539986109882,54.1968271742639 -58.3459666138315,54.1983541738323 -58.3202326236385,54.1991271737086 -58.3084526292859,54.2014741730524 -58.2863976373477,54.1979561734669 -58.2563406501523,54.1995711730693 -58.2524216508325,54.2013131731964 -58.2483976518472,54.20310217238 -58.2405926556692,54.2034451724391 -58.2352036571768,54.2019921730275 -58.2147756654044,54.2060251716113 -58.1903506747885,54.2033691723127 -58.2029876695103,54.2083601717129 -58.2204176634747,54.2106751711426 -58.2257556610353,54.2132691716619 -58.2240936623802,54.2157561708501 -58.2118646655864,54.2192231704386 -58.207850668479,54.2219011701767 -58.2012086700365,54.2222561697924 -58.194806672904,54.2260401692232 -58.1853146770706,54.2204181705114 -58.1759746807837,54.228951169137 -58.1688836830701,54.2306641681281 -58.1540606883716,54.2308941684603 -58.1305006980709,54.2261851691024 -58.1218337017991,54.2196511698785 -58.093383713449,54.2196561696366 -58.080176718476,54.2210881695123 -58.0769357197594,54.2214401695374 -58.0685647231866,54.225415169003 -58.0564377266365,54.2263611687861 -58.0452647315336,54.2318851675935 -58.0378937337008,54.2310791679934 -58.0302807381729,54.2272921682058 -58.0108957447503,54.2251491683128 -58.0025927491581,54.2195251696361 -57.9855717550169,54.224946168429 -57.9789307576064,54.225284168658 -57.9775507578119,54.2216151688358 -57.962703765147,54.2145081697483 -57.9526257683951,54.2134221698908 -57.9450137715945,54.2176291698223 -57.9298967770367,54.2159971695953 -57.9273567780668,54.212295169891 -57.9083707856658,54.2101331696063 -57.905955786523,54.2116931699543 -57.8788107979129,54.2091541697901 -57.8709918008512,54.2097021703275 -57.861753804231,54.2150161687246 -57.8570948067289,54.2147031692037 -57.8469008096151,54.2083561700717 -57.8486288087991,54.1976521711804 -57.8432268118291,54.1966411720657 -57.8402798125198,54.2009331712701 -57.8356318143319,54.2003861704037 -57.8307618167418,54.1966441709527 -57.8215988198233,54.2005811703358 -57.8149708218313,54.2080001698002 -57.807768825513,54.2081611696308 -57.7981978296009,54.2083711694314 -57.793601831096,54.2142301689539 -57.7771528373532,54.2157491688402 -57.7467998490363,54.2149501689793 -57.7415338517156,54.2114261693723 -57.7501188484708,54.2040571702703 -57.7591708448527,54.2023941708644 -57.7669678412373,54.1950051716794 -57.7757768379871,54.1905991719963 -57.7716048404857,54.1884701721081 -57.7580648454744,54.1868451721961 -57.753716846682,54.1952141709425 -57.7374768536932,54.2001581702683 -57.7027408662653,54.201935170462 -57.6952808693911,54.2023171703763 -57.6892818717742,54.2051661700024 -57.6682238795951,54.2054441695764 -57.6632698815189,54.2035221700421 -57.646523889659,54.2034191695562 -57.6413728911715,54.2049221696141 -57.626686896393,54.2027981697836 -57.6177098992564,54.203075169786 -57.6046899054688,54.1991631701074 -57.6044059059128,54.1973271703195 -57.6123959019141,54.1938321712128 -57.609428903774,54.1912581707447 -57.594455909126,54.1875341710692 -57.5878429126915,54.1874011716558 -57.5875859127405,54.1851131717426 -57.5968109075951,54.1805041726789 -57.5932499100024,54.1747221729574 -57.5949089098025,54.172928173325 -57.6100379031076,54.173916173392 -57.6237798983881,54.1719071738606 -57.631767894713,54.1684121739831 -57.6039939066502,54.1639751748415 -57.5824729147362,54.1658241747084 -57.5752229167929,54.1633921749514 -57.5697089202131,54.1644221744937 -57.5777999156484,54.172582173683 -57.5766909160386,54.1782691727087 -57.5570849238572,54.1806111719892 -57.5525619253082,54.1846281718654 -57.5505629263601,54.1921241705949 -57.5457869291772,54.193852170439 -57.5394549308971,54.1889231714501 -57.5298919343219,54.1859901717028 -57.5319859347824,54.1835191717278 -57.5290119355449,54.1811721719369 -57.5284659346846,54.1772811727421 -57.5183109398252,54.177749172278 -57.5147699403666,54.1783641723624 -57.5064749443664,54.1868711715896 -57.4978599477942,54.1876071712904 -57.4892659508488,54.1945041699338 -57.4775509553444,54.1949471697462 -57.4624599611502,54.1932541702252 -57.4575829636669,54.1901791710059 -57.4533319648333,54.1960301699877 -57.4478989674228,54.1956861703584 -57.4452589676925,54.1942611704727 -57.4493449656746,54.19114817067 -57.4426649694383,54.1857541715246 -57.432188973185,54.1850711710275 -57.4277729757526,54.1872651709797 -57.4129649802952,54.1846361716114 -57.4101809811405,54.1834641713337 -57.4222809767951,54.182065171972 -57.4227069759599,54.1809841718916 -57.4114829809683,54.1798281723115 -57.3992259862097,54.1765951722984 -57.4066249833302,54.1703581736226 -57.4056149835655,54.1678241732126 -57.3887209909074,54.1640291740446 -57.3857969919511,54.160996174274 -57.392261988947,54.1572541741899 -57.4039909840332,54.1563611746111 -57.4064219836962,54.1548201749872 -57.4036109854397,54.1499651758891 -57.3868219920887,54.1497241755918 -57.3903549893562,54.1441921763347 -57.3959209882086,54.1422571768554 -57.3996629869316,54.1384551771579 -57.4121369807476,54.1380401775441 -57.4149809808272,54.136048177823 -57.4116559812757,54.1332321783087 -57.3979999867642,54.1276821787623 -57.3887899911902,54.1256521788443 -57.3793839943868,54.1329881777894 -57.3687219989367,54.1354951774658 -57.36299600114,54.1399351770605 -57.3489950063018,54.1398541766172 -57.3467480065912,54.1384321772937 -57.3446970082201,54.1340541775071 -57.3460270074529,54.1316561782325 -57.3616710013228,54.1316561782958 -57.3605610024914,54.1294051782969 -57.3689389979253,54.1259001789705 -57.3707809980759,54.1213771792259 -57.3581310033642,54.0939141831848 -57.3437760086385,54.0812571848115 -57.3392220107649,54.0795551844177 -57.3371060110681,54.070145185939 -57.3291620151526,54.0657341862222 -57.3116710219946,54.0302671905758 -57.4533369663665,54.0272111918516 -57.544725930792,54.028045192281 -57.679170879013,54.0291561924756 -57.7919838339623,54.0324861923023 -58.0350037390758,54.0258221950152 -58.0738927233989,54.0224891947856 -58.1055597110661,54.0222111956994 -58.2836146419456,53.9830452013391 -58.718614474021,53.8880452163393 -58.756670458521,53.8886002167069 -58.7800034510576,53.8422112236386 -58.8094474395804,53.7983222287995 -58.851862425118,53.7365982373678 -58.9337673936681,53.7038012432403 -59.0147253624974,53.6791562470089 -59.1733363018006,53.6283222547209 -59.4333362034954,53.5441562679432 -59.4866161817377,53.5754832642146 -59.9411139986563,53.7888782394545 -60.1224219267936,53.8471032337218 -60.1385429199435,53.8674392311061 -60.0903109377462,53.8668552312432 -60.0780849421981,53.9082162255971 -60.0225029631955,53.9283222227388 -59.9261170011138,53.9413262194492 -59.8676900230109,53.9575702174727 -59.8550030258197,54.0261002079358 -59.8253850327007,54.2200051823396 -59.9141699967391,54.2391561808507 -59.9211139932035,54.2758221753696 -59.9586139774339,54.3152671715441 -60.0798059289428,54.3324171697418 -60.4130587954204,54.4102671632252 -60.6176627136209,54.4394101616261 -60.9155585969917,54.4258221672662 -61.0454575426068,54.508751157941 -61.0220495433997,54.7132571314876 -61.2810294362777,54.8314341195498 -61.3975023893787,54.8547111182545 -61.4633353631151,54.8697111175269 -61.4605463639645,54.8812671160557 -61.4880583481604,54.9955451014617 -61.5244463319403,55.0308220979518 -61.6638912766926,55.0163781011555 -61.8197242153578,54.9938781065823 -61.9166691774726,54.9777671101449 -61.9950021469793,54.96360011247 -62.2255580587247,54.901933124633 -62.2791690332352,54.9797111146556 -62.1256260929085,55.019791107469 -61.8648831931579,55.0946610949376 -61.8177802101694,55.1302670894571 -61.7808352249793,55.1422110874378 -61.7658592313428,55.1371760880161 -61.7375022431789,55.1305450879173 -61.6136562905479,55.169171081825 -61.6400022791859,55.2066560775792 -61.5341493179022,55.269655067696 -61.4453843532262,55.2868240651506 -61.3796733764616,55.3463240564603 -61.3063914026834,55.4183220467162 -61.2523914235538,55.4724080396156 -61.233891429889,55.4913780371119 -61.1855584465514,55.5449890296627 -61.1382474640444,55.5946590231228 -61.1113454728676,55.6498520154284 -61.0535764918376,55.7738580000388 -60.9777805205617,55.8249889925028 -61.0229015007592,55.8516889895053</coordinates></LinearRing></outerBoundaryIs></Polygon><Polygon><outerBoundaryIs><LinearRing><coordinates>-64.9375796242742,59.5709626462646 -64.9286536268281,59.5898066442662 -64.9270606263043,59.5931676444058 -64.926966627295,59.5931566446005 -64.9267016274817,59.5931256446742 -64.9254736270547,59.5929836441971 -64.8687076536775,59.5864126433527 -64.8598086558678,59.5915256431721 -64.8644376548751,59.5954266425315 -64.8691316529182,59.5993806424941 -64.8738266497126,59.6033346416631 -64.8785226480196,59.6072886416141 -64.8825396458995,59.6106696415224 -64.8826976447885,59.610982641247 -64.8828666453883,59.6113176410938 -64.8851246434207,59.6157886408238 -64.8873836422989,59.6202596405849 -64.8896426404972,59.6247306397828 -64.891902639263,59.6292016397329 -64.8941636382878,59.6336716400126 -64.8964246370381,59.6381426387614 -64.8982596352351,59.6417716391453 -64.8978956356214,59.6426216383139 -64.8965516365611,59.645750638479 -64.890373637345,59.6601316367093 -64.8901466375827,59.6606606370006 -64.8895086367354,59.6621436365834 -64.8881846376262,59.6626036361889 -64.8716546444028,59.6683346353777 -64.8249226650542,59.6759856340757 -64.7875646800219,59.6925656311342 -64.7643716888049,59.7045416298851 -64.7604856900854,59.706546628901 -64.7595086910609,59.7074916287948 -64.7573756915225,59.7095526288435 -64.7494316943162,59.71722762758 -64.7510296939687,59.7177356282124 -64.7542246916866,59.7187516282875 -64.76195868863,59.7212106283568 -64.7696936849664,59.7236686280882 -64.7743086825327,59.7251346281641 -64.7743096834953,59.7251346275251 -64.7744416829157,59.7251326276534 -64.777995680962,59.725084628033 -64.7871316768596,59.7249596279678 -64.7962676728729,59.724834628194 -64.8015346713441,59.7247626280939 -64.8031186702417,59.7256616281277 -64.8041076694344,59.7262226281979 -64.8101836660389,59.7296706284639 -64.8102036661807,59.7296816280833 -64.8047556685029,59.7333696278939 -64.7992896713326,59.7370696269118 -64.7972366717342,59.7384596272505 -64.7962926720767,59.7413016271551 -64.7959366716685,59.7423756265534 -64.7917416715901,59.7550106253114 -64.7902466723524,59.7595116249174 -64.7899876722122,59.7602926242955 -64.7935456715897,59.7636686240617 -64.7978416686637,59.767744623973 -64.8021396666626,59.7718196240013 -64.8064376639481,59.7758946232969 -64.8107376614958,59.7799706228608 -64.8139586597716,59.7830216229831 -64.8139616609353,59.7841816226515 -64.8139716594585,59.7879296218956 -64.8139886586725,59.795140621722 -64.8107526611324,59.7959846214007 -64.800557664626,59.7986396207915 -64.7997226649579,59.7988566207728 -64.7963076659173,59.8001946210206 -64.791669668449,59.8020106210085 -64.7884746699748,59.8032616200962 -64.7884746699393,59.8032626200761 -64.7884736690542,59.8032626204294 -64.7904166675322,59.8080126201886 -64.7909096689516,59.8092186198233 -64.7921156670547,59.8121696194011 -64.7945936662563,59.8131756199807 -64.8017316622606,59.8160716191754 -64.8088706599048,59.8189666194058 -64.8160106548526,59.8218616193357 -64.8231516531075,59.8247566193328 -64.8252246510693,59.8255966191898 -64.8179816544286,59.8336496181225 -64.8167326543847,59.8350376174282 -64.8124876561278,59.8348576174352 -64.8115106568662,59.8348156180689 -64.7949616643305,59.8341106178089 -64.7969546616926,59.8408056168322 -64.7801326690987,59.8515326157772 -64.7780866705932,59.8528366155443 -64.7773036707261,59.8528886150152 -64.7369446878977,59.855555614342 -64.7369446887458,59.855556613931 -64.7381866862041,59.859073613711 -64.7392016863856,59.8619486136387 -64.742144684724,59.862778613176 -64.7501496806413,59.8650376137544 -64.758156677857,59.8672966137927 -64.7642836740651,59.8690236128939 -64.7665546736773,59.8696646134499 -64.7638986748156,59.8738476132745 -64.7634146745,59.8746096130017 -64.7579536761461,59.8832076113781 -64.7561676764127,59.8860196112473 -64.7415216824334,59.8892876111925 -64.7384696846285,59.888830610871 -64.7041926990025,59.8836956107794 -64.6837777097333,59.8771866106923 -64.6837767098355,59.8771866110784 -64.6805047103084,59.879277610636 -64.6664157171034,59.8882756093339 -64.6587317192614,59.9015816078198 -64.640976726362,59.9074366071157 -64.6370317264999,59.9190286055523 -64.6267987295324,59.9302836045468 -64.629060728953,59.9320616046856 -64.6318457265589,59.9342496042431 -64.6340597261927,59.9359896035555 -64.6384967243278,59.9347416039533 -64.6465207206041,59.9324826041345 -64.6545427173805,59.930224605167 -64.662564713518,59.9279656055998 -64.6635797139904,59.927679605359 -64.6694187117757,59.9301176056594 -64.6692507109589,59.9303206048329 -64.6669267114759,59.9331156047342 -64.6614577141163,59.939687604721 -64.6620457130066,59.9494616030132 -64.662230712681,59.9525426032873 -64.6622947123482,59.9525556025986 -64.6636627120655,59.9528356031784 -64.670886708112,59.9543156030951 -64.6794097034378,59.9560596032003 -64.6843617018096,59.9570726027951 -64.6931196982932,59.958865603286 -64.6950986972009,59.9582496035752 -64.6961836972234,59.9579116032752 -64.7040046936115,59.9554766037054 -64.7080146926602,59.9542266035498 -64.7094606915916,59.953776604016 -64.7123086899584,59.9533676044041 -64.7209856871845,59.952122604276 -64.7257226839606,59.9514426043301 -64.7321916824222,59.9505136045305 -64.7381066788626,59.9521466044667 -64.7461706750088,59.9543736045722 -64.7474206742296,59.9547186050222 -64.7416316760314,59.9651516032823 -64.7429276752652,59.9673626029184 -64.7455256727959,59.9717926030992 -64.7459536727681,59.9725216030345 -64.7470996723845,59.9744766030433 -64.7471006731089,59.9744776029709 -64.7505446718571,59.9750486023857 -64.7592896678234,59.9764986025276 -64.768035663035,59.9779486032237 -64.7767826598303,59.9793976027414 -64.7790206588141,59.9797676029758 -64.7827766564745,59.9803906033185 -64.7846846555498,59.9796296032261 -64.7850476556555,59.9794856031176 -64.7922576516872,59.9766126036 -64.7994676502943,59.9737386038846 -64.8053656469539,59.9713866043127 -64.8068316472496,59.9708026048095 -64.8158386426449,59.970669604865 -64.822659639476,59.9705696048207 -64.8250456395246,59.9705336045382 -64.8342516345589,59.9703966049597 -64.8402286324342,59.9703076052328 -64.8414736318772,59.9718016053559 -64.8450236297134,59.9760616050153 -64.8485736269871,59.9803226047343 -64.8521256256729,59.98458260406 -64.8556786233377,59.9888426041142 -64.8592316219078,59.9931026037264 -64.8609776206777,59.9951946034637 -64.8620096200963,59.9974866030627 -64.8631646197581,60.0000496029184 -64.8640396191583,60.0019906030281 -64.8641886187605,60.0023226027693 -64.8660686177315,60.0064936027592 -64.8678386159391,60.0104186016386 -64.8680996162736,60.0109976021055 -64.8684516162646,60.0117766023016 -64.8707406150938,60.0168536010294 -64.8718186136935,60.0182826007786 -64.8730206125286,60.019876601356 -64.8762796117824,60.0241956011649 -64.8795386092913,60.028515600181 -64.882091608159,60.0318965999733 -64.8823916075649,60.0324386005052 -64.8826266072078,60.0328625998566 -64.8850926066725,60.0373125999619 -64.8875596039929,60.0417615993205 -64.8876716048752,60.0419635991009 -64.8936466028286,60.0452035989082 -64.8999075992396,60.0485965987492 -64.9061695960626,60.0519895989031 -64.9124325920407,60.0553825988929 -64.9186965899927,60.0587755982594 -64.9236435870865,60.061453597759 -64.9229735864731,60.0623655980685 -64.9204035875598,60.0658595972237 -64.9186135891963,60.0658835980163 -64.9100525932118,60.0660025975893 -64.8959485990743,60.0661965976021 -64.8958775986734,60.0661975966963 -64.8653536138697,60.0585865971672 -64.8647246140617,60.0584295970496 -64.8635176130065,60.0582155974273 -64.8198076332456,60.0504705966413 -64.8198066338254,60.0504705964648 -64.8178646343725,60.0507115964874 -64.8040916405124,60.0524185959005 -64.7905506471224,60.0557855958222 -64.7887556476432,60.0562315958445 -64.7832356489499,60.0576035957576 -64.7806176507283,60.0575085955775 -64.7428306673823,60.0561235948405 -64.7427146672015,60.0561195943156 -64.7427126679739,60.0561195948298 -64.7187606779293,60.0637745937619 -64.7178576787835,60.064062593325 -64.7156156789351,60.0660555930583 -64.7110366798967,60.0701235929302 -64.709981680257,60.0710605924185 -64.7063336818835,60.0743015920577 -64.7063326824511,60.0743025918402 -64.7079866798608,60.084597590792 -64.709299679244,60.0853075913622 -64.7139906767998,60.0878475906787 -64.720261674095,60.0912395903897 -64.7265336720219,60.0946325905184 -64.7267126711197,60.0947295907564 -64.7349626676367,60.0965035906715 -64.7419636647222,60.0980085909823 -64.7434556633209,60.0983295902353 -64.7519496593911,60.1001545905795 -64.7574766562915,60.1013415906798 -64.7597506565824,60.102487590821 -64.7662596527357,60.1057685899737 -64.7680706522994,60.1066805905253 -64.7676836522988,60.1075115902455 -64.7672956525888,60.1083415904008 -64.7353046656578,60.1095365896905 -64.7058126791871,60.1075645886713 -64.7054766789908,60.107541588508 -64.7054756802473,60.1075415891082 -64.7054746798805,60.1075415892912 -64.6811936911297,60.1075345882951 -64.6811916903964,60.1075345882925 -64.6811616909186,60.1075545884216 -64.6755566918537,60.1112285876811 -64.6720326942117,60.1135365875768 -64.6698756949636,60.1132135873068 -64.6577856997804,60.1113975872144 -64.6330737120948,60.1054025871061 -64.6033947240648,60.1096675866447 -64.5937157274345,60.1170195854934 -64.5955297264509,60.1261875846534 -64.59603372562,60.1287335841236 -64.5963017254146,60.130088584008 -64.5977107246535,60.1372075833343 -64.597852724244,60.1379245833603 -64.5979717249534,60.1385225839253 -64.5988217243099,60.1428205833776 -64.5951987260129,60.1480335824744 -64.5941867259284,60.1494875823625 -64.5962587234124,60.1510545820909 -64.6013557221933,60.1549105823456 -64.6025197211941,60.1557905815943 -64.601363721418,60.1593075818573 -64.601336721948,60.1593905812594 -64.6020107211785,60.1639115815368 -64.6024717200162,60.1670035806547 -64.6050357183847,60.167822580429 -64.6123417157598,60.1701585807139 -64.6128357154356,60.1703165804905 -64.6144557150274,60.1708345810305 -64.6150667139925,60.1707555804978 -64.621563710968,60.1699155811476 -64.6305347070854,60.1687545812505 -64.6376547053664,60.1678325813386 -64.6412437020308,60.1673685819175 -64.6484466986297,60.1683545819671 -64.6573836950455,60.169576581901 -64.6599816943428,60.1699315813913 -64.6615666938826,60.1701485817468 -64.6631766929387,60.1709945822686 -64.6641386928705,60.1715005818027 -64.6649586912918,60.171931581374 -64.6713346891432,60.1752835819244 -64.6777126855987,60.1786345809118 -64.6824946832579,60.1811475816787 -64.6824956842445,60.1811475812525 -64.6846096827456,60.180916581449 -64.684760682066,60.1808995817436 -64.6923316793622,60.1800715820434 -64.692861678086,60.1793615817637 -64.6960916768844,60.1750335821341 -64.6974616764799,60.1731965825699 -64.6988986768185,60.1712715826069 -64.703914674075,60.1702605824812 -64.7086156728869,60.1693145826673 -64.7172076686719,60.1675835837073 -64.7257986649917,60.1658525832784 -64.7310606640126,60.1647915837978 -64.7332306627733,60.1643545838656 -64.7342576613385,60.1647095834587 -64.7418726584765,60.167341583752 -64.7455626556691,60.1686165834727 -64.7459126560541,60.1701965837855 -64.7460856565442,60.1709825833043 -64.7471006546755,60.1755725829383 -64.7481146543832,60.1801625825554 -64.7491296533003,60.1847525823062 -64.7498806521894,60.1881445820196 -64.7520226512035,60.1887065817564 -64.7602276469581,60.190859581985 -64.7684326442789,60.1930115819813 -64.7763266393855,60.1950815822549 -64.7802416374179,60.1961085820626 -64.7833616367138,60.2023855817386 -64.7837186360042,60.2031055812379 -64.7838066363533,60.2032825813791 -64.7841466363458,60.203966581061 -64.7841476363542,60.2039665814866 -64.7841476361862,60.2039675814691 -64.7903576329923,60.2060555809586 -64.7980476296356,60.2086405813928 -64.8057376253368,60.2112245812691 -64.8134296224705,60.2138085814951 -64.8211236173945,60.2163915810086 -64.8288176151347,60.2189745806157 -64.8365136103265,60.2215575808512 -64.8406596085374,60.2229485806214 -64.8445616070207,60.2238265804198 -64.8530206043802,60.225729580637 -64.8604335997238,60.2273965808951 -64.8624455993804,60.2278485811626 -64.8639415976319,60.2281855806406 -64.8669625966341,60.2310955806013 -64.8712235937834,60.235198580135 -64.8733885923203,60.2372825801842 -64.872114594172,60.2394645795475 -64.869524594662,60.2439005790717 -64.8694105948646,60.2440965797738 -64.8527646010298,60.2526535780108 -64.8605225976006,60.2573955778122 -64.8608465967261,60.2575935776266 -64.8622585971949,60.2584565778501 -64.8549545984133,60.2678825769547 -64.8537785997957,60.2693995765387 -64.8520305996306,60.2698005761354 -64.8416386035738,60.2721785763929 -64.8072606200466,60.2758305747117 -64.7535366425183,60.2868695723097 -64.7234266542229,60.2914665714908 -64.7074116613933,60.3032845703036 -64.6992136653405,60.3025365695676 -64.6922636680846,60.3002655699204 -64.6884526706435,60.2990205702095 -64.6809796736432,60.2965785704423 -64.6806246733648,60.2965545696872 -64.6745596764129,60.2961345695978 -64.6552166856072,60.2947945696121 -64.6552156852437,60.2947945698574 -64.6531996859364,60.2953005690997 -64.6526856857685,60.2954295698274 -64.6436616902279,60.2976935693371 -64.5972717105103,60.3006025681468 -64.5878237146713,60.3051725677638 -64.5850967161432,60.3064915667404 -64.5812257178722,60.3083635669624 -64.5726817216994,60.3076525664223 -64.5681957222769,60.3072795664859 -64.5633227250944,60.3068745667757 -64.5607007265362,60.3060775664462 -64.5297437407693,60.2966665663763 -64.5283727418859,60.2975295665604 -64.522925743464,60.3009585661046 -64.5127947499661,60.2932925666531 -64.5077447505819,60.2928115670084 -64.5041037539214,60.2900585670072 -64.4967447564062,60.2897985663516 -64.4865517596607,60.2936365663403 -64.4815087634631,60.292472566257 -64.4656137711834,60.2798455673772 -64.4440147810717,60.2783735665151 -64.4348687848349,60.2751355664025 -64.4332897866232,60.2718025676023 -64.4322507871977,60.2696185669439 -64.4438487817341,60.2680325676283 -64.4430567822192,60.2663875683113 -64.4274297889706,60.2630305678718 -64.4313157867055,60.2684975675266 -64.4160837946911,60.270934567146 -64.4115377967811,60.268173566751 -64.4067677989352,60.2533075685624 -64.3967368040964,60.249145568611 -64.3838428106449,60.2502215686652 -64.3778858128658,60.2492785685748 -64.3765738143597,60.2460755680722 -64.3799668122045,60.2369575692931 -64.3841328111879,60.2358355694944 -64.3932888065358,60.2374795694621 -64.4129717984682,60.2414615695463 -64.4312537898799,60.2472605691717 -64.4491437814992,60.2496255692517 -64.4625577744323,60.2548325689146 -64.4700997701967,60.2602275692118 -64.4833687651982,60.2646295688421 -64.4912117609693,60.262832569037 -64.4971777583223,60.2637715691873 -64.5044707550257,60.267910568845 -64.4979557575366,60.2722195681305 -64.5066147530509,60.2775115679272 -64.5131607509089,60.2709115693875 -64.5186847487753,60.270481569034 -64.52316274562,60.2782625679468 -64.5365297395891,60.2767185690242 -64.5498047340941,60.281337568965 -64.5515897321493,60.2850005684751 -64.5557177302261,60.2863845686795 -64.5746007224989,60.2855405687505 -64.5869547166749,60.290610569061 -64.6030977097057,60.2886135692839 -64.6062857078674,60.2909095693765 -64.6145557032838,60.2923015687947 -64.628379698,60.2907485697095 -64.6405786922622,60.287544570032 -64.6523986868127,60.2844355707006 -64.665755680646,60.2831075711046 -64.677817677537,60.2744635720995 -64.6847306750599,60.2733415722637 -64.6911616710969,60.2742735723997 -64.7017976669863,60.2692795729983 -64.7128516622603,60.2679415734302 -64.7183626584061,60.2695535737301 -64.7225026577538,60.2688795734959 -64.7198566599613,60.2574545752896 -64.7139356630705,60.251961574821 -64.7185686602284,60.248546575511 -64.7402046516049,60.2454025759239 -64.7462166494201,60.2413105765536 -64.7416776529087,60.2351305773302 -64.7357096552358,60.2342035777239 -64.729203656618,60.2424085767715 -64.7163236618738,60.2426035762838 -64.6973886705544,60.2512285749999 -64.6835786768471,60.2530175743921 -64.6594706861932,60.2644815732138 -64.653985687272,60.2670855725809 -64.6557716867174,60.2718925718744 -64.6515966895922,60.2741535717959 -64.6202847025584,60.27588257128 -64.6079637092791,60.2685355709123 -64.6024397110821,60.2685155706584 -64.5950727137,60.2696295706019 -64.5834357185739,60.2791825699128 -64.5673227265835,60.2793505692028 -64.5499877351051,60.2692375700087 -64.5398877392113,60.2682885698862 -64.5340137422888,60.2611765698454 -64.5220867468837,60.259308570192 -64.5047307561719,60.2519305707985 -64.500123758532,60.2525945703353 -64.4926687611233,60.258269569826 -64.4848647653339,60.2575485698331 -64.4826817657899,60.2509185705152 -64.4745017696182,60.2454025704722 -64.4621277750525,60.2430655707223 -64.452126780832,60.2368545712792 -64.4384157881499,60.2326805711377 -64.4375387880251,60.230620571027 -64.4453667846969,60.2295145716444 -64.4597547796375,60.2213595726553 -64.4626107771928,60.2161215733218 -64.473784774062,60.20703857376 -64.4884967666703,60.206188574713 -64.4986357628666,60.203948574666 -64.5032887616553,60.2003135755134 -64.5015347628097,60.1950605760702 -64.5043327613443,60.1925535766706 -64.510321758003,60.1909825765371 -64.5272987514408,60.1912815765555 -64.5403287471365,60.1794585785437 -64.5587917382709,60.1719935794234 -64.5505677422219,60.1701345797553 -64.5409247479303,60.1707845793214 -64.5376747475393,60.1732835789708 -64.524679753376,60.1828195780847 -64.5117887582334,60.1855095771269 -64.5026167624378,60.1850125768563 -64.4985647657084,60.1804275773955 -64.4790737727702,60.1933585758563 -64.4694287763851,60.19377557501 -64.4612137818831,60.1914485753955 -64.4580377822961,60.188927576043 -64.4400167896535,60.1959225744116 -64.4486387851599,60.2012145745066 -64.4449077874174,60.2046235741081 -64.4250097956879,60.2125245727831 -64.4079658031167,60.2151825720195 -64.4019478044027,60.2178915719105 -64.3939828085871,60.2256125707034 -64.3879798096619,60.2274085705984 -64.383408811781,60.2262425704949 -64.3795548146385,60.2201035709586 -64.3789518147872,60.2191435708773 -64.3841648132181,60.2111745721368 -64.3920528103403,60.2071035727387 -64.4123098003119,60.2046965732841 -64.4183377981806,60.2015265735605 -64.4179087990345,60.1999275739366 -64.3696898214914,60.2005955726638 -64.3665028217986,60.1992075726992 -64.3685248228878,60.1903145738144 -64.381997817883,60.182162574669 -64.3779688187154,60.1771195750911 -64.3716218225832,60.1736595750772 -64.3624598267063,60.1731565755774 -64.359299827633,60.1706265747418 -64.364869826308,60.1672325755124 -64.377281820404,60.1659285765584 -64.3864228159363,60.1673425757134 -64.3979058114879,60.1664885767946 -64.4030318088379,60.1624035770823 -64.400324810224,60.1601065770957 -64.3962648135312,60.1594125770178 -64.3893568163445,60.1582265769972 -64.3880398174071,60.1552515772515 -64.3917788145721,60.1516145780124 -64.4028488114771,60.1482515782703 -64.4179788039204,60.1478615792538 -64.4291237987626,60.1401525797105 -64.4471357922542,60.1322445813603 -64.4793797791458,60.1223445822048 -64.4873437764873,60.1118735834405 -64.4810347798727,60.1059105842298 -64.4779527806597,60.0988165848386 -64.4702077847882,60.096954584319 -64.4618527882221,60.1033135835463 -64.4467387948277,60.1036985836588 -64.4431227964254,60.1011695832484 -64.4496857953923,60.0929795846143 -64.4570547907487,60.0918465852296 -64.4597797907606,60.0914265849793 -64.4667297868713,60.086436586022 -64.4814007812622,60.0846745866963 -64.4938537756908,60.0785635869517 -64.505171771449,60.0854605865859 -64.5206917639708,60.0875815865517 -64.5316947581481,60.0862575866573 -64.5436807532773,60.0805965877123 -64.5523707493054,60.0806315881021 -64.560211747584,60.0756335888835 -64.5716407421567,60.0761335895416 -64.5761417399333,60.0811765888209 -64.5848237351195,60.0816645882815 -64.596328731248,60.0764585891447 -64.6405357140086,60.0521705928426 -64.652871707754,60.0526655926356 -64.6616457043074,60.0449295942398 -64.6781006971168,60.0442925938742 -64.6900346925894,60.0390735952271 -64.698769689763,60.0336185955327 -64.7015776891193,60.0272325966385 -64.6997856894866,60.0237995971617 -64.6833436973191,60.0242125962701 -64.682343696395,60.0324285960499 -64.6443187126026,60.0416765939169 -64.6346667158714,60.0464405931789 -64.6223007219336,60.0489115930962 -64.6203937222311,60.0497595926329 -64.6085047266451,60.0550305920456 -64.602930729375,60.0620915911427 -64.5923857338459,60.0641105905301 -64.5804067381771,60.0706905900994 -64.5698957425437,60.0704155890599 -64.567216744569,60.0660705896727 -64.56130974687,60.0633075897586 -64.5517207517514,60.0623585895923 -64.5434717554014,60.0636975893716 -64.5327927586003,60.0743895878399 -64.5232537637798,60.0704695889671 -64.5154797672473,60.0702055888414 -64.5094837700561,60.073603587726 -64.4962947750067,60.0694385879746 -64.4830487822415,60.0682415882641 -64.4592307924813,60.0708725871603 -64.4464967976026,60.0669325873619 -64.4410017998647,60.0673645869347 -64.4317568040142,60.0727995861695 -64.430700804817,60.0744975862787 -64.4232638064129,60.0864555845796 -64.4181428065989,60.1152075822239 -64.4102028089116,60.1233905808724 -64.4023438129412,60.1270105805069 -64.3918328165351,60.1260375804802 -64.3775868230353,60.1280215796341 -64.3655848287027,60.1327585788275 -64.361984830613,60.1295385790591 -64.3621078307919,60.1235965802204 -64.3707958293249,60.1017265820015 -64.3654038311889,60.0969015829484 -64.3683118308756,60.0891535828404 -64.3662188321477,60.0852045838775 -64.364783833529,60.0825115840987 -64.369910831171,60.0781965841317 -64.3776938278071,60.0777825850849 -64.3822178253775,60.0803155847898 -64.3847358228503,60.0912935835681 -64.3969738178552,60.0975195834303 -64.4029158155272,60.0977785831099 -64.4107738114419,60.0937075841513 -64.4126918115377,60.0893775846647 -64.4072588138959,60.0861545844628 -64.4160398112015,60.0814015852464 -64.4129248122361,60.0768205856582 -64.4143618112481,60.0736285853592 -64.4076018143832,60.0683435861617 -64.4104628146929,60.062191586873 -64.406885816868,60.0582925874232 -64.3940888217503,60.0582275867595 -64.3699498326459,60.0537635868033 -64.3631458371681,60.0514465866183 -64.3604608379094,60.0486905871822 -64.3711848340734,60.0380095884016 -64.3729548340676,60.0345605891296 -64.3787948316509,60.02321158978 -64.3913268276911,60.0130005911789 -64.4106598183436,60.0044175926255 -64.4198008151725,60.0037755926559 -64.4324818100969,60.0088625922575 -64.4439028041942,60.0084605927846 -64.4558177993697,60.0055505938486 -64.4809507890135,60.00406259392 -64.5191807696536,60.0103885942826 -64.5715557472946,60.0044475956686 -64.5795237449713,60.0035475959162 -64.5710547485776,59.9999885959494 -64.5663697509958,59.9980205966469 -64.5554287560951,59.9977495962947 -64.5482507579111,59.9999885959736 -64.5366297632653,60.0036135955653 -64.5279537670364,60.0040285944442 -64.5161277722111,60.0014725952102 -64.5019937788187,60.0009605945631 -64.49792478082,59.9999895947742 -64.482444788356,59.9963035953103 -64.4463798039949,59.9975135934607 -64.4341148092934,59.9949415937474 -64.4133078198077,59.9854775941801 -64.4014688257961,59.9842755940629 -64.3960448280321,59.9817385944721 -64.3939678298642,59.9716795954963 -64.4006448279254,59.9592015969894 -64.4020078273161,59.9566455968974 -64.3979728294604,59.953201597444 -64.3888468340073,59.9538425969215 -64.388496833604,59.9485815971689 -64.3941738323621,59.9378815982612 -64.4046858280386,59.9358785992892 -64.4246468186863,59.9403145987693 -64.4351428138165,59.9389985997313 -64.4466028092825,59.9347155996243 -64.4641348021963,59.9220056011087 -64.4939507911352,59.9082076038533 -64.5044647862476,59.9055146036808 -64.5290237746847,59.9062996046526 -64.5246047780852,59.897604605445 -64.5028537873052,59.8927196051726 -64.4809737981614,59.8955916044031 -64.4754867998982,59.8971666044098 -64.4685148009728,59.9058116034524 -64.4588798059363,59.9101076022531 -64.4406278135044,59.9129906018723 -64.4272168191476,59.9243396010437 -64.4189548229521,59.9279596002321 -64.4107678256228,59.9274606001486 -64.3944878334464,59.9221226001068 -64.36705984497,59.9276925991563 -64.3732308410526,59.9373165984345 -64.3705448412238,59.9576265958859 -64.3601758439509,59.9740145947147 -64.343925850775,59.9880875925523 -64.3415308513242,59.9933245922243 -64.3355718540928,59.9946595918636 -64.3292858560383,59.9900585918701 -64.3190628602242,59.9984515908904 -64.3147808628599,59.9999885907437 -64.3121648643828,60.0009275905389 -64.2925508715056,60.0005845900204 -64.2652818841293,59.9958545897095 -64.2471928933972,59.9964185897361 -64.2419738948587,59.9973105896074 -64.2387158961138,59.9999885890215 -64.2372048966439,60.0059585889199 -64.2330848976754,60.0063895882807 -64.2276858999329,60.0033875889601 -64.2226399034019,60.0042685882474 -64.2164529044636,60.0145025878371 -64.2195599030452,60.0181775868138 -64.2314168964166,60.0187115874897 -64.2411178937808,60.0137485880341 -64.2612158841441,60.0134125885709 -64.2755438787651,60.005733589577 -64.2859798747134,60.0085365891426 -64.3014748667112,60.0095405894603 -64.3100588626599,60.0134735894665 -64.3182978600597,60.0126115900398 -64.320053857658,60.0158125896747 -64.316269859762,60.021729588462 -64.3256838543786,60.0295485880388 -64.3282248533766,60.0389245876381 -64.3260198529671,60.0435595867885 -64.3191228553816,60.0580555852785 -64.3099968592568,60.0573205846461 -64.3041468633497,60.0531735855546 -64.300658864336,60.0458445862486 -64.290596869526,60.0462455857765 -64.27342287619,60.0575635840334 -64.2642598793404,60.0584185836409 -64.2472098884238,60.0452995845987 -64.2262818984575,60.0415155852637 -64.2075669059886,60.040936584817 -64.19804491085,60.0381355850061 -64.1976309113923,60.0363045849972 -64.2149899024973,60.03641558548 -64.2182779018738,60.0327835851845 -64.2169979041912,60.0293455857638 -64.2032559089172,60.0223035862249 -64.1967079133696,60.0189435868872 -64.18895591668,60.0184365860086 -64.194771913468,60.0232695857387 -64.1896459154318,60.0271195859816 -64.1822809187926,60.0293505852853 -64.173392922334,60.0372815844363 -64.168822923761,60.0374825845761 -64.1690919254375,60.0272065851671 -64.1521249326562,60.0129315861587 -64.1531669333927,60.0081445871426 -64.1624309302868,60.0031855873777 -64.1601579310785,59.9999885874879 -64.1580269311309,59.9969865881285 -64.1490799364084,59.9905315880806 -64.1482849367746,59.9861875883095 -64.1590979338166,59.9743885903564 -64.1646189314692,59.9721415906151 -64.1760269256218,59.9719855904362 -64.1981749153348,59.9747535911787 -64.2069329113727,59.97584959063 -64.2142419091606,59.9752085911645 -64.2298649030709,59.9702875920212 -64.2540828907634,59.968154592648 -64.2779088813852,59.9630435936106 -64.2982798741639,59.9490045959054 -64.3001948742986,59.9446795957346 -64.2921548774605,59.9377745961876 -64.2834918821307,59.9379575961812 -64.2450088979476,59.947315594919 -64.2345049020617,59.9483915945205 -64.22498490674,59.9467275944478 -64.2155159119619,59.9427905941941 -64.2052259162671,59.9351885946262 -64.1952669210368,59.9328375952765 -64.1823199271299,59.9229305958455 -64.1719309314713,59.9198915955353 -64.1637899366105,59.9177815955095 -64.1541089399505,59.9225165946404 -64.1486689421975,59.9215585946747 -64.1426769457845,59.9073605966873 -64.1300219524626,59.9043005965719 -64.1265119542908,59.8997075971363 -64.132226950966,59.8903845979594 -64.1433969475085,59.8810995985049 -64.1496299466171,59.86904160026 -64.158424942404,59.8631626010764 -64.1735469367933,59.858242601702 -64.1768499353367,59.8534696019573 -64.176970935167,59.8487896028965 -64.1699389397399,59.8401746031639 -64.1716299401506,59.8274766044628 -64.1721969393633,59.8232926047819 -64.1678479420236,59.8159576061833 -64.1703889425092,59.8056896067634 -64.1801469374964,59.7968566081263 -64.1753549420633,59.7892866085325 -64.1703959437144,59.788109608484 -64.1572769487202,59.793734607922 -64.159193949094,59.7847386091399 -64.2048289305779,59.7714426109104 -64.2188429240397,59.7726746112327 -64.2313759183449,59.7789196105569 -64.2424399113774,59.7901806097173 -64.2510439071785,59.7906916102191 -64.2537169061914,59.7927636096748 -64.2535779054565,59.8010216087034 -64.2627339026667,59.794872609671 -64.2711809000945,59.7828216109101 -64.263527902588,59.7804896115428 -64.254318907298,59.7671886126191 -64.2604999061783,59.7548996141453 -64.2243909243781,59.7316016149947 -64.2133639299089,59.7196506161654 -64.2129519299064,59.7182856158758 -64.1976559372444,59.7147556165637 -64.1879359415856,59.705784616969 -64.1824039465035,59.6920466184479 -64.1644989550337,59.6855266183731 -64.1414649642529,59.6846856186247 -64.0956049846279,59.6761286181274 -64.0922939861851,59.6811306178774 -64.0850129892169,59.6829036169557 -64.0746149939215,59.6828236170857 -64.0467550072672,59.6775866170479 -64.0262310149204,59.6835906157466 -64.0157930199446,59.6848826155147 -64.0000010274428,59.6829946154724 -63.9829240346025,59.6809536148988 -63.9751430371789,59.6838606149682 -63.9651800411928,59.6844636147814 -63.9526040473675,59.6820726144297 -63.9397900533864,59.6867606144413 -63.926669059171,59.6871036134891 -63.9253520598751,59.6859476141981 -63.9313560566238,59.6821166142372 -63.9386140535841,59.6812676140295 -63.937924054341,59.6748656154056 -63.9408080532753,59.6696396158398 -63.9482000507499,59.6646766157664 -63.9800770371978,59.6567276172677 -63.985595035423,59.653571618293 -63.9852280355545,59.6510556178469 -63.9816700380589,59.6492006188087 -63.9677010438992,59.648398618576 -63.9520880504532,59.6562586175495 -63.9453600524048,59.6568376170546 -63.9303480600881,59.6581256165576 -63.912522066408,59.6643676155829 -63.9112380667946,59.6623006157849 -63.9169090653058,59.6548126161138 -63.9311950604631,59.6462596177861 -63.9424140560193,59.6347086195913 -63.9439250559455,59.6299246196291 -63.9569240503669,59.6325496200151 -63.9769840403454,59.6404796189075 -64.0000010295593,59.6452066193396 -64.0047920269085,59.6461906191135 -64.0242310190922,59.6454356199955 -64.04107001163,59.640999620809 -64.0507070078673,59.635822621184 -64.0544810061506,59.6300776220737 -64.0681850030587,59.6092376246768 -64.0681160043207,59.5806876268073 -64.0715320037279,59.5715786283114 -64.0863809990405,59.5563896298715 -64.1078279908693,59.5465006314854 -64.1226049851582,59.5329066333303 -64.1306089819615,59.5197146346161 -64.1266779847324,59.5153536347299 -64.1066609921113,59.5236516332938 -64.0974279953698,59.5329176323676 -64.0876799989999,59.5426936309994 -64.0740130053801,59.5480716304714 -64.0504530154985,59.5531456296724 -64.0445110176891,59.5562966296023 -64.0386510192968,59.5713226273769 -64.0344460182217,59.6062316239685 -64.0305260180564,59.6164786230578 -64.0208290227641,59.6239356218344 -64.0080570271087,59.6284036211909 -64.0000000305681,59.6248246214111 -63.9917760355721,59.6211736217621 -63.9902550357206,59.6204946214286 -63.9594510512047,59.6104156217336 -63.950612055765,59.6048586221556 -63.9420600583902,59.6043286218616 -63.92923806319,59.6101576216344 -63.9233560659643,59.6107906215911 -63.916668068564,59.608447621157 -63.9112480722817,59.6086246208207 -63.8961040784743,59.6162596203505 -63.8840060826094,59.6138646202819 -63.871274090353,59.603930620605 -63.8577880951409,59.602664620891 -63.8606000939282,59.599720620773 -63.8705730899962,59.5982126209665 -63.8716120898654,59.5943406220414 -63.8710690908154,59.5840566226794 -63.8613840964401,59.5775716235957 -63.8639400954182,59.5689166244332 -63.85766809814,59.5679466239985 -63.8421681053271,59.5604946240532 -63.8277941126322,59.5594446242647 -63.8203111159642,59.5548066249794 -63.7917041280004,59.5490466245912 -63.7870491322066,59.5445136248998 -63.7838841327717,59.5414316257074 -63.7637581418693,59.5380366248951 -63.7504281475855,59.5335616258265 -63.7342381549591,59.5217476264495 -63.7361791554793,59.5181156266399 -63.7449081510574,59.5134086276399 -63.7517571503074,59.4990916288971 -63.7496351514917,59.4958686293909 -63.742786153387,59.4985356291535 -63.7378861550211,59.508995627984 -63.7332201576636,59.5132856272892 -63.7282451592755,59.5139226265339 -63.722958161433,59.5111276271532 -63.7214051640312,59.4935236288745 -63.7394281561336,59.4809146303522 -63.7585331481133,59.4747166316882 -63.7608861483612,59.4601256327964 -63.7758591435726,59.4442866350069 -63.7711201464898,59.4389846350029 -63.7749571454836,59.4323956363068 -63.7882631398719,59.4245346377182 -63.7944991383364,59.4136346386329 -63.8131381296939,59.4067346390396 -63.8146821294787,59.401267639428 -63.8201691284833,59.3983496402954 -63.825517125355,59.3990866405272 -63.8359841195288,59.4071806397094 -63.8435981171989,59.4074816399 -63.8495471142287,59.4041106401564 -63.8603061095772,59.4039846405907 -63.9080890879711,59.4094386407093 -63.9188950841398,59.4081686417908 -63.9344220762308,59.4131016410224 -63.942051074037,59.4129376414604 -63.9570050669224,59.4080436416423 -63.966000063815,59.4072036422722 -63.9824680565983,59.4109996424642 -64.0000000484758,59.410954643152 -64.0035410468668,59.4109416424642 -64.0121690429274,59.4073606431462 -64.0314940347877,59.4056886434023 -64.0623250227945,59.3940556457876 -64.0674290204068,59.3879276461682 -64.0644780221748,59.3815076466409 -64.0420710320754,59.3817906469335 -64.0036540488586,59.3926736446753 -64.000000049422,59.3923026446181 -63.9889140546485,59.3911826446792 -63.9772040600539,59.3931396440651 -63.9664820641265,59.3921356435113 -63.9473980726172,59.3864896444148 -63.9232860833385,59.3840026437706 -63.9178660863244,59.3853186437543 -63.9028900922234,59.3908956430911 -63.8970990937925,59.389929642767 -63.8923270969278,59.3853196433846 -63.8757791041377,59.3844836423406 -63.8715211056938,59.3780476435558 -63.862192110493,59.3759086435007 -63.8565301131578,59.3712876441755 -63.8516351161894,59.3703276437118 -63.8349021234164,59.3749666427141 -63.8214361294972,59.3757506428303 -63.8071901353622,59.3733276426081 -63.8045821359134,59.3712496430156 -63.8096991351418,59.3660466431527 -63.8084731351206,59.3628346437344 -63.8022881384762,59.3604956439381 -63.784399145772,59.3600886432507 -63.7771681490742,59.3618476430882 -63.7743691511331,59.3647846428494 -63.7781011487385,59.372818642135 -63.7728141500809,59.3823516414847 -63.765542152011,59.3850246404564 -63.7583591561328,59.3854146405355 -63.7521671582686,59.3832846402326 -63.7492271597719,59.3782346408932 -63.756873158634,59.3657526425431 -63.7637851561047,59.3605686430417 -63.762564155941,59.3573566432324 -63.7559441579973,59.3547776437132 -63.730379169574,59.3561176429287 -63.7076971793717,59.3636476420684 -63.7018791820248,59.3635866416762 -63.7001701831504,59.3615106422849 -63.7048901819047,59.3553926426921 -63.7153851774904,59.3502496429803 -63.7283541720394,59.339195644385 -63.7278851725308,59.3375086443143 -63.7260001742685,59.3307196455127 -63.7207501762556,59.3276946458646 -63.7288551737785,59.3147616472187 -63.7269141747653,59.3072016480803 -63.7408501706116,59.2936436493146 -63.7585351635956,59.2634476530636 -63.7699621600059,59.2562526533449 -63.7844561545573,59.2506866551399 -63.8261141357531,59.2462956559511 -63.8347561329332,59.2418096564403 -63.8183521396207,59.2389176565045 -63.8040961462233,59.2383156563865 -63.7979561492972,59.2355156560926 -63.7948611513421,59.234801656305 -63.7737801591028,59.2377896560728 -63.7629531643596,59.2411076551705 -63.7342461751981,59.2565716529403 -63.7239551784257,59.2685736516818 -63.7155071810334,59.2904126492775 -63.7018371877878,59.2971196481932 -63.6956751885728,59.3059606470791 -63.6925891897063,59.3159786466492 -63.6967071867496,59.3249366454272 -63.6947711872348,59.328564645163 -63.6830721925783,59.33273564443 -63.6779751944982,59.3345516441179 -63.6673871997437,59.3310126447348 -63.6628982008739,59.3314206441094 -63.6536072030381,59.3505066419803 -63.6453362063868,59.3556716412125 -63.6346072117851,59.3553226415711 -63.6210462190714,59.3478616414631 -63.6150642206974,59.3411706420812 -63.6083712235871,59.3406406420555 -63.5957322304518,59.3432356419404 -63.5782982378195,59.3428116411293 -63.5638922439619,59.3446996407723 -63.555584247439,59.3402666413783 -63.5426452528698,59.3394276410868 -63.5325862576748,59.3342866409521 -63.5280292595033,59.326236642322 -63.5171782652005,59.3187976423947 -63.510381268981,59.3109436433033 -63.5139142687266,59.3020826444586 -63.5213602648815,59.2955486452399 -63.531101260946,59.2974936453367 -63.5391862580891,59.2966726452418 -63.5419842565866,59.2939646452883 -63.5363812598019,59.289330646513 -63.5235072658093,59.2875776461085 -63.5222652656726,59.2852786458834 -63.5262002647393,59.2773316469484 -63.5237352666253,59.2725056478785 -63.5265972650411,59.2684286481914 -63.5253922655755,59.2654466482688 -63.5187742689475,59.2637676481507 -63.5341072634195,59.2502476500357 -63.5608372517851,59.2411966515204 -63.562883250995,59.2352786520805 -63.5722722478518,59.2261806532243 -63.5731292478987,59.2253506534063 -63.5830492431278,59.2227216538916 -63.577335246454,59.2208296538047 -63.578793246093,59.2181056543601 -63.5981602384126,59.2135276549209 -63.6320422230121,59.2134516550871 -63.6586202107857,59.2176276557223 -63.6680602074895,59.2156756559239 -63.6291542256192,59.20793965637 -63.6073642344068,59.2067796559551 -63.5945552402315,59.2034686556886 -63.5879662423329,59.2017636560803 -63.5798692475411,59.2034946556541 -63.5363632644888,59.2196656526782 -63.5316232673736,59.2260026521666 -63.5020862778321,59.2379836500964 -63.4944512799383,59.2488506493667 -63.4729692890855,59.2693786471116 -63.4644782929289,59.2695006466264 -63.4583712946823,59.2664566468949 -63.4531922966135,59.2721026457854 -63.4421903015781,59.2781336456041 -63.4354593039006,59.2787326450044 -63.4323583059925,59.2773156455114 -63.4267153073314,59.274738645616 -63.4131613137432,59.2779926442803 -63.3912453235745,59.2786216440852 -63.3863763253199,59.2776486447728 -63.3761493309806,59.2676916455123 -63.3841713287731,59.2588876464506 -63.384852328714,59.2541006469326 -63.393002324566,59.2516936470155 -63.4000183232263,59.2451606478199 -63.4040893203145,59.2440686484758 -63.4075293195076,59.2374876489759 -63.4203193143528,59.2312586493939 -63.4256903115759,59.2308706494218 -63.4455363027906,59.2356876496899 -63.454517299519,59.2344286498698 -63.4582572983634,59.2308206502063 -63.4570252989043,59.2285196506224 -63.4456303030542,59.2242676507586 -63.4322173100219,59.2156456516856 -63.4418283074966,59.2009206532262 -63.4632832991176,59.1899946547033 -63.4617202997821,59.1758146560313 -63.4554663034658,59.1761926556924 -63.4505563050238,59.1859586546246 -63.43558431035,59.1917036542391 -63.4230893160784,59.2013706528288 -63.4176563170775,59.2031256525019 -63.3878263306196,59.2025146518671 -63.3808353331487,59.1996796522428 -63.3621703418558,59.1985206520715 -63.3529713460806,59.195430652558 -63.351850347162,59.1910746526585 -63.3623513427588,59.1859636533377 -63.3765853374491,59.1683316556629 -63.3839123348891,59.1640856555178 -63.4047603278277,59.1380876593633 -63.4002573308183,59.1300396594362 -63.4014523299997,59.1236536604647 -63.4083183274588,59.1196326604533 -63.4276093203032,59.1159966615393 -63.433962317644,59.1133356619006 -63.4497273107036,59.0993726636931 -63.4564883078806,59.0974046642792 -63.4671843039358,59.0966226646939 -63.4815912970811,59.0935786647613 -63.4855782959507,59.0927366648396 -63.4962562906064,59.0924116654227 -63.513045283585,59.0944406658017 -63.5212912811109,59.0888336662688 -63.5605932650693,59.0737656685973 -63.5657012615803,59.0685736692374 -63.5746542590343,59.0668486693314 -63.5852542546831,59.0578346708127 -63.5993002477173,59.0614206706587 -63.6245592374497,59.0623926704774 -63.63734723133,59.0643616712316 -63.6636902202914,59.0605436721509 -63.6774502146831,59.0604636723462 -63.6879052103994,59.0572356723588 -63.7088932018988,59.0507496739883 -63.7489061844387,59.0486556750274 -63.7543711829466,59.0448256750893 -63.760128180149,59.045111675238 -63.7684001756322,59.0493096749917 -63.8056681593099,59.061324674664 -63.8269881492462,59.0608476750152 -63.8467771410893,59.066063674712 -63.857553135997,59.0625106748995 -63.8764571278949,59.0677106746756 -63.8832081247136,59.065032675455 -63.8893791232268,59.066230675444 -63.898820117036,59.0726426749505 -63.9023461166412,59.0766256746837 -63.9102961127786,59.0778426748436 -63.9181581081163,59.0817956748158 -63.9355431012121,59.0796616748866 -63.9400490985882,59.0776476755439 -63.9532970930686,59.0798216752759 -63.9582030911346,59.0791786753639 -63.9676910879357,59.074005676358 -63.9797040824967,59.0731926761423 -63.9846550810476,59.070948677003 -63.9911360787622,59.0623286777558 -63.9950110769634,59.0518526793035 -64.000001076158,59.0477896793852 -64.0163890691966,59.0344476813751 -64.0553840545799,59.0199126836728 -64.048822057239,59.0171206833848 -64.0426190593439,59.0170706837062 -64.0055690753755,59.0256766820617 -63.9916760802434,59.0305866811855 -63.9826170845597,59.0366786803643 -63.9792990845108,59.043498679407 -63.9697420889851,59.0511846785676 -63.9676290884418,59.0619016777919 -63.9635060904498,59.0659766770343 -63.9594920916725,59.0666276766173 -63.9533410949878,59.0647466773854 -63.9439910981644,59.0655816764277 -63.9384031012845,59.0600476770493 -63.9359181029595,59.0601996766947 -63.9286221050592,59.0606456768696 -63.9057101164325,59.0556446774101 -63.8991931186575,59.0514756771957 -63.8953901219965,59.0459596776666 -63.9018991194238,59.0371136788612 -63.905007119135,59.0236666801963 -63.9022961214894,59.0119936813835 -63.9060821201302,59.0047156823363 -63.9049541215737,58.9987706825885 -63.8965111253883,58.9863666843901 -63.8998501241285,58.9793126846179 -63.8996501246081,58.9720046855241 -63.8920351293583,58.9616546865763 -63.8884101324324,58.951117687287 -63.8800051355916,58.9510376870206 -63.8727781370726,58.9555396868734 -63.8825721304323,58.9926306830846 -63.8850111294534,59.0120656809515 -63.8815831275894,59.0346456789585 -63.8613641362992,59.0422206776224 -63.8007801621955,59.0372996771094 -63.7987281631378,59.0384026767521 -63.7953511657922,59.0402106765255 -63.7922651672277,59.039725676265 -63.7906271681223,59.036056676442 -63.7799681713803,59.0364076761957 -63.7766011741879,59.0315786767891 -63.7786321727924,59.0247496778727 -63.7765251746361,59.0217546780031 -63.76174918096,59.0138396787764 -63.7566511842597,59.0080796785749 -63.7482681876127,59.0070826787166 -63.7397931912189,59.0085906788342 -63.7270941965412,59.0162246771261 -63.6996492078526,59.0264406760281 -63.6844382141359,59.0299336754217 -63.6679942217174,59.0308996747642 -63.6535422273332,59.0373616742506 -63.6357812343353,59.037849673841 -63.6123552455647,59.0359876731279 -63.5961362525274,59.0314686733243 -63.5796492597938,59.0333296726798 -63.552220271102,59.0318676723152 -63.5470202734293,59.0290646727491 -63.5428432761891,59.0233086733313 -63.5381972782874,59.0221936735352 -63.535825277933,59.0216256736038 -63.5304292803527,59.0233876732754 -63.5247352826747,59.0415916715661 -63.5151092858847,59.0485566704301 -63.5053032900573,59.0594026687607 -63.482336298678,59.0666576671538 -63.451423311511,59.0726706666529 -63.4448443155841,59.0709886668705 -63.4441823155571,59.0661816666462 -63.4398333176839,59.0643006669876 -63.4287313220584,59.0643896669348 -63.4227573256001,59.0686486663965 -63.4119433290317,59.071941666091 -63.4121663283992,59.0765116656383 -63.3964053347743,59.0902396641842 -63.3939303362692,59.0912196634357 -63.3891573384196,59.0931176632196 -63.3755193427829,59.0904246631408 -63.3594783495898,59.0913546630896 -63.3524563534325,59.0896566629227 -63.3378203601076,59.0892376626347 -63.3344733612883,59.085078663128 -63.3300603629861,59.0845686632497 -63.3204923677423,59.0892326626624 -63.3062403730754,59.089953662236 -63.2898103821256,59.0812726625763 -63.2969263802786,59.0637816645309 -63.2901243825641,59.057976665478 -63.2829923865222,59.0585626651785 -63.2730003888989,59.0714506637152 -63.2652553933935,59.0752216627582 -63.2559733961948,59.0744056629046 -63.242299402471,59.0681156635063 -63.2390694039979,59.0666276629021 -63.2320884076824,59.056019663921 -63.2277624107643,59.053902664567 -63.1960464241994,59.0495596643876 -63.1778414316816,59.0497506636881 -63.1621094384656,59.0534026636589 -63.1425724476787,59.053570662642 -63.1351484500811,59.0513996632609 -63.1296164523787,59.047207663247 -63.1260394555203,59.0398416638581 -63.1302734531898,59.0355686645759 -63.1421414493172,59.0295726657869 -63.1589634416145,59.0300566654402 -63.1900104286051,59.0218316674284 -63.1984674253787,59.0212716670303 -63.2025584242817,59.0222816671345 -63.2142204184468,59.0251586676637 -63.2265744120985,59.0262496674149 -63.2399284067038,59.0252916676159 -63.2905383850224,59.0326276678973 -63.3390543632065,59.029179669248 -63.3498853598162,59.0254406694263 -63.3508813589462,59.0231666701245 -63.3466233617468,59.0196846697662 -63.323541370844,59.0202876699228 -63.2980653831406,59.0155986695939 -63.2811983886319,59.0160526694087 -63.2724463933687,59.0138736697166 -63.2573423999026,59.0145756689652 -63.2271924140825,59.0063776696887 -63.2173344189666,59.0000686695275 -63.2247764165176,58.9935526705747 -63.2741183956104,58.9732366737514 -63.2785353938462,58.9648436744604 -63.2904933896881,58.9561046753002 -63.3017003847851,58.9532926762109 -63.3104593813184,58.9463276770245 -63.3104333828593,58.9381036780966 -63.3039343853932,58.9355016782747 -63.2933003902642,58.9358106773833 -63.2753553968267,58.9408156768594 -63.263778402546,58.9422536764986 -63.2587874034646,58.9446946761985 -63.2512714067778,58.9530446752869 -63.2485064083964,58.9635086739018 -63.237689412331,58.9672396736976 -63.2270904161006,58.9750826729159 -63.1858374334298,58.984534670606 -63.1760794380293,58.9848486706333 -63.1695954406682,58.9820106712654 -63.16658244198,58.9723706718772 -63.1600714449879,58.9699896713924 -63.1587704464164,58.9615166729136 -63.1621804448031,58.9558556730115 -63.1586174469187,58.9482656742269 -63.1653624451942,58.9463116744649 -63.2135904235266,58.9461056748269 -63.230898417394,58.9367596764809 -63.234209416191,58.9326946771886 -63.2263404186302,58.9309856769304 -63.205730427419,58.935943676601 -63.1742324407516,58.9377636753747 -63.1667714441315,58.9367366757323 -63.1625254464151,58.9334726760896 -63.1724454430851,58.9219746771811 -63.1699294438459,58.9194226775712 -63.1610614483841,58.9199756767695 -63.1509894527899,58.9182276771919 -63.1369944586234,58.9234996768394 -63.1385244577469,58.9198686764479 -63.1403214576031,58.9190106765305 -63.1589504498006,58.9101216780629 -63.1744974427188,58.9087526787356 -63.1815174402941,58.901546679423 -63.1917594357397,58.9001006798877 -63.2009794327132,58.8929226805096 -63.2100624299417,58.8800366826027 -63.2301524208134,58.8675346836688 -63.275567401319,58.8684076845977 -63.2885333973895,58.8651666851643 -63.3251623812625,58.8652076854642 -63.3285223803894,58.8638886857419 -63.3364163763908,58.8607936862748 -63.3357943763235,58.8555306868703 -63.3292593800128,58.8538436867021 -63.3194703840562,58.855536686628 -63.3042863911903,58.8505326869217 -63.2958283941407,58.8520126864193 -63.2877003981514,58.8555566859545 -63.2693164050101,58.8527906859759 -63.25784241137,58.852851685379 -63.2462134157249,58.8558856848241 -63.2294864238545,58.8551906847441 -63.2195784264556,58.8589286847956 -63.2102824305873,58.8594776844055 -63.2015234350343,58.8582076841477 -63.1977164371315,58.8551866842047 -63.2011364352846,58.8490686845618 -63.1959934371181,58.8462526855775 -63.1862964425321,58.8461076855472 -63.1788454437607,58.853309684374 -63.1672654483528,58.8714106822027 -63.1590374523955,58.8765416818247 -63.1518114556348,58.8758916811012 -63.1438274583866,58.8722036813086 -63.1425204596577,58.8639606825961 -63.1509354558805,58.8554046835276 -63.1472104587916,58.8510096836018 -63.1589814540439,58.8454706847115 -63.1692554503265,58.8351216862507 -63.1662414527087,58.8257106872722 -63.1776604476029,58.810344688789 -63.1705494524946,58.8033876892922 -63.1786154485082,58.7927706905675 -63.1807484481469,58.7859506907842 -63.1805474499775,58.7653896932554 -63.1772674513772,58.7609976939628 -63.1711094545361,58.7609056936101 -63.1651414573274,58.7653886928822 -63.1668924552182,58.7736356928134 -63.162081455784,58.7810976916723 -63.1701934522336,58.793784690313 -63.1642134554702,58.798496689864 -63.1616954554343,58.8041686890813 -63.1655474522084,58.8142776883125 -63.1605054560876,58.8178556874873 -63.1529004579982,58.8197976871076 -63.1445414616304,58.8298826864682 -63.1340044642263,58.8425866847406 -63.1163654717751,58.8425496844756 -63.1051264766305,58.8540296832421 -63.116074471702,58.863331681747 -63.1105124730055,58.8680416812454 -63.1078554744118,58.8759966809275 -63.094814479462,58.880138680453 -63.0929954793973,58.8887906793394 -63.0852604830297,58.8927846788489 -63.0760964874361,58.8908116785684 -63.062439491336,58.9054486762752 -63.0572504930051,58.9030726771361 -63.0593394942539,58.9009096770984 -63.0641094906352,58.895964677967 -63.0581784949246,58.8934446782223 -63.0565354958428,58.8914466781515 -63.0539324953585,58.8918806781715 -63.0509804974622,58.8923736780751 -63.0475614989649,58.891539677947 -63.0408535007379,58.8960816774676 -63.038004503764,58.8980096770063 -63.0293075066716,58.8958146768631 -63.0249375085636,58.8963806767111 -63.021638510367,58.8934196776998 -63.0188455113044,58.8909156779443 -63.0170605131186,58.8893116774655 -63.0158505138017,58.8882246776322 -62.9979355214994,58.8838196776048 -62.9945005218858,58.8804726784178 -62.9969385219379,58.8789396784371 -63.0027715191014,58.8785126786346 -63.0040095180054,58.876081678801 -63.0077765173226,58.8778496790263 -63.0164845129603,58.8773186786454 -63.0198545119951,58.8771136785114 -63.0337665065103,58.8743916796829 -63.0504834982684,58.8707966802801 -63.0658424928475,58.8669526811546 -63.0664444923742,58.8630896815778 -63.0607464951737,58.8603546814176 -63.058763496573,58.8605226817672 -63.0539594978402,58.8609296815369 -63.0428525031253,58.8643096810245 -63.0302525087149,58.8650386804245 -63.0293355081961,58.86521368053 -63.0232905114529,58.8663716806059 -63.0214825127079,58.8667176798347 -63.0101845166439,58.8614106802043 -63.0052135190718,58.860271680248 -63.0040785194147,58.8584526804435 -63.0018325210581,58.8548526807003 -62.9984065235138,58.8555456807531 -62.9898585272779,58.8529696810897 -62.9774345316328,58.8555526802008 -62.968477534672,58.8528556806901 -62.9746135335665,58.8511266807678 -62.9768815324416,58.8492726807978 -62.9807995308253,58.8460666816189 -62.9817425308715,58.8406266822076 -62.9793725325921,58.8385576821839 -62.9770215331067,58.839000682685 -62.9769495331021,58.8317376825985 -62.9705495371076,58.8283276831243 -62.9690585366817,58.8275346831212 -62.9620235406312,58.8313736828179 -62.9486835451812,58.8322956826647 -62.9458855470892,58.8303826831403 -62.9405425498,58.8313626821962 -62.9320065527102,58.8287806826696 -62.9217745563937,58.8303136822603 -62.916976560393,58.8257336826067 -62.9183605586014,58.8241806825368 -62.913916561028,58.8217916829907 -62.9088245632252,58.8222856831556 -62.9036085663593,58.8203726828906 -62.9053765641411,58.81795368326 -62.9075505642064,58.8175506829995 -62.9103975628589,58.8170226830856 -62.9130585625971,58.809982683865 -62.9107805634305,58.8068206846751 -62.909500563186,58.8059446846086 -62.9065885658642,58.8039486843866 -62.9061365655139,58.8003336852599 -62.9018865684346,58.799534684711 -62.8979415691371,58.800215684965 -62.8999595692225,58.7946496853111 -62.9023785673407,58.7879706862744 -62.8988725705169,58.784455686235 -62.9014175694426,58.7844276865219 -62.9072905672764,58.7843616864496 -62.9162085629478,58.7832946871159 -62.9208435605689,58.7791896870953 -62.9211085608471,58.7748356882259 -62.9212185611375,58.7730276880338 -62.9211935611449,58.7728726878674 -62.9174395637721,58.7499876901278 -62.9172395638672,58.7487596908291 -62.9179635649677,58.7480126904073 -62.92354856295,58.7422666914102 -62.9259195614039,58.7398256912691 -62.9246185614695,58.7353686922069 -62.924001561705,58.7332476924512 -62.9234355622721,58.7313116928007 -62.9211975644839,58.7249576935474 -62.9211985653768,58.724955692982 -62.9400895547204,58.7323566927809 -62.948982551606,58.7306776929702 -62.9630145462513,58.7240556941313 -62.966458544766,58.717945694845 -62.9718925430738,58.7152936951621 -62.9833165379592,58.7121656956056 -62.9852975370495,58.711631695203 -62.9923055351348,58.7119716955014 -63.0151685246285,58.7191966957251 -63.0261055201943,58.7200576955393 -63.0355415163752,58.7165526958912 -63.0479295094192,58.715149696289 -63.0600565046001,58.7105486972545 -63.0633935048343,58.7060316973765 -63.0623265046832,58.701675697888 -63.0708815028675,58.6903876991409 -63.0735655021942,58.6742097014418 -63.0862214974507,58.6600157023495 -63.0832994997923,58.6574637030335 -63.0784625000989,58.6576077031545 -63.0617455080566,58.6660277019387 -63.0564785087086,58.6737147005168 -63.0585145070257,58.6840216999266 -63.0558165086768,58.6926576987094 -63.0500245098196,58.7017096979958 -63.0451705130638,58.70208769753 -63.0383995153488,58.6976396977965 -63.0318605186469,58.6968506984199 -62.9927115360712,58.6978156973335 -62.974873543387,58.6950116971149 -62.9643125473699,58.6952936968385 -62.9466115552881,58.6975136968104 -62.8932445767468,58.7080346946294 -62.8840345808885,58.7147286936139 -62.8777595842367,58.7166786934048 -62.8748375855184,58.7072626940884 -62.8644505904684,58.7047996942443 -62.8603945919292,58.6994746948507 -62.8540445950141,58.695705695516 -62.8522735960431,58.689053695738 -62.8544065961109,58.6831466964704 -62.8461276000746,58.6683846982217 -62.8468306007396,58.6642806985146 -62.85344359668,58.6614646986927 -62.8576575951829,58.6596686986018 -62.8548905965649,58.6548276997213 -62.8581485958207,58.6519116997422 -62.8579995967355,58.647342699915 -62.8710305910806,58.6354597012489 -62.916494573402,58.6234447038565 -62.9253915687401,58.6142267046547 -62.9248045696602,58.6094217049279 -62.9219005713462,58.6068617051726 -62.9154065734871,58.6056067058706 -62.9046215795198,58.5958287069302 -62.9074135791297,58.5931367070979 -62.9346435680105,58.5846827083538 -62.9575815574687,58.581870708995 -62.9635925554764,58.5785597093135 -62.9684505529637,58.5758857099419 -62.9696785528103,58.5699647106292 -62.9738755519086,58.5656977110064 -62.9866455459216,58.5643037106853 -62.9893655457511,58.5627477114256 -62.9883675462166,58.5574797117522 -62.9910985451784,58.5556977125764 -63.0059835385425,58.5554847123449 -63.0170795336092,58.5526967128361 -63.0209585319438,58.5536737131721 -63.0306245283592,58.5529137129813 -63.0414075234792,58.5555987126209 -63.0506115202519,58.5552907130549 -63.0687875114328,58.5510097137288 -63.0769395088474,58.5461127142743 -63.0870145044758,58.5458137147209 -63.1036174981835,58.5383037163267 -63.1127894949986,58.5149197180777 -63.1159384935109,58.513370718609 -63.120115492767,58.5135437193694 -63.124655490326,58.5137327188708 -63.1357634848888,58.5182427190414 -63.1514164793619,58.5196237185882 -63.1550344777244,58.5173917192739 -63.1513444791955,58.5129977198478 -63.1592274762293,58.5046657210203 -63.1695674730079,58.4991047212421 -63.1849264651074,58.4977377217859 -63.2140894532915,58.491316723061 -63.2281434476141,58.4896977231858 -63.2782624254981,58.4913287236675 -63.2886044215506,58.4939887238073 -63.2984184164248,58.5071447232506 -63.3039524143523,58.509959722583 -63.3054124136696,58.507010722858 -63.3014504160181,58.4961867238891 -63.3000394161911,58.4923207241306 -63.3042874151974,58.4859847251786 -63.3118304132645,58.4835777253235 -63.3192304094086,58.4839087255568 -63.3421003992609,58.4892467258755 -63.3855843802802,58.4928017259268 -63.4093293695525,58.4983677255948 -63.4216973631853,58.5046967251192 -63.4371223558572,58.5297897232159 -63.4421853514741,58.5431017216203 -63.4533253474055,58.548041721087 -63.4551593464338,58.54623772098 -63.4443953522609,58.5237167237381 -63.432204360389,58.5041467253737 -63.4310623601116,58.500476725615 -63.4356933588079,58.4948277263445 -63.4547053515284,58.4895897273867 -63.464966345533,58.4846957283349 -63.4763723411001,58.4834707287916 -63.4871683369007,58.4762997294295 -63.5132723271224,58.4681707310673 -63.5255723218472,58.4662667316015 -63.5331393191573,58.462704732348 -63.5332113184236,58.4611047323184 -63.5253783221563,58.4607817318229 -63.4985583333639,58.4654767311879 -63.4524433525334,58.4817967281377 -63.4269803621941,58.487402727013 -63.4097473695756,58.4894677261479 -63.4046443720871,58.4866607273418 -63.3526683955552,58.4784277266195 -63.3281984068558,58.4703257269626 -63.3239644086456,58.4677617273342 -63.3228794091785,58.4631737282937 -63.3294144058464,58.4545867287772 -63.3571803955145,58.4396597306781 -63.36716239192,58.4315717316295 -63.37558938958,58.4284907323409 -63.3894993836424,58.4199937337448 -63.3931813811206,58.4159357341024 -63.3964253802237,58.4118647344217 -63.3972603813265,58.4034277356288 -63.4109623759735,58.3899037368989 -63.4250893702599,58.3817027380048 -63.4275103692508,58.3802977389909 -63.4545093591943,58.370368740318 -63.4932613429377,58.3598967422715 -63.5247283301647,58.346355743707 -63.5447443222587,58.3358647453506 -63.5505543213775,58.3220067469293 -63.5559503195645,58.317733748052 -63.5867603070708,58.3080477489582 -63.5925423046776,58.3046917496876 -63.5948943039856,58.3003847499321 -63.6010113015213,58.2890367511657 -63.5998203028828,58.286281752288 -63.5933163046685,58.2862067521184 -63.5880693074587,58.2870567515246 -63.5746863130041,58.2958027505815 -63.5537123218594,58.2989807493933 -63.539623327034,58.3036047492684 -63.5245073327971,58.3116447473817 -63.5035723404383,58.3333057453168 -63.4733363519649,58.3484567430581 -63.4241883727905,58.3583297408091 -63.4135653764696,58.3623007399812 -63.377750391633,58.383526737183 -63.3726373930656,58.3903077364608 -63.3637603959317,58.3938407355739 -63.3363784056919,58.4195067328683 -63.325233410005,58.4246027324187 -63.3183734129062,58.4311337316326 -63.2889834255173,58.4435167293493 -63.2869064252907,58.4501107287495 -63.2672054330912,58.4601107268077 -63.2373194456562,58.4644777266352 -63.223382451916,58.4640467261554 -63.2145434543436,58.4661977252598 -63.1917544638972,58.4681427247524 -63.1801634694749,58.4727667246365 -63.1713434737753,58.4744687240162 -63.156146479679,58.4730947234315 -63.1385404878867,58.4758007230922 -63.1328964888466,58.4752537234241 -63.1116784980456,58.4667317238228 -63.0915095086599,58.4586257245593 -63.0892535100515,58.4521947249236 -63.1030545033233,58.4393847266162 -63.1162404997617,58.4140137294676 -63.1498544875676,58.3967107317777 -63.1652604818355,58.3855257334464 -63.1720554797987,58.3726087348607 -63.168485481606,58.3661587356519 -63.1695424803306,58.3627467356891 -63.1666094816493,58.3606457361585 -63.1463454906748,58.3733597344086 -63.1258054981916,58.3906327321115 -63.108808504715,58.3988227307786 -63.0969485086038,58.4006917304832 -63.0965905106082,58.391544731689 -63.0950185106543,58.3885497316392 -63.092421512349,58.3882867321279 -63.0808055162826,58.4088947295562 -63.0781605162326,58.4248397280852 -63.0701435182399,58.4432137250906 -63.0616045205734,58.4476477249011 -63.0550025251806,58.448685724765 -63.0376025325352,58.4479477242409 -63.031610535045,58.4460297244376 -63.0298815356568,58.4382317248221 -63.0189435403016,58.4314267257482 -63.0196655419866,58.4191097273824 -63.014776542989,58.4133157278505 -63.0104635446725,58.4125597278897 -62.9984435510322,58.4169317271528 -62.9908165531133,58.4206887264601 -62.9831745569629,58.4319837250897 -62.9673335625279,58.4417697236111 -62.9461065709918,58.4466747231849 -62.9365555747194,58.4531357216513 -62.9272415770923,58.4628027210247 -62.923195578742,58.4718707198579 -62.9178765809933,58.47315271996 -62.9118465841089,58.471903720062 -62.9039735881595,58.4651457201885 -62.8975345912418,58.4634367205568 -62.88915459494,58.4648927197478 -62.8799835985763,58.472046719047 -62.8660326029371,58.4718017190478 -62.8398936150009,58.4779707177781 -62.8390766140195,58.4770167179306 -62.8297356203062,58.4661367192115 -62.8208206232467,58.46232971878 -62.8199406222109,58.4760177177526 -62.8156646245671,58.4814227173898 -62.8162706243439,58.4855467165798 -62.8082666269624,58.4945417149887 -62.8029466297442,58.4958167151537 -62.7850596377172,58.4888657161158 -62.784917637034,58.4842997164467 -62.7907606360759,58.475036717189 -62.7918796355413,58.4645507185806 -62.7987816333328,58.4523357198866 -62.7963736344755,58.449093719758 -62.7894046378033,58.4489677202501 -62.7820346413742,58.4550017196013 -62.771489643757,58.4760617170439 -62.7721066431745,58.4796337163285 -62.7655236463812,58.4871447156095 -62.7502726522629,58.4932647148802 -62.7396836568665,58.4948967141129 -62.7367646581799,58.4927857150674 -62.7390736572105,58.484374715667 -62.7272706626186,58.4846157149835 -62.7182996666657,58.4817007153718 -62.7009516737594,58.4864087148312 -62.6895996786818,58.486426714642 -62.675398683768,58.4834137144448 -62.6644496892519,58.4838957140714 -62.6492386944993,58.495483713004 -62.6339807010899,58.5013587120512 -62.631085701765,58.4990227121289 -62.6321967028052,58.4956137127469 -62.6207477074615,58.4969907116992 -62.6094517111656,58.4960867122541 -62.5980437165878,58.4939687123003 -62.5805707251371,58.490722711753 -62.5695137302949,58.4866257121213 -62.5611227341909,58.4757157136083 -62.5749557290757,58.4593127152109 -62.5842847258424,58.4569817161319 -62.5984817192285,58.4474327172255 -62.6004667189603,58.4440467173557 -62.5957377221925,58.4368707180215 -62.5983027214852,58.4314427184972 -62.5919157239697,58.429256718769 -62.5849367260126,58.4293477185013 -62.5837597282212,58.4274977189434 -62.5908727242585,58.425582719257 -62.617730713361,58.427933719639 -62.6425497025146,58.4220167208259 -62.6449667019522,58.4199407212138 -62.6467177008576,58.4184427211007 -62.6457607018122,58.4133957212129 -62.6490517006374,58.4036327230424 -62.6570366970045,58.4015017231833 -62.6663866933297,58.4048797223346 -62.6885126836007,58.4062117227639 -62.7003826785103,58.4046097228407 -62.7080546760171,58.400638723446 -62.6969316816653,58.3976857239071 -62.669683691685,58.4012877231824 -62.6603626957927,58.3974527235205 -62.6525426996935,58.390903724377 -62.633385708538,58.3845937247071 -62.6192277141367,58.3754127252012 -62.620362715517,58.3653827259409 -62.6127337187167,58.3624917267799 -62.6266067143129,58.3506547276993 -62.6360797095666,58.345809728844 -62.6358017102766,58.3435217293634 -62.6192827173636,58.3434287290641 -62.6181237179826,58.3413507291628 -62.6219007159383,58.3370827295402 -62.6198867177356,58.3285907298264 -62.6278057146757,58.3209767314427 -62.609395723041,58.3107937320096 -62.6091407233971,58.3082767325506 -62.6256777177039,58.2953537337332 -62.6333187143376,58.2916107341607 -62.6455477091592,58.2968717339412 -62.6738906972068,58.2951317344805 -62.6830276932982,58.2874267360881 -62.6844846928422,58.2861947359028 -62.6829826943622,58.2827417360224 -62.685258692415,58.2811857362559 -62.6999366867472,58.282374736317 -62.7065736836351,58.2804457364502 -62.7076436828009,58.2774927367743 -62.6989896877287,58.2707057375117 -62.7003606879306,58.263195738392 -62.6976176882613,58.2588007385113 -62.7021026865324,58.2565997386752 -62.7113096829266,58.2551767390169 -62.7513706660636,58.2593457393814 -62.803645642867,58.2625887402535 -62.812113640268,58.2590827411097 -62.8242686353006,58.2588427412509 -62.8345236294632,58.2613107406557 -62.8594226191463,58.2585527418289 -62.867044617119,58.2545747420337 -62.8726706145141,58.24761174277 -62.8817776116175,58.2338177445389 -62.8821586110801,58.227660745471 -62.8911456081989,58.2154767469078 -62.9050826036828,58.2072677474641 -62.9274355939835,58.2028537489476 -62.9521495835387,58.1950497502814 -62.9531265840516,58.1932377498872 -62.9471535866861,58.1917687508049 -62.9401965894272,58.1923337499631 -62.9239035963285,58.1968537496472 -62.9197995970766,58.2002107489979 -62.9132406007683,58.2012417484897 -62.9140795995084,58.1946337495346 -62.90381360486,58.192626749635 -62.9011366062928,58.186866749751 -62.8946926088194,58.1860737499894 -62.8915526106405,58.1904267499367 -62.8838006130101,58.201187747922 -62.8742486161722,58.2085577475858 -62.8676446172293,58.2242047455237 -62.8601896215773,58.2325207442575 -62.8534356241047,58.2433707431339 -62.8492826249063,58.2474097422187 -62.8421786274186,58.2500267420776 -62.8308016323609,58.2516477421922 -62.829126632742,58.2507067420115 -62.832016632727,58.2461897427017 -62.822385635683,58.2476157417398 -62.8002176451737,58.2417327425639 -62.7897526498686,58.2426877418943 -62.7724006569343,58.2494547410742 -62.7649946606821,58.2500047411739 -62.7512716667886,58.247696741157 -62.7343136744674,58.242691741304 -62.7232036796814,58.2394067414664 -62.7010586880853,58.2399057404095 -62.6769186977696,58.2506407395577 -62.6678187007367,58.2632607374471 -62.6615637034902,58.2658847373365 -62.6515527086114,58.266376737311 -62.6478747091219,58.2631077372642 -62.65115470786,58.2595137377318 -62.6491217093644,58.2512517384062 -62.6415327123484,58.2481307391991 -62.6258957189216,58.2485157387899 -62.6230517207654,58.2457197391372 -62.6285497188592,58.2414867397503 -62.653603708003,58.2364877403062 -62.6552627073915,58.2312667413439 -62.6635187052668,58.2309657409556 -62.667539703014,58.2292177410356 -62.6673247040011,58.2260137421909 -62.6619637054553,58.2220267421992 -62.6553947088399,58.2230457415786 -62.6488517112602,58.2300007414238 -62.6383697155158,58.2311667405766 -62.6307097175232,58.2353627404185 -62.6264087206486,58.2348217405916 -62.6249177217682,58.2313687406067 -62.6291147202775,58.2271037408396 -62.6239957232285,58.2196967418438 -62.6214267239841,58.2191887418005 -62.613358726451,58.2354777400929 -62.6145037251745,58.2439507393514 -62.6071557278954,58.2435837391297 -62.5917647343099,58.2343717399737 -62.5807357400926,58.2247847405617 -62.5886897367653,58.216488741817 -62.60134873254,58.215137742554 -62.5985267332384,58.2121137425758 -62.5873437381311,58.2109787422693 -62.5842687398154,58.2054367423953 -62.5870727388876,58.2025187428493 -62.5935307366844,58.2031057427925 -62.6048067314558,58.209038742842 -62.6259747212036,58.2099067427988 -62.6273637221651,58.2085647432631 -62.6228287237085,58.205283743534 -62.622583724035,58.196364743842 -62.6257167228961,58.1886597454325 -62.6233267243547,58.185645745616 -62.6300797215002,58.1818887461814 -62.6436807164665,58.1791837470964 -62.6474067147155,58.1753737468111 -62.6434907167996,58.1693567476683 -62.6493287135412,58.1662717481766 -62.6584347104355,58.1659897479242 -62.6674167070311,58.161136748811 -62.691502696332,58.1631967491934 -62.7128576886804,58.1672517487877 -62.7185376851853,58.1670737492933 -62.7262966819277,58.1668207493484 -62.7338116788787,58.1644487495437 -62.7479026736887,58.1672217494985 -62.7691536641523,58.1664697499239 -62.7848406570322,58.1713257497597 -62.7986546510598,58.1718057503235 -62.8284926384088,58.165260750896 -62.8550206273748,58.1629917519956 -62.8635496229688,58.164969751842 -62.8705196203971,58.1641777518909 -62.8873606131301,58.1576187528498 -62.9018156082413,58.1546747539126 -62.9348245946433,58.1522747542995 -62.9421675909516,58.1521197546434 -62.9781115754982,58.1514017553703 -63.0656875380076,58.1548887557605 -63.0560355422829,58.1497077563108 -63.0705725373135,58.1449167577504 -63.069394537661,58.1428447581256 -63.0534695452977,58.1416737573329 -63.0450255480559,58.1381107573331 -63.011910562964,58.1352877578747 -63.0077535648146,58.1324777578454 -63.0285975558519,58.1232297589401 -63.0323645549304,58.1102677605122 -63.036888553088,58.1066887613648 -63.0541725463409,58.1007807613847 -63.0738765388531,58.094036763425 -63.0858345336269,58.0962837632477 -63.1058385255914,58.0858617642728 -63.1357005134631,58.0842747652032 -63.1459995086494,58.0853467654908 -63.1675415000297,58.0779077668636 -63.196402488926,58.0623597692106 -63.2081234835501,58.0609357692745 -63.2152684808104,58.0562447690777 -63.2332314724002,58.0590207698126 -63.25653646368,58.058677770473 -63.2549014644347,58.0568277707619 -63.2327124733361,58.052390770204 -63.212060482686,58.051627769964 -63.1943314899314,58.0445137708373 -63.1835544954465,58.0445777705945 -63.1563375060172,58.0537607684886 -63.1389025125524,58.0651367677059 -63.1327925143536,58.0664137672463 -63.1299045158094,58.0640827673612 -63.133093515147,58.0609357677754 -63.1459615110199,58.0542837684662 -63.1496135088598,58.0504577688844 -63.1473755113317,58.0440297698632 -63.1501075098168,58.0333367712935 -63.1468665112252,58.0237817721186 -63.1452785131484,58.0191037726236 -63.1463145132696,58.0159237725377 -63.1525805101114,58.011451773463 -63.1668185047644,58.0109827739528 -63.1816764988665,58.0068717745061 -63.208839486452,58.0061337750955 -63.2212064820141,58.0083737753208 -63.2514414688923,58.0065347753441 -63.2897824531396,57.9974937772595 -63.3082214467682,57.9902197785491 -63.3248084387429,57.9854307788663 -63.3447724308961,57.9818307797515 -63.3481474297042,57.9803697806267 -63.3509254283859,57.9791727804809 -63.3499414295095,57.9727637810341 -63.3462614316806,57.9688297812221 -63.3372044348476,57.9693917809885 -63.3236244403276,57.9744527807127 -63.3098274459421,57.9751697803518 -63.3010244496935,57.9791527798784 -63.2893384551153,57.9805907792751 -63.272702461868,57.9862857782891 -63.2426464735247,57.9933927765445 -63.2292794792196,57.9938777765615 -63.2100824879301,57.9906237765093 -63.1992954918855,57.9911497764562 -63.172833502894,57.9950857754771 -63.1614935076777,57.9898907760314 -63.1324365198436,57.994011775219 -63.1254045234521,57.9966437743147 -63.1122915270465,58.0080837729131 -63.1083565286577,58.016929772406 -63.1102135264249,58.0379717696235 -63.1077325275032,58.0438687693035 -63.0986725305333,58.0517197682113 -63.0919315333281,58.0643997666597 -63.0866105346705,58.0670577661483 -63.0753795400185,58.0673337660098 -63.0653245445094,58.0696917656439 -63.0385905556874,58.069488764895 -62.9956955717078,58.0802047631641 -62.9814825770858,58.0943567614935 -62.9733415798026,58.1079247598412 -62.9674625821428,58.1123917593889 -62.9479725905253,58.1205177576431 -62.9280645991311,58.1210897577743 -62.8833996169448,58.1308247555184 -62.8739706208562,58.1295207556099 -62.864575625617,58.1323767549307 -62.8611946271626,58.1334077553805 -62.8322176390744,58.13380375493 -62.8285346405215,58.1305427548783 -62.8300306408962,58.1273697551262 -62.8436246347419,58.1173327568341 -62.8532476301188,58.1154477568206 -62.8555626296785,58.1129807573324 -62.8522806325012,58.1101797576397 -62.8454226348069,58.1093667579398 -62.8293166412278,58.1113707569103 -62.8213466451827,58.1144187562998 -62.8113446490792,58.1222377551863 -62.7997296529354,58.1281967542573 -62.7865916578566,58.1309247542418 -62.7591136709068,58.1215137548948 -62.7568276728917,58.1102797559728 -62.7470076767234,58.1084967564191 -62.7471396760995,58.1130677553821 -62.7343156810227,58.1306497529668 -62.7279706833255,58.135097752293 -62.7205096861388,58.1367877519724 -62.6993126952539,58.137073752203 -62.6906446991334,58.1309707524091 -62.6778677043658,58.1282117524337 -62.6612157128282,58.1125867538054 -62.652599716452,58.1121947535308 -62.636409723515,58.1214757525775 -62.6277277259763,58.134555750898 -62.6200617283289,58.1392017507583 -62.6143847311556,58.1400027508471 -62.5994007375234,58.1378827498772 -62.5966817381306,58.1396567501749 -62.5934997387493,58.1542197486442 -62.5890377412788,58.1561857485515 -62.5774557451026,58.1548117483216 -62.5734047472493,58.1631817474197 -62.5663937501545,58.1644097464332 -62.5639987508132,58.1616247467344 -62.5690617490474,58.1512147480829 -62.5626207521099,58.1444667487894 -62.5730997477286,58.1369097500859 -62.5708987500206,58.1313777509083 -62.5803817468751,58.1256257509715 -62.572934749744,58.1209097519738 -62.5640347537482,58.1184507521433 -62.5546317577074,58.1109477523297 -62.5478937600283,58.1085327526965 -62.5396667643677,58.108817752581 -62.5285387684096,58.1133917519872 -62.5233477707009,58.1194527510324 -62.5277007679429,58.1250277504306 -62.535752764643,58.1272427499955 -62.5341967651649,58.1308667503467 -62.5418187601251,58.1632347461544 -62.5357997626321,58.174765745079 -62.5318127645027,58.1760557447882 -62.5247127675701,58.1724857459155 -62.5182627703112,58.171897745091 -62.5054847761287,58.1750637447701 -62.4987707789778,58.1721847448144 -62.4849757844837,58.1714447444461 -62.473696789353,58.1659557452392 -62.4579267958988,58.1685987451999 -62.4497317995997,58.1681977442616 -62.44513080186,58.16604574492 -62.4486118011639,58.1556017459865 -62.4495928005027,58.1526607463896 -62.4587147971047,58.1462207474409 -62.4610687958387,58.1378137480435 -62.476260789503,58.1310547490797 -62.4828727875211,58.1234217499297 -62.5015127805265,58.1167227508039 -62.5163617750667,58.1085737522669 -62.5233697709625,58.101176753168 -62.5155047760701,58.084568754911 -62.5048567810601,58.0765837551275 -62.5030347831001,58.0719747558438 -62.5065177807476,58.0656507566957 -62.5150807772215,58.0605707569127 -62.5300337719716,58.0565377575555 -62.531490771585,58.0550237584843 -62.532830770709,58.0536237586002 -62.5318367714089,58.0494877592147 -62.5224177749367,58.0545577579335 -62.5041777827809,58.0562367581273 -62.4929137866359,58.0628587565034 -62.4905907872228,58.0710327561938 -62.5045297808268,58.0930247535545 -62.5029207801629,58.097332753162 -62.4925057853485,58.1039767527097 -62.483414787913,58.1042407522166 -62.4665707961381,58.0984077527301 -62.4603497988087,58.1007917523351 -62.4438278056241,58.1022757518675 -62.43632880828,58.1044007513334 -62.4274568124002,58.1016997512414 -62.4132438185796,58.1011727514895 -62.3958418263522,58.1028597509211 -62.3738678355729,58.1021577509272 -62.3688878380616,58.0995377504664 -62.37090383618,58.0956957514676 -62.3672868392272,58.0921937514706 -62.3723268367303,58.0884177520398 -62.3969148259791,58.088714752176 -62.4159268191697,58.0770107543485 -62.4169758196055,58.0745247541743 -62.4115258211321,58.072349754047 -62.3768168360719,58.0748057533827 -62.3727568373978,58.0745197540101 -62.3673768394456,58.0741417529473 -62.3666708396005,58.072075753551 -62.3708448385355,58.0682757538845 -62.3993958276968,58.0558667561988 -62.4003958270393,58.0483507569987 -62.4047538255339,58.0420457570506 -62.4034108258961,58.0369917580567 -62.3978818288001,58.0359577577496 -62.3921288306395,58.0378917574352 -62.379648835717,58.0376247576909 -62.3742758395242,58.0402487570643 -62.3698938406521,58.0524907557842 -62.3653788414201,58.0551377559249 -62.3506818479783,58.0555037555983 -62.3420258516726,58.0614817542808 -62.3372708523767,58.0616117545065 -62.3320118566384,58.0571517547008 -62.3307458559261,58.0511827556719 -62.3241938597551,58.0466957560335 -62.3128568654685,58.0427927559819 -62.311722866164,58.040709756179 -62.3141758646965,58.0368797566607 -62.3107108652942,58.031547757459 -62.3199418629756,58.0237497584644 -62.3167808645948,58.0200307589941 -62.3213148625909,58.0171597587273 -62.345368851741,58.0181467592598 -62.3529618488409,58.0146557593212 -62.3536888491322,58.0107887597286 -62.3613838463376,58.0059287610075 -62.3660728446753,57.9952937624817 -62.378682839526,57.9880287630191 -62.3847178369858,57.9879307632934 -62.3938958321541,57.9917787631061 -62.4012348296499,57.9914787631905 -62.413289825006,57.9857967633248 -62.4343608160392,57.9860157636524 -62.4534198080105,57.9902957640486 -62.4635168038576,57.991283764463 -62.4653868028372,57.9914627636746 -62.4757867983497,57.9905397642713 -62.49926178805,57.993309764372 -62.5373557728991,57.99043376536 -62.5753987567556,57.9820627667657 -62.5938927495223,57.9760357675879 -62.6117597420261,57.9603997698315 -62.6247657370763,57.9526597706886 -62.6404437300302,57.9497687714481 -62.6683417187445,57.9505347719878 -62.6696607195508,57.9437107725651 -62.6751987177874,57.9381077731837 -62.6784047163515,57.9288027744599 -62.6742957179491,57.9259807741208 -62.6739137190626,57.9188927756654 -62.663876722433,57.9212107744712 -62.6609337241806,57.9266357743003 -62.6497507275611,57.9330407736386 -62.6436427296533,57.9406927725937 -62.6357887342099,57.9391977724465 -62.6249757386493,57.9371307730654 -62.6145147426331,57.9392097723365 -62.6003817482377,57.9446417711558 -62.5604937644497,57.9676047679391 -62.5338467746954,57.9672887676915 -62.5067357870506,57.9733617666146 -62.4986547894907,57.9720497663266 -62.4907907943721,57.9677737668333 -62.4710158017842,57.9675947669381 -62.4557168086419,57.9649887668233 -62.4459328131788,57.9577067671181 -62.4374258165676,57.9563787674537 -62.4254698211771,57.9552117674057 -62.4250718214628,57.9490357678362 -62.4299718211008,57.9352007700616 -62.4244898229002,57.9280057704788 -62.4260758235638,57.9125057717211 -62.4223178266119,57.8879807742596 -62.4173608293276,57.8796467755667 -62.4184748289184,57.8762487755785 -62.4374818212775,57.8629487776528 -62.4373068216589,57.859519777839 -62.4293088246972,57.8575177783475 -62.4151058312824,57.8581287776685 -62.4063028352463,57.8611387773819 -62.3924268398587,57.8745457754071 -62.3921488396175,57.8781957752541 -62.4048018338574,57.892631773656 -62.4068778323003,57.8993027726076 -62.4004458349591,57.910587771849 -62.3882618398025,57.9240377703994 -62.394521836502,57.9378747687852 -62.3927868354953,57.9437787683904 -62.374181843343,57.9566267664412 -62.3550198501706,57.9653467651555 -62.3489958524618,57.9709277643449 -62.3436878551406,57.9728707641961 -62.3308328612102,57.9721307636339 -62.3305068606281,57.9707537643832 -62.3443168556448,57.9646607649482 -62.3446878552482,57.9598697659506 -62.3401478583894,57.951775766654 -62.3287828626023,57.948555766153 -62.3264708641948,57.9450757674197 -62.3359018609352,57.9343177678126 -62.3249178658132,57.9096297707859 -62.3353938622788,57.901863771859 -62.3551698550113,57.8937117734113 -62.3580118532145,57.8925327728166 -62.3582558537907,57.8893437737277 -62.3556998557918,57.8890577733164 -62.3481878582143,57.891863772741 -62.3299198660757,57.8948897721422 -62.3062808745069,57.9062467705596 -62.3038048745976,57.9269827690133 -62.2910418796888,57.9417757663623 -62.2669868891375,57.941467766727 -62.2644178909212,57.935925766854 -62.2405319016542,57.9228167684362 -62.2277879069363,57.9209297675293 -62.227433908128,57.9147677684791 -62.2272499079694,57.9115447687591 -62.2213569097912,57.9100457690786 -62.2208589110041,57.9002077701116 -62.2150609137044,57.8975597698643 -62.2086169154491,57.9028967695914 -62.2147499124727,57.917430768402 -62.2044339156549,57.9334147665937 -62.1880929231062,57.9387517658002 -62.1745699290438,57.9464337644448 -62.168614929918,57.950862763932 -62.163852931431,57.9617197625334 -62.1649729315879,57.9638067623921 -62.1466689384858,57.9718317612844 -62.1436589403297,57.977015760558 -62.1320779438927,57.9765157605784 -62.1314289449631,57.9739877609104 -62.149289937833,57.9609257623335 -62.1426289419436,57.9582557625858 -62.1278899469086,57.9647677621011 -62.1228319490822,57.9635027618041 -62.1239449487521,57.9553037624362 -62.0931079631547,57.9383387637522 -62.087009965905,57.929058765065 -62.086826967391,57.9107747666364 -62.072987975359,57.8864517692453 -62.0742879742456,57.8812227696228 -62.0765559734648,57.8799947698487 -62.0859799691431,57.8748777706101 -62.0874909697244,57.8671457722666 -62.0849779708256,57.8664017720254 -62.0663769786289,57.8732647709732 -62.0541129821351,57.8811957697383 -62.0405009872302,57.8998307675549 -62.0355349896272,57.902678767595 -62.0273549935201,57.9029347670168 -62.0150379988712,57.8962407680977 -62.0102859999583,57.8965767673497 -62.0060360024577,57.901039767014 -62.0093020004438,57.9079777665811 -62.0072730019661,57.9115827656074 -62.0010140028049,57.9143987652889 -61.988951009084,57.9147877647595 -61.9790360123028,57.9101987653553 -61.9675010177097,57.919279764477 -61.9631280182575,57.920086764397 -61.9558730231936,57.9146497648726 -61.9463180272446,57.9157797642189 -61.9295940338623,57.91055676458 -61.9264780367869,57.8972257661929 -61.9514700261027,57.876830769076 -61.9582800239161,57.8676377697039 -61.9567510249146,57.8655387705243 -61.9534810257387,57.8636287702363 -61.9430050303941,57.8656497700496 -61.9239050386437,57.8729367688447 -61.9170140408048,57.8732187682243 -61.9111850442658,57.8760407680963 -61.897478049395,57.8756937686195 -61.8867120536158,57.87130276828 -61.8797630583139,57.8626777692872 -61.8724290613098,57.8535687701546 -61.8687680631216,57.8418207711072 -61.8740680598584,57.8401307717889 -61.8797560587602,57.834099772841 -61.8864480571073,57.8073117755464 -61.8908220548594,57.8014787763085 -61.9112340481024,57.7935487775986 -61.9228500428908,57.7929267775669 -61.9300900402413,57.7885407777926 -61.9390700361138,57.778942778998 -61.9470380333867,57.7759437798942 -61.9525690309171,57.7763137799178 -61.9608710271941,57.7792637791469 -61.9655820252716,57.7841787795368 -61.9639230257431,57.7884797791089 -61.9724200224822,57.7941787778279 -61.9774870192878,57.7949907784005 -61.9828520172404,57.7923857786991 -61.9883290153171,57.793430778303 -62.0079350056314,57.8044287777463 -62.0196140011755,57.8081437768681 -62.0289189972287,57.8145417772137 -62.0335819943314,57.8151137764764 -62.0432969898493,57.8116957773701 -62.0573209839806,57.8282597756319 -62.0557279846339,57.8318757748021 -62.0581619832608,57.8335357750738 -62.0629199824215,57.8329657751752 -62.0769529765817,57.8241657762451 -62.0922739693009,57.8254467766858 -62.0928929695796,57.8231767764407 -62.0837299738532,57.8199847774307 -62.0806379748043,57.8160257772356 -62.0836609734878,57.8106157777783 -62.0794669762632,57.8058397783492 -62.0754519780701,57.801277779376 -62.0772769762281,57.7999507791217 -62.1152369613803,57.8070307785974 -62.122978957298,57.8117837785972 -62.1323379523654,57.8229717774819 -62.1323919530904,57.8275427768522 -62.1290729547661,57.8313527761584 -62.1183339588728,57.8368107755331 -62.1143949592307,57.8428847749107 -62.0991809657794,57.8505177740927 -62.0896049689494,57.8623997728083 -62.0943429673801,57.8673137717592 -62.0981949647013,57.8674007718133 -62.1133929587611,57.8549687733472 -62.1263599539671,57.8488497740297 -62.1562319417664,57.8347317760268 -62.1600059406487,57.8304797771738 -62.1556379424544,57.8262637769898 -62.1394059493645,57.8203997775555 -62.1350799518945,57.8157277784176 -62.1396929502339,57.8117267788675 -62.1483419461468,57.8107837787484 -62.1476709461321,57.8084837792064 -62.1323429542781,57.8021817799166 -62.109601964585,57.7872477809922 -62.1013209678759,57.783847781192 -62.0949489709161,57.783240781379 -62.0824579753829,57.7822687811915 -62.0694339823953,57.7812537809708 -62.0400519936901,57.7894517798465 -62.0297809985571,57.7894287796483 -62.0230620001928,57.7878927799175 -62.0166570039538,57.782707779618 -62.0095970082552,57.7701957811655 -61.9905110155253,57.7582977824758 -61.9903440157303,57.7553207824106 -61.9977250136671,57.7491087836837 -61.9990090135906,57.7441107840763 -62.0090770088508,57.7413907845984 -62.0093510082864,57.7381977850481 -61.9837130198366,57.7380187848997 -61.9748750233894,57.7364277844279 -61.968407026909,57.7321507850604 -61.9635730291961,57.7249647852959 -61.9612150305959,57.7214627857928 -61.9517360340607,57.7125437869869 -61.9527330350296,57.7011377884791 -61.9652540295478,57.6897997892492 -61.9713380280261,57.6885837898284 -61.9901580198815,57.6931657899818 -61.9907820201629,57.6908947898208 -61.9720500282354,57.6803747908299 -61.9602450329836,57.67870779054 -61.9445050398097,57.6634567916217 -61.9329020441867,57.674129790905 -61.9231320489032,57.678452790453 -61.9141240525511,57.6789097896506 -61.9074350548974,57.6773687896458 -61.9035400567104,57.6742907903432 -61.9014490579798,57.6726417908886 -61.9013070574276,57.6694407911573 -61.9049180571786,57.6672477909933 -61.9199370502547,57.666259791876 -61.9141770525384,57.6590307919591 -61.9006960595862,57.6570857922149 -61.8936840627492,57.6543917924056 -61.8902380644895,57.6499647926378 -61.8948800613937,57.6457397932469 -61.9017500590989,57.6452287936678 -61.9037360580959,57.6420787934799 -61.8974750620704,57.6309537951429 -61.8910350652505,57.6266737953442 -61.8975970614177,57.6199867964314 -61.8993980614066,57.6092957970967 -61.9048650603103,57.6101197975389 -61.9116220561523,57.6155477964388 -61.9296010498189,57.6146397973915 -61.9409380437698,57.6165237970748 -61.9524320395798,57.6117897981191 -61.9500710401727,57.6082687987247 -61.9479080411774,57.6050497988546 -61.9501730409758,57.6035077987215 -61.9797260284981,57.6065367992108 -61.9870730256766,57.6053507994759 -62.0057480173949,57.5962188006398 -62.0090880169571,57.5969848004725 -62.0101250163653,57.5997547999411 -61.9977520196792,57.6099547988603 -61.9992360195878,57.6125107988168 -62.0047820174697,57.612414798977 -62.0212350101887,57.604366799849 -62.0308170078984,57.5968408011466 -62.048874999475,57.589741801789 -62.0740179891637,57.5844168025953 -62.0830669861496,57.5780108033829 -62.0885479839059,57.5786028037077 -62.0937339814389,57.582836802971 -62.0970099808754,57.5792628038792 -62.0961119807592,57.5746648043099 -62.0870139845895,57.5714798047707 -62.0855839855506,57.568248805114 -62.0923429826856,57.5585898061566 -62.0878009850173,57.5518528066346 -62.0940339837523,57.5449108071832 -62.0990469818014,57.5393288085416 -62.1088889784908,57.533398808815 -62.1203129731201,57.5288768101231 -62.1297759692162,57.5275078100165 -62.1405369643835,57.5206798110234 -62.1750129512197,57.5198978115868 -62.1869109456582,57.525200810755 -62.1988659391525,57.5350728100302 -62.2271609276616,57.5428128102688 -62.2657639111681,57.5384408107767 -62.2732789077164,57.53472981145 -62.2818359046275,57.53401281169 -62.2849479041724,57.5322538122446 -62.2757749078717,57.5245088127122 -62.2769979077189,57.5197388132975 -62.2872119045505,57.5140298140093 -62.295674901203,57.5034868155444 -62.3027018989547,57.5004458153871 -62.3059488968353,57.4913868168899 -62.3161828927886,57.4852188177985 -62.3277328891619,57.4729118193574 -62.3219938911272,57.4647908202093 -62.3239978913612,57.4607238207224 -62.3286768896339,57.4605988206812 -62.3366398864868,57.4562078210712 -62.3528528802723,57.4549678213921 -62.3494408822065,57.4496378218523 -62.359112877208,57.4450578228621 -62.3679488736153,57.4459388230218 -62.3775038692385,57.450725822096 -62.3965628613233,57.4602658215268 -62.4051828570768,57.4698178211857 -62.41530085276,57.4764328202351 -62.4248268481643,57.479606819984 -62.4357578439826,57.4809838202657 -62.4425638401417,57.474965820846 -62.4480528385484,57.4753078208073 -62.4585208342865,57.4830668205614 -62.4829978225167,57.4849558202635 -62.4900558205833,57.4871608197431 -62.4955468185137,57.4934468194741 -62.5093238116773,57.5026318186609 -62.5240348055589,57.5047678191569 -62.5343068007094,57.5036098193041 -62.5400817985461,57.5060128183504 -62.5456367956129,57.5116078177305 -62.5556347917319,57.5022208192938 -62.5481707959919,57.4936178203885 -62.5400857996384,57.4939068198669 -62.5366578003809,57.4883578207867 -62.523321806935,57.4848818209219 -62.5267388057182,57.4785628219093 -62.5249928070835,57.4732708222219 -62.5208928077446,57.4772948213905 -62.5157258100468,57.478332821055 -62.5048238150492,57.4765058215468 -62.4863988233249,57.4612748233488 -62.4853288233997,57.4585108234895 -62.4930478208568,57.4513638241267 -62.4907508218967,57.4478908245607 -62.477007828467,57.4562798231325 -62.4706058296968,57.4568288234943 -62.464338833191,57.4555548231428 -62.4596828347457,57.4495208241394 -62.440009844386,57.4461288237203 -62.4291398484684,57.4497798235497 -62.425396849176,57.4487838234673 -62.417026853338,57.4415248236207 -62.3968848627573,57.4330948246776 -62.39490786392,57.4255138253465 -62.3904538654544,57.4226768255569 -62.3695648742779,57.4187928253394 -62.3501098828955,57.4183618260308 -62.3320868898437,57.4213908246608 -62.2898629069891,57.435971822951 -62.2605369186854,57.4423838214827 -62.2489019235655,57.4393778213086 -62.2386579281285,57.4402848219125 -62.2282769323937,57.4375298214491 -62.2158139371174,57.4450048208706 -62.1982379442362,57.4633298179663 -62.1908409462671,57.4656678175669 -62.1752649535286,57.4641618182155 -62.1482249657183,57.4575808183522 -62.1431719679307,57.4569568182114 -62.1045529840426,57.4521948184562 -62.0905339890981,57.4525408176461 -62.0655840000244,57.4567298169328 -62.0588480030271,57.4561088172644 -62.0254360178626,57.4399798186004 -62.0074560247346,57.4370198178355 -61.955788047012,57.4265788186568 -61.9397680546798,57.4158908202264 -61.9278840594886,57.4112478195146 -61.8988160720039,57.4045608198722 -61.8873460776201,57.400149821116 -61.879364081207,57.394687820876 -61.8792010813716,57.3917128211301 -61.8870290789362,57.3846048223037 -61.885925079115,57.3827478226487 -61.8661740871353,57.3810928223583 -61.8558360907181,57.3783078229818 -61.8488990947745,57.3801798225028 -61.8374100996761,57.3807948220514 -61.8352080994589,57.3794258225058 -61.828193102605,57.3750658228497 -61.8127151092585,57.3730538225476 -61.8078131112837,57.3710938228511 -61.8045291137168,57.3653008233677 -61.8095761123637,57.3562938241881 -61.8154151089612,57.3525648250738 -61.829668103286,57.349284825735 -61.8449220971988,57.3490038257336 -61.8583250915779,57.3504988255975 -61.904182072882,57.3580938257044 -61.930192061484,57.3605888261491 -61.9320200607035,57.3590368258408 -61.9114950699254,57.3470848275341 -61.9059270725362,57.3478538265517 -61.8961190766268,57.3439438268529 -61.8922350782374,57.3437428269956 -61.8872830791368,57.3434868272684 -61.8717010878082,57.328460828832 -61.8788320841247,57.324305829077 -61.8822080841826,57.3195958297332 -61.8923470789199,57.3148348307731 -61.8926900790769,57.3109588305403 -61.8827960839455,57.3033918320686 -61.8855890830639,57.3004918314648 -61.8850280826088,57.2972788322275 -61.8715080885698,57.2925838327362 -61.8604830950899,57.2788168340384 -61.8654610914653,57.2750678346785 -61.8727810900905,57.2734298344394 -61.8787820876807,57.2676478354743 -61.8898300826906,57.2619938360958 -61.8954220805873,57.2655678359906 -61.9013740786488,57.2650348359465 -61.9103340751841,57.2590978368454 -61.9192320714882,57.258644837407 -61.9169850715234,57.2553868374112 -61.920633071287,57.252284837859 -61.9352980644638,57.2485498382134 -61.948855059561,57.2429588398404 -61.9539440575373,57.2426308391642 -61.9729630486636,57.2469978394116 -61.999437037623,57.2481238393051 -62.0326640233536,57.259232838402 -62.0415010199981,57.2594528386447 -62.0398970216042,57.2534728392613 -62.024363027279,57.2476038397205 -62.0233520280872,57.2446098404755 -62.0266030265379,57.2410358405799 -62.0173160307263,57.2261848423387 -62.0081420349494,57.2250408422257 -62.0054040366863,57.2261768417113 -61.9972200408516,57.2295638413585 -61.9899730432578,57.2305218413911 -61.9554780567402,57.2248498414042 -61.954831057032,57.2225508419841 -61.9592910557108,57.2196928422967 -61.9717830515824,57.216586842744 -61.980665047666,57.2161268432553 -61.9834060457879,57.213679842919 -61.9818980475751,57.2115898432987 -61.9714640513471,57.2104108429978 -61.9703430519247,57.2087868429569 -61.9760010490414,57.2066418437683 -61.9810650475416,57.2065428441741 -61.9750550493944,57.2029608444252 -61.9683880535561,57.2021068440172 -61.9579160579174,57.2112088431216 -61.948832060418,57.2139438425455 -61.9387030649279,57.2141428419249 -61.9283120695626,57.2125088428067 -61.9138820760082,57.2137308421004 -61.9085740775222,57.2117648419341 -61.8982820827773,57.1993908440045 -61.8905210867491,57.1966738434919 -61.8841800885842,57.1873738448626 -61.8705460948311,57.1749088461258 -61.8694990955165,57.1630028471907 -61.8613290992277,57.1554758481574 -61.8590491011842,57.1574758482337 -61.8601400998206,57.1641278468896 -61.8562411020969,57.165393847316 -61.8445681070024,57.1641738473114 -61.8409861078144,57.1665928467028 -61.8430151070596,57.1721268461861 -61.8321861104539,57.1802918447964 -61.827770113147,57.1778908447615 -61.8235091147362,57.1784628444092 -61.8171361177025,57.1744088450481 -61.8125821191315,57.1735998448615 -61.8102981205404,57.1755978445984 -61.8117601198555,57.1827198438388 -61.7974961244803,57.1914748430649 -61.7846011302715,57.1943248422903 -61.7715941352722,57.1891748427596 -61.7778481335047,57.1852338436672 -61.7812751319637,57.1707038450706 -61.7904161292833,57.16272784652 -61.7887751292931,57.1576578468687 -61.7899871288379,57.1546218472423 -61.7920361291167,57.1495218478908 -61.7896821298558,57.1476298481136 -61.7788981353788,57.1459658481197 -61.773718137317,57.1474238477784 -61.7764731358206,57.1541248470736 -61.7720741371269,57.1608628463975 -61.7565011437586,57.1654628453377 -61.7504781457327,57.171466845171 -61.7468281456427,57.1791388437732 -61.7214191576623,57.1898648419901 -61.7014721639721,57.20507783984 -61.6806521717541,57.2159318387288 -61.6633431786677,57.2296108364105 -61.6598651804205,57.2299168366779 -61.6352891900068,57.2320288362353 -61.6373631896957,57.2279698367887 -61.6461811866559,57.2238778371933 -61.6457091868402,57.2199788380695 -61.6359001913946,57.2167308377926 -61.6311101934857,57.2095198389624 -61.6341151916665,57.2089128384322 -61.6435231882074,57.211917838427 -61.6540511842755,57.2119908386368 -61.6608951815788,57.2064668395442 -61.6696421766664,57.203052840096 -61.6979801680164,57.1702538440667 -61.7232381572641,57.1565598457629 -61.7243131582135,57.1544448460569 -61.7252991576822,57.1525048462234 -61.7224031587214,57.1473968468262 -61.7108861627622,57.1491358470558 -61.7038441671159,57.14345984721 -61.69581116995,57.1439208473432 -61.6838551753081,57.1413048470303 -61.6718111803691,57.1441688465975 -61.6655421822394,57.1437648467372 -61.6587091852294,57.1403688467055 -61.6524381886389,57.139969846912 -61.6338071954204,57.1501858455411 -61.6190632006562,57.1547888447409 -61.5952542103881,57.1529728447671 -61.5898452124017,57.1567038437915 -61.580326217029,57.159400843868 -61.5723322208398,57.1594008436167 -61.5708732206965,57.1570748435104 -61.5775432183623,57.1533818441878 -61.5765712188173,57.150383844488 -61.5677412218719,57.1503568448224 -61.561578224694,57.1531528444002 -61.5562722278579,57.153328843987 -61.5506052304745,57.1535198438667 -61.539690233788,57.1575428428893 -61.5249442402414,57.1534578433898 -61.5149782441175,57.156368843123 -61.4969142519121,57.1560668434249 -61.489535255187,57.1583678423116 -61.478711258933,57.1571318425893 -61.4757402601653,57.1531608427919 -61.4683292637772,57.1515708433123 -61.4659662649057,57.1499068435028 -61.4680542647361,57.1458518439531 -61.4648112655861,57.1446118439665 -61.4134762871725,57.1405678431466 -61.3903162966715,57.1284408448013 -61.383201300504,57.1187138453427 -61.3810863011503,57.1158208458875 -61.3835223006541,57.112812846382 -61.3854162997097,57.1104698467285 -61.3826203014724,57.1049008475504 -61.3631433106469,57.0940248485032 -61.3613093107674,57.0914538484734 -61.3658433090794,57.0881658493156 -61.3671253087025,57.079754849687 -61.3786133057206,57.0700458511156 -61.3733123080288,57.060282851977 -61.3843713035892,57.0464558535903 -61.3791433065872,57.0401228543505 -61.3603513130183,57.0310978555469 -61.3608663136168,57.0260848558489 -61.3577533150556,57.0195918564815 -61.363307312775,57.0103918578671 -61.3708593112267,57.0037658592398 -61.382175306563,56.9938318597072 -61.3830303068019,56.989513860559 -61.3771613099707,56.9854508608621 -61.3667463141619,56.9849048609606 -61.362477315524,56.9856878607652 -61.3555123172586,56.992332859502 -61.3518513197332,56.991306860178 -61.3447793227906,56.9826318611661 -61.3536863195285,56.9815368610009 -61.3644283154114,56.9747808616982 -61.3648473155881,56.9706808621969 -61.353279320315,56.9650688629215 -61.351568321388,56.9572488639799 -61.3492033220948,56.9558098637041 -61.3424133240535,56.9567368636785 -61.3393303260524,56.9541318635577 -61.341723324686,56.9512338643952 -61.3461273238707,56.9490858647678 -61.3487053219533,56.9443668651224 -61.355194319411,56.9422798654766 -61.3595683191254,56.9444698652247 -61.3681883148044,56.954329864324 -61.3729893126538,56.9571338642374 -61.377276310892,56.9596368638663 -61.3790153088638,56.9754568623862 -61.3852073069788,56.9763308620309 -61.3923013041286,56.9724308627007 -61.3935793033673,56.9763528617827 -61.3985883013461,56.9765058622315 -61.4265502898369,56.9691238637761 -61.4366552853417,56.9685138638677 -61.4465172804273,56.9704068634831 -61.4630882738797,56.9763878631933 -61.482902264915,56.9792598631369 -61.4958402612366,56.9711878640075 -61.5102752538534,56.9691018646315 -61.530649247186,56.9619298653048 -61.5389542431436,56.9626288659147 -61.5406272426481,56.9616318653645 -61.5630742335176,56.9468808673182 -61.5647652333518,56.9423598683696 -61.5586602357864,56.9362448690259 -61.5595832362972,56.9310158699085 -61.5525422389531,56.9260148703331 -61.5587752363738,56.9220778704261 -61.5767422292449,56.9178038711935 -61.5762382293389,56.9143638718256 -61.5703612323668,56.9103088722429 -61.5701622330224,56.9080198721349 -61.5808392281187,56.9012448734173 -61.6168702129439,56.900222873626 -61.624254209917,56.8972358740778 -61.6266372103375,56.8941078748441 -61.6195692132101,56.8893348752637 -61.6194362123985,56.8863648755982 -61.6247142104001,56.8835448761115 -61.6430302037898,56.8797228762827 -61.653910199898,56.875006876971 -61.6577571983895,56.8684428780302 -61.6603691969856,56.8639948786666 -61.6596281985568,56.8584938791921 -61.6534412009362,56.8532938802898 -61.6576141993644,56.8488438803522 -61.6566311998642,56.8415028810573 -61.6591461983611,56.8324398822289 -61.6587402006284,56.8278588825905 -61.6538672012975,56.8220108836076 -61.6535282017473,56.8167458841088 -61.6569462014108,56.8113628847708 -61.6548392024494,56.807189885261 -61.6571122011356,56.8051988855003 -61.6726211957161,56.7996988859122 -61.6836161904358,56.7979508866794 -61.6936551864362,56.7929808871932 -61.6999061841045,56.7929308873416 -61.703500181784,56.7946248874465 -61.7051971821406,56.798786886393 -61.7228981738819,56.8056708864885 -61.7280541715782,56.8039898867239 -61.7333091699322,56.8011628870949 -61.7392111676493,56.8004158866743 -61.7493511632462,56.7942968876022 -61.7642431569528,56.7908258883196 -61.7750851534477,56.7906618888984 -61.7975021440005,56.7821388898399 -61.8192981352139,56.7852398896676 -61.8401901260636,56.7844318904744 -61.8905511051977,56.8038108886578 -61.9059260975177,56.8042148890288 -61.9192460934501,56.7995408897293 -61.9258180901616,56.8006288898887 -61.9276000888554,56.8018078897137 -61.9297590887136,56.8032428893698 -61.9345650874122,56.8006208896196 -61.9254540912122,56.7951358900192 -61.9240820927028,56.7820818917883 -61.9111620976255,56.772610892582 -61.9079340989579,56.7665858936796 -61.9141590968522,56.7571608943443 -61.9123580980409,56.7539148949081 -61.9069801002491,56.7535448943667 -61.9009341029844,56.7561268945463 -61.8955961059211,56.7553028943049 -61.8945731059228,56.7527618950758 -61.901643103178,56.7479258955198 -61.9018421035447,56.7408528959351 -61.9025141023765,56.7378998964028 -61.9112830993941,56.7326508968096 -61.9161090977426,56.7103959001449 -61.9135441004764,56.7064479001343 -61.9137371003635,56.6993789013654 -61.9088801026593,56.6978719018395 -61.9028401047354,56.7004589004524 -61.8928181082311,56.7106978993223 -61.8803591128685,56.7153928985933 -61.8783791135233,56.7189988984928 -61.8910771088258,56.7259558977722 -61.8915071082901,56.7305298972271 -61.8813711120305,56.741909896196 -61.8779461124063,56.7525528949189 -61.8734391147738,56.7565428943323 -61.8665791163946,56.7588718935215 -61.8417321278751,56.7575268932979 -61.8287391322304,56.7585448930643 -61.820117135973,56.752604893728 -61.8096601407515,56.7532388932981 -61.793992147446,56.7516668934836 -61.7812321514399,56.754745893022 -61.7779521537471,56.7541998926103 -61.7745071543222,56.7527998931461 -61.7623031600302,56.7478338934028 -61.7419321689748,56.7477298935015 -61.7249831763301,56.7374388938851 -61.7133501812003,56.7327768941213 -61.7119621827031,56.7297678947457 -61.7146991808589,56.7271048946143 -61.7193041790037,56.7267758951228 -61.7257531764226,56.7290078948807 -61.7349381726559,56.728580895431 -61.7446061683761,56.7320438954137 -61.7487931669887,56.731701894833 -61.753188165324,56.7290838956529 -61.7480881676108,56.7257478956574 -61.7320391749663,56.7239298956207 -61.7272281759636,56.7219648958398 -61.7109761820642,56.7224308957536 -61.7004041864585,56.719852896074 -61.6998671873769,56.7166408958087 -61.7065291850026,56.7074628973305 -61.7129751823622,56.705135897857 -61.7164021817063,56.7009508987963 -61.7171891812612,56.6999928986132 -61.7447221706733,56.6895668996803 -61.7546851668721,56.689613899971 -61.7725481587559,56.6942218995572 -61.7903511506692,56.6994978997206 -61.7998251462294,56.7050128990157 -61.8190061382267,56.7089498988742 -61.827688135149,56.7094198991889 -61.8329251338641,56.706588899231 -61.8275861355145,56.7011948995098 -61.8083091434056,56.6983868995115 -61.8045141461093,56.6944049005176 -61.8127411422877,56.6859479011808 -61.8065601450349,56.6807589021825 -61.8008021479089,56.6801449022439 -61.7892521519749,56.6839419008164 -61.7841431547684,56.6839139017754 -61.7689111608756,56.6838389010911 -61.7673781606821,56.6824259010119 -61.782481155542,56.6668589032419 -61.7776441578101,56.6559899044102 -61.7795251573388,56.6535309043112 -61.7833111563509,56.652946904492 -61.7905741538986,56.655201904603 -61.818936141394,56.6582569043242 -61.8258611385036,56.6550169051303 -61.8271721380242,56.6495749057419 -61.8213861408277,56.6446189062944 -61.8168971432036,56.6438139067712 -61.8126771451214,56.644611906206 -61.8190661418707,56.6520909052968 -61.808801145738,56.6509019055069 -61.8024091477033,56.6527829048405 -61.7958281508504,56.6521449046093 -61.7882291544347,56.6489749051645 -61.7787111589552,56.6487099054141 -61.7665851637101,56.6451789053989 -61.7612821656057,56.6492119051932 -61.7652231642225,56.651084904672 -61.7679181629236,56.6534349048325 -61.768275162066,56.6632699039026 -61.7653841633968,56.672325902201 -61.7525881671737,56.6760829013829 -61.7454441710772,56.6724599023534 -61.7455281716544,56.6624159035122 -61.7418201725061,56.657517903688 -61.7358601755055,56.6591719035223 -61.7288821788705,56.6582989036861 -61.7216851804969,56.6553579037221 -61.6993971903902,56.6540499032168 -61.6933351935964,56.6522789037232 -61.6792022000368,56.6525649033504 -61.674024201817,56.6547049031189 -61.6692482039355,56.6525199034539 -61.6665282043537,56.6460389038457 -61.6556982098241,56.6420779040375 -61.6626862072334,56.633822905522 -61.6648372054363,56.6333769051389 -61.6732572020887,56.6316149060229 -61.6795552000895,56.6263129069106 -61.6782472017524,56.6180539071824 -61.6816052003813,56.6131259079663 -61.6867741982401,56.6109859086943 -61.7199661846973,56.615116908559 -61.7384481758757,56.6215679076632 -61.745520173194,56.6258739076043 -61.7592491676327,56.6253399073047 -61.762458164791,56.6311389071785 -61.7695911629492,56.6301959076223 -61.772481162497,56.6257029079201 -61.7878201560618,56.6211019086169 -61.7980771521374,56.6222919086199 -61.8174641426923,56.6280669083271 -61.8299741381684,56.6272699084131 -61.835696136548,56.6259199087359 -61.8447891332822,56.6237869089836 -61.8711591211924,56.6256339089358 -61.8840971159278,56.6294019088519 -61.9000351078806,56.636901908479 -61.9335270945935,56.6380079083223 -61.9432430899911,56.6407739086065 -61.9516170877075,56.6398509085879 -61.9679650813154,56.6475799080002 -61.9651350818755,56.6516189076252 -61.9325620942669,56.6589929057841 -61.9203670989236,56.6657539053934 -61.9041381061529,56.6710319041843 -61.9033341053753,56.6719319043612 -61.9009261071989,56.6746059040656 -61.9023461070714,56.6773799034713 -61.912877101401,56.6803979037981 -61.919130098717,56.6801029036429 -61.9295020944063,56.6753569045527 -61.9602800832357,56.6697579053522 -61.9957600683526,56.6574289069339 -62.0057930647069,56.6565439075264 -62.0827650319525,56.6792569057427 -62.0963090258674,56.6811909064719 -62.1186820168767,56.6817439064165 -62.123110014831,56.6834449057749 -62.125138013589,56.6892049057555 -62.141513006499,56.697368905206 -62.1508480021051,56.7001079048103 -62.1795219911094,56.6998899052057 -62.2050799798594,56.7023249054182 -62.2245799717323,56.7025609053576 -62.2527829608265,56.7084739051648 -62.2669849547117,56.7129129047159 -62.2780989491043,56.7143139044904 -62.2925739434896,56.7205849043451 -62.2985559408477,56.7212449042578 -62.3185369326816,56.7234619046935 -62.3372889238272,56.7339339037562 -62.3564209150649,56.7393889031023 -62.3802579060661,56.7431189029173 -62.418813890668,56.7446589035621 -62.4866328610917,56.7616549032473 -62.5057198521165,56.7622879031591 -62.5068358523466,56.7635009030993 -62.5007428546183,56.7688139025743 -62.5115538497423,56.7690269025379 -62.5134668496125,56.7645079030625 -62.5263728457787,56.7583899036145 -62.4971748573698,56.7536619043599 -62.4759388663156,56.7481849042536 -62.449800877594,56.7357499047336 -62.4359848839247,56.7313389055473 -62.4061728963928,56.7297709049749 -62.3749269085629,56.7251889047188 -62.3693539119823,56.7218709053572 -62.3691769114951,56.7129669065176 -62.3639219147991,56.7110219069449 -62.3392589246303,56.7074929069595 -62.3280059291589,56.7024459065332 -62.3198049335182,56.7066009063469 -62.31561093545,56.7025499067508 -62.3139929355988,56.7009889068399 -62.2898959447292,56.7011149069963 -62.2620229565109,56.6963589071471 -62.2612989572693,56.6949769072009 -62.266099956085,56.6918839071895 -62.2663259556915,56.6889269078461 -62.2634739577181,56.6881759075976 -62.2575019587978,56.6903189073303 -62.2435309644962,56.6883919075401 -62.2244159729625,56.6886259074482 -62.2102889781486,56.6834949074518 -62.1955679848576,56.680633907112 -62.1885009885337,56.6806949075719 -62.1728679950965,56.6842009067023 -62.1658789975908,56.6833499068941 -62.1567270017573,56.6783299075777 -62.1431100066387,56.6773159071917 -62.139514008168,56.6756299070125 -62.138253009229,56.6705819075084 -62.131866012612,56.6674539078888 -62.1091520219456,56.6609539083247 -62.1101830209795,56.6584739087123 -62.1186630175214,56.6561699095636 -62.1175880186161,56.6540869098972 -62.1207600167535,56.6507419099033 -62.104636023758,56.6501169093757 -62.0961450273024,56.6473959098039 -62.0675890396486,56.6313899112797 -62.0562690450024,56.6279059117309 -62.0471660498334,56.6226589119002 -62.0215440593526,56.6217809117122 -61.9924250710948,56.6329119102029 -61.9789940763758,56.6348489095989 -61.9703230801934,56.6350599096244 -61.9607130841162,56.6352929097037 -61.9541860866831,56.6339839090062 -61.9374760946165,56.6257829103667 -61.9229181002917,56.6263159103085 -61.9201971008936,56.6241839101166 -61.9254950994235,56.6204459110718 -61.9224991009391,56.616713911437 -61.9131441041985,56.6146439110072 -61.9078071067376,56.6092459115577 -61.9199111026856,56.603401912626 -61.957410086881,56.6057479126201 -61.9670160825686,56.6048589124754 -61.9862190744742,56.6080929131915 -62.0149690626265,56.6161389121042 -62.0308390557479,56.6145709128798 -62.0371120541259,56.6139529127178 -62.0408510521179,56.6087989140013 -62.0536150473166,56.6148299131923 -62.0940100308266,56.6174359134726 -62.1332500140002,56.6138359139985 -62.1859719918268,56.6178509149565 -62.1936879886338,56.6198609140686 -62.2103599817825,56.6186639145958 -62.2168459798831,56.6151659154063 -62.2340569726697,56.6176309152228 -62.2420429687233,56.6162149160068 -62.2465319677896,56.6143809158003 -62.2510209657578,56.612549915947 -62.246285967203,56.6094669166368 -62.2381579711107,56.6074489163618 -62.2343019734467,56.6037069169509 -62.2239339770743,56.6039159173272 -62.2113099828892,56.601108916796 -62.1840949939512,56.599540917274 -62.1674900008769,56.6000599165789 -62.1518890076985,56.5983089163016 -62.1402810127084,56.5932309172526 -62.1314360163012,56.5950739168982 -62.1207440210439,56.5941239163913 -62.0775590375696,56.5955659155328 -62.0633900436034,56.5915559159417 -62.0383860548377,56.5900119154815 -62.0011820698828,56.5876999158723 -61.9699200826491,56.5802729154289 -61.9636380861873,56.5762289162231 -61.9415260951946,56.5733729166371 -61.9317510986202,56.5763139155133 -61.9205471029218,56.5767019156876 -61.9120661065634,56.5789909148165 -61.9085491079686,56.5862089139611 -61.8908211150559,56.5900759131922 -61.8791721203266,56.5906789136475 -61.8646151259009,56.5866389136627 -61.852676130982,56.5858619134871 -61.8457361339501,56.5799669144802 -61.8401861357985,56.5783159145267 -61.8364551382747,56.5772029146317 -61.8273721406856,56.5769609144302 -61.8130851485773,56.5699499147495 -61.8008411529979,56.5680209148882 -61.7876191593456,56.5630959151979 -61.7877131591006,56.5573849162333 -61.7842831604289,56.5540969158561 -61.7653461676145,56.5576859157285 -61.7627041693809,56.5640039152259 -61.7671691663357,56.5696109143368 -61.7657451674978,56.5716249136501 -61.7568051709479,56.5697789144081 -61.731494181528,56.5704459142602 -61.7204881868619,56.5639759144415 -61.703420193243,56.5605269144434 -61.7015421937159,56.5584229147813 -61.7041061936286,56.5575789149013 -61.7173981882693,56.5570339154643 -61.718783187571,56.5554769153716 -61.7135411892715,56.5512999157241 -61.7110651908726,56.549323915819 -61.7058271934475,56.5478009163501 -61.6887831999053,56.5487019160335 -61.6868452006358,56.5472719159976 -61.6914071989678,56.5447349161989 -61.69425719803,56.5431489166132 -61.6962641965043,56.5393189170598 -61.6935921996402,56.5323909174437 -61.6886802015484,56.5317959174876 -61.676567206053,56.5376209168052 -61.6562872141371,56.5377279165235 -61.6484092169205,56.5290529172681 -61.6483242183201,56.5210569183479 -61.6684562093305,56.5179789190016 -61.6746052072024,56.5140379198708 -61.673601207879,56.5115009194202 -61.6677672107614,56.5120209199551 -61.6649832108906,56.510800919772 -61.6637592126579,56.5061989203201 -61.6704042094639,56.5013619213418 -61.6991301985132,56.5035509209112 -61.713760191912,56.5062409210246 -61.7248481869449,56.5024419211371 -61.7289111856335,56.4986729218209 -61.7246051872692,56.4960439224471 -61.7151041923093,56.5005679215044 -61.7080541949446,56.5008279217163 -61.7053791952292,56.4984669216618 -61.7089241942938,56.4958309217283 -61.7272441873878,56.4897229233193 -61.7434601799334,56.4885759230641 -61.7514511774295,56.491534922929 -61.7556141757176,56.4911959235392 -61.762200171693,56.4868089241639 -61.7800601661709,56.4811369251433 -61.7867291632212,56.4804089254709 -61.8058441548706,56.4836689253312 -61.8141591507444,56.487777924853 -61.8298941450855,56.4872899247011 -61.8459431384077,56.4898309249137 -61.8612641326884,56.4922489246522 -61.8720531263857,56.4964179241241 -61.8798041237581,56.4975409238211 -61.8813201230407,56.4943809241681 -61.8785531249999,56.4881439251247 -61.8811241237881,56.487072925988 -61.8898001204172,56.4870729260358 -61.8991191168695,56.4891519254433 -61.9032371145405,56.4940539247663 -61.9228071065995,56.4970779253152 -61.9328121016871,56.4959719252295 -61.939314098524,56.4972839253298 -61.9378881000021,56.5043259240099 -61.946991095157,56.5139239231477 -61.9681840856627,56.5174409233378 -61.9740650840307,56.5212479231988 -61.9861320784383,56.5252119227212 -62.0017480727292,56.5262989223952 -62.010333069109,56.528721922645 -62.0150810663505,56.530063922152 -62.0218870642531,56.5290389230137 -62.02704806177,56.5253419228687 -62.0213540653065,56.5142409248065 -62.0077800695852,56.5134389244396 -61.9923940766353,56.5096209243778 -61.9730840850096,56.5132289244389 -61.9645600891618,56.5114139240745 -61.9606680896175,56.5085729243666 -61.9626220901173,56.5049749246717 -61.9502900947731,56.4993979247801 -61.9437700972717,56.4920159258972 -61.9460370974335,56.4910659257834 -61.9653290892652,56.4924819262591 -61.9848560800607,56.5009769257087 -61.9909980777609,56.5015909254904 -62.0023790742975,56.498916925973 -62.0362710601529,56.4986389266157 -62.0457160554998,56.4993369269395 -62.0566250516856,56.5023549263258 -62.0653360475343,56.5018849261306 -62.0779910421148,56.503798926765 -62.0994660337569,56.4936079277697 -62.1030280329908,56.4852449294621 -62.1167280266941,56.4791919300496 -62.1233550255057,56.4789009300963 -62.1370740192542,56.4828879300087 -62.141844017518,56.4800379300653 -62.1383680188632,56.4769859301016 -62.1221120255571,56.4738469308033 -62.1097310309319,56.4737699303239 -62.0868790394724,56.4807359295276 -62.0777570434721,56.4811899294829 -62.0624180497775,56.4769249292294 -62.0606280510715,56.4769139298079 -62.0492150555242,56.4768219295537 -62.0369680600469,56.4801639290231 -62.0173600687089,56.4826319282533 -62.005788073631,56.4777709286564 -61.9881870801667,56.4759519280908 -61.9677280890954,56.4836429274837 -61.9589800919854,56.4747389281723 -61.9513460962247,56.4722549281355 -61.9494620964051,56.4701509280922 -61.9538090947092,56.4675259293765 -61.9461730990919,56.4602519297867 -61.9315801044443,56.4571229297166 -61.9329741030859,56.4553379301261 -61.939302101471,56.4536789308412 -61.9602030929654,56.4553639300634 -61.9830580843478,56.4514769312676 -62.0033090752668,56.4480339321639 -62.0479330579191,56.4471139324754 -62.0559440535461,56.4500549327539 -62.0690070484997,56.4517559326929 -62.0888720397601,56.461151931242 -62.1003660354614,56.4618949322349 -62.1173800282844,56.4607169326619 -62.1304760231132,56.4569319330451 -62.1519040143695,56.4572299336303 -62.171976005648,56.4590829327738 -62.1869049996326,56.4633259331802 -62.19408899595,56.4667199324629 -62.1996429938523,56.4693419327701 -62.2201529852784,56.4709709325517 -62.2194549851915,56.4693569329046 -62.2048369918869,56.4662709330498 -62.2247079840565,56.4601249333793 -62.22870798192,56.4563369343288 -62.2234259845661,56.4552999341437 -62.2103439899612,56.4590949335145 -62.2021259936315,56.4586719337702 -62.1942079972715,56.4543729346663 -62.1896459990246,56.454716934519 -62.1807820029417,56.4519969342894 -62.1638120099153,56.4527249334361 -62.1472560163834,56.4429629343808 -62.1356650216763,56.4383389350027 -62.139605020295,56.4354709359339 -62.1364770211633,56.4333389355539 -62.1242390275433,56.4316669357839 -62.1130040314838,56.4260629357992 -62.1107570327781,56.4249429364941 -62.102624035207,56.4235999363809 -62.0926560405436,56.4244959359684 -62.0883010426452,56.4223329361895 -62.091281041164,56.4160119372172 -62.0854810427354,56.4113039376546 -62.0769190471022,56.4101759374787 -62.0481740590929,56.4240649353542 -62.0384110630168,56.4224469352523 -62.0179620714779,56.4155319357738 -62.0019760775399,56.4144369361035 -61.9869220833358,56.4072009367283 -61.978247087256,56.4074319366197 -61.9715110900077,56.4141089350931 -61.951994098353,56.4206769348122 -61.9526990975054,56.4220649344853 -61.9639060921306,56.4239699340002 -61.9685550900425,56.4247629343285 -61.9695020905451,56.4282149335671 -61.9601680935725,56.4361909331805 -61.9424951011482,56.4354979324106 -61.9361491045119,56.4373899320379 -61.9187641100992,56.4332729326597 -61.9328101060608,56.4281659330015 -61.9325891051724,56.4258769336152 -61.9268901089265,56.4250449334632 -61.92661510787,56.4234359340923 -61.9346601055188,56.4209129339351 -61.927472108848,56.4182099344708 -61.925077109076,56.4124379352732 -61.9186351117232,56.410667934891 -61.9017361183404,56.4106799350277 -61.8836251275977,56.4056289351248 -61.8716441312897,56.4059949347339 -61.8635811345876,56.4039539346202 -61.8330861466013,56.4027759350116 -61.8241571505247,56.4024319345453 -61.8210591537112,56.3954969354336 -61.7987571617306,56.3914609356497 -61.7817991686663,56.3830039363794 -61.7795361698726,56.3806619365597 -61.7901691668977,56.3768429371023 -61.8003801616876,56.3778119376359 -61.8119791573705,56.3769849379452 -61.8244531523328,56.3802959376921 -61.86424513616,56.3820539379225 -61.8636611363761,56.3792999385589 -61.8449241432587,56.3769639382632 -61.8434271455,56.3705329387253 -61.8388581469789,56.3663019391922 -61.8271771516105,56.3680379393689 -61.821176154604,56.3660459387436 -61.8080951586601,56.3650049391011 -61.7945811647019,56.359611939258 -61.774027172926,56.3547109396294 -61.7852251702704,56.349082940324 -61.7829651695558,56.3467369408718 -61.7843391699243,56.3451769404148 -61.832288150854,56.3426099416707 -61.8504401430024,56.3467529418111 -61.8640421380206,56.3464349421245 -61.8704321353502,56.3486599417233 -61.895570124315,56.3433949423485 -61.9148241169477,56.3443609433336 -61.9240701130544,56.3468929424742 -61.9300301100564,56.346932942266 -61.9355801079672,56.3469659431436 -61.940623106197,56.3457309426775 -61.9399971064231,56.3434289437028 -61.9293051107742,56.3433759434686 -61.9264641120452,56.3380519437365 -61.8861351284614,56.3383529432934 -61.8716961344871,56.3340839437787 -61.8631721378176,56.3375049430284 -61.8345661503161,56.3353619433536 -61.8249131545453,56.3376119424612 -61.8134601586345,56.3368459428197 -61.809118159919,56.3301059429817 -61.8021031634155,56.3303679425016 -61.7997311637378,56.3339549424878 -61.7853571696538,56.3383559416579 -61.7790931729111,56.3347589417423 -61.7666031775256,56.3364679421875 -61.7600091810122,56.3358889418392 -61.7551751815791,56.335464941861 -61.7491071850548,56.3389469410181 -61.7371241901119,56.3395279406499 -61.7376781889651,56.3333779418953 -61.7421271879764,56.3296209421118 -61.7489151861207,56.3273019426715 -61.7805661721687,56.3274929424162 -61.8092111610372,56.3243989442228 -61.8114841598345,56.3219499443163 -61.8007751645589,56.3221139437147 -61.79559916622,56.3155779446109 -61.7794251744024,56.3171889440511 -61.7688241783845,56.3162079440403 -61.7653421788356,56.318397943349 -61.767577178152,56.3209689432816 -61.7658131789268,56.3222889430095 -61.762121181055,56.3221859432741 -61.7511701857055,56.3159459438929 -61.7385811902596,56.3142249445376 -61.7279191948366,56.3141139439674 -61.7254361953002,56.3140879440612 -61.7052572038442,56.3189979428232 -61.7003762058943,56.3184019427352 -61.6953812083216,56.3146059435889 -61.6878532106902,56.3159909432932 -61.6756122154432,56.3149599425861 -61.6662592195687,56.3183449420368 -61.6597382219561,56.3177049428476 -61.6553622245199,56.3116379435575 -61.6459042281626,56.3072579430967 -61.6326322341163,56.3041339440794 -61.6315722337984,56.3022809442025 -61.6378902311773,56.3006369443962 -61.6578852242581,56.302124944611 -61.6667032192371,56.3000919448349 -61.6706012191259,56.2979169452788 -61.6736702181278,56.2913809455169 -61.65399822576,56.2908219457317 -61.6436792292778,56.295783944986 -61.6376592323032,56.2942359448493 -61.6303172354512,56.2892269450966 -61.6218322380888,56.2965159444643 -61.6078792440987,56.2963369444226 -61.604270246273,56.2909859445297 -61.5919932521265,56.2860569451997 -61.5925102517246,56.2805949458056 -61.5828672553609,56.2782599463693 -61.6172442416568,56.2708129470989 -61.6384332333342,56.2725679478396 -61.7081562032901,56.2871139464531 -61.7268741966177,56.288627946826 -61.7644401803952,56.2916609473141 -61.7707111777824,56.2950289464462 -61.7772091754963,56.2958909467876 -61.7820541733854,56.3015069465937 -61.7877101709725,56.302578946564 -61.7942211676192,56.2986479461891 -61.8057801632704,56.2980499471926 -61.8122091604714,56.2950359473441 -61.8082301623253,56.2935529475165 -61.7912231700929,56.2953689470876 -61.7901541696003,56.2935149469009 -61.8000481669626,56.2885329480297 -61.7931801683356,56.2872059480208 -61.7463241890537,56.2875029471136 -61.7330261938623,56.284617947428 -61.729956195055,56.2822499471493 -61.7330681938382,56.2795989480943 -61.7290971957524,56.2781139476449 -61.7269131970934,56.278415948187 -61.7207831985521,56.2792479481325 -61.7107262026816,56.2769119480617 -61.7010572068694,56.27938094783 -61.6862312134505,56.2753099477152 -61.6859032136312,56.274383947694 -61.7006932081218,56.274340947934 -61.7041942058069,56.2719339486554 -61.7019272074472,56.2698139486925 -61.6946792104318,56.2682459486525 -61.6769612170866,56.268878948129 -61.6654422213558,56.2646669490184 -61.6720872197046,56.2593759492479 -61.6921142120365,56.2558409499006 -61.706736206078,56.24849395164 -61.7299451970793,56.2459499516701 -61.7409351927107,56.2423779528271 -61.7673721807613,56.2420049530817 -61.7733891789636,56.2419169528958 -61.7801031759121,56.2448379528226 -61.7986431691003,56.2439799532761 -61.8083061646855,56.2460709525749 -61.8165551615307,56.2456129533316 -61.823128158583,56.2501299532511 -61.8379451528181,56.249618952852 -61.8390001527921,56.2516969525957 -61.8289741557099,56.2537119522519 -61.8464001492461,56.2562409522362 -61.8501761465666,56.2599959520308 -61.8474651480396,56.262889951817 -61.8293261551649,56.263767951325 -61.8171801602559,56.2618369511023 -61.8138161613079,56.2580909518348 -61.8064831652821,56.2574349516385 -61.8006421679607,56.2538489523792 -61.7902051718312,56.2558439517792 -61.7916081706075,56.2631909505653 -61.7867491720317,56.2717329500293 -61.7796051757931,56.2717939498037 -61.7489451869188,56.2720539492561 -61.7496591868474,56.2732129490025 -61.7578511838408,56.2734419492409 -61.7792411744229,56.2822529482337 -61.7912841704754,56.2807579488077 -61.7995281672583,56.285094948126 -61.8045431649645,56.2840929484231 -61.807425163504,56.2793769494873 -61.8132811619305,56.278163949153 -61.8522441456359,56.2787699502052 -61.881932132882,56.2868729497021 -61.8908481282348,56.2930489489038 -61.9075371220065,56.2948609488868 -61.9111291214102,56.291304948885 -61.913790120418,56.2906689490408 -61.9274771137754,56.2874079502466 -61.9313181125996,56.2808849501905 -61.947714105722,56.2715009522652 -61.9840760921618,56.2735899520728 -62.0033660840251,56.2786519524184 -62.016711076739,56.2910959509881 -62.0274030734632,56.2959329500302 -62.0545750614133,56.3002729500831 -62.0587500602484,56.2994689501204 -62.0668130560352,56.2912269515367 -62.0710220550336,56.2899639512663 -62.0775440521903,56.2905849518533 -62.0872410488152,56.2976769510786 -62.0917060467008,56.2932209517713 -62.104485041721,56.2926259516434 -62.1017970424233,56.2902799520191 -62.0829030509019,56.285240952708 -62.062869058666,56.2740099533129 -62.0664040586674,56.2709009535752 -62.0657710581636,56.2686039538594 -62.0596790610905,56.2627449551465 -62.0483800652244,56.2604039550411 -62.0411540700655,56.2533719555528 -62.0241660765465,56.2454069566388 -62.0188800786444,56.2448119563447 -62.0088110834811,56.2475209556668 -61.995729088157,56.2469569559034 -61.9891110904133,56.2426769563487 -61.9900410905332,56.2413329560845 -61.9978000876037,56.2417599568143 -62.0025420864909,56.2439379561006 -62.0168370800864,56.2397379564181 -62.0365380719214,56.2395599571882 -62.0432230693942,56.2386939577843 -62.0527050651627,56.2374609573878 -62.0508100656456,56.2355849576395 -62.0406510702043,56.23441295749 -62.0278340755373,56.2306649581638 -62.0351820731672,56.2260599587847 -62.0478270681424,56.2218169595357 -62.0509510679971,56.2187009596654 -62.0390880726582,56.2183989597043 -62.0231690781884,56.2225579585102 -62.0120490825375,56.2231829588349 -62.0048740859308,56.2207189585355 -61.9897750914629,56.219868958831 -61.9749800983518,56.2153749588856 -61.9581331055326,56.2158479588676 -61.9543901068464,56.2116429595844 -61.94874110896,56.210579959301 -61.9396651120862,56.2112549589742 -61.9215291199201,56.2075809596588 -61.916586122579,56.2079049594138 -61.9070261259806,56.2142749582598 -61.9021401267362,56.2235009571589 -61.88563713385,56.2294499556643 -61.8709661390299,56.2283749562016 -61.8661751422859,56.2268719567451 -61.8631761430408,56.2235939563729 -61.871519140056,56.2172019577717 -61.8908231327491,56.2168089581154 -61.8933941316844,56.2155039584826 -61.891937131894,56.2134139581113 -61.8871401348001,56.2119149582563 -61.8628181448381,56.2135429577061 -61.8178731621164,56.211868957045 -61.7945921715186,56.217387955775 -61.7885611740158,56.2188199561961 -61.7742251803485,56.2186499558243 -61.7739951805025,56.2165919565105 -61.7814351781115,56.2113159568089 -61.7838411765202,56.2072759575518 -61.8036231685715,56.2014279586958 -61.8087231670557,56.1947209589365 -61.7986621706419,56.1926199589126 -61.7936501730791,56.189056959844 -61.7864611765499,56.1915979590645 -61.7733841811665,56.1912349585624 -61.7686811827477,56.1933859587415 -61.7632541855364,56.2037359573971 -61.7412601935939,56.2067719570299 -61.738440194722,56.2062379567325 -61.7332281974585,56.1958209582587 -61.7381191961295,56.1771709602664 -61.758576188781,56.1689079618017 -61.7770901817864,56.158691962789 -61.7701661835378,56.1582749628992 -61.7419951954577,56.1711819616196 -61.7252202019392,56.1800689600915 -61.7199162028433,56.2116509558491 -61.7122262048504,56.2150879557434 -61.6870442145662,56.2214519541797 -61.6682962239027,56.2202309541129 -61.6537922296118,56.212963954568 -61.6185672425379,56.2169689540202 -61.6084322475406,56.2157599541518 -61.5981882512662,56.2200279531453 -61.5883962560146,56.2195089533189 -61.5817002588428,56.2165759536021 -61.5855272578235,56.2107519540381 -61.5960032538033,56.2039869551925 -61.5967912533716,56.1955579561041 -61.5799262598635,56.1962049562045 -61.5692802639281,56.1917799562119 -61.5571722693044,56.1898239562228 -61.5386992771851,56.1901889562462 -61.5020202916964,56.1966299542658 -61.4957652943082,56.2062569537206 -61.4923622952041,56.2075239531299 -61.4777093020049,56.2063979532822 -61.4660223064398,56.2085529531876 -61.4438353148633,56.2090219525412 -61.4412623168024,56.2084819522479 -61.4285683215646,56.2058149524168 -61.4207823242385,56.2058039523401 -61.4189903258064,56.2073479521438 -61.4254893227968,56.2121129517052 -61.4202263252861,56.2156039514336 -61.4180973244311,56.2205629507249 -61.4021113305777,56.224640950218 -61.3920643362335,56.2224999506109 -61.3817743405631,56.2269789494824 -61.3651233474224,56.2294309488757 -61.3553953501679,56.2282109487883 -61.3447353547857,56.2322169487055 -61.3417883552695,56.2289249487998 -61.3596033496007,56.2189789503163 -61.3670573465178,56.2100759511614 -61.3786823417019,56.2045029516466 -61.3798393416163,56.2011109527895 -61.3738013443173,56.2000129522035 -61.361133348774,56.2026869525045 -61.3587263504459,56.2031949523394 -61.350325353738,56.2011039522912 -61.3495993542887,56.2001689525351 -61.3592483494157,56.1979609527412 -61.3595903498214,56.1945419526185 -61.3537613529746,56.1831699538856 -61.3426903576939,56.1750609548307 -61.3428963573062,56.1730119553942 -61.3600973510378,56.1689839561861 -61.3946523364295,56.1757709561393 -61.4006363337497,56.17321395641 -61.4044623337906,56.1635129573957 -61.4195823266607,56.1555289585256 -61.4390043200035,56.1495059600277 -61.4424923192663,56.1473309597887 -61.4399023188212,56.1445079599614 -61.4316003222285,56.1415179604678 -61.4305253230592,56.1357759611389 -61.4247823259112,56.1276059616044 -61.4332223235017,56.1207899627697 -61.4310983250891,56.109080964031 -61.4258173265168,56.1086879645041 -61.4183123288821,56.1185039626188 -61.4078253332442,56.1211469628112 -61.4075793338164,56.12365396239 -61.4135613302749,56.1252059622459 -61.4159453303485,56.1300739616534 -61.4118483316408,56.1318789607664 -61.4086743322803,56.1332739612699 -61.404399334839,56.1393089605809 -61.3997063363596,56.1412209600109 -61.3937933380145,56.1472009594245 -61.3844313428152,56.1507879585471 -61.3766353449226,56.1510059583 -61.3608293520604,56.1493689581189 -61.3565453532442,56.1471789589314 -61.3622853506936,56.1430199596005 -61.3538773546004,56.1370509601102 -61.3547623540249,56.1322789605344 -61.3607933524255,56.1292729613051 -61.3753163469324,56.1272169618886 -61.38707634164,56.1282699608682 -61.3948443396834,56.1241729617651 -61.3918753391762,56.1211099623053 -61.3726633476776,56.1209689622821 -61.3629233513707,56.1160969626024 -61.3699473496021,56.1112939635976 -61.3668873511462,56.109146963055 -61.3495003574526,56.1065949635536 -61.3431113609663,56.1056559634062 -61.3380663629263,56.1029859641741 -61.3458593596068,56.0986679646139 -61.3612993532289,56.0996049642522 -61.379094345858,56.0933069652357 -61.4014623367577,56.0944639656919 -61.4192763303147,56.092047966614 -61.4509063179739,56.0736119690776 -61.4439653210525,56.0651869692762 -61.4460883204748,56.064334969419 -61.4509113178174,56.0651669697442 -61.4714483095799,56.0639659701114 -61.4838313052143,56.0668519696858 -61.5019442981854,56.0653459705674 -61.4913233026219,56.0611459709424 -61.4746063086543,56.0608679701485 -61.4651563128721,56.0530439715683 -61.4493893196104,56.0514229712567 -61.4471033210354,56.0497509720899 -61.4489923204734,56.0483049715958 -61.4519463186573,56.0485999718544 -61.5041692974503,56.0469329727747 -61.7133822130072,56.0512339747816 -62.281616982132,56.0365169850067 -63.0211126827075,56.0074890002533 -63.2163906016716,56.0386000004176 -63.3349165505831,56.1027889951798 -63.3630575373938,56.1191559930979 -63.5738904523146,56.1272109962617 -63.7372233842846,56.1366559978832 -63.7863903622221,56.1710999954071 -63.9131613060449,56.259977986967 -63.9129103055048,56.2635239863228 -63.9241912999102,56.2674159861317 -63.9266942989436,56.2682799861924 -63.9337062958788,56.2706989860909 -63.9339992957891,56.2707999857746 -63.9348952954363,56.2711089859929 -63.9530752882899,56.2652069873364 -63.9558112872018,56.2634869877994 -63.9600712864193,56.2608109881741 -63.9655392833194,56.2573739882062 -63.9671112832406,56.2563859889093 -63.9680212828246,56.2565749885498 -63.9726162803559,56.2575289883943 -63.9803432784057,56.2591329888683 -63.9880712754757,56.2607369883988 -63.9958002717187,56.2623409888888 -64.0000012693062,56.2632119882037 -64.0035292678085,56.2639429882621 -64.0112592654536,56.2655459882795 -64.0189902615468,56.2671469877804 -64.0221512598516,56.2678019879055 -64.022152260204,56.2678019876852 -64.0221532597928,56.2678019882692 -64.0235082599398,56.2675029885989 -64.0266852590579,56.2668029881999 -64.0343542554237,56.2651129883712 -64.042023252624,56.2634209888359 -64.049691250029,56.2617299893083 -64.0573582464863,56.2600369893683 -64.0650242428674,56.2583449904945 -64.0726902406462,56.2566519902123 -64.0755792394601,56.2560129905311 -64.0873762340699,56.2568789903964 -64.0889372334023,56.2683829897406 -64.0893512329799,56.2714349893369 -64.0899712316215,56.2760129889162 -64.0904972317058,56.2798869884648 -64.0914952311665,56.2803219883638 -64.0979892289037,56.2831559878738 -64.104483226439,56.2859879877597 -64.1109792229607,56.2888209874877 -64.1112632221672,56.2889449878771 -64.1143702214468,56.2929799876123 -64.1172642192808,56.2967369868803 -64.1179822189955,56.2970439867241 -64.1245312161052,56.2998409860439 -64.1263642153655,56.3006229864999 -64.1303822139798,56.3023389858051 -64.1388732113214,56.3028299863748 -64.1394712101476,56.3028649863928 -64.1476852064383,56.3033409863289 -64.1486302063161,56.3033959866597 -64.1470482073433,56.3060049858327 -64.1434392080047,56.3119549854092 -64.1260242148048,56.3169829843062 -64.1126772193542,56.3214949836379 -64.1094352217206,56.322590983761 -64.1086562217428,56.3233559835901 -64.1063012223744,56.3256669831532 -64.0981932249832,56.3336199823053 -64.098194224275,56.3336209820516 -64.0981932250979,56.3336209817293 -64.0999102242451,56.335352982271 -64.1038962222514,56.339374981773 -64.1074912209212,56.3430009815718 -64.1036742221719,56.3471759808422 -64.1033802226622,56.3474979804149 -64.09963722359,56.3515919796559 -64.0993532227757,56.3519019797469 -64.103501221441,56.3554659798728 -64.1079902191628,56.3593229791385 -64.1124792178979,56.363178978576 -64.1158602157964,56.3660829786808 -64.1176302143016,56.3666489785803 -64.1202402140689,56.3674839787922 -64.1278432106932,56.3699179783598 -64.1134292161846,56.3831719766576 -64.112560215796,56.3839709763984 -64.1104042175265,56.3859529760047 -64.1110922159986,56.3881969754085 -64.1124812159498,56.3927239749543 -64.1138702142863,56.3972509748515 -64.1152592134035,56.4017769744005 -64.1152902132312,56.4018789744955 -64.115357213586,56.4020959745619 -64.1238062106191,56.4019669743512 -64.1313312065132,56.4018519747763 -64.1327852056116,56.4018299745721 -64.1386722043062,56.4037459749016 -64.1436962016883,56.4053819740497 -64.1448902006787,56.4065719744599 -64.1489161992444,56.4105849736244 -64.1529441971345,56.414596973537 -64.1568821953104,56.4185199727312 -64.1581071955968,56.4197409730128 -64.1779851873359,56.4252329727661 -64.1777721865963,56.4253269725599 -64.1777421864584,56.4253399725026 -64.1767511867482,56.4257769723084 -64.1646171913236,56.4311229716892 -64.1643291914094,56.431248971684 -64.1620761920155,56.433164971807 -64.1593471937715,56.4354849713009 -64.1555861940879,56.4386829704939 -64.1527411960787,56.4411009707544 -64.1504461968764,56.4399629708135 -64.1478551984234,56.4386789701988 -64.1373152029991,56.4334519712821 -64.1193602105519,56.4288159715302 -64.1156562111704,56.4280869714073 -64.1155812114205,56.4280719707343 -64.1152482120618,56.4280059709575 -64.1042602163469,56.4258429710178 -64.0999642192876,56.4249969709772 -64.0955022205744,56.4241179708565 -64.0919512216615,56.424119970772 -64.0861182237103,56.4241239713219 -64.0643622332016,56.4241339704826 -64.064359233275,56.4241339711617 -64.0622792344441,56.4236729703904 -64.0592032358634,56.4229919705961 -64.0515092383583,56.4212879702985 -64.044823241188,56.4198069710421 -64.0437482420677,56.4197239709781 -64.0376172445232,56.4192489710605 -64.0205752516547,56.4179259701989 -64.0111302562312,56.4110669710739 -63.9930172639239,56.4081999709072 -63.9804722683976,56.4097149709219 -63.9682862732927,56.4105019699481 -63.9657562749555,56.4106639701767 -63.9624822745024,56.4132259697808 -63.962344276185,56.4133339697859 -63.9542922778336,56.4196349684545 -63.9529042783937,56.4207199691594 -63.9520132784642,56.4214169688491 -63.9510562799212,56.4217849688708 -63.9018432981883,56.4406919656635 -63.8915953026834,56.4355719660408 -63.8867793046965,56.4331639657196 -63.8864723049712,56.4330109658011 -63.8817123072706,56.4364869654774 -63.8813073077031,56.4367829654442 -63.8755773082624,56.4409669650164 -63.8742313102662,56.4419489648497 -63.8737973101301,56.4442649643478 -63.8731373096674,56.4477879636841 -63.8729173094054,56.4489599634544 -63.885446303249,56.4592109628722 -63.8852243040522,56.4604759625128 -63.8844223038322,56.4650469625669 -63.8837183041734,56.469052961726 -63.8837203042252,56.4690529622487 -63.8837263044704,56.4690529617828 -63.8847433031716,56.46905096121 -63.8930393004592,56.4690299617279 -63.8976942990485,56.469017961795 -63.9006502968261,56.4678399622118 -63.907382295285,56.4651559625645 -63.9091852944755,56.4644369625872 -63.9127532924388,56.4630149628246 -63.9234982879148,56.4628709633227 -63.9284222859728,56.4651649634912 -63.9292502855394,56.4655509629599 -63.9306332856507,56.4661959631807 -63.9308472843448,56.4697849619751 -63.9310902847011,56.4738639619315 -63.9311422843498,56.4747439618146 -63.9311552838067,56.4749679618127 -63.9338522831419,56.4786789616268 -63.9369492806954,56.4829389613666 -63.9400462802637,56.4871999604906 -63.9417052795159,56.4894809604627 -63.9443292776592,56.4930909605148 -63.9416582778956,56.497835959715 -63.9404182789501,56.5000379594262 -63.9403372793782,56.5001829591959 -63.939095279184,56.5023879590617 -63.9396662789138,56.5046499590638 -63.9408162784994,56.5091979584999 -63.9413812774875,56.5114339576794 -63.931064280089,56.5337469553832 -63.9340392785207,56.53531195478 -63.9400602772311,56.5384789547776 -63.9460822740591,56.5416459543011 -63.9521042716114,56.5448129538445 -63.9535422702203,56.545568953907 -63.9558892697246,56.5468029538588 -63.956892268852,56.5480849535616 -63.9571142694004,56.5483689535262 -63.9604122677124,56.5525859530796 -63.9637112662564,56.5568019529434 -63.964181265198,56.5574029530695 -63.9699632626396,56.5597089531777 -63.9767072606292,56.562398952719 -63.9825732568081,56.5647379527958 -63.9832092576681,56.5652219522378 -63.9880912541903,56.5689409522475 -63.9929752528574,56.5726599513751 -63.9978592498025,56.5763789512449 -64.0000012498984,56.5780089513184 -64.0015722491436,56.5792049508157 -64.0017952487887,56.5803009512298 -64.0027232484163,56.584865950605 -64.0036522476807,56.5894309497949 -64.0040172466587,56.5912259498546 -64.0083682450213,56.5926419500873 -64.0155382413397,56.5949769491601 -64.0227102381843,56.5973109496078 -64.0298832353127,56.5996449492205 -64.0370562323801,56.6019779486399 -64.0442312296977,56.6043109490566 -64.0504612268466,56.6063369488412 -64.0533312251255,56.6155239477463 -64.0528852240594,56.615923948022 -64.0506732253381,56.6179139473196 -64.0336512326052,56.6332229453578 -64.0352422314717,56.6351179456619 -64.0356932312776,56.6356549454803 -64.0391942294157,56.6398239443647 -64.0399502289181,56.640723944643 -64.0349812300396,56.6440919444279 -64.0305652316855,56.6470839439482 -64.0305262318596,56.6471109437547 -64.0266482338758,56.6511389437851 -64.0248592341639,56.6529969428991 -64.0249792345986,56.6530179430674 -64.0291732320385,56.6537449427237 -64.0371292289835,56.6551249425479 -64.0450852258513,56.6565039430104 -64.0510182230479,56.6575329426065 -64.0531102227161,56.6573379427644 -64.0613352193429,56.656572943117 -64.0695592160652,56.6558069435278 -64.0777832123533,56.6550399433479 -64.0860072095874,56.6542729439413 -64.0908372065496,56.6538219438355 -64.0915922065416,56.6556709442432 -64.0934232049572,56.6601529433626 -64.0945232055838,56.6628469432769 -64.0945242049884,56.66284694312 -64.094524205003,56.6628479428723 -64.095375205074,56.6633539428881 -64.0967842042734,56.6641919427113 -64.1024532009153,56.6675629426649 -64.1081221985685,56.6709339426302 -64.1137931967115,56.6743049420356 -64.1194651931901,56.6776749416417 -64.1251381916362,56.6810449419783 -64.1257411908992,56.6814029415235 -64.1282341903651,56.6828849415157 -64.1325491867175,56.6919819405477 -64.1334081876879,56.6937939401658 -64.1339821860556,56.695003940055 -64.1453141822064,56.6997439397979 -64.1190421904822,56.7231459361936 -64.1188791902271,56.7232909365083 -64.1181091907561,56.723976936282 -64.1123721931867,56.7338899355995 -64.1096071944354,56.735968934761 -64.1046741959956,56.7396789345875 -64.0997401981303,56.7433889338466 -64.0994441971623,56.743610934234 -64.0965531985431,56.743969933458 -64.0762812069225,56.7464849328532 -64.0740072068664,56.7554509314542 -64.0766402066494,56.7567199318536 -64.0811142035423,56.7588789317102 -64.0853892020618,56.7609409320225 -64.0789082048768,56.7669909311308 -64.0127582301228,56.7786659284081 -64.0019782342423,56.7975779255838 -64.0089182305586,56.8067119249903 -64.0099272281024,56.8369239208817 -64.0109832279183,56.8413899207826 -64.0114882277372,56.8435269206129 -64.012565225312,56.8480849202493 -64.0129792263732,56.849834919699 -64.0117052257308,56.8514319198708 -64.0034782293675,56.8617329180049 -64.0025112290492,56.8617019184597 -63.9838782378674,56.8611119178603 -63.9494952505617,56.8674369169345 -63.9484802516812,56.8676239166427 -63.9483242512529,56.8676529166849 -63.9480192512554,56.8677089167118 -63.9239052617924,56.8706149156563 -63.9188122630124,56.8712279158194 -63.916056264639,56.8720929150207 -63.910318266549,56.8738939152208 -63.8995012714628,56.8772889143497 -63.8743592819762,56.8744899147513 -63.8690672842819,56.8724849147137 -63.8628342865072,56.8701229144847 -63.8591572885508,56.8687289145121 -63.8580922889108,56.8707949145396 -63.8571482891435,56.8726259145951 -63.8594262881486,56.8750139141499 -63.8633132852396,56.8790869132945 -63.8659352846903,56.8818329137109 -63.8673832834708,56.8833509128974 -63.8673972841273,56.883364913135 -63.8662712836565,56.8876859127302 -63.8650852840197,56.8922369124125 -63.8638982845103,56.8967869113708 -63.8638922853427,56.8968119113812 -63.8701562816783,56.8998349115617 -63.8764562794793,56.9028749110383 -63.8786202777362,56.9039189108642 -63.8840702757386,56.9043819115276 -63.8923722726274,56.9050859111013 -63.899234270048,56.9056669112103 -63.8999282688709,56.9057259107146 -63.8999292683559,56.9057259112832 -63.9002992698103,56.9053669110114 -63.904426267033,56.9013639116345 -63.9080212655606,56.897876912585 -63.9087352658942,56.8983209126783 -63.9142812636711,56.9017729116429 -63.9180952614244,56.9041469118519 -63.9180832619277,56.9043289114122 -63.9180042609125,56.9055819112984 -63.9178162622261,56.9085739109859 -63.9174642617518,56.9141579105066 -63.9174252610372,56.9147689108532 -63.917295261276,56.9168149100022 -63.91607426219,56.9182359101787 -63.9081012646628,56.9275089092531 -63.9081012639982,56.9275099084888 -63.9103212634414,56.9318639088253 -63.9125802617947,56.9362919078744 -63.9143642602841,56.9397879078999 -63.914322261105,56.9400369072897 -63.9142032614057,56.9407509077956 -63.9139262602551,56.9424199069076 -63.9117792612213,56.9553109056355 -63.9141292577393,56.9776199034639 -63.9078712608437,56.9841059024241 -63.8923492673143,56.9817619021629 -63.8886942685518,56.9812089022766 -63.8870012697977,56.9809539026867 -63.8607092783304,56.9973708999854 -63.8604442794465,56.9975358994477 -63.8577752801447,56.9992008998526 -63.8577772800863,56.9992018993298 -63.857776280164,56.999201900069 -63.8591502796008,56.9997468996409 -63.8599242798608,57.0000548994295 -63.8613072790021,57.0006049000011 -63.8681192766608,57.0033098991567 -63.8749312722467,57.0060148990061 -63.8817452690761,57.0087188988763 -63.8885592661497,57.011422898996 -63.8919362661146,57.0127628985961 -63.8919352652814,57.0127698989539 -63.8919352658636,57.0127758989797 -63.8918382652828,57.0142068990807 -63.8896942638474,57.0458568950142 -63.889694264143,57.0458578947787 -63.8908682629136,57.0470838950493 -63.8941642621472,57.0505248943033 -63.898572259874,57.0551268945734 -63.8915152626194,57.0625178934336 -63.8918312614303,57.0697178920588 -63.8919612619419,57.072695891787 -63.8920692612627,57.0751718912957 -63.8916852608854,57.0772818911061 -63.8908522616807,57.0818578912189 -63.8900842609647,57.0860718904734 -63.889469261153,57.0862108899948 -63.8816852645269,57.0879678900635 -63.8412952814093,57.0804448898881 -63.8397662819888,57.0801588895501 -63.8354792848365,57.0791388901392 -63.8201492906052,57.0754868903469 -63.8118112938626,57.078866889678 -63.8073882950975,57.0909868882049 -63.7987182985075,57.1064368862382 -63.7859823029227,57.1172758849683 -63.7857553027746,57.1174678845511 -63.7845723031703,57.1187408842398 -63.7648863092971,57.1399148817849 -63.766002308503,57.1415568819007 -63.7662623091033,57.1419398812624 -63.7691923064493,57.1462538812219 -63.7721233054317,57.1505668803192 -63.7750553039991,57.1548808802706 -63.7779873033273,57.1591938801482 -63.7797493010602,57.1617858796367 -63.7797093010077,57.163620879486 -63.779609301286,57.1682198788227 -63.7795093011853,57.1728178782448 -63.7794093016728,57.1774158776394 -63.7793673016601,57.1793698773852 -63.7709853036379,57.1960068752387 -63.769585303587,57.1968828754732 -63.7521863103958,57.2077618739343 -63.7500983106296,57.2090668738174 -63.749849311572,57.2093088734552 -63.7384173151938,57.2203498715944 -63.7373803160453,57.2213508721882 -63.7371383150408,57.2215848719956 -63.7414663118834,57.2407548699488 -63.7453343111756,57.2430708692813 -63.7456933103968,57.2432858692439 -63.7513873077548,57.2466958696627 -63.75689930647,57.249995869123 -63.7570813047959,57.2501048691909 -63.7597713038069,57.251714868758 -63.7634173034846,57.2531238689268 -63.7703262993079,57.2557938689791 -63.777237297153,57.2584638682464 -63.7796012956568,57.2593768689917 -63.7851032929909,57.2598938679275 -63.7934662897835,57.2606788689058 -63.8018292862061,57.2614638689627 -63.8091372829239,57.2621488687614 -63.8097492828008,57.2616948683475 -63.809769283689,57.2616798689742 -63.8098022830663,57.2616558690118 -63.8147772815187,57.2579668693958 -63.8187392798277,57.2550278702019 -63.8192272793141,57.2541058695894 -63.8213792792019,57.2500428708129 -63.8215692784677,57.2496848707468 -63.8239092787747,57.2452648707983 -63.8261252772635,57.2410788713568 -63.8263762771345,57.2408758715871 -63.831080276485,57.2370488719055 -63.8357832740574,57.233221872767 -63.8404852728512,57.2293938727217 -63.8419892722101,57.2281688734484 -63.8447182710712,57.2259488732703 -63.8447182697638,57.2259478737342 -63.8446772706805,57.2257498734258 -63.8441982708307,57.2234208735276 -63.843685271834,57.2209218745954 -63.8431932714225,57.2185318744657 -63.8416482727281,57.2110128752509 -63.8416022736055,57.2107898748471 -63.8426362731241,57.2092308750897 -63.8438502729457,57.2074018753823 -63.8459882708568,57.2041788759856 -63.8480422708267,57.2038118765342 -63.849056270476,57.2036308762914 -63.8612432649796,57.2014538768645 -63.861566264729,57.2011948765714 -63.862953264866,57.2000838769629 -63.8677032633147,57.1962758773833 -63.8723872606977,57.1925208779875 -63.8745322602692,57.1932038777485 -63.8797932586649,57.1948808782657 -63.8840762562909,57.1962448772576 -63.8830442565184,57.1975098774634 -63.8809312569877,57.2001018771825 -63.8792272574916,57.2021898768822 -63.8788822576649,57.2026128771293 -63.8747682593671,57.2076568756815 -63.8733912593009,57.209343876237 -63.8728762599438,57.2106898761933 -63.8722282602561,57.2123848752605 -63.8669762610266,57.2261138738702 -63.8680352602456,57.2286928739136 -63.8698792605412,57.23318187304 -63.8717232585105,57.2376708723185 -63.8735672571183,57.2421598725889 -63.8737352567,57.2425668724743 -63.8751492565551,57.2466778712419 -63.8763112555152,57.2500558713645 -63.8767052561934,57.2511998709396 -63.8782612549322,57.2557208706676 -63.8798182530858,57.2602418705467 -63.8813762533052,57.2647628701433 -63.8814462531337,57.2649688695569 -63.8821142515316,57.2693438692369 -63.8828132519172,57.2739278693152 -63.8833742518038,57.2776098687535 -63.8827832517654,57.2784558683836 -63.8826792523631,57.2786048682374 -63.8693832551122,57.2976078660697 -63.8665412557387,57.3098618639887 -63.8656732568437,57.3135998642427 -63.865582256518,57.3137918640796 -63.8641822564483,57.3167338636864 -63.8558222593133,57.3342898612215 -63.8266542705086,57.3387948606236 -63.8243372716948,57.3391528608313 -63.804488279533,57.3331158606337 -63.8017272808684,57.3322758606179 -63.801726281391,57.3322758606209 -63.797377282441,57.3403758595148 -63.7854992868045,57.3531858577362 -63.7745622910209,57.3563308569808 -63.7738522916198,57.3565348572174 -63.7681932945665,57.3581608570969 -63.7663212946046,57.3581308569217 -63.7422603052916,57.357728856362 -63.741980305453,57.3577238570088 -63.7419793052608,57.357723856521 -63.7146193153974,57.363253855538 -63.7060413193433,57.3665188554983 -63.7025513202057,57.3678468545076 -63.7013023203387,57.3683228545764 -63.7028873202761,57.3719988542101 -63.7048193200817,57.3764788537826 -63.7067513173661,57.3809588535675 -63.7082733170592,57.3844878534754 -63.7091943157355,57.3853288530581 -63.7135333142922,57.3892878526466 -63.7178733133762,57.3932458520944 -63.7222143108847,57.3972048523178 -63.7234423107563,57.3983248517809 -63.7223443095935,57.4003578512878 -63.7103063145648,57.4226188489135 -63.7110563132783,57.4245218484099 -63.7124603130815,57.4280908482109 -63.7142323115801,57.4325918482468 -63.7160043103951,57.4370918472071 -63.7164413097986,57.4381988474386 -63.7201133091953,57.4353518480249 -63.724983307284,57.4315738480245 -63.7283283061752,57.4289788485991 -63.7314593052471,57.4265508489863 -63.7359323029597,57.4284688485825 -63.7426103006703,57.431330848207 -63.7492892964639,57.4341928485839 -63.7559692934216,57.4370538483255 -63.7582772922461,57.4380428480648 -63.7612612917629,57.4393208477143 -63.7585502912107,57.4530318466703 -63.7583592919365,57.4539958458082 -63.7582772921646,57.4544098465443 -63.7582772910443,57.4544108462556 -63.7657412884789,57.4646078452679 -63.7670252872898,57.4685268447696 -63.7680052867522,57.4715248440057 -63.7694892852173,57.4760558437837 -63.7709722848697,57.4805868431486 -63.7724562830536,57.4851178428617 -63.7739402823029,57.4896488423203 -63.7752222821192,57.4935618416068 -63.774999281987,57.494177842 -63.7738462822083,57.4973538411779 -63.7704222830123,57.5067848401448 -63.7700812827726,57.5077248403481 -63.7684412837385,57.5122408396541 -63.7675042835163,57.5148198396388 -63.7638452853322,57.5149408395854 -63.7553102890973,57.5152208388403 -63.7533952905288,57.515283839233 -63.7530072898615,57.5188468393923 -63.7527952896882,57.5207998384738 -63.7511702899868,57.5357328366834 -63.7519842890369,57.5371568367775 -63.7545002874747,57.5415548365052 -63.7570162866493,57.545952835873 -63.759533285034,57.5503518353226 -63.7620502832731,57.55474983496 -63.7645682823087,57.5591478348075 -63.7654912816741,57.5607588342262 -63.7663612804354,57.5636368341391 -63.7677332802125,57.5681788338554 -63.7691062792996,57.5727208332446 -63.7704792784584,57.5772628329092 -63.7711042783231,57.5793288325102 -63.7712592774386,57.5818368324743 -63.771544276752,57.5864358315624 -63.7717872779097,57.5903478311435 -63.7719172769139,57.5924388308448 -63.7660052788912,57.5920558304539 -63.7582762820074,57.5915548307592 -63.7578902827258,57.5911878304986 -63.7536762854674,57.5871808313694 -63.7520112860172,57.5855978318006 -63.7455752896669,57.5794768317816 -63.7346732929557,57.5872578312848 -63.7326212931229,57.5887208304942 -63.7322032931984,57.5913038302482 -63.7314782942488,57.5957808297793 -63.7306132936126,57.6011178297431 -63.7008083042035,57.6147408272418 -63.6995073049669,57.6153348268831 -63.6990583058155,57.614976827277 -63.6942763084087,57.6111558272491 -63.689496310391,57.6073358282786 -63.6847173123497,57.6035148275456 -63.6846033126571,57.6034248280561 -63.6846023122936,57.6034248280115 -63.6702783164183,57.6211738260543 -63.6698313171206,57.6211488261443 -63.6499543262989,57.6200528252594 -63.6499523253254,57.6200528258376 -63.6493283258273,57.6218188256954 -63.6477293263382,57.6263408242703 -63.6468543266657,57.628814824331 -63.6449243271973,57.6342698240082 -63.624663335152,57.6413638225451 -63.6229673357299,57.6419578228749 -63.6223723354935,57.6427748224114 -63.6192463377504,57.6470608223346 -63.6166113385517,57.6506718215672 -63.6158163387194,57.6512578211846 -63.6142573383539,57.6524048209274 -63.5987283449621,57.6638278195133 -63.5956993447924,57.6794598178393 -63.5955163442948,57.6804028178989 -63.5946293454657,57.6849808175799 -63.5945003444865,57.6856418173865 -63.6002473420855,57.6880988165235 -63.6069653387701,57.6909698171727 -63.6094873387112,57.6920478171378 -63.5969603427451,57.7076838146066 -63.5948703422932,57.7193358131882 -63.5967713402366,57.7412368112397 -63.6029133379651,57.7408268116921 -63.6106233338418,57.7403118115965 -63.6191633314946,57.7397408119167 -63.6231973299782,57.7394708117132 -63.6251483289332,57.7372778122934 -63.6288453275716,57.7331208128178 -63.6325403258602,57.7289638131993 -63.632567326246,57.728933812928 -63.6345603251892,57.7293298134325 -63.6405743231983,57.7305258129802 -63.6486403188949,57.7321288125659 -63.6525073181546,57.7328968132647 -63.6525083168902,57.7328968130845 -63.6547313168585,57.7316148132474 -63.6555553154548,57.7311398132967 -63.661407313638,57.7277658142277 -63.6672583118276,57.7243918146694 -63.6680573119898,57.7239308146367 -63.6645043131102,57.720439814463 -63.6603913160204,57.7163978152901 -63.6599533150641,57.7159678148276 -63.6596673152344,57.7083918159118 -63.6596243152433,57.7072538162632 -63.6594503164146,57.7026518168347 -63.659418316222,57.701806816872 -63.6636463144682,57.6988078169313 -63.668036313105,57.6956918179065 -63.6724373115222,57.6925698181019 -63.674626311041,57.6933178184819 -63.6798213077359,57.6950908179095 -63.685133306256,57.6969048177982 -63.6854473071506,57.6833318198039 -63.6862873064965,57.6797398193365 -63.6871583069584,57.6760188205934 -63.6882263063513,57.6714518210555 -63.6892943061746,57.6668848210082 -63.6903623071242,57.6623178217069 -63.6914293065726,57.6577518226659 -63.6924963067619,57.6531848224857 -63.6926133056096,57.6526878230118 -63.6959853044388,57.6563578227561 -63.695990304702,57.6563638229774 -63.6997823024925,57.6604928221525 -63.7027783010876,57.663754821327 -63.7027803006373,57.6637548218675 -63.7030453004178,57.6637468215386 -63.7045792998823,57.663701821332 -63.7131542960923,57.6634488216448 -63.721728293483,57.6631938224339 -63.7303032895271,57.6629388225277 -63.7352922870816,57.6627908221909 -63.7371822866595,57.6644268226806 -63.7417022844154,57.6683408223509 -63.7462242824528,57.6722538216267 -63.7485522807035,57.6742688218198 -63.7472962808937,57.6790958210211 -63.7467902804478,57.6810378206685 -63.7456042819724,57.6855968199486 -63.7448152816904,57.6886258202534 -63.7456762811387,57.6900998191319 -63.7482432805117,57.6944918191375 -63.7495432792621,57.6967158191313 -63.7513942776666,57.6998828183741 -63.7536312751756,57.7207338167333 -63.7543342752445,57.7199948162927 -63.7545502756591,57.7197678162198 -63.7584522730174,57.7156668172085 -63.7623542731046,57.7115648178722 -63.7662542711631,57.707462818148 -63.7701542704008,57.7033608188783 -63.7711752685649,57.7022868188955 -63.7731352697261,57.7002258190656 -63.7772892673536,57.697067819038 -63.7792532673559,57.6955758194721 -63.7842032641582,57.6918138203591 -63.7889282634669,57.6882208208854 -63.7898732636078,57.687502820664 -63.7948022610333,57.6864708209694 -63.7967112598748,57.6860708205611 -63.8042252572764,57.6844968214532 -63.8090302548519,57.6872628210729 -63.8104352536188,57.6880728213 -63.8133562532643,57.6897548211489 -63.8154202509491,57.6942058206029 -63.8164642510828,57.6964588208411 -63.8185352498349,57.7009258199367 -63.8192642499472,57.7024968194467 -63.8207122489624,57.7056208190195 -63.8221282476712,57.7063288189603 -63.8266732455159,57.7086048189746 -63.8329552433888,57.7117478194236 -63.8392382404409,57.7148908183528 -63.8455222376018,57.7180338189541 -63.8474772373897,57.7190118182452 -63.8521342344034,57.7170508185451 -63.8588922318741,57.7142048186707 -63.8656502298244,57.711357819824 -63.8660852293684,57.7111748196335 -63.8740392262574,57.7118268197789 -63.8747542256043,57.7118858194353 -63.8834212219037,57.7125968194439 -63.8853382205721,57.7157238191886 -63.8858222203782,57.7165158196058 -63.8885002188535,57.7208898187274 -63.891179217958,57.7252638189103 -63.893859215856,57.7296378184289 -63.8965392142546,57.7340118173416 -63.8992202141572,57.7383858171581 -63.9019022114249,57.742759816531 -63.9045842104016,57.7471338164374 -63.9063732093289,57.750050816064 -63.9071792090242,57.7513648157176 -63.9060992097302,57.7534338161199 -63.9047892091735,57.7559428152973 -63.9024742100243,57.7603768151903 -63.9011432101993,57.7629258145352 -63.9020982099096,57.7648148140781 -63.9043452089375,57.7692578138722 -63.9065932085318,57.7737018133116 -63.9071282078144,57.7747588131835 -63.9081882071374,57.7768548134518 -63.903846207241,57.7982378108532 -63.9083502051165,57.799758810295 -63.9123572037231,57.8011118103573 -63.915165202101,57.7996808109544 -63.9214022000505,57.7965018114556 -63.927372197225,57.7934598120561 -63.9276571980047,57.7933348117768 -63.9343201945246,57.7904148117635 -63.9385971926527,57.7885398124724 -63.9410541924439,57.7895378121859 -63.9419731919639,57.7899108125468 -63.9457131896672,57.791429812245 -63.9469761887618,57.792744812302 -63.9509111879903,57.7968408120573 -63.9512951872142,57.7972408115126 -63.953637186413,57.7996768119177 -63.9541241865564,57.7996738115457 -63.9559421857295,57.7996648120852 -63.9562871857163,57.799662811508 -63.9649091811767,57.7996168113382 -63.9723491779698,57.7995768114128 -63.9732101781344,57.8000088116548 -63.9794931741596,57.8031618119036 -63.9857771723466,57.806314812055 -63.9920631698152,57.8094668116073 -63.9972501669464,57.812067811559 -63.9982021662986,57.8114438109405 -64.0000011653769,57.8102628115836 -64.0036451638824,57.8078728116697 -64.0071591638485,57.8055678120426 -64.011879161521,57.8024708127161 -64.0142481606128,57.8043228120022 -64.0191121583698,57.8081248120315 -64.0199041569656,57.8087438120215 -64.0208811569301,57.8095068115044 -64.0230951554026,57.8081478121691 -64.0244841555212,57.807295811904 -64.0298351535152,57.8040128127892 -64.0299161537558,57.8037648124256 -64.0314061534973,57.7992308127204 -64.0328961530999,57.7946968135139 -64.0339701531035,57.7914258142165 -64.0330021539978,57.7902518143482 -64.0319161538108,57.7889328148008 -64.0232861583897,57.7784498156658 -64.0240701579681,57.7743138160304 -64.024328158892,57.772957816281 -64.0251971581761,57.7683778159665 -64.0259531589972,57.7643928166716 -64.0270431570212,57.7645258171147 -64.0354401544493,57.7655508175635 -64.0438371503989,57.7665758172647 -64.0522351460474,57.7676008173407 -64.0606341427225,57.7686238171655 -64.0690331397932,57.7696478176057 -64.0716881389147,57.7699708175807 -64.0720011388153,57.7700088171204 -64.0740561378193,57.7724988168519 -64.0742481376722,57.7727318173869 -64.0777221346936,57.7769448167177 -64.0811971328561,57.7811568163541 -64.0846731327588,57.7853688160612 -64.0881501300752,57.7895818151468 -64.0916271282589,57.7937938147971 -64.0920721279277,57.7943318148365 -64.0967031258472,57.7974948151052 -64.1020141237287,57.8011218142991 -64.1073261205819,57.8047478141483 -64.112639118414,57.8083738136264 -64.1160471168441,57.810698813836 -64.1166761171127,57.8111278135099 -64.1170141170752,57.8122198138335 -64.1184211155173,57.8167618127506 -64.119599114592,57.820564812565 -64.1213671140934,57.8262738124705 -64.1222501128098,57.8278688117949 -64.1235791126972,57.8302728112868 -64.1260201108289,57.8346888112691 -64.1284631104919,57.8391038110236 -64.1309061087149,57.8435198101178 -64.1333491068131,57.8479358095193 -64.1357931062622,57.8523508097301 -64.1374131040895,57.8552758094604 -64.1382311042838,57.856767809125 -64.1406571027925,57.8611858088095 -64.1430831024755,57.8656048081646 -64.1455101006698,57.8700228080959 -64.1479370989171,57.8744418072277 -64.1503650984468,57.8788608067413 -64.1527930966398,57.8832788064535 -64.1552230943394,57.8876978060872 -64.1558010946475,57.8887488060629 -64.156597094638,57.8901978063482 -64.1579690913812,57.9162858031628 -64.1606250899367,57.9201588025679 -64.1625260900827,57.9229308021256 -64.1633140886559,57.923040802123 -64.1665190869048,57.9234888024452 -64.1728170846845,57.9243688022793 -64.1811880813069,57.9255378027627 -64.1847040798877,57.9260288025702 -64.1874310782087,57.9282708022295 -64.1921350766393,57.932135802458 -64.1968400731842,57.9360008014671 -64.1982890733463,57.9371908013251 -64.1987880723409,57.9376008012092 -64.1992260727913,57.940288801617 -64.1999740717758,57.9448758005864 -64.2007210708734,57.9494638000017 -64.2014700711763,57.9540507998534 -64.2022180708519,57.9586377989669 -64.2029660692891,57.9632257982443 -64.2033440684527,57.9655397982714 -64.204661068158,57.9736187978387 -64.2090570658307,57.9766897970623 -64.2137600634872,57.9799767971153 -64.2190070610526,57.9836427963741 -64.2242540590592,57.9873077967024 -64.2274400564836,57.9895317962231 -64.2275070577785,57.9913417959265 -64.2276780575595,57.9959457954815 -64.2277990559834,57.9991917955342 -64.2280330560846,58.005487795149 -64.2281290551763,58.0055877945261 -64.2316790543394,58.0092957942552 -64.2349670515027,58.0127267940733 -64.2381740509092,58.0160747932691 -64.2384890497522,58.0217497928166 -64.2385180505273,58.0222817930847 -64.2386690494708,58.0250207928976 -64.2374530510936,58.0257417923826 -64.2185070569125,58.0369727908547 -64.2303910524291,58.040760791113 -64.2328150520128,58.0415337905794 -64.2336870502258,58.0418117904514 -64.233688050657,58.041811790778 -64.2391330488493,58.0408327907359 -64.2409480480093,58.0405067907084 -64.249173044935,58.0390287914326 -64.2509610435169,58.0387077918658 -64.2536310428318,58.0420207913692 -64.2570440402628,58.0462557904088 -64.2604580390609,58.0504897902899 -64.2638730360731,58.0547247899817 -64.2672890354017,58.0589597899151 -64.2692590346898,58.0614007895555 -64.2692590350266,58.0613997892026 -64.2692600341603,58.061400789173 -64.2717640333452,58.0571287900761 -64.2729290336854,58.0551417902071 -64.275261031986,58.051161790192 -64.2777350316663,58.0469407911028 -64.2805000314692,58.0466287912672 -64.2873790275016,58.0458517914745 -64.2958730237789,58.044891791948 -64.299267022085,58.0445077919793 -64.3021500211932,58.046812791479 -64.3069520193264,58.050649791836 -64.3117560170809,58.0544867907671 -64.316560014783,58.0583237912268 -64.320509013124,58.0614767903296 -64.3219260123759,58.0618087908103 -64.3298750091294,58.0636687903907 -64.3378250051923,58.0655277905785 -64.3457760012848,58.0673867903847 -64.3503819993665,58.0684627907216 -64.3539129973382,58.0692887901837 -64.3587339961502,58.0692947904121 -64.3624029944074,58.0693007910786 -64.3710939900417,58.0693117909149 -64.3797849868261,58.0693237912149 -64.3871229832765,58.0693327908364 -64.3871469834091,58.0693327907331 -64.3871489834648,58.0693327913359 -64.3882799836449,58.0689647910657 -64.3956849803573,58.0665537913079 -64.4030889772189,58.0641427923991 -64.4104929747989,58.061731792103 -64.4115939750872,58.0613727922057 -64.412283973606,58.0611477920088 -64.4174429711656,58.0633177923567 -64.4242509675478,58.0661807922603 -64.4305179649292,58.0688147916701 -64.4330919634895,58.0698977921047 -64.4320149642575,58.0730767912052 -64.4315999645776,58.0743027911254 -64.4268839660833,58.0882117900427 -64.4353939607024,58.0983637885182 -64.4339839609862,58.1130727874423 -64.433960961087,58.1133097869441 -64.4336739604755,58.1163037868331 -64.4259059628931,58.1288347854297 -64.4250699631203,58.1301827848406 -64.4250699634097,58.1301837851966 -64.4257689630013,58.1333097848923 -64.4262749625369,58.13556978509 -64.427297961217,58.1401437837134 -64.4283209607105,58.1447177834391 -64.4293449598887,58.1492917837682 -64.4303689586753,58.1538657826786 -64.430892958735,58.1562047830179 -64.4297719595619,58.1583767821768 -64.427478959617,58.1628197817199 -64.4272039592968,58.163352781975 -64.4231139608455,58.1712787811298 -64.4228919613442,58.1717077803636 -64.4217989613104,58.1738237804816 -64.4217869609757,58.1762367799302 -64.4217629602853,58.1808427796038 -64.4217549609658,58.1824787796466 -64.4217329599465,58.1866617794004 -64.3924849719272,58.1955627779582 -64.3895349722412,58.1964597774607 -64.3871349745727,58.1982507768719 -64.3849299743574,58.1998947764934 -64.3809799763005,58.2028407760482 -64.3770509770125,58.205769775854 -64.3735639780924,58.2083697757878 -64.3728219803314,58.2085017755954 -64.3221489994421,58.2175277735657 -64.3213919998333,58.2176627736068 -64.3191190013382,58.2180667730322 -64.3136240047014,58.2184117732568 -64.275241020126,58.2208167721072 -64.2711980207637,58.2210687721495 -64.2696600218663,58.2214807725477 -64.2661110238637,58.2224307723453 -64.2475040309996,58.2274097714391 -64.2440540325599,58.2330947702767 -64.2417650323208,58.2368637697214 -64.2412840332031,58.2376567702799 -64.236655034868,58.2396397690114 -64.2209500412955,58.2463637680876 -64.2177780428779,58.2477207681195 -64.2177050430297,58.249347768088 -64.2176750422615,58.2500177678491 -64.217640041955,58.2508077676745 -64.2173790420379,58.2566147676216 -64.2172920408805,58.2585587669238 -64.2171650418669,58.2613987665615 -64.2171420416634,58.2619107664436 -64.2085450438815,58.2756257647122 -64.2085450441254,58.2756267647958 -64.2089660438029,58.2762157654136 -64.2120460431908,58.2805277645219 -64.2151270404709,58.2848387641388 -64.216985040391,58.2874397640961 -64.1969100475063,58.2935657625028 -64.1969100474146,58.2935667625955 -64.1971500471929,58.2969947619741 -64.1974720474134,58.3015977623029 -64.1977930472552,58.3062017616765 -64.1981150457917,58.3108057606251 -64.1981920458721,58.3119097611979 -64.1862080512935,58.3164237602472 -64.1856600511864,58.3166297605636 -64.1855030504109,58.3166887597351 -64.184569051199,58.3170407605907 -64.1784460522489,58.3300617583315 -64.1782060533153,58.3305707589031 -64.1782060534885,58.3305717582074 -64.1806790514546,58.332345758642 -64.1824610507671,58.3336237579988 -64.186770048602,58.3367137578242 -64.1858330491728,58.3373117583278 -64.1827260507049,58.3392957577359 -64.1755170528499,58.3438977572459 -64.1723980536541,58.3609127553407 -64.1722240537273,58.3618617554955 -64.1709710537435,58.362698755052 -64.1655500551765,58.3663197547409 -64.1601280575447,58.3699407540846 -64.1585080583922,58.3710227538683 -64.1408600668297,58.3693817536545 -64.1390900661368,58.3692167533845 -64.1354440690632,58.368391753447 -64.1325820696364,58.3677447537912 -64.1193140763982,58.3647417536415 -64.1192500761759,58.3647267536372 -64.1192490748843,58.364726753703 -64.0979980842425,58.3768247517454 -64.07213809513,58.3656947521476 -64.0616690998944,58.3609147525428 -64.0614831006253,58.3609447534578 -64.0598831013116,58.3612047533067 -64.0371621107956,58.3648967522295 -64.0363531111138,58.3650277522869 -64.0305311130506,58.3659727519482 -64.0288181143146,58.3670517514057 -64.0233611162101,58.3704907512079 -64.0225401167351,58.3710077513035 -64.0238491153791,58.375013750412 -64.0253341145626,58.3795547497361 -64.0268191132581,58.3840957493655 -64.0283041129993,58.3886367497062 -64.028566113123,58.3894377492908 -64.0276731136467,58.3917427488113 -64.0225301135675,58.4050017473645 -64.0218701140788,58.4067017468188 -64.0209981141925,58.4089487474828 -64.0205161141973,58.4098797468977 -64.0132001159819,58.4239837451815 -64.012162117543,58.4240927454492 -64.0073281192755,58.4245987451815 -63.9984781236639,58.4255247446586 -63.9865791265089,58.4443467426962 -63.9857181265035,58.4441347424707 -63.9820561283798,58.4432347425959 -63.9659281357083,58.4392687427207 -63.9641051365192,58.4388207422347 -63.9641041368746,58.4388207431441 -63.9550541392158,58.4393497426068 -63.95289414126,58.4394757419114 -63.9517111415809,58.4395447427862 -63.9411051468731,58.4401647422558 -63.9305821511224,58.4430947414734 -63.9282961507825,58.4437307415719 -63.9242401523192,58.4448597413121 -63.9104171592532,58.4414517409478 -63.88111317235,58.4294277415604 -63.8471551855011,58.4499987387268 -63.8430961864156,58.4678147374807 -63.822268194655,58.4737387364658 -63.8222211950784,58.473790735971 -63.8219211948044,58.4741237356716 -63.8078511994728,58.4897347339983 -63.8089781998818,58.4902777341283 -63.815454195613,58.4933987337407 -63.8219311922111,58.4965187335915 -63.8235781929645,58.4973117337661 -63.8296921902571,58.4985647335665 -63.8369251866712,58.5000467334426 -63.8378901861106,58.5002447333512 -63.8460891828001,58.5019237336264 -63.8542881791754,58.503601733501 -63.8578731773883,58.5043347337294 -63.8586921760849,58.5045027338872 -63.8590601750959,58.5178467322726 -63.8591321751404,58.520459731385 -63.8591531743672,58.52121973191 -63.8488471788241,58.5334397307597 -63.8496001780923,58.5448227293039 -63.8497151767479,58.5465687288432 -63.8502801766838,58.5468377288073 -63.8567971731962,58.5499417288389 -63.8625561708751,58.5526837285176 -63.8623501720031,58.5532097286358 -63.8605771716778,58.5577237276254 -63.8588031732534,58.5622387274156 -63.8581951728832,58.5637867274402 -63.8633381711047,58.5651837269871 -63.8711651674288,58.5673097276058 -63.8789931628256,58.5694347272564 -63.8858841604371,58.5713047268227 -63.8871311591996,58.5716437272291 -63.8950431567724,58.5723617271553 -63.89548015613,58.5724017270108 -63.8979181549235,58.572622726719 -63.9073661513129,58.5734807278303 -63.907367150975,58.5734807273238 -63.911908149231,58.5717867272582 -63.9190861464989,58.5691067284868 -63.9262631436812,58.5664267280113 -63.9334391401856,58.5637467287548 -63.9406141377134,58.561065728883 -63.9466941347218,58.5587937296692 -63.9468991350677,58.5580997293009 -63.9482421348871,58.5535447302842 -63.9495841347165,58.5489897309858 -63.9509261353107,58.5444347310332 -63.9518631346165,58.5412567320221 -63.9537251332309,58.5402597312581 -63.959883130264,58.5369627322859 -63.9660391281473,58.5336647326933 -63.9697721275089,58.5316647331314 -63.9735801258329,58.5296257330405 -63.9780481236097,58.5298317331924 -63.98038212253,58.5299397329645 -63.9891601193707,58.5303447339509 -63.9979371158785,58.5307487333564 -64.0000011151601,58.5308437333675 -64.0057181119659,58.5311067340589 -64.0087751099292,58.5312477340531 -64.008776111443,58.5312477335934 -64.0145841081615,58.5294567336081 -64.022174104955,58.5271147339205 -64.0297621020617,58.5247727351354 -64.0340831004473,58.5234387349996 -64.035982100054,58.5251567347035 -64.0403950977376,58.5291457346233 -64.0448090956335,58.5331337344967 -64.0469410933277,58.5350597343142 -64.0514920913541,58.5349297342803 -64.0602920887825,58.5346787342094 -64.0671850851839,58.534480734107 -64.0679920842096,58.5358647344925 -64.0703110841135,58.5398447341541 -64.0728810823,58.5442527333375 -64.0746970813616,58.5473677332334 -64.0765240792725,58.5483257335021 -64.0827490775875,58.5515897330941 -64.0853270756641,58.5529407326248 -64.0889730746702,58.5548527326374 -64.0946710711329,58.5578377330162 -64.0952020716038,58.5581157325141 -64.1014310690493,58.5613787328694 -64.1049440666793,58.5632187318539 -64.1110490625609,58.5816497305117 -64.0985260674226,58.5859237296679 -64.0934840694211,58.5876437294525 -64.0927860711336,58.5878817295529 -64.0927870703593,58.5878827294573 -64.0927860703677,58.5878827293979 -64.0949470698373,58.5892377295367 -64.0979010686261,58.5910897294102 -64.1035510659119,58.5946307289469 -64.1092020623156,58.5981727283193 -64.1148540604716,58.6017137281859 -64.1158530600784,58.6023397281182 -64.114470058809,58.606064727994 -64.1138990603999,58.6076027275854 -64.1093300613699,58.6199057263516 -64.1082020599608,58.6357827250703 -64.1080400600491,58.6380587245717 -64.1079280602296,58.6396397242318 -64.1037050615298,58.6417187243762 -64.1037030618668,58.6417197243406 -64.0825350699068,58.6521357223427 -64.0788710710692,58.653937722374 -64.0787520708557,58.6545707224175 -64.0778900723173,58.6591587216261 -64.0773230725078,58.6621757211858 -64.076620070631,58.6659167208879 -64.0600320774671,58.6836217192294 -64.0477840812918,58.7017857162795 -64.0475590808083,58.7021197162996 -64.0472230813475,58.7026167166841 -64.0396250849773,58.7036327161917 -64.0372220858086,58.7039537160181 -64.0335390865419,58.7044467163117 -64.0317170871481,58.703500716353 -64.0291950886822,58.7021917164101 -64.0161580955562,58.6954207168617 -63.9850981088442,58.6878457171546 -63.9842181089561,58.6876307168558 -63.9842171091492,58.6876307167871 -63.9648391180354,58.6902737162874 -63.9548051217049,58.6868087164778 -63.9502551247065,58.685235716249 -63.9488551250533,58.6863867157807 -63.9486791253315,58.6865307164298 -63.9310621314849,58.701013714378 -63.9099651396338,58.7102427132575 -63.9088211400656,58.710094713284 -63.9054311414996,58.7096597125493 -63.875031154592,58.7057467126965 -63.8550991646176,58.6964317134833 -63.8550981637345,58.6964317131981 -63.8547561651516,58.6965487129753 -63.8473661679851,58.6990887126892 -63.840684170807,58.7013847128454 -63.840438170368,58.7018087122997 -63.8378751713598,58.7062207117382 -63.8356161722682,58.7101077116651 -63.8345741729425,58.7101957113882 -63.8258301760788,58.7109367109511 -63.8170851806333,58.7116777107491 -63.8110221823424,58.7121907103883 -63.809228182462,58.7112357106389 -63.7975801893903,58.7050347113663 -63.7967381893769,58.7045867110691 -63.7942781893929,58.7032757116571 -63.790404191838,58.7046997113222 -63.7871911934484,58.7058807107997 -63.7826821942157,58.707537710901 -63.7804321950884,58.7083647105281 -63.7543752066721,58.7167257089587 -63.7523582074606,58.7164787097516 -63.7517112074599,58.7163997092684 -63.736486214794,58.714535708947 -63.7303862175926,58.7084027099116 -63.7288242173191,58.7068307099684 -63.7277582188898,58.7067847096924 -63.7183562229061,58.7063737095158 -63.717804222638,58.7066857096097 -63.7177132230041,58.7067377092758 -63.6949202322718,58.7196217080323 -63.6933002315645,58.7194577077586 -63.6929672315122,58.7194237078394 -63.6695552422111,58.7170547071329 -63.6625872453118,58.723464706689 -63.6606862450073,58.7252127067703 -63.6298472606728,58.7146307068444 -63.6192852638672,58.7238487062571 -63.5724702840825,58.7314847038838 -63.570958285052,58.7309537041283 -63.5636112874453,58.7283747047958 -63.561709287694,58.7277067041002 -63.5581932895142,58.7302417039653 -63.5533112916506,58.7337607040655 -63.510784309174,58.7418097018733 -63.5106363091491,58.7418377018362 -63.5067953108848,58.742563701929 -63.5045153116514,58.7447477014196 -63.5002843139208,58.7487997007678 -63.5002733124422,58.7488097012231 -63.5000003130053,58.7490717004432 -63.500001314077,58.7499877011151 -63.4990423138263,58.7499897005332 -63.4963943145972,58.7525257010124 -63.4948293141937,58.7540237005713 -63.4899593167796,58.7554517004875 -63.4871923178528,58.756262700236 -63.4675053276386,58.7620356988329 -63.4704713249467,58.7628176986365 -63.4761633231747,58.7643186990211 -63.4840773191344,58.7664046985192 -63.4904013163265,58.7680706988318 -63.4921583148572,58.7685336990424 -63.4953473135061,58.7727316979567 -63.4986053124509,58.7770206983717 -63.5000013112841,58.7788576981543 -63.5018643101607,58.7813086973524 -63.5051233094026,58.7855976970784 -63.5083843066991,58.7898856970167 -63.5116453052269,58.7941736966276 -63.5127873050619,58.7956746962879 -63.5155633030746,58.7983026956538 -63.5198343020061,58.8023446958161 -63.524106299266,58.8063876957003 -63.5283792964137,58.8104296953465 -63.5326532943526,58.8144716944452 -63.5345152941177,58.8162316942022 -63.5385322921404,58.8177916943078 -63.5456472888894,58.8205556945187 -63.5502812867765,58.8223546939334 -63.5503382866944,58.8239626938555 -63.5505022854545,58.8285726938797 -63.5506662858897,58.8331816929584 -63.5507862855942,58.8365386927836 -63.5525882849579,58.8373736929562 -63.5592202814994,58.8404466923779 -63.5658532791254,58.8435176922988 -63.572487275374,58.8465896918454 -63.5791232721045,58.8496606918322 -63.5857602693313,58.8527316922852 -63.592397266489,58.8558026920605 -63.5953422653196,58.8571646914019 -63.6002312625525,58.8567576920526 -63.6090172585735,58.856025691962 -63.6164702552678,58.8554046917549 -63.6177602545153,58.8552966922325 -63.617790255483,58.8552856920951 -63.617796255879,58.8552836920966 -63.6250832519631,58.8526376928542 -63.632369248847,58.8499916929115 -63.6359562480029,58.8486886936704 -63.6400572464375,58.8496686929511 -63.6481372426943,58.8515996928374 -63.6535602394287,58.8528946931587 -63.6611222368075,58.8547016929994 -63.6661862341736,58.8577996931065 -63.6691332333253,58.8596026929953 -63.6748852300803,58.8631216922983 -63.6758742303934,58.8637266923036 -63.6803242270828,58.8664486921854 -63.6801242261955,58.8727396917302 -63.6800232273555,58.875919691413 -63.6799392265761,58.8785516904806 -63.6832932255183,58.879499690582 -63.6911102214408,58.8817076902587 -63.6989282173166,58.8839166909817 -63.7067482142537,58.8861246909624 -63.7082262145547,58.8865416909687 -63.7099962126555,58.8870416902714 -63.7099972120946,58.8870416907916 -63.709998212363,58.8870416905081 -63.7132762128307,58.8849486907948 -63.7188842096814,58.8813666912444 -63.7244912078369,58.8777846916539 -63.7254642063782,58.8771636917951 -63.7263072062705,58.8772746917444 -63.7325952030263,58.8781046920301 -63.7412241999369,58.8792436919648 -63.7498541963032,58.8803816923192 -63.7584841928317,58.8815196916757 -63.7671151898653,58.8826556920519 -63.7757471851003,58.8837926918898 -63.7776841832187,58.8840476923178 -63.7776851847213,58.8840466922573 -63.7780431844186,58.8835896927858 -63.7802811832682,58.8807336924428 -63.7836291820198,58.8764616932181 -63.7869761809947,58.8721886941086 -63.7903221793292,58.867915694426 -63.793667178831,58.8636436951372 -63.7970121773124,58.859370694776 -63.7983631774979,58.8576436953073 -63.7992881771178,58.8564626953482 -63.8012331767403,58.855037695942 -63.8060691739642,58.8514966956835 -63.8112091724567,58.8477326963382 -63.8121391717375,58.8470516969704 -63.8193281688107,58.8476626970491 -63.8281081652285,58.8484096965675 -63.830345164161,58.8485996972624 -63.8352841616011,58.8490196969772 -63.8368691602902,58.8475966971485 -63.8405461600027,58.8442976979819 -63.8449951582694,58.8403046984078 -63.8494421571375,58.8363126984002 -63.8508031551792,58.8350906987303 -63.8562581541477,58.8335936995604 -63.8621871516099,58.8319656997518 -63.862717152137,58.8320456992357 -63.8642831510777,58.832282699672 -63.8728211477715,58.833572699093 -63.8813591431666,58.8348616991161 -63.8898981388496,58.8361506997979 -63.8978721352285,58.8373536997773 -63.8984291356598,58.8372557000212 -63.906850132106,58.8357727002386 -63.9152701289857,58.8342886998654 -63.9236891241796,58.8328037006407 -63.9321071212402,58.8313187011133 -63.9405251186772,58.8298327009412 -63.948942114737,58.8283467017725 -63.9571631102572,58.8268947020213 -63.9573571104232,58.8269297012462 -63.9657421063069,58.8284637018613 -63.9690791065845,58.8290737015898 -63.9754721035268,58.8302427018302 -63.9757541018324,58.8300087018522 -63.9794301004273,58.826959702155 -63.9841410989164,58.8230497023349 -63.9888510971039,58.8191397031253 -63.9924720960423,58.816132703209 -63.9954040958925,58.8136987040223 -64.0076190904346,58.815185703566 -64.0093200887052,58.8153927035734 -64.0161680859901,58.8162257037751 -64.0197390836258,58.8166607041839 -64.0197400848377,58.8166607043518 -64.0261270817851,58.8150837039775 -64.0341520798501,58.8131027045132 -64.0421760747221,58.8111207051775 -64.0444880747927,58.8105487049459 -64.0453400737591,58.8103387051192 -64.0390060775763,58.8025787056293 -64.0385870767915,58.8020657060079 -64.0403680773191,58.7991807061775 -64.0430770754009,58.7947897068546 -64.0457860756267,58.7903997072714 -64.0463020757625,58.7895617076344 -64.0527910726853,58.7879577080418 -64.0608080685136,58.7859747083145 -64.0677280661697,58.7842617081362 -64.0718760654576,58.7832357087252 -64.0697100661424,58.7690747096348 -64.0724280654849,58.7670357105072 -64.0774790635864,58.7632457104749 -64.082529062825,58.7594547110391 -64.0871490606642,58.7559857118071 -64.0878780602246,58.7560857120756 -64.0940970575003,58.7569347119232 -64.0963040561299,58.7563907116852 -64.1043200530839,58.7544147126271 -64.1123340491048,58.7524387129021 -64.1203480462711,58.7504617124919 -64.1220070458765,58.7500527127174 -64.1300190421761,58.7480747134071 -64.1377940393022,58.7461557138134 -64.1379680387893,58.746257713807 -64.1438650356331,58.7497007137537 -64.1444640360486,58.7500507135969 -64.1497630328475,58.7531447132357 -64.1556630308999,58.7565877131157 -64.1582680291718,58.7581077130523 -64.1599180280558,58.7605357125162 -64.1612130274564,58.7624407124148 -64.1656070254098,58.768905712393 -64.1685300228142,58.7733697116374 -64.1686780239133,58.7735957114385 -64.1696420236584,58.7750677110314 -64.1737530215759,58.7813457107228 -64.1743940206129,58.7823247104837 -64.1745080201122,58.7824987104146 -64.1787840188267,58.789028709914 -64.1787860178022,58.7890277098541 -64.1787860187327,58.7890287105838 -64.1819050173126,58.7876287107624 -64.188623015087,58.7846147108602 -64.1953400115176,58.781599711597 -64.2001270101873,58.7794507121413 -64.2025870093243,58.7797987114989 -64.2111530047404,58.7810117116868 -64.2197190002795,58.7822247118689 -64.2264069990483,58.7831707117647 -64.2297039967401,58.7836377116479 -64.2325979942354,58.7915487111181 -64.2327429950131,58.7919457111549 -64.2343989939203,58.7964747103918 -64.2360559933884,58.8010047101442 -64.2375289919661,58.8050307092225 -64.2373759913108,58.8055367098984 -64.2366429912621,58.8079527091405 -64.2302409929785,58.8290447068659 -64.2265729939027,58.8458327049989 -64.2289659917661,58.8520037042068 -64.2303829906503,58.8556597040997 -64.2321359900111,58.8601797040729 -64.2336579892009,58.8641017039855 -64.2346019893535,58.8644657032203 -64.241742985521,58.8672187032136 -64.2463379830194,58.8689897030105 -64.2489639810529,58.8699147031612 -64.2563259777385,58.8725067033554 -64.2636889758896,58.8750987028485 -64.271053971625,58.8776907029357 -64.2784189689918,58.8802817028092 -64.2848459653498,58.8825417023526 -64.2874189638414,58.8834477026149 -64.2874199637924,58.8835287028191 -64.2874709643061,58.887035702541 -64.2875389639936,58.8916467021588 -64.2875859628631,58.8948407010781 -64.2876139629032,58.8967427009984 -64.2941019605126,58.8978707013644 -64.2951719594142,58.8980567006063 -64.3036179556542,58.8995257014293 -64.3120649526277,58.9009947009278 -64.3205119488373,58.9024627012945 -64.3264979457456,58.9035017012397 -64.332541943419,58.9045527009635 -64.3502629367762,58.8918667033194 -64.3514379362984,58.8923607031937 -64.3515179367307,58.8923937029469 -64.3584349322495,58.8952987031826 -64.3653539289684,58.8982047026534 -64.3722739269124,58.901109702352 -64.3787029222078,58.9038077025202 -64.3793329230387,58.9037757023236 -64.3842829210579,58.9035237029667 -64.400294913396,58.9027077031714 -64.401211913416,58.9007677030772 -64.4016419141841,58.8998567035954 -64.4022099129722,58.8986537031242 -64.4059149130307,58.8908107040249 -64.411585910204,58.8906007047203 -64.4146239087997,58.8904887046834 -64.4206029057938,58.8902677044975 -64.4225089040409,58.8949537043106 -64.4230379051206,58.8962547039977 -64.423576904144,58.8975787041974 -64.4263979026581,58.9045157034714 -64.4315789004628,58.9051657033557 -64.4365248985166,58.9057867035139 -64.4451868938679,58.9068737031552 -64.4538478902234,58.9079607035554 -64.4558018904104,58.9082057034835 -64.4620898869066,58.9067327041269 -64.4702088836344,58.9048307042743 -64.4764338803684,58.9033717046601 -64.4779478804447,58.9026357042704 -64.4844418774986,58.8994777053532 -64.490933875352,58.8963197057754 -64.4974248724402,58.8931617057829 -64.5000008718537,58.8919077061283 -64.5039148703684,58.8900027068245 -64.5068758696696,58.888560706986 -64.5089108682992,58.8875707065499 -64.5153618657998,58.8875507072214 -64.5198668636684,58.8875377071334 -64.5287738595677,58.8875107076243 -64.5376808561059,58.8874837070143 -64.5465878526503,58.8874557074905 -64.5501718506942,58.887443707382 -64.550183850698,58.887443708196 -64.5520348498544,58.8900217075084 -64.5551398470588,58.8943437070933 -64.5571798467642,58.8971827071307 -64.5571808473142,58.8971837069558 -64.55902384511,58.8978007068452 -64.5597448452126,58.8980427065542 -64.5672248428107,58.9005487070383 -64.5747058382195,58.9030537063641 -64.5796298354157,58.9047027066352 -64.5826408346626,58.9049427067713 -64.5914488305707,58.9056457065115 -64.6002568282912,58.9063487065735 -64.6090658228236,58.9070507070965 -64.6147688217054,58.9075047069141 -64.6158158205972,58.9090367072001 -64.6187868186273,58.913384706673 -64.6217578177426,58.9177317059597 -64.6247298160547,58.9220797062033 -64.6277028143343,58.9264267052175 -64.6306768119248,58.930773704804 -64.6314108118472,58.9318467048732 -64.6324288120866,58.9333357046487 -64.6349008106822,58.9346737048375 -64.634959809927,58.934705704643 -64.6411198072815,58.9380407043738 -64.6472808033778,58.9413757044866 -64.6516508024777,58.9437407040997 -64.6541518001965,58.9440977040665 -64.662752796466,58.9453257044478 -64.6713537936074,58.9465527038138 -64.6789097900502,58.9476307047128 -64.6813007885098,58.9479717040475 -64.6901577848914,58.9473077040216 -64.6975817832671,58.9467507045871 -64.7025897800274,58.9463747051085 -64.7062267780907,58.9469447045128 -64.7062867780019,58.9469537044921 -64.7148267750541,58.9482917053632 -64.7233667701507,58.9496297051751 -64.7306707679253,58.950772705348 -64.7306717681897,58.9507727047678 -64.7331907658799,58.9497377049523 -64.7386677636845,58.9474877052613 -64.7456517616152,58.9446167064972 -64.7526347588554,58.9417467068741 -64.7562327573539,58.9402667071968 -64.7550927571783,58.9390847066404 -64.7502937596501,58.934104707048 -64.7557067580625,58.9304887072523 -64.7611667558571,58.9268427079174 -64.7657337545132,58.9237917084517 -64.7671477544332,58.9236137088052 -64.7758137506293,58.922526709095 -64.7844787468115,58.9214387092292 -64.793142742462,58.9203497093571 -64.8018067390877,58.9192607099397 -64.8104697353958,58.9181707098665 -64.8191327325338,58.9170807102721 -64.8207147305691,58.9168817106529 -64.8263277284098,58.9192847103615 -64.8320577253443,58.9217367105243 -64.8324097257422,58.9224797105248 -64.8345267251366,58.9269587095679 -64.8366447236231,58.9314377097936 -64.83876372308,58.9359177089152 -64.8388307227631,58.9360587088859 -64.8392697222434,58.9369877086399 -64.8392707220604,58.9369877092447 -64.8454307193713,58.9355137091655 -64.8535247155086,58.9335757095636 -64.8563107144217,58.9329087095001 -64.8565757141353,58.934990708924 -64.8566937145452,58.935925709937 -64.8570287148498,58.9385737092598 -64.860396712034,58.9394677085922 -64.8629937105246,58.9401577090768 -64.8685387080169,58.9416297093062 -64.8891106999344,58.9383717096036 -64.8811497026859,58.9494867085806 -64.8794407025662,58.9518707079778 -64.8755227048243,58.9520267083743 -64.8728157050629,58.9521337081093 -64.8577247132576,58.9527317074602 -64.8574397127611,58.9527427080746 -64.8488267167978,58.9530837077809 -64.8485787170062,58.9530927072987 -64.8405457200729,58.9547877069109 -64.8329147220132,58.9563967069245 -64.8331937233904,58.9567187069992 -64.8368467203587,58.9609267063615 -64.8405007178534,58.9651337061773 -64.8420987170215,58.9669747060491 -64.8417597173407,58.9695627057519 -64.8411567176783,58.9741637051698 -64.8405537174125,58.9787647041666 -64.8403507180638,58.9803127043124 -64.8456137157836,58.9817187046228 -64.8535487122883,58.9838377043087 -64.8569597102637,58.9847477042963 -64.8622197072163,58.9861527041846 -64.8631367071574,58.9875627044598 -64.864798706422,58.9901187038731 -64.8676427042839,58.9944907034824 -64.870088702883,58.9982497031425 -64.8699207036583,58.9988197028353 -64.8650157048624,59.0153937015686 -64.8494557112254,59.0160337009481 -64.8438067136666,59.0162647008875 -64.8436337140659,59.0162717008265 -64.8359477158124,59.018449700213 -64.8342657169392,59.0189267007329 -64.829440718757,59.020292700143 -64.8321387166039,59.0231876999708 -64.8339727155904,59.0251556999272 -64.8378467145843,59.0293126988658 -64.8407937132934,59.0324736992907 -64.8389557145072,59.0330416987702 -64.8320077158515,59.0351896987719 -64.8317107173271,59.0355976986817 -64.8289117181193,59.0394476978472 -64.821749719676,59.0492956965608 -64.820678720502,59.0499186964531 -64.7969887287762,59.0636866946137 -64.7792387364473,59.0749456933304 -64.7785377365752,59.0748296938902 -64.761664744956,59.0720456931882 -64.7577927456338,59.0714056933932 -64.7524957480079,59.0705306927823 -64.7499867494567,59.0710276934744 -64.724872759572,59.0759916924563 -64.6865007768079,59.0747866916778 -64.6832577768412,59.0746836912171 -64.6831097780209,59.0736586915993 -64.6822387791817,59.0675946925801 -64.6816567791744,59.0635456924096 -64.6809957802942,59.058946692848 -64.6803347812518,59.0543466936192 -64.6796747811876,59.0497476938739 -64.6792737815896,59.0469556938181 -64.677566782799,59.0453716939179 -64.6732227849861,59.0413396947852 -64.6702757856365,59.038602694448 -64.6674867867239,59.0389656948746 -64.6588097913999,59.0400936941859 -64.6501557946342,59.0412176942078 -64.6501317947729,59.0412166943614 -64.6411957983049,59.0409696938495 -64.6322598015979,59.0407216938187 -64.6307518041569,59.0406806935198 -64.6306868039501,59.0406786935515 -64.6236528064672,59.0373736941643 -64.6186258084042,59.0350106939376 -64.6166018100393,59.0340596938741 -64.6165998101217,59.034059693688 -64.6156998105552,59.0341016937761 -64.6104198127865,59.0343486940323 -64.6015088169675,59.0347666935397 -64.5957888193369,59.0350336935197 -64.593293819963,59.0342636939414 -64.5706208310322,59.0272636938515 -64.5468478423824,59.0109326948054 -64.544956842709,59.0096326950433 -64.542685844203,59.0089086953117 -64.5418908444991,59.0086546948095 -64.5268538516663,59.0038556949659 -64.5227618534416,59.002548695642 -64.5227608532214,59.0025486950088 -64.5067838585878,59.0197146934308 -64.5045528596318,59.0196416927809 -64.5000008618242,59.0194936927232 -64.4977818635211,59.0194216927114 -64.4965378633942,59.018511693421 -64.496155863741,59.0182326934112 -64.4725108747443,59.0009396944794 -64.4712478755821,59.000014694457 -64.4710278756956,58.9998526939487 -64.4733328744339,58.9972626943215 -64.4749398741353,58.9954576950572 -64.4786698731494,58.9912666958179 -64.4812928727587,58.988319695888 -64.4812918721448,58.9883196957384 -64.4812918717586,58.9883186954377 -64.460303881151,58.9815026961158 -64.4603028823045,58.9815026962218 -64.4603018818916,58.9815026959075 -64.4577088839068,58.9829146957084 -64.4367878908481,58.9943016942127 -64.4241718976076,58.9916736942022 -64.4229458975066,58.9921606938407 -64.4215748969092,58.9927056939124 -64.3877069113663,59.0061716923453 -64.3454419298881,59.0049166910584 -64.3453359295707,59.0049136914104 -64.3451849298855,59.0049006910415 -64.2948999524401,59.0005326904144 -64.2943839525589,59.0004876910551 -64.2943829523382,59.0004876906687 -64.2643809632251,59.0119566887577 -64.262102964423,59.0128266884711 -64.2617919644546,59.012945688471 -64.2665599627477,59.0166086883545 -64.2715449600638,59.0204366882651 -64.273617959899,59.0220286879184 -64.2759889577939,59.0244296873319 -64.2800489565779,59.028539687227 -64.2841099535814,59.0326486874005 -64.288170950949,59.0367576869236 -64.2922339499502,59.0408666862072 -64.2945659486781,59.0432246866857 -64.296199947784,59.0450006860105 -64.3000329458073,59.0491676860669 -64.3038679440666,59.0533356856576 -64.3077039416674,59.0575026852519 -64.3115399399138,59.0616696849183 -64.3138569382487,59.0641856841715 -64.3151759385312,59.0656186842026 -64.3165369375179,59.065668684469 -64.3245779334404,59.0659626842267 -64.3335119295979,59.066289684364 -64.3424449261633,59.0666146850852 -64.3513789221257,59.066940685074 -64.3570729202381,59.0671476853168 -64.3608419178697,59.0672846848385 -64.3609769183282,59.0683056855316 -64.3614159180374,59.0716126848173 -64.3620269164063,59.0762146836669 -64.3624359164605,59.0792956834337 -64.3635139156485,59.0874166829532 -64.3635149160475,59.0874166831842 -64.3635149153453,59.0874176831257 -64.3674619131505,59.0890516829353 -64.3744469101427,59.091941682378 -64.3760289088993,59.0925966828357 -64.3827739058922,59.0917726831355 -64.391494901708,59.0907076835518 -64.4002148993074,59.0896416834485 -64.4089338949584,59.0885746841708 -64.4169618914464,59.087592683947 -64.4174928920873,59.0878346843185 -64.4241968882037,59.090895684389 -64.4309018857598,59.0939566839506 -64.4376088826575,59.0970166842573 -64.4443158791139,59.1000766837887 -64.4482548779345,59.1018726837816 -64.4504568760101,59.1028776834092 -64.4504588769042,59.1028776833193 -64.4512028756583,59.102806683426 -64.4600178718926,59.1019646834188 -64.4688318691737,59.101120683785 -64.4776468646074,59.1002776843309 -64.4864598607715,59.0994326844121 -64.4890098600502,59.0991886849761 -64.490309859004,59.0990636842681 -64.4927168588959,59.1013466842544 -64.4966338559754,59.1050616844864 -64.4980488562676,59.1064046838589 -64.4881148598249,59.114706682829 -64.485109860563,59.1172156827458 -64.4839868608012,59.1181546827624 -64.4853578605388,59.1215936820443 -64.4871598575395,59.1261116818486 -64.4889628571638,59.1306296816147 -64.4907668558489,59.135147681253 -64.4912728559894,59.1364156812846 -64.4866578566527,59.1527866788534 -64.4739948599712,59.1778506765477 -64.4728218606978,59.1801696757707 -64.4727158599158,59.1803796754788 -64.4788538569588,59.1834446753391 -64.4852978539056,59.1866606752255 -64.4917428510826,59.1898766752995 -64.4981888479471,59.1930916751366 -64.5000008481017,59.1939956750923 -64.5034228452382,59.1957016746811 -64.5051048460748,59.1957956750264 -64.5140428415229,59.1962946752407 -64.5218478382027,59.1967296749392 -64.512122839015,59.2358236709588 -64.5114578387316,59.238492671061 -64.5113518386588,59.2389186707328 -64.5088518404979,59.2409176707929 -64.4912338464975,59.2549986689554 -64.4886038476764,59.2570986684515 -64.4896958464799,59.2579786682581 -64.4945278433556,59.2618716681711 -64.49936084254,59.2657646678608 -64.5000008423765,59.266279667576 -64.5041958390326,59.2696576675275 -64.5090308376834,59.2735506668903 -64.5138678337955,59.2774436668305 -64.5169648341233,59.2799356666518 -64.5182848330439,59.2814516665114 -64.5219548301235,59.285665665696 -64.5256258290279,59.289879666116 -64.5292968266506,59.2940926655724 -64.5329698254418,59.2983066649901 -64.5366438235995,59.3025196646384 -64.540317820194,59.3067336647443 -64.5409198196956,59.3074236645473 -64.5435348185961,59.3104246641113 -64.5428218185373,59.3168846635905 -64.5426238186089,59.3186626635041 -64.5396418195127,59.3189256630333 -64.5387298204984,59.3190056632543 -64.5277928252538,59.319966663071 -64.511378830946,59.335051661479 -64.4944238376343,59.3443126594135 -64.4933028382627,59.349564659454 -64.494796836566,59.3501176592592 -64.5000008340618,59.3520466585479 -64.5008588349181,59.3523646589549 -64.5081728316928,59.3550736588392 -64.5154878266712,59.3577816591074 -64.5228038244274,59.3604906588504 -64.5243008229092,59.3610446586092 -64.5257168229529,59.3615686586255 -64.5383388171287,59.3707716581139 -64.5376548166114,59.3714566582375 -64.5335488182619,59.3755676573777 -64.5298138189398,59.3793076567918 -64.5293498193255,59.379771657211 -64.5253358204289,59.3837886561472 -64.5240518220292,59.3850726561591 -64.5252948209946,59.3881816563874 -64.5271028184192,59.3927016557405 -64.5282688196727,59.3956166551117 -64.5263828198782,59.3969436549144 -64.5227178215596,59.3995216545572 -64.520584822393,59.401021654348 -64.5165008232811,59.4038936545345 -64.5152398242353,59.4039156540442 -64.5078978267541,59.4040416543002 -64.498227831005,59.4042066535196 -64.4971518307571,59.4042246534438 -64.4961418319426,59.4042416538882 -64.4959938314242,59.4042446538889 -64.4607258469961,59.4121656526451 -64.4646378443628,59.4141766523086 -64.4654218448466,59.4145796518755 -64.4725578418162,59.4182476519962 -64.4738068403014,59.4183986520101 -64.4792308383866,59.4190556517816 -64.4880388341685,59.4201206515298 -64.4968488298153,59.42118665159 -64.5000008288145,59.4215676524378 -64.505658826331,59.4222506523404 -64.5092658237934,59.4226866521367 -64.5115978231478,59.4229686521995 -64.4668468415284,59.4501926481837 -64.4608418437646,59.45630064745 -64.4602328431659,59.4569196471303 -64.4580258432113,59.4591636472972 -64.4541288462654,59.4598666469615 -64.449997847904,59.4606126468727 -64.4285228565899,59.46448464575 -64.4284938572023,59.4644896464517 -64.4284518558113,59.46449764631 -64.4260758582939,59.4649256461298 -64.4089028633149,59.4766346447207 -64.4071998653626,59.4777946447682 -64.3985708686339,59.4760856444501 -64.3967458691681,59.4757236439452 -64.3882948732472,59.4740496440559 -64.3869638742817,59.4737856443955 -64.3846788750225,59.4774956445071 -64.3819658750128,59.4818986435691 -64.3808228768297,59.4837536430773 -64.3767238774615,59.4854216431021 -64.3753118782437,59.4859966431745 -64.3693508799262,59.4884226424308 -64.3496568879908,59.502940640948 -64.3334848960254,59.4988696405197 -64.3322748956304,59.4985646410379 -64.3278528979473,59.4974516403815 -64.3272298982618,59.4999736407652 -64.3272128986142,59.5000416407341 -64.327141897638,59.5003276404241 -64.3240698981195,59.5127616395157 -64.3240698986489,59.5127626391612 -64.325030897153,59.5129336389635 -64.3335988945518,59.5144606393965 -64.3421688894945,59.515987639246 -64.3507388857927,59.5175136389739 -64.3593098816837,59.5190386392015 -64.3678808787841,59.5205636397812 -64.3764538739453,59.5220876391237 -64.3839728704763,59.5234236393336 -64.3858058707144,59.523749639025 -64.3871778692709,59.5241166393408 -64.3931128668988,59.5257036395463 -64.4011508643439,59.5278526390645 -64.409190858967,59.5300016389216 -64.4172308550545,59.5321496394477 -64.4190398546215,59.5326326392474 -64.4234438524392,59.5354236387809 -64.4291278508713,59.5390236386592 -64.4337668473626,59.5419626380419 -64.4337678485015,59.5419626384339 -64.4375648469105,59.5393096392863 -64.440092845432,59.5375436389673 -64.4454358437219,59.5338106392566 -64.4495518421899,59.5309346402277 -64.4509448413097,59.5301466397675 -64.4570148388185,59.5267136400523 -64.4629008361237,59.5233846410448 -64.463174836299,59.5233706410155 -64.4722128331097,59.5229176409259 -64.4812518279881,59.5224626415799 -64.4902898253454,59.5220076420878 -64.4993268204502,59.5215516421811 -64.5000008204023,59.5215176423589 -64.5027078189909,59.521380641967 -64.5030948199974,59.5213616420524 -64.5050798181756,59.518908641995 -64.5051088189036,59.5188726428346 -64.5052168177552,59.5187386425638 -64.5088468166103,59.5142526426817 -64.5093528168889,59.5136286430889 -64.5093528172495,59.5136276430888 -64.5076498187621,59.5084406434138 -64.5067068189625,59.5055666442134 -64.5053018200458,59.501285644192 -64.506191819493,59.5012256438161 -64.5148338156309,59.5006466445943 -64.5238328126175,59.5000426443697 -64.5243068112386,59.5000106447619 -64.5322438076372,59.499477644764 -64.5327108084396,59.4992926446919 -64.5398708057525,59.4964576455429 -64.547030802945,59.4936226460767 -64.5541887991379,59.4907866460506 -64.5589657969042,59.488892646507 -64.5614637975376,59.4879036465629 -64.5632037959172,59.4862096471113 -64.5655977954768,59.4838816470851 -64.5698017940983,59.4797926476224 -64.5740037927777,59.4757036480272 -64.5782037905678,59.4716136484712 -64.5788357898394,59.470998648199 -64.5846327876647,59.4684166492074 -64.5896737855187,59.4661716495775 -64.5909877854054,59.4667316492239 -64.5914887852599,59.4669446495148 -64.5984427826003,59.469905649245 -64.6053977779228,59.4728666494696 -64.6123537748055,59.4758276489182 -64.6193117714535,59.4787876489424 -64.6262707692853,59.4817476487521 -64.6267677688828,59.4819586483933 -64.6267687689952,59.4819586485225 -64.6293007666517,59.480658648705 -64.632697766334,59.4789166492961 -64.636133764273,59.4771536495078 -64.6369157642071,59.4750596492656 -64.6386057646592,59.4705256499495 -64.6402967636355,59.465992650382 -64.6419867638771,59.4614596509706 -64.6428147635717,59.459236651906 -64.6466797618728,59.4579486517133 -64.6542637584983,59.4554216516986 -64.661846755273,59.4528936519569 -64.6694277530897,59.4503656527321 -64.6770077484129,59.4478376531855 -64.679835747775,59.4468936537443 -64.6829967462401,59.4492976533518 -64.6880397434196,59.4531306531045 -64.6906017425463,59.4550776528648 -64.6944337416502,59.4579906526182 -64.7033247369859,59.4593356525766 -64.7094867346608,59.4602686528727 -64.7173057305914,59.4614516530178 -64.7179797306419,59.4617616526369 -64.7213227290345,59.4632986530783 -64.7285527251378,59.4666246529424 -64.7308987229345,59.4705616521279 -64.7323097234331,59.4729306521996 -64.7349417214528,59.4773466512803 -64.735919721613,59.4789876514407 -64.7369247200335,59.4806736509527 -64.7369257208804,59.4806736514578 -64.7369257193055,59.480674651401 -64.7386037197596,59.4814246514943 -64.7454197165147,59.484469651065 -64.7522367133516,59.487513651197 -64.7539487124175,59.4882786513073 -64.7572547095401,59.4912976506745 -64.7616697080351,59.4953296507105 -64.7630937068193,59.4966296502593 -64.7632737074007,59.499754649631 -64.7632877064174,59.5000016501569 -64.7635397066392,59.5043666493114 -64.7637487070253,59.5079736491848 -64.7640177063613,59.512633648681 -64.7640727050657,59.5135916484551 -64.7641457049911,59.5148566487993 -64.7700427024976,59.5163516487268 -64.7781696991252,59.5184116484108 -64.7862966963695,59.5204706481777 -64.7944246918566,59.5225296481071 -64.8025536871051,59.5245876485684 -64.8041996872435,59.525004648355 -64.8037776866964,59.5286786481808 -64.8032486868464,59.5332856476717 -64.8031316864856,59.5342986477753 -64.8031336861858,59.5342996472756 -64.8227556783061,59.5406486472779 -64.8257966759033,59.5429336470311 -64.8289576742776,59.5453106466734 -64.8340456717863,59.5491346464821 -64.839134668848,59.5529586462871 -64.8396306680525,59.5533306463204 -64.8471756658873,59.551692646627 -64.8555346628822,59.5498786473521 -64.8638916590831,59.5480636473726 -64.8691906570791,59.5469116477394 -64.8725936547378,59.5492106477136 -64.8766486530851,59.551950646893 -64.8821096500625,59.5556396469866 -64.8875726484077,59.5593286467769 -64.8922066450007,59.5624576467525 -64.8959526440712,59.5628206470877 -64.9024946402364,59.5634556462056 -64.9114276376065,59.5643226467923 -64.920360632931,59.5651876473993 -64.929293628333,59.5660526467381 -64.9382276241393,59.5669176470514 -64.9394396239517,59.5670346468839 -64.9376036241776,59.5709126464124 -64.9375796242742,59.5709626462646</coordinates></LinearRing></outerBoundaryIs></Polygon></MultiGeometry>
  </Placemark>
</Folder>
</Document></kml>
