<?xml version='1.0' encoding='UTF-8'?>
<kml xmlns="http://www.opengis.net/kml/2.2">
  <Document>
    <name>Scotland</name>
    <Placemark>
      <name>Scotland</name>
      <MultiGeometry>
        <Polygon>
          <outerBoundaryIs>
            <LinearRing>
              <coordinates>-6.035390,55.678453,0 -6.045725,55.674262,0 -6.053619,55.668362,0 -6.058258,55.660142,0 -6.064443,55.667629,0 -6.082428,55.652086,0 -6.105458,55.640204,0 -6.131907,55.631822,0 -6.160024,55.626654,0 -6.202545,55.630561,0 -6.215321,55.626654,0 -6.222768,55.605536,0 -6.226959,55.601752,0 -6.236562,55.595608,0 -6.261871,55.583808,0 -6.287343,55.578437,0 -6.311187,55.583238,0 -6.325185,55.605536,0 -6.319244,55.628241,0 -6.297475,55.642483,0 -6.243235,55.660142,0 -6.264801,55.695502,0 -6.277089,55.704006,0 -6.316762,55.715074,0 -6.325185,55.715399,0 -6.320953,55.733466,0 -6.295522,55.751899,0 -6.249989,55.776842,0 -6.271799,55.783026,0 -6.300445,55.785793,0 -6.328725,55.783149,0 -6.349029,55.773424,0 -6.372548,55.738715,0 -6.386586,55.722317,0 -6.418568,55.709621,0 -6.450307,55.682563,0 -6.462961,55.674465,0 -6.490956,55.671820,0 -6.503529,55.681342,0 -6.502431,55.697659,0 -6.489654,55.715399,0 -6.494700,55.717231,0 -6.498606,55.721137,0 -6.503896,55.722846,0 -6.493235,55.739244,0 -6.448638,55.776842,0 -6.482167,55.790473,0 -6.469065,55.796942,0 -6.460805,55.803209,0 -6.456654,55.812649,0 -6.455474,55.828355,0 -6.452789,55.840888,0 -6.445221,55.848822,0 -6.409088,55.863593,0 -6.354482,55.877427,0 -6.342641,55.884914,0 -6.331370,55.889960,0 -6.318349,55.886705,0 -6.325917,55.880357,0 -6.338206,55.851996,0 -6.338206,55.845771,0 -6.330719,55.827826,0 -6.323232,55.820502,0 -6.310902,55.818427,0 -6.310902,55.825263,0 -6.318430,55.844916,0 -6.296986,55.867174,0 -6.264801,55.885403,0 -6.229075,55.897284,0 -6.204254,55.916571,0 -6.191396,55.920844,0 -6.177154,55.923082,0 -6.162221,55.928453,0 -6.149078,55.935207,0 -6.140126,55.941352,0 -6.130116,55.939399,0 -6.123687,55.935492,0 -6.120229,55.929429,0 -6.115956,55.886786,0 -6.102366,55.831244,0 -6.099233,55.801011,0 -6.093088,55.791693,0 -6.079091,55.781480,0 -6.063954,55.773383,0 -6.054555,55.770006,0 -6.049794,55.766343,0 -6.052317,55.758043,0 -6.056874,55.748847,0 -6.058258,55.742743,0 -6.053212,55.737291,0 -6.046620,55.733547,0 -6.030385,55.729071,0 -6.032786,55.717678,0 -6.032338,55.706366,0 -6.029286,55.696234,0 -6.023508,55.688137,0 -6.023508,55.681871,0 -6.035390,55.678453,0</coordinates>
            </LinearRing>
          </outerBoundaryIs>
        </Polygon>
        <Polygon>
          <outerBoundaryIs>
            <LinearRing>
              <coordinates>-5.689320,56.111762,0 -5.705068,56.103013,0 -5.720123,56.088121,0 -5.740224,56.076483,0 -5.780181,56.020738,0 -5.864491,55.926744,0 -5.886342,55.886705,0 -5.896840,55.888902,0 -5.921539,55.871283,0 -5.938140,55.866278,0 -5.945424,55.858588,0 -5.955393,55.820054,0 -5.962066,55.804755,0 -5.987538,55.794623,0 -6.026601,55.796088,0 -6.062408,55.809475,0 -6.078114,55.834906,0 -6.086903,55.882961,0 -6.084950,55.900336,0 -6.075185,55.915961,0 -6.060170,55.922919,0 -6.043121,55.927965,0 -6.026967,55.937934,0 -5.997426,55.951728,0 -5.919057,55.960395,0 -5.886342,55.976142,0 -5.910024,55.976508,0 -5.946848,55.970649,0 -5.980702,55.969916,0 -5.995595,55.986029,0 -5.983266,56.008857,0 -5.955190,56.034735,0 -5.924428,56.055976,0 -5.903961,56.064846,0 -5.873687,56.070136,0 -5.797597,56.112616,0 -5.746490,56.141750,0 -5.715932,56.153144,0 -5.694488,56.147406,0 -5.690826,56.137844,0 -5.687978,56.124091,0 -5.689320,56.111762,0</coordinates>
            </LinearRing>
          </outerBoundaryIs>
        </Polygon>
        <Polygon>
          <outerBoundaryIs>
            <LinearRing>
              <coordinates>-6.181793,56.119452,0 -6.164947,56.120795,0 -6.149403,56.124945,0 -6.138010,56.124701,0 -6.133372,56.112616,0 -6.165639,56.081488,0 -6.177154,56.061469,0 -6.174306,56.043769,0 -6.194325,56.035305,0 -6.221669,56.030829,0 -6.249176,56.031317,0 -6.269887,56.037543,0 -6.254303,56.044623,0 -6.246816,56.056138,0 -6.241689,56.069485,0 -6.232655,56.081610,0 -6.211741,56.096991,0 -6.205719,56.102729,0 -6.198232,56.106269,0 -6.182607,56.102607,0 -6.174306,56.106431,0 -6.177398,56.110256,0 -6.179026,56.112942,0 -6.181793,56.119452,0</coordinates>
            </LinearRing>
          </outerBoundaryIs>
        </Polygon>
        <Polygon>
          <outerBoundaryIs>
            <LinearRing>
              <coordinates>-5.738352,56.177476,0 -5.722239,56.187079,0 -5.688303,56.202053,0 -5.680898,56.194566,0 -5.673655,56.178941,0 -5.694203,56.168606,0 -5.725209,56.162828,0 -5.749135,56.161078,0 -5.738352,56.177476,0</coordinates>
            </LinearRing>
          </outerBoundaryIs>
        </Polygon>
        <Polygon>
          <outerBoundaryIs>
            <LinearRing>
              <coordinates>-5.618153,56.235053,0 -5.628163,56.220526,0 -5.637441,56.189276,0 -5.647572,56.195380,0 -5.666656,56.222480,0 -5.656402,56.232001,0 -5.645334,56.255927,0 -5.633127,56.263495,0 -5.627838,56.259996,0 -5.622955,56.257636,0 -5.618031,56.258124,0 -5.612620,56.263495,0 -5.610585,56.249416,0 -5.618153,56.235053,0</coordinates>
            </LinearRing>
          </outerBoundaryIs>
        </Polygon>
        <Polygon>
          <outerBoundaryIs>
            <LinearRing>
              <coordinates>-5.717437,56.397366,0 -5.715647,56.408108,0 -5.721669,56.412340,0 -5.727895,56.414293,0 -5.734690,56.414781,0 -5.742340,56.414293,0 -5.739084,56.401190,0 -5.751088,56.389390,0 -5.783925,56.373358,0 -5.783925,56.365912,0 -5.767974,56.372748,0 -5.749989,56.377143,0 -5.712229,56.380194,0 -5.695953,56.375434,0 -5.702707,56.364569,0 -5.719960,56.352769,0 -5.808705,56.318915,0 -5.848215,56.313625,0 -5.880116,56.325588,0 -5.873687,56.328559,0 -5.862701,56.335150,0 -5.853505,56.343695,0 -5.852203,56.352851,0 -5.860422,56.358344,0 -5.872670,56.357733,0 -5.897206,56.352851,0 -5.902333,56.349677,0 -5.907786,56.342597,0 -5.914784,56.335517,0 -5.924184,56.332343,0 -5.957875,56.328070,0 -6.037465,56.305243,0 -6.054555,56.294501,0 -6.065989,56.289211,0 -6.078521,56.291083,0 -6.090932,56.295722,0 -6.102366,56.298245,0 -6.112538,56.296210,0 -6.136301,56.286933,0 -6.146962,56.283922,0 -6.239817,56.283922,0 -6.245758,56.280748,0 -6.250356,56.273749,0 -6.256459,56.266669,0 -6.266835,56.263495,0 -6.279286,56.264106,0 -6.300038,56.268012,0 -6.327504,56.277248,0 -6.345611,56.288316,0 -6.360178,56.303616,0 -6.366119,56.322170,0 -6.357004,56.336330,0 -6.335439,56.344550,0 -6.310292,56.347357,0 -6.290395,56.345404,0 -6.274526,56.334866,0 -6.261220,56.320299,0 -6.247222,56.311672,0 -6.228912,56.318752,0 -6.228912,56.325588,0 -6.236806,56.326606,0 -6.241119,56.328274,0 -6.244537,56.330268,0 -6.249989,56.332343,0 -6.231760,56.336900,0 -6.186635,56.331244,0 -6.170888,56.335761,0 -6.153920,56.344794,0 -6.084950,56.352851,0 -6.039906,56.371039,0 -6.020823,56.382025,0 -6.026967,56.387030,0 -6.046946,56.383979,0 -6.105458,56.365912,0 -6.154042,56.358954,0 -6.178944,56.359931,0 -6.198557,56.369615,0 -6.203236,56.380316,0 -6.198842,56.390326,0 -6.189198,56.397773,0 -6.178049,56.400621,0 -6.164784,56.402533,0 -6.157216,56.407375,0 -6.142649,56.427965,0 -6.139638,56.435248,0 -6.135121,56.442328,0 -6.126536,56.448432,0 -6.116933,56.450385,0 -6.081532,56.448432,0 -6.021840,56.464097,0 -6.009836,56.469550,0 -6.004018,56.479682,0 -6.003285,56.489407,0 -6.007476,56.497626,0 -6.016672,56.503648,0 -6.081125,56.485053,0 -6.102366,56.483222,0 -6.109975,56.480699,0 -6.118479,56.476264,0 -6.127431,56.474351,0 -6.136790,56.479438,0 -6.153066,56.500067,0 -6.162099,56.509223,0 -6.174306,56.516669,0 -6.194936,56.523342,0 -6.288482,56.532294,0 -6.307729,56.537299,0 -6.324330,56.544257,0 -6.338206,56.552069,0 -6.290395,56.571967,0 -6.298695,56.581244,0 -6.319203,56.593980,0 -6.325185,56.606106,0 -6.288442,56.607978,0 -6.272125,56.612209,0 -6.256256,56.620347,0 -6.247426,56.612616,0 -6.238637,56.608588,0 -6.230214,56.608588,0 -6.222768,56.612942,0 -6.220286,56.632270,0 -6.190745,56.644924,0 -6.151275,56.651801,0 -6.119049,56.653876,0 -6.105336,56.648505,0 -6.058258,56.640204,0 -6.059926,56.635688,0 -6.062652,56.624823,0 -6.064443,56.620347,0 -6.033518,56.618842,0 -6.008778,56.598700,0 -5.968251,56.544664,0 -5.965199,56.537665,0 -5.965159,56.531073,0 -5.962554,56.526109,0 -5.952138,56.524156,0 -5.852203,56.524156,0 -5.844146,56.520575,0 -5.836903,56.514635,0 -5.829457,56.510810,0 -5.814036,56.516669,0 -5.804189,56.517768,0 -5.794342,56.516669,0 -5.787343,56.513617,0 -5.765207,56.494208,0 -5.756663,56.490058,0 -5.746938,56.488430,0 -5.728424,56.490180,0 -5.721832,56.490058,0 -5.710357,56.484849,0 -5.696767,56.475653,0 -5.685536,56.464057,0 -5.680898,56.451850,0 -5.673451,56.449693,0 -5.658844,56.451728,0 -5.648427,56.447740,0 -5.653554,56.427965,0 -5.661855,56.431383,0 -5.670033,56.433092,0 -5.688303,56.434801,0 -5.679555,56.427965,0 -5.664947,56.413886,0 -5.657623,56.400092,0 -5.670318,56.393785,0 -5.703033,56.393378,0 -5.717437,56.397366,0</coordinates>
            </LinearRing>
          </outerBoundaryIs>
        </Polygon>
        <Polygon>
          <outerBoundaryIs>
            <LinearRing>
              <coordinates>-6.229604,56.503323,0 -6.215321,56.503648,0 -6.200754,56.494940,0 -6.170562,56.481147,0 -6.160024,56.469550,0 -6.212473,56.467841,0 -6.237457,56.470038,0 -6.263661,56.483222,0 -6.253245,56.492865,0 -6.242055,56.499579,0 -6.229604,56.503323,0</coordinates>
            </LinearRing>
          </outerBoundaryIs>
        </Polygon>
        <Polygon>
          <outerBoundaryIs>
            <LinearRing>
              <coordinates>-6.825510,56.487291,0 -6.847727,56.484809,0 -6.869293,56.479641,0 -6.887522,56.462104,0 -6.881581,56.444281,0 -6.902455,56.443752,0 -6.965199,56.459866,0 -6.973988,56.471503,0 -6.979726,56.487128,0 -6.989898,56.503648,0 -6.968129,56.510484,0 -6.900502,56.516669,0 -6.878082,56.521308,0 -6.841135,56.534735,0 -6.818593,56.537828,0 -6.767201,56.548570,0 -6.741851,56.547838,0 -6.729237,56.530341,0 -6.743316,56.517808,0 -6.803822,56.513617,0 -6.805572,56.496894,0 -6.825510,56.487291,0</coordinates>
            </LinearRing>
          </outerBoundaryIs>
        </Polygon>
        <Polygon>
          <outerBoundaryIs>
            <LinearRing>
              <coordinates>-6.527252,56.626532,0 -6.564117,56.598700,0 -6.616322,56.575181,0 -6.633046,56.571967,0 -6.657216,56.577826,0 -6.668935,56.577786,0 -6.673980,56.568549,0 -6.677887,56.558254,0 -6.686838,56.563788,0 -6.696278,56.575995,0 -6.701894,56.585639,0 -6.674469,56.588446,0 -6.648101,56.602851,0 -6.602895,56.643622,0 -6.591379,56.651842,0 -6.559234,56.665269,0 -6.535634,56.670844,0 -6.505849,56.685370,0 -6.489654,56.688666,0 -6.462310,56.691230,0 -6.452545,56.688422,0 -6.459218,56.678127,0 -6.468739,56.668158,0 -6.482533,56.647895,0 -6.489654,56.640204,0 -6.497222,56.634345,0 -6.504954,56.630072,0 -6.514272,56.627427,0 -6.527252,56.626532,0</coordinates>
            </LinearRing>
          </outerBoundaryIs>
        </Polygon>
        <Polygon>
          <outerBoundaryIs>
            <LinearRing>
              <coordinates>-7.411041,56.979722,0 -7.419179,56.973334,0 -7.427235,56.968573,0 -7.435048,56.965277,0 -7.442372,56.962958,0 -7.436838,56.953681,0 -7.445302,56.947089,0 -7.460805,56.943183,0 -7.476552,56.941881,0 -7.541412,56.948717,0 -7.556752,56.953070,0 -7.556223,56.962633,0 -7.544911,56.972317,0 -7.528066,56.976630,0 -7.516510,56.981187,0 -7.511586,56.991645,0 -7.514027,57.002916,0 -7.524322,57.010199,0 -7.499908,57.020087,0 -7.475697,57.023017,0 -7.457102,57.031562,0 -7.449208,57.058580,0 -7.444692,57.058539,0 -7.441396,57.057196,0 -7.434967,57.051744,0 -7.428131,57.051337,0 -7.422963,57.050116,0 -7.418691,57.048041,0 -7.414418,57.044908,0 -7.428782,57.027737,0 -7.434967,57.023830,0 -7.402821,57.014635,0 -7.393951,57.010199,0 -7.389068,57.003607,0 -7.386098,56.995307,0 -7.381988,56.987535,0 -7.373525,56.982856,0 -7.402415,56.983385,0 -7.411041,56.979722,0</coordinates>
            </LinearRing>
          </outerBoundaryIs>
        </Polygon>
        <Polygon>
          <outerBoundaryIs>
            <LinearRing>
              <coordinates>-6.256744,56.973782,0 -6.276031,56.953111,0 -6.303619,56.943996,0 -6.341868,56.941881,0 -6.359771,56.947333,0 -6.376129,56.971177,0 -6.390289,56.976630,0 -6.405385,56.980536,0 -6.436757,56.998481,0 -6.455474,57.003974,0 -6.395253,57.041938,0 -6.364247,57.055650,0 -6.325185,57.058580,0 -6.272939,57.040229,0 -6.250966,57.026557,0 -6.269887,57.017564,0 -6.269887,57.010199,0 -6.243235,57.010199,0 -6.256744,56.973782,0</coordinates>
            </LinearRing>
          </outerBoundaryIs>
        </Polygon>
        <Polygon>
          <outerBoundaryIs>
            <LinearRing>
              <coordinates>-6.489654,57.058580,0 -6.515940,57.050686,0 -6.548248,57.047593,0 -6.580434,57.048407,0 -6.606353,57.051744,0 -6.590810,57.058987,0 -6.556304,57.070136,0 -6.537465,57.072821,0 -6.525868,57.067125,0 -6.501536,57.063666,0 -6.489654,57.058580,0</coordinates>
            </LinearRing>
          </outerBoundaryIs>
        </Polygon>
        <Polygon>
          <outerBoundaryIs>
            <LinearRing>
              <coordinates>-7.209706,57.285468,0 -7.221425,57.282131,0 -7.233225,57.274319,0 -7.239166,57.265286,0 -7.249582,57.244696,0 -7.256744,57.236721,0 -7.276112,57.231757,0 -7.353017,57.242906,0 -7.353017,57.236721,0 -7.288808,57.225898,0 -7.271067,57.216254,0 -7.262196,57.200873,0 -7.257721,57.179755,0 -7.259918,57.159817,0 -7.271067,57.147935,0 -7.288442,57.153998,0 -7.307607,57.155829,0 -7.346181,57.154771,0 -7.346181,57.147935,0 -7.328440,57.146186,0 -7.292470,57.148871,0 -7.277252,57.147935,0 -7.259999,57.140041,0 -7.248402,57.129462,0 -7.235951,57.121161,0 -7.215891,57.120063,0 -7.215891,57.113837,0 -7.239125,57.100531,0 -7.321685,57.109931,0 -7.353017,57.099555,0 -7.381988,57.118354,0 -7.390696,57.129055,0 -7.416656,57.181586,0 -7.420400,57.197740,0 -7.414418,57.209418,0 -7.414418,57.216254,0 -7.431467,57.229438,0 -7.442291,57.234605,0 -7.455434,57.236721,0 -7.442738,57.244778,0 -7.434967,57.251899,0 -7.421946,57.270901,0 -7.417307,57.281440,0 -7.414947,57.290107,0 -7.409983,57.295966,0 -7.397084,57.298163,0 -7.389719,57.311957,0 -7.401519,57.342353,0 -7.428131,57.387600,0 -7.408437,57.395575,0 -7.362864,57.407864,0 -7.353017,57.408026,0 -7.263580,57.373928,0 -7.272084,57.370266,0 -7.279124,57.369940,0 -7.298411,57.373928,0 -7.298411,57.367092,0 -7.276357,57.364732,0 -7.244862,57.348456,0 -7.222646,57.346584,0 -7.222646,57.339789,0 -7.250356,57.331855,0 -7.271799,57.337470,0 -7.290151,57.347398,0 -7.331614,57.360907,0 -7.351389,57.376695,0 -7.371083,57.387600,0 -7.393951,57.380764,0 -7.387766,57.377509,0 -7.381093,57.373033,0 -7.375722,57.368109,0 -7.373525,57.363593,0 -7.370473,57.355129,0 -7.363189,57.353217,0 -7.354156,57.353746,0 -7.346181,57.352769,0 -7.322011,57.346584,0 -7.317942,57.344468,0 -7.305287,57.332343,0 -7.290273,57.328315,0 -7.259389,57.328030,0 -7.243764,57.325507,0 -7.232004,57.318793,0 -7.222646,57.310614,0 -7.211822,57.304877,0 -7.195424,57.305609,0 -7.200347,57.290961,0 -7.209706,57.285468,0</coordinates>
            </LinearRing>
          </outerBoundaryIs>
        </Polygon>
        <Polygon>
          <outerBoundaryIs>
            <LinearRing>
              <coordinates>-5.929351,57.307196,0 -5.925445,57.291693,0 -5.958608,57.284491,0 -5.984853,57.290432,0 -6.007802,57.303616,0 -6.013905,57.317450,0 -5.989980,57.325507,0 -5.955719,57.321601,0 -5.929351,57.307196,0</coordinates>
            </LinearRing>
          </outerBoundaryIs>
        </Polygon>
        <Polygon>
          <outerBoundaryIs>
            <LinearRing>
              <coordinates>-6.731679,57.416978,0 -6.773183,57.434068,0 -6.783844,57.456448,0 -6.722401,57.456448,0 -6.736318,57.465155,0 -6.745229,57.475898,0 -6.747141,57.487942,0 -6.739735,57.500556,0 -6.726308,57.511420,0 -6.715932,57.514228,0 -6.706451,57.510932,0 -6.653554,57.468695,0 -6.647328,57.459540,0 -6.638092,57.453274,0 -6.620025,57.445502,0 -6.606801,57.443915,0 -6.612538,57.456448,0 -6.612538,57.462633,0 -6.608266,57.464586,0 -6.604156,57.467760,0 -6.599477,57.469428,0 -6.616689,57.480902,0 -6.619374,57.483100,0 -6.622222,57.486396,0 -6.631256,57.493598,0 -6.633046,57.497463,0 -6.630605,57.501776,0 -6.621409,57.503852,0 -6.619374,57.507310,0 -6.611440,57.512193,0 -6.593617,57.510972,0 -6.564117,57.503607,0 -6.573964,57.521715,0 -6.599355,57.537543,0 -6.629872,57.548529,0 -6.654775,57.552069,0 -6.641591,57.561957,0 -6.631012,57.576809,0 -6.628896,57.591132,0 -6.640452,57.599799,0 -6.640452,57.607327,0 -6.619781,57.607164,0 -6.605621,57.599555,0 -6.594309,57.590522,0 -6.572255,57.582506,0 -6.568430,57.574286,0 -6.566884,57.565090,0 -6.564117,57.558824,0 -6.554596,57.552476,0 -6.547760,57.549547,0 -6.501210,57.535549,0 -6.490387,57.530260,0 -6.479075,57.520982,0 -6.464915,57.512519,0 -6.451650,57.513332,0 -6.437652,57.517239,0 -6.420766,57.517890,0 -6.443471,57.488105,0 -6.433502,57.486477,0 -6.412099,57.501370,0 -6.400258,57.520982,0 -6.386952,57.517279,0 -6.310902,57.462633,0 -6.310902,57.469428,0 -6.315785,57.472805,0 -6.320953,57.479315,0 -6.325185,57.483100,0 -6.324615,57.496812,0 -6.338531,57.509467,0 -6.372955,57.531562,0 -6.389556,57.552476,0 -6.385854,57.562649,0 -6.372426,57.572577,0 -6.359853,57.592963,0 -6.371938,57.591864,0 -6.383372,57.592922,0 -6.393137,57.595649,0 -6.400258,57.599799,0 -6.395863,57.613471,0 -6.401112,57.621527,0 -6.409535,57.627346,0 -6.414540,57.633979,0 -6.415679,57.645819,0 -6.413442,57.649237,0 -6.406606,57.650336,0 -6.366567,57.664252,0 -6.359853,57.668118,0 -6.351186,57.680121,0 -6.345286,57.692206,0 -6.337961,57.699164,0 -6.325185,57.695990,0 -6.317494,57.697699,0 -6.314280,57.699164,0 -6.310902,57.702826,0 -6.302235,57.692369,0 -6.293324,57.686021,0 -6.269887,57.675523,0 -6.260487,57.668647,0 -6.236073,57.646186,0 -6.232655,57.641425,0 -6.187978,57.620917,0 -6.168853,57.607611,0 -6.158355,57.597846,0 -6.153879,57.589545,0 -6.144683,57.520006,0 -6.135121,57.490058,0 -6.133372,57.476264,0 -6.136057,57.461330,0 -6.145090,57.438625,0 -6.146962,57.425116,0 -6.152496,57.417548,0 -6.178863,57.403551,0 -6.187978,57.394355,0 -6.175852,57.400824,0 -6.159250,57.407375,0 -6.141591,57.410793,0 -6.126536,57.408026,0 -6.117909,57.397773,0 -6.123525,57.388251,0 -6.134104,57.380032,0 -6.140126,57.373928,0 -6.135243,57.357367,0 -6.120758,57.347073,0 -6.105702,57.339667,0 -6.099233,57.332343,0 -6.106597,57.323472,0 -6.140289,57.312445,0 -6.153879,57.305609,0 -6.068186,57.311835,0 -6.045400,57.308295,0 -6.041086,57.300116,0 -6.052887,57.291002,0 -6.078114,57.284491,0 -6.078114,57.277655,0 -6.050852,57.279242,0 -6.028879,57.285346,0 -6.008453,57.286770,0 -5.986236,57.274319,0 -5.976674,57.270331,0 -5.963450,57.269477,0 -5.938140,57.270901,0 -5.923248,57.266913,0 -5.913808,57.257880,0 -5.907135,57.248481,0 -5.900624,57.242906,0 -5.886220,57.242092,0 -5.877309,57.246812,0 -5.871327,57.253241,0 -5.865834,57.257148,0 -5.824330,57.256171,0 -5.795806,57.271796,0 -5.767893,57.277411,0 -5.738515,57.277289,0 -5.721832,57.264635,0 -5.647369,57.264635,0 -5.663889,57.239814,0 -5.663482,57.233303,0 -5.659088,57.222480,0 -5.662953,57.212714,0 -5.670644,57.204657,0 -5.690907,57.189521,0 -5.727284,57.172797,0 -5.742340,57.168443,0 -5.782053,57.166246,0 -5.788971,57.159491,0 -5.790761,57.137397,0 -5.800364,57.123725,0 -5.821441,57.114447,0 -5.842641,57.107978,0 -5.852203,57.102973,0 -5.860097,57.095364,0 -5.918853,57.050116,0 -5.934926,57.041205,0 -5.953440,57.034125,0 -6.006744,57.028388,0 -6.020823,57.031887,0 -6.030385,57.044908,0 -6.027252,57.062161,0 -6.000234,57.083930,0 -6.003041,57.092719,0 -6.003041,57.099555,0 -5.997060,57.101752,0 -5.994211,57.104560,0 -5.989980,57.113837,0 -5.986928,57.118232,0 -5.980092,57.123114,0 -5.961822,57.142157,0 -5.952789,57.148830,0 -5.941558,57.154771,0 -5.845367,57.181464,0 -5.845367,57.188300,0 -5.872955,57.179999,0 -5.900868,57.175523,0 -5.986236,57.174628,0 -5.991689,57.177191,0 -5.993072,57.183173,0 -5.993316,57.190172,0 -5.995595,57.195746,0 -6.019276,57.217597,0 -6.032216,57.226508,0 -6.044016,57.229926,0 -6.039784,57.219387,0 -6.035390,57.211493,0 -6.023508,57.195746,0 -6.034088,57.181098,0 -6.040842,57.174140,0 -6.050852,57.168443,0 -6.044016,57.161038,0 -6.056264,57.152899,0 -6.064605,57.141750,0 -6.073842,57.131781,0 -6.088612,57.127427,0 -6.101430,57.135199,0 -6.107167,57.153022,0 -6.111195,57.173285,0 -6.112904,57.188300,0 -6.120961,57.193793,0 -6.126454,57.195217,0 -6.132069,57.193183,0 -6.140126,57.188300,0 -6.147450,57.194525,0 -6.155588,57.198879,0 -6.164459,57.201361,0 -6.174306,57.201972,0 -6.174306,57.195746,0 -6.159820,57.187649,0 -6.177154,57.181220,0 -6.318349,57.161038,0 -6.318349,57.168443,0 -6.306996,57.173896,0 -6.276723,57.195746,0 -6.276723,57.201972,0 -6.295318,57.202379,0 -6.313100,57.199897,0 -6.329986,57.195014,0 -6.345611,57.188300,0 -6.364735,57.204535,0 -6.379791,57.223090,0 -6.368886,57.225775,0 -6.359486,57.229438,0 -6.351715,57.234809,0 -6.345611,57.242906,0 -6.391428,57.240546,0 -6.408193,57.243354,0 -6.455474,57.277655,0 -6.457997,57.280992,0 -6.462961,57.290432,0 -6.466054,57.294745,0 -6.471181,57.299018,0 -6.475575,57.301418,0 -6.479156,57.304755,0 -6.482167,57.311835,0 -6.436187,57.329739,0 -6.416412,57.334540,0 -6.394032,57.332343,0 -6.376332,57.323798,0 -6.358510,57.311835,0 -6.337636,57.301500,0 -6.310902,57.298163,0 -6.323883,57.311428,0 -6.386586,57.339789,0 -6.399526,57.348456,0 -6.406158,57.351549,0 -6.417633,57.352769,0 -6.428822,57.351508,0 -6.450551,57.346503,0 -6.462961,57.346584,0 -6.448638,57.352769,0 -6.448638,57.360256,0 -6.456614,57.361151,0 -6.475942,57.367092,0 -6.468739,57.368557,0 -6.465810,57.370022,0 -6.462961,57.373928,0 -6.472157,57.376532,0 -6.478871,57.381903,0 -6.480824,57.390082,0 -6.475942,57.401190,0 -6.490834,57.398993,0 -6.510610,57.385565,0 -6.523793,57.380764,0 -6.518707,57.389553,0 -6.517649,57.398871,0 -6.521230,57.407864,0 -6.530629,57.415473,0 -6.538930,57.402330,0 -6.550404,57.398017,0 -6.562123,57.395453,0 -6.571523,57.387600,0 -6.573150,57.376125,0 -6.562123,57.357856,0 -6.564117,57.346584,0 -6.580556,57.338813,0 -6.672475,57.355943,0 -6.695953,57.364407,0 -6.714752,57.376614,0 -6.722401,57.390937,0 -6.731679,57.416978,0</coordinates>
            </LinearRing>
          </outerBoundaryIs>
        </Polygon>
        <Polygon>
          <outerBoundaryIs>
            <LinearRing>
              <coordinates>-6.016672,57.462633,0 -6.016672,57.469428,0 -6.023590,57.474189,0 -6.029042,57.479397,0 -6.037099,57.489936,0 -6.025868,57.496243,0 -6.015859,57.496772,0 -5.995595,57.489936,0 -5.995595,57.497463,0 -6.009836,57.511054,0 -6.000885,57.509711,0 -5.993316,57.507025,0 -5.987213,57.502875,0 -5.982533,57.497463,0 -5.986724,57.482245,0 -6.003041,57.452826,0 -6.017649,57.418199,0 -6.016672,57.387600,0 -6.008901,57.380194,0 -5.995107,57.363715,0 -5.989491,57.347317,0 -6.006459,57.339789,0 -6.022857,57.336249,0 -6.038686,57.329779,0 -6.054799,57.326402,0 -6.071929,57.332343,0 -6.069244,57.339545,0 -6.067616,57.342475,0 -6.064443,57.346584,0 -6.075429,57.355048,0 -6.077138,57.371772,0 -6.069081,57.436103,0 -6.061635,57.452704,0 -6.045522,57.460639,0 -6.016672,57.462633,0</coordinates>
            </LinearRing>
          </outerBoundaryIs>
        </Polygon>
        <Polygon>
          <outerBoundaryIs>
            <LinearRing>
              <coordinates>-7.245758,57.475165,0 -7.236318,57.476264,0 -7.229482,57.474555,0 -7.202138,57.462633,0 -7.208404,57.456448,0 -7.222035,57.460924,0 -7.244700,57.449652,0 -7.263580,57.448961,0 -7.258209,57.439114,0 -7.249664,57.435248,0 -7.226430,57.435289,0 -7.212026,57.432196,0 -7.204091,57.425442,0 -7.205434,57.418606,0 -7.292063,57.404731,0 -7.318267,57.408026,0 -7.396148,57.433987,0 -7.407623,57.445624,0 -7.402699,57.464342,0 -7.389272,57.479885,0 -7.369618,57.489325,0 -7.346181,57.489936,0 -7.334462,57.485093,0 -7.322133,57.482896,0 -7.309804,57.484117,0 -7.298411,57.489936,0 -7.292470,57.485297,0 -7.284495,57.482856,0 -7.274729,57.482245,0 -7.263580,57.483100,0 -7.265289,57.478746,0 -7.265736,57.478013,0 -7.266998,57.478176,0 -7.271067,57.476264,0 -7.262522,57.472113,0 -7.254262,57.472846,0 -7.245758,57.475165,0</coordinates>
            </LinearRing>
          </outerBoundaryIs>
        </Polygon>
        <Polygon>
          <outerBoundaryIs>
            <LinearRing>
              <coordinates>-5.982533,57.566311,0 -5.975697,57.572333,0 -5.968658,57.576565,0 -5.961903,57.577297,0 -5.955190,57.572496,0 -5.968007,57.533922,0 -5.968251,57.517890,0 -5.983713,57.522366,0 -5.989980,57.532945,0 -5.987294,57.546291,0 -5.975697,57.558824,0 -5.980092,57.561469,0 -5.980377,57.562445,0 -5.982533,57.566311,0</coordinates>
            </LinearRing>
          </outerBoundaryIs>
        </Polygon>
        <Polygon>
          <outerBoundaryIs>
            <LinearRing>
              <coordinates>-7.092356,57.611518,0 -7.099192,57.607327,0 -7.113108,57.608710,0 -7.123118,57.615709,0 -7.130767,57.623481,0 -7.137318,57.627143,0 -7.148427,57.629340,0 -7.171132,57.641425,0 -7.215891,57.641425,0 -7.215891,57.633979,0 -7.204254,57.633368,0 -7.197255,57.631252,0 -7.196156,57.627183,0 -7.202138,57.620917,0 -7.202138,57.613471,0 -7.173248,57.614651,0 -7.164418,57.609931,0 -7.161204,57.596381,0 -7.154286,57.587348,0 -7.138051,57.586982,0 -7.106028,57.592963,0 -7.125600,57.571112,0 -7.149973,57.561713,0 -7.208404,57.558824,0 -7.215728,57.557359,0 -7.230214,57.552395,0 -7.236318,57.552069,0 -7.243276,57.556098,0 -7.252065,57.569281,0 -7.256744,57.572496,0 -7.269887,57.570543,0 -7.312082,57.552069,0 -7.312082,57.544582,0 -7.240061,57.544582,0 -7.181304,57.553900,0 -7.161204,57.552069,0 -7.144154,57.548529,0 -7.137685,57.545111,0 -7.133901,57.538398,0 -7.137278,57.532131,0 -7.157541,57.511054,0 -7.199208,57.512681,0 -7.219838,57.510810,0 -7.236318,57.503607,0 -7.252512,57.510321,0 -7.287465,57.508775,0 -7.305287,57.511054,0 -7.314687,57.514594,0 -7.318471,57.517035,0 -7.329986,57.528876,0 -7.333485,57.534329,0 -7.338124,57.539740,0 -7.346181,57.544582,0 -7.337554,57.545071,0 -7.318267,57.552069,0 -7.351226,57.553697,0 -7.411610,57.575141,0 -7.442372,57.579291,0 -7.449208,57.572903,0 -7.455922,57.568427,0 -7.462880,57.566311,0 -7.470855,57.567206,0 -7.483266,57.571479,0 -7.499420,57.575019,0 -7.544830,57.592963,0 -7.544830,57.599799,0 -7.522206,57.608385,0 -7.506581,57.625556,0 -7.493031,57.645413,0 -7.476552,57.661933,0 -7.455312,57.655463,0 -7.387115,57.661933,0 -7.387115,57.655097,0 -7.394928,57.654446,0 -7.414418,57.648261,0 -7.396555,57.635321,0 -7.366851,57.651435,0 -7.335357,57.676093,0 -7.312082,57.688544,0 -7.312082,57.682359,0 -7.318186,57.678860,0 -7.322865,57.674750,0 -7.332509,57.661933,0 -7.277903,57.649563,0 -7.256744,57.648261,0 -7.256744,57.655097,0 -7.263417,57.655992,0 -7.277252,57.661933,0 -7.255971,57.666938,0 -7.209055,57.686021,0 -7.181711,57.688544,0 -7.169179,57.679185,0 -7.165395,57.669867,0 -7.171539,57.661526,0 -7.189117,57.655097,0 -7.172841,57.649563,0 -7.142568,57.658108,0 -7.129384,57.652899,0 -7.114573,57.652330,0 -7.092600,57.652086,0 -7.074086,57.646389,0 -7.065053,57.633979,0 -7.075429,57.628363,0 -7.092356,57.611518,0</coordinates>
            </LinearRing>
          </outerBoundaryIs>
        </Polygon>
        <Polygon>
          <outerBoundaryIs>
            <LinearRing>
              <coordinates>-13.687652,57.596869,0 -13.688588,57.596259,0 -13.690419,57.596259,0 -13.691314,57.596503,0 -13.691314,57.597154,0 -13.690419,57.597805,0 -13.688588,57.597805,0 -13.687652,57.597154,0 -13.687652,57.596869,0</coordinates>
            </LinearRing>
          </outerBoundaryIs>
        </Polygon>
        <Polygon>
          <outerBoundaryIs>
            <LinearRing>
              <coordinates>-7.222646,57.709662,0 -7.180165,57.734687,0 -7.161204,57.737006,0 -7.152008,57.726304,0 -7.170033,57.715155,0 -7.198964,57.707953,0 -7.222646,57.709662,0</coordinates>
            </LinearRing>
          </outerBoundaryIs>
        </Polygon>
        <Polygon>
          <outerBoundaryIs>
            <LinearRing>
              <coordinates>-8.610707,57.812730,0 -8.621002,57.833197,0 -8.605295,57.826402,0 -8.569081,57.823676,0 -8.552235,57.818915,0 -8.568959,57.807563,0 -8.590891,57.804755,0 -8.610707,57.812730,0</coordinates>
            </LinearRing>
          </outerBoundaryIs>
        </Polygon>
        <Polygon>
          <outerBoundaryIs>
            <LinearRing>
              <coordinates>-7.076772,57.890692,0 -7.077870,57.891181,0 -7.079335,57.894680,0 -7.037750,57.916327,0 -7.015533,57.921942,0 -6.997385,57.915107,0 -6.997060,57.893541,0 -7.009185,57.889594,0 -7.044586,57.902086,0 -7.048085,57.890815,0 -7.055165,57.884182,0 -7.065500,57.881049,0 -7.079335,57.880316,0 -7.077056,57.888617,0 -7.076772,57.890692,0</coordinates>
            </LinearRing>
          </outerBoundaryIs>
        </Polygon>
        <Polygon>
          <outerBoundaryIs>
            <LinearRing>
              <coordinates>-7.112782,57.815863,0 -7.117299,57.823065,0 -7.124623,57.830756,0 -7.125071,57.836900,0 -7.109446,57.839423,0 -7.096995,57.838039,0 -7.088612,57.833401,0 -7.083241,57.825100,0 -7.079335,57.812690,0 -6.997385,57.853705,0 -6.984853,57.864895,0 -6.962270,57.868842,0 -6.914174,57.867906,0 -6.962554,57.887844,0 -6.962554,57.894680,0 -6.911610,57.910590,0 -6.881703,57.914293,0 -6.851877,57.910590,0 -6.832265,57.902086,0 -6.841868,57.907050,0 -6.851552,57.911404,0 -6.859609,57.915229,0 -6.862945,57.918036,0 -6.865834,57.921332,0 -6.846995,57.927924,0 -6.839101,57.928778,0 -6.839101,57.935614,0 -6.897084,57.935614,0 -6.910797,57.938910,0 -6.937001,57.953437,0 -6.952056,57.956732,0 -7.009755,57.955268,0 -7.036285,57.960639,0 -7.044586,57.976549,0 -7.057281,57.970852,0 -7.065826,57.971015,0 -7.112782,57.990220,0 -7.096669,57.997463,0 -7.084828,58.005927,0 -7.071767,58.011908,0 -7.051910,58.011379,0 -7.051910,58.017524,0 -7.054921,58.019761,0 -7.055653,58.020697,0 -7.056142,58.021959,0 -7.058217,58.024970,0 -7.027903,58.027533,0 -6.995229,58.033759,0 -6.934641,58.052314,0 -7.028717,58.038398,0 -7.058217,58.038642,0 -7.053619,58.047797,0 -7.045766,58.052639,0 -7.035553,58.053900,0 -7.024037,58.052314,0 -7.024037,58.058539,0 -7.051910,58.058539,0 -7.042795,58.061835,0 -7.035024,58.066352,0 -7.028717,58.072211,0 -7.024037,58.079576,0 -7.067494,58.062730,0 -7.075551,58.062242,0 -7.104888,58.094794,0 -7.112782,58.100084,0 -7.107533,58.112006,0 -7.113189,58.116400,0 -7.121938,58.118598,0 -7.126454,58.123969,0 -7.123402,58.136664,0 -7.112131,58.145453,0 -7.112782,58.155341,0 -7.104156,58.157050,0 -7.100168,58.159410,0 -7.097646,58.163031,0 -7.093007,58.168402,0 -7.100250,58.170111,0 -7.107411,58.174140,0 -7.112782,58.175849,0 -7.112782,58.182034,0 -7.037709,58.184638,0 -7.017201,58.189439,0 -7.043446,58.195950,0 -7.053944,58.201361,0 -7.058217,58.213365,0 -7.056060,58.225653,0 -7.050160,58.232367,0 -7.030873,58.244696,0 -7.016103,58.238593,0 -6.977284,58.227362,0 -6.969472,58.226752,0 -6.962026,58.230170,0 -6.907338,58.216783,0 -6.907338,58.209947,0 -6.937082,58.211005,0 -6.930409,58.196845,0 -6.909657,58.179755,0 -6.897084,58.172105,0 -6.898346,58.156724,0 -6.888051,58.135891,0 -6.872874,58.116889,0 -6.859609,58.106879,0 -6.861440,58.115871,0 -6.861887,58.121405,0 -6.859609,58.134833,0 -6.866607,58.141181,0 -6.881581,58.158637,0 -6.887522,58.168402,0 -6.877512,58.172187,0 -6.873931,58.179389,0 -6.872670,58.186347,0 -6.869496,58.189439,0 -6.825063,58.195380,0 -6.815175,58.199693,0 -6.798451,58.202379,0 -6.772572,58.195502,0 -6.748525,58.182929,0 -6.736684,58.168402,0 -6.709381,58.189439,0 -6.734364,58.197699,0 -6.742909,58.203111,0 -6.746816,58.209215,0 -6.752553,58.224799,0 -6.757192,58.230414,0 -6.763051,58.231676,0 -6.777821,58.229478,0 -6.783844,58.230414,0 -6.785715,58.232978,0 -6.789540,58.242011,0 -6.791249,58.244696,0 -6.802724,58.253730,0 -6.807688,58.258694,0 -6.811838,58.264594,0 -6.806752,58.266547,0 -6.802724,58.268988,0 -6.798004,58.270982,0 -6.791249,58.271389,0 -6.796457,58.278632,0 -6.801178,58.283352,0 -6.807729,58.285468,0 -6.818593,58.285102,0 -6.736969,58.323635,0 -6.715566,58.339667,0 -6.703359,58.335883,0 -6.695953,58.338446,0 -6.689687,58.343329,0 -6.681386,58.346503,0 -6.647328,58.346503,0 -6.620676,58.350735,0 -6.557485,58.368557,0 -6.548492,58.372789,0 -6.523346,58.390774,0 -6.345611,58.463202,0 -6.296295,58.497260,0 -6.267405,58.512030,0 -6.243235,58.510972,0 -6.223053,58.499213,0 -6.205393,58.481269,0 -6.192738,58.462063,0 -6.187978,58.446112,0 -6.169993,58.429999,0 -6.166860,58.419501,0 -6.184926,58.414781,0 -6.192372,58.409125,0 -6.215321,58.367621,0 -6.206899,58.361151,0 -6.195546,58.356269,0 -6.182240,58.353664,0 -6.167470,58.353949,0 -6.167470,58.346503,0 -6.188832,58.340806,0 -6.233713,58.322821,0 -6.249989,58.312974,0 -6.244985,58.304145,0 -6.246409,58.297553,0 -6.253814,58.293362,0 -6.266835,58.291897,0 -6.278676,58.288723,0 -6.288238,58.274604,0 -6.317860,58.268297,0 -6.319936,58.260932,0 -6.316965,58.252143,0 -6.318349,58.244696,0 -6.327463,58.239732,0 -6.338490,58.237616,0 -6.366119,58.237250,0 -6.347727,58.221137,0 -6.310862,58.215033,0 -6.270904,58.216498,0 -6.243235,58.223049,0 -6.194814,58.250922,0 -6.179758,58.255561,0 -6.161122,58.258979,0 -6.150706,58.258368,0 -6.160024,58.250922,0 -6.160024,58.244696,0 -6.153879,58.244696,0 -6.158559,58.239814,0 -6.163319,58.233588,0 -6.167470,58.230414,0 -6.164866,58.226752,0 -6.160024,58.216783,0 -6.186431,58.209906,0 -6.195221,58.206488,0 -6.202138,58.201972,0 -6.211659,58.192288,0 -6.215321,58.189439,0 -6.233551,58.184272,0 -6.247426,58.185452,0 -6.276723,58.196275,0 -6.293568,58.199368,0 -6.338206,58.196275,0 -6.354888,58.199368,0 -6.384674,58.209703,0 -6.400258,58.209947,0 -6.377024,58.173529,0 -6.366119,58.162095,0 -6.374501,58.157660,0 -6.378041,58.153632,0 -6.377268,58.148627,0 -6.372955,58.141059,0 -6.390696,58.133531,0 -6.441233,58.127387,0 -6.474721,58.105211,0 -6.489654,58.100084,0 -6.499094,58.100409,0 -6.514394,58.106147,0 -6.523793,58.106879,0 -6.551096,58.093248,0 -6.603179,58.085639,0 -6.619374,58.086412,0 -6.619374,58.079576,0 -6.581288,58.079006,0 -6.451324,58.095689,0 -6.420644,58.105658,0 -6.407094,58.106879,0 -6.394032,58.101793,0 -6.383901,58.091783,0 -6.378570,58.079047,0 -6.379791,58.065985,0 -6.375722,58.064276,0 -6.366119,58.058539,0 -6.373687,58.052924,0 -6.381907,58.048896,0 -6.390696,58.046373,0 -6.400258,58.045478,0 -6.389475,58.041205,0 -6.377675,58.038764,0 -6.365102,58.037909,0 -6.352447,58.038642,0 -6.370961,58.027248,0 -6.385081,58.015937,0 -6.400868,58.007310,0 -6.424469,58.003892,0 -6.518219,58.012641,0 -6.539296,58.017279,0 -6.544911,58.017524,0 -6.550689,58.010077,0 -6.542226,58.005683,0 -6.520741,58.000800,0 -6.505116,57.992499,0 -6.469635,57.986884,0 -6.455474,57.976549,0 -6.455474,57.969713,0 -6.464996,57.965644,0 -6.481191,57.949774,0 -6.489654,57.943061,0 -6.507558,57.935981,0 -6.520131,57.936591,0 -6.532867,57.940416,0 -6.551096,57.943061,0 -6.551096,57.935614,0 -6.546702,57.933824,0 -6.541982,57.930854,0 -6.537465,57.928778,0 -6.537465,57.921332,0 -6.559804,57.915229,0 -6.578440,57.917222,0 -6.593861,57.924872,0 -6.606353,57.935614,0 -6.614980,57.949164,0 -6.620473,57.954535,0 -6.629872,57.956732,0 -6.634999,57.951606,0 -6.629628,57.940253,0 -6.620025,57.928168,0 -6.612538,57.921332,0 -6.619374,57.915107,0 -6.651194,57.923814,0 -6.660959,57.928778,0 -6.666168,57.933905,0 -6.672434,57.946194,0 -6.699818,57.976223,0 -6.707753,57.989569,0 -6.709381,58.003892,0 -6.694651,58.030097,0 -6.665842,58.044664,0 -6.629465,58.050930,0 -6.592030,58.052314,0 -6.592030,58.058539,0 -6.688303,58.058539,0 -6.688303,58.052314,0 -6.692698,58.040961,0 -6.716054,58.024970,0 -6.744496,58.010484,0 -6.764027,58.003892,0 -6.750885,57.992987,0 -6.730092,57.962958,0 -6.718984,57.956732,0 -6.704742,57.953192,0 -6.693227,57.945054,0 -6.683420,57.935736,0 -6.673980,57.928778,0 -6.679351,57.926825,0 -6.683461,57.924221,0 -6.688466,57.922065,0 -6.695668,57.921332,0 -6.688954,57.914944,0 -6.680328,57.912055,0 -6.672353,57.910590,0 -6.667795,57.908271,0 -6.665151,57.901557,0 -6.660959,57.880316,0 -6.742909,57.891262,0 -6.777659,57.902086,0 -6.787017,57.898830,0 -6.792388,57.893744,0 -6.797353,57.887397,0 -6.805572,57.880316,0 -6.794260,57.876207,0 -6.772857,57.871243,0 -6.764027,57.867906,0 -6.740712,57.845038,0 -6.736684,57.839423,0 -6.741933,57.831488,0 -6.755605,57.826483,0 -6.773508,57.824612,0 -6.791249,57.825751,0 -6.791249,57.818915,0 -6.783844,57.818915,0 -6.783844,57.812690,0 -6.806142,57.814643,0 -6.852691,57.833197,0 -6.859609,57.825751,0 -6.854156,57.823432,0 -6.845855,57.816392,0 -6.839101,57.812690,0 -6.850168,57.802924,0 -6.861155,57.796332,0 -6.887522,57.784817,0 -6.882721,57.782864,0 -6.877838,57.779853,0 -6.873280,57.777981,0 -6.893951,57.766547,0 -6.955149,57.743842,0 -6.973500,57.733344,0 -6.980784,57.735053,0 -7.031646,57.767401,0 -7.041371,57.770494,0 -7.101877,57.811469,0 -7.112782,57.815863,0</coordinates>
            </LinearRing>
          </outerBoundaryIs>
        </Polygon>
        <Polygon>
          <outerBoundaryIs>
            <LinearRing>
              <coordinates>-6.886220,58.247626,0 -6.880035,58.257758,0 -6.861155,58.253363,0 -6.828928,58.233791,0 -6.818593,58.237250,0 -6.809641,58.232245,0 -6.801991,58.226142,0 -6.795766,58.218817,0 -6.791249,58.209947,0 -6.873280,58.209947,0 -6.873280,58.216783,0 -6.862864,58.216457,0 -6.859609,58.216783,0 -6.859609,58.223049,0 -6.872222,58.226793,0 -6.882314,58.236274,0 -6.886220,58.247626,0</coordinates>
            </LinearRing>
          </outerBoundaryIs>
        </Polygon>
        <Polygon>
          <outerBoundaryIs>
            <LinearRing>
              <coordinates>-2.944338,55.046719,0 -2.948523,55.043618,0 -2.953794,55.041034,0 -2.969969,55.039381,0 -2.976997,55.040104,0 -3.015031,55.051525,0 -3.020793,55.052558,0 -3.026064,55.050749,0 -3.030275,55.045892,0 -3.031877,55.019589,0 -3.032963,55.015248,0 -3.045933,54.999693,0 -3.050291,54.981510,0 -3.135406,54.968085,0 -3.453847,54.981757,0 -3.470693,54.984442,0 -3.486236,54.989488,0 -3.501047,54.992499,0 -3.515289,54.989203,0 -3.512359,54.987128,0 -3.511464,54.986884,0 -3.510894,54.985989,0 -3.509185,54.981757,0 -3.526031,54.977118,0 -3.541860,54.980658,0 -3.570546,54.995429,0 -3.583608,54.968085,0 -3.575673,54.957343,0 -3.570627,54.937567,0 -3.568756,54.916002,0 -3.570546,54.899807,0 -3.581695,54.883612,0 -3.598378,54.877997,0 -3.691762,54.883205,0 -3.717641,54.880845,0 -3.739247,54.859809,0 -3.810129,54.866278,0 -3.807851,54.861070,0 -3.806793,54.860907,0 -3.803334,54.858873,0 -3.812367,54.855170,0 -3.819814,54.855902,0 -3.826080,54.859931,0 -3.831288,54.866278,0 -3.819976,54.878567,0 -3.815053,54.877143,0 -3.810129,54.872504,0 -3.811635,54.880032,0 -3.813222,54.883124,0 -3.816965,54.886176,0 -3.828847,54.874986,0 -3.844309,54.866278,0 -3.839752,54.855902,0 -3.837473,54.851996,0 -3.844106,54.850979,0 -3.857900,54.844550,0 -3.823842,54.824693,0 -3.833608,54.820054,0 -3.885732,54.806464,0 -3.964182,54.771918,0 -4.011708,54.768215,0 -4.042877,54.769477,0 -4.042877,54.776923,0 -4.046783,54.778022,0 -4.050201,54.778551,0 -4.053334,54.779975,0 -4.055776,54.782538,0 -4.052968,54.785468,0 -4.050160,54.789008,0 -4.049713,54.789984,0 -4.051747,54.800035,0 -4.047719,54.813056,0 -4.049957,54.823228,0 -4.063588,54.826850,0 -4.064036,54.831529,0 -4.078603,54.824123,0 -4.090077,54.809760,0 -4.093495,54.792670,0 -4.083852,54.776923,0 -4.122955,54.773017,0 -4.173940,54.792304,0 -4.209137,54.826239,0 -4.200551,54.866278,0 -4.215403,54.861029,0 -4.239735,54.843004,0 -4.255767,54.838324,0 -4.270741,54.839423,0 -4.345286,54.860175,0 -4.356923,54.865546,0 -4.365631,54.872504,0 -4.375152,54.886908,0 -4.379872,54.897895,0 -4.386790,54.904771,0 -4.402903,54.907294,0 -4.409006,54.903022,0 -4.416819,54.892808,0 -4.423573,54.880357,0 -4.426503,54.869452,0 -4.417226,54.845933,0 -4.409413,54.831244,0 -4.402903,54.824693,0 -4.386708,54.824164,0 -4.372426,54.821845,0 -4.359609,54.816636,0 -4.347646,54.807318,0 -4.344472,54.794501,0 -4.353179,54.783108,0 -4.358144,54.770982,0 -4.343861,54.756415,0 -4.356516,54.741889,0 -4.353261,54.720893,0 -4.348134,54.701972,0 -4.354726,54.693793,0 -4.360341,54.691596,0 -4.365305,54.686957,0 -4.371897,54.682278,0 -4.382395,54.680080,0 -4.405263,54.682074,0 -4.426503,54.687567,0 -4.451812,54.698798,0 -4.461171,54.701239,0 -4.496734,54.700629,0 -4.505605,54.704657,0 -4.563629,54.756415,0 -4.596669,54.775295,0 -4.714467,54.817857,0 -4.759592,54.825344,0 -4.781077,54.833075,0 -4.799631,54.861274,0 -4.821034,54.866645,0 -4.859120,54.866278,0 -4.883046,54.860093,0 -4.905873,54.849799,0 -4.925771,54.837388,0 -4.941029,54.824693,0 -4.949615,54.815823,0 -4.953684,54.810004,0 -4.954823,54.804755,0 -4.954701,54.797431,0 -4.952870,54.788967,0 -4.947906,54.777330,0 -4.940256,54.767035,0 -4.930165,54.762641,0 -4.923248,54.751858,0 -4.911936,54.728217,0 -4.895985,54.704535,0 -4.867258,54.690131,0 -4.866933,54.681464,0 -4.872141,54.663316,0 -4.872426,54.654039,0 -4.872060,54.649237,0 -4.859120,54.632961,0 -4.880605,54.636217,0 -4.923492,54.649726,0 -4.944081,54.652777,0 -4.953684,54.659735,0 -4.959869,54.675523,0 -4.958974,54.691962,0 -4.947255,54.701239,0 -4.954823,54.707465,0 -4.958892,54.714057,0 -4.959055,54.720933,0 -4.954701,54.728502,0 -4.973378,54.729722,0 -4.981557,54.731635,0 -4.988189,54.735297,0 -4.992665,54.744330,0 -4.997060,54.758368,0 -5.003285,54.771308,0 -5.013010,54.776923,0 -5.033193,54.782416,0 -5.128245,54.848944,0 -5.157135,54.879096,0 -5.175526,54.914618,0 -5.180653,54.954413,0 -5.177602,54.990546,0 -5.170806,55.008694,0 -5.156728,55.016547,0 -5.135610,55.015855,0 -5.124582,55.016791,0 -5.119740,55.019924,0 -5.115142,55.031562,0 -5.105214,55.026190,0 -5.095530,55.015082,0 -5.091868,55.009711,0 -5.076894,54.995551,0 -5.069488,54.986029,0 -5.064565,54.975531,0 -5.063791,54.964586,0 -5.065256,54.940334,0 -5.060862,54.931138,0 -5.047515,54.920315,0 -5.030995,54.911322,0 -5.013092,54.909613,0 -4.995595,54.920315,0 -4.992299,54.924262,0 -4.988189,54.927720,0 -4.988189,54.934556,0 -5.024078,54.976386,0 -5.029775,54.985500,0 -5.032501,54.993720,0 -5.033030,54.995266,0 -5.047027,55.015082,0 -5.050282,55.026801,0 -5.049672,55.048977,0 -5.047597,55.055732,0 -5.043446,55.064276,0 -5.025787,55.088690,0 -5.018951,55.102240,0 -5.016184,55.122626,0 -5.007802,55.141181,0 -4.988271,55.152655,0 -4.947255,55.167914,0 -4.882395,55.218573,0 -4.877553,55.220893,0 -4.867258,55.222480,0 -4.865305,55.225653,0 -4.865590,55.236314,0 -4.864817,55.241360,0 -4.841949,55.275092,0 -4.838002,55.284003,0 -4.837229,55.293850,0 -4.839752,55.315579,0 -4.838002,55.325019,0 -4.832509,55.331122,0 -4.799224,55.354722,0 -4.781077,55.363511,0 -4.773101,55.369371,0 -4.767161,55.379055,0 -4.758778,55.402289,0 -4.749257,55.413764,0 -4.717030,55.430487,0 -4.650502,55.448472,0 -4.626332,55.468411,0 -4.617787,55.495592,0 -4.626780,55.519721,0 -4.650787,55.537055,0 -4.687164,55.544135,0 -4.666249,55.562201,0 -4.666493,55.563300,0 -4.671132,55.584418,0 -4.692738,55.605211,0 -4.721995,55.619208,0 -4.776519,55.632880,0 -4.808746,55.633612,0 -4.818105,55.637193,0 -4.810618,55.646552,0 -4.810618,55.653998,0 -4.868560,55.675605,0 -4.900990,55.692328,0 -4.920522,55.708564,0 -4.876332,55.735256,0 -4.861073,55.756741,0 -4.865305,55.790473,0 -4.871734,55.802436,0 -4.877797,55.811021,0 -4.882721,55.821357,0 -4.888661,55.864529,0 -4.888824,55.865302,0 -4.892649,55.892890,0 -4.886464,55.919664,0 -4.872141,55.937201,0 -4.849355,55.948228,0 -4.818105,55.955634,0 -4.799387,55.957913,0 -4.785797,55.956977,0 -4.722320,55.940090,0 -4.705434,55.938463,0 -4.693959,55.941352,0 -4.672515,55.933783,0 -4.626825,55.929753,0 -4.505971,55.919094,0 -4.488627,55.925660,0 -4.481679,55.928290,0 -4.590618,55.941516,0 -4.630035,55.946275,0 -4.673451,55.961859,0 -4.724517,55.998358,0 -4.765045,56.007066,0 -4.783437,56.017646,0 -4.799224,56.030951,0 -4.810618,56.043769,0 -4.823720,56.073676,0 -4.824330,56.078518,0 -4.839182,56.080634,0 -4.844309,56.072984,0 -4.843739,56.062974,0 -4.837554,56.050605,0 -4.790151,56.010199,0 -4.778920,55.992092,0 -4.785308,55.984036,0 -4.803619,55.982082,0 -4.828033,55.982327,0 -4.851552,55.988023,0 -4.862294,56.002143,0 -4.865387,56.020209,0 -4.866851,56.058336,0 -4.865387,56.066718,0 -4.826324,56.124213,0 -4.755442,56.188381,0 -4.750885,56.202704,0 -4.755523,56.206529,0 -4.766265,56.202094,0 -4.779937,56.191474,0 -4.837270,56.124416,0 -4.851674,56.112616,0 -4.873118,56.112006,0 -4.880605,56.119859,0 -4.878977,56.150539,0 -4.883168,56.164008,0 -4.893544,56.174262,0 -4.907094,56.177069,0 -4.920522,56.167914,0 -4.909088,56.149970,0 -4.895253,56.114732,0 -4.886220,56.080390,0 -4.889150,56.064846,0 -4.901926,56.061916,0 -4.904368,56.054348,0 -4.900054,56.034125,0 -4.900054,56.014594,0 -4.898020,56.001166,0 -4.892649,55.989732,0 -4.906402,55.985745,0 -4.921457,55.988674,0 -4.937489,55.993842,0 -4.954701,55.996568,0 -4.954701,55.989732,0 -4.942006,55.986314,0 -4.928863,55.981147,0 -4.918446,55.973334,0 -4.913686,55.961859,0 -4.917388,55.947455,0 -4.927235,55.937690,0 -4.938710,55.929633,0 -4.947255,55.920844,0 -4.952138,55.909125,0 -4.954986,55.899359,0 -4.959218,55.890123,0 -4.968984,55.879869,0 -4.983144,55.871039,0 -4.994740,55.869818,0 -5.026357,55.873725,0 -5.042470,55.884752,0 -5.056752,55.910305,0 -5.066803,55.938788,0 -5.070790,55.958686,0 -5.110829,55.988959,0 -5.116038,56.001695,0 -5.123606,56.009914,0 -5.139638,56.002753,0 -5.123769,55.986314,0 -5.085683,55.931871,0 -5.078236,55.910956,0 -5.086537,55.901272,0 -5.105621,55.904975,0 -5.171539,55.935533,0 -5.180653,55.948432,0 -5.180653,55.969306,0 -5.190826,55.961737,0 -5.199615,55.948554,0 -5.205719,55.934516,0 -5.207916,55.924628,0 -5.212636,55.917141,0 -5.242055,55.892890,0 -5.218129,55.864691,0 -5.208160,55.849270,0 -5.201080,55.831488,0 -5.219390,55.831448,0 -5.263173,55.845771,0 -5.296702,55.852688,0 -5.307118,55.860419,0 -5.313385,55.885443,0 -5.319325,55.889106,0 -5.327219,55.891547,0 -5.334828,55.896674,0 -5.338287,55.903754,0 -5.339101,55.913031,0 -5.338287,55.931383,0 -5.336090,55.939195,0 -5.326161,55.950263,0 -5.323964,55.958686,0 -5.325754,55.967231,0 -5.338287,55.996568,0 -5.313629,56.012356,0 -5.204498,56.119452,0 -5.146474,56.133124,0 -5.104604,56.151516,0 -5.094960,56.157375,0 -5.059438,56.203111,0 -5.043446,56.216295,0 -5.013295,56.227607,0 -4.974965,56.237006,0 -4.940094,56.251410,0 -4.920522,56.277777,0 -4.938100,56.270982,0 -4.975087,56.247992,0 -4.991933,56.242987,0 -5.032704,56.241156,0 -5.049550,56.237047,0 -5.064565,56.229315,0 -5.075429,56.216986,0 -5.099436,56.181952,0 -5.108876,56.174709,0 -5.228139,56.129218,0 -5.310943,56.058051,0 -5.319936,56.054918,0 -5.338043,56.054104,0 -5.345693,56.051215,0 -5.345286,56.046129,0 -5.350209,56.031928,0 -5.356353,56.019761,0 -5.359364,56.020738,0 -5.368642,56.009426,0 -5.390289,56.005683,0 -5.415028,56.006903,0 -5.433827,56.010199,0 -5.434560,56.014960,0 -5.434722,56.023627,0 -5.437123,56.030015,0 -5.444407,56.027574,0 -5.447906,56.022284,0 -5.448232,56.016059,0 -5.447621,56.009426,0 -5.454986,55.955634,0 -5.451405,55.953437,0 -5.436431,55.948961,0 -5.430776,55.948188,0 -5.420806,55.928290,0 -5.416737,55.916815,0 -5.416005,55.907416,0 -5.412506,55.899604,0 -5.400380,55.892890,0 -5.400380,55.886705,0 -5.407216,55.886705,0 -5.407216,55.879869,0 -5.402943,55.878730,0 -5.392893,55.873725,0 -5.397694,55.871568,0 -5.402496,55.868354,0 -5.407216,55.866278,0 -5.351796,55.832424,0 -5.326772,55.808580,0 -5.317779,55.783026,0 -5.324574,55.769232,0 -5.338531,55.762641,0 -5.372426,55.756415,0 -5.387563,55.750312,0 -5.433461,55.721015,0 -5.444569,55.711615,0 -5.453969,55.700588,0 -5.461171,55.688137,0 -5.463612,55.679836,0 -5.466176,55.662177,0 -5.468617,55.653998,0 -5.490102,55.644599,0 -5.488271,55.640326,0 -5.484283,55.635728,0 -5.482289,55.632880,0 -5.483876,55.610053,0 -5.474762,55.603949,0 -5.462636,55.602037,0 -5.454986,55.591946,0 -5.461090,55.578803,0 -5.476918,55.574897,0 -5.488759,55.569078,0 -5.482289,55.550279,0 -5.503529,55.526516,0 -5.509633,55.516791,0 -5.510610,55.511461,0 -5.509633,55.492580,0 -5.510976,55.484442,0 -5.514272,55.483873,0 -5.518788,55.485175,0 -5.523264,55.482652,0 -5.545522,55.449164,0 -5.561513,55.435533,0 -5.584625,55.427436,0 -5.584625,55.421210,0 -5.572133,55.422309,0 -5.562082,55.419867,0 -5.553090,55.414537,0 -5.543691,55.406928,0 -5.527455,55.384345,0 -5.526682,55.380276,0 -5.514963,55.373684,0 -5.525054,55.358629,0 -5.557973,55.331855,0 -5.574371,55.322008,0 -5.594106,55.313137,0 -5.616282,55.306586,0 -5.639963,55.303900,0 -5.649526,55.305162,0 -5.669097,55.310858,0 -5.680898,55.311347,0 -5.691396,55.308580,0 -5.714019,55.299140,0 -5.725575,55.297065,0 -5.754547,55.297349,0 -5.772288,55.301256,0 -5.782867,55.313544,0 -5.794667,55.356391,0 -5.796702,55.379096,0 -5.791412,55.398627,0 -5.763417,55.412055,0 -5.725413,55.437567,0 -5.715647,55.447903,0 -5.715240,55.468899,0 -5.720123,55.491523,0 -5.721913,55.513861,0 -5.707753,55.543362,0 -5.712066,55.550727,0 -5.718861,55.557318,0 -5.721832,55.564602,0 -5.718129,55.575751,0 -5.694488,55.605536,0 -5.673329,55.640611,0 -5.669423,55.660712,0 -5.680898,55.674465,0 -5.626536,55.700629,0 -5.619456,55.711982,0 -5.613189,55.725775,0 -5.598297,55.742987,0 -5.581207,55.757636,0 -5.567860,55.763861,0 -5.539174,55.770941,0 -5.504628,55.789374,0 -5.473500,55.815660,0 -5.454986,55.845771,0 -5.551747,55.783637,0 -5.587473,55.767157,0 -5.599436,55.764228,0 -5.612620,55.763861,0 -5.605784,55.776842,0 -5.633209,55.782782,0 -5.646718,55.787502,0 -5.660390,55.797349,0 -5.667958,55.811021,0 -5.669016,55.837836,0 -5.674062,55.845771,0 -5.631988,55.881781,0 -5.625600,55.889838,0 -5.619374,55.903144,0 -5.604360,55.913642,0 -5.586293,55.923326,0 -5.571034,55.934516,0 -5.593495,55.927965,0 -5.627594,55.905341,0 -5.653798,55.897610,0 -5.671702,55.886908,0 -5.680898,55.886705,0 -5.687978,55.893378,0 -5.694163,55.904975,0 -5.696401,55.915961,0 -5.586822,56.012030,0 -5.578440,56.024482,0 -5.582672,56.028957,0 -5.576650,56.032538,0 -5.571034,56.037543,0 -5.583892,56.040717,0 -5.596425,56.036811,0 -5.609853,56.030015,0 -5.625600,56.024482,0 -5.631703,56.005927,0 -5.674875,55.977729,0 -5.674062,55.955634,0 -5.690785,55.937649,0 -5.694488,55.934516,0 -5.704498,55.936754,0 -5.707509,55.942572,0 -5.705881,55.949652,0 -5.701975,55.955634,0 -5.696441,55.982164,0 -5.659901,56.023261,0 -5.584625,56.084662,0 -5.581532,56.088284,0 -5.580068,56.092922,0 -5.577463,56.096991,0 -5.571034,56.099026,0 -5.564605,56.098090,0 -5.556549,56.095893,0 -5.550689,56.093492,0 -5.550526,56.092190,0 -5.547841,56.090033,0 -5.539459,56.086859,0 -5.531606,56.086330,0 -5.530100,56.092190,0 -5.534739,56.098538,0 -5.541412,56.102484,0 -5.547515,56.104885,0 -5.550526,56.106431,0 -5.556956,56.122219,0 -5.558705,56.130805,0 -5.554677,56.137397,0 -5.522532,56.165758,0 -5.515736,56.174709,0 -5.509633,56.188381,0 -5.539906,56.183417,0 -5.562489,56.167914,0 -5.582672,56.150580,0 -5.605784,56.139960,0 -5.599355,56.160590,0 -5.586415,56.181138,0 -5.569407,56.200263,0 -5.550526,56.216295,0 -5.559438,56.229560,0 -5.547231,56.240180,0 -5.525624,56.247260,0 -5.506174,56.249823,0 -5.494740,56.253119,0 -5.492828,56.260403,0 -5.499257,56.267646,0 -5.512685,56.270941,0 -5.554270,56.263495,0 -5.563140,56.260321,0 -5.572621,56.253852,0 -5.582346,56.248765,0 -5.592152,56.249823,0 -5.598053,56.258612,0 -5.595570,56.269924,0 -5.584625,56.290758,0 -5.572581,56.328070,0 -5.562734,56.341051,0 -5.543691,56.352851,0 -5.525217,56.346625,0 -5.498199,56.348334,0 -5.448110,56.359687,0 -5.448110,56.365912,0 -5.472157,56.364936,0 -5.515370,56.356838,0 -5.537506,56.359687,0 -5.517323,56.392768,0 -5.509633,56.400621,0 -5.498931,56.404731,0 -5.486073,56.408108,0 -5.478017,56.412909,0 -5.482289,56.421129,0 -5.457021,56.440863,0 -5.423573,56.450019,0 -5.322865,56.454983,0 -5.242055,56.442206,0 -5.208730,56.446845,0 -5.181874,56.459662,0 -5.118520,56.507758,0 -5.085683,56.548774,0 -5.064565,56.565131,0 -5.086537,56.558498,0 -5.099599,56.543647,0 -5.110585,56.525865,0 -5.125966,56.510484,0 -5.166900,56.490058,0 -5.190175,56.468655,0 -5.201080,56.462104,0 -5.243764,56.459215,0 -5.350168,56.472968,0 -5.378082,56.458970,0 -5.394276,56.465481,0 -5.410553,56.503648,0 -5.424143,56.500067,0 -5.435943,56.491156,0 -5.454986,56.469550,0 -5.468617,56.475735,0 -5.433339,56.523627,0 -5.427642,56.537828,0 -5.403798,56.524604,0 -5.379262,56.519192,0 -5.356679,56.519680,0 -5.338287,56.524156,0 -5.290517,56.544664,0 -5.265045,56.551215,0 -5.252553,56.556342,0 -5.242055,56.565131,0 -5.275624,56.553616,0 -5.286773,56.552069,0 -5.306793,56.552802,0 -5.310943,56.552069,0 -5.327707,56.544664,0 -5.338694,56.542304,0 -5.360341,56.532213,0 -5.372426,56.530341,0 -5.384348,56.533433,0 -5.400502,56.543647,0 -5.413930,56.544664,0 -5.410878,56.552069,0 -5.407297,56.555325,0 -5.402699,56.557440,0 -5.396637,56.561713,0 -5.392690,56.566474,0 -5.389312,56.574897,0 -5.386627,56.578803,0 -5.360707,56.606269,0 -5.351918,56.612942,0 -5.310862,56.633612,0 -5.304517,56.640160,0 -5.298451,56.646430,0 -5.317779,56.653876,0 -5.317779,56.661322,0 -5.309071,56.664252,0 -5.286773,56.674994,0 -5.261464,56.673326,0 -5.248199,56.674058,0 -5.218902,56.688666,0 -5.196441,56.688666,0 -5.153310,56.681220,0 -5.132639,56.684516,0 -5.093373,56.699042,0 -5.012807,56.709296,0 -4.995595,56.715969,0 -5.160553,56.695868,0 -5.238271,56.716620,0 -5.238515,56.722561,0 -5.228424,56.736477,0 -5.222076,56.741523,0 -5.154652,56.782294,0 -5.136383,56.798774,0 -5.119740,56.818427,0 -5.179067,56.789252,0 -5.187489,56.781155,0 -5.191762,56.774644,0 -5.202260,56.769110,0 -5.214670,56.765204,0 -5.224965,56.763739,0 -5.233469,56.760688,0 -5.237050,56.753363,0 -5.238922,56.744452,0 -5.242055,56.736477,0 -5.255238,56.721584,0 -5.268463,56.713080,0 -5.283355,56.709377,0 -5.301015,56.708564,0 -5.309804,56.706488,0 -5.319163,56.697496,0 -5.340159,56.693061,0 -5.348378,56.687201,0 -5.359364,56.674994,0 -5.388051,56.655219,0 -5.403879,56.649237,0 -5.424224,56.647040,0 -5.434397,56.642890,0 -5.448720,56.624579,0 -5.458119,56.620347,0 -5.470774,56.618394,0 -5.482574,56.613267,0 -5.493316,56.606391,0 -5.533437,56.572903,0 -5.599599,56.529039,0 -5.667388,56.498481,0 -5.674062,56.496894,0 -5.683013,56.500637,0 -5.694692,56.513861,0 -5.705393,56.516669,0 -5.721791,56.518500,0 -5.740834,56.523261,0 -5.758209,56.529975,0 -5.770253,56.537828,0 -5.755198,56.554023,0 -5.751047,56.561998,0 -5.749135,56.571967,0 -5.756663,56.571967,0 -5.793853,56.543280,0 -5.854360,56.550482,0 -6.003407,56.618720,0 -6.009836,56.626532,0 -6.008168,56.642279,0 -5.998036,56.649888,0 -5.983510,56.652818,0 -5.933583,56.654731,0 -5.899037,56.650824,0 -5.866851,56.641547,0 -5.839182,56.626532,0 -5.831695,56.633979,0 -5.855621,56.644721,0 -5.865590,56.651435,0 -5.865834,56.661322,0 -5.759999,56.700751,0 -5.735504,56.702338,0 -5.672597,56.684149,0 -5.647369,56.681220,0 -5.594146,56.683336,0 -5.564809,56.687649,0 -5.543691,56.695461,0 -5.636545,56.688666,0 -5.658559,56.690741,0 -5.708852,56.708564,0 -5.749989,56.714545,0 -5.859039,56.681220,0 -5.896799,56.675116,0 -5.907379,56.674994,0 -5.920318,56.677965,0 -5.942738,56.686754,0 -5.955556,56.688666,0 -6.024892,56.685696,0 -6.098622,56.696967,0 -6.123850,56.695624,0 -6.143544,56.684882,0 -6.161733,56.678209,0 -6.186594,56.681098,0 -6.209625,56.688463,0 -6.222768,56.695461,0 -6.228179,56.701077,0 -6.232533,56.706529,0 -6.235341,56.712388,0 -6.236399,56.719062,0 -6.234486,56.728583,0 -6.229563,56.729071,0 -6.222768,56.727200,0 -6.215321,56.729641,0 -6.193471,56.748521,0 -6.180531,56.754625,0 -6.026967,56.763739,0 -6.014882,56.767035,0 -5.979888,56.781562,0 -5.965199,56.784857,0 -5.948232,56.782538,0 -5.937978,56.776923,0 -5.928538,56.769965,0 -5.913645,56.763739,0 -5.860911,56.750800,0 -5.852203,56.746975,0 -5.853342,56.757880,0 -5.858144,56.768459,0 -5.868398,56.775865,0 -5.886342,56.777411,0 -5.886342,56.784857,0 -5.874013,56.785712,0 -5.861806,56.785102,0 -5.850087,56.782457,0 -5.839182,56.777411,0 -5.824615,56.787584,0 -5.802073,56.791815,0 -5.776601,56.787991,0 -5.756663,56.784857,0 -5.831695,56.805365,0 -5.850819,56.818020,0 -5.851186,56.828925,0 -5.837473,56.836615,0 -5.733876,56.844794,0 -5.692738,56.854926,0 -5.660390,56.872992,0 -5.673573,56.876532,0 -5.692006,56.875312,0 -5.708485,56.870551,0 -5.724355,56.853827,0 -5.744496,56.854153,0 -5.783925,56.859931,0 -5.775380,56.869940,0 -5.735504,56.894110,0 -5.780588,56.898749,0 -5.874867,56.887152,0 -5.921132,56.894110,0 -5.887563,56.899115,0 -5.852203,56.900336,0 -5.852203,56.907701,0 -5.859853,56.910549,0 -5.880116,56.922024,0 -5.862538,56.933743,0 -5.851430,56.954250,0 -5.842519,56.977444,0 -5.831695,56.997138,0 -5.814117,57.009508,0 -5.786041,57.020575,0 -5.755238,57.026557,0 -5.729319,57.023830,0 -5.719879,57.017564,0 -5.699941,56.998114,0 -5.688303,56.989691,0 -5.674062,56.983588,0 -5.658559,56.979478,0 -5.625600,56.976630,0 -5.571278,56.983832,0 -5.523264,56.997138,0 -5.523264,57.003974,0 -5.540435,57.001166,0 -5.556508,56.996080,0 -5.571278,56.993313,0 -5.584625,56.997138,0 -5.607086,56.988511,0 -5.628814,56.991889,0 -5.649892,56.999661,0 -5.670318,57.003974,0 -5.685536,57.009589,0 -5.681711,57.022406,0 -5.680043,57.036200,0 -5.701975,57.044908,0 -5.710927,57.044176,0 -5.731353,57.039008,0 -5.742340,57.038072,0 -5.752553,57.040595,0 -5.769602,57.049750,0 -5.780181,57.051744,0 -5.791127,57.059272,0 -5.776194,57.075832,0 -5.734486,57.105414,0 -5.722646,57.116441,0 -5.715647,57.120063,0 -5.703277,57.120754,0 -5.673695,57.119045,0 -5.663482,57.123725,0 -5.645863,57.129462,0 -5.620839,57.124091,0 -5.578440,57.106391,0 -5.558258,57.100409,0 -5.459828,57.099799,0 -5.454986,57.102973,0 -5.447418,57.110175,0 -5.430776,57.110745,0 -5.414296,57.108222,0 -5.407216,57.106391,0 -5.400380,57.106391,0 -5.400380,57.113837,0 -5.420033,57.120673,0 -5.503896,57.112698,0 -5.527415,57.107489,0 -5.540639,57.106391,0 -5.547719,57.110093,0 -5.573313,57.127875,0 -5.584625,57.133694,0 -5.668446,57.147650,0 -5.680898,57.157904,0 -5.673818,57.174994,0 -5.638824,57.202379,0 -5.625600,57.216254,0 -5.644154,57.233222,0 -5.620107,57.252143,0 -5.578236,57.266750,0 -5.543691,57.270901,0 -5.511586,57.257636,0 -5.480092,57.237006,0 -5.446278,57.223049,0 -5.407216,57.229926,0 -5.407216,57.236721,0 -5.448842,57.242092,0 -5.458119,57.246649,0 -5.472890,57.261217,0 -5.482900,57.268012,0 -5.492502,57.270901,0 -5.501943,57.277655,0 -5.488922,57.292426,0 -5.464833,57.306627,0 -5.440663,57.311835,0 -5.440663,57.319281,0 -5.464996,57.324937,0 -5.481760,57.316718,0 -5.494293,57.304429,0 -5.506174,57.298163,0 -5.523427,57.295152,0 -5.558461,57.281440,0 -5.578440,57.277655,0 -5.599436,57.279242,0 -5.637441,57.289008,0 -5.656972,57.291327,0 -5.700063,57.283596,0 -5.720570,57.284491,0 -5.729319,57.298163,0 -5.725250,57.301581,0 -5.701975,57.332343,0 -5.693756,57.337104,0 -5.671986,57.344428,0 -5.663482,57.349677,0 -5.654368,57.353949,0 -5.647206,57.349921,0 -5.641469,57.343207,0 -5.636545,57.339789,0 -5.613189,57.341986,0 -5.501291,57.370998,0 -5.456654,57.393541,0 -5.448110,57.421698,0 -5.465077,57.423896,0 -5.492055,57.408759,0 -5.537506,57.373928,0 -5.563466,57.363105,0 -5.586659,57.365058,0 -5.610911,57.371405,0 -5.639963,57.373928,0 -5.615590,57.382473,0 -5.607086,57.389106,0 -5.609202,57.397773,0 -5.617747,57.410102,0 -5.619618,57.416693,0 -5.624013,57.416409,0 -5.639963,57.408026,0 -5.707183,57.359768,0 -5.732411,57.352769,0 -5.784576,57.348578,0 -5.807769,57.354926,0 -5.824859,57.394355,0 -5.822255,57.393500,0 -5.817372,57.395209,0 -5.812856,57.398098,0 -5.811187,57.401190,0 -5.813873,57.404527,0 -5.823110,57.412340,0 -5.824859,57.415473,0 -5.825266,57.428900,0 -5.821889,57.435533,0 -5.811187,57.442206,0 -5.821523,57.445461,0 -5.852528,57.450385,0 -5.859039,57.452704,0 -5.861195,57.463446,0 -5.870513,57.480780,0 -5.872670,57.493720,0 -5.869700,57.500881,0 -5.856068,57.517808,0 -5.852203,57.524115,0 -5.851064,57.538398,0 -5.851471,57.551093,0 -5.847076,57.558905,0 -5.831695,57.558824,0 -5.833852,57.563381,0 -5.837026,57.574774,0 -5.839182,57.579291,0 -5.821401,57.583197,0 -5.803619,57.581366,0 -5.786366,57.575181,0 -5.732574,57.545233,0 -5.715647,57.538398,0 -5.707021,57.542304,0 -5.689768,57.527899,0 -5.680898,57.524115,0 -5.650868,57.512641,0 -5.639963,57.511054,0 -5.645334,57.516669,0 -5.648305,57.521877,0 -5.650543,57.526801,0 -5.653554,57.531562,0 -5.581532,57.538398,0 -5.540273,57.534491,0 -5.516835,57.534857,0 -5.512685,57.541490,0 -5.543121,57.555365,0 -5.588368,57.561021,0 -5.632721,57.557685,0 -5.660390,57.544582,0 -5.694488,57.566311,0 -5.689198,57.569403,0 -5.680898,57.579291,0 -5.714223,57.582709,0 -5.731679,57.598293,0 -5.744252,57.617987,0 -5.762807,57.633979,0 -5.778147,57.637437,0 -5.793609,57.638577,0 -5.805898,57.642646,0 -5.811187,57.655097,0 -5.805409,57.667182,0 -5.785024,57.679511,0 -5.790761,57.688544,0 -5.790761,57.695990,0 -5.753570,57.707465,0 -5.734486,57.707953,0 -5.704986,57.690131,0 -5.692494,57.691067,0 -5.681956,57.698717,0 -5.674062,57.709662,0 -5.685170,57.711412,0 -5.692291,57.716498,0 -5.698842,57.723090,0 -5.708852,57.729560,0 -5.720530,57.733385,0 -5.803822,57.743842,0 -5.806956,57.754625,0 -5.802073,57.780585,0 -5.803822,57.792222,0 -5.801259,57.800442,0 -5.809926,57.820624,0 -5.811187,57.833197,0 -5.807362,57.843940,0 -5.799957,57.853705,0 -5.789540,57.862006,0 -5.776519,57.867906,0 -5.751129,57.873358,0 -5.724762,57.873521,0 -5.698638,57.869086,0 -5.674062,57.860500,0 -5.677887,57.846910,0 -5.674794,57.827094,0 -5.667958,57.806952,0 -5.660390,57.792222,0 -5.650543,57.781806,0 -5.637359,57.774237,0 -5.622141,57.770209,0 -5.605784,57.770494,0 -5.613271,57.775214,0 -5.617909,57.780219,0 -5.625600,57.792222,0 -5.613026,57.792629,0 -5.603261,57.791083,0 -5.584625,57.784817,0 -5.591176,57.804429,0 -5.587026,57.818590,0 -5.585276,57.831448,0 -5.598988,57.846869,0 -5.637563,57.866360,0 -5.650380,57.877753,0 -5.639963,57.887844,0 -5.647694,57.888983,0 -5.650787,57.890815,0 -5.653554,57.894680,0 -5.643951,57.904202,0 -5.620758,57.920885,0 -5.612620,57.928778,0 -5.598215,57.919013,0 -5.587310,57.915107,0 -5.550526,57.915107,0 -5.556264,57.887763,0 -5.527903,57.867580,0 -5.487050,57.855862,0 -5.454986,57.853705,0 -5.461171,57.860500,0 -5.449045,57.869127,0 -5.437123,57.897650,0 -5.427642,57.908271,0 -5.414906,57.908149,0 -5.369496,57.897528,0 -5.355621,57.891262,0 -5.327504,57.873277,0 -5.293853,57.862047,0 -5.221588,57.846869,0 -5.236318,57.860785,0 -5.247548,57.867011,0 -5.276763,57.874172,0 -5.320668,57.898505,0 -5.384918,57.914130,0 -5.392893,57.918199,0 -5.394399,57.923896,0 -5.396840,57.926215,0 -5.397328,57.928900,0 -5.392893,57.935614,0 -5.386545,57.936428,0 -5.378977,57.931830,0 -5.371734,57.931057,0 -5.366200,57.943061,0 -5.347157,57.936713,0 -5.319163,57.914740,0 -5.297353,57.908271,0 -5.286000,57.908759,0 -5.266957,57.914008,0 -5.256256,57.915107,0 -5.243642,57.912909,0 -5.221018,57.904039,0 -5.211293,57.902086,0 -5.198801,57.897773,0 -5.162262,57.878485,0 -5.119985,57.867987,0 -5.091135,57.840318,0 -5.070790,57.833197,0 -5.076487,57.838528,0 -5.083404,57.847561,0 -5.089345,57.857245,0 -5.091868,57.864203,0 -5.097157,57.870917,0 -5.197255,57.917873,0 -5.221588,57.921332,0 -5.221588,57.928778,0 -5.201894,57.928656,0 -5.193959,57.935981,0 -5.195546,57.947659,0 -5.204498,57.960150,0 -5.216705,57.965888,0 -5.248891,57.969387,0 -5.263173,57.976549,0 -5.292633,57.980618,0 -5.333892,58.008531,0 -5.359364,58.011379,0 -5.357167,58.014065,0 -5.356679,58.014879,0 -5.351918,58.017524,0 -5.366933,58.028876,0 -5.386586,58.032538,0 -5.427642,58.031195,0 -5.424306,58.035549,0 -5.422353,58.038967,0 -5.419586,58.042060,0 -5.413930,58.045478,0 -5.413930,58.052314,0 -5.447011,58.084377,0 -5.428090,58.097968,0 -5.390045,58.092190,0 -5.366200,58.065985,0 -5.344309,58.075507,0 -5.322865,58.071723,0 -5.300771,58.070136,0 -5.276763,58.086412,0 -5.283070,58.086412,0 -5.278066,58.096259,0 -5.278798,58.105373,0 -5.283559,58.113471,0 -5.290517,58.120551,0 -5.276763,58.120551,0 -5.276763,58.127387,0 -5.297353,58.134833,0 -5.284088,58.140082,0 -5.255523,58.143785,0 -5.242055,58.147895,0 -5.242055,58.155341,0 -5.275054,58.154527,0 -5.290842,58.156317,0 -5.304799,58.162095,0 -5.297353,58.168402,0 -5.304799,58.173326,0 -5.313059,58.177314,0 -5.321889,58.180243,0 -5.331451,58.182034,0 -5.329335,58.186713,0 -5.326161,58.198432,0 -5.323964,58.203111,0 -5.336822,58.203192,0 -5.346791,58.206855,0 -5.392893,58.244696,0 -5.392079,58.261379,0 -5.375885,58.264228,0 -5.352895,58.258938,0 -5.310780,58.243394,0 -5.293853,58.240912,0 -5.276967,58.243394,0 -5.237294,58.257636,0 -5.216054,58.261420,0 -5.194325,58.259996,0 -5.173207,58.250922,0 -5.165639,58.258246,0 -5.152252,58.264838,0 -5.138336,58.269599,0 -5.129384,58.271389,0 -5.111562,58.268256,0 -5.081288,58.254096,0 -5.067698,58.250922,0 -5.017730,58.253241,0 -5.002431,58.250922,0 -4.933583,58.223049,0 -4.943430,58.233588,0 -4.954823,58.239814,0 -4.982004,58.250922,0 -4.968861,58.256781,0 -4.940338,58.259467,0 -4.926747,58.264594,0 -4.990224,58.271430,0 -5.009918,58.271389,0 -5.018056,58.268622,0 -5.029368,58.259711,0 -5.040028,58.257758,0 -5.050120,58.259914,0 -5.070709,58.269232,0 -5.081654,58.271389,0 -5.096425,58.276760,0 -5.125966,58.300198,0 -5.136220,58.305569,0 -5.137441,58.309272,0 -5.156361,58.324612,0 -5.160146,58.326606,0 -5.167795,58.339260,0 -5.171010,58.346666,0 -5.173207,58.353949,0 -5.153310,58.353949,0 -5.163401,58.364569,0 -5.162913,58.374498,0 -5.155914,58.384467,0 -5.146474,58.394965,0 -5.145497,58.400051,0 -5.146718,58.406643,0 -5.146840,58.412421,0 -5.143056,58.414781,0 -5.135487,58.413764,0 -5.122222,58.409573,0 -5.116038,58.408596,0 -5.057973,58.387274,0 -5.016184,58.388129,0 -5.043935,58.400092,0 -5.053375,58.406643,0 -5.050282,58.414781,0 -5.057037,58.422187,0 -5.066151,58.417141,0 -5.076161,58.414496,0 -5.086822,58.413886,0 -5.098053,58.414781,0 -5.098053,58.422187,0 -5.088124,58.421942,0 -5.085032,58.422187,0 -5.085032,58.429023,0 -5.091786,58.429755,0 -5.096018,58.431464,0 -5.105540,58.436510,0 -5.050120,58.453803,0 -5.025543,58.447699,0 -4.995595,58.436510,0 -5.105540,58.487372,0 -5.105621,58.505561,0 -5.103668,58.514228,0 -5.095855,58.518866,0 -5.042795,58.535468,0 -5.027984,58.544094,0 -5.016184,58.559394,0 -5.022939,58.559394,0 -5.015207,58.580064,0 -5.011586,58.600572,0 -5.004954,58.617743,0 -4.988189,58.628323,0 -4.859486,58.613227,0 -4.835927,58.605048,0 -4.818105,58.592922,0 -4.817942,58.587592,0 -4.812815,58.571967,0 -4.806752,58.558417,0 -4.803822,58.559394,0 -4.804596,58.548326,0 -4.807240,58.539618,0 -4.811635,58.532050,0 -4.818105,58.524644,0 -4.799794,58.532457,0 -4.791819,58.541653,0 -4.789906,58.551744,0 -4.790151,58.562486,0 -4.785756,58.577053,0 -4.777089,58.583319,0 -4.771596,58.590399,0 -4.776519,58.607164,0 -4.758860,58.599107,0 -4.728017,58.577460,0 -4.711334,58.573065,0 -4.683258,58.561510,0 -4.670400,58.559394,0 -4.660024,58.555854,0 -4.659291,58.547553,0 -4.663238,58.538398,0 -4.667307,58.532050,0 -4.679026,58.523912,0 -4.714467,58.505601,0 -4.732411,58.480455,0 -4.751536,58.461615,0 -4.760976,58.447984,0 -4.742421,58.449530,0 -4.682973,58.484565,0 -4.673451,58.487372,0 -4.666860,58.502916,0 -4.650502,58.509955,0 -4.630442,58.514960,0 -4.612131,58.524644,0 -4.601064,58.541938,0 -4.595123,58.560004,0 -4.584950,58.574164,0 -4.560536,58.579901,0 -4.517486,58.575507,0 -4.475494,58.565619,0 -4.426503,58.546373,0 -4.426503,58.538886,0 -4.427887,58.535305,0 -4.428700,58.534735,0 -4.426503,58.524644,0 -4.449941,58.510199,0 -4.464752,58.492011,0 -4.477651,58.471340,0 -4.495351,58.449530,0 -4.478098,58.453559,0 -4.461171,58.462470,0 -4.433909,58.483629,0 -4.432729,58.487616,0 -4.433990,58.492377,0 -4.434234,58.496283,0 -4.430165,58.497992,0 -4.425933,58.499091,0 -4.385365,58.522406,0 -4.382395,58.524644,0 -4.343861,58.538886,0 -4.317006,58.545722,0 -4.306996,58.546373,0 -4.287180,58.542914,0 -4.257314,58.527981,0 -4.234731,58.524644,0 -4.248931,58.532050,0 -4.238189,58.536444,0 -4.232249,58.542426,0 -4.227691,58.548163,0 -4.221018,58.551947,0 -4.209706,58.552924,0 -4.190785,58.547838,0 -4.176991,58.546373,0 -4.168202,58.549384,0 -4.160553,58.562567,0 -4.149322,58.565619,0 -4.111195,58.565619,0 -4.090240,58.562079,0 -4.081451,58.561835,0 -4.070221,58.565619,0 -4.061513,58.572821,0 -4.048818,58.589586,0 -4.039784,58.592922,0 -4.030629,58.594062,0 -4.029042,58.595160,0 -4.027821,58.592719,0 -4.009267,58.573310,0 -4.003774,58.570624,0 -3.981435,58.573065,0 -3.895741,58.565619,0 -3.810129,58.573065,0 -3.766957,58.583726,0 -3.698354,58.611151,0 -3.659901,58.620836,0 -3.597564,58.627143,0 -3.565500,58.626614,0 -3.542592,58.620836,0 -3.552480,58.615465,0 -3.556264,58.614000,0 -3.532053,58.602118,0 -3.504018,58.603339,0 -3.447011,58.614000,0 -3.391469,58.600653,0 -3.364084,58.600816,0 -3.350819,58.620836,0 -3.367747,58.624701,0 -3.386057,58.631741,0 -3.402252,58.642035,0 -3.412913,58.655585,0 -3.390045,58.671780,0 -3.374867,58.677069,0 -3.358266,58.675482,0 -3.354360,58.670152,0 -3.351796,58.660834,0 -3.347890,58.652045,0 -3.340566,58.648139,0 -3.309885,58.648139,0 -3.244252,58.659003,0 -3.204091,58.661119,0 -3.151926,58.641262,0 -3.118764,58.641099,0 -3.052887,58.648139,0 -3.019114,58.640326,0 -3.025380,58.622138,0 -3.044423,58.601630,0 -3.049184,58.586737,0 -3.060455,58.578437,0 -3.075429,58.560370,0 -3.084543,58.551947,0 -3.110748,58.538642,0 -3.118031,58.532050,0 -3.129262,58.512641,0 -3.129303,58.496405,0 -3.118723,58.484442,0 -3.097524,58.477484,0 -3.085072,58.478258,0 -3.073964,58.481676,0 -3.064443,58.482978,0 -3.056630,58.477484,0 -3.053334,58.465766,0 -3.057729,58.456855,0 -3.066762,58.451158,0 -3.077056,58.449530,0 -3.086334,58.414211,0 -3.129791,58.369289,0 -3.182769,58.328437,0 -3.220530,58.305569,0 -3.262278,58.292629,0 -3.349843,58.276109,0 -3.384999,58.264594,0 -3.438100,58.236029,0 -3.447011,58.226752,0 -3.454742,58.210150,0 -3.473459,58.193427,0 -3.515289,58.168402,0 -3.735015,58.072170,0 -3.809193,58.051907,0 -3.827504,58.042060,0 -3.836252,58.031440,0 -3.846099,58.011176,0 -3.851715,58.003892,0 -3.860585,57.998928,0 -3.885610,57.991400,0 -3.917307,57.987454,0 -3.981435,57.963568,0 -3.990956,57.960395,0 -3.997670,57.954413,0 -4.001373,57.946112,0 -4.001943,57.935614,0 -4.018300,57.940619,0 -4.023061,57.943061,0 -4.016184,57.949286,0 -4.030141,57.953192,0 -4.055776,57.954983,0 -4.084381,57.964179,0 -4.089101,57.960150,0 -4.086334,57.951890,0 -4.077626,57.943061,0 -4.062652,57.936957,0 -4.031484,57.936184,0 -4.016184,57.932196,0 -4.009429,57.927680,0 -3.988271,57.908271,0 -4.008941,57.889594,0 -4.013824,57.879340,0 -4.009348,57.867906,0 -4.025136,57.868069,0 -4.054840,57.874335,0 -4.070221,57.874172,0 -4.079335,57.870266,0 -4.096913,57.857367,0 -4.104970,57.853705,0 -4.132924,57.854153,0 -4.190419,57.870063,0 -4.218170,57.874172,0 -4.298899,57.862779,0 -4.320953,57.871039,0 -4.353179,57.895209,0 -4.372304,57.904486,0 -4.392405,57.908271,0 -4.339589,57.865709,0 -4.307729,57.851467,0 -4.269399,57.846869,0 -4.229075,57.857245,0 -4.208241,57.859198,0 -4.190582,57.850287,0 -4.173451,57.839016,0 -4.149729,57.829820,0 -4.133453,57.830146,0 -4.139068,57.846869,0 -4.075063,57.823188,0 -4.039906,57.818183,0 -3.983510,57.842353,0 -3.951487,57.838324,0 -3.933705,57.825670,0 -3.947336,57.812690,0 -3.914784,57.807685,0 -3.877675,57.816718,0 -3.841868,57.834906,0 -3.813547,57.857123,0 -3.798451,57.866523,0 -3.786041,57.865424,0 -3.779449,57.855658,0 -3.782216,57.839423,0 -3.790028,57.830715,0 -3.926015,57.734809,0 -3.948842,57.724921,0 -3.975209,57.703274,0 -3.988271,57.695990,0 -4.008046,57.693793,0 -4.023671,57.697821,0 -4.028635,57.707709,0 -4.016184,57.723334,0 -4.042958,57.737291,0 -4.077952,57.730292,0 -4.155344,57.692572,0 -4.168568,57.689439,0 -4.194000,57.688544,0 -4.259267,57.678697,0 -4.277821,57.680609,0 -4.294789,57.680162,0 -4.302154,57.668606,0 -4.308827,57.654853,0 -4.324045,57.648261,0 -4.338206,57.645087,0 -4.403188,57.609524,0 -4.412180,57.602973,0 -4.420318,57.592963,0 -4.428456,57.577541,0 -4.423451,57.576809,0 -4.409901,57.582465,0 -4.379872,57.589342,0 -4.365102,57.597235,0 -4.351064,57.607367,0 -4.340810,57.617174,0 -4.328725,57.626288,0 -4.283111,57.641425,0 -4.244537,57.663031,0 -4.201894,57.674994,0 -4.193756,57.675523,0 -4.182240,57.672797,0 -4.169016,57.663764,0 -4.118723,57.657701,0 -4.096791,57.658108,0 -4.080719,57.664984,0 -4.068105,57.672309,0 -4.024648,57.687201,0 -4.009348,57.688544,0 -4.004506,57.675971,0 -4.025258,57.655219,0 -4.054189,57.635728,0 -4.083404,57.623358,0 -4.118560,57.592963,0 -4.115468,57.587836,0 -4.112294,57.584133,0 -4.108876,57.581448,0 -4.104970,57.579291,0 -4.151357,57.576850,0 -4.170644,57.570746,0 -4.187489,57.558824,0 -4.178090,57.549547,0 -4.184926,57.548163,0 -4.207997,57.552069,0 -4.262603,57.552069,0 -4.262603,57.544582,0 -4.233957,57.545111,0 -4.220286,57.543402,0 -4.207997,57.538398,0 -4.226308,57.515448,0 -4.237457,57.505316,0 -4.248931,57.497463,0 -4.212799,57.492174,0 -4.194814,57.491604,0 -4.173899,57.497463,0 -4.157623,57.508490,0 -4.150054,57.515041,0 -4.149322,57.517890,0 -4.126780,57.518866,0 -4.116200,57.521796,0 -4.097524,57.536689,0 -4.082997,57.544420,0 -4.067291,57.549954,0 -4.053131,57.552069,0 -4.034983,57.556871,0 -4.046457,57.567857,0 -4.083852,57.586127,0 -4.056020,57.585150,0 -3.964345,57.592963,0 -3.868276,57.587877,0 -3.837473,57.592963,0 -3.754612,57.626333,0 -3.684804,57.654446,0 -3.625152,57.661933,0 -3.632558,57.650946,0 -3.637685,57.646226,0 -3.645619,57.641425,0 -3.632476,57.635647,0 -3.619618,57.636217,0 -3.606068,57.639472,0 -3.590972,57.641425,0 -3.611562,57.668118,0 -3.574778,57.661119,0 -3.554921,57.659857,0 -3.535756,57.661933,0 -3.521474,57.667792,0 -3.505442,57.678656,0 -3.495961,57.691352,0 -3.501698,57.702826,0 -3.491851,57.713121,0 -3.482818,57.714016,0 -3.473053,57.711005,0 -3.460683,57.709662,0 -3.447865,57.712470,0 -3.421254,57.721381,0 -3.409169,57.723334,0 -3.284739,57.720445,0 -3.210072,57.693996,0 -3.078684,57.669420,0 -3.034901,57.668606,0 -2.994496,57.675523,0 -2.932688,57.699612,0 -2.916086,57.702826,0 -2.821192,57.702826,0 -2.758046,57.702826,0 -2.751210,57.700629,0 -2.741119,57.690863,0 -2.731068,57.688544,0 -2.719879,57.690619,0 -2.711537,57.693996,0 -2.703521,57.694729,0 -2.692942,57.688544,0 -2.658925,57.697455,0 -2.573394,57.681464,0 -2.541982,57.682359,0 -2.526112,57.668606,0 -2.518137,57.670111,0 -2.511057,57.677802,0 -2.497955,57.682359,0 -2.480051,57.681220,0 -2.432851,57.668118,0 -2.425526,57.675727,0 -2.417795,57.674262,0 -2.408762,57.669623,0 -2.398061,57.668118,0 -2.386586,57.671576,0 -2.369496,57.680569,0 -2.360504,57.682359,0 -2.341054,57.675849,0 -2.328969,57.674058,0 -2.323598,57.678941,0 -2.320546,57.684556,0 -2.313385,57.689927,0 -2.304067,57.693996,0 -2.295644,57.695990,0 -2.274322,57.693834,0 -2.230133,57.679145,0 -2.209950,57.675523,0 -2.184071,57.678453,0 -2.124338,57.702826,0 -2.108144,57.704983,0 -1.997670,57.702826,0 -1.996938,57.699042,0 -1.990834,57.690375,0 -1.982167,57.681098,0 -1.973500,57.675523,0 -1.961293,57.674709,0 -1.944732,57.682563,0 -1.932485,57.682359,0 -1.925689,57.678168,0 -1.914215,57.664740,0 -1.829457,57.613471,0 -1.820465,57.596340,0 -1.817006,57.578192,0 -1.811391,57.560492,0 -1.796010,57.544582,0 -1.796010,57.538398,0 -1.800038,57.525865,0 -1.789540,57.514838,0 -1.761138,57.497463,0 -1.775380,57.496527,0 -1.782135,57.489000,0 -1.781239,57.480414,0 -1.771718,57.476264,0 -1.759348,57.473578,0 -1.765940,57.467434,0 -1.789174,57.456448,0 -1.830149,57.426174,0 -1.847483,57.408149,0 -1.849965,57.394355,0 -1.954498,57.341132,0 -1.980295,57.319281,0 -2.044667,57.226508,0 -2.068512,57.174628,0 -2.074127,57.154202,0 -2.071401,57.135565,0 -2.052358,57.127427,0 -2.049306,57.118842,0 -2.065256,57.100531,0 -2.065826,57.099840,0 -2.156158,57.020697,0 -2.186920,56.984687,0 -2.200103,56.948717,0 -2.197133,56.940253,0 -2.191233,56.934149,0 -2.186269,56.926744,0 -2.186391,56.914537,0 -2.191314,56.908922,0 -2.209706,56.895819,0 -2.213694,56.890692,0 -2.219879,56.872626,0 -2.234609,56.861396,0 -2.268951,56.846340,0 -2.295806,56.825263,0 -2.319814,56.801581,0 -2.336090,56.790839,0 -2.391835,56.771186,0 -2.408681,56.762926,0 -2.426422,56.751288,0 -2.435943,56.740383,0 -2.440745,56.734849,0 -2.451650,56.690985,0 -2.463735,56.678778,0 -2.477406,56.668687,0 -2.487457,56.653876,0 -2.487538,56.646064,0 -2.481272,56.632392,0 -2.480621,56.626532,0 -2.486195,56.619574,0 -2.504058,56.608832,0 -2.514556,56.591498,0 -2.530019,56.580756,0 -2.623769,56.543402,0 -2.640940,56.522366,0 -2.661366,56.514228,0 -2.699778,56.503648,0 -2.708730,56.495998,0 -2.727651,56.469550,0 -2.737294,56.467027,0 -2.744374,56.469550,0 -2.752309,56.473619,0 -2.764801,56.475735,0 -2.819339,56.471298,0 -3.055653,56.452135,0 -3.060618,56.451728,0 -3.099273,56.441881,0 -3.133901,56.426947,0 -3.238189,56.367743,0 -3.280181,56.357896,0 -3.323476,56.365912,0 -3.311513,56.356513,0 -3.294016,56.352769,0 -3.262405,56.352830,0 -3.251536,56.352851,0 -3.230621,56.356024,0 -3.188385,56.370185,0 -3.149566,56.375556,0 -2.950266,56.431871,0 -2.939931,56.438544,0 -2.930653,56.448065,0 -2.909088,56.455715,0 -2.884999,56.457994,0 -2.867909,56.451850,0 -2.850087,56.442043,0 -2.814768,56.440416,0 -2.802805,56.427965,0 -2.800893,56.408922,0 -2.808258,56.391059,0 -2.821604,56.376166,0 -2.837554,56.365912,0 -2.812978,56.365912,0 -2.809193,56.362860,0 -2.804758,56.349107,0 -2.802805,56.345404,0 -2.791493,56.342475,0 -2.782623,56.341620,0 -2.775258,56.339423,0 -2.768625,56.332343,0 -2.677154,56.328437,0 -2.655263,56.322170,0 -2.621205,56.304429,0 -2.613189,56.301907,0 -2.576812,56.283922,0 -2.576812,56.277777,0 -2.630116,56.248521,0 -2.648346,56.228705,0 -2.672027,56.222398,0 -2.720204,56.216295,0 -2.783599,56.191962,0 -2.806142,56.188381,0 -2.830719,56.190741,0 -2.892079,56.208889,0 -2.940053,56.209418,0 -2.964345,56.205634,0 -2.974680,56.198310,0 -2.982411,56.189114,0 -3.035553,56.167914,0 -3.091054,56.132270,0 -3.107533,56.126899,0 -3.127553,56.122870,0 -3.138295,56.112209,0 -3.152252,56.078518,0 -3.163564,56.063870,0 -3.178375,56.058092,0 -3.248443,56.055976,0 -3.268381,56.050930,0 -3.303049,56.037543,0 -3.342681,56.027167,0 -3.381825,56.023383,0 -3.420969,56.024888,0 -3.582590,56.051744,0 -3.671498,56.050849,0 -3.710032,56.058092,0 -3.745432,56.072211,0 -3.746490,56.072781,0 -3.782216,56.092190,0 -3.803131,56.107123,0 -3.817006,56.112250,0 -3.837473,56.112616,0 -3.837473,56.107377,0 -3.837473,56.106431,0 -3.777699,56.082831,0 -3.769154,56.075141,0 -3.760854,56.072455,0 -3.739103,56.050705,0 -3.726430,56.038031,0 -3.721425,56.030707,0 -3.712636,56.028998,0 -3.693471,56.031155,0 -3.686635,56.030707,0 -3.679555,56.025458,0 -3.674794,56.018704,0 -3.668284,56.012763,0 -3.656239,56.010199,0 -3.599721,56.017239,0 -3.577382,56.017035,0 -3.505333,56.005595,0 -3.449758,55.996771,0 -3.405426,55.989732,0 -3.358266,55.989732,0 -3.340891,55.994452,0 -3.331044,55.994086,0 -3.320424,55.986029,0 -3.303456,55.977607,0 -3.121816,55.969306,0 -3.114735,55.966132,0 -3.096832,55.951972,0 -3.090728,55.948188,0 -3.078236,55.946845,0 -3.061193,55.947843,0 -3.015696,55.950507,0 -2.939931,55.969306,0 -2.916656,55.980618,0 -2.900054,55.996161,0 -2.882883,56.008490,0 -2.857981,56.010199,0 -2.863637,56.022284,0 -2.866322,56.026760,0 -2.870961,56.030707,0 -2.852773,56.039781,0 -2.823150,56.059760,0 -2.802805,56.064846,0 -2.635121,56.058051,0 -2.615956,56.053168,0 -2.587554,56.030951,0 -2.569407,56.024482,0 -2.578359,56.008002,0 -2.583648,56.002753,0 -2.569569,55.999945,0 -2.544057,56.002672,0 -2.528961,55.996568,0 -2.524810,56.000556,0 -2.514556,56.005764,0 -2.507924,56.010199,0 -2.493276,56.001532,0 -2.452504,55.985256,0 -2.414377,55.978339,0 -2.360395,55.952681,0 -2.350942,55.948188,0 -2.307769,55.935004,0 -2.146840,55.917304,0 -2.138010,55.914618,0 -2.132558,55.906440,0 -2.131093,55.897203,0 -2.128774,55.889797,0 -2.120961,55.886705,0 -2.099477,55.881781,0 -2.080190,55.869371,0 -2.022857,55.805487,0 -2.067957,55.795872,0 -2.073641,55.793779,0 -2.078499,55.790368,0 -2.081755,55.782539,0 -2.084648,55.767346,0 -2.087232,55.762437,0 -2.092038,55.757166,0 -2.116636,55.741973,0 -2.121494,55.740113,0 -2.137823,55.735798,0 -2.143094,55.733395,0 -2.153481,55.726936,0 -2.162887,55.722801,0 -2.167537,55.719908,0 -2.171465,55.715877,0 -2.175857,55.707970,0 -2.181180,55.701562,0 -2.235647,55.654795,0 -2.242830,55.649938,0 -2.252855,55.647147,0 -2.267325,55.645235,0 -2.306650,55.645080,0 -2.318898,55.642910,0 -2.323962,55.640688,0 -2.328044,55.638207,0 -2.328975,55.633143,0 -2.328716,55.629009,0 -2.327321,55.625133,0 -2.324789,55.622187,0 -2.321275,55.619707,0 -2.305255,55.614436,0 -2.301224,55.612369,0 -2.299622,55.608803,0 -2.299002,55.604979,0 -2.296573,55.601724,0 -2.293318,55.599088,0 -2.281381,55.592060,0 -2.278745,55.589063,0 -2.277350,55.585652,0 -2.276471,55.581931,0 -2.273422,55.575110,0 -2.256731,55.549479,0 -2.240246,55.532012,0 -2.227224,55.520798,0 -2.216992,55.508861,0 -2.215648,55.505605,0 -2.215338,55.502556,0 -2.215545,55.500799,0 -2.215803,55.499508,0 -2.215803,55.496407,0 -2.214718,55.493410,0 -2.212651,55.490257,0 -2.190533,55.471241,0 -2.186864,55.468812,0 -2.184487,55.465815,0 -2.182885,55.462404,0 -2.182782,55.458528,0 -2.184487,55.454084,0 -2.188673,55.449020,0 -2.198595,55.441217,0 -2.211359,55.433258,0 -2.232133,55.425352,0 -2.243915,55.422251,0 -2.272234,55.418944,0 -2.285256,55.412639,0 -2.295643,55.405715,0 -2.325151,55.398118,0 -2.331455,55.394708,0 -2.338483,55.387111,0 -2.342204,55.381892,0 -2.346234,55.372900,0 -2.351350,55.367578,0 -2.359464,55.362513,0 -2.379307,55.355485,0 -2.387937,55.355020,0 -2.394242,55.356209,0 -2.397859,55.358793,0 -2.407213,55.362978,0 -2.412742,55.364529,0 -2.426746,55.365976,0 -2.451913,55.363340,0 -2.462765,55.360395,0 -2.551545,55.314351,0 -2.605443,55.275955,0 -2.618983,55.269651,0 -2.623065,55.266395,0 -2.625752,55.262519,0 -2.625701,55.255336,0 -2.623220,55.251099,0 -2.620533,55.247998,0 -2.618983,55.245466,0 -2.618518,55.242986,0 -2.619138,55.239472,0 -2.621928,55.231204,0 -2.625494,55.227018,0 -2.631282,55.223400,0 -2.643891,55.220145,0 -2.661357,55.212548,0 -2.685007,55.190827,0 -2.697479,55.179372,0 -2.718925,55.167228,0 -2.746572,55.156221,0 -2.790703,55.144284,0 -2.808196,55.141493,0 -2.822484,55.135189,0 -2.850288,55.111295,0 -2.872094,55.092556,0 -2.875505,55.088783,0 -2.883101,55.083616,0 -2.890258,55.080257,0 -2.922323,55.071678,0 -2.927698,55.068423,0 -2.944338,55.046719,0</coordinates>
            </LinearRing>
          </outerBoundaryIs>
        </Polygon>
        <Polygon>
          <outerBoundaryIs>
            <LinearRing>
              <coordinates>-5.117787,55.439765,0 -5.163564,55.434882,0 -5.217356,55.437974,0 -5.263092,55.447211,0 -5.304677,55.462144,0 -5.345693,55.482652,0 -5.345693,55.489447,0 -5.346181,55.496039,0 -5.355336,55.522895,0 -5.359364,55.530463,0 -5.359364,55.537299,0 -5.354237,55.539781,0 -5.352284,55.542304,0 -5.350413,55.545478,0 -5.345693,55.550279,0 -5.370432,55.570258,0 -5.389068,55.590237,0 -5.397857,55.614203,0 -5.392893,55.646552,0 -5.379384,55.668118,0 -5.355214,55.689602,0 -5.324330,55.705024,0 -5.290517,55.708564,0 -5.292592,55.711982,0 -5.295155,55.719428,0 -5.297353,55.722846,0 -5.271352,55.723822,0 -5.263173,55.722846,0 -5.198313,55.704332,0 -5.180653,55.694892,0 -5.159983,55.676215,0 -5.145985,55.654975,0 -5.125966,55.605536,0 -5.137441,55.592027,0 -5.094228,55.566555,0 -5.091868,55.544135,0 -5.101674,55.540717,0 -5.116038,55.540432,0 -5.125234,55.536933,0 -5.119740,55.523627,0 -5.111562,55.519924,0 -5.070790,55.509345,0 -5.093007,55.500434,0 -5.091054,55.487291,0 -5.080800,55.471666,0 -5.078236,55.455308,0 -5.092030,55.446112,0 -5.117787,55.439765,0</coordinates>
            </LinearRing>
          </outerBoundaryIs>
        </Polygon>
        <Polygon>
          <outerBoundaryIs>
            <LinearRing>
              <coordinates>-5.038482,55.731879,0 -5.050282,55.749498,0 -5.115590,55.784369,0 -5.125966,55.801011,0 -5.137563,55.829047,0 -5.139638,55.841986,0 -5.174224,55.855373,0 -5.180653,55.862779,0 -5.188588,55.878119,0 -5.200795,55.895494,0 -5.199534,55.911078,0 -5.166900,55.920844,0 -5.135976,55.905951,0 -5.105540,55.886705,0 -5.096506,55.883531,0 -5.087636,55.882636,0 -5.080922,55.879584,0 -5.075185,55.856920,0 -5.068023,55.852118,0 -5.058827,55.850165,0 -5.050282,55.845771,0 -5.038075,55.832424,0 -5.028920,55.819281,0 -5.021840,55.805609,0 -5.011464,55.774482,0 -5.012766,55.768378,0 -5.019195,55.763170,0 -5.029775,55.749498,0 -5.019032,55.745307,0 -5.011342,55.737698,0 -5.009389,55.729315,0 -5.016184,55.722846,0 -5.028798,55.723334,0 -5.038482,55.731879,0</coordinates>
            </LinearRing>
          </outerBoundaryIs>
        </Polygon>
        <Polygon>
          <outerBoundaryIs>
            <LinearRing>
              <coordinates>-5.598988,56.283922,0 -5.621693,56.276068,0 -5.640289,56.282782,0 -5.646718,56.298774,0 -5.633127,56.318752,0 -5.620758,56.324205,0 -5.597890,56.321845,0 -5.584625,56.325588,0 -5.590443,56.313625,0 -5.599965,56.305487,0 -5.605336,56.296942,0 -5.598988,56.283922,0</coordinates>
            </LinearRing>
          </outerBoundaryIs>
        </Polygon>
        <Polygon>
          <outerBoundaryIs>
            <LinearRing>
              <coordinates>-5.557973,56.386461,0 -5.584625,56.387030,0 -5.579823,56.396430,0 -5.573964,56.402899,0 -5.557973,56.414293,0 -5.526519,56.413560,0 -5.512359,56.415432,0 -5.502756,56.421129,0 -5.518056,56.403876,0 -5.536204,56.392239,0 -5.557973,56.386461,0</coordinates>
            </LinearRing>
          </outerBoundaryIs>
        </Polygon>
        <Polygon>
          <outerBoundaryIs>
            <LinearRing>
              <coordinates>-3.304270,58.783840,0 -3.323476,58.809516,0 -3.327789,58.818305,0 -3.337636,58.823920,0 -3.349192,58.828437,0 -3.358266,58.833157,0 -3.378774,58.853583,0 -3.379872,58.859280,0 -3.375966,58.863593,0 -3.373525,58.867987,0 -3.378774,58.874091,0 -3.385732,58.875393,0 -3.397613,58.869534,0 -3.402333,58.870673,0 -3.411977,58.874986,0 -3.422190,58.874010,0 -3.430165,58.874823,0 -3.433339,58.884955,0 -3.418446,58.904486,0 -3.416331,58.908271,0 -3.393219,58.920233,0 -3.349355,58.928534,0 -3.337148,58.928697,0 -3.321848,58.923651,0 -3.287587,58.905951,0 -3.265452,58.902045,0 -3.246083,58.896186,0 -3.193186,58.853583,0 -3.207387,58.847398,0 -3.207387,58.839993,0 -3.195546,58.839423,0 -3.187245,58.836493,0 -3.172719,58.826321,0 -3.172719,58.820054,0 -3.191803,58.818671,0 -3.215484,58.814276,0 -3.236684,58.805732,0 -3.248402,58.792182,0 -3.218495,58.793280,0 -3.160146,58.808010,0 -3.131703,58.806464,0 -3.156321,58.786770,0 -3.205922,58.779039,0 -3.299306,58.779120,0 -3.304270,58.783840,0</coordinates>
            </LinearRing>
          </outerBoundaryIs>
        </Polygon>
        <Polygon>
          <outerBoundaryIs>
            <LinearRing>
              <coordinates>-2.921132,58.797512,0 -2.915761,58.790676,0 -2.913971,58.784857,0 -2.926340,58.779120,0 -2.915395,58.762152,0 -2.911041,58.748684,0 -2.917836,58.738349,0 -2.939931,58.730699,0 -2.987782,58.757392,0 -2.987782,58.764838,0 -2.974355,58.772040,0 -2.984853,58.787095,0 -3.015696,58.812649,0 -3.003896,58.808173,0 -2.991322,58.806627,0 -2.978871,58.808173,0 -2.967193,58.812649,0 -2.967193,58.820054,0 -3.035553,58.820054,0 -3.035553,58.826321,0 -2.996978,58.835273,0 -2.952952,58.839993,0 -2.906972,58.838080,0 -2.883656,58.832180,0 -2.885365,58.820054,0 -2.913564,58.810492,0 -2.919423,58.806464,0 -2.921132,58.797512,0</coordinates>
            </LinearRing>
          </outerBoundaryIs>
        </Polygon>
        <Polygon>
          <outerBoundaryIs>
            <LinearRing>
              <coordinates>-2.733754,58.920152,0 -2.771962,58.915717,0 -2.785024,58.910712,0 -2.808013,58.888007,0 -2.823842,58.881537,0 -2.839345,58.882636,0 -2.915028,58.899115,0 -2.926829,58.904853,0 -2.937245,58.913235,0 -2.973622,58.953803,0 -2.981191,58.960110,0 -2.993764,58.958808,0 -3.007802,58.949042,0 -3.023834,58.940497,0 -3.042388,58.943020,0 -3.052561,58.938788,0 -3.061757,58.939399,0 -3.071685,58.941840,0 -3.084543,58.943020,0 -3.070302,58.928697,0 -3.101226,58.930121,0 -3.113189,58.926663,0 -3.118031,58.915717,0 -3.142649,58.921210,0 -3.202789,58.915920,0 -3.227895,58.928697,0 -3.238515,58.950914,0 -3.235341,58.972561,0 -3.223297,58.991360,0 -3.207387,59.005072,0 -3.207387,59.011298,0 -3.214752,59.017483,0 -3.220448,59.024115,0 -3.224680,59.031195,0 -3.227895,59.038560,0 -3.238759,59.035142,0 -3.245839,59.030504,0 -3.247222,59.024848,0 -3.240956,59.018134,0 -3.240956,59.011298,0 -3.250396,59.014472,0 -3.259185,59.015815,0 -3.267486,59.014716,0 -3.275787,59.011298,0 -3.266591,59.007148,0 -3.263051,59.000922,0 -3.264068,58.993069,0 -3.262074,58.991400,0 -3.256988,58.978339,0 -3.265370,58.969184,0 -3.289418,58.956692,0 -3.289418,58.950385,0 -3.323232,58.957180,0 -3.353261,58.982815,0 -3.366689,59.016099,0 -3.350819,59.046047,0 -3.343984,59.052802,0 -3.350209,59.097968,0 -3.323801,59.127427,0 -3.279286,59.143541,0 -3.231068,59.148424,0 -3.182729,59.147162,0 -3.156158,59.142239,0 -3.121571,59.123969,0 -3.108306,59.124213,0 -3.095937,59.127346,0 -3.084543,59.127997,0 -3.074208,59.123765,0 -3.058461,59.111762,0 -3.049184,59.108100,0 -3.063547,59.101996,0 -3.070302,59.101264,0 -3.051422,59.090155,0 -2.994496,59.073310,0 -3.001861,59.071763,0 -3.004994,59.070258,0 -3.008168,59.066555,0 -3.003774,59.064439,0 -2.999013,59.061510,0 -2.994496,59.059719,0 -3.053700,59.047268,0 -3.062815,59.049465,0 -3.071197,59.033433,0 -3.090932,59.018744,0 -3.113922,59.008205,0 -3.131703,59.005072,0 -3.116689,58.998196,0 -3.097320,58.994045,0 -3.059722,58.991400,0 -3.044586,58.997992,0 -3.029205,59.010321,0 -3.011952,59.017401,0 -2.974436,58.999091,0 -2.960357,59.001166,0 -2.947133,59.007554,0 -2.933095,59.011298,0 -2.917307,59.006171,0 -2.906565,58.996568,0 -2.895375,58.991034,0 -2.878407,58.998236,0 -2.880523,58.993598,0 -2.883453,58.981920,0 -2.885365,58.977118,0 -2.864735,58.974840,0 -2.847646,58.980292,0 -2.831166,58.987698,0 -2.812978,58.991400,0 -2.790151,58.992255,0 -2.780629,58.990302,0 -2.775380,58.983954,0 -2.781890,58.973944,0 -2.822499,58.958564,0 -2.837554,58.950385,0 -2.826243,58.937405,0 -2.811920,58.929145,0 -2.794789,58.926093,0 -2.775380,58.928697,0 -2.789418,58.949897,0 -2.795969,58.956692,0 -2.777577,58.957506,0 -2.744049,58.969184,0 -2.727651,58.970893,0 -2.713612,58.966864,0 -2.707631,58.958970,0 -2.706207,58.947455,0 -2.706532,58.932440,0 -2.714752,58.925482,0 -2.733754,58.920152,0</coordinates>
            </LinearRing>
          </outerBoundaryIs>
        </Polygon>
        <Polygon>
          <outerBoundaryIs>
            <LinearRing>
              <coordinates>-2.597320,59.073310,0 -2.599477,59.095893,0 -2.614369,59.107245,0 -2.634429,59.108629,0 -2.651845,59.101264,0 -2.649159,59.085517,0 -2.670725,59.081529,0 -2.686106,59.089179,0 -2.665517,59.108100,0 -2.650502,59.111762,0 -2.634836,59.112738,0 -2.622426,59.116441,0 -2.617787,59.127997,0 -2.624257,59.133857,0 -2.655181,59.151272,0 -2.665517,59.155219,0 -2.625640,59.162421,0 -2.611562,59.161444,0 -2.611562,59.155219,0 -2.614858,59.152167,0 -2.617787,59.148424,0 -2.590077,59.148871,0 -2.577952,59.147203,0 -2.569407,59.142239,0 -2.582346,59.143988,0 -2.592885,59.138577,0 -2.595204,59.129543,0 -2.583648,59.120551,0 -2.571604,59.118842,0 -2.558705,59.120836,0 -2.535268,59.127997,0 -2.534739,59.122870,0 -2.536488,59.121568,0 -2.539296,59.121731,0 -2.541982,59.120551,0 -2.548451,59.109036,0 -2.542388,59.102973,0 -2.514760,59.093817,0 -2.532623,59.083564,0 -2.576039,59.080064,0 -2.597320,59.073310,0</coordinates>
            </LinearRing>
          </outerBoundaryIs>
        </Polygon>
        <Polygon>
          <outerBoundaryIs>
            <LinearRing>
              <coordinates>-3.102406,59.190253,0 -3.074208,59.197496,0 -3.049184,59.196845,0 -3.048085,59.194892,0 -3.046295,59.190863,0 -3.042551,59.186347,0 -3.035553,59.183173,0 -3.029124,59.182359,0 -3.021840,59.182318,0 -2.980824,59.187445,0 -2.967885,59.187445,0 -2.952952,59.183173,0 -2.952463,59.178168,0 -2.953847,59.176744,0 -2.956776,59.176703,0 -2.960357,59.175767,0 -2.977162,59.163398,0 -2.974029,59.147528,0 -2.975250,59.133775,0 -3.004791,59.127997,0 -3.036448,59.129096,0 -3.065582,59.133612,0 -3.091786,59.142808,0 -3.114654,59.158352,0 -3.120432,59.176581,0 -3.102406,59.190253,0</coordinates>
            </LinearRing>
          </outerBoundaryIs>
        </Polygon>
        <Polygon>
          <outerBoundaryIs>
            <LinearRing>
              <coordinates>-2.789133,59.224189,0 -2.791900,59.236965,0 -2.787913,59.247219,0 -2.777455,59.252916,0 -2.761098,59.252102,0 -2.761098,59.244615,0 -2.768625,59.244615,0 -2.768625,59.237860,0 -2.755442,59.239407,0 -2.743642,59.238105,0 -2.734202,59.233344,0 -2.727651,59.224189,0 -2.734202,59.215522,0 -2.756337,59.198065,0 -2.761098,59.193101,0 -2.761098,59.177314,0 -2.758941,59.164211,0 -2.751088,59.156073,0 -2.734486,59.155219,0 -2.734486,59.148424,0 -2.764027,59.142646,0 -2.781361,59.141425,0 -2.789133,59.145331,0 -2.792551,59.158637,0 -2.801625,59.168158,0 -2.814768,59.173896,0 -2.830068,59.175767,0 -2.830068,59.196845,0 -2.817291,59.191230,0 -2.807118,59.191799,0 -2.797271,59.195014,0 -2.785959,59.196845,0 -2.784901,59.200344,0 -2.790273,59.217597,0 -2.789133,59.224189,0</coordinates>
            </LinearRing>
          </outerBoundaryIs>
        </Polygon>
        <Polygon>
          <outerBoundaryIs>
            <LinearRing>
              <coordinates>-2.458974,59.279120,0 -2.466949,59.268215,0 -2.477854,59.262763,0 -2.497385,59.239203,0 -2.504506,59.233385,0 -2.514760,59.230414,0 -2.516265,59.252143,0 -2.533111,59.251166,0 -2.576812,59.224189,0 -2.571767,59.234565,0 -2.569407,59.237860,0 -2.569407,59.244615,0 -2.588612,59.238674,0 -2.596791,59.239163,0 -2.604156,59.244615,0 -2.641225,59.217963,0 -2.661855,59.207099,0 -2.679270,59.209906,0 -2.681874,59.196357,0 -2.687652,59.190172,0 -2.692616,59.192288,0 -2.692942,59.203681,0 -2.687978,59.217963,0 -2.681020,59.223131,0 -2.671539,59.225328,0 -2.658803,59.230414,0 -2.649729,59.236965,0 -2.633168,59.252265,0 -2.624623,59.258287,0 -2.612620,59.261542,0 -2.602773,59.261420,0 -2.595570,59.264838,0 -2.591135,59.278754,0 -2.596669,59.281806,0 -2.611562,59.293036,0 -2.587717,59.293158,0 -2.547231,59.305732,0 -2.522125,59.306708,0 -2.522125,59.299262,0 -2.536977,59.294379,0 -2.551829,59.287421,0 -2.576812,59.271308,0 -2.569325,59.270168,0 -2.566274,59.268785,0 -2.563222,59.265082,0 -2.551625,59.270819,0 -2.518788,59.274319,0 -2.492421,59.289374,0 -2.477203,59.290758,0 -2.461171,59.290676,0 -2.446401,59.293036,0 -2.424957,59.310452,0 -2.411041,59.318996,0 -2.404897,59.316352,0 -2.395497,59.295071,0 -2.392486,59.285468,0 -2.439809,59.284166,0 -2.458974,59.279120,0</coordinates>
            </LinearRing>
          </outerBoundaryIs>
        </Polygon>
        <Polygon>
          <outerBoundaryIs>
            <LinearRing>
              <coordinates>-3.024322,59.330390,0 -3.008168,59.334052,0 -2.980336,59.355048,0 -2.965199,59.360907,0 -2.946685,59.353909,0 -2.946360,59.349555,0 -2.947662,59.348538,0 -2.950185,59.348619,0 -2.952952,59.347724,0 -2.963938,59.340237,0 -2.964508,59.335354,0 -2.960357,59.326565,0 -2.980946,59.325914,0 -2.987782,59.326565,0 -2.987782,59.319770,0 -2.909535,59.307034,0 -2.895497,59.302965,0 -2.876536,59.276923,0 -2.870961,59.271308,0 -2.859609,59.267524,0 -2.848866,59.266791,0 -2.839019,59.265082,0 -2.830068,59.258287,0 -2.830068,59.252102,0 -2.850087,59.252143,0 -2.862172,59.247219,0 -2.885365,59.230414,0 -2.884023,59.239244,0 -2.882232,59.246039,0 -2.878407,59.251939,0 -2.870961,59.258287,0 -2.920318,59.283149,0 -2.947418,59.291205,0 -2.974680,59.293036,0 -2.974680,59.285590,0 -2.969797,59.281928,0 -2.960357,59.271308,0 -2.974680,59.278754,0 -2.982411,59.269924,0 -2.989654,59.267076,0 -2.997792,59.268134,0 -3.008168,59.271308,0 -3.015126,59.274888,0 -3.020253,59.280341,0 -3.034657,59.301215,0 -3.036692,59.306708,0 -3.039947,59.311998,0 -3.049184,59.319770,0 -3.058705,59.322984,0 -3.067006,59.322699,0 -3.073354,59.324530,0 -3.077056,59.334052,0 -3.056264,59.334296,0 -3.024322,59.330390,0</coordinates>
            </LinearRing>
          </outerBoundaryIs>
        </Polygon>
        <Polygon>
          <outerBoundaryIs>
            <LinearRing>
              <coordinates>-1.583852,59.553697,0 -1.586415,59.553616,0 -1.589345,59.552476,0 -1.603668,59.550930,0 -1.608144,59.547349,0 -1.610422,59.539496,0 -1.596750,59.539496,0 -1.596750,59.532050,0 -1.613393,59.526597,0 -1.631256,59.516995,0 -1.645497,59.514106,0 -1.651275,59.528957,0 -1.643666,59.545640,0 -1.625234,59.555813,0 -1.602854,59.560248,0 -1.583119,59.559963,0 -1.582387,59.555121,0 -1.583852,59.553697,0</coordinates>
            </LinearRing>
          </outerBoundaryIs>
        </Polygon>
        <Polygon>
          <outerBoundaryIs>
            <LinearRing>
              <coordinates>-1.333567,60.043606,0 -1.339019,60.043891,0 -1.338002,60.051093,0 -1.333852,60.061510,0 -1.333119,60.073676,0 -1.334625,60.076321,0 -1.335805,60.070054,0 -1.338368,60.064032,0 -1.353871,60.051215,0 -1.367909,60.044827,0 -1.369862,60.049140,0 -1.357004,60.058173,0 -1.352040,60.069525,0 -1.347564,60.083441,0 -1.338002,60.093451,0 -1.340443,60.099677,0 -1.346995,60.104560,0 -1.345693,60.108954,0 -1.327789,60.111396,0 -1.321156,60.115668,0 -1.315826,60.115465,0 -1.315053,60.106391,0 -1.321767,60.093085,0 -1.323354,60.088202,0 -1.315094,60.093736,0 -1.308258,60.094143,0 -1.304799,60.086575,0 -1.309804,60.076361,0 -1.317738,60.066230,0 -1.326772,60.050605,0 -1.333567,60.043606,0</coordinates>
            </LinearRing>
          </outerBoundaryIs>
        </Polygon>
        <Polygon>
          <outerBoundaryIs>
            <LinearRing>
              <coordinates>-2.110341,60.145331,0 -2.103424,60.150051,0 -2.087880,60.155463,0 -2.064687,60.157294,0 -2.053212,60.155504,0 -2.048899,60.147121,0 -2.048085,60.129218,0 -2.062978,60.117987,0 -2.086903,60.123277,0 -2.105377,60.132066,0 -2.112294,60.138007,0 -2.110341,60.145331,0</coordinates>
            </LinearRing>
          </outerBoundaryIs>
        </Polygon>
        <Polygon>
          <outerBoundaryIs>
            <LinearRing>
              <coordinates>-1.083892,60.105170,0 -1.112945,60.116278,0 -1.122222,60.123114,0 -1.119252,60.155585,0 -1.135650,60.167955,0 -1.134918,60.178697,0 -1.115793,60.180162,0 -1.097524,60.175727,0 -1.089589,60.178168,0 -1.086415,60.186469,0 -1.079457,60.188300,0 -1.074941,60.182807,0 -1.073150,60.173000,0 -1.069936,60.164211,0 -1.062856,60.164049,0 -1.050526,60.169623,0 -1.050445,60.162787,0 -1.052724,60.148424,0 -1.059478,60.137641,0 -1.066762,60.129218,0 -1.073801,60.107733,0 -1.083892,60.105170,0</coordinates>
            </LinearRing>
          </outerBoundaryIs>
        </Polygon>
        <Polygon>
          <outerBoundaryIs>
            <LinearRing>
              <coordinates>-1.119252,60.391303,0 -1.125071,60.383734,0 -1.123769,60.375556,0 -1.117543,60.373928,0 -1.110015,60.378730,0 -1.100209,60.388577,0 -1.094472,60.391506,0 -1.081451,60.396226,0 -1.068267,60.396308,0 -1.062327,60.385443,0 -1.062896,60.379869,0 -1.065419,60.369574,0 -1.070424,60.359524,0 -1.079172,60.355048,0 -1.157216,60.350775,0 -1.172231,60.347602,0 -1.151601,60.337307,0 -1.101226,60.331122,0 -1.075307,60.320950,0 -1.123118,60.296332,0 -1.134348,60.292955,0 -1.137929,60.290717,0 -1.138580,60.285590,0 -1.137115,60.279771,0 -1.134348,60.275580,0 -1.129506,60.273993,0 -1.122222,60.279242,0 -1.117014,60.278713,0 -1.109364,60.276190,0 -1.095855,60.275092,0 -1.089752,60.272528,0 -1.129709,60.252834,0 -1.147857,60.248847,0 -1.164703,60.251410,0 -1.174672,60.264635,0 -1.182932,60.271918,0 -1.192616,60.272528,0 -1.199127,60.266913,0 -1.198110,60.260565,0 -1.192535,60.254950,0 -1.185170,60.251410,0 -1.185170,60.245185,0 -1.194936,60.245347,0 -1.203277,60.243842,0 -1.219390,60.238349,0 -1.219390,60.232164,0 -1.179026,60.232164,0 -1.185536,60.225409,0 -1.190907,60.218451,0 -1.199452,60.204250,0 -1.181020,60.217841,0 -1.171132,60.222561,0 -1.157867,60.224677,0 -1.187245,60.191230,0 -1.192616,60.176337,0 -1.176503,60.187893,0 -1.155141,60.192572,0 -1.143951,60.187567,0 -1.157867,60.170111,0 -1.123769,60.155829,0 -1.123769,60.149604,0 -1.151723,60.149604,0 -1.151723,60.142157,0 -1.144276,60.142157,0 -1.144276,60.135321,0 -1.160878,60.141181,0 -1.170969,60.136217,0 -1.181549,60.129299,0 -1.199452,60.129096,0 -1.185170,60.121649,0 -1.189849,60.113349,0 -1.195139,60.108710,0 -1.202545,60.106920,0 -1.213206,60.107367,0 -1.213206,60.101223,0 -1.205312,60.100165,0 -1.185170,60.094387,0 -1.202260,60.083075,0 -1.192860,60.069810,0 -1.174428,60.060289,0 -1.164703,60.060248,0 -1.170074,60.045966,0 -1.185170,60.038275,0 -1.203725,60.036526,0 -1.219390,60.039740,0 -1.215077,60.026190,0 -1.192616,59.997504,0 -1.201243,59.986396,0 -1.215810,59.986884,0 -1.247304,59.997504,0 -1.242991,59.976874,0 -1.245229,59.955756,0 -1.253570,59.936957,0 -1.267730,59.923041,0 -1.271840,59.927802,0 -1.274566,59.929877,0 -1.266591,59.918199,0 -1.263417,59.907172,0 -1.265940,59.895575,0 -1.274566,59.882066,0 -1.263743,59.874905,0 -1.260976,59.866400,0 -1.265004,59.858832,0 -1.274566,59.854193,0 -1.278432,59.859117,0 -1.295033,59.874661,0 -1.302887,59.864325,0 -1.311106,59.865546,0 -1.312856,59.873114,0 -1.301422,59.882066,0 -1.301422,59.888902,0 -1.316477,59.895982,0 -1.347890,59.891995,0 -1.364003,59.896308,0 -1.375966,59.908637,0 -1.358022,59.921576,0 -1.364003,59.937323,0 -1.355702,59.945461,0 -1.345855,59.950385,0 -1.334788,59.952135,0 -1.322987,59.950995,0 -1.322987,59.956610,0 -1.341054,59.967760,0 -1.349721,59.970893,0 -1.349721,59.977688,0 -1.322987,59.977688,0 -1.328725,59.995510,0 -1.318023,60.011135,0 -1.302887,60.028022,0 -1.287709,60.075629,0 -1.273061,60.095201,0 -1.262603,60.115058,0 -1.267730,60.142157,0 -1.273061,60.146186,0 -1.278961,60.145087,0 -1.284535,60.145941,0 -1.288889,60.155829,0 -1.288157,60.159613,0 -1.285268,60.164618,0 -1.269358,60.185452,0 -1.279530,60.185126,0 -1.294057,60.179674,0 -1.298166,60.176337,0 -1.309193,60.177069,0 -1.312408,60.180650,0 -1.309316,60.189032,0 -1.294667,60.215399,0 -1.286773,60.225287,0 -1.277699,60.233222,0 -1.267730,60.238349,0 -1.267730,60.245185,0 -1.286936,60.246283,0 -1.301584,60.235785,0 -1.329254,60.204250,0 -1.343007,60.227484,0 -1.357655,60.244330,0 -1.378570,60.254788,0 -1.411122,60.258857,0 -1.411122,60.251410,0 -1.391835,60.246527,0 -1.376088,60.237942,0 -1.362457,60.225979,0 -1.349721,60.211086,0 -1.356557,60.196763,0 -1.376088,60.207099,0 -1.385325,60.210598,0 -1.398101,60.211086,0 -1.397572,60.192694,0 -1.404612,60.179511,0 -1.413645,60.176988,0 -1.418691,60.190619,0 -1.430776,60.184882,0 -1.434926,60.174465,0 -1.437734,60.163398,0 -1.445953,60.155829,0 -1.455434,60.156195,0 -1.494293,60.170111,0 -1.496409,60.172187,0 -1.517934,60.184516,0 -1.520985,60.183743,0 -1.527252,60.192939,0 -1.526723,60.197577,0 -1.520985,60.204250,0 -1.509511,60.209947,0 -1.479400,60.214016,0 -1.466420,60.217231,0 -1.479237,60.222235,0 -1.503651,60.243354,0 -1.507965,60.235297,0 -1.513336,60.221666,0 -1.525054,60.212348,0 -1.536773,60.210924,0 -1.542144,60.220933,0 -1.548248,60.229722,0 -1.562652,60.227444,0 -1.593007,60.217231,0 -1.615142,60.215725,0 -1.624664,60.217231,0 -1.630238,60.220893,0 -1.631174,60.225898,0 -1.632802,60.230292,0 -1.640859,60.232164,0 -1.661285,60.233873,0 -1.669749,60.239569,0 -1.679351,60.265692,0 -1.690175,60.285142,0 -1.686391,60.290920,0 -1.671864,60.299791,0 -1.657379,60.306220,0 -1.638743,60.311469,0 -1.619374,60.314358,0 -1.602935,60.313463,0 -1.588287,60.307034,0 -1.577219,60.298733,0 -1.565297,60.292670,0 -1.548411,60.292955,0 -1.555816,60.306627,0 -1.520985,60.299791,0 -1.520985,60.306627,0 -1.528432,60.306627,0 -1.528432,60.313463,0 -1.481435,60.316474,0 -1.467600,60.308539,0 -1.466420,60.278713,0 -1.461415,60.279731,0 -1.450185,60.283759,0 -1.445953,60.286200,0 -1.450917,60.291734,0 -1.456451,60.302314,0 -1.459584,60.306627,0 -1.439036,60.306627,0 -1.441803,60.310696,0 -1.445953,60.320950,0 -1.422760,60.326117,0 -1.396352,60.321845,0 -1.374257,60.308417,0 -1.364003,60.286200,0 -1.350006,60.297756,0 -1.336090,60.306627,0 -1.364003,60.320950,0 -1.343495,60.347602,0 -1.336578,60.343451,0 -1.330312,60.342027,0 -1.315541,60.341376,0 -1.328114,60.352688,0 -1.310170,60.355862,0 -1.260365,60.355048,0 -1.284291,60.363511,0 -1.313832,60.366848,0 -1.337554,60.374457,0 -1.343495,60.395982,0 -1.362538,60.384711,0 -1.373402,60.381090,0 -1.384429,60.382392,0 -1.395009,60.389960,0 -1.398590,60.399604,0 -1.395253,60.409166,0 -1.384429,60.416490,0 -1.384429,60.423326,0 -1.415639,60.423163,0 -1.429107,60.425238,0 -1.439036,60.430813,0 -1.436269,60.443183,0 -1.438100,60.460517,0 -1.445953,60.492255,0 -1.459381,60.472805,0 -1.469838,60.462226,0 -1.480092,60.457465,0 -1.495595,60.460883,0 -1.499094,60.469062,0 -1.493072,60.478461,0 -1.480092,60.485419,0 -1.500234,60.485175,0 -1.516754,60.482611,0 -1.532094,60.483100,0 -1.548411,60.492255,0 -1.557485,60.480658,0 -1.572011,60.476752,0 -1.606679,60.477973,0 -1.609364,60.483344,0 -1.604156,60.495022,0 -1.595123,60.506781,0 -1.586171,60.512112,0 -1.561513,60.510688,0 -1.555816,60.512112,0 -1.550689,60.519029,0 -1.550201,60.526353,0 -1.550689,60.533393,0 -1.548411,60.539374,0 -1.538726,60.548977,0 -1.526967,60.556830,0 -1.513987,60.557807,0 -1.500559,60.546820,0 -1.488189,60.525824,0 -1.455068,60.508857,0 -1.417470,60.502183,0 -1.384429,60.512112,0 -1.395741,60.516669,0 -1.410715,60.518622,0 -1.435943,60.518948,0 -1.443186,60.522528,0 -1.451975,60.530178,0 -1.463857,60.537421,0 -1.480092,60.539374,0 -1.471588,60.546454,0 -1.457997,60.563870,0 -1.452789,60.567328,0 -1.441640,60.568793,0 -1.411122,60.580390,0 -1.421457,60.586168,0 -1.425364,60.587836,0 -1.416493,60.595038,0 -1.414052,60.599921,0 -1.415639,60.603827,0 -1.418691,60.608303,0 -1.394154,60.614325,0 -1.366851,60.612250,0 -1.339752,60.604641,0 -1.315541,60.594062,0 -1.312489,60.598293,0 -1.308705,60.601467,0 -1.326161,60.611151,0 -1.323964,60.621324,0 -1.301422,60.643052,0 -1.291412,60.623114,0 -1.290679,60.615139,0 -1.295033,60.608303,0 -1.292104,60.599595,0 -1.293528,60.593248,0 -1.299143,60.589260,0 -1.308705,60.587836,0 -1.301422,60.564846,0 -1.309438,60.554104,0 -1.323964,60.546454,0 -1.336090,60.533189,0 -1.315541,60.533189,0 -1.320302,60.528266,0 -1.324818,60.526557,0 -1.336090,60.525784,0 -1.330556,60.523871,0 -1.327301,60.521674,0 -1.323354,60.519843,0 -1.315541,60.518948,0 -1.336090,60.485419,0 -1.326527,60.486396,0 -1.317494,60.488918,0 -1.309153,60.492906,0 -1.301422,60.498440,0 -1.295033,60.492255,0 -1.309153,60.477037,0 -1.311920,60.470893,0 -1.308705,60.464911,0 -1.308705,60.457465,0 -1.327952,60.453192,0 -1.351796,60.418362,0 -1.370229,60.409654,0 -1.370229,60.402167,0 -1.357493,60.401435,0 -1.345041,60.402330,0 -1.333363,60.405015,0 -1.322987,60.409654,0 -1.324330,60.427720,0 -1.296986,60.437974,0 -1.233632,60.443793,0 -1.280995,60.461859,0 -1.295033,60.471137,0 -1.284739,60.478705,0 -1.271962,60.484280,0 -1.261952,60.481594,0 -1.260365,60.464911,0 -1.251210,60.470852,0 -1.230784,60.488715,0 -1.226877,60.495307,0 -1.217519,60.497992,0 -1.199290,60.492377,0 -1.186269,60.482245,0 -1.192616,60.471137,0 -1.180165,60.468207,0 -1.169911,60.463121,0 -1.162343,60.455268,0 -1.157867,60.443793,0 -1.163075,60.439276,0 -1.164703,60.436957,0 -1.151723,60.430813,0 -1.163971,60.425482,0 -1.185902,60.431586,0 -1.196034,60.427069,0 -1.204335,60.420152,0 -1.214019,60.414984,0 -1.224192,60.411444,0 -1.220774,60.409125,0 -1.208648,60.410712,0 -1.185170,60.416490,0 -1.189117,60.414008,0 -1.199452,60.409654,0 -1.199452,60.402167,0 -1.165435,60.412055,0 -1.153676,60.407904,0 -1.151723,60.388577,0 -1.144276,60.388577,0 -1.140289,60.398871,0 -1.136952,60.399482,0 -1.132151,60.398017,0 -1.123769,60.402167,0 -1.119740,60.408149,0 -1.116689,60.415676,0 -1.112050,60.423651,0 -1.103424,60.430813,0 -1.099965,60.427476,0 -1.098378,60.424221,0 -1.097035,60.416490,0 -1.088002,60.433010,0 -1.072743,60.444525,0 -1.053944,60.450507,0 -1.034413,60.450629,0 -1.048695,60.433336,0 -1.119252,60.391303,0</coordinates>
            </LinearRing>
          </outerBoundaryIs>
        </Polygon>
        <Polygon>
          <outerBoundaryIs>
            <LinearRing>
              <coordinates>-0.975982,60.340318,0 -1.015207,60.334133,0 -1.034088,60.340155,0 -1.028920,60.345649,0 -1.023590,60.349433,0 -1.021555,60.354478,0 -1.016428,60.362006,0 -1.006418,60.368964,0 -0.995229,60.371649,0 -0.983632,60.372301,0 -0.974477,60.375922,0 -0.967600,60.381049,0 -0.932281,60.382758,0 -0.921783,60.384589,0 -0.918772,60.386176,0 -0.912668,60.386786,0 -0.911204,60.382310,0 -0.917714,60.376654,0 -0.931386,60.368476,0 -0.948598,60.355862,0 -0.975982,60.340318,0</coordinates>
            </LinearRing>
          </outerBoundaryIs>
        </Polygon>
        <Polygon>
          <outerBoundaryIs>
            <LinearRing>
              <coordinates>-0.813140,60.580471,0 -0.842152,60.588324,0 -0.870473,60.587836,0 -0.870473,60.580390,0 -0.864898,60.577216,0 -0.861928,60.574205,0 -0.859609,60.571031,0 -0.856191,60.567328,0 -0.883534,60.570543,0 -0.905344,60.586859,0 -0.938832,60.621324,0 -0.938832,60.628730,0 -0.822133,60.628730,0 -0.811513,60.625881,0 -0.810048,60.619330,0 -0.811269,60.612291,0 -0.809071,60.608303,0 -0.800282,60.607978,0 -0.793528,60.610500,0 -0.788319,60.613593,0 -0.784576,60.615139,0 -0.769154,60.613186,0 -0.758372,60.607571,0 -0.754791,60.598944,0 -0.760732,60.587836,0 -0.785227,60.576321,0 -0.813140,60.580471,0</coordinates>
            </LinearRing>
          </outerBoundaryIs>
        </Polygon>
        <Polygon>
          <outerBoundaryIs>
            <LinearRing>
              <coordinates>-1.042592,60.661566,0 -1.062327,60.662909,0 -1.050526,60.655585,0 -1.036773,60.642890,0 -1.013905,60.615139,0 -1.027089,60.610093,0 -1.041005,60.607978,0 -1.055287,60.609442,0 -1.069163,60.615139,0 -1.064280,60.604071,0 -1.052073,60.597642,0 -1.036366,60.594713,0 -1.020741,60.594062,0 -1.022694,60.590725,0 -1.022939,60.589830,0 -1.028188,60.587836,0 -1.011057,60.577704,0 -1.010732,60.565497,0 -1.022532,60.555650,0 -1.041860,60.553046,0 -1.026967,60.535834,0 -1.022450,60.527248,0 -1.020741,60.515530,0 -1.023793,60.502997,0 -1.031728,60.500678,0 -1.055491,60.505845,0 -1.080068,60.505194,0 -1.092030,60.507717,0 -1.097035,60.515530,0 -1.100697,60.515041,0 -1.106557,60.511054,0 -1.107737,60.505072,0 -1.097035,60.498440,0 -1.097035,60.492255,0 -1.130523,60.496039,0 -1.153879,60.508368,0 -1.167795,60.530463,0 -1.180043,60.624661,0 -1.171376,60.645982,0 -1.138051,60.649237,0 -1.138051,60.643052,0 -1.141021,60.631171,0 -1.130116,60.619330,0 -1.114491,60.612454,0 -1.103424,60.615139,0 -1.106557,60.619778,0 -1.120595,60.646186,0 -1.123769,60.659817,0 -1.120961,60.666409,0 -1.111480,60.681138,0 -1.113922,60.684027,0 -1.119537,60.687893,0 -1.120432,60.696926,0 -1.118031,60.707221,0 -1.113922,60.714748,0 -1.103993,60.725775,0 -1.092112,60.735338,0 -1.079905,60.735541,0 -1.069163,60.718166,0 -1.057607,60.729722,0 -1.036977,60.733140,0 -0.993479,60.731147,0 -0.993153,60.717719,0 -0.994740,60.713609,0 -1.000885,60.711371,0 -1.000885,60.703925,0 -0.995961,60.702460,0 -0.991607,60.699530,0 -0.987172,60.697699,0 -0.997955,60.685614,0 -0.997060,60.676093,0 -0.979726,60.656684,0 -0.985707,60.645901,0 -0.993479,60.635647,0 -1.025868,60.654486,0 -1.042592,60.661566,0</coordinates>
            </LinearRing>
          </outerBoundaryIs>
        </Polygon>
        <Polygon>
          <outerBoundaryIs>
            <LinearRing>
              <coordinates>-0.966176,60.725002,0 -0.948598,60.717963,0 -0.943227,60.726020,0 -0.945790,60.740302,0 -0.952463,60.752346,0 -0.935699,60.756008,0 -0.926137,60.769599,0 -0.926178,60.784654,0 -0.938832,60.792670,0 -0.938832,60.800116,0 -0.923085,60.804104,0 -0.904164,60.813951,0 -0.890533,60.825588,0 -0.891021,60.834866,0 -0.881500,60.845038,0 -0.870107,60.845201,0 -0.860341,60.837551,0 -0.856191,60.823961,0 -0.860341,60.812934,0 -0.870188,60.806383,0 -0.881663,60.800849,0 -0.891021,60.792670,0 -0.888336,60.789740,0 -0.876129,60.792670,0 -0.861969,60.798245,0 -0.853139,60.803534,0 -0.831776,60.840277,0 -0.822133,60.847886,0 -0.815582,60.843085,0 -0.809722,60.841702,0 -0.795481,60.841010,0 -0.782786,60.838202,0 -0.771840,60.833401,0 -0.763905,60.825426,0 -0.760732,60.813137,0 -0.768788,60.812690,0 -0.787994,60.806952,0 -0.768544,60.800971,0 -0.760732,60.800116,0 -0.775787,60.791571,0 -0.795766,60.785631,0 -0.808461,60.778632,0 -0.801666,60.766547,0 -0.801666,60.759101,0 -0.821401,60.758531,0 -0.814565,60.757148,0 -0.808013,60.755113,0 -0.801666,60.752346,0 -0.801666,60.744818,0 -0.842763,60.724026,0 -0.850006,60.718166,0 -0.843007,60.706000,0 -0.828847,60.694892,0 -0.821889,60.685004,0 -0.836415,60.676581,0 -0.846181,60.675971,0 -0.854482,60.678290,0 -0.862213,60.681586,0 -0.870473,60.684027,0 -0.890126,60.684963,0 -0.904693,60.684027,0 -0.934804,60.682115,0 -0.950307,60.684312,0 -0.966176,60.690172,0 -0.961334,60.700019,0 -0.959950,60.709418,0 -0.961822,60.717922,0 -0.966176,60.725002,0</coordinates>
            </LinearRing>
          </outerBoundaryIs>
        </Polygon>
      </MultiGeometry>
    </Placemark>
  </Document>
</kml>
