<?xml version='1.0' encoding='UTF-8'?>
<kml xmlns="http://www.opengis.net/kml/2.2">
  <Document>
    <name>Tlingit Aaní</name>
    <Folder>
      <name>Tlingit Aaní</name>
      <Placemark>
        <name>Tlingit Aaní</name>
        <description>See: 2050-snapshot/domains/borders-geopolitics.md#tlingit-aani</description>
        <Polygon>
          <outerBoundaryIs>
            <LinearRing>
              <coordinates>
                -143.622797,60.039116,0 -142.809849,60.095217,0 -142.537531,60.08395300000001,0 -141.957381,60.013704,0 -141.73624,59.961905,0 -141.595379,59.961905,0 -141.368138,60.024009,0 -141.407626,60.06154200000001,0 -141.462283,60.074465,0 -141.467201,60.08384299999999,0 -141.447556,60.086561,0 -141.477264,60.111797,0 -141.528098,60.127302,0 -141.555702,60.15748800000001,0 -141.549301,60.170245,0 -141.438525,60.132518,0 -141.380086,60.158911,0 -141.366755,60.147202,0 -141.375613,60.110713,0 -141.343829,60.083803,0 -141.184683,60.125179,0 -141.159251,60.155591,0 -141.168488,60.175217,0 -141.141441,60.151677,0 -141.155699,60.121148,0 -141.221285,60.106231,0 -141.290685,60.058347,0 -141.328479,60.05822100000001,0 -141.259309,59.998357,0 -141.289975,59.972577,0 -141.288335,59.932809,0 -141.381959,59.928778,0 -141.442323,59.887803,0 -141.460289,59.90371400000001,0 -141.439951,59.914365,0 -141.471562,59.92830299999999,0 -141.483684,59.913412,0 -141.457536,59.890884,0 -141.423132,59.877329,0 -140.874987,59.738756,0 -140.314773,59.69273,0 -139.780233,59.826497,0 -139.762296,59.883394,0 -139.708216,59.92490800000001,0 -139.612431,59.94887,0 -139.605066,59.999606,0 -139.575353,60.011625,0 -139.554675,60.032646,0 -139.560761,60.043726,0 -139.535898,60.04320999999999,0 -139.489433,59.992121,0 -139.507971,59.98550899999999,0 -139.533433,59.936651,0 -139.627167,59.902419,0 -139.635724,59.873741,0 -139.582114,59.774642,0 -139.482041,59.695406,0 -139.586762,59.64655,0 -139.605657,59.614166,0 -139.582619,59.607256,0 -139.655332,59.575071,0 -139.637953,59.568898,0 -139.676476,59.571694,0 -139.674347,59.61338400000001,0 -139.712851,59.61819299999999,0 -139.722358,59.60148,0 -139.70205,59.58369199999999,0 -139.715223,59.563648,0 -139.738045,59.5717,0 -139.753375,59.55689099999999,0 -139.732038,59.546485,0 -139.841434,59.558757,0 -139.865204,59.541954,0 -139.857004,59.534665,0 -139.321276,59.346754,0 -138.886586,59.236943,0 -138.610255,59.12299,0 -138.23864,59.037683,0 -137.943213,58.88062800000001,0 -137.923724,58.841472,0 -137.945701,58.803209,0 -137.687627,58.664988,0 -137.667023,58.61452200000001,0 -137.161359,58.42430999999999,0 -137.093264,58.38141,0 -137.014583,58.40987,0 -136.92154,58.397043,0 -136.911439,58.386316,0 -136.929859,58.379229,0 -136.891015,58.38437800000001,0 -136.909004,58.34512399999999,0 -136.872053,58.34665,0 -136.873621,58.36776100000001,0 -136.84179,58.36676600000001,0 -136.845969,58.332138,0 -136.874046,58.318186,0 -136.867859,58.310141,0 -136.822275,58.308396,0 -136.802103,58.322394,0 -136.819114,58.33601,0 -136.807006,58.35006700000001,0 -136.800324,58.331407,0 -136.77067,58.32913600000001,0 -136.793074,58.31393299999999,0 -136.791292,58.29170400000001,0 -136.758633,58.28928299999999,0 -136.743679,58.30521,0 -136.733434,58.28801,0 -136.679671,58.298731,0 -136.678384,58.27217399999999,0 -136.717017,58.278272,0 -136.730012,58.25597999999999,0 -136.70133,58.220551,0 -136.666026,58.20811599999999,0 -136.591927,58.217885,0 -136.567041,58.24476400000001,0 -136.586531,58.29807399999999,0 -136.636331,58.329572,0 -136.596031,58.353681,0 -136.561816,58.318147,0 -136.518072,58.31179,0 -136.48304,58.28327199999999,0 -136.510336,58.307415,0 -136.456616,58.303188,0 -136.43888,58.315589,0 -136.369762,58.30280200000001,0 -136.358413,58.330223,0 -136.382593,58.3736,0 -136.323538,58.36963200000001,0 -136.31868,58.382467,0 -136.276416,58.366713,0 -136.304999,58.33433899999999,0 -136.28174,58.314896,0 -136.218392,58.327593,0 -136.207329,58.342579,0 -136.106279,58.344518,0 -136.038031,58.382039,0 -136.057955,58.393199,0 -136.066094,58.43527700000001,0 -136.086896,58.44598,0 -136.072379,58.46717099999999,0 -136.102137,58.47657399999999,0 -136.099327,58.512401,0 -136.143228,58.53511799999999,0 -136.155612,58.563703,0 -136.203697,58.568503,0 -136.196055,58.586945,0 -136.218224,58.578299,0 -136.228298,58.60270299999999,0 -136.197322,58.59766499999999,0 -136.208294,58.615149,0 -136.313321,58.670946,0 -136.330043,58.664262,0 -136.308162,58.62309499999999,0 -136.345742,58.647105,0 -136.387415,58.62667200000001,0 -136.358469,58.596947,0 -136.413231,58.622442,0 -136.46123,58.608897,0 -136.469019,58.587282,0 -136.53437,58.60002999999999,0 -136.397394,58.653813,0 -136.350742,58.6878,0 -136.413598,58.726113,0 -136.498579,58.73703499999999,0 -136.489707,58.749836,0 -136.509988,58.757054,0 -136.523728,58.722728,0 -136.544652,58.750292,0 -136.585375,58.76266100000001,0 -136.551253,58.786186,0 -136.510242,58.777317,0 -136.488316,58.794309,0 -136.560325,58.831269,0 -136.663189,58.841946,0 -136.745684,58.876715,0 -136.799906,58.876849,0 -136.817106,58.840939,0 -136.844697,58.881928,0 -136.99972,58.902856,0 -137.100764,58.833702,0 -137.133982,58.837913,0 -137.060496,58.887511,0 -137.04673,58.91527,0 -136.932711,58.918041,0 -136.917236,58.935372,0 -136.93835,58.965684,0 -137.003553,58.997895,0 -137.008327,59.017389,0 -137.047563,59.022337,0 -137.070158,59.050553,0 -137.0426,59.06534199999999,0 -136.875906,58.963104,0 -136.71309,58.919324,0 -136.670412,58.893224,0 -136.628956,58.889498,0 -136.622777,58.90349500000001,0 -136.711119,59.00196,0 -136.658667,58.976458,0 -136.590353,58.90760699999999,0 -136.558587,58.959904,0 -136.530569,58.947884,0 -136.531745,58.920064,0 -136.488963,58.83825,0 -136.42812,58.81794599999999,0 -136.401057,58.829606,0 -136.390732,58.81038100000001,0 -136.234885,58.75081800000001,0 -136.151459,58.75402100000001,0 -136.152082,58.796803,0 -136.10511,58.863822,0 -136.137101,58.90339,0 -136.1082,58.914542,0 -136.1504,58.944263,0 -136.161882,58.97394800000001,0 -136.111792,58.976159,0 -136.126026,58.95961100000001,0 -136.053332,58.918295,0 -136.06827,58.886858,0 -136.060189,58.85478799999999,0 -136.013162,58.85518400000001,0 -136.079441,58.829455,0 -136.086334,58.81062799999999,0 -135.991811,58.732804,0 -136.018833,58.723126,0 -135.98883,58.69071900000001,0 -135.955617,58.698736,0 -135.947766,58.662733,0 -135.91069,58.61709,0 -135.8444,58.59918,0 -135.905222,58.57461899999999,0 -135.937546,58.595052,0 -135.968676,58.57957800000001,0 -135.995778,58.59232699999999,0 -135.954659,58.520538,0 -135.930894,58.516849,0 -135.936282,58.49883,0 -135.999887,58.48178600000001,0 -135.996534,58.469177,0 -135.93969,58.449842,0 -135.872702,58.46301200000001,0 -135.898804,58.44959699999999,0 -135.921519,58.382063,0 -135.761751,58.40401,0 -135.721661,58.39269899999999,0 -135.618824,58.42558500000001,0 -135.475259,58.37577099999999,0 -135.458146,58.408032,0 -135.515193,58.47521999999999,0 -135.478824,58.450343,0 -135.484291,58.47557999999999,0 -135.513271,58.49505200000001,0 -135.497602,58.503277,0 -135.452677,58.455681,0 -135.452917,58.428075,0 -135.3973,58.324887,0 -135.31435,58.24579599999999,0 -135.054328,58.19058999999999,0 -135.107698,58.265056,0 -135.090456,58.276054,0 -135.096643,58.296913,0 -135.07189,58.303658,0 -135.053488,58.290498,0 -135.05409,58.348216,0 -135.092833,58.435418,0 -135.135861,58.484671,0 -135.123731,58.50055,0 -135.165275,58.541626,0 -135.186241,58.601244,0 -135.214035,58.619105,0 -135.163397,58.614594,0 -135.144647,58.57721300000001,0 -135.141557,58.620927,0 -135.194324,58.692883,0 -135.226408,58.717943,0 -135.246795,58.709894,0 -135.232005,58.73244200000001,0 -135.241383,58.782185,0 -135.318868,58.85187,0 -135.33903,58.889644,0 -135.324332,58.915339,0 -135.375575,58.925707,0 -135.401047,58.973263,0 -135.38931,58.988276,0 -135.401087,59.01083,0 -135.375671,59.026216,0 -135.398942,59.037844,0 -135.379712,59.097823,0 -135.440799,59.11370000000001,0 -135.467879,59.14442100000001,0 -135.470268,59.174395,0 -135.54704,59.231713,0 -135.633962,59.2636,0 -135.563201,59.26003,0 -135.449949,59.218993,0 -135.38504,59.173578,0 -135.401026,59.173629,0 -135.377116,59.15902200000001,0 -135.36927,59.112886,0 -135.300834,59.085446,0 -135.327423,59.132804,0 -135.363065,59.15961999999999,0 -135.330454,59.154053,0 -135.371029,59.21006,0 -135.44102,59.22936800000001,0 -135.427296,59.250302,0 -135.444526,59.277689,0 -135.544419,59.310089,0 -135.53252,59.324597,0 -135.401103,59.28735400000001,0 -135.365214,59.48038099999999,0 -135.347681,59.47862300000001,0 -135.35,59.464243,0 -135.321635,59.447419,0 -135.357704,59.37284200000001,0 -135.373148,59.26824199999999,0 -135.328148,59.228792,0 -135.324581,59.198014,0 -135.283724,59.198867,0 -135.206198,59.076798,0 -135.203829,59.03001,0 -135.176981,58.998816,0 -135.17491,58.9363,0 -135.140623,58.874096,0 -135.153521,58.854063,0 -135.023566,58.73234600000001,0 -135.033565,58.751621,0 -135.016982,58.76122100000001,0 -135.033908,58.789831,0 -135.004416,58.77772299999999,0 -134.994679,58.82723200000001,0 -134.960713,58.830094,0 -134.989204,58.808289,0 -134.935737,58.781294,0 -134.929799,58.733234,0 -134.947671,58.715007,0 -134.920653,58.680603,0 -134.990501,58.676344,0 -134.941722,58.612099,0 -134.831144,58.532942,0 -134.84119,58.51394599999999,0 -134.787412,58.494798,0 -134.759011,58.424026,0 -134.769806,58.41162899999999,0 -134.748068,58.396223,0 -134.774858,58.391399,0 -134.730184,58.374091,0 -134.645918,58.385182,0 -134.649842,58.34894300000001,0 -134.608325,58.341029,0 -134.603612,58.325683,0 -134.686044,58.306598,0 -134.670357,58.279365,0 -134.589562,58.230195,0 -134.506878,58.216513,0 -134.460275,58.22959400000001,0 -134.279377,58.191029,0 -134.185026,58.208435,0 -134.147461,58.200674,0 -134.131328,58.232322,0 -134.101589,58.236601,0 -134.145576,58.271152,0 -134.143637,58.303856,0 -134.057858,58.333184,0 -134.040502,58.401972,0 -134.013594,58.404028,0 -133.992554,58.352097,0 -134.003903,58.34166900000001,0 -133.966931,58.317828,0 -134.004183,58.293221,0 -134.081149,58.27974,0 -134.058808,58.26260400000001,0 -134.054304,58.231192,0 -134.085427,58.213572,0 -134.086378,58.171355,0 -134.064273,58.13491599999999,0 -134.082575,58.125446,0 -134.052627,58.061758,0 -133.88768,57.97351,0 -133.785475,58.009918,0 -133.807582,58.023148,0 -133.810366,58.045408,0 -133.769305,58.056833,0 -133.760089,58.028817,0 -133.701623,57.98427000000001,0 -133.69162,57.946776,0 -133.725835,57.949065,0 -133.760519,57.995687,0 -133.852976,57.947157,0 -133.719164,57.800034,0 -133.631459,57.790912,0 -133.640242,57.808702,0 -133.625279,57.808138,0 -133.63502,57.825064,0 -133.624566,57.837503,0 -133.651649,57.880123,0 -133.603588,57.860466,0 -133.605057,57.90955900000001,0 -133.583215,57.926958,0 -133.568477,57.86038499999999,0 -133.579644,57.833074,0 -133.554694,57.79926700000001,0 -133.555965,57.778211,0 -133.596756,57.772792,0 -133.584873,57.761509,0 -133.525454,57.761761,0 -133.423727,57.722425,0 -133.328417,57.66311400000001,0 -133.256643,57.650527,0 -133.059349,57.52514500000001,0 -133.056307,57.508367,0 -133.071262,57.510367,0 -133.222649,57.602166,0 -133.398262,57.66161400000001,0 -133.529475,57.687765,0 -133.577981,57.737411,0 -133.585853,57.712283,0 -133.652137,57.716217,0 -133.648505,57.675216,0 -133.672853,57.658357,0 -133.676053,57.629471,0 -133.618707,57.57824,0 -133.561821,57.562029,0 -133.462275,57.57701299999999,0 -133.516749,57.543911,0 -133.527355,57.492227,0 -133.505726,57.449155,0 -133.462345,57.420038,0 -133.44491,57.42562,0 -133.447199,57.411577,0 -133.422058,57.412418,0 -133.42162,57.401413,0 -133.471738,57.387208,0 -133.466275,57.36312,0 -133.356701,57.332725,0 -133.190348,57.325254,0 -133.189671,57.311309,0 -133.271152,57.288704,0 -133.330081,57.29961100000001,0 -133.363848,57.284331,0 -133.425942,57.285996,0 -133.47589,57.30798200000001,0 -133.522601,57.305646,0 -133.486261,57.282977,0 -133.525929,57.27906000000001,0 -133.511,57.264467,0 -133.534033,57.260684,0 -133.497418,57.22195,0 -133.524662,57.19529,0 -133.574415,57.184766,0 -133.315345,57.10623999999999,0 -133.272887,57.115537,0 -133.261595,57.13552800000001,0 -133.198909,57.137916,0 -133.192304,57.127889,0 -133.208626,57.116758,0 -133.18676,57.089778,0 -133.079101,57.082932,0 -133.009233,57.054127,0 -132.999249,57.01203,0 -132.985872,57.053456,0 -132.905109,57.025671,0 -132.87231,57.03084499999999,0 -132.870444,57.077837,0 -132.824754,57.107434,0 -132.813214,57.076378,0 -132.83642,57.061357,0 -132.790614,57.007091,0 -132.787977,56.975541,0 -132.815965,56.973624,0 -132.821208,57.002897,0 -132.846878,57.024119,0 -132.860172,57.001221,0 -132.953358,56.98477100000001,0 -132.905358,56.95594,0 -132.884907,56.92126,0 -132.815722,56.891133,0 -132.78912,56.843344,0 -132.643662,56.781417,0 -132.530587,56.754222,0 -132.540956,56.735896,0 -132.566653,56.738553,0 -132.534106,56.697188,0 -132.543376,56.675182,0 -132.592085,56.67671300000001,0 -132.585122,56.659166,0 -132.555288,56.654301,0 -132.565703,56.628632,0 -132.480376,56.60312900000001,0 -132.319568,56.637656,0 -132.366527,56.594886,0 -132.362011,56.53149899999999,0 -132.289043,56.483888,0 -132.262885,56.486637,0 -132.209726,56.459092,0 -132.170468,56.36838900000001,0 -132.237908,56.397534,0 -132.232,56.415319,0 -132.253393,56.44953899999999,0 -132.388869,56.489794,0 -132.381422,56.444893,0 -132.335655,56.39668,0 -132.364231,56.37403699999999,0 -132.340696,56.341685,0 -132.36542,56.283023,0 -132.329134,56.236029,0 -132.235865,56.197429,0 -132.318511,56.192078,0 -132.397521,56.238063,0 -132.381976,56.255635,0 -132.394338,56.284369,0 -132.378292,56.308773,0 -132.419411,56.347911,0 -132.52936,56.33855499999999,0 -132.573308,56.296905,0 -132.599362,56.240399,0 -132.693337,56.239293,0 -132.716867,56.216898,0 -132.689474,56.205992,0 -132.708905,56.19442099999999,0 -132.689447,56.168672,0 -132.696086,56.15797799999999,0 -132.727798,56.170284,0 -132.715115,56.16065400000001,0 -132.72253,56.143831,0 -132.642117,56.03248700000001,0 -132.596839,56.015552,0 -132.593155,56.032288,0 -132.616507,56.049612,0 -132.609121,56.071569,0 -132.586737,56.067994,0 -132.592261,56.07800899999999,0 -132.541578,56.052866,0 -132.5385,56.07025200000001,0 -132.490952,56.063217,0 -132.466574,56.07600599999999,0 -132.461381,56.060069,0 -132.485961,56.025515,0 -132.471109,56.01588499999999,0 -132.401823,56.01581700000001,0 -132.379795,56.03425300000001,0 -132.403967,56.00405700000001,0 -132.465877,55.99614999999999,0 -132.437474,55.988776,0 -132.463738,55.975076,0 -132.435096,55.970807,0 -132.452211,55.960976,0 -132.433555,55.947804,0 -132.40171,55.950861,0 -132.363965,55.928092,0 -132.399208,55.90345599999999,0 -132.377907,55.855081,0 -132.338006,55.854262,0 -132.33336,55.867232,0 -132.312455,55.84158600000001,0 -132.321131,55.856511,0 -132.308414,55.865067,0 -132.341924,55.885805,0 -132.290351,55.90126,0 -132.307591,55.920569,0 -132.276297,55.936156,0 -132.239725,55.92250800000001,0 -132.206508,55.960434,0 -132.172904,55.92756799999999,0 -132.13128,55.947396,0 -132.13557,55.97003,0 -132.168643,55.990865,0 -132.155943,56.008045,0 -132.201326,56.044239,0 -132.167946,56.045632,0 -132.22647,56.08006400000001,0 -132.193989,56.088022,0 -132.184464,56.0735,0 -132.14905,56.07276999999999,0 -132.145135,56.098423,0 -132.126829,56.078209,0 -132.099137,56.08895099999999,0 -132.109682,56.096109,0 -132.099137,56.103336,0 -132.18829,56.168852,0 -132.145723,56.155526,0 -132.120168,56.165054,0 -132.073824,56.115992,0 -132.058889,56.124258,0 -132.061576,56.146263,0 -132.026942,56.133117,0 -132.000999,56.19332000000001,0 -131.920878,56.20348200000001,0 -131.912202,56.216304,0 -131.929913,56.235522,0 -131.806316,56.216502,0 -131.764014,56.224891,0 -131.648262,56.199793,0 -131.654525,56.183976,0 -131.763415,56.204936,0 -131.82438,56.191252,0 -131.871087,56.20331099999999,0 -131.894952,56.181107,0 -131.973167,56.173095,0 -131.981724,56.062123,0 -131.955157,55.998593,0 -131.973167,55.983753,0 -131.958542,55.972886,0 -132.066813,55.94404300000001,0 -132.070853,55.923939,0 -132.039145,55.88768300000001,0 -132.096523,55.85056,0 -132.028835,55.797691,0 -132.078697,55.810646,0 -132.186009,55.803299,0 -132.188393,55.745897,0 -132.212615,55.734645,0 -132.287261,55.76173199999999,0 -132.224738,55.701954,0 -132.185653,55.587768,0 -131.969008,55.496861,0 -131.953906,55.50297,0 -131.958074,55.53108799999999,0 -131.936689,55.535151,0 -131.951249,55.58055599999999,0 -131.932049,55.58353700000001,0 -132.0353,55.67824700000001,0 -131.980927,55.654623,0 -131.948805,55.617778,0 -131.885701,55.600661,0 -131.891973,55.62075,0 -131.857061,55.631935,0 -131.836126,55.672225,0 -131.817012,55.671496,0 -131.872512,55.738111,0 -131.825211,55.718046,0 -131.762108,55.813651,0 -131.799067,55.835747,0 -131.890821,55.844494,0 -131.917355,55.863907,0 -131.841493,55.872235,0 -131.821901,55.89062999999999,0 -131.810951,55.87603500000001,0 -131.758305,55.878235,0 -131.616761,55.93964699999999,0 -131.609874,55.92200800000001,0 -131.565087,55.923015,0 -131.599297,55.90002800000001,0 -131.566643,55.87878,0 -131.5621,55.852161,0 -131.487225,55.846266,0 -131.711363,55.836214,0 -131.700905,55.788335,0 -131.674529,55.798756,0 -131.614302,55.784321,0 -131.551737,55.79155,0 -131.546402,55.805969,0 -131.490092,55.786324,0 -131.581471,55.780984,0 -131.620332,55.763205,0 -131.671195,55.771159,0 -131.733408,55.73083199999999,0 -131.697353,55.69078200000001,0 -131.723247,55.634552,0 -131.699946,55.613483,0 -131.630354,55.599524,0 -131.699598,55.56922700000001,0 -131.684899,55.562082,0 -131.717448,55.51591400000001,0 -131.787376,55.47342299999999,0 -131.826569,55.47035300000001,0 -131.833372,55.455083,0 -131.741304,55.39961400000001,0 -131.718357,55.407606,0 -131.737338,55.387718,0 -131.71238,55.36511000000001,0 -131.850718,55.425397,0 -131.834229,55.37777899999999,0 -131.880829,55.37942000000001,0 -131.85493,55.35347600000001,0 -131.866924,55.349566,0 -131.869063,55.309344,0 -131.83151,55.193581,0 -131.781241,55.14016,0 -131.763113,55.12768599999999,0 -131.723009,55.140228,0 -131.719325,55.150483,0 -131.747101,55.16051800000001,0 -131.710293,55.193717,0 -131.747963,55.219724,0 -131.75876,55.25188,0 -131.689362,55.223926,0 -131.688383,55.250963,0 -131.670482,55.257225,0 -131.692107,55.305869,0 -131.64901,55.289446,0 -131.642792,55.26535299999999,0 -131.633349,55.284896,0 -131.613558,55.287083,0 -131.698679,55.35484099999999,0 -131.640128,55.340678,0 -131.539704,55.29316000000001,0 -131.514064,55.33105299999999,0 -131.48224,55.32631500000001,0 -131.45739,55.344293,0 -131.388385,55.354291,0 -131.385172,55.341918,0 -131.483428,55.300007,0 -131.460848,55.277269,0 -131.403801,55.261939,0 -131.3671,55.272395,0 -131.351042,55.259597,0 -131.299105,55.276661,0 -131.258464,55.316443,0 -131.253235,55.33185900000001,0 -131.293276,55.38096899999999,0 -131.247645,55.393525,0 -131.236008,55.38232600000001,0 -131.234579,55.408158,0 -131.198805,55.391509,0 -131.189298,55.360947,0 -131.240216,55.28713800000001,0 -131.326676,55.243069,0 -131.204154,55.18985,0 -131.158756,55.197042,0 -131.063567,55.260139,0 -131.053089,55.328394,0 -131.022329,55.344565,0 -131.033877,55.403544,0 -131.008737,55.404811,0 -130.990954,55.378483,0 -130.970621,55.391436,0 -130.994344,55.472471,0 -130.973528,55.522076,0 -130.987741,55.534081,0 -130.983108,55.565877,0 -130.97525,55.574995,0 -130.947577,55.553635,0 -130.929528,55.57364200000001,0 -130.935457,55.588037,0 -130.959442,55.58863499999999,0 -130.939855,55.619187,0 -130.970978,55.680328,0 -130.959937,55.69320199999999,0 -131.052439,55.772799,0 -131.047286,55.79869,0 -131.073906,55.830875,0 -131.253662,55.97098,0 -131.355786,55.956081,0 -131.30862,55.991395,0 -131.212666,56.01045999999999,0 -131.11808,56.058048,0 -131.093458,56.043235,0 -131.214493,55.980163,0 -131.07769,55.885348,0 -131.003553,55.805904,0 -130.945764,55.810971,0 -130.969327,55.781719,0 -130.896586,55.71276699999999,0 -130.904203,55.686371,0 -130.876275,55.56035700000001,0 -130.809455,55.54860200000001,0 -130.870098,55.54437899999999,0 -130.872525,55.48836000000001,0 -130.923336,55.437644,0 -130.898736,55.394541,0 -130.891617,55.411396,0 -130.882823,55.4017,0 -130.877582,55.330709,0 -130.85509,55.29384400000001,0 -130.944014,55.295339,0 -130.986348,55.24523,0 -131.092603,55.192712,0 -131.07652,55.129358,0 -130.994164,55.085102,0 -130.898264,55.104074,0 -130.830113,55.14294700000001,0 -130.816166,55.144796,0 -130.795464,55.102919,0 -130.77336,55.09272,0 -130.741273,55.101356,0 -130.733492,55.13106799999999,0 -130.706246,55.12401,0 -130.720022,55.09386700000001,0 -130.794137,55.073136,0 -130.823156,55.094644,0 -130.826977,55.116309,0 -130.851081,55.119369,0 -130.874598,55.097077,0 -130.98953,55.06795799999999,0 -130.992369,55.043902,0 -131.012585,55.046653,0 -131.000398,55.033116,0 -131.010564,54.991535,0 -130.992133,54.99277499999999,0 -130.946299,54.94756,0 -130.947513,54.932678,0 -130.97544,54.921383,0 -130.954622,54.89581,0 -130.95343,54.85713799999999,0 -130.937717,54.849451,0 -130.948173,54.829217,0 -130.934626,54.80073,0 -130.842646,54.762076,0 -130.791294,54.787083,0 -130.780363,54.825778,0 -130.737884,54.807474,0 -130.73524,54.781918,0 -130.751612,54.772497,0 -130.73836,54.74860200000001,0 -130.685064,54.718033,0 -130.686496,54.731617,0 -130.643395,54.72841799999999,0 -130.62807,54.739341,0 -130.65892,54.763135,0 -130.459391,54.848464,0 -130.273331,54.973962,0 -130.187562,55.062841,0 -130.102845,55.192599,0 -129.974167,55.28191900000001,0 -130.021108,55.337933,0 -130.041216,55.451725,0 -130.089852,55.497979,0 -130.1279,55.581036,0 -130.111657,55.682901,0 -130.148033,55.715044,0 -130.152398,55.76629,0 -130.003847,55.907291,0 -130.017663,55.912049,0 -130.003485,56.00807499999999,0 -130.103798,56.122798,0 -130.246683,56.096432,0 -130.425961,56.141554,0 -130.46787,56.243053,0 -130.623302,56.26687699999999,0 -130.781981,56.366844,0 -131.087354,56.40600799999999,0 -131.472028,56.552666,0 -131.581067,56.61223199999999,0 -131.835309,56.59922699999999,0 -131.860669,56.70298400000001,0 -131.901051,56.753667,0 -131.872876,56.805995,0 -132.123518,56.87367099999999,0 -132.045191,57.04505899999999,0 -132.368843,57.091515,0 -132.247921,57.211253,0 -132.362986,57.34201300000001,0 -132.553685,57.496514,0 -132.869318,57.842941,0 -133.076416,57.999759,0 -133.172311,58.153676,0 -133.345432,58.276332,0 -133.461421,58.387649,0 -133.377303,58.430548,0 -133.70711,58.612269,0 -133.840507,58.729444,0 -134.258081,58.861042,0 -134.336421,58.923389,0 -134.313731,58.962219,0 -134.407085,58.97922199999999,0 -134.381877,59.038763,0 -134.483395,59.131603,0 -134.56557,59.131128,0 -134.679084,59.192257,0 -134.700716,59.249011,0 -134.959912,59.280935,0 -135.030476,59.346319,0 -134.989745,59.387129,0 -135.100937,59.42755,0 -135.027562,59.474738,0 -135.028903,59.563659,0 -135.117833,59.62307,0 -135.157594,59.625724,0 -135.219816,59.662759,0 -135.233668,59.69614299999999,0 -135.360103,59.737613,0 -135.479161,59.798041,0 -135.952645,59.662166,0 -136.192904,59.640027,0 -136.353936,59.599827,0 -136.239876,59.559426,0 -136.238516,59.524326,0 -136.305019,59.464523,0 -136.362499,59.450376,0 -136.477156,59.465824,0 -136.469258,59.28412,0 -136.495757,59.27513200000001,0 -136.486822,59.259128,0 -136.581516,59.16492,0 -136.826633,59.158389,0 -137.264749,59.00235300000001,0 -137.447373,58.909519,0 -137.52626,58.90684,0 -137.5,58.985395,0 -137.607356,59.243803,0 -138.626197,59.768578,0 -138.668649,59.80966300000001,0 -138.707378,59.906325,0 -139.053666,59.99483600000001,0 -139.198783,60.08825800000001,0 -139.072127,60.319429,0 -139.074819,60.352505,0 -139.692981,60.33522399999999,0 -139.981114,60.18197300000001,0 -140.458206,60.30808499999999,0 -140.520466,60.219828,0 -141.001898,60.306354,0 -141.001966,60.391687,0 -141.213364,60.39167800000001,0 -141.213451,60.435268,0 -141.790521,60.43524,0 -141.790619,60.521899,0 -143.193519,60.521828,0 -143.893323,60.02416700000001,0 -143.893326,59.986095,0 -143.622797,60.039116,0
              </coordinates>
            </LinearRing>
          </outerBoundaryIs>
        </Polygon>
      </Placemark>
      <Placemark>
        <name>Tlingit Aaní</name>
        <description>See: 2050-snapshot/domains/borders-geopolitics.md#tlingit-aani</description>
        <Polygon>
          <outerBoundaryIs>
            <LinearRing>
              <coordinates>
                -130.97004,55.31597,0 -130.933318,55.333143,0 -130.948173,55.382525,0 -130.983112,55.365981,0 -130.97004,55.31597,0
              </coordinates>
            </LinearRing>
          </outerBoundaryIs>
        </Polygon>
      </Placemark>
      <Placemark>
        <name>Tlingit Aaní</name>
        <description>See: 2050-snapshot/domains/borders-geopolitics.md#tlingit-aani</description>
        <Polygon>
          <outerBoundaryIs>
            <LinearRing>
              <coordinates>
                -131.034926,55.28485,0 -131.027202,55.287827,0 -131.030648,55.30481,0 -131.04479,55.298518,0 -131.034926,55.28485,0
              </coordinates>
            </LinearRing>
          </outerBoundaryIs>
        </Polygon>
      </Placemark>
      <Placemark>
        <name>Tlingit Aaní</name>
        <description>See: 2050-snapshot/domains/borders-geopolitics.md#tlingit-aani</description>
        <Polygon>
          <outerBoundaryIs>
            <LinearRing>
              <coordinates>
                -131.196787,55.043172,0 -131.17511,55.086726,0 -131.207056,55.113705,0 -131.246414,55.072577,0 -131.196787,55.043172,0
              </coordinates>
            </LinearRing>
          </outerBoundaryIs>
        </Polygon>
      </Placemark>
      <Placemark>
        <name>Tlingit Aaní</name>
        <description>See: 2050-snapshot/domains/borders-geopolitics.md#tlingit-aani</description>
        <Polygon>
          <outerBoundaryIs>
            <LinearRing>
              <coordinates>
                -131.343578,54.855787,0 -131.316744,54.879392,0 -131.295286,54.875674,0 -131.299844,54.861587,0 -131.262766,54.860384,0 -131.191082,54.918236,0 -131.245445,54.93350499999999,0 -131.232534,54.946203,0 -131.254407,54.975714,0 -131.235005,54.98866300000001,0 -131.244132,55.003279,0 -131.335021,54.994881,0 -131.333152,54.98069900000001,0 -131.412296,54.963775,0 -131.466981,54.968476,0 -131.498355,54.934735,0 -131.343578,54.855787,0
              </coordinates>
            </LinearRing>
          </outerBoundaryIs>
        </Polygon>
      </Placemark>
      <Placemark>
        <name>Tlingit Aaní</name>
        <description>See: 2050-snapshot/domains/borders-geopolitics.md#tlingit-aani</description>
        <Polygon>
          <outerBoundaryIs>
            <LinearRing>
              <coordinates>
                -131.194695,54.87121699999999,0 -131.195648,54.873843,0 -131.205343,54.865746,0 -131.194695,54.87121699999999,0
              </coordinates>
            </LinearRing>
          </outerBoundaryIs>
        </Polygon>
      </Placemark>
      <Placemark>
        <name>Tlingit Aaní</name>
        <description>See: 2050-snapshot/domains/borders-geopolitics.md#tlingit-aani</description>
        <Polygon>
          <outerBoundaryIs>
            <LinearRing>
              <coordinates>
                -131.252499,55.012438,0 -131.215421,55.036417,0 -131.250597,55.036744,0 -131.290337,55.010039,0 -131.252499,55.012438,0
              </coordinates>
            </LinearRing>
          </outerBoundaryIs>
        </Polygon>
      </Placemark>
      <Placemark>
        <name>Tlingit Aaní</name>
        <description>See: 2050-snapshot/domains/borders-geopolitics.md#tlingit-aani</description>
        <Polygon>
          <outerBoundaryIs>
            <LinearRing>
              <coordinates>
                -131.253116,55.35220099999999,0 -131.259177,55.36388800000001,0 -131.265831,55.35672600000001,0 -131.253116,55.35220099999999,0
              </coordinates>
            </LinearRing>
          </outerBoundaryIs>
        </Polygon>
      </Placemark>
      <Placemark>
        <name>Tlingit Aaní</name>
        <description>See: 2050-snapshot/domains/borders-geopolitics.md#tlingit-aani</description>
        <Polygon>
          <outerBoundaryIs>
            <LinearRing>
              <coordinates>
                -131.64486,55.011212,0 -131.610565,55.013253,0 -131.622994,55.00344200000001,0 -131.607784,54.993899,0 -131.544795,55.025385,0 -131.530299,55.03846000000001,0 -131.540016,55.057391,0 -131.523664,55.06296399999999,0 -131.492745,55.011757,0 -131.385552,55.011757,0 -131.351088,55.06215100000001,0 -131.374135,55.09275,0 -131.351564,55.1186,0 -131.364131,55.16310799999999,0 -131.32637,55.16981,0 -131.572368,55.286114,0 -131.550726,55.26842500000001,0 -131.59162,55.27393000000001,0 -131.609921,55.238576,0 -131.581476,55.184215,0 -131.609684,55.182705,0 -131.531981,55.137638,0 -131.54553,55.118058,0 -131.599226,55.125939,0 -131.613724,55.09671000000001,0 -131.591633,55.088278,0 -131.65104,55.042137,0 -131.64486,55.011212,0
              </coordinates>
            </LinearRing>
          </outerBoundaryIs>
        </Polygon>
      </Placemark>
      <Placemark>
        <name>Tlingit Aaní</name>
        <description>See: 2050-snapshot/domains/borders-geopolitics.md#tlingit-aani</description>
        <Polygon>
          <outerBoundaryIs>
            <LinearRing>
              <coordinates>
                -131.327439,55.184944,0 -131.330767,55.188404,0 -131.330769,55.183248,0 -131.327439,55.184944,0
              </coordinates>
            </LinearRing>
          </outerBoundaryIs>
        </Polygon>
      </Placemark>
      <Placemark>
        <name>Tlingit Aaní</name>
        <description>See: 2050-snapshot/domains/borders-geopolitics.md#tlingit-aani</description>
        <Polygon>
          <outerBoundaryIs>
            <LinearRing>
              <coordinates>
                -131.38289,55.251131,0 -131.385791,55.250959,0 -131.38305,55.24795799999999,0 -131.38289,55.251131,0
              </coordinates>
            </LinearRing>
          </outerBoundaryIs>
        </Polygon>
      </Placemark>
      <Placemark>
        <name>Tlingit Aaní</name>
        <description>See: 2050-snapshot/domains/borders-geopolitics.md#tlingit-aani</description>
        <Polygon>
          <outerBoundaryIs>
            <LinearRing>
              <coordinates>
                -131.426623,55.238463,0 -131.397507,55.239682,0 -131.407965,55.253502,0 -131.459898,55.265082,0 -131.426623,55.238463,0
              </coordinates>
            </LinearRing>
          </outerBoundaryIs>
        </Polygon>
      </Placemark>
      <Placemark>
        <name>Tlingit Aaní</name>
        <description>See: 2050-snapshot/domains/borders-geopolitics.md#tlingit-aani</description>
        <Polygon>
          <outerBoundaryIs>
            <LinearRing>
              <coordinates>
                -131.520411,54.95799599999999,0 -131.503108,54.963236,0 -131.497974,54.991172,0 -131.540376,54.998807,0 -131.520411,54.95799599999999,0
              </coordinates>
            </LinearRing>
          </outerBoundaryIs>
        </Polygon>
      </Placemark>
      <Placemark>
        <name>Tlingit Aaní</name>
        <description>See: 2050-snapshot/domains/borders-geopolitics.md#tlingit-aani</description>
        <Polygon>
          <outerBoundaryIs>
            <LinearRing>
              <coordinates>
                -131.500113,55.26458700000001,0 -131.508194,55.26716,0 -131.506055,55.262826,0 -131.500113,55.26458700000001,0
              </coordinates>
            </LinearRing>
          </outerBoundaryIs>
        </Polygon>
      </Placemark>
      <Placemark>
        <name>Tlingit Aaní</name>
        <description>See: 2050-snapshot/domains/borders-geopolitics.md#tlingit-aani</description>
        <Polygon>
          <outerBoundaryIs>
            <LinearRing>
              <coordinates>
                -131.588673,54.930802,0 -131.533911,54.95504799999999,0 -131.588671,54.97044,0 -131.621948,54.946531,0 -131.588673,54.930802,0
              </coordinates>
            </LinearRing>
          </outerBoundaryIs>
        </Polygon>
      </Placemark>
      <Placemark>
        <name>Tlingit Aaní</name>
        <description>See: 2050-snapshot/domains/borders-geopolitics.md#tlingit-aani</description>
        <Polygon>
          <outerBoundaryIs>
            <LinearRing>
              <coordinates>
                -131.601008,55.853919,0 -131.587182,55.866548,0 -131.648697,55.912903,0 -131.689514,55.890232,0 -131.696105,55.86880099999999,0 -131.674892,55.862436,0 -131.715733,55.85709600000001,0 -131.601008,55.853919,0
              </coordinates>
            </LinearRing>
          </outerBoundaryIs>
        </Polygon>
      </Placemark>
      <Placemark>
        <name>Tlingit Aaní</name>
        <description>See: 2050-snapshot/domains/borders-geopolitics.md#tlingit-aani</description>
        <Polygon>
          <outerBoundaryIs>
            <LinearRing>
              <coordinates>
                -131.604528,55.30318700000001,0 -131.594068,55.30751599999999,0 -131.633644,55.330575,0 -131.65943,55.33125,0 -131.604528,55.30318700000001,0
              </coordinates>
            </LinearRing>
          </outerBoundaryIs>
        </Polygon>
      </Placemark>
      <Placemark>
        <name>Tlingit Aaní</name>
        <description>See: 2050-snapshot/domains/borders-geopolitics.md#tlingit-aani</description>
        <Polygon>
          <outerBoundaryIs>
            <LinearRing>
              <coordinates>
                -131.70448,55.561648,0 -131.72396,55.56096100000001,0 -131.720498,55.536186,0 -131.70448,55.561648,0
              </coordinates>
            </LinearRing>
          </outerBoundaryIs>
        </Polygon>
      </Placemark>
      <Placemark>
        <name>Tlingit Aaní</name>
        <description>See: 2050-snapshot/domains/borders-geopolitics.md#tlingit-aani</description>
        <Polygon>
          <outerBoundaryIs>
            <LinearRing>
              <coordinates>
                -131.706395,55.113463,0 -131.707937,55.119147,0 -131.709461,55.113116,0 -131.706395,55.113463,0
              </coordinates>
            </LinearRing>
          </outerBoundaryIs>
        </Polygon>
      </Placemark>
      <Placemark>
        <name>Tlingit Aaní</name>
        <description>See: 2050-snapshot/domains/borders-geopolitics.md#tlingit-aani</description>
        <Polygon>
          <outerBoundaryIs>
            <LinearRing>
              <coordinates>
                -131.712175,55.534347,0 -131.716113,55.533705,0 -131.716466,55.52987399999999,0 -131.712175,55.534347,0
              </coordinates>
            </LinearRing>
          </outerBoundaryIs>
        </Polygon>
      </Placemark>
      <Placemark>
        <name>Tlingit Aaní</name>
        <description>See: 2050-snapshot/domains/borders-geopolitics.md#tlingit-aani</description>
        <Polygon>
          <outerBoundaryIs>
            <LinearRing>
              <coordinates>
                -131.729902,55.123175,0 -131.739053,55.127073,0 -131.734004,55.11990899999999,0 -131.729902,55.123175,0
              </coordinates>
            </LinearRing>
          </outerBoundaryIs>
        </Polygon>
      </Placemark>
      <Placemark>
        <name>Tlingit Aaní</name>
        <description>See: 2050-snapshot/domains/borders-geopolitics.md#tlingit-aani</description>
        <Polygon>
          <outerBoundaryIs>
            <LinearRing>
              <coordinates>
                -131.735602,55.11265399999999,0 -131.737154,55.113796,0 -131.73984,55.109538,0 -131.735602,55.11265399999999,0
              </coordinates>
            </LinearRing>
          </outerBoundaryIs>
        </Polygon>
      </Placemark>
      <Placemark>
        <name>Tlingit Aaní</name>
        <description>See: 2050-snapshot/domains/borders-geopolitics.md#tlingit-aani</description>
        <Polygon>
          <outerBoundaryIs>
            <LinearRing>
              <coordinates>
                -131.82377,55.480166,0 -131.754845,55.51759,0 -131.752822,55.54147,0 -131.810697,55.540596,0 -131.850984,55.52546300000001,0 -131.82377,55.480166,0
              </coordinates>
            </LinearRing>
          </outerBoundaryIs>
        </Polygon>
      </Placemark>
      <Placemark>
        <name>Tlingit Aaní</name>
        <description>See: 2050-snapshot/domains/borders-geopolitics.md#tlingit-aani</description>
        <Polygon>
          <outerBoundaryIs>
            <LinearRing>
              <coordinates>
                -131.80108,55.485233,0 -131.804595,55.486769,0 -131.805604,55.482737,0 -131.80108,55.485233,0
              </coordinates>
            </LinearRing>
          </outerBoundaryIs>
        </Polygon>
      </Placemark>
      <Placemark>
        <name>Tlingit Aaní</name>
        <description>See: 2050-snapshot/domains/borders-geopolitics.md#tlingit-aani</description>
        <Polygon>
          <outerBoundaryIs>
            <LinearRing>
              <coordinates>
                -131.813803,55.850562,0 -131.836024,55.857697,0 -131.83032,55.845689,0 -131.813803,55.850562,0
              </coordinates>
            </LinearRing>
          </outerBoundaryIs>
        </Polygon>
      </Placemark>
      <Placemark>
        <name>Tlingit Aaní</name>
        <description>See: 2050-snapshot/domains/borders-geopolitics.md#tlingit-aani</description>
        <Polygon>
          <outerBoundaryIs>
            <LinearRing>
              <coordinates>
                -133.79712,55.917201,0 -133.729034,55.92258000000001,0 -133.713784,55.893892,0 -133.685657,55.916394,0 -133.63835,55.919998,0 -133.59368,55.96724,0 -133.538762,55.980683,0 -133.48004,56.02765,0 -133.465113,55.993337,0 -133.490988,55.99351300000001,0 -133.477729,55.979664,0 -133.505487,55.948423,0 -133.456763,55.930851,0 -133.42515,55.93895500000001,0 -133.438,55.917012,0 -133.464368,55.91047499999999,0 -133.413509,55.90473,0 -133.419685,55.88235600000001,0 -133.353108,55.884069,0 -133.33222,55.85462299999999,0 -133.363354,55.845277,0 -133.32208,55.813968,0 -133.357184,55.800296,0 -133.382369,55.822585,0 -133.365481,55.784886,0 -133.461732,55.789592,0 -133.467696,55.807629,0 -133.487191,55.789595,0 -133.489562,55.814173,0 -133.581782,55.83727,0 -133.597944,55.828591,0 -133.590152,55.795888,0 -133.632863,55.83372,0 -133.663544,55.816371,0 -133.66901,55.802075,0 -133.653633,55.792112,0 -133.702286,55.77996999999999,0 -133.669209,55.767433,0 -133.643579,55.728743,0 -133.536148,55.692857,0 -133.488612,55.71307999999999,0 -133.487899,55.733962,0 -133.522763,55.764595,0 -133.513039,55.77327600000001,0 -133.423487,55.739716,0 -133.348609,55.754559,0 -133.326772,55.734343,0 -133.338687,55.72861,0 -133.32668,55.711251,0 -133.345505,55.706654,0 -133.384427,55.736311,0 -133.390593,55.69426000000001,0 -133.354899,55.689209,0 -133.414178,55.66654700000001,0 -133.409015,55.642981,0 -133.419215,55.654755,0 -133.435453,55.645715,0 -133.3994,55.638531,0 -133.386624,55.621891,0 -133.405372,55.616569,0 -133.251497,55.578057,0 -133.26446,55.568492,0 -133.248888,55.57145199999999,0 -133.241196,55.585205,0 -133.164742,55.579157,0 -133.18273,55.586671,0 -133.176156,55.601782,0 -133.131167,55.599549,0 -133.158032,55.563482,0 -133.148505,55.52648200000001,0 -133.105825,55.57742699999999,0 -133.082294,55.562563,0 -133.107163,55.55626599999999,0 -133.105418,55.53795,0 -133.13086,55.514571,0 -133.127488,55.479669,0 -133.154491,55.47729699999999,0 -133.140053,55.471523,0 -133.148492,55.463917,0 -132.994602,55.452134,0 -133.084301,55.428369,0 -133.038225,55.417435,0 -133.04009,55.407065,0 -133.106386,55.397026,0 -133.12306,55.415378,0 -133.125237,55.40012699999999,0 -133.161802,55.393516,0 -133.127831,55.38459300000001,0 -133.156098,55.377179,0 -133.158327,55.36164600000001,0 -133.215282,55.383661,0 -133.269709,55.360701,0 -133.233628,55.350971,0 -133.292526,55.353269,0 -133.237393,55.309727,0 -133.242614,55.289578,0 -133.22838,55.27671300000001,0 -133.271138,55.29363499999999,0 -133.318655,55.27569299999999,0 -133.296567,55.307028,0 -133.305123,55.328264,0 -133.35456,55.346513,0 -133.399482,55.340431,0 -133.386665,55.323265,0 -133.463655,55.31920300000001,0 -133.453673,55.28795099999999,0 -133.403523,55.2846,0 -133.428019,55.269676,0 -133.463655,55.273872,0 -133.470786,55.258163,0 -133.440838,55.210728,0 -133.384293,55.22808300000001,0 -133.334833,55.202726,0 -133.256161,55.220084,0 -133.220994,55.272918,0 -133.119716,55.26898,0 -133.223836,55.23797600000001,0 -133.217,55.20911700000001,0 -133.23976,55.183459,0 -133.178216,55.157557,0 -133.241187,55.168938,0 -133.20009,55.140383,0 -133.23168,55.12370600000001,0 -133.128296,55.102437,0 -133.238097,55.102091,0 -133.238097,55.08441,0 -133.172057,55.052572,0 -133.226451,55.056376,0 -133.165378,55.023156,0 -133.172973,55.00474699999999,0 -133.153082,54.994292,0 -133.169883,54.978567,0 -133.153255,54.96254,0 -133.167744,54.949366,0 -133.117118,54.92041799999999,0 -133.075824,54.918092,0 -133.087408,54.90661899999999,0 -133.043279,54.88423299999999,0 -133.048666,54.870255,0 -133.028324,54.87217900000001,0 -133.035356,54.85780799999999,0 -133.001465,54.831686,0 -133.009449,54.820304,0 -132.872328,54.752892,0 -132.885142,54.737782,0 -132.855043,54.706257,0 -132.874923,54.704838,0 -132.844975,54.686707,0 -132.808896,54.700436,0 -132.794825,54.68437099999999,0 -132.746134,54.686893,0 -132.777474,54.67172900000001,0 -132.690721,54.66361899999999,0 -132.672182,54.674477,0 -132.72922,54.698536,0 -132.697614,54.698521,0 -132.704994,54.712625,0 -132.681927,54.727079,0 -132.726627,54.734245,0 -132.716866,54.769331,0 -132.746995,54.79462,0 -132.749903,54.81989300000001,0 -132.799578,54.846588,0 -132.842561,54.841295,0 -132.81574,54.85985999999999,0 -132.855195,54.897053,0 -132.911547,54.911973,0 -132.896076,54.929023,0 -132.931942,54.933814,0 -132.908673,54.94486199999999,0 -132.955499,54.974503,0 -132.95407,55.015923,0 -132.987068,55.02068300000001,0 -133.016013,55.044931,0 -133.009449,55.05515,0 -133.06009,55.075051,0 -133.025364,55.084947,0 -132.971658,55.06046,0 -133.009236,55.08526499999999,0 -133.010638,55.122891,0 -133.027988,55.139333,0 -133.054113,55.134438,0 -133.084319,55.144115,0 -133.071246,55.15576699999999,0 -133.093803,55.155904,0 -133.059837,55.169073,0 -133.075049,55.191602,0 -133.106169,55.189834,0 -133.085031,55.19811399999999,0 -133.10326,55.225667,0 -133.079565,55.22713300000001,0 -133.119849,55.255129,0 -133.107631,55.260863,0 -133.071959,55.25355699999999,0 -133.049385,55.267508,0 -133.042962,55.248138,0 -133.002444,55.242829,0 -133.045814,55.23269000000001,0 -133.040348,55.207744,0 -133.014678,55.20299700000001,0 -132.976633,55.22184099999999,0 -132.93935,55.210292,0 -132.947653,55.175317,0 -132.899659,55.175177,0 -132.893225,55.161916,0 -132.93767,55.136072,0 -132.877065,55.127087,0 -132.882766,55.106442,0 -132.856475,55.09088100000001,0 -132.893935,55.036629,0 -132.77084,55.00611499999999,0 -132.755607,54.988386,0 -132.749851,55.009915,0 -132.707121,55.00406499999999,0 -132.685967,55.028458,0 -132.69286,55.07924,0 -132.71492,55.08049400000001,0 -132.712378,55.09854800000001,0 -132.731722,55.10952199999999,0 -132.700948,55.105893,0 -132.688819,55.125201,0 -132.811923,55.17342,0 -132.832851,55.199966,0 -132.663865,55.13811,0 -132.63035,55.173689,0 -132.679272,55.232704,0 -132.654611,55.232428,0 -132.583301,55.166999,0 -132.628686,55.111065,0 -132.635104,55.054334,0 -132.575215,55.12627999999999,0 -132.559052,55.12547499999999,0 -132.56071,55.107938,0 -132.524645,55.108952,0 -132.56998,55.071212,0 -132.556193,55.050534,0 -132.597075,55.030502,0 -132.572153,55.001443,0 -132.601116,55.002839,0 -132.616327,54.971337,0 -132.563087,54.934485,0 -132.530045,54.932549,0 -132.54027,54.917274,0 -132.523157,54.89623300000001,0 -132.459683,54.910985,0 -132.422378,54.89676300000001,0 -132.411207,54.87627200000001,0 -132.352994,54.86287200000001,0 -132.322372,54.83377400000001,0 -132.361772,54.818389,0 -132.442345,54.829341,0 -132.463484,54.794431,0 -132.502241,54.78783700000001,0 -132.504855,54.775501,0 -132.371093,54.78289,0 -132.37532,54.75163999999999,0 -132.316422,54.74068999999999,0 -132.311859,54.714862,0 -132.212701,54.726935,0 -132.198011,54.707173,0 -132.163795,54.70497200000001,0 -132.166873,54.691653,0 -132.014641,54.691309,0 -132.01806,54.71022099999999,0 -131.995151,54.740048,0 -132.012592,54.75638,0 -131.996339,54.77227899999999,0 -132.007885,54.782038,0 -131.96247,54.783588,0 -131.952369,54.803115,0 -131.974235,54.850351,0 -132.040302,54.869917,0 -132.051244,54.895484,0 -132.022851,54.900168,0 -132.024742,54.885844,0 -131.970314,54.864921,0 -131.97885,54.919872,0 -131.967105,54.960285,0 -131.992351,54.982297,0 -131.980058,54.98361299999999,0 -131.990218,55.008411,0 -131.973047,55.00243,0 -131.989443,55.012501,0 -131.979939,55.03785499999999,0 -132.023435,55.04105799999999,0 -132.05101,55.01866,0 -132.114704,55.008427,0 -132.14382,54.988318,0 -132.139332,54.972772,0 -132.158268,54.973269,0 -132.160101,54.993023,0 -132.212861,54.987365,0 -132.229842,55.001485,0 -132.086301,55.03704,0 -132.089748,55.054266,0 -132.106602,55.055032,0 -132.087333,55.079096,0 -131.993131,55.109637,0 -132.005725,55.122006,0 -132.058812,55.119792,0 -132.026049,55.128259,0 -132.017374,55.139808,0 -132.035116,55.14525699999999,0 -132.002044,55.145785,0 -132.007869,55.15899600000001,0 -131.976612,55.174164,0 -131.992419,55.259587,0 -132.019751,55.27861,0 -132.046965,55.274143,0 -132.105659,55.195419,0 -132.127776,55.21628700000001,0 -132.147266,55.20835599999999,0 -132.188266,55.224219,0 -132.268094,55.20542,0 -132.228434,55.235537,0 -132.240571,55.238303,0 -132.232706,55.248002,0 -132.139663,55.239262,0 -132.139991,55.25293,0 -132.094264,55.266695,0 -132.094739,55.282604,0 -132.152418,55.32065600000001,0 -132.146434,55.339755,0 -132.174188,55.358354,0 -132.163072,55.37029099999999,0 -132.221142,55.373124,0 -132.265512,55.42421399999999,0 -132.32814,55.413422,0 -132.322566,55.40094100000001,0 -132.351433,55.414164,0 -132.361974,55.389675,0 -132.420962,55.421332,0 -132.418355,55.432909,0 -132.280604,55.444306,0 -132.318635,55.479141,0 -132.396777,55.475424,0 -132.411328,55.515289,0 -132.494369,55.495913,0 -132.524345,55.520739,0 -132.564038,55.502301,0 -132.568075,55.474363,0 -132.626904,55.468632,0 -132.667212,55.43995,0 -132.674082,55.457308,0 -132.585548,55.49873299999999,0 -132.5399,55.549591,0 -132.521119,55.55073900000001,0 -132.583062,55.571328,0 -132.529833,55.60425300000001,0 -132.498375,55.600948,0 -132.500352,55.585291,0 -132.46261,55.555949,0 -132.243043,55.4905,0 -132.178473,55.45097699999999,0 -132.143238,55.45742200000001,0 -132.143209,55.470776,0 -132.198364,55.51427899999999,0 -132.262541,55.53984,0 -132.296534,55.536121,0 -132.347263,55.603793,0 -132.355117,55.643326,0 -132.389581,55.670345,0 -132.418102,55.667664,0 -132.418099,55.644947,0 -132.455768,55.615281,0 -132.43878,55.66183199999999,0 -132.462507,55.666915,0 -132.460969,55.695741,0 -132.444128,55.71944000000001,0 -132.4932,55.759448,0 -132.469798,55.783645,0 -132.616802,55.908743,0 -132.716135,55.959324,0 -132.733741,55.984007,0 -132.82703,56.02248099999999,0 -132.839915,56.012554,0 -132.845569,56.03616000000001,0 -132.925321,56.022236,0 -132.935769,56.061182,0 -132.96721,56.061238,0 -132.970008,56.03723,0 -133.014422,56.05635,0 -133.070436,56.036576,0 -133.09348,56.046273,0 -133.133986,56.11689500000001,0 -133.109394,56.096264,0 -133.086442,56.115608,0 -133.071721,56.110116,0 -133.076895,56.131475,0 -133.046765,56.150914,0 -133.037852,56.183005,0 -133.059847,56.19291100000001,0 -133.04724,56.207535,0 -133.073861,56.246116,0 -133.114205,56.249384,0 -133.126834,56.269498,0 -133.117475,56.27529,0 -133.141761,56.279358,0 -133.173179,56.32732499999999,0 -133.273512,56.33601,0 -133.309381,56.323448,0 -133.358363,56.339501,0 -133.417139,56.32804399999999,0 -133.624802,56.35872999999999,0 -133.639063,56.34595600000001,0 -133.603002,56.311621,0 -133.649521,56.328829,0 -133.664732,56.31090300000001,0 -133.647538,56.295328,0 -133.661643,56.284263,0 -133.6279,56.24651999999999,0 -133.632386,56.21883199999999,0 -133.679468,56.211765,0 -133.649045,56.197883,0 -133.61008,56.20343999999999,0 -133.58606,56.178309,0 -133.555988,56.185997,0 -133.551834,56.16018,0 -133.535457,56.156013,0 -133.58155,56.129201,0 -133.635735,56.147736,0 -133.630827,56.13049299999999,0 -133.645005,56.119922,0 -133.625991,56.105743,0 -133.518792,56.094339,0 -133.501466,56.07895,0 -133.660454,56.08426399999999,0 -133.697768,56.071399,0 -133.708971,56.03967600000001,0 -133.81661,55.95421199999999,0 -133.79712,55.917201,0
              </coordinates>
            </LinearRing>
          </outerBoundaryIs>
        </Polygon>
      </Placemark>
      <Placemark>
        <name>Tlingit Aaní</name>
        <description>See: 2050-snapshot/domains/borders-geopolitics.md#tlingit-aani</description>
        <Polygon>
          <outerBoundaryIs>
            <LinearRing>
              <coordinates>
                -131.958786,55.154138,0 -131.977563,55.14558099999999,0 -131.960569,55.14334000000001,0 -131.958786,55.154138,0
              </coordinates>
            </LinearRing>
          </outerBoundaryIs>
        </Polygon>
      </Placemark>
      <Placemark>
        <name>Tlingit Aaní</name>
        <description>See: 2050-snapshot/domains/borders-geopolitics.md#tlingit-aani</description>
        <Polygon>
          <outerBoundaryIs>
            <LinearRing>
              <coordinates>
                -132.055929,56.018661,0 -132.043237,56.029062,0 -132.03296,56.019173,0 -132.032465,55.977556,0 -131.98342,56.014472,0 -132.029911,56.09122300000001,0 -132.06742,56.049361,0 -132.055929,56.018661,0
              </coordinates>
            </LinearRing>
          </outerBoundaryIs>
        </Polygon>
      </Placemark>
      <Placemark>
        <name>Tlingit Aaní</name>
        <description>See: 2050-snapshot/domains/borders-geopolitics.md#tlingit-aani</description>
        <Polygon>
          <outerBoundaryIs>
            <LinearRing>
              <coordinates>
                -131.990239,55.057298,0 -131.9954,55.059068,0 -131.997847,55.052524,0 -131.990239,55.057298,0
              </coordinates>
            </LinearRing>
          </outerBoundaryIs>
        </Polygon>
      </Placemark>
      <Placemark>
        <name>Tlingit Aaní</name>
        <description>See: 2050-snapshot/domains/borders-geopolitics.md#tlingit-aani</description>
        <Polygon>
          <outerBoundaryIs>
            <LinearRing>
              <coordinates>
                -132.008826,55.066346,0 -132.012351,55.068479,0 -132.012669,55.06116699999999,0 -132.008826,55.066346,0
              </coordinates>
            </LinearRing>
          </outerBoundaryIs>
        </Polygon>
      </Placemark>
      <Placemark>
        <name>Tlingit Aaní</name>
        <description>See: 2050-snapshot/domains/borders-geopolitics.md#tlingit-aani</description>
        <Polygon>
          <outerBoundaryIs>
            <LinearRing>
              <coordinates>
                -132.044639,55.991761,0 -132.049133,55.99163899999999,0 -132.042904,55.984138,0 -132.044639,55.991761,0
              </coordinates>
            </LinearRing>
          </outerBoundaryIs>
        </Polygon>
      </Placemark>
      <Placemark>
        <name>Tlingit Aaní</name>
        <description>See: 2050-snapshot/domains/borders-geopolitics.md#tlingit-aani</description>
        <Polygon>
          <outerBoundaryIs>
            <LinearRing>
              <coordinates>
                -132.069467,56.10700800000001,0 -132.075554,56.107965,0 -132.072755,56.101877,0 -132.069467,56.10700800000001,0
              </coordinates>
            </LinearRing>
          </outerBoundaryIs>
        </Polygon>
      </Placemark>
      <Placemark>
        <name>Tlingit Aaní</name>
        <description>See: 2050-snapshot/domains/borders-geopolitics.md#tlingit-aani</description>
        <Polygon>
          <outerBoundaryIs>
            <LinearRing>
              <coordinates>
                -132.071037,55.052761,0 -132.070465,55.057298,0 -132.075368,55.05269499999999,0 -132.071037,55.052761,0
              </coordinates>
            </LinearRing>
          </outerBoundaryIs>
        </Polygon>
      </Placemark>
      <Placemark>
        <name>Tlingit Aaní</name>
        <description>See: 2050-snapshot/domains/borders-geopolitics.md#tlingit-aani</description>
        <Polygon>
          <outerBoundaryIs>
            <LinearRing>
              <coordinates>
                -132.07204,55.301212,0 -132.082974,55.298371,0 -132.074298,55.29383799999999,0 -132.07204,55.301212,0
              </coordinates>
            </LinearRing>
          </outerBoundaryIs>
        </Polygon>
      </Placemark>
      <Placemark>
        <name>Tlingit Aaní</name>
        <description>See: 2050-snapshot/domains/borders-geopolitics.md#tlingit-aani</description>
        <Polygon>
          <outerBoundaryIs>
            <LinearRing>
              <coordinates>
                -132.091476,56.08116799999999,0 -132.095606,56.081858,0 -132.091634,56.078726,0 -132.091476,56.08116799999999,0
              </coordinates>
            </LinearRing>
          </outerBoundaryIs>
        </Polygon>
      </Placemark>
      <Placemark>
        <name>Tlingit Aaní</name>
        <description>See: 2050-snapshot/domains/borders-geopolitics.md#tlingit-aani</description>
        <Polygon>
          <outerBoundaryIs>
            <LinearRing>
              <coordinates>
                -132.095453,56.02392099999999,0 -132.094621,56.053065,0 -132.111497,56.044702,0 -132.117439,56.032089,0 -132.095453,56.02392099999999,0
              </coordinates>
            </LinearRing>
          </outerBoundaryIs>
        </Polygon>
      </Placemark>
      <Placemark>
        <name>Tlingit Aaní</name>
        <description>See: 2050-snapshot/domains/borders-geopolitics.md#tlingit-aani</description>
        <Polygon>
          <outerBoundaryIs>
            <LinearRing>
              <coordinates>
                -132.12717,55.437286,0 -132.110047,55.443222,0 -132.136246,55.450348,0 -132.147831,55.443585,0 -132.12717,55.437286,0
              </coordinates>
            </LinearRing>
          </outerBoundaryIs>
        </Polygon>
      </Placemark>
      <Placemark>
        <name>Tlingit Aaní</name>
        <description>See: 2050-snapshot/domains/borders-geopolitics.md#tlingit-aani</description>
        <Polygon>
          <outerBoundaryIs>
            <LinearRing>
              <coordinates>
                -132.112302,55.229373,0 -132.11554,55.229949,0 -132.119514,55.224955,0 -132.112302,55.229373,0
              </coordinates>
            </LinearRing>
          </outerBoundaryIs>
        </Polygon>
      </Placemark>
      <Placemark>
        <name>Tlingit Aaní</name>
        <description>See: 2050-snapshot/domains/borders-geopolitics.md#tlingit-aani</description>
        <Polygon>
          <outerBoundaryIs>
            <LinearRing>
              <coordinates>
                -132.123837,55.93310100000001,0 -132.126833,55.93372,0 -132.126247,55.929458,0 -132.123837,55.93310100000001,0
              </coordinates>
            </LinearRing>
          </outerBoundaryIs>
        </Polygon>
      </Placemark>
      <Placemark>
        <name>Tlingit Aaní</name>
        <description>See: 2050-snapshot/domains/borders-geopolitics.md#tlingit-aani</description>
        <Polygon>
          <outerBoundaryIs>
            <LinearRing>
              <coordinates>
                -132.137817,56.060013,0 -132.143182,56.066033,0 -132.144983,56.059193,0 -132.137817,56.060013,0
              </coordinates>
            </LinearRing>
          </outerBoundaryIs>
        </Polygon>
      </Placemark>
      <Placemark>
        <name>Tlingit Aaní</name>
        <description>See: 2050-snapshot/domains/borders-geopolitics.md#tlingit-aani</description>
        <Polygon>
          <outerBoundaryIs>
            <LinearRing>
              <coordinates>
                -132.142043,56.149024,0 -132.14279,56.151304,0 -132.146902,56.149083,0 -132.142043,56.149024,0
              </coordinates>
            </LinearRing>
          </outerBoundaryIs>
        </Polygon>
      </Placemark>
      <Placemark>
        <name>Tlingit Aaní</name>
        <description>See: 2050-snapshot/domains/borders-geopolitics.md#tlingit-aani</description>
        <Polygon>
          <outerBoundaryIs>
            <LinearRing>
              <coordinates>
                -132.158527,55.92295300000001,0 -132.166478,55.925051,0 -132.183565,55.91961499999999,0 -132.158527,55.92295300000001,0
              </coordinates>
            </LinearRing>
          </outerBoundaryIs>
        </Polygon>
      </Placemark>
      <Placemark>
        <name>Tlingit Aaní</name>
        <description>See: 2050-snapshot/domains/borders-geopolitics.md#tlingit-aani</description>
        <Polygon>
          <outerBoundaryIs>
            <LinearRing>
              <coordinates>
                -132.169133,55.395068,0 -132.162715,55.399656,0 -132.198245,55.40647299999999,0 -132.212866,55.402087,0 -132.169133,55.395068,0
              </coordinates>
            </LinearRing>
          </outerBoundaryIs>
        </Polygon>
      </Placemark>
      <Placemark>
        <name>Tlingit Aaní</name>
        <description>See: 2050-snapshot/domains/borders-geopolitics.md#tlingit-aani</description>
        <Polygon>
          <outerBoundaryIs>
            <LinearRing>
              <coordinates>
                -132.352503,55.49052,0 -132.320772,55.49139499999999,0 -132.347392,55.505329,0 -132.382213,55.503512,0 -132.352503,55.49052,0
              </coordinates>
            </LinearRing>
          </outerBoundaryIs>
        </Polygon>
      </Placemark>
      <Placemark>
        <name>Tlingit Aaní</name>
        <description>See: 2050-snapshot/domains/borders-geopolitics.md#tlingit-aani</description>
        <Polygon>
          <outerBoundaryIs>
            <LinearRing>
              <coordinates>
                -132.380804,55.516361,0 -132.38348,55.51686,0 -132.382677,55.513282,0 -132.380804,55.516361,0
              </coordinates>
            </LinearRing>
          </outerBoundaryIs>
        </Polygon>
      </Placemark>
      <Placemark>
        <name>Tlingit Aaní</name>
        <description>See: 2050-snapshot/domains/borders-geopolitics.md#tlingit-aani</description>
        <Polygon>
          <outerBoundaryIs>
            <LinearRing>
              <coordinates>
                -132.440205,56.56792100000001,0 -132.408359,56.58507,0 -132.400818,56.606926,0 -132.451616,56.59619399999999,0 -132.484654,56.565825,0 -132.440205,56.56792100000001,0
              </coordinates>
            </LinearRing>
          </outerBoundaryIs>
        </Polygon>
      </Placemark>
      <Placemark>
        <name>Tlingit Aaní</name>
        <description>See: 2050-snapshot/domains/borders-geopolitics.md#tlingit-aani</description>
        <Polygon>
          <outerBoundaryIs>
            <LinearRing>
              <coordinates>
                -132.559876,56.373868,0 -132.522085,56.353858,0 -132.449357,56.37413299999999,0 -132.438434,56.390051,0 -132.401821,56.38492400000001,0 -132.406814,56.40899700000001,0 -132.492613,56.44028,0 -132.56178,56.393608,0 -132.559876,56.373868,0
              </coordinates>
            </LinearRing>
          </outerBoundaryIs>
        </Polygon>
      </Placemark>
      <Placemark>
        <name>Tlingit Aaní</name>
        <description>See: 2050-snapshot/domains/borders-geopolitics.md#tlingit-aani</description>
        <Polygon>
          <outerBoundaryIs>
            <LinearRing>
              <coordinates>
                -132.408359,55.91738,0 -132.408478,55.921309,0 -132.413872,55.91782,0 -132.408359,55.91738,0
              </coordinates>
            </LinearRing>
          </outerBoundaryIs>
        </Polygon>
      </Placemark>
      <Placemark>
        <name>Tlingit Aaní</name>
        <description>See: 2050-snapshot/domains/borders-geopolitics.md#tlingit-aani</description>
        <Polygon>
          <outerBoundaryIs>
            <LinearRing>
              <coordinates>
                -132.454469,56.511963,0 -132.443298,56.53818299999999,0 -132.475147,56.544604,0 -132.477524,56.517078,0 -132.454469,56.511963,0
              </coordinates>
            </LinearRing>
          </outerBoundaryIs>
        </Polygon>
      </Placemark>
      <Placemark>
        <name>Tlingit Aaní</name>
        <description>See: 2050-snapshot/domains/borders-geopolitics.md#tlingit-aani</description>
        <Polygon>
          <outerBoundaryIs>
            <LinearRing>
              <coordinates>
                -132.475384,56.500159,0 -132.485605,56.50501200000001,0 -132.481564,56.49674799999999,0 -132.475384,56.500159,0
              </coordinates>
            </LinearRing>
          </outerBoundaryIs>
        </Polygon>
      </Placemark>
      <Placemark>
        <name>Tlingit Aaní</name>
        <description>See: 2050-snapshot/domains/borders-geopolitics.md#tlingit-aani</description>
        <Polygon>
          <outerBoundaryIs>
            <LinearRing>
              <coordinates>
                -132.493686,56.055392,0 -132.498558,56.056184,0 -132.499469,56.05193400000001,0 -132.493686,56.055392,0
              </coordinates>
            </LinearRing>
          </outerBoundaryIs>
        </Polygon>
      </Placemark>
      <Placemark>
        <name>Tlingit Aaní</name>
        <description>See: 2050-snapshot/domains/borders-geopolitics.md#tlingit-aani</description>
        <Polygon>
          <outerBoundaryIs>
            <LinearRing>
              <coordinates>
                -132.514035,55.581291,0 -132.516072,55.585816,0 -132.517432,55.580257,0 -132.514035,55.581291,0
              </coordinates>
            </LinearRing>
          </outerBoundaryIs>
        </Polygon>
      </Placemark>
      <Placemark>
        <name>Tlingit Aaní</name>
        <description>See: 2050-snapshot/domains/borders-geopolitics.md#tlingit-aani</description>
        <Polygon>
          <outerBoundaryIs>
            <LinearRing>
              <coordinates>
                -132.536468,56.513537,0 -132.519355,56.56019299999999,0 -132.544074,56.556002,0 -132.567129,56.52612400000001,0 -132.536468,56.513537,0
              </coordinates>
            </LinearRing>
          </outerBoundaryIs>
        </Polygon>
      </Placemark>
      <Placemark>
        <name>Tlingit Aaní</name>
        <description>See: 2050-snapshot/domains/borders-geopolitics.md#tlingit-aani</description>
        <Polygon>
          <outerBoundaryIs>
            <LinearRing>
              <coordinates>
                -132.524077,55.582881,0 -132.527041,55.587632,0 -132.52797,55.582278,0 -132.524077,55.582881,0
              </coordinates>
            </LinearRing>
          </outerBoundaryIs>
        </Polygon>
      </Placemark>
      <Placemark>
        <name>Tlingit Aaní</name>
        <description>See: 2050-snapshot/domains/borders-geopolitics.md#tlingit-aani</description>
        <Polygon>
          <outerBoundaryIs>
            <LinearRing>
              <coordinates>
                -132.538772,55.59025099999999,0 -132.544497,55.591565,0 -132.537712,55.584802,0 -132.538772,55.59025099999999,0
              </coordinates>
            </LinearRing>
          </outerBoundaryIs>
        </Polygon>
      </Placemark>
      <Placemark>
        <name>Tlingit Aaní</name>
        <description>See: 2050-snapshot/domains/borders-geopolitics.md#tlingit-aani</description>
        <Polygon>
          <outerBoundaryIs>
            <LinearRing>
              <coordinates>
                -134.39119,56.773726,0 -134.40047,56.726742,0 -134.366957,56.671674,0 -134.343658,56.67283599999999,0 -134.33178,56.64789900000001,0 -134.298977,56.64893899999999,0 -134.278533,56.628761,0 -134.302783,56.617442,0 -134.29398,56.576529,0 -134.320134,56.554484,0 -134.261908,56.55933,0 -134.201799,56.541253,0 -134.124092,56.457899,0 -134.157086,56.436666,0 -134.134037,56.403423,0 -134.127007,56.380326,0 -134.137574,56.379728,0 -134.213891,56.47633,0 -134.24574,56.463332,0 -134.253109,56.441659,0 -134.238624,56.43057600000001,0 -134.250494,56.41511199999999,0 -134.231973,56.395852,0 -134.248665,56.370902,0 -134.292801,56.354056,0 -134.273087,56.315636,0 -134.294702,56.309519,0 -134.299456,56.289605,0 -134.250019,56.288286,0 -134.232919,56.31228,0 -134.172819,56.327425,0 -134.205812,56.310703,0 -134.22387,56.27878900000001,0 -134.27759,56.257404,0 -134.246938,56.205351,0 -134.263329,56.16355500000001,0 -134.209373,56.155196,0 -134.261427,56.130719,0 -134.210906,56.103981,0 -134.235996,56.06934200000001,0 -134.155459,56.049053,0 -134.180616,56.029653,0 -134.137121,56.001355,0 -134.110738,56.049569,0 -134.153291,56.088785,0 -134.121909,56.070138,0 -134.092675,56.087911,0 -134.11311,56.10634,0 -134.104083,56.142903,0 -134.166073,56.139199,0 -134.18816,56.15432,0 -134.170634,56.16355500000001,0 -134.199841,56.180108,0 -134.140924,56.16342299999999,0 -134.098141,56.174406,0 -134.097197,56.23133199999999,0 -134.073898,56.24156,0 -134.080292,56.313355,0 -134.050124,56.294732,0 -134.042107,56.253058,0 -134.060826,56.238918,0 -134.059162,56.21711799999999,0 -134.024226,56.17198900000001,0 -134.043713,56.10806199999999,0 -133.994275,56.079821,0 -133.957912,56.093743,0 -133.960502,56.13034999999999,0 -133.928675,56.142773,0 -133.950065,56.188757,0 -133.941986,56.19900700000001,0 -133.955978,56.205469,0 -133.921335,56.212229,0 -133.905858,56.199668,0 -133.88114,56.223197,0 -133.934855,56.300289,0 -133.975909,56.315846,0 -133.960525,56.32704999999999,0 -133.984057,56.342974,0 -133.953376,56.34601,0 -133.876624,56.275884,0 -133.851667,56.286571,0 -133.866868,56.303954,0 -133.831465,56.322964,0 -133.871633,56.363799,0 -133.929032,56.375653,0 -133.913226,56.391174,0 -133.921268,56.402614,0 -133.887557,56.380779,0 -133.874722,56.39591000000001,0 -133.907024,56.438779,0 -133.834792,56.430096,0 -133.860699,56.47738,0 -133.931019,56.499635,0 -133.930055,56.51399,0 -133.873534,56.52054,0 -133.861888,56.545051,0 -133.878255,56.55882800000001,0 -133.841209,56.568892,0 -133.90201,56.61339,0 -133.83977,56.60814500000001,0 -133.795844,56.580155,0 -133.783469,56.563863,0 -133.793196,56.55710300000001,0 -133.738532,56.559068,0 -133.693373,56.59651,0 -133.69906,56.612207,0 -133.679401,56.615643,0 -133.655138,56.590466,0 -133.711674,56.575961,0 -133.715239,56.54793299999999,0 -133.683655,56.564955,0 -133.664601,56.553258,0 -133.685529,56.514509,0 -133.666522,56.502964,0 -133.671506,56.46188699999999,0 -133.651166,56.437205,0 -133.5247,56.435863,0 -133.43579,56.455929,0 -133.41744,56.473984,0 -133.43957,56.48657299999999,0 -133.435669,56.504277,0 -133.372953,56.495739,0 -133.349331,56.470127,0 -133.254294,56.476817,0 -133.255804,56.46526899999999,0 -133.23893,56.467757,0 -133.245824,56.456274,0 -133.22502,56.467564,0 -133.227877,56.45647,0 -133.191155,56.448064,0 -133.125675,56.477412,0 -133.138023,56.53623799999999,0 -133.051878,56.533134,0 -132.992334,56.510673,0 -132.971525,56.53928199999999,0 -132.94278,56.50742700000001,0 -132.774867,56.49957799999999,0 -132.541577,56.586302,0 -132.54538,56.608154,0 -132.59695,56.614693,0 -132.627836,56.64422,0 -132.620962,56.668539,0 -132.737841,56.712644,0 -132.765233,56.75568,0 -132.817998,56.791625,0 -132.913486,56.804376,0 -132.944153,56.826718,0 -132.951812,56.87588300000001,0 -132.986276,56.931949,0 -133.105353,57.00204399999999,0 -133.410695,57.007818,0 -133.597385,57.057425,0 -133.910612,57.09887000000001,0 -134.02826,57.06347900000001,0 -134.017807,57.038159,0 -134.050516,57.024234,0 -133.890418,56.946605,0 -133.928438,56.940508,0 -133.873304,56.91496299999999,0 -133.898253,56.893283,0 -133.883279,56.86679000000001,0 -133.858314,56.859879,0 -133.868067,56.844568,0 -133.826465,56.85522399999999,0 -133.835268,56.83559799999999,0 -133.758291,56.82523700000001,0 -133.771027,56.807759,0 -133.723333,56.812178,0 -133.757581,56.78513099999999,0 -133.82055,56.779909,0 -133.813876,56.80125700000001,0 -133.892309,56.80568199999999,0 -133.891598,56.79032299999999,0 -133.867852,56.78186800000001,0 -133.863794,56.75207000000001,0 -133.899171,56.70406299999999,0 -133.941683,56.73494099999999,0 -133.907522,56.759849,0 -133.927466,56.76099800000001,0 -133.942936,56.80555100000001,0 -133.966714,56.805849,0 -133.968844,56.831307,0 -133.999512,56.82457500000001,0 -134.044188,56.92027599999999,0 -134.141399,56.95593400000001,0 -134.159541,56.915461,0 -134.273074,56.931431,0 -134.154247,56.885499,0 -134.161602,56.877961,0 -134.143558,56.872588,0 -134.159463,56.867439,0 -134.135166,56.84970499999999,0 -134.164198,56.847168,0 -134.283296,56.90405699999999,0 -134.319659,56.907171,0 -134.409739,56.855876,0 -134.422099,56.832867,0 -134.39119,56.773726,0
              </coordinates>
            </LinearRing>
          </outerBoundaryIs>
        </Polygon>
      </Placemark>
      <Placemark>
        <name>Tlingit Aaní</name>
        <description>See: 2050-snapshot/domains/borders-geopolitics.md#tlingit-aani</description>
        <Polygon>
          <outerBoundaryIs>
            <LinearRing>
              <coordinates>
                -132.590421,56.487169,0 -132.557859,56.49556699999999,0 -132.58234,56.513537,0 -132.616804,56.50304500000001,0 -132.590421,56.487169,0
              </coordinates>
            </LinearRing>
          </outerBoundaryIs>
        </Polygon>
      </Placemark>
      <Placemark>
        <name>Tlingit Aaní</name>
        <description>See: 2050-snapshot/domains/borders-geopolitics.md#tlingit-aani</description>
        <Polygon>
          <outerBoundaryIs>
            <LinearRing>
              <coordinates>
                -132.604087,56.449213,0 -132.575327,56.46116499999999,0 -132.625238,56.489387,0 -132.653762,56.477051,0 -132.604087,56.449213,0
              </coordinates>
            </LinearRing>
          </outerBoundaryIs>
        </Polygon>
      </Placemark>
      <Placemark>
        <name>Tlingit Aaní</name>
        <description>See: 2050-snapshot/domains/borders-geopolitics.md#tlingit-aani</description>
        <Polygon>
          <outerBoundaryIs>
            <LinearRing>
              <coordinates>
                -132.811581,54.906893,0 -132.803975,54.86793,0 -132.70451,54.81500799999999,0 -132.677886,54.766383,0 -132.635223,54.749514,0 -132.61086,54.766383,0 -132.625597,54.805033,0 -132.69508,54.844807,0 -132.626428,54.844466,0 -132.658155,54.861304,0 -132.653185,54.874691,0 -132.623101,54.87271699999999,0 -132.653762,54.908054,0 -132.725541,54.91954200000001,0 -132.711755,54.929979,0 -132.725425,54.940152,0 -132.829526,54.921101,0 -132.811581,54.906893,0
              </coordinates>
            </LinearRing>
          </outerBoundaryIs>
        </Polygon>
      </Placemark>
      <Placemark>
        <name>Tlingit Aaní</name>
        <description>See: 2050-snapshot/domains/borders-geopolitics.md#tlingit-aani</description>
        <Polygon>
          <outerBoundaryIs>
            <LinearRing>
              <coordinates>
                -133.066017,56.330904,0 -132.9597,56.29551600000001,0 -132.858523,56.232676,0 -132.659109,56.275917,0 -132.651385,56.29662900000001,0 -132.677996,56.35047999999999,0 -132.621794,56.390286,0 -132.632965,56.422308,0 -132.716271,56.456733,0 -132.811591,56.440445,0 -132.927688,56.458178,0 -133.011351,56.42474,0 -133.070058,56.355208,0 -133.066017,56.330904,0
              </coordinates>
            </LinearRing>
          </outerBoundaryIs>
        </Polygon>
      </Placemark>
      <Placemark>
        <name>Tlingit Aaní</name>
        <description>See: 2050-snapshot/domains/borders-geopolitics.md#tlingit-aani</description>
        <Polygon>
          <outerBoundaryIs>
            <LinearRing>
              <coordinates>
                -132.691736,55.094139,0 -132.697851,55.092708,0 -132.692418,55.086638,0 -132.691736,55.094139,0
              </coordinates>
            </LinearRing>
          </outerBoundaryIs>
        </Polygon>
      </Placemark>
      <Placemark>
        <name>Tlingit Aaní</name>
        <description>See: 2050-snapshot/domains/borders-geopolitics.md#tlingit-aani</description>
        <Polygon>
          <outerBoundaryIs>
            <LinearRing>
              <coordinates>
                -132.710687,56.114402,0 -132.712232,56.11745,0 -132.714838,56.11240600000001,0 -132.710687,56.114402,0
              </coordinates>
            </LinearRing>
          </outerBoundaryIs>
        </Polygon>
      </Placemark>
      <Placemark>
        <name>Tlingit Aaní</name>
        <description>See: 2050-snapshot/domains/borders-geopolitics.md#tlingit-aani</description>
        <Polygon>
          <outerBoundaryIs>
            <LinearRing>
              <coordinates>
                -132.716232,54.977161,0 -132.723406,54.988916,0 -132.732713,54.983452,0 -132.716232,54.977161,0
              </coordinates>
            </LinearRing>
          </outerBoundaryIs>
        </Polygon>
      </Placemark>
      <Placemark>
        <name>Tlingit Aaní</name>
        <description>See: 2050-snapshot/domains/borders-geopolitics.md#tlingit-aani</description>
        <Polygon>
          <outerBoundaryIs>
            <LinearRing>
              <coordinates>
                -132.763391,56.493719,0 -132.767848,56.496408,0 -132.767138,56.491816,0 -132.763391,56.493719,0
              </coordinates>
            </LinearRing>
          </outerBoundaryIs>
        </Polygon>
      </Placemark>
      <Placemark>
        <name>Tlingit Aaní</name>
        <description>See: 2050-snapshot/domains/borders-geopolitics.md#tlingit-aani</description>
        <Polygon>
          <outerBoundaryIs>
            <LinearRing>
              <coordinates>
                -132.836324,54.966137,0 -132.848645,54.971159,0 -132.837387,54.963067,0 -132.836324,54.966137,0
              </coordinates>
            </LinearRing>
          </outerBoundaryIs>
        </Polygon>
      </Placemark>
      <Placemark>
        <name>Tlingit Aaní</name>
        <description>See: 2050-snapshot/domains/borders-geopolitics.md#tlingit-aani</description>
        <Polygon>
          <outerBoundaryIs>
            <LinearRing>
              <coordinates>
                -132.896433,56.099744,0 -132.84854,56.114721,0 -132.879201,56.146578,0 -132.924598,56.148498,0 -132.941354,56.125321,0 -132.896433,56.099744,0
              </coordinates>
            </LinearRing>
          </outerBoundaryIs>
        </Polygon>
      </Placemark>
      <Placemark>
        <name>Tlingit Aaní</name>
        <description>See: 2050-snapshot/domains/borders-geopolitics.md#tlingit-aani</description>
        <Polygon>
          <outerBoundaryIs>
            <LinearRing>
              <coordinates>
                -132.850813,54.959301,0 -132.864146,54.976258,0 -132.861275,54.958449,0 -132.850813,54.959301,0
              </coordinates>
            </LinearRing>
          </outerBoundaryIs>
        </Polygon>
      </Placemark>
      <Placemark>
        <name>Tlingit Aaní</name>
        <description>See: 2050-snapshot/domains/borders-geopolitics.md#tlingit-aani</description>
        <Polygon>
          <outerBoundaryIs>
            <LinearRing>
              <coordinates>
                -132.860325,54.95117199999999,0 -132.872676,54.955967,0 -132.869494,54.949153,0 -132.860325,54.95117199999999,0
              </coordinates>
            </LinearRing>
          </outerBoundaryIs>
        </Polygon>
      </Placemark>
      <Placemark>
        <name>Tlingit Aaní</name>
        <description>See: 2050-snapshot/domains/borders-geopolitics.md#tlingit-aani</description>
        <Polygon>
          <outerBoundaryIs>
            <LinearRing>
              <coordinates>
                -132.878844,56.162595,0 -132.886179,56.173399,0 -132.890015,56.169014,0 -132.878844,56.162595,0
              </coordinates>
            </LinearRing>
          </outerBoundaryIs>
        </Polygon>
      </Placemark>
      <Placemark>
        <name>Tlingit Aaní</name>
        <description>See: 2050-snapshot/domains/borders-geopolitics.md#tlingit-aani</description>
        <Polygon>
          <outerBoundaryIs>
            <LinearRing>
              <coordinates>
                -132.888233,55.068218,0 -132.895363,55.096788,0 -132.934818,55.079648,0 -132.913427,55.043849,0 -132.888233,55.068218,0
              </coordinates>
            </LinearRing>
          </outerBoundaryIs>
        </Polygon>
      </Placemark>
      <Placemark>
        <name>Tlingit Aaní</name>
        <description>See: 2050-snapshot/domains/borders-geopolitics.md#tlingit-aani</description>
        <Polygon>
          <outerBoundaryIs>
            <LinearRing>
              <coordinates>
                -132.948366,56.16418400000001,0 -132.892749,56.157698,0 -132.963458,56.19864400000001,0 -133.004339,56.197189,0 -132.948366,56.16418400000001,0
              </coordinates>
            </LinearRing>
          </outerBoundaryIs>
        </Polygon>
      </Placemark>
      <Placemark>
        <name>Tlingit Aaní</name>
        <description>See: 2050-snapshot/domains/borders-geopolitics.md#tlingit-aani</description>
        <Polygon>
          <outerBoundaryIs>
            <LinearRing>
              <coordinates>
                -132.905822,56.888426,0 -132.91224,56.89271,0 -132.916041,56.887647,0 -132.905822,56.888426,0
              </coordinates>
            </LinearRing>
          </outerBoundaryIs>
        </Polygon>
      </Placemark>
      <Placemark>
        <name>Tlingit Aaní</name>
        <description>See: 2050-snapshot/domains/borders-geopolitics.md#tlingit-aani</description>
        <Polygon>
          <outerBoundaryIs>
            <LinearRing>
              <coordinates>
                -132.912595,56.200296,0 -132.924717,56.202875,0 -132.918656,56.18998199999999,0 -132.912595,56.200296,0
              </coordinates>
            </LinearRing>
          </outerBoundaryIs>
        </Polygon>
      </Placemark>
      <Placemark>
        <name>Tlingit Aaní</name>
        <description>See: 2050-snapshot/domains/borders-geopolitics.md#tlingit-aani</description>
        <Polygon>
          <outerBoundaryIs>
            <LinearRing>
              <coordinates>
                -132.967618,56.20532,0 -132.91509,56.207898,0 -132.960487,56.240932,0 -133.006003,56.24311200000001,0 -132.996115,56.23061199999999,0 -133.007786,56.224683,0 -132.967618,56.20532,0
              </coordinates>
            </LinearRing>
          </outerBoundaryIs>
        </Polygon>
      </Placemark>
      <Placemark>
        <name>Tlingit Aaní</name>
        <description>See: 2050-snapshot/domains/borders-geopolitics.md#tlingit-aani</description>
        <Polygon>
          <outerBoundaryIs>
            <LinearRing>
              <coordinates>
                -132.930303,56.888296,0 -132.933156,56.89764300000001,0 -132.937196,56.888556,0 -132.930303,56.888296,0
              </coordinates>
            </LinearRing>
          </outerBoundaryIs>
        </Polygon>
      </Placemark>
      <Placemark>
        <name>Tlingit Aaní</name>
        <description>See: 2050-snapshot/domains/borders-geopolitics.md#tlingit-aani</description>
        <Polygon>
          <outerBoundaryIs>
            <LinearRing>
              <coordinates>
                -132.94278,56.138368,0 -132.945224,56.142233,0 -132.946345,56.13797100000001,0 -132.94278,56.138368,0
              </coordinates>
            </LinearRing>
          </outerBoundaryIs>
        </Polygon>
      </Placemark>
      <Placemark>
        <name>Tlingit Aaní</name>
        <description>See: 2050-snapshot/domains/borders-geopolitics.md#tlingit-aani</description>
        <Polygon>
          <outerBoundaryIs>
            <LinearRing>
              <coordinates>
                -132.966905,56.249979,0 -132.960487,56.271298,0 -132.996733,56.276841,0 -133.005646,56.255458,0 -132.966905,56.249979,0
              </coordinates>
            </LinearRing>
          </outerBoundaryIs>
        </Polygon>
      </Placemark>
      <Placemark>
        <name>Tlingit Aaní</name>
        <description>See: 2050-snapshot/domains/borders-geopolitics.md#tlingit-aani</description>
        <Polygon>
          <outerBoundaryIs>
            <LinearRing>
              <coordinates>
                -132.989009,55.157669,0 -132.965716,55.17301,0 -132.986391,55.173147,0 -133.014441,55.162828,0 -132.989009,55.157669,0
              </coordinates>
            </LinearRing>
          </outerBoundaryIs>
        </Polygon>
      </Placemark>
      <Placemark>
        <name>Tlingit Aaní</name>
        <description>See: 2050-snapshot/domains/borders-geopolitics.md#tlingit-aani</description>
        <Polygon>
          <outerBoundaryIs>
            <LinearRing>
              <coordinates>
                -133.001368,56.154521,0 -132.970708,56.15352800000001,0 -132.988296,56.181186,0 -133.012658,56.186345,0 -133.001368,56.154521,0
              </coordinates>
            </LinearRing>
          </outerBoundaryIs>
        </Polygon>
      </Placemark>
      <Placemark>
        <name>Tlingit Aaní</name>
        <description>See: 2050-snapshot/domains/borders-geopolitics.md#tlingit-aani</description>
        <Polygon>
          <outerBoundaryIs>
            <LinearRing>
              <coordinates>
                -133.052588,56.05521,0 -132.986632,56.059258,0 -132.976861,56.07390999999999,0 -133.002885,56.11663899999999,0 -133.035088,56.11404799999999,0 -133.059124,56.134097,0 -133.056702,56.110912,0 -133.080753,56.086585,0 -133.052588,56.05521,0
              </coordinates>
            </LinearRing>
          </outerBoundaryIs>
        </Polygon>
      </Placemark>
      <Placemark>
        <name>Tlingit Aaní</name>
        <description>See: 2050-snapshot/domains/borders-geopolitics.md#tlingit-aani</description>
        <Polygon>
          <outerBoundaryIs>
            <LinearRing>
              <coordinates>
                -133.021627,56.23715600000001,0 -133.024111,56.237737,0 -133.021825,56.234886,0 -133.021627,56.23715600000001,0
              </coordinates>
            </LinearRing>
          </outerBoundaryIs>
        </Polygon>
      </Placemark>
      <Placemark>
        <name>Tlingit Aaní</name>
        <description>See: 2050-snapshot/domains/borders-geopolitics.md#tlingit-aani</description>
        <Polygon>
          <outerBoundaryIs>
            <LinearRing>
              <coordinates>
                -133.112008,56.44950900000001,0 -133.055084,56.462905,0 -133.076359,56.47334300000001,0 -133.127338,56.459688,0 -133.112008,56.44950900000001,0
              </coordinates>
            </LinearRing>
          </outerBoundaryIs>
        </Polygon>
      </Placemark>
      <Placemark>
        <name>Tlingit Aaní</name>
        <description>See: 2050-snapshot/domains/borders-geopolitics.md#tlingit-aani</description>
        <Polygon>
          <outerBoundaryIs>
            <LinearRing>
              <coordinates>
                -133.066947,56.508102,0 -133.069558,56.515469,0 -133.07065,56.507822,0 -133.066947,56.508102,0
              </coordinates>
            </LinearRing>
          </outerBoundaryIs>
        </Polygon>
      </Placemark>
      <Placemark>
        <name>Tlingit Aaní</name>
        <description>See: 2050-snapshot/domains/borders-geopolitics.md#tlingit-aani</description>
        <Polygon>
          <outerBoundaryIs>
            <LinearRing>
              <coordinates>
                -133.068632,56.047047,0 -133.075287,56.06045200000001,0 -133.078495,56.047578,0 -133.068632,56.047047,0
              </coordinates>
            </LinearRing>
          </outerBoundaryIs>
        </Polygon>
      </Placemark>
      <Placemark>
        <name>Tlingit Aaní</name>
        <description>See: 2050-snapshot/domains/borders-geopolitics.md#tlingit-aani</description>
        <Polygon>
          <outerBoundaryIs>
            <LinearRing>
              <coordinates>
                -133.088938,56.51578299999999,0 -133.089642,56.52152999999999,0 -133.092035,56.51488199999999,0 -133.088938,56.51578299999999,0
              </coordinates>
            </LinearRing>
          </outerBoundaryIs>
        </Polygon>
      </Placemark>
      <Placemark>
        <name>Tlingit Aaní</name>
        <description>See: 2050-snapshot/domains/borders-geopolitics.md#tlingit-aani</description>
        <Polygon>
          <outerBoundaryIs>
            <LinearRing>
              <coordinates>
                -133.102237,55.43027399999999,0 -133.116991,55.444554,0 -133.115544,55.434372,0 -133.102237,55.43027399999999,0
              </coordinates>
            </LinearRing>
          </outerBoundaryIs>
        </Polygon>
      </Placemark>
      <Placemark>
        <name>Tlingit Aaní</name>
        <description>See: 2050-snapshot/domains/borders-geopolitics.md#tlingit-aani</description>
        <Polygon>
          <outerBoundaryIs>
            <LinearRing>
              <coordinates>
                -133.1669,55.47743200000001,0 -133.157769,55.489391,0 -133.172819,55.50276600000001,0 -133.181413,55.489135,0 -133.1669,55.47743200000001,0
              </coordinates>
            </LinearRing>
          </outerBoundaryIs>
        </Polygon>
      </Placemark>
      <Placemark>
        <name>Tlingit Aaní</name>
        <description>See: 2050-snapshot/domains/borders-geopolitics.md#tlingit-aani</description>
        <Polygon>
          <outerBoundaryIs>
            <LinearRing>
              <coordinates>
                -133.1699,55.560196,0 -133.180564,55.562026,0 -133.177145,55.550798,0 -133.1699,55.560196,0
              </coordinates>
            </LinearRing>
          </outerBoundaryIs>
        </Polygon>
      </Placemark>
      <Placemark>
        <name>Tlingit Aaní</name>
        <description>See: 2050-snapshot/domains/borders-geopolitics.md#tlingit-aani</description>
        <Polygon>
          <outerBoundaryIs>
            <LinearRing>
              <coordinates>
                -133.307143,55.400062,0 -133.253903,55.405731,0 -133.232512,55.443632,0 -133.297398,55.44498000000001,0 -133.327108,55.412612,0 -133.307143,55.400062,0
              </coordinates>
            </LinearRing>
          </outerBoundaryIs>
        </Polygon>
      </Placemark>
      <Placemark>
        <name>Tlingit Aaní</name>
        <description>See: 2050-snapshot/domains/borders-geopolitics.md#tlingit-aani</description>
        <Polygon>
          <outerBoundaryIs>
            <LinearRing>
              <coordinates>
                -133.252882,55.175485,0 -133.259165,55.179717,0 -133.254545,55.173923,0 -133.252882,55.175485,0
              </coordinates>
            </LinearRing>
          </outerBoundaryIs>
        </Polygon>
      </Placemark>
      <Placemark>
        <name>Tlingit Aaní</name>
        <description>See: 2050-snapshot/domains/borders-geopolitics.md#tlingit-aani</description>
        <Polygon>
          <outerBoundaryIs>
            <LinearRing>
              <coordinates>
                -133.278029,57.301665,0 -133.283733,57.309497,0 -133.283258,57.30076699999999,0 -133.278029,57.301665,0
              </coordinates>
            </LinearRing>
          </outerBoundaryIs>
        </Polygon>
      </Placemark>
      <Placemark>
        <name>Tlingit Aaní</name>
        <description>See: 2050-snapshot/domains/borders-geopolitics.md#tlingit-aani</description>
        <Polygon>
          <outerBoundaryIs>
            <LinearRing>
              <coordinates>
                -133.407187,55.496147,0 -133.412196,55.473009,0 -133.360859,55.44902400000001,0 -133.27981,55.503983,0 -133.28908,55.54878300000001,0 -133.317363,55.569215,0 -133.415763,55.56881199999999,0 -133.448973,55.555123,0 -133.440126,55.546373,0 -133.455693,55.532241,0 -133.407187,55.496147,0
              </coordinates>
            </LinearRing>
          </outerBoundaryIs>
        </Polygon>
      </Placemark>
      <Placemark>
        <name>Tlingit Aaní</name>
        <description>See: 2050-snapshot/domains/borders-geopolitics.md#tlingit-aani</description>
        <Polygon>
          <outerBoundaryIs>
            <LinearRing>
              <coordinates>
                -133.295154,56.45974200000001,0 -133.303418,56.46287100000001,0 -133.298125,56.45711300000001,0 -133.295154,56.45974200000001,0
              </coordinates>
            </LinearRing>
          </outerBoundaryIs>
        </Polygon>
      </Placemark>
      <Placemark>
        <name>Tlingit Aaní</name>
        <description>See: 2050-snapshot/domains/borders-geopolitics.md#tlingit-aani</description>
        <Polygon>
          <outerBoundaryIs>
            <LinearRing>
              <coordinates>
                -133.30041,55.576802,0 -133.301219,55.583286,0 -133.309486,55.580697,0 -133.30041,55.576802,0
              </coordinates>
            </LinearRing>
          </outerBoundaryIs>
        </Polygon>
      </Placemark>
      <Placemark>
        <name>Tlingit Aaní</name>
        <description>See: 2050-snapshot/domains/borders-geopolitics.md#tlingit-aani</description>
        <Polygon>
          <outerBoundaryIs>
            <LinearRing>
              <coordinates>
                -133.339834,55.731721,0 -133.345792,55.739036,0 -133.350812,55.73316,0 -133.339834,55.731721,0
              </coordinates>
            </LinearRing>
          </outerBoundaryIs>
        </Polygon>
      </Placemark>
      <Placemark>
        <name>Tlingit Aaní</name>
        <description>See: 2050-snapshot/domains/borders-geopolitics.md#tlingit-aani</description>
        <Polygon>
          <outerBoundaryIs>
            <LinearRing>
              <coordinates>
                -133.387361,55.356275,0 -133.391618,55.35677,0 -133.391007,55.353564,0 -133.387361,55.356275,0
              </coordinates>
            </LinearRing>
          </outerBoundaryIs>
        </Polygon>
      </Placemark>
      <Placemark>
        <name>Tlingit Aaní</name>
        <description>See: 2050-snapshot/domains/borders-geopolitics.md#tlingit-aani</description>
        <Polygon>
          <outerBoundaryIs>
            <LinearRing>
              <coordinates>
                -133.40246,55.718643,0 -133.413039,55.723565,0 -133.405465,55.70916,0 -133.40246,55.718643,0
              </coordinates>
            </LinearRing>
          </outerBoundaryIs>
        </Polygon>
      </Placemark>
      <Placemark>
        <name>Tlingit Aaní</name>
        <description>See: 2050-snapshot/domains/borders-geopolitics.md#tlingit-aani</description>
        <Polygon>
          <outerBoundaryIs>
            <LinearRing>
              <coordinates>
                -133.662317,55.301607,0 -133.668416,55.276241,0 -133.614461,55.23560500000001,0 -133.591884,55.291402,0 -133.601745,55.299415,0 -133.57382,55.314537,0 -133.577244,55.339068,0 -133.542446,55.335091,0 -133.503949,55.367513,0 -133.423842,55.381299,0 -133.41196,55.419493,0 -133.558636,55.411268,0 -133.595211,55.430283,0 -133.621089,55.384153,0 -133.641796,55.39479799999999,0 -133.678161,55.376572,0 -133.623764,55.363708,0 -133.64964,55.34252600000001,0 -133.641797,55.324834,0 -133.670318,55.32778999999999,0 -133.690283,55.307233,0 -133.662317,55.301607,0
              </coordinates>
            </LinearRing>
          </outerBoundaryIs>
        </Polygon>
      </Placemark>
      <Placemark>
        <name>Tlingit Aaní</name>
        <description>See: 2050-snapshot/domains/borders-geopolitics.md#tlingit-aani</description>
        <Polygon>
          <outerBoundaryIs>
            <LinearRing>
              <coordinates>
                -133.533176,55.428125,0 -133.454505,55.435542,0 -133.425745,55.465331,0 -133.461409,55.506505,0 -133.526995,55.529013,0 -133.539825,55.489161,0 -133.621356,55.45050699999999,0 -133.533176,55.428125,0
              </coordinates>
            </LinearRing>
          </outerBoundaryIs>
        </Polygon>
      </Placemark>
      <Placemark>
        <name>Tlingit Aaní</name>
        <description>See: 2050-snapshot/domains/borders-geopolitics.md#tlingit-aani</description>
        <Polygon>
          <outerBoundaryIs>
            <LinearRing>
              <coordinates>
                -133.436972,55.66700600000001,0 -133.444638,55.66698100000001,0 -133.43817,55.65933799999999,0 -133.436972,55.66700600000001,0
              </coordinates>
            </LinearRing>
          </outerBoundaryIs>
        </Polygon>
      </Placemark>
      <Placemark>
        <name>Tlingit Aaní</name>
        <description>See: 2050-snapshot/domains/borders-geopolitics.md#tlingit-aani</description>
        <Polygon>
          <outerBoundaryIs>
            <LinearRing>
              <coordinates>
                -133.461993,57.700091,0 -133.44179,57.697678,0 -133.461042,57.709996,0 -133.475065,57.710377,0 -133.461993,57.700091,0
              </coordinates>
            </LinearRing>
          </outerBoundaryIs>
        </Polygon>
      </Placemark>
      <Placemark>
        <name>Tlingit Aaní</name>
        <description>See: 2050-snapshot/domains/borders-geopolitics.md#tlingit-aani</description>
        <Polygon>
          <outerBoundaryIs>
            <LinearRing>
              <coordinates>
                -133.488881,55.904192,0 -133.475539,55.905812,0 -133.481213,55.914543,0 -133.495553,55.912663,0 -133.488881,55.904192,0
              </coordinates>
            </LinearRing>
          </outerBoundaryIs>
        </Polygon>
      </Placemark>
      <Placemark>
        <name>Tlingit Aaní</name>
        <description>See: 2050-snapshot/domains/borders-geopolitics.md#tlingit-aani</description>
        <Polygon>
          <outerBoundaryIs>
            <LinearRing>
              <coordinates>
                -133.490988,55.873556,0 -133.484809,55.887821,0 -133.505487,55.893552,0 -133.524977,55.88142200000001,0 -133.490988,55.873556,0
              </coordinates>
            </LinearRing>
          </outerBoundaryIs>
        </Polygon>
      </Placemark>
      <Placemark>
        <name>Tlingit Aaní</name>
        <description>See: 2050-snapshot/domains/borders-geopolitics.md#tlingit-aani</description>
        <Polygon>
          <outerBoundaryIs>
            <LinearRing>
              <coordinates>
                -133.537636,54.82652700000001,0 -133.547794,54.78091599999999,0 -133.508696,54.746565,0 -133.532464,54.857602,0 -133.556945,54.843851,0 -133.537636,54.82652700000001,0
              </coordinates>
            </LinearRing>
          </outerBoundaryIs>
        </Polygon>
      </Placemark>
      <Placemark>
        <name>Tlingit Aaní</name>
        <description>See: 2050-snapshot/domains/borders-geopolitics.md#tlingit-aani</description>
        <Polygon>
          <outerBoundaryIs>
            <LinearRing>
              <coordinates>
                -133.52783,57.21875500000001,0 -133.511668,57.213865,0 -133.532108,57.248084,0 -133.545894,57.24204,0 -133.52783,57.21875500000001,0
              </coordinates>
            </LinearRing>
          </outerBoundaryIs>
        </Polygon>
      </Placemark>
      <Placemark>
        <name>Tlingit Aaní</name>
        <description>See: 2050-snapshot/domains/borders-geopolitics.md#tlingit-aani</description>
        <Polygon>
          <outerBoundaryIs>
            <LinearRing>
              <coordinates>
                -133.583776,55.663057,0 -133.561825,55.669539,0 -133.559557,55.648401,0 -133.599025,55.643514,0 -133.58765,55.621123,0 -133.546849,55.64576999999999,0 -133.543951,55.669976,0 -133.610471,55.683251,0 -133.583776,55.663057,0
              </coordinates>
            </LinearRing>
          </outerBoundaryIs>
        </Polygon>
      </Placemark>
      <Placemark>
        <name>Tlingit Aaní</name>
        <description>See: 2050-snapshot/domains/borders-geopolitics.md#tlingit-aani</description>
        <Polygon>
          <outerBoundaryIs>
            <LinearRing>
              <coordinates>
                -133.544467,56.428525,0 -133.547626,56.431505,0 -133.548773,56.427085,0 -133.544467,56.428525,0
              </coordinates>
            </LinearRing>
          </outerBoundaryIs>
        </Polygon>
      </Placemark>
      <Placemark>
        <name>Tlingit Aaní</name>
        <description>See: 2050-snapshot/domains/borders-geopolitics.md#tlingit-aani</description>
        <Polygon>
          <outerBoundaryIs>
            <LinearRing>
              <coordinates>
                -133.558016,57.220171,0 -133.563245,57.222358,0 -133.567763,57.213092,0 -133.558016,57.220171,0
              </coordinates>
            </LinearRing>
          </outerBoundaryIs>
        </Polygon>
      </Placemark>
      <Placemark>
        <name>Tlingit Aaní</name>
        <description>See: 2050-snapshot/domains/borders-geopolitics.md#tlingit-aani</description>
        <Polygon>
          <outerBoundaryIs>
            <LinearRing>
              <coordinates>
                -133.57085,57.50129399999999,0 -133.58606,57.501422,0 -133.574653,57.497463,0 -133.57085,57.50129399999999,0
              </coordinates>
            </LinearRing>
          </outerBoundaryIs>
        </Polygon>
      </Placemark>
      <Placemark>
        <name>Tlingit Aaní</name>
        <description>See: 2050-snapshot/domains/borders-geopolitics.md#tlingit-aani</description>
        <Polygon>
          <outerBoundaryIs>
            <LinearRing>
              <coordinates>
                -133.739715,55.47206700000001,0 -133.667464,55.43797,0 -133.640608,55.453607,0 -133.631539,55.490394,0 -133.585942,55.50371400000001,0 -133.584278,55.53681400000001,0 -133.622544,55.55537100000001,0 -133.637511,55.529826,0 -133.661999,55.557253,0 -133.732828,55.561554,0 -133.760161,55.533721,0 -133.715959,55.517582,0 -133.767766,55.500214,0 -133.780372,55.46924000000001,0 -133.823146,55.444306,0 -133.739715,55.47206700000001,0
              </coordinates>
            </LinearRing>
          </outerBoundaryIs>
        </Polygon>
      </Placemark>
      <Placemark>
        <name>Tlingit Aaní</name>
        <description>See: 2050-snapshot/domains/borders-geopolitics.md#tlingit-aani</description>
        <Polygon>
          <outerBoundaryIs>
            <LinearRing>
              <coordinates>
                -133.624806,57.753522,0 -133.597708,57.74997,0 -133.611018,57.760622,0 -133.649522,57.767468,0 -133.624806,57.753522,0
              </coordinates>
            </LinearRing>
          </outerBoundaryIs>
        </Polygon>
      </Placemark>
      <Placemark>
        <name>Tlingit Aaní</name>
        <description>See: 2050-snapshot/domains/borders-geopolitics.md#tlingit-aani</description>
        <Polygon>
          <outerBoundaryIs>
            <LinearRing>
              <coordinates>
                -133.621664,55.585066,0 -133.599727,55.596733,0 -133.609666,55.602499,0 -133.636631,55.596386,0 -133.621664,55.585066,0
              </coordinates>
            </LinearRing>
          </outerBoundaryIs>
        </Polygon>
      </Placemark>
      <Placemark>
        <name>Tlingit Aaní</name>
        <description>See: 2050-snapshot/domains/borders-geopolitics.md#tlingit-aani</description>
        <Polygon>
          <outerBoundaryIs>
            <LinearRing>
              <coordinates>
                -133.601844,55.647529,0 -133.620308,55.653079,0 -133.617139,55.64283400000001,0 -133.601844,55.647529,0
              </coordinates>
            </LinearRing>
          </outerBoundaryIs>
        </Polygon>
      </Placemark>
      <Placemark>
        <name>Tlingit Aaní</name>
        <description>See: 2050-snapshot/domains/borders-geopolitics.md#tlingit-aani</description>
        <Polygon>
          <outerBoundaryIs>
            <LinearRing>
              <coordinates>
                -133.647442,55.41958300000001,0 -133.614416,55.44089200000001,0 -133.647088,55.437998,0 -133.663355,55.42274999999999,0 -133.647442,55.41958300000001,0
              </coordinates>
            </LinearRing>
          </outerBoundaryIs>
        </Polygon>
      </Placemark>
      <Placemark>
        <name>Tlingit Aaní</name>
        <description>See: 2050-snapshot/domains/borders-geopolitics.md#tlingit-aani</description>
        <Polygon>
          <outerBoundaryIs>
            <LinearRing>
              <coordinates>
                -133.616246,55.90841000000001,0 -133.622425,55.918533,0 -133.619811,55.906544,0 -133.616246,55.90841000000001,0
              </coordinates>
            </LinearRing>
          </outerBoundaryIs>
        </Polygon>
      </Placemark>
      <Placemark>
        <name>Tlingit Aaní</name>
        <description>See: 2050-snapshot/domains/borders-geopolitics.md#tlingit-aani</description>
        <Polygon>
          <outerBoundaryIs>
            <LinearRing>
              <coordinates>
                -133.642622,55.606286,0 -133.640036,55.619385,0 -133.644962,55.620393,0 -133.654829,55.611375,0 -133.642622,55.606286,0
              </coordinates>
            </LinearRing>
          </outerBoundaryIs>
        </Polygon>
      </Placemark>
      <Placemark>
        <name>Tlingit Aaní</name>
        <description>See: 2050-snapshot/domains/borders-geopolitics.md#tlingit-aani</description>
        <Polygon>
          <outerBoundaryIs>
            <LinearRing>
              <coordinates>
                -133.669607,55.651508,0 -133.665089,55.654055,0 -133.669758,55.662144,0 -133.68117,55.658661,0 -133.669607,55.651508,0
              </coordinates>
            </LinearRing>
          </outerBoundaryIs>
        </Polygon>
      </Placemark>
      <Placemark>
        <name>Tlingit Aaní</name>
        <description>See: 2050-snapshot/domains/borders-geopolitics.md#tlingit-aani</description>
        <Polygon>
          <outerBoundaryIs>
            <LinearRing>
              <coordinates>
                -133.669011,56.106935,0 -133.6721,56.108658,0 -133.678755,56.097524,0 -133.669011,56.106935,0
              </coordinates>
            </LinearRing>
          </outerBoundaryIs>
        </Polygon>
      </Placemark>
      <Placemark>
        <name>Tlingit Aaní</name>
        <description>See: 2050-snapshot/domains/borders-geopolitics.md#tlingit-aani</description>
        <Polygon>
          <outerBoundaryIs>
            <LinearRing>
              <coordinates>
                -133.681033,55.851788,0 -133.672627,55.872824,0 -133.676499,55.873921,0 -133.694773,55.863658,0 -133.681033,55.851788,0
              </coordinates>
            </LinearRing>
          </outerBoundaryIs>
        </Polygon>
      </Placemark>
      <Placemark>
        <name>Tlingit Aaní</name>
        <description>See: 2050-snapshot/domains/borders-geopolitics.md#tlingit-aani</description>
        <Polygon>
          <outerBoundaryIs>
            <LinearRing>
              <coordinates>
                -133.697651,56.38525299999999,0 -133.689808,56.38880600000001,0 -133.706923,56.398803,0 -133.716903,56.391963,0 -133.697651,56.38525299999999,0
              </coordinates>
            </LinearRing>
          </outerBoundaryIs>
        </Polygon>
      </Placemark>
      <Placemark>
        <name>Tlingit Aaní</name>
        <description>See: 2050-snapshot/domains/borders-geopolitics.md#tlingit-aani</description>
        <Polygon>
          <outerBoundaryIs>
            <LinearRing>
              <coordinates>
                -133.692519,55.88275099999999,0 -133.696316,55.892263,0 -133.703136,55.87899599999999,0 -133.692519,55.88275099999999,0
              </coordinates>
            </LinearRing>
          </outerBoundaryIs>
        </Polygon>
      </Placemark>
      <Placemark>
        <name>Tlingit Aaní</name>
        <description>See: 2050-snapshot/domains/borders-geopolitics.md#tlingit-aani</description>
        <Polygon>
          <outerBoundaryIs>
            <LinearRing>
              <coordinates>
                -133.71479,55.58354,0 -133.693768,55.58423,0 -133.706445,55.605348,0 -133.727822,55.599373,0 -133.71479,55.58354,0
              </coordinates>
            </LinearRing>
          </outerBoundaryIs>
        </Polygon>
      </Placemark>
      <Placemark>
        <name>Tlingit Aaní</name>
        <description>See: 2050-snapshot/domains/borders-geopolitics.md#tlingit-aani</description>
        <Polygon>
          <outerBoundaryIs>
            <LinearRing>
              <coordinates>
                -133.703752,55.672838,0 -133.711503,55.673334,0 -133.709201,55.66177199999999,0 -133.703752,55.672838,0
              </coordinates>
            </LinearRing>
          </outerBoundaryIs>
        </Polygon>
      </Placemark>
      <Placemark>
        <name>Tlingit Aaní</name>
        <description>See: 2050-snapshot/domains/borders-geopolitics.md#tlingit-aani</description>
        <Polygon>
          <outerBoundaryIs>
            <LinearRing>
              <coordinates>
                -133.765772,56.527331,0 -133.763246,56.53009299999999,0 -133.772193,56.535356,0 -133.780273,56.529457,0 -133.765772,56.527331,0
              </coordinates>
            </LinearRing>
          </outerBoundaryIs>
        </Polygon>
      </Placemark>
      <Placemark>
        <name>Tlingit Aaní</name>
        <description>See: 2050-snapshot/domains/borders-geopolitics.md#tlingit-aani</description>
        <Polygon>
          <outerBoundaryIs>
            <LinearRing>
              <coordinates>
                -133.807697,56.394857,0 -133.774184,56.392095,0 -133.804845,56.421026,0 -133.833841,56.422604,0 -133.807697,56.394857,0
              </coordinates>
            </LinearRing>
          </outerBoundaryIs>
        </Polygon>
      </Placemark>
      <Placemark>
        <name>Tlingit Aaní</name>
        <description>See: 2050-snapshot/domains/borders-geopolitics.md#tlingit-aani</description>
        <Polygon>
          <outerBoundaryIs>
            <LinearRing>
              <coordinates>
                -133.787971,56.45453400000001,0 -133.774897,56.463988,0 -133.815778,56.493915,0 -133.84121,56.490241,0 -133.787971,56.45453400000001,0
              </coordinates>
            </LinearRing>
          </outerBoundaryIs>
        </Polygon>
      </Placemark>
      <Placemark>
        <name>Tlingit Aaní</name>
        <description>See: 2050-snapshot/domains/borders-geopolitics.md#tlingit-aani</description>
        <Polygon>
          <outerBoundaryIs>
            <LinearRing>
              <coordinates>
                -133.848578,57.27558,0 -133.842609,57.296134,0 -133.790346,57.29587500000001,0 -133.82576,57.31616000000001,0 -133.855946,57.310384,0 -133.876624,57.270568,0 -133.848578,57.27558,0
              </coordinates>
            </LinearRing>
          </outerBoundaryIs>
        </Polygon>
      </Placemark>
      <Placemark>
        <name>Tlingit Aaní</name>
        <description>See: 2050-snapshot/domains/borders-geopolitics.md#tlingit-aani</description>
        <Polygon>
          <outerBoundaryIs>
            <LinearRing>
              <coordinates>
                -134.943093,58.272105,0 -134.916473,58.243345,0 -134.907212,58.257475,0 -134.879677,58.250191,0 -134.918136,58.224702,0 -134.898409,58.194149,0 -134.856104,58.176479,0 -134.801436,58.104722,0 -134.763904,58.10004399999999,0 -134.809517,58.045397,0 -134.766496,57.99831,0 -134.758017,57.97423,0 -134.772519,57.971439,0 -134.74279,57.941534,0 -134.758178,57.94109,0 -134.705661,57.830921,0 -134.718961,57.794068,0 -134.709223,57.782156,0 -134.734172,57.741967,0 -134.727755,57.714809,0 -134.698521,57.690529,0 -134.678318,57.61195899999999,0 -134.612029,57.56355800000001,0 -134.591144,57.51474399999999,0 -134.605825,57.510221,0 -134.575899,57.48319299999999,0 -134.611292,57.470111,0 -134.555676,57.472792,0 -134.467496,57.38424999999999,0 -134.409535,57.378204,0 -134.483694,57.372339,0 -134.531139,57.388865,0 -134.527629,57.40551000000001,0 -134.579205,57.40026,0 -134.567797,57.38027200000001,0 -134.57873,57.34348799999999,0 -134.529535,57.336306,0 -134.509326,57.31712,0 -134.569936,57.304093,0 -134.590396,57.27789199999999,0 -134.617947,57.272239,0 -134.594417,57.24768699999999,0 -134.537923,57.228354,0 -134.591811,57.22312199999999,0 -134.636486,57.24627199999999,0 -134.651697,57.231096,0 -134.640051,57.175093,0 -134.603711,57.15694899999999,0 -134.63815,57.135518,0 -134.62393,57.129592,0 -134.637674,57.106488,0 -134.608223,57.044385,0 -134.619135,57.015633,0 -134.573958,57.039176,0 -134.572075,57.015762,0 -134.561829,57.02689000000001,0 -134.474388,57.025595,0 -134.48406,57.04799300000001,0 -134.373612,57.09202700000001,0 -134.409248,57.11202600000001,0 -134.380029,57.111778,0 -134.393211,57.12757200000001,0 -134.329166,57.123779,0 -134.33415,57.142995,0 -134.293514,57.137323,0 -134.279491,57.141837,0 -134.283236,57.15797,0 -134.255485,57.158469,0 -134.270179,57.16834699999999,0 -134.263337,57.180757,0 -134.213654,57.173933,0 -134.157799,57.205873,0 -134.151385,57.245355,0 -134.117393,57.241386,0 -134.093863,57.280847,0 -134.12999,57.305891,0 -134.162761,57.30524499999999,0 -134.127376,57.320524,0 -134.169396,57.336257,0 -134.15875,57.357849,0 -134.192734,57.389367,0 -134.138766,57.36821199999999,0 -134.107886,57.32129399999999,0 -134.087921,57.33143,0 -134.079862,57.362849,0 -134.057262,57.331944,0 -133.979066,57.30447900000001,0 -133.946739,57.331559,0 -133.87496,57.351823,0 -133.862125,57.366694,0 -133.885662,57.40041099999999,0 -133.87805,57.422662,0 -133.930032,57.46592200000001,0 -133.909424,57.469855,0 -133.913187,57.488625,0 -133.83907,57.438656,0 -133.939851,57.550807,0 -133.936044,57.61424999999999,0 -134.011626,57.656618,0 -134.088192,57.649908,0 -134.089562,57.668455,0 -134.046565,57.68115099999999,0 -134.137591,57.751729,0 -134.243364,57.873911,0 -134.285908,57.854947,0 -134.289017,57.830404,0 -134.307526,57.833539,0 -134.280442,57.916986,0 -134.341009,57.997452,0 -134.235758,57.97034500000001,0 -134.313722,58.037217,0 -134.224823,58.014432,0 -134.194394,57.99213999999999,0 -134.151448,57.93964499999999,0 -134.169683,57.928977,0 -134.14948,57.88376900000001,0 -134.124275,57.882871,0 -134.102657,57.8509,0 -134.029716,57.816249,0 -134.033492,57.802301,0 -134.015193,57.79100100000001,0 -134.020895,57.76517500000001,0 -133.99832,57.750591,0 -134.006159,57.730167,0 -133.969794,57.68725000000001,0 -133.85525,57.622393,0 -133.836694,57.576676,0 -133.803894,57.576421,0 -133.810073,57.62876,0 -133.892544,57.68396099999999,0 -133.893013,57.716341,0 -133.874722,57.733213,0 -133.904184,57.77009,0 -133.899916,57.806987,0 -133.975214,57.859372,0 -134.005895,57.893937,0 -133.991423,57.91218800000001,0 -134.095055,57.981317,0 -134.101467,58.020732,0 -134.187509,58.07985600000001,0 -134.184181,58.09907,0 -134.217911,58.120528,0 -134.166831,58.12744500000001,0 -134.175863,58.159559,0 -134.205097,58.166705,0 -134.333655,58.142757,0 -134.558765,58.195402,0 -134.574439,58.175859,0 -134.591327,58.18462799999999,0 -134.59061,58.173103,0 -134.690681,58.158934,0 -134.712529,58.198616,0 -134.708741,58.228206,0 -134.737975,58.240718,0 -134.754139,58.273606,0 -134.801203,58.295356,0 -134.803812,58.321817,0 -134.863719,58.345287,0 -134.896056,58.378784,0 -134.869922,58.32164699999999,0 -134.886074,58.320844,0 -134.920751,58.383672,0 -134.953788,58.41082399999999,0 -134.969951,58.369091,0 -134.943093,58.272105,0
              </coordinates>
            </LinearRing>
          </outerBoundaryIs>
        </Polygon>
      </Placemark>
      <Placemark>
        <name>Tlingit Aaní</name>
        <description>See: 2050-snapshot/domains/borders-geopolitics.md#tlingit-aani</description>
        <Polygon>
          <outerBoundaryIs>
            <LinearRing>
              <coordinates>
                -133.834079,56.536402,0 -133.840021,56.540333,0 -133.840494,56.533781,0 -133.834079,56.536402,0
              </coordinates>
            </LinearRing>
          </outerBoundaryIs>
        </Polygon>
      </Placemark>
      <Placemark>
        <name>Tlingit Aaní</name>
        <description>See: 2050-snapshot/domains/borders-geopolitics.md#tlingit-aani</description>
        <Polygon>
          <outerBoundaryIs>
            <LinearRing>
              <coordinates>
                -133.909067,55.845611,0 -133.890053,55.843609,0 -133.859392,55.85054700000001,0 -133.843705,55.867088,0 -133.865099,55.880918,0 -133.839427,55.888821,0 -133.857921,55.89757,0 -133.845131,55.90361299999999,0 -133.855114,55.93078500000001,0 -133.879595,55.93864,0 -133.936402,55.92132899999999,0 -133.94567,55.897217,0 -133.909067,55.845611,0
              </coordinates>
            </LinearRing>
          </outerBoundaryIs>
        </Polygon>
      </Placemark>
      <Placemark>
        <name>Tlingit Aaní</name>
        <description>See: 2050-snapshot/domains/borders-geopolitics.md#tlingit-aani</description>
        <Polygon>
          <outerBoundaryIs>
            <LinearRing>
              <coordinates>
                -133.935093,56.867829,0 -133.918693,56.865491,0 -133.924873,56.87354500000001,0 -133.949116,56.88757,0 -133.935093,56.867829,0
              </coordinates>
            </LinearRing>
          </outerBoundaryIs>
        </Polygon>
      </Placemark>
      <Placemark>
        <name>Tlingit Aaní</name>
        <description>See: 2050-snapshot/domains/borders-geopolitics.md#tlingit-aani</description>
        <Polygon>
          <outerBoundaryIs>
            <LinearRing>
              <coordinates>
                -133.971204,57.130881,0 -133.975695,57.131708,0 -133.985293,57.12231599999999,0 -133.971204,57.130881,0
              </coordinates>
            </LinearRing>
          </outerBoundaryIs>
        </Polygon>
      </Placemark>
      <Placemark>
        <name>Tlingit Aaní</name>
        <description>See: 2050-snapshot/domains/borders-geopolitics.md#tlingit-aani</description>
        <Polygon>
          <outerBoundaryIs>
            <LinearRing>
              <coordinates>
                -134.004973,57.281618,0 -133.990948,57.2865,0 -134.007532,57.288346,0 -133.999507,57.298829,0 -134.023748,57.290225,0 -134.004973,57.281618,0
              </coordinates>
            </LinearRing>
          </outerBoundaryIs>
        </Polygon>
      </Placemark>
      <Placemark>
        <name>Tlingit Aaní</name>
        <description>See: 2050-snapshot/domains/borders-geopolitics.md#tlingit-aani</description>
        <Polygon>
          <outerBoundaryIs>
            <LinearRing>
              <coordinates>
                -133.998174,56.914661,0 -133.993792,56.91474899999999,0 -134.016036,56.93006699999999,0 -134.026362,56.927929,0 -133.998174,56.914661,0
              </coordinates>
            </LinearRing>
          </outerBoundaryIs>
        </Polygon>
      </Placemark>
      <Placemark>
        <name>Tlingit Aaní</name>
        <description>See: 2050-snapshot/domains/borders-geopolitics.md#tlingit-aani</description>
        <Polygon>
          <outerBoundaryIs>
            <LinearRing>
              <coordinates>
                -134.045666,57.788802,0 -134.052963,57.787562,0 -134.044983,57.77396599999999,0 -134.045666,57.788802,0
              </coordinates>
            </LinearRing>
          </outerBoundaryIs>
        </Polygon>
      </Placemark>
      <Placemark>
        <name>Tlingit Aaní</name>
        <description>See: 2050-snapshot/domains/borders-geopolitics.md#tlingit-aani</description>
        <Polygon>
          <outerBoundaryIs>
            <LinearRing>
              <coordinates>
                -134.054651,57.263479,0 -134.060478,57.265202,0 -134.062175,57.25515899999999,0 -134.054651,57.263479,0
              </coordinates>
            </LinearRing>
          </outerBoundaryIs>
        </Polygon>
      </Placemark>
      <Placemark>
        <name>Tlingit Aaní</name>
        <description>See: 2050-snapshot/domains/borders-geopolitics.md#tlingit-aani</description>
        <Polygon>
          <outerBoundaryIs>
            <LinearRing>
              <coordinates>
                -134.056282,57.803901,0 -134.059943,57.810082,0 -134.066627,57.803963,0 -134.056282,57.803901,0
              </coordinates>
            </LinearRing>
          </outerBoundaryIs>
        </Polygon>
      </Placemark>
      <Placemark>
        <name>Tlingit Aaní</name>
        <description>See: 2050-snapshot/domains/borders-geopolitics.md#tlingit-aani</description>
        <Polygon>
          <outerBoundaryIs>
            <LinearRing>
              <coordinates>
                -134.124286,55.927855,0 -134.099805,55.98414,0 -134.110976,55.9864,0 -134.139498,55.95168300000001,0 -134.124286,55.927855,0
              </coordinates>
            </LinearRing>
          </outerBoundaryIs>
        </Polygon>
      </Placemark>
      <Placemark>
        <name>Tlingit Aaní</name>
        <description>See: 2050-snapshot/domains/borders-geopolitics.md#tlingit-aani</description>
        <Polygon>
          <outerBoundaryIs>
            <LinearRing>
              <coordinates>
                -134.172717,57.845992,0 -134.194402,57.849003,0 -134.18941,57.83445500000001,0 -134.120483,57.771133,0 -134.100995,57.777975,0 -134.18846,57.888696,0 -134.219358,57.893371,0 -134.172717,57.845992,0
              </coordinates>
            </LinearRing>
          </outerBoundaryIs>
        </Polygon>
      </Placemark>
      <Placemark>
        <name>Tlingit Aaní</name>
        <description>See: 2050-snapshot/domains/borders-geopolitics.md#tlingit-aani</description>
        <Polygon>
          <outerBoundaryIs>
            <LinearRing>
              <coordinates>
                -134.145796,58.092674,0 -134.102302,58.08765,0 -134.108482,58.099835,0 -134.149125,58.104733,0 -134.145796,58.092674,0
              </coordinates>
            </LinearRing>
          </outerBoundaryIs>
        </Polygon>
      </Placemark>
      <Placemark>
        <name>Tlingit Aaní</name>
        <description>See: 2050-snapshot/domains/borders-geopolitics.md#tlingit-aani</description>
        <Polygon>
          <outerBoundaryIs>
            <LinearRing>
              <coordinates>
                -134.318229,55.877577,0 -134.346041,55.852149,0 -134.341763,55.839071,0 -134.282105,55.82265199999999,0 -134.273996,55.843081,0 -134.118582,55.913605,0 -134.176813,55.9184,0 -134.195101,55.900022,0 -134.227677,55.907211,0 -134.228888,55.89189,0 -134.256647,55.888825,0 -134.266656,55.929586,0 -134.298981,55.91814300000001,0 -134.337485,55.928122,0 -134.366957,55.910541,0 -134.318229,55.877577,0
              </coordinates>
            </LinearRing>
          </outerBoundaryIs>
        </Polygon>
      </Placemark>
      <Placemark>
        <name>Tlingit Aaní</name>
        <description>See: 2050-snapshot/domains/borders-geopolitics.md#tlingit-aani</description>
        <Polygon>
          <outerBoundaryIs>
            <LinearRing>
              <coordinates>
                -134.246689,57.908652,0 -134.17515,57.90903200000001,0 -134.201057,57.93944999999999,0 -134.284958,57.95420800000001,0 -134.246689,57.908652,0
              </coordinates>
            </LinearRing>
          </outerBoundaryIs>
        </Polygon>
      </Placemark>
      <Placemark>
        <name>Tlingit Aaní</name>
        <description>See: 2050-snapshot/domains/borders-geopolitics.md#tlingit-aani</description>
        <Polygon>
          <outerBoundaryIs>
            <LinearRing>
              <coordinates>
                -134.252633,57.88225199999999,0 -134.261665,57.89615000000001,0 -134.266656,57.88376900000001,0 -134.252633,57.88225199999999,0
              </coordinates>
            </LinearRing>
          </outerBoundaryIs>
        </Polygon>
      </Placemark>
      <Placemark>
        <name>Tlingit Aaní</name>
        <description>See: 2050-snapshot/domains/borders-geopolitics.md#tlingit-aani</description>
        <Polygon>
          <outerBoundaryIs>
            <LinearRing>
              <coordinates>
                -135.635519,57.314321,0 -135.569781,57.292102,0 -135.603605,57.288426,0 -135.551791,57.234054,0 -135.47598,57.257708,0 -135.346687,57.250504,0 -135.42178,57.16298,0 -135.393734,57.142611,0 -135.344296,57.17174300000001,0 -135.345465,57.18474800000001,0 -135.282271,57.163396,0 -135.37567,57.14635,0 -135.369506,57.13179399999999,0 -135.390881,57.125585,0 -135.402409,57.101161,0 -135.338404,57.04781999999999,0 -135.289456,57.046687,0 -135.271328,57.03125399999999,0 -135.227359,57.048187,0 -135.150265,57.01418099999999,0 -135.17423,57.01113800000001,0 -135.221418,57.033647,0 -135.256717,57.011727,0 -135.36438,57.010359,0 -135.363786,56.99670399999999,0 -135.308785,56.981347,0 -135.377571,56.988612,0 -135.393377,56.966333,0 -135.382575,56.952794,0 -135.412391,56.952337,0 -135.350642,56.93388300000001,0 -135.317195,56.899785,0 -135.38185,56.914729,0 -135.386484,56.90467300000001,0 -135.358615,56.89217299999999,0 -135.397655,56.88727800000001,0 -135.376025,56.866834,0 -135.395041,56.84174099999999,0 -135.381826,56.830691,0 -135.413249,56.816944,0 -135.389738,56.804143,0 -135.402647,56.776587,0 -135.368423,56.78138899999999,0 -135.352023,56.749881,0 -135.329837,56.779993,0 -135.279358,56.769829,0 -135.272015,56.761026,0 -135.318508,56.746753,0 -135.317082,56.726156,0 -135.286538,56.716448,0 -135.292838,56.696412,0 -135.233125,56.701069,0 -135.198456,56.720651,0 -135.203224,56.696565,0 -135.237459,56.683618,0 -135.21179,56.662335,0 -135.13582,56.68495399999999,0 -135.152845,56.646919,0 -135.132647,56.64491200000001,0 -135.138584,56.593435,0 -135.057773,56.608481,0 -135.0268,56.635153,0 -134.951566,56.613462,0 -134.9689,56.600891,0 -135.005246,56.607434,0 -135.047791,56.583488,0 -135.061576,56.528472,0 -135.034503,56.51682,0 -134.975298,56.425956,0 -134.938215,56.40635,0 -134.955571,56.388871,0 -134.917799,56.372442,0 -134.8952,56.314331,0 -134.839641,56.296174,0 -134.818905,56.254039,0 -134.78045,56.274381,0 -134.808923,56.240041,0 -134.761931,56.232412,0 -134.784917,56.224848,0 -134.773033,56.217448,0 -134.735717,56.21268999999999,0 -134.692048,56.23224399999999,0 -134.707433,56.216126,0 -134.687946,56.198827,0 -134.711949,56.181351,0 -134.666434,56.16655500000001,0 -134.65217,56.234551,0 -134.623414,56.256085,0 -134.643616,56.271661,0 -134.668621,56.252943,0 -134.678268,56.277743,0 -134.632683,56.31492399999999,0 -134.641715,56.330213,0 -134.707753,56.31753,0 -134.647895,56.344309,0 -134.63102,56.372485,0 -134.637912,56.41734499999999,0 -134.657732,56.431147,0 -134.641002,56.439951,0 -134.6391,56.476986,0 -134.683991,56.53958,0 -134.669523,56.540071,0 -134.667811,56.58669,0 -134.646468,56.54452700000001,0 -134.628642,56.54963599999999,0 -134.629548,56.624917,0 -134.615808,56.635483,0 -134.629739,56.653841,0 -134.617709,56.663838,0 -134.629793,56.671673,0 -134.630306,56.724526,0 -134.654074,56.763757,0 -134.676172,56.770304,0 -134.659541,56.780559,0 -134.672376,56.819732,0 -134.704692,56.841204,0 -134.696144,56.898994,0 -134.745973,56.923686,0 -134.715871,56.92209200000001,0 -134.741025,56.953157,0 -134.737024,56.96941,0 -134.759369,56.970611,0 -134.740826,56.981718,0 -134.739164,57.00528,0 -134.770307,57.02678199999999,0 -134.751048,57.03258,0 -134.792152,57.090208,0 -134.779094,57.093189,0 -134.789789,57.121973,0 -134.808538,57.128216,0 -134.79692,57.144029,0 -134.823867,57.156381,0 -134.80001,57.163109,0 -134.86583,57.21365900000001,0 -134.864912,57.225171,0 -134.83994,57.222475,0 -134.841841,57.250001,0 -134.862519,57.27069699999999,0 -134.886504,57.265798,0 -134.874403,57.284188,0 -134.907916,57.303066,0 -134.923128,57.29857199999999,0 -134.902443,57.270731,0 -134.928849,57.259916,0 -134.945005,57.270616,0 -134.939528,57.297673,0 -134.976078,57.312328,0 -134.950699,57.32745300000001,0 -135.011242,57.335325,0 -134.951183,57.34323,0 -134.914098,57.327709,0 -134.902455,57.342075,0 -134.839705,57.313413,0 -134.831892,57.29486700000001,0 -134.812739,57.299851,0 -134.803575,57.340666,0 -134.84606,57.389888,0 -134.832747,57.414476,0 -134.913774,57.42715200000001,0 -135.041972,57.407943,0 -135.156291,57.444923,0 -135.21594,57.43317100000001,0 -135.159619,57.459501,0 -135.223079,57.488766,0 -135.349287,57.473689,0 -135.404191,57.439167,0 -135.416785,57.45873,0 -135.30912,57.491576,0 -135.290818,57.50983800000001,0 -135.345485,57.54926699999999,0 -135.425345,57.562273,0 -135.519224,57.510865,0 -135.551075,57.508307,0 -135.531844,57.452199,0 -135.561535,57.44786499999999,0 -135.581026,57.41806699999999,0 -135.632126,57.398339,0 -135.485468,57.366563,0 -135.486955,57.354895,0 -135.655659,57.37387099999999,0 -135.693448,57.357721,0 -135.635519,57.314321,0
              </coordinates>
            </LinearRing>
          </outerBoundaryIs>
        </Polygon>
      </Placemark>
      <Placemark>
        <name>Tlingit Aaní</name>
        <description>See: 2050-snapshot/domains/borders-geopolitics.md#tlingit-aani</description>
        <Polygon>
          <outerBoundaryIs>
            <LinearRing>
              <coordinates>
                -134.656679,58.333777,0 -134.652277,58.343975,0 -134.663824,58.342291,0 -134.669316,58.333266,0 -134.656679,58.333777,0
              </coordinates>
            </LinearRing>
          </outerBoundaryIs>
        </Polygon>
      </Placemark>
      <Placemark>
        <name>Tlingit Aaní</name>
        <description>See: 2050-snapshot/domains/borders-geopolitics.md#tlingit-aani</description>
        <Polygon>
          <outerBoundaryIs>
            <LinearRing>
              <coordinates>
                -134.694838,58.346908,0 -134.690559,58.347781,0 -134.696264,58.36262,0 -134.706009,58.35326899999999,0 -134.694838,58.346908,0
              </coordinates>
            </LinearRing>
          </outerBoundaryIs>
        </Polygon>
      </Placemark>
      <Placemark>
        <name>Tlingit Aaní</name>
        <description>See: 2050-snapshot/domains/borders-geopolitics.md#tlingit-aani</description>
        <Polygon>
          <outerBoundaryIs>
            <LinearRing>
              <coordinates>
                -134.72514,58.245847,0 -134.728943,58.27548,0 -134.733222,58.24809900000001,0 -134.72514,58.245847,0
              </coordinates>
            </LinearRing>
          </outerBoundaryIs>
        </Polygon>
      </Placemark>
      <Placemark>
        <name>Tlingit Aaní</name>
        <description>See: 2050-snapshot/domains/borders-geopolitics.md#tlingit-aani</description>
        <Polygon>
          <outerBoundaryIs>
            <LinearRing>
              <coordinates>
                -134.73144,58.33168799999999,0 -134.740474,58.338676,0 -134.739521,58.33069,0 -134.73144,58.33168799999999,0
              </coordinates>
            </LinearRing>
          </outerBoundaryIs>
        </Polygon>
      </Placemark>
      <Placemark>
        <name>Tlingit Aaní</name>
        <description>See: 2050-snapshot/domains/borders-geopolitics.md#tlingit-aani</description>
        <Polygon>
          <outerBoundaryIs>
            <LinearRing>
              <coordinates>
                -134.843031,58.37351,0 -134.80876,58.374725,0 -134.910423,58.48420900000001,0 -134.923802,58.47732,0 -134.843031,58.37351,0
              </coordinates>
            </LinearRing>
          </outerBoundaryIs>
        </Polygon>
      </Placemark>
      <Placemark>
        <name>Tlingit Aaní</name>
        <description>See: 2050-snapshot/domains/borders-geopolitics.md#tlingit-aani</description>
        <Polygon>
          <outerBoundaryIs>
            <LinearRing>
              <coordinates>
                -136.557277,58.02744,0 -136.565927,58.00546700000001,0 -136.533327,57.997921,0 -136.562836,57.98380199999999,0 -136.569016,57.907042,0 -136.544296,57.903949,0 -136.509356,57.927162,0 -136.521362,57.901106,0 -136.472692,57.88739999999999,0 -136.496049,57.87065599999999,0 -136.486066,57.854725,0 -136.437217,57.843203,0 -136.420704,57.819108,0 -136.366877,57.82879100000001,0 -136.361997,57.805688,0 -136.336195,57.802919,0 -136.347499,57.786117,0 -136.302814,57.776259,0 -136.320285,57.752716,0 -136.292001,57.729564,0 -136.258369,57.743076,0 -136.263578,57.77161399999999,0 -136.238523,57.751955,0 -136.203245,57.764838,0 -136.214636,57.74149,0 -136.172363,57.721646,0 -136.202633,57.716618,0 -136.202021,57.693586,0 -136.233769,57.693887,0 -136.267044,57.665867,0 -136.227021,57.635712,0 -136.245653,57.62351,0 -136.181037,57.613312,0 -136.227471,57.591168,0 -136.167515,57.57348799999999,0 -136.162346,57.556566,0 -136.136831,57.606638,0 -136.119802,57.589767,0 -136.07478,57.599501,0 -136.054169,57.58163099999999,0 -136.0933,57.56122000000001,0 -136.049335,57.52964,0 -136.051469,57.514848,0 -136.000023,57.497991,0 -135.964129,57.475573,0 -135.966857,57.462857,0 -135.917428,57.45007099999999,0 -135.885091,57.421349,0 -135.858516,57.42659700000001,0 -135.843856,57.390301,0 -135.712181,57.366725,0 -135.652167,57.385434,0 -135.675222,57.40655400000001,0 -135.624715,57.40867699999999,0 -135.584547,57.432994,0 -135.596201,57.44378600000001,0 -135.553292,57.4525,0 -135.547825,57.478959,0 -135.580498,57.516971,0 -135.565651,57.54719299999999,0 -135.613524,57.562098,0 -135.511223,57.594989,0 -135.655721,57.628254,0 -135.566132,57.67037,0 -135.193483,57.52538299999999,0 -135.088153,57.464837,0 -135.023742,57.453906,0 -134.874598,57.46292,0 -134.899791,57.490601,0 -134.882679,57.50603600000001,0 -134.843224,57.47231399999999,0 -134.829557,57.479598,0 -134.838322,57.502973,0 -134.827418,57.503932,0 -134.858542,57.532736,0 -134.860337,57.605878,0 -134.891592,57.649146,0 -134.937442,57.667678,0 -134.898009,57.662434,0 -134.922198,57.677478,0 -134.903238,57.693125,0 -134.929739,57.757281,0 -134.977513,57.762036,0 -135.022791,57.743842,0 -135.094802,57.752212,0 -135.118044,57.777666,0 -135.023977,57.778325,0 -134.948159,57.80537099999999,0 -134.955409,57.81474099999999,0 -135.009119,57.828866,0 -134.997003,57.840369,0 -135.033957,57.842827,0 -135.040379,57.868254,0 -135.131661,57.886902,0 -135.205544,57.935115,0 -135.193306,57.944457,0 -135.028385,57.89889700000001,0 -134.93706,57.848735,0 -134.999603,57.88843600000001,0 -134.922371,57.92377,0 -134.920113,57.948185,0 -134.938282,57.969374,0 -134.913339,57.977499,0 -134.965987,58.04586900000001,0 -135.109548,58.060775,0 -135.114877,58.072643,0 -135.078051,58.071017,0 -135.116318,58.091061,0 -135.297522,58.090069,0 -135.344843,58.109331,0 -135.31995,58.117801,0 -135.419832,58.14334800000001,0 -135.466301,58.131993,0 -135.447967,58.10279999999999,0 -135.474147,58.09903599999999,0 -135.461804,58.090821,0 -135.470797,58.083159,0 -135.49102,58.09081,0 -135.497081,58.082329,0 -135.483978,58.08041,0 -135.51389,58.064469,0 -135.545092,58.06278300000001,0 -135.589312,57.992995,0 -135.633105,57.987012,0 -135.626022,58.022212,0 -135.690591,58.04193500000001,0 -135.63446,58.03278400000001,0 -135.67184,58.054344,0 -135.610811,58.053855,0 -135.539029,58.10042,0 -135.519066,58.126597,0 -135.523922,58.14983599999999,0 -135.495536,58.171249,0 -135.643069,58.231012,0 -135.734037,58.239808,0 -135.79727,58.288006,0 -135.913256,58.243815,0 -135.99563,58.188419,0 -136.019499,58.191803,0 -136.040417,58.218599,0 -136.158487,58.221221,0 -136.149707,58.21327600000001,0 -136.201801,58.179834,0 -136.199148,58.15581700000001,0 -136.238225,58.157936,0 -136.281543,58.22323,0 -136.319343,58.209897,0 -136.354986,58.222667,0 -136.356293,58.19129900000001,0 -136.320047,58.15495,0 -136.289981,58.147479,0 -136.304241,58.132558,0 -136.273932,58.102186,0 -136.371267,58.14968199999999,0 -136.445304,58.12371,0 -136.467867,58.098865,0 -136.537405,58.097467,0 -136.568422,58.06334900000001,0 -136.559434,58.03837200000001,0 -136.575909,58.031966,0 -136.557277,58.02744,0
              </coordinates>
            </LinearRing>
          </outerBoundaryIs>
        </Polygon>
      </Placemark>
      <Placemark>
        <name>Tlingit Aaní</name>
        <description>See: 2050-snapshot/domains/borders-geopolitics.md#tlingit-aani</description>
        <Polygon>
          <outerBoundaryIs>
            <LinearRing>
              <coordinates>
                -134.867932,57.42911599999999,0 -134.883913,57.43405000000001,0 -134.891901,57.43021999999999,0 -134.867932,57.42911599999999,0
              </coordinates>
            </LinearRing>
          </outerBoundaryIs>
        </Polygon>
      </Placemark>
      <Placemark>
        <name>Tlingit Aaní</name>
        <description>See: 2050-snapshot/domains/borders-geopolitics.md#tlingit-aani</description>
        <Polygon>
          <outerBoundaryIs>
            <LinearRing>
              <coordinates>
                -134.908868,58.551987,0 -134.895202,58.556079,0 -134.90459,58.565997,0 -134.935726,58.57758400000001,0 -134.908868,58.551987,0
              </coordinates>
            </LinearRing>
          </outerBoundaryIs>
        </Polygon>
      </Placemark>
      <Placemark>
        <name>Tlingit Aaní</name>
        <description>See: 2050-snapshot/domains/borders-geopolitics.md#tlingit-aani</description>
        <Polygon>
          <outerBoundaryIs>
            <LinearRing>
              <coordinates>
                -134.996929,58.48024,0 -134.938222,58.473529,0 -134.968871,58.48682099999999,0 -134.968645,58.500984,0 -135.030558,58.513264,0 -134.996929,58.48024,0
              </coordinates>
            </LinearRing>
          </outerBoundaryIs>
        </Polygon>
      </Placemark>
      <Placemark>
        <name>Tlingit Aaní</name>
        <description>See: 2050-snapshot/domains/borders-geopolitics.md#tlingit-aani</description>
        <Polygon>
          <outerBoundaryIs>
            <LinearRing>
              <coordinates>
                -134.978508,58.454447,0 -134.98445,58.462777,0 -134.99372,58.458923,0 -134.978508,58.454447,0
              </coordinates>
            </LinearRing>
          </outerBoundaryIs>
        </Polygon>
      </Placemark>
      <Placemark>
        <name>Tlingit Aaní</name>
        <description>See: 2050-snapshot/domains/borders-geopolitics.md#tlingit-aani</description>
        <Polygon>
          <outerBoundaryIs>
            <LinearRing>
              <coordinates>
                -135.027545,58.524217,0 -135.038217,58.53314,0 -135.036933,58.525673,0 -135.027545,58.524217,0
              </coordinates>
            </LinearRing>
          </outerBoundaryIs>
        </Polygon>
      </Placemark>
      <Placemark>
        <name>Tlingit Aaní</name>
        <description>See: 2050-snapshot/domains/borders-geopolitics.md#tlingit-aani</description>
        <Polygon>
          <outerBoundaryIs>
            <LinearRing>
              <coordinates>
                -135.079047,58.247547,0 -135.048862,58.223148,0 -135.074769,58.263054,0 -135.086415,58.263429,0 -135.079047,58.247547,0
              </coordinates>
            </LinearRing>
          </outerBoundaryIs>
        </Polygon>
      </Placemark>
      <Placemark>
        <name>Tlingit Aaní</name>
        <description>See: 2050-snapshot/domains/borders-geopolitics.md#tlingit-aani</description>
        <Polygon>
          <outerBoundaryIs>
            <LinearRing>
              <coordinates>
                -135.102539,57.89848499999999,0 -135.111471,57.89970699999999,0 -135.110028,57.895902,0 -135.102539,57.89848499999999,0
              </coordinates>
            </LinearRing>
          </outerBoundaryIs>
        </Polygon>
      </Placemark>
      <Placemark>
        <name>Tlingit Aaní</name>
        <description>See: 2050-snapshot/domains/borders-geopolitics.md#tlingit-aani</description>
        <Polygon>
          <outerBoundaryIs>
            <LinearRing>
              <coordinates>
                -135.262571,59.022821,0 -135.24875,59.006396,0 -135.248513,59.022304,0 -135.279411,59.032578,0 -135.262571,59.022821,0
              </coordinates>
            </LinearRing>
          </outerBoundaryIs>
        </Polygon>
      </Placemark>
      <Placemark>
        <name>Tlingit Aaní</name>
        <description>See: 2050-snapshot/domains/borders-geopolitics.md#tlingit-aani</description>
        <Polygon>
          <outerBoundaryIs>
            <LinearRing>
              <coordinates>
                -135.250295,58.165964,0 -135.255883,58.17825000000001,0 -135.259208,58.17041500000001,0 -135.250295,58.165964,0
              </coordinates>
            </LinearRing>
          </outerBoundaryIs>
        </Polygon>
      </Placemark>
      <Placemark>
        <name>Tlingit Aaní</name>
        <description>See: 2050-snapshot/domains/borders-geopolitics.md#tlingit-aani</description>
        <Polygon>
          <outerBoundaryIs>
            <LinearRing>
              <coordinates>
                -135.270379,59.070958,0 -135.271805,59.078043,0 -135.275133,59.07364599999999,0 -135.270379,59.070958,0
              </coordinates>
            </LinearRing>
          </outerBoundaryIs>
        </Polygon>
      </Placemark>
      <Placemark>
        <name>Tlingit Aaní</name>
        <description>See: 2050-snapshot/domains/borders-geopolitics.md#tlingit-aani</description>
        <Polygon>
          <outerBoundaryIs>
            <LinearRing>
              <coordinates>
                -135.27133,59.048718,0 -135.285828,59.063872,0 -135.274657,59.04541699999999,0 -135.27133,59.048718,0
              </coordinates>
            </LinearRing>
          </outerBoundaryIs>
        </Polygon>
      </Placemark>
      <Placemark>
        <name>Tlingit Aaní</name>
        <description>See: 2050-snapshot/domains/borders-geopolitics.md#tlingit-aani</description>
        <Polygon>
          <outerBoundaryIs>
            <LinearRing>
              <coordinates>
                -135.333127,58.934968,0 -135.305793,58.90060999999999,0 -135.310085,58.920566,0 -135.296999,58.922456,0 -135.31099,58.93856699999999,0 -135.296762,58.963655,0 -135.330274,59.01104699999999,0 -135.353805,59.011414,0 -135.333127,58.934968,0
              </coordinates>
            </LinearRing>
          </outerBoundaryIs>
        </Polygon>
      </Placemark>
      <Placemark>
        <name>Tlingit Aaní</name>
        <description>See: 2050-snapshot/domains/borders-geopolitics.md#tlingit-aani</description>
        <Polygon>
          <outerBoundaryIs>
            <LinearRing>
              <coordinates>
                -135.322875,57.02679299999999,0 -135.324664,57.031948,0 -135.329708,57.028297,0 -135.322875,57.02679299999999,0
              </coordinates>
            </LinearRing>
          </outerBoundaryIs>
        </Polygon>
      </Placemark>
      <Placemark>
        <name>Tlingit Aaní</name>
        <description>See: 2050-snapshot/domains/borders-geopolitics.md#tlingit-aani</description>
        <Polygon>
          <outerBoundaryIs>
            <LinearRing>
              <coordinates>
                -135.331504,57.025006,0 -135.336239,57.027767,0 -135.333675,57.024139,0 -135.331504,57.025006,0
              </coordinates>
            </LinearRing>
          </outerBoundaryIs>
        </Polygon>
      </Placemark>
      <Placemark>
        <name>Tlingit Aaní</name>
        <description>See: 2050-snapshot/domains/borders-geopolitics.md#tlingit-aani</description>
        <Polygon>
          <outerBoundaryIs>
            <LinearRing>
              <coordinates>
                -135.341262,57.02321599999999,0 -135.341006,57.026168,0 -135.344564,57.022958,0 -135.341262,57.02321599999999,0
              </coordinates>
            </LinearRing>
          </outerBoundaryIs>
        </Polygon>
      </Placemark>
      <Placemark>
        <name>Tlingit Aaní</name>
        <description>See: 2050-snapshot/domains/borders-geopolitics.md#tlingit-aani</description>
        <Polygon>
          <outerBoundaryIs>
            <LinearRing>
              <coordinates>
                -135.350956,57.039872,0 -135.343835,57.047624,0 -135.353505,57.053983,0 -135.373493,57.05345,0 -135.350956,57.039872,0
              </coordinates>
            </LinearRing>
          </outerBoundaryIs>
        </Polygon>
      </Placemark>
      <Placemark>
        <name>Tlingit Aaní</name>
        <description>See: 2050-snapshot/domains/borders-geopolitics.md#tlingit-aani</description>
        <Polygon>
          <outerBoundaryIs>
            <LinearRing>
              <coordinates>
                -135.422453,57.17823,0 -135.436475,57.189392,0 -135.396473,57.219574,0 -135.402266,57.239547,0 -135.390635,57.242271,0 -135.477025,57.25032,0 -135.514576,57.227569,0 -135.422453,57.17823,0
              </coordinates>
            </LinearRing>
          </outerBoundaryIs>
        </Polygon>
      </Placemark>
      <Placemark>
        <name>Tlingit Aaní</name>
        <description>See: 2050-snapshot/domains/borders-geopolitics.md#tlingit-aani</description>
        <Polygon>
          <outerBoundaryIs>
            <LinearRing>
              <coordinates>
                -135.393976,59.14168500000001,0 -135.393651,59.146155,0 -135.400637,59.14499499999999,0 -135.393976,59.14168500000001,0
              </coordinates>
            </LinearRing>
          </outerBoundaryIs>
        </Polygon>
      </Placemark>
      <Placemark>
        <name>Tlingit Aaní</name>
        <description>See: 2050-snapshot/domains/borders-geopolitics.md#tlingit-aani</description>
        <Polygon>
          <outerBoundaryIs>
            <LinearRing>
              <coordinates>
                -135.398042,56.923258,0 -135.403502,56.925938,0 -135.405792,56.921919,0 -135.398042,56.923258,0
              </coordinates>
            </LinearRing>
          </outerBoundaryIs>
        </Polygon>
      </Placemark>
      <Placemark>
        <name>Tlingit Aaní</name>
        <description>See: 2050-snapshot/domains/borders-geopolitics.md#tlingit-aani</description>
        <Polygon>
          <outerBoundaryIs>
            <LinearRing>
              <coordinates>
                -135.403973,57.07641999999999,0 -135.410707,57.08588,0 -135.416388,57.07750000000001,0 -135.403973,57.07641999999999,0
              </coordinates>
            </LinearRing>
          </outerBoundaryIs>
        </Polygon>
      </Placemark>
      <Placemark>
        <name>Tlingit Aaní</name>
        <description>See: 2050-snapshot/domains/borders-geopolitics.md#tlingit-aani</description>
        <Polygon>
          <outerBoundaryIs>
            <LinearRing>
              <coordinates>
                -135.413847,56.840537,0 -135.416987,56.845996,0 -135.416635,56.83767600000001,0 -135.413847,56.840537,0
              </coordinates>
            </LinearRing>
          </outerBoundaryIs>
        </Polygon>
      </Placemark>
      <Placemark>
        <name>Tlingit Aaní</name>
        <description>See: 2050-snapshot/domains/borders-geopolitics.md#tlingit-aani</description>
        <Polygon>
          <outerBoundaryIs>
            <LinearRing>
              <coordinates>
                -135.417609,57.139194,0 -135.422276,57.14070799999999,0 -135.42572,57.129472,0 -135.417609,57.139194,0
              </coordinates>
            </LinearRing>
          </outerBoundaryIs>
        </Polygon>
      </Placemark>
      <Placemark>
        <name>Tlingit Aaní</name>
        <description>See: 2050-snapshot/domains/borders-geopolitics.md#tlingit-aani</description>
        <Polygon>
          <outerBoundaryIs>
            <LinearRing>
              <coordinates>
                -135.4221,56.849072,0 -135.428983,56.85165300000001,0 -135.425953,56.846603,0 -135.4221,56.849072,0
              </coordinates>
            </LinearRing>
          </outerBoundaryIs>
        </Polygon>
      </Placemark>
      <Placemark>
        <name>Tlingit Aaní</name>
        <description>See: 2050-snapshot/domains/borders-geopolitics.md#tlingit-aani</description>
        <Polygon>
          <outerBoundaryIs>
            <LinearRing>
              <coordinates>
                -135.432704,56.879894,0 -135.439425,56.894347,0 -135.441476,56.884282,0 -135.432704,56.879894,0
              </coordinates>
            </LinearRing>
          </outerBoundaryIs>
        </Polygon>
      </Placemark>
      <Placemark>
        <name>Tlingit Aaní</name>
        <description>See: 2050-snapshot/domains/borders-geopolitics.md#tlingit-aani</description>
        <Polygon>
          <outerBoundaryIs>
            <LinearRing>
              <coordinates>
                -135.840334,57.223698,0 -135.808468,57.248769,0 -135.802098,57.23465000000001,0 -135.836055,57.175286,0 -135.757147,57.169228,0 -135.734809,57.15069,0 -135.759285,57.138677,0 -135.762377,57.113782,0 -135.847702,57.088734,0 -135.852455,56.992917,0 -135.63688,57.009874,0 -135.603842,57.04363600000001,0 -135.597421,57.07646,0 -135.57128,57.090154,0 -135.566731,57.155295,0 -135.51257,57.139838,0 -135.526327,57.15481800000001,0 -135.473827,57.170003,0 -135.451727,57.147833,0 -135.433901,57.1566,0 -135.536341,57.22845800000001,0 -135.556306,57.226271,0 -135.539909,57.221821,0 -135.54943,57.188434,0 -135.588407,57.160204,0 -135.604733,57.163918,0 -135.618808,57.17549600000001,0 -135.602179,57.199886,0 -135.656326,57.251433,0 -135.567477,57.227686,0 -135.577221,57.256235,0 -135.626933,57.301364,0 -135.698367,57.315601,0 -135.731239,57.33790900000001,0 -135.741728,57.326379,0 -135.764752,57.350733,0 -135.784697,57.334968,0 -135.863389,57.329955,0 -135.827508,57.30571500000001,0 -135.842235,57.298765,0 -135.837253,57.278357,0 -135.860774,57.26652,0 -135.832504,57.252746,0 -135.876223,57.225756,0 -135.840334,57.223698,0
              </coordinates>
            </LinearRing>
          </outerBoundaryIs>
        </Polygon>
      </Placemark>
      <Placemark>
        <name>Tlingit Aaní</name>
        <description>See: 2050-snapshot/domains/borders-geopolitics.md#tlingit-aani</description>
        <Polygon>
          <outerBoundaryIs>
            <LinearRing>
              <coordinates>
                -135.456574,57.089367,0 -135.437488,57.08692499999999,0 -135.447354,57.114212,0 -135.469211,57.107425,0 -135.456574,57.089367,0
              </coordinates>
            </LinearRing>
          </outerBoundaryIs>
        </Polygon>
      </Placemark>
      <Placemark>
        <name>Tlingit Aaní</name>
        <description>See: 2050-snapshot/domains/borders-geopolitics.md#tlingit-aani</description>
        <Polygon>
          <outerBoundaryIs>
            <LinearRing>
              <coordinates>
                -135.442561,56.830426,0 -135.453382,56.833868,0 -135.451742,56.814191,0 -135.442561,56.830426,0
              </coordinates>
            </LinearRing>
          </outerBoundaryIs>
        </Polygon>
      </Placemark>
      <Placemark>
        <name>Tlingit Aaní</name>
        <description>See: 2050-snapshot/domains/borders-geopolitics.md#tlingit-aani</description>
        <Polygon>
          <outerBoundaryIs>
            <LinearRing>
              <coordinates>
                -135.444719,57.56285999999999,0 -135.448634,57.56471,0 -135.448251,57.561225,0 -135.444719,57.56285999999999,0
              </coordinates>
            </LinearRing>
          </outerBoundaryIs>
        </Polygon>
      </Placemark>
      <Placemark>
        <name>Tlingit Aaní</name>
        <description>See: 2050-snapshot/domains/borders-geopolitics.md#tlingit-aani</description>
        <Polygon>
          <outerBoundaryIs>
            <LinearRing>
              <coordinates>
                -135.450075,58.31924100000001,0 -135.457677,58.32746299999999,0 -135.461063,58.319732,0 -135.450075,58.31924100000001,0
              </coordinates>
            </LinearRing>
          </outerBoundaryIs>
        </Polygon>
      </Placemark>
      <Placemark>
        <name>Tlingit Aaní</name>
        <description>See: 2050-snapshot/domains/borders-geopolitics.md#tlingit-aani</description>
        <Polygon>
          <outerBoundaryIs>
            <LinearRing>
              <coordinates>
                -135.475332,56.82131099999999,0 -135.462183,56.83398100000001,0 -135.469226,56.83678799999999,0 -135.493592,56.827546,0 -135.475332,56.82131099999999,0
              </coordinates>
            </LinearRing>
          </outerBoundaryIs>
        </Polygon>
      </Placemark>
      <Placemark>
        <name>Tlingit Aaní</name>
        <description>See: 2050-snapshot/domains/borders-geopolitics.md#tlingit-aani</description>
        <Polygon>
          <outerBoundaryIs>
            <LinearRing>
              <coordinates>
                -135.473408,57.115264,0 -135.476111,57.115422,0 -135.477116,57.099419,0 -135.473408,57.115264,0
              </coordinates>
            </LinearRing>
          </outerBoundaryIs>
        </Polygon>
      </Placemark>
      <Placemark>
        <name>Tlingit Aaní</name>
        <description>See: 2050-snapshot/domains/borders-geopolitics.md#tlingit-aani</description>
        <Polygon>
          <outerBoundaryIs>
            <LinearRing>
              <coordinates>
                -135.480092,58.341761,0 -135.481425,58.343327,0 -135.486668,58.340733,0 -135.480092,58.341761,0
              </coordinates>
            </LinearRing>
          </outerBoundaryIs>
        </Polygon>
      </Placemark>
      <Placemark>
        <name>Tlingit Aaní</name>
        <description>See: 2050-snapshot/domains/borders-geopolitics.md#tlingit-aani</description>
        <Polygon>
          <outerBoundaryIs>
            <LinearRing>
              <coordinates>
                -135.485522,57.093368,0 -135.488541,57.100064,0 -135.490999,57.092687,0 -135.485522,57.093368,0
              </coordinates>
            </LinearRing>
          </outerBoundaryIs>
        </Polygon>
      </Placemark>
      <Placemark>
        <name>Tlingit Aaní</name>
        <description>See: 2050-snapshot/domains/borders-geopolitics.md#tlingit-aani</description>
        <Polygon>
          <outerBoundaryIs>
            <LinearRing>
              <coordinates>
                -135.488762,58.18635,0 -135.492684,58.18998300000001,0 -135.49411,58.18328,0 -135.488762,58.18635,0
              </coordinates>
            </LinearRing>
          </outerBoundaryIs>
        </Polygon>
      </Placemark>
      <Placemark>
        <name>Tlingit Aaní</name>
        <description>See: 2050-snapshot/domains/borders-geopolitics.md#tlingit-aani</description>
        <Polygon>
          <outerBoundaryIs>
            <LinearRing>
              <coordinates>
                -135.491139,58.15194,0 -135.496605,58.153194,0 -135.495061,58.148741,0 -135.491139,58.15194,0
              </coordinates>
            </LinearRing>
          </outerBoundaryIs>
        </Polygon>
      </Placemark>
      <Placemark>
        <name>Tlingit Aaní</name>
        <description>See: 2050-snapshot/domains/borders-geopolitics.md#tlingit-aani</description>
        <Polygon>
          <outerBoundaryIs>
            <LinearRing>
              <coordinates>
                -135.539697,56.834396,0 -135.503214,56.857366,0 -135.550364,56.867992,0 -135.564536,56.853393,0 -135.539697,56.834396,0
              </coordinates>
            </LinearRing>
          </outerBoundaryIs>
        </Polygon>
      </Placemark>
      <Placemark>
        <name>Tlingit Aaní</name>
        <description>See: 2050-snapshot/domains/borders-geopolitics.md#tlingit-aani</description>
        <Polygon>
          <outerBoundaryIs>
            <LinearRing>
              <coordinates>
                -135.679893,58.331475,0 -135.57618,58.326216,0 -135.537601,58.33985800000001,0 -135.631594,58.382761,0 -135.732663,58.369232,0 -135.679893,58.331475,0
              </coordinates>
            </LinearRing>
          </outerBoundaryIs>
        </Polygon>
      </Placemark>
      <Placemark>
        <name>Tlingit Aaní</name>
        <description>See: 2050-snapshot/domains/borders-geopolitics.md#tlingit-aani</description>
        <Polygon>
          <outerBoundaryIs>
            <LinearRing>
              <coordinates>
                -135.698914,56.983982,0 -135.712934,56.98916100000001,0 -135.7127,56.983593,0 -135.698914,56.983982,0
              </coordinates>
            </LinearRing>
          </outerBoundaryIs>
        </Polygon>
      </Placemark>
      <Placemark>
        <name>Tlingit Aaní</name>
        <description>See: 2050-snapshot/domains/borders-geopolitics.md#tlingit-aani</description>
        <Polygon>
          <outerBoundaryIs>
            <LinearRing>
              <coordinates>
                -135.886158,57.408516,0 -135.865722,57.40480400000001,0 -135.901374,57.41862999999999,0 -135.909455,57.405701,0 -135.886158,57.408516,0
              </coordinates>
            </LinearRing>
          </outerBoundaryIs>
        </Polygon>
      </Placemark>
      <Placemark>
        <name>Tlingit Aaní</name>
        <description>See: 2050-snapshot/domains/borders-geopolitics.md#tlingit-aani</description>
        <Polygon>
          <outerBoundaryIs>
            <LinearRing>
              <coordinates>
                -135.986811,58.65598,0 -135.990585,58.656839,0 -135.986914,58.65024300000001,0 -135.986811,58.65598,0
              </coordinates>
            </LinearRing>
          </outerBoundaryIs>
        </Polygon>
      </Placemark>
      <Placemark>
        <name>Tlingit Aaní</name>
        <description>See: 2050-snapshot/domains/borders-geopolitics.md#tlingit-aani</description>
        <Polygon>
          <outerBoundaryIs>
            <LinearRing>
              <coordinates>
                -136.005523,58.506045,0 -135.986865,58.51839700000001,0 -136.007186,58.52342400000001,0 -136.028102,58.509211,0 -136.005523,58.506045,0
              </coordinates>
            </LinearRing>
          </outerBoundaryIs>
        </Polygon>
      </Placemark>
      <Placemark>
        <name>Tlingit Aaní</name>
        <description>See: 2050-snapshot/domains/borders-geopolitics.md#tlingit-aani</description>
        <Polygon>
          <outerBoundaryIs>
            <LinearRing>
              <coordinates>
                -136.13173,58.262803,0 -136.078253,58.260428,0 -136.037134,58.272929,0 -136.035946,58.317023,0 -136.117945,58.30403799999999,0 -136.157875,58.281177,0 -136.13173,58.262803,0
              </coordinates>
            </LinearRing>
          </outerBoundaryIs>
        </Polygon>
      </Placemark>
      <Placemark>
        <name>Tlingit Aaní</name>
        <description>See: 2050-snapshot/domains/borders-geopolitics.md#tlingit-aani</description>
        <Polygon>
          <outerBoundaryIs>
            <LinearRing>
              <coordinates>
                -136.035708,58.714611,0 -136.051632,58.727445,0 -136.05496,58.718683,0 -136.035708,58.714611,0
              </coordinates>
            </LinearRing>
          </outerBoundaryIs>
        </Polygon>
      </Placemark>
      <Placemark>
        <name>Tlingit Aaní</name>
        <description>See: 2050-snapshot/domains/borders-geopolitics.md#tlingit-aani</description>
        <Polygon>
          <outerBoundaryIs>
            <LinearRing>
              <coordinates>
                -136.060284,58.669017,0 -136.06222,58.672597,0 -136.066369,58.670682,0 -136.060284,58.669017,0
              </coordinates>
            </LinearRing>
          </outerBoundaryIs>
        </Polygon>
      </Placemark>
      <Placemark>
        <name>Tlingit Aaní</name>
        <description>See: 2050-snapshot/domains/borders-geopolitics.md#tlingit-aani</description>
        <Polygon>
          <outerBoundaryIs>
            <LinearRing>
              <coordinates>
                -136.068745,58.785386,0 -136.073737,58.794007,0 -136.071835,58.782922,0 -136.068745,58.785386,0
              </coordinates>
            </LinearRing>
          </outerBoundaryIs>
        </Polygon>
      </Placemark>
      <Placemark>
        <name>Tlingit Aaní</name>
        <description>See: 2050-snapshot/domains/borders-geopolitics.md#tlingit-aani</description>
        <Polygon>
          <outerBoundaryIs>
            <LinearRing>
              <coordinates>
                -136.10393,58.560639,0 -136.087683,58.569968,0 -136.107915,58.60255800000001,0 -136.15248,58.59938200000001,0 -136.10393,58.560639,0
              </coordinates>
            </LinearRing>
          </outerBoundaryIs>
        </Polygon>
      </Placemark>
      <Placemark>
        <name>Tlingit Aaní</name>
        <description>See: 2050-snapshot/domains/borders-geopolitics.md#tlingit-aani</description>
        <Polygon>
          <outerBoundaryIs>
            <LinearRing>
              <coordinates>
                -136.176295,58.62631,0 -136.178672,58.62878500000001,0 -136.182713,58.626186,0 -136.176295,58.62631,0
              </coordinates>
            </LinearRing>
          </outerBoundaryIs>
        </Polygon>
      </Placemark>
      <Placemark>
        <name>Tlingit Aaní</name>
        <description>See: 2050-snapshot/domains/borders-geopolitics.md#tlingit-aani</description>
        <Polygon>
          <outerBoundaryIs>
            <LinearRing>
              <coordinates>
                -136.233101,58.643258,0 -136.202678,58.636332,0 -136.221455,58.675524,0 -136.247124,58.66440100000001,0 -136.233101,58.643258,0
              </coordinates>
            </LinearRing>
          </outerBoundaryIs>
        </Polygon>
      </Placemark>
      <Placemark>
        <name>Tlingit Aaní</name>
        <description>See: 2050-snapshot/domains/borders-geopolitics.md#tlingit-aani</description>
        <Polygon>
          <outerBoundaryIs>
            <LinearRing>
              <coordinates>
                -136.263879,57.704085,0 -136.263954,57.689187,0 -136.230442,57.703667,0 -136.252546,57.72816799999999,0 -136.291763,57.715856,0 -136.263879,57.704085,0
              </coordinates>
            </LinearRing>
          </outerBoundaryIs>
        </Polygon>
      </Placemark>
      <Placemark>
        <name>Tlingit Aaní</name>
        <description>See: 2050-snapshot/domains/borders-geopolitics.md#tlingit-aani</description>
        <Polygon>
          <outerBoundaryIs>
            <LinearRing>
              <coordinates>
                -136.237742,58.198042,0 -136.240603,58.202531,0 -136.242489,58.197762,0 -136.237742,58.198042,0
              </coordinates>
            </LinearRing>
          </outerBoundaryIs>
        </Polygon>
      </Placemark>
      <Placemark>
        <name>Tlingit Aaní</name>
        <description>See: 2050-snapshot/domains/borders-geopolitics.md#tlingit-aani</description>
        <Polygon>
          <outerBoundaryIs>
            <LinearRing>
              <coordinates>
                -136.361804,58.22828,0 -136.31189,58.229657,0 -136.279971,58.26612000000001,0 -136.343246,58.270777,0 -136.324256,58.256641,0 -136.406726,58.267679,0 -136.361804,58.22828,0
              </coordinates>
            </LinearRing>
          </outerBoundaryIs>
        </Polygon>
      </Placemark>
      <Placemark>
        <name>Tlingit Aaní</name>
        <description>See: 2050-snapshot/domains/borders-geopolitics.md#tlingit-aani</description>
        <Polygon>
          <outerBoundaryIs>
            <LinearRing>
              <coordinates>
                -136.369173,58.199703,0 -136.384859,58.20847,0 -136.399358,58.19225,0 -136.369173,58.199703,0
              </coordinates>
            </LinearRing>
          </outerBoundaryIs>
        </Polygon>
      </Placemark>
      <Placemark>
        <name>Tlingit Aaní</name>
        <description>See: 2050-snapshot/domains/borders-geopolitics.md#tlingit-aani</description>
        <Polygon>
          <outerBoundaryIs>
            <LinearRing>
              <coordinates>
                -136.379167,57.802083,0 -136.381352,57.80397000000001,0 -136.384193,57.79832,0 -136.379167,57.802083,0
              </coordinates>
            </LinearRing>
          </outerBoundaryIs>
        </Polygon>
      </Placemark>
      <Placemark>
        <name>Tlingit Aaní</name>
        <description>See: 2050-snapshot/domains/borders-geopolitics.md#tlingit-aani</description>
        <Polygon>
          <outerBoundaryIs>
            <LinearRing>
              <coordinates>
                -136.396149,58.156216,0 -136.382839,58.157783,0 -136.401735,58.176776,0 -136.413024,58.175961,0 -136.396149,58.156216,0
              </coordinates>
            </LinearRing>
          </outerBoundaryIs>
        </Polygon>
      </Placemark>
      <Placemark>
        <name>Tlingit Aaní</name>
        <description>See: 2050-snapshot/domains/borders-geopolitics.md#tlingit-aani</description>
        <Polygon>
          <outerBoundaryIs>
            <LinearRing>
              <coordinates>
                -136.459035,58.763508,0 -136.437692,58.760771,0 -136.456696,58.77898700000001,0 -136.481923,58.773296,0 -136.459035,58.763508,0
              </coordinates>
            </LinearRing>
          </outerBoundaryIs>
        </Polygon>
      </Placemark>
      <Placemark>
        <name>Tlingit Aaní</name>
        <description>See: 2050-snapshot/domains/borders-geopolitics.md#tlingit-aani</description>
        <Polygon>
          <outerBoundaryIs>
            <LinearRing>
              <coordinates>
                -136.480427,58.75998,0 -136.47314,58.759406,0 -136.487613,58.771345,0 -136.514201,58.772376,0 -136.480427,58.75998,0
              </coordinates>
            </LinearRing>
          </outerBoundaryIs>
        </Polygon>
      </Placemark>
      <Placemark>
        <name>Tlingit Aaní</name>
        <description>See: 2050-snapshot/domains/borders-geopolitics.md#tlingit-aani</description>
        <Polygon>
          <outerBoundaryIs>
            <LinearRing>
              <coordinates>
                -136.566207,58.880285,0 -136.551948,58.87942699999999,0 -136.562404,58.896988,0 -136.577855,58.890972,0 -136.566207,58.880285,0
              </coordinates>
            </LinearRing>
          </outerBoundaryIs>
        </Polygon>
      </Placemark>
      <Placemark>
        <name>Tlingit Aaní</name>
        <description>See: 2050-snapshot/domains/borders-geopolitics.md#tlingit-aani</description>
        <Polygon>
          <outerBoundaryIs>
            <LinearRing>
              <coordinates>
                -136.775925,58.27791300000001,0 -136.779705,58.27907199999999,0 -136.781346,58.273377,0 -136.775925,58.27791300000001,0
              </coordinates>
            </LinearRing>
          </outerBoundaryIs>
        </Polygon>
      </Placemark>
      <Placemark>
        <name>Tlingit Aaní</name>
        <description>See: 2050-snapshot/domains/borders-geopolitics.md#tlingit-aani</description>
        <Polygon>
          <outerBoundaryIs>
            <LinearRing>
              <coordinates>
                -136.786538,58.907178,0 -136.813129,58.927762,0 -136.810306,58.941774,0 -136.848576,58.94888600000001,0 -136.864259,58.935765,0 -136.786538,58.907178,0
              </coordinates>
            </LinearRing>
          </outerBoundaryIs>
        </Polygon>
      </Placemark>
      <Placemark>
        <name>Tlingit Aaní</name>
        <description>See: 2050-snapshot/domains/borders-geopolitics.md#tlingit-aani</description>
        <Polygon>
          <outerBoundaryIs>
            <LinearRing>
              <coordinates>
                -139.500603,59.702474,0 -139.509516,59.704033,0 -139.502742,59.698277,0 -139.500603,59.702474,0
              </coordinates>
            </LinearRing>
          </outerBoundaryIs>
        </Polygon>
      </Placemark>
      <Placemark>
        <name>Tlingit Aaní</name>
        <description>See: 2050-snapshot/domains/borders-geopolitics.md#tlingit-aani</description>
        <Polygon>
          <outerBoundaryIs>
            <LinearRing>
              <coordinates>
                -139.557762,59.704392,0 -139.516765,59.71781799999999,0 -139.564063,59.739026,0 -139.598408,59.717938,0 -139.557762,59.704392,0
              </coordinates>
            </LinearRing>
          </outerBoundaryIs>
        </Polygon>
      </Placemark>
      <Placemark>
        <name>Tlingit Aaní</name>
        <description>See: 2050-snapshot/domains/borders-geopolitics.md#tlingit-aani</description>
        <Polygon>
          <outerBoundaryIs>
            <LinearRing>
              <coordinates>
                -139.530432,59.96100800000001,0 -139.531264,59.974391,0 -139.539936,59.964933,0 -139.530432,59.96100800000001,0
              </coordinates>
            </LinearRing>
          </outerBoundaryIs>
        </Polygon>
      </Placemark>
      <Placemark>
        <name>Tlingit Aaní</name>
        <description>See: 2050-snapshot/domains/borders-geopolitics.md#tlingit-aani</description>
        <Polygon>
          <outerBoundaryIs>
            <LinearRing>
              <coordinates>
                -139.658898,59.617532,0 -139.64024,59.626066,0 -139.661274,59.632675,0 -139.676011,59.62546500000001,0 -139.658898,59.617532,0
              </coordinates>
            </LinearRing>
          </outerBoundaryIs>
        </Polygon>
      </Placemark>
      <Placemark>
        <name>Tlingit Aaní</name>
        <description>See: 2050-snapshot/domains/borders-geopolitics.md#tlingit-aani</description>
        <Polygon>
          <outerBoundaryIs>
            <LinearRing>
              <coordinates>
                -139.64024,59.673264,0 -139.651173,59.672904,0 -139.644518,59.664322,0 -139.64024,59.673264,0
              </coordinates>
            </LinearRing>
          </outerBoundaryIs>
        </Polygon>
      </Placemark>
      <Placemark>
        <name>Tlingit Aaní</name>
        <description>See: 2050-snapshot/domains/borders-geopolitics.md#tlingit-aani</description>
        <Polygon>
          <outerBoundaryIs>
            <LinearRing>
              <coordinates>
                -139.652837,59.635679,0 -139.657234,59.64594999999999,0 -139.660678,59.635917,0 -139.652837,59.635679,0
              </coordinates>
            </LinearRing>
          </outerBoundaryIs>
        </Polygon>
      </Placemark>
      <Placemark>
        <name>Tlingit Aaní</name>
        <description>See: 2050-snapshot/domains/borders-geopolitics.md#tlingit-aani</description>
        <Polygon>
          <outerBoundaryIs>
            <LinearRing>
              <coordinates>
                -139.658898,59.591436,0 -139.655688,59.598772,0 -139.660918,59.591616,0 -139.658898,59.591436,0
              </coordinates>
            </LinearRing>
          </outerBoundaryIs>
        </Polygon>
      </Placemark>
      <Placemark>
        <name>Tlingit Aaní</name>
        <description>See: 2050-snapshot/domains/borders-geopolitics.md#tlingit-aani</description>
        <Polygon>
          <outerBoundaryIs>
            <LinearRing>
              <coordinates>
                -139.782969,59.55677,0 -139.765378,59.55809500000001,0 -139.782348,59.576059,0 -139.76419,59.57398700000001,0 -139.76731,59.593224,0 -139.718555,59.576033,0 -139.732103,59.610379,0 -139.747958,59.615824,0 -139.713564,59.635679,0 -139.728538,59.63886300000001,0 -139.806734,59.58487899999999,0 -139.782969,59.55677,0
              </coordinates>
            </LinearRing>
          </outerBoundaryIs>
        </Polygon>
      </Placemark>
    </Folder>
  </Document>
</kml>